sample_idx,sigma_y_tomo,procedure,scale,alpha_norm,sigma_used,reg_param,alpha_init,reg_fct_type,sampling_param,best_anis_param,best_anis_idx,ula_samples,time_ula,psnr_map,ssim_map,mse_map,psnr_mean,ssim_mean,mse_mean,post_std_mean
0,0.5,True,375.16557872851513,461.023837598767,0.294635518024964,0.1,0.01,anisotropic,0.0125,0.0215443469003188,7,100000,98.49468994140624,30.363899783583257,0.9325558986501564,126.60214966843743,29.95886681589005,0.9313990283769248,138.97746211513797,11.312230039316232
1,0.5,True,950.7635921035062,925.1535176586434,0.3652445637371448,0.1,0.01,anisotropic,0.0125,0.0464158883361277,8,100000,99.215558052063,31.576326553108245,0.9311342063297,628.0341981649616,32.35225862504912,0.967743361136308,525.2790569689439,24.68246263056712
2,0.5,True,732.2619478695937,506.31037793845695,0.6451348598705219,0.1,0.01,anisotropic,0.0125,0.0021544346900318,4,100000,99.18783950805664,33.37956302705925,0.922430257834652,229.54877577409576,32.93007760042106,0.9255866726332144,254.579555343954,15.903297106549129
3,0.5,True,599.0598257128396,753.1980055430772,0.3152627554625576,0.1,0.01,anisotropic,0.0125,0.0215443469003188,7,100000,99.126389503479,33.34776189029684,0.937083178488261,153.2961816110327,33.88422975551325,0.9567216555979736,135.48292080886256,19.220882846510182
4,0.5,True,156.8626218019941,138.97787100501793,0.4474355813854935,0.1,0.01,anisotropic,0.0125,0.0021544346900318,4,100000,99.433776140213,31.847434167465277,0.9259470373993346,15.84707091022544,33.33055971172969,0.9714864678703148,11.262542603507548,3.974880923018286
5,0.5,True,156.83852581586643,128.66492585817406,0.6012431680484465,0.1,0.01,anisotropic,0.0125,0.0046415888336127,5,100000,99.37682390213013,34.8684161830763,0.9463708683615748,7.41532595983185,34.02731390554986,0.956884068780988,8.999957820679475,4.070777682085563
6,0.5,True,59.02552855603126,54.06572592516434,0.4078204919332625,0.1,0.01,anisotropic,0.0125,0.0021544346900318,4,100000,99.26647090911864,31.597273717811383,0.9039973728565605,1.9739862698881236,32.340439379840234,0.9424825303745428,1.663518217973735,1.653921270878501
7,0.5,True,866.3099696291603,984.9114106296632,0.3205351815226256,0.1,0.01,anisotropic,0.0125,0.0464158883361277,8,100000,99.7769091129303,35.92561465711115,0.9624596777235872,189.8442421471009,37.36637998680944,0.9823028778459924,136.24510151572062,20.30248710316644
8,0.5,True,601.5138967314656,614.246438040495,0.3344871598444925,0.1,0.01,anisotropic,0.0125,0.1,9,100000,97.818354845047,31.45476524330692,0.9421939452170388,256.6316976508717,31.734386371593477,0.9632369659130616,240.62912068284737,14.397166395941028
9,0.5,True,708.3645052182494,1257.568620444735,0.2192501284148304,0.1,0.01,anisotropic,0.0125,0.0215443469003188,7,100000,99.10075306892396,27.401366753576788,0.8779713596039893,900.0811940704507,27.28397758647754,0.896006787302599,924.7420460750308,36.249880587886814
10,0.5,True,21.563909801506643,28.960278704047568,0.2892509531085205,0.1,0.01,anisotropic,0.0125,0.0046415888336127,5,100000,98.2295331954956,34.37685221673344,0.9509913150166708,0.1677423909542408,31.89542487757034,0.9258499693006138,0.2970199105472422,0.8451979508638773
11,0.5,True,969.9399423098324,1089.5374659162258,0.3810067438747217,0.1,0.01,anisotropic,0.0125,0.2154434690031882,10,100000,98.14919519424438,36.785651575301785,0.9806012195296512,196.9202028973079,36.94572674622958,0.9858138150892692,189.79412176371207,25.68972433236797
12,0.5,True,832.6101981596213,800.2408924227885,0.3963535378938522,0.1,0.01,anisotropic,0.0125,0.01,6,100000,98.70459723472597,34.586510423954806,0.9783670402432406,239.47840549650837,35.24880220108662,0.984644437452758,205.60666091870328,20.484369384178585
13,0.5,True,213.12677156759787,217.69802810889635,0.3567672057538093,0.1,0.01,anisotropic,0.0125,0.0215443469003188,7,100000,98.24247765541077,30.261521560338224,0.9450731062525676,42.64045060799773,31.23857972286293,0.9631415495821868,34.04991007183011,5.93830630633763
14,0.5,True,182.6431422398935,185.6038077640748,0.290650572611965,0.1,0.01,anisotropic,0.0125,0.4641588833612777,11,100000,98.12170314788818,32.5658827242145,0.9829541460569532,18.452634424602103,32.704486438811315,0.9850297629894488,17.873022674060532,3.820667001844285
15,0.5,True,184.2211053435804,201.32157765247143,0.3401610262437462,0.1,0.01,anisotropic,0.0125,0.1,9,100000,98.13422966003418,34.58997352182635,0.9643697912518842,11.775364437673652,33.486464904351955,0.974214629568245,15.181868269523942,4.32013565391035
16,0.5,True,304.9380007165782,262.0127551662492,0.4408177006974905,0.1,0.01,anisotropic,0.0125,0.1,9,100000,98.47300124168396,36.2576530643998,0.9864908470645382,21.9395951745553,35.96907155767773,0.9889849696491938,23.446971765342667,5.619157343010812
17,0.5,True,525.2316752006057,540.1922218977857,0.4018734119264532,0.1,0.01,anisotropic,0.0125,0.2154434690031882,10,100000,97.85681104660034,38.93565397827858,0.9823463930348534,35.21096601035895,39.82464566776029,0.9896256206608748,28.69318583642165,12.122267589853395
18,0.5,True,432.5130736234736,444.6538321348078,0.321402349098166,0.1,0.01,anisotropic,0.0125,0.0215443469003188,7,100000,99.29040789604188,35.17341385529975,0.9644746092811332,54.85256500931376,36.478708876785134,0.9800963786013958,40.61322140059174,11.055755252014594
19,0.5,True,291.93791105784385,209.73669373921837,0.5151082751364495,0.1,0.01,anisotropic,0.0125,0.01,6,100000,101.97350358963013,33.68376511949896,0.9532690320500836,35.27646420461476,33.942250206842914,0.9742243509959814,33.23812678876083,5.551231991656129
20,0.5,True,612.2410418276571,316.65377685542506,0.8161847841228996,0.1,0.01,anisotropic,0.0125,0.0046415888336127,5,100000,99.03141593933104,33.48406382021472,0.9180086445772752,143.792568001664,34.077468067284684,0.9425702134601496,125.42843836748332,11.99820296549212
21,0.5,True,140.3543667913898,127.77409143858476,0.4965314355548373,0.1,0.01,anisotropic,0.0125,0.0464158883361277,8,100000,99.90596890449524,40.4601702929148,0.9889060611924188,1.7699577938936992,41.02546674674776,0.994644378285972,1.5539364898250048,3.074205593902697
22,0.5,True,292.85250388668294,296.46681367426294,0.3898631533289952,0.1,0.01,anisotropic,0.0125,0.0046415888336127,5,100000,100.12652921676636,32.86127408467364,0.9187218579482372,43.53426514364233,32.950690170856085,0.947816926156398,42.64711029683933,9.376014410100492
23,0.5,True,366.995481450398,341.55848268713873,0.3490341260839678,0.1,0.01,anisotropic,0.0125,0.2154434690031882,10,100000,98.2452838420868,35.08639238003721,0.9705399924294996,41.67083811815281,35.460358321938536,0.9781770731822116,38.23275917546383,7.962259177276644
24,0.5,True,456.6139142328189,489.7636840295182,0.4100468165213026,0.1,0.01,anisotropic,0.0125,0.0215443469003188,7,100000,98.62668490409852,31.295098690193008,0.958209586677464,154.098941996547,31.893864685131945,0.9724320761007422,134.25270889774015,13.340827295422017
25,0.5,True,785.3907854316205,671.515793180773,0.4930290986576499,0.1,0.01,anisotropic,0.0125,0.01,6,100000,100.739812374115,37.03231352639823,0.9411373346936106,121.56889457782066,37.74438216107488,0.961048130488704,103.1847708939075,19.564625036349995
26,0.5,True,200.47410837620137,166.08893594889852,0.5387231778648545,0.1,0.01,anisotropic,0.0125,0.01,6,100000,98.3962082862854,31.720627273288464,0.9276601739139928,22.526335126513484,32.248723503386344,0.943361329147016,19.94715295493202,4.864541506748827
27,0.5,True,514.720203975198,509.465677041657,0.3658560054117116,0.1,0.01,anisotropic,0.0125,0.1,9,100000,99.15527725219728,40.32422025591373,0.9898821326788207,24.55853013427644,39.90913179322559,0.9936981125603842,27.021609673900063,11.49489713552271
28,0.5,True,592.8221542931805,394.72613552710266,0.6047219042717806,0.1,0.01,anisotropic,0.0125,0.0004641588833612,2,100000,99.29155802726746,31.53107431360974,0.9059689961000662,215.53286900090052,31.85693711141541,0.9168902078621044,199.95268033323384,15.57202853152367
29,0.5,True,47.40396230727773,39.262750708358666,0.494425938741159,0.1,0.01,anisotropic,0.0125,0.0215443469003188,7,100000,98.3991312980652,36.183346247904666,0.9801964237892824,0.5404682070143091,36.38451328186287,0.989303083023732,0.5160044515889304,0.9815559067727914
30,0.5,True,607.9373070495369,556.4187000942776,0.4935583669960734,0.1,0.01,anisotropic,0.0125,0.0464158883361277,8,100000,98.22975611686708,28.960467403992997,0.9410550410938646,468.8229960877092,29.665031323561763,0.9730600404907832,398.6139689996514,12.912506121918588
31,0.5,True,171.35359956360423,142.03306209787644,0.4920163264090994,0.1,0.01,anisotropic,0.0125,0.0215443469003188,7,100000,98.48043966293336,29.91775548628533,0.9416003426983997,29.63900780433887,29.856872977397558,0.9535799132524436,30.05743468068147,4.069047604770972
32,0.5,True,65.98654139229424,61.14441909817315,0.4125010022744464,0.1,0.01,anisotropic,0.0125,0.2154434690031882,10,100000,97.97071266174316,37.452868973853725,0.9869506786634924,0.7819168454192372,37.57596217653208,0.9898509576732548,0.7600659012990086,1.3174854699621956
33,0.5,True,948.93665171608,853.0811357264326,0.5390271258297986,0.1,0.01,anisotropic,0.0125,0.1,9,100000,97.95122861862184,35.140787438958384,0.9858698129277594,275.4199624371409,35.43220450041071,0.9884373476345314,257.54534733663894,19.238075858848443
34,0.5,True,965.6664010414848,988.0362615571418,0.3305871350731454,0.1,0.01,anisotropic,0.0125,0.2154434690031882,10,100000,99.89442491531372,34.96314032048219,0.9763163936997898,296.9581715431301,35.67359270776434,0.9839131554555588,252.1448148867701,21.191806171419703
35,0.5,True,808.5889507683447,720.6115734799398,0.4487979690532787,0.1,0.01,anisotropic,0.0125,0.0464158883361277,8,100000,100.05108070373537,30.338427114452244,0.94362508529451,604.0015740091602,30.33678323816673,0.9546702399629816,604.2302418472904,21.54856787585084
36,0.5,True,305.3091554041973,330.1756767614658,0.3531988311303254,0.1,0.01,anisotropic,0.0125,0.0046415888336127,5,100000,99.5062861442566,33.25219926586766,0.9617772077072784,43.182993824444615,32.64022165160592,0.9629406349072318,49.717640484792994,8.64392816251649
37,0.5,True,98.5744418923775,76.68876649628048,0.5494929506220929,0.1,0.01,anisotropic,0.0125,0.01,6,100000,97.2968683242798,30.6499961456624,0.95523191381291,8.33018483853573,31.82769496671551,0.9750915700955122,6.35162363322647,2.1154873272043773
38,0.5,True,684.5487934856448,638.7054128300528,0.3724567514786019,0.1,0.01,anisotropic,0.0125,0.01,6,100000,98.50680565834044,33.042229464814106,0.9311277369413474,230.06742845657791,34.23961087954075,0.9560722430501968,174.62925321230674,16.308632871307886
39,0.5,True,440.7123412458617,364.956986674677,0.5467094333886006,0.1,0.01,anisotropic,0.0125,0.01,6,100000,99.29410672187804,31.40075771483893,0.96288522406111,139.78082605659176,30.83251498993272,0.9677223173202824,159.32057867775382,10.989240767271973
40,0.5,True,122.91619660993403,128.71645999190883,0.3705067495765399,0.1,0.01,anisotropic,0.0125,0.1,9,100000,97.2780978679657,35.52995301839781,0.9732549037603492,4.222273002832083,35.49198682916612,0.9798943652990004,4.259346085492377,2.998143051720419
41,0.5,True,495.6817332011589,471.05003464329474,0.4299671384086316,0.1,0.01,anisotropic,0.0125,0.0215443469003188,7,100000,98.17965984344482,31.920450041275004,0.9683851833025352,156.98871693471628,32.57046200005916,0.977020011850717,135.16593224924748,13.824985422042053
42,0.5,True,35.35413259410318,36.870226549507386,0.3673826860898987,0.1,0.01,anisotropic,0.0125,0.1,9,100000,98.64071655273438,34.58586653247806,0.9563059104128406,0.4317710099369681,34.67712819727771,0.9535545504605826,0.4227925373195342,1.005279809461401
43,0.5,True,909.4110816767032,809.8097538343167,0.5564731343341194,0.1,0.01,anisotropic,0.0125,0.1,9,100000,96.00522828102112,38.4755851098386,0.9637791014530332,117.23829943399768,40.121760191625214,0.979401432072386,80.25128628547965,22.339765600963133
44,0.5,True,259.5212016184169,215.84216402383396,0.4454075443928206,0.1,0.01,anisotropic,0.0125,0.0046415888336127,5,100000,97.811381816864,30.94716129629016,0.906395393696633,52.40475057245411,31.53575561658936,0.9405165983980052,45.76265640627632,7.588144992376392
45,0.5,True,662.859762069628,802.0602739787711,0.3080582693613282,0.1,0.01,anisotropic,0.0125,0.0215443469003188,7,100000,96.660240650177,33.53121353173122,0.9567036981952194,189.558668619834,33.810445664856694,0.9683614578090908,177.75443138768654,18.37698316801203
46,0.5,True,312.3993650133215,178.45573570255962,0.6667002233532877,0.1,0.01,anisotropic,0.0125,0.0046415888336127,5,100000,95.91524386405943,31.76201650796461,0.9447595328916454,63.069227254369096,31.118102485021243,0.9499377267603432,73.14908738513493,5.845068985952527
47,0.5,True,520.547953156633,446.6572487418904,0.5295280833264976,0.1,0.01,anisotropic,0.0125,0.01,6,100000,88.52713060379028,32.49829211736875,0.9457101334439106,150.2767746310879,33.041205989754644,0.9669441622535904,132.61739048910846,12.702484080796127
48,0.5,True,547.1635690639364,539.8625646375623,0.3356687182273112,0.1,0.01,anisotropic,0.0125,0.0215443469003188,7,100000,88.4306046962738,31.80689234301807,0.9572840681013772,196.55584167349275,31.69051899456287,0.9604853929650712,201.8939432726725,15.142170484059024
49,0.5,True,185.6696010700015,270.8009241209833,0.3157981282653474,0.1,0.01,anisotropic,0.0125,0.2154434690031882,10,100000,87.33067512512207,30.03194264329318,0.9559268392889114,34.10038683269244,30.266562670567986,0.958270418021166,32.30704993197446,6.080630890472391
50,0.5,True,969.615043136794,892.1391534315659,0.4064484358141333,0.1,0.01,anisotropic,0.0125,0.0215443469003188,7,100000,103.3591091632843,32.109479314858774,0.9205017873674984,516.7575846978334,32.98181045149059,0.9616754258216944,422.7209247757728,29.04897835439056
51,0.5,True,775.3576905377535,752.2054024057542,0.363655752085867,0.1,0.01,anisotropic,0.0125,0.1,9,100000,102.91897296905518,33.520484170905334,0.9675496404102668,265.8118304938631,34.169165613126395,0.9788509993082264,228.93182055686577,17.0466992886418
52,0.5,True,939.5594426226248,724.7822502897229,0.4893725564249741,0.1,0.01,anisotropic,0.0125,0.01,6,100000,104.18515753746031,34.61239685221992,0.9575576306201776,238.36045035157545,35.27696362174429,0.9733325607565732,204.53965559464248,20.54052843331535
53,0.5,True,894.9325230772212,1000.8705395841864,0.4412679451085263,0.1,0.01,anisotropic,0.0125,0.1,9,100000,101.67246389389038,36.04401697242152,0.9766221676951528,198.92278418596229,36.34199297844421,0.9866502690707644,185.73208262195263,25.240333291107696
54,0.5,True,598.3020788322741,622.7667924120024,0.4413084463983169,0.1,0.01,anisotropic,0.0125,0.0215443469003188,7,100000,103.38549256324768,32.40671447788139,0.9727692231777424,205.47832141797315,33.38332031696105,0.9831848605258272,164.09880760658046,17.351670525779554
55,0.5,True,921.9523607880938,811.2530725328793,0.3854965093367204,0.1,0.01,anisotropic,0.0125,0.0215443469003188,7,100000,101.7741711139679,35.333931748812546,0.9518080796697892,246.74617050850975,36.18737876406834,0.9773093575350712,202.7242580565149,23.07370462232204
56,0.5,True,89.40400954986758,79.99848683442082,0.4356481744851845,0.1,0.01,anisotropic,0.0125,0.0464158883361277,8,100000,104.11982870101927,32.27564545866882,0.943228445939177,4.701839112360763,32.69141969843921,0.9749117416349404,4.272581349251324,1.888868742258569
57,0.5,True,196.7868795567261,162.7250771306137,0.5756543877369967,0.1,0.01,anisotropic,0.0125,0.0046415888336127,5,100000,104.6536295413971,32.53634923802489,0.918563814729635,16.189974159470093,32.85940592739323,0.9482271560608236,15.029359978069705,5.155666978952442
58,0.5,True,46.182061621627525,53.855227138270855,0.3055407651321155,0.1,0.01,anisotropic,0.0125,0.2154434690031882,10,100000,102.74011063575745,36.9058731038746,0.9759249036536192,0.4347434138798581,36.98690251042651,0.9837991182254426,0.42670729806233,1.3886538299061233
59,0.5,True,326.00500043250105,382.6869458269141,0.394829581144613,0.1,0.01,anisotropic,0.0125,0.0464158883361277,8,100000,103.509783744812,37.22335124321713,0.9708451098433352,20.13351179829855,37.32247644076459,0.9847429332006276,19.679180709958462,9.8964970018144
60,0.5,True,389.2886123997925,510.1486398002848,0.2869999861204418,0.1,0.01,anisotropic,0.0125,0.0464158883361277,8,100000,101.9181432723999,32.873440064174865,0.9463660048878794,74.0099323330196,32.59804843153844,0.95959151343797,78.85498807544752,12.87869700301218
61,0.5,True,272.077682742122,187.83482920156035,0.5878981597373699,0.1,0.01,anisotropic,0.0125,0.01,6,100000,102.33347058296204,30.24671727550093,0.9261930845672182,64.21031814090426,30.286277355016267,0.9413093171902138,63.62807931328307,5.788843348218875
62,0.5,True,828.9087716427774,815.8889436775336,0.4296128190222521,0.1,0.01,anisotropic,0.0125,0.1,9,100000,103.79735827445984,33.98730251880884,0.9732418348132872,273.9309855163625,34.30312695898415,0.9800945328832296,254.71746033529303,18.874197456626565
63,0.5,True,357.39657336689567,327.6051523767077,0.4408218554572863,0.1,0.01,anisotropic,0.0125,0.0464158883361277,8,100000,103.8718945980072,26.75469288199956,0.8963752226085474,267.5429609912292,27.03620340958267,0.9129609699559612,250.7508861525463,8.819225930876197
64,0.5,True,281.65357517769337,235.5420165269567,0.5327235798742068,0.1,0.01,anisotropic,0.0125,0.0464158883361277,8,100000,101.92286205291748,28.55763609417799,0.9231494337187724,110.49746994965282,29.05120906330226,0.9604040675539572,98.62682152642104,7.099605168553847
65,0.5,True,543.1533870750902,488.1843988542605,0.4517999271322959,0.1,0.01,anisotropic,0.0125,0.0215443469003188,7,100000,103.27696347236632,34.66868190971805,0.9734939927876975,98.66568956695168,34.77080524631195,0.9805700817314796,96.37265459227852,12.6449515361367
66,0.5,True,141.78330074978788,139.27156120759923,0.3933307398006148,0.1,0.01,anisotropic,0.0125,0.2154434690031882,10,100000,104.05989003181458,34.969798119349456,0.9809068303672428,6.396863152248684,34.78344685848018,0.9838441353757452,6.677319945524126,3.0555104339441463
67,0.5,True,802.3947837732857,574.5340268005896,0.6330033896073017,0.1,0.01,anisotropic,0.0125,0.0021544346900318,4,100000,104.97014212608336,32.85190408146645,0.9492175876325812,301.927617357222,31.694134243443106,0.9540924851514424,394.1666021571957,19.198797313628567
68,0.5,True,75.47609303609106,66.99453308844055,0.4101203151201259,0.1,0.01,anisotropic,0.0125,0.0021544346900318,4,100000,102.65401458740234,33.25138645397844,0.9375513857801396,2.3057402617956946,33.07201916764748,0.9556377573016768,2.4029631548307324,2.1848862987758646
69,0.5,True,986.9000496639168,891.7413160789974,0.4318359340962949,0.1,0.01,anisotropic,0.0125,0.01,6,100000,103.21726989746094,32.59814896725536,0.9492088143251372,531.9423254426555,32.522410923769705,0.9643888513308831,541.3004048005404,26.047173114622545
70,0.5,True,772.4725245273607,800.6602822792133,0.3670949952026585,0.1,0.01,anisotropic,0.0125,0.1,9,100000,103.26716661453248,35.49652716640408,0.9826805282614598,168.1187261560721,35.69513748646424,0.9889692915822116,160.6035196477636,17.941219914630572
71,0.5,True,199.51696585263824,135.2419819396158,0.565700672062517,0.1,0.01,anisotropic,0.0125,0.0004641588833612,2,100000,101.60566639900208,28.410946296172032,0.8857390735130267,55.18827773467832,28.081718601020444,0.895103458860098,59.53462339796416,6.032520806852521
72,0.5,True,6.516595006478797,6.706837000457678,0.3645891242693064,0.1,0.01,anisotropic,0.0125,0.1,9,100000,99.801602602005,39.87831730539475,0.990516172270588,0.0043648860410843,39.45941797525612,0.9888555919561728,0.0048068751538178,0.1446205536454737
73,0.5,True,815.6459670263794,487.4276582633583,0.6551633902363749,0.1,0.01,anisotropic,0.0125,0.0046415888336127,5,100000,100.57607936859132,27.74337710161345,0.9142532501331292,1099.768763575143,28.003901069398943,0.9336691833606082,1035.7357899595856,16.163887067083657
74,0.5,True,707.1504865037695,474.1599241052628,0.5974423015493148,0.1,0.01,anisotropic,0.0125,0.0004641588833612,2,100000,99.82936120033264,31.04424133292093,0.8879352599746042,383.3260973253907,30.812067931870917,0.9051150826794396,404.37633117967937,21.627608200264834
75,0.5,True,729.2781608729463,911.5348996540224,0.3817887485174973,0.1,0.01,anisotropic,0.0125,0.1,9,100000,100.861314535141,35.29289865304606,0.9800815531140016,156.89352435418274,34.985384055005206,0.9835502583813628,168.40558045955908,26.929756821322552
76,0.5,True,771.4990763392598,604.9617473252854,0.5797180901193139,0.1,0.01,anisotropic,0.0125,0.0464158883361277,8,100000,99.03049087524414,30.58188004262029,0.968184965222996,519.1886058314437,30.462584448643582,0.97335413828836,533.6477863171566,13.777527510348255
77,0.5,True,74.97060708235627,90.42399859699914,0.2906086156889345,0.1,0.01,anisotropic,0.0125,0.1,9,100000,99.84722805023192,34.6549761343314,0.9607811552390612,1.9222340433235328,35.2367747421256,0.979195516319691,1.68122718448826,1.8932481171739677
78,0.5,True,359.10726281572835,433.84185765934114,0.2768552534977147,0.1,0.01,anisotropic,0.0125,0.0215443469003188,7,100000,99.994220495224,33.26043324308404,0.948678229027751,60.72217870826189,33.2770614461789,0.9648384807350866,60.49013103947741,11.622423304645524
79,0.5,True,116.7531904656046,126.2087911187147,0.3213689880894165,0.1,0.01,anisotropic,0.0125,0.0464158883361277,8,100000,99.8137183189392,30.73525938810232,0.9232017117631612,10.701547664473754,30.95126776424901,0.939180876349953,10.182296813495444,3.315302566453385
80,0.5,True,863.240322449718,933.243053739564,0.4684984988087078,0.1,0.01,anisotropic,0.0125,0.01,6,100000,100.13367176055908,30.052473075425237,0.934365555423638,701.7148098067552,29.567231430832823,0.9170130937809958,784.6659496602208,28.09489004353262
81,0.5,True,623.6748287007304,572.8215126788577,0.5810249168699959,0.1,0.01,anisotropic,0.0125,0.0046415888336127,5,100000,97.67439293861388,32.79439772698647,0.94883386330819,202.87341990878957,33.94676094539764,0.9675633479788276,155.5925607428129,17.274803016654324
82,0.5,True,331.5671268277965,308.5647216232893,0.4374938931733158,0.1,0.01,anisotropic,0.0125,0.2154434690031882,10,100000,94.86030673980711,36.36403661315703,0.991694259764715,25.34476550883583,36.69422129361725,0.9931292901572863,23.48928565471102,6.4261429577117335
83,0.5,True,64.49479193573761,68.72517926306841,0.3791004002485016,0.1,0.01,anisotropic,0.0125,0.1,9,100000,93.07441973686218,35.1980143085263,0.9567975825488162,1.2442671513180494,35.16056937366112,0.9748302312235504,1.255041623296855,1.714794970868005
84,0.5,True,311.67133939394654,317.5590071465072,0.3821531130859592,0.1,0.01,anisotropic,0.0125,0.1,9,100000,93.23692035675047,32.714975002809446,0.961977436723983,51.88818045180148,32.95815555661667,0.978180562199108,49.062580458810345,6.666960253706233
85,0.5,True,325.8581387047203,248.43131641047572,0.504381097333159,0.1,0.01,anisotropic,0.0125,0.01,6,100000,92.4359006881714,27.61877566972561,0.8974662126597276,182.523606981544,27.783260746388244,0.921097273026862,175.7399647392879,7.808072770668262
86,0.5,True,729.876572159726,548.4564289305669,0.504798210653433,0.1,0.01,anisotropic,0.0125,0.0046415888336127,5,100000,91.32863473892212,32.73299191307067,0.936276016360196,271.14120646678214,33.10751671993675,0.9529010310783064,248.73851858343755,18.541898786214272
87,0.5,True,637.9199138838579,598.099572834548,0.436865842611467,0.1,0.01,anisotropic,0.0125,0.0215443469003188,7,100000,91.55590057373048,32.96391312962627,0.9406689497470012,197.192293807004,33.87812521967649,0.95733521170571,159.7602494176921,17.677870472587372
88,0.5,True,887.3255298337502,889.8504234117311,0.3671064099441011,0.1,0.01,anisotropic,0.0125,0.2154434690031882,10,100000,90.70930123329164,35.270602354516384,0.985741435138792,233.7101469102749,35.577792616649035,0.987524785105423,217.75018978420877,17.53500273306753
89,0.5,True,472.7427102367873,362.3968518242758,0.5206567793510177,0.1,0.01,anisotropic,0.0125,0.01,6,100000,91.27372074127196,33.32912866945524,0.96472588682013,102.79995696739104,33.14217224686941,0.9773156663796412,107.32195496182038,9.52139714164077
90,0.5,True,120.4746516923634,134.3569827662226,0.3158651724721351,0.1,0.01,anisotropic,0.0125,0.0215443469003188,7,100000,90.31214880943298,33.68744997945938,0.9451259824432962,6.109978176163583,34.6628202187876,0.967048734601455,4.880930627458615,3.3922179038707987
91,0.5,True,713.531542435772,570.5405521092557,0.5107487978823999,0.1,0.01,anisotropic,0.0125,0.0215443469003188,7,100000,90.90064334869383,37.73883541955732,0.9771282754639916,85.5734594430305,38.35958848941244,0.9840534671266576,74.1760636141417,14.359783153631518
92,0.5,True,761.0242635682805,785.9630827812256,0.3422057531878641,0.1,0.01,anisotropic,0.0125,0.2154434690031882,10,100000,90.82529520988464,35.8245605386014,0.9848059234799608,151.3811044480768,35.57009473787913,0.9876165073256232,160.5159707197319,16.045008665309872
93,0.5,True,561.7159203719267,535.4191814453065,0.4799662990063154,0.1,0.01,anisotropic,0.0125,0.1,9,100000,91.27073788642883,37.04844924687833,0.9813564798411945,62.222558300533976,37.06579266477112,0.9855574916190474,61.974569905253375,13.608017784190707
94,0.5,True,771.1962127746065,478.2215862583304,0.6686237229485891,0.1,0.01,anisotropic,0.0125,0.0021544346900318,4,100000,90.20221877098083,30.45368043415978,0.8746648357332105,520.523148810839,31.47483699603692,0.9206150510177432,411.45694018955726,18.62947999957687
95,0.5,True,494.3018007680264,528.5224789840922,0.4104905160014671,0.1,0.01,anisotropic,0.0125,0.2154434690031882,10,100000,89.65761256217957,31.364007002690464,0.9754861605817888,178.11131713035758,31.424726522914177,0.9794708977463776,175.63843682088478,10.181466903668474
96,0.5,True,523.2100965526121,666.8832129878377,0.3025720946758727,0.1,0.01,anisotropic,0.0125,0.1,9,100000,90.57266926765442,34.10426656691884,0.9508008137697552,106.30420608968012,35.01176175214697,0.963712786570477,86.25830698335753,14.866431605283918
97,0.5,True,428.1134773401911,398.6185115668122,0.4039001484602639,0.1,0.01,anisotropic,0.0125,0.1,9,100000,90.63988161087036,41.18120796481952,0.9939836746224444,13.946656981518863,41.62822402965753,0.9949963761651536,12.582545602279817,8.45237283226558
98,0.5,True,26.39370761735109,21.03424018886393,0.4830597229738594,0.1,0.01,anisotropic,0.0125,0.0046415888336127,5,100000,91.04374313354492,29.77601303806738,0.9050613924490338,0.723750117167026,30.521129759028085,0.9384247653515262,0.6096449419666367,0.7398137478738549
99,0.5,True,108.78353556631114,109.05120148479472,0.4847494841895273,0.1,0.01,anisotropic,0.0125,0.1,9,100000,110.55395078659058,36.85915752567203,0.9741085702857138,2.437619806811428,37.46640155832765,0.9853213301898548,2.119539755078846,3.272157793068436
100,0.5,True,32.39775650104752,36.31858537864353,0.3126531288301737,0.1,0.01,anisotropic,0.0125,0.2154434690031882,10,100000,96.51716709136964,35.684764555019285,0.9684792699401776,0.2833334625272616,36.34889471834827,0.9804238903993452,0.2431559228550323,0.7587570783076655
101,0.5,True,636.7740008525166,373.2956937209413,0.670237910723237,0.1,0.01,anisotropic,0.0125,0.0046415888336127,5,100000,97.80033302307127,32.54082711030095,0.927883498753528,102.18856286222471,32.77145677206931,0.9442639317902168,96.90346919062593,10.184490190316088
102,0.5,True,315.0416250952504,175.71159085115332,0.7391890433700984,0.1,0.01,anisotropic,0.0125,0.0021544346900318,4,100000,97.25259041786194,30.62244297499198,0.9265076432571048,72.81122197722912,30.38178741899914,0.935094278971228,76.95979025211601,6.340415955761187
103,0.5,True,509.0621204735381,483.2243173447475,0.4040318620144894,0.1,0.01,anisotropic,0.0125,0.0464158883361277,8,100000,96.74927997589111,34.42745533668254,0.97699713413196,93.47896925779052,33.46509326483571,0.9732689251113958,116.667561914665,12.893142798732883
104,0.5,True,907.6589074521668,1189.7075614393775,0.3609498825645439,0.1,0.01,anisotropic,0.0125,0.0046415888336127,5,100000,96.9329342842102,29.271217796291708,0.8937453461258307,926.2796614432292,29.413699881247,0.9127558359049122,896.3836362218785,36.66152298478639
105,0.5,True,250.0429369197261,312.2490129173117,0.3342380121682772,0.1,0.01,anisotropic,0.0125,0.0464158883361277,8,100000,98.16716861724854,27.65145799532643,0.9572117188681862,106.98028968499251,27.44530708546361,0.9526085195918048,112.18088466141778,7.213432115224735
106,0.5,True,410.9725401125941,554.2035238707442,0.3077146126156792,0.1,0.01,anisotropic,0.0125,0.2154434690031882,10,100000,96.58807349205016,32.45712884597221,0.9679041993808866,95.75439360834592,32.23384249617055,0.9671334542173794,100.80622355105795,10.47335573735752
107,0.5,True,755.7955874045056,758.2874758787123,0.3829251329069246,0.1,0.01,anisotropic,0.0125,0.01,6,100000,97.80090022087096,36.0254246571157,0.961604797010371,142.64015109549214,38.28595096607481,0.9842645906984504,84.75965089968692,18.07400064665706
108,0.5,True,229.56936732613084,278.61168059451,0.2953554040533027,0.1,0.01,anisotropic,0.0125,0.2154434690031882,10,100000,96.66667461395264,34.530829747264804,0.972649465482101,18.54814909678677,34.12426127256866,0.979192179273214,20.368423944428923,6.888009912643902
109,0.5,True,77.9029299189642,65.55521484943053,0.5041740276191297,0.1,0.01,anisotropic,0.0125,0.0215443469003188,7,100000,96.4913387298584,30.89912986264045,0.9584164214309416,4.928879394822226,30.72622791510223,0.9676754239304548,5.1290671658425415,1.7476774102240529
110,0.5,True,290.4617014608543,341.2818493294316,0.3671180911272658,0.1,0.01,anisotropic,0.0125,0.1,9,100000,96.17241978645325,36.20855872225486,0.9755861114703857,20.16861564105416,36.10349457546913,0.9814223845016165,20.662482761895625,8.78067529457074
111,0.5,True,162.0600659667504,120.85657005886593,0.4851074859954182,0.1,0.01,anisotropic,0.0125,0.001,3,100000,97.99103879928587,33.06516987790256,0.9279695820881722,10.212836467939114,33.3366627505307,0.9497383375184016,9.59394204381667,3.643809521407889
112,0.5,True,929.7679546902305,1086.04885975323,0.3037769109241116,0.1,0.01,anisotropic,0.0125,0.01,6,100000,96.7358615398407,28.199876639830165,0.9003363187192708,1294.138490072353,28.27196814664345,0.9223043736596316,1272.8335186161733,35.50023264949685
113,0.5,True,808.3122591848526,876.1561578477363,0.4006796330158907,0.1,0.01,anisotropic,0.0125,0.2154434690031882,10,100000,96.81469631195068,35.74938918040361,0.9852803165065548,173.83392385939274,35.59410959883398,0.9884199808563452,180.16170844273776,19.19345989603699
114,0.5,True,633.770352753913,603.515772113669,0.4522990480184398,0.1,0.01,anisotropic,0.0125,0.01,6,100000,96.60092520713806,33.58086904743646,0.9365217790442726,173.10456830303073,33.71774243445154,0.9527142720477312,167.73403348389783,21.81658391474468
115,0.5,True,871.58912959753,1006.888711832643,0.4466350429873852,0.1,0.01,anisotropic,0.0125,0.0464158883361277,8,100000,98.09728717803956,31.190889296487484,0.9323108589498328,576.0605837026236,31.97491617706885,0.9662644271588652,480.9118428600056,33.50645717029827
116,0.5,True,803.8684048222153,972.6822835793488,0.3027046858558456,0.1,0.01,anisotropic,0.0125,0.0215443469003188,7,100000,96.8589255809784,30.281771617110746,0.9443644621245098,603.2828504016205,30.23745089478276,0.9562034571777296,609.4710087593268,26.74234013288109
117,0.5,True,187.3834888271498,207.71522493970716,0.3526275288905099,0.1,0.01,anisotropic,0.0125,0.2154434690031882,10,100000,96.93990778923036,39.32523280073652,0.986527442099604,4.100883227714251,39.161986274765226,0.9885163170110636,4.257964689196629,4.104653155827164
118,0.5,True,892.6664394914878,1045.9441996076048,0.3607232519743061,0.1,0.01,anisotropic,0.0125,0.0215443469003188,7,100000,96.98908257484436,34.516578671403714,0.9730844011635696,279.06282560859523,34.60393156680333,0.9831203630111656,273.5058990551817,25.74097430112958
119,0.5,True,539.802899673735,452.4622430203796,0.4590817524930192,0.1,0.01,anisotropic,0.0125,0.01,6,100000,97.59316682815552,32.59794699470096,0.963061239622596,159.04046653062392,32.9090138388625,0.9699025197081858,148.0474585872454,12.238650602040408
120,0.5,True,807.6327150088985,896.6237872846036,0.4375506830101908,0.1,0.01,anisotropic,0.0125,0.0215443469003188,7,100000,96.98121809959412,35.886368848722555,0.9806062776336254,167.43069243363303,34.805776982572084,0.976982182169054,214.73075937298725,28.058171478380828
121,0.5,True,896.1952086235698,748.4318955212642,0.4219676652148205,0.1,0.01,anisotropic,0.0125,0.0046415888336127,5,100000,97.19109725952148,33.51215462035035,0.9324883513010008,347.3715448378565,34.123296045428795,0.9647789237354496,301.7728035162695,22.112134597068813
122,0.5,True,318.68547149689203,222.37232614343512,0.5363246974977309,0.1,0.01,anisotropic,0.0125,0.0215443469003188,7,100000,97.17006373405457,35.79562772138233,0.9624843727541544,24.49937218849321,36.26464695609745,0.9754235293012684,21.991407798198328,6.018410906074397
123,0.5,True,110.94187260314908,114.70961697489028,0.2890210931557833,0.1,0.01,anisotropic,0.0125,0.2154434690031882,10,100000,96.52093958854675,29.47565212005045,0.9547916716169892,13.869985179147134,29.80823290306484,0.9621660781066298,12.847479065899202,2.45350522009794
124,0.5,True,228.7072273793997,220.70798497374244,0.3965134070368346,0.1,0.01,anisotropic,0.0125,0.4641588833612777,11,100000,96.48762440681458,30.758572367266336,0.9729810984704336,43.88911376602261,30.99695490470337,0.9786024693159436,41.54498032862844,4.637358747394226
125,0.5,True,427.68068083763006,411.7646663335473,0.3988491183560458,0.1,0.01,anisotropic,0.0125,0.01,6,100000,97.09768056869508,32.16149215896414,0.9426949175946064,110.6167699100522,31.96076317382008,0.9646178565731872,115.84942194253158,12.615551021779597
126,0.5,True,818.1967511565706,431.090450592963,0.7599460815687439,0.1,0.01,anisotropic,0.0125,0.01,6,100000,97.73451066017152,31.00363913921889,0.9246831838402596,499.5715053275936,31.022245296652372,0.934112828857068,497.4358062339576,14.109417209889786
127,0.5,True,860.869852673087,921.2274906941816,0.2974728633170204,0.1,0.01,anisotropic,0.0125,0.0215443469003188,7,100000,96.59334683418274,31.15210783664962,0.9517661834634792,561.9014837164636,32.162157618917355,0.9798782807106474,445.3025690048205,22.443183917805317
128,0.5,True,7.945178400659513,8.302863295327633,0.4549967288797548,0.1,0.01,anisotropic,0.0125,0.0215443469003188,7,100000,96.713365316391,34.086546452178936,0.953569671162834,0.0244513585438142,34.62899775396208,0.9789579844372144,0.0215803191834077,0.2037957181259288
129,0.5,True,511.2365552749882,354.4117560294368,0.4978339493765777,0.1,0.01,anisotropic,0.0125,0.001,3,100000,96.31257605552672,32.37163274630725,0.927802149486706,137.9769881021569,33.0694882575923,0.9395210895912766,117.49546635588668,12.39486729822693
130,0.5,True,417.9935921456302,453.0298178967448,0.4257678813925922,0.1,0.01,anisotropic,0.0125,0.0046415888336127,5,100000,97.12300419807434,33.479253918064074,0.9636405871770456,76.86188309562019,32.223033788508474,0.9435492091507712,102.64387362929284,13.396100511641768
131,0.5,True,222.8857026602595,195.095736884657,0.4251183010268378,0.1,0.01,anisotropic,0.0125,0.0046415888336127,5,100000,97.73122262954712,32.36174263445926,0.9262847335905235,25.89808100796303,33.18452669155352,0.9411642132639444,21.428372103093352,6.001570926638953
132,0.5,True,120.74550196634912,116.35591812804014,0.4684500839304656,0.1,0.01,anisotropic,0.0125,0.0464158883361277,8,100000,96.62384366989136,33.68783795180964,0.9729533475282351,6.222666704402035,34.123757701701706,0.981477004326964,5.628394955646468,3.0262803298151795
133,0.5,True,338.2775562322244,335.064323045756,0.3846879302067861,0.1,0.01,anisotropic,0.0125,0.1,9,100000,97.4998378753662,28.192234928447157,0.9185668593957496,172.33865405615177,28.721666646693503,0.9503682539933728,152.5595942600206,9.290917974716251
134,0.5,True,942.9667942086066,1271.5611353688366,0.2680589122666216,0.1,0.01,anisotropic,0.0125,0.01,6,100000,97.99235463142396,30.439199318462045,0.9091604311118814,784.0303381728909,29.79184017043356,0.904662673055788,910.0573947330164,35.488655547277155
135,0.5,True,323.87972908873445,260.42014315138584,0.5831500086870771,0.1,0.01,anisotropic,0.0125,0.0046415888336127,5,100000,97.9069230556488,33.67994925715874,0.9350248153696722,39.87697238560484,32.61894551216676,0.9534532942389146,50.91228065954024,8.224060362964009
136,0.5,True,519.2718311216228,409.8230653199464,0.584897521165809,0.1,0.01,anisotropic,0.0125,0.01,6,100000,96.87744188308716,33.986036301685644,0.9507487193835048,105.5306955233599,34.479185029000774,0.9710699745150518,94.2028251972793,13.360988950602168
137,0.5,True,703.3159399362827,675.2930819275869,0.4797178093164166,0.1,0.01,anisotropic,0.0125,0.1,9,100000,97.2908992767334,38.00561171699233,0.9767612760623224,78.21599508494864,38.6836339527353,0.9889154946885,66.91035765465467,16.546320956453165
138,0.5,True,364.2659727769147,393.78892726786,0.4247113653544753,0.1,0.01,anisotropic,0.0125,0.2154434690031882,10,100000,97.25781869888306,35.62106633660468,0.9811115836844412,36.356095576608254,35.61994150687718,0.9862548175032356,36.36551308364589,8.71664598287976
139,0.5,True,971.8103006382396,953.555555182043,0.4095295351661509,0.1,0.01,anisotropic,0.0125,0.1,9,100000,97.20801162719728,36.22030047804014,0.9730667516437824,225.4402040023839,36.268097409279065,0.9833011307126036,222.97269118814904,25.27703037956923
140,0.5,True,962.4848476471692,1212.620963874699,0.3251821454062367,0.1,0.01,anisotropic,0.0125,0.0215443469003188,7,100000,96.02639150619508,32.88388162475871,0.937786144296384,431.613630636453,31.738161586283468,0.9316648736409948,561.9105101806463,34.72805687268302
141,0.5,True,252.5305135295388,226.33136601381997,0.5076958302067273,0.1,0.01,anisotropic,0.0125,0.0215443469003188,7,100000,95.06723856925964,37.72614922796375,0.9720616043446472,10.720436182735948,39.119534278618325,0.9867185603515064,7.778107672576149,5.544844205890505
142,0.5,True,497.7512573864931,519.4583674939875,0.4405229492740172,0.1,0.01,anisotropic,0.0125,0.0464158883361277,8,100000,94.45806360244752,31.58339888012912,0.9658442811139816,171.6553688499069,32.61392746299907,0.9779437089620908,135.3955943648472,13.361378012582827
143,0.5,True,301.5774315069529,276.7948998786207,0.427192472659013,0.1,0.01,anisotropic,0.0125,0.0215443469003188,7,100000,95.77985334396362,30.197918096358517,0.9468485981387628,86.71133855614154,30.43906331922901,0.9675350493264352,82.02785747594365,7.377183229053853
144,0.5,True,285.55565388309014,262.5038064751106,0.3990361315004071,0.1,0.01,anisotropic,0.0125,0.1,9,100000,94.47409582138062,37.289474439717566,0.9882399221118776,15.202940426570354,37.53357877477803,0.989270684384364,14.371998400454228,6.099186951599964
145,0.5,True,37.85006040717826,34.67685095639909,0.3473505885445488,0.1,0.01,anisotropic,0.0125,0.1,9,100000,94.0323874950409,27.879773961794434,0.9230376147360128,2.327227586156447,28.314281314276812,0.94761914556203,2.1056593882633288,0.7702265249139288
146,0.5,True,609.9547696459169,600.938488695535,0.4946464583046079,0.1,0.01,anisotropic,0.0125,0.1,9,100000,94.98257851600648,29.521060935624007,0.9349093214052204,414.4936491670482,30.731086642036168,0.9695959830839288,313.70057163003696,14.086692788074572
147,0.5,True,503.17634420563263,510.1119441094467,0.4410126499886891,0.1,0.01,anisotropic,0.0125,0.0464158883361277,8,100000,95.82411479949953,32.0594800970574,0.9770455857911676,157.17558717367197,31.69332619054799,0.9779485110527728,171.00172133606048,13.549099579599682
148,0.5,True,52.42727249873936,51.02385979296569,0.3685861348864127,0.1,0.01,anisotropic,0.0125,0.0215443469003188,7,100000,95.2498288154602,29.569918949073504,0.9143115050594834,2.589213639329876,30.13157584918062,0.9331099723281048,2.2751089352811587,1.2782460647466094
149,0.5,True,279.36781777237485,187.7647072632282,0.6059997903557842,0.1,0.01,anisotropic,0.0125,0.0046415888336127,5,100000,94.81177806854248,30.527083635253327,0.920368735716376,62.36867445157284,31.34144885704819,0.9437816873320632,51.7046963218349,5.628715007990968
150,0.5,True,908.3576200806872,882.7549765525981,0.3799058611842566,0.1,0.01,anisotropic,0.0125,0.1,9,100000,97.18038153648376,35.584006421826,0.9703865499404732,227.73797163830312,36.31521069787204,0.9839855170273502,192.44871723603325,20.58527806816536
151,0.5,True,240.32232877630543,134.04362349970927,0.8622761792226498,0.1,0.01,anisotropic,0.0125,0.0021544346900318,4,100000,98.10904121398926,31.328771882140973,0.9420198885825264,38.1919247838804,31.878709757325883,0.950491136699988,33.64943363272023,4.3613777154490885
152,0.5,True,145.74997721913186,152.32587532617282,0.2588790139643654,0.1,0.01,anisotropic,0.0125,0.2154434690031882,10,100000,97.79357051849364,36.08524596043418,0.9698841228933974,5.229351461582122,36.41010943426788,0.9752949680807644,4.852454637073738,3.646137321973823
153,0.5,True,489.96330751728544,474.64642270263096,0.4304616723020435,0.1,0.01,anisotropic,0.0125,0.2154434690031882,10,100000,97.94355154037476,35.902500293273334,0.9738246076754516,61.62427986369878,36.65591368775205,0.9812596944734544,51.80963321692328,10.70454865949021
154,0.5,True,985.66480365649,1039.7223301315971,0.3178755005672483,0.1,0.01,anisotropic,0.0125,0.1,9,100000,97.50810766220091,36.52044051914567,0.985369131014296,216.2034448665772,36.73760869282588,0.9905277301840014,205.65808717370723,20.68055000991571
155,0.5,True,242.8132162399889,352.65135883760246,0.2819973701756,0.1,0.01,anisotropic,0.0125,0.1,9,100000,97.86489582061768,30.766141307567302,0.9653184671444238,49.310999377671344,30.809896311929844,0.9704501855799093,48.81668719834947,7.929372171193152
156,0.5,True,672.4634118584727,599.8469538679808,0.4792841989951154,0.1,0.01,anisotropic,0.0125,0.1,9,100000,97.90335369110107,39.338781833001136,0.9909415631493836,52.52131447742208,38.54737897046167,0.994131765615678,63.019633496064245,14.208147571623226
157,0.5,True,761.8579957133888,706.0236500932609,0.4492905891205856,0.1,0.01,anisotropic,0.0125,0.0021544346900318,4,100000,97.63647747039796,28.906585587392804,0.9012907997426984,743.9966429667058,30.03317527146178,0.9390184789297868,574.0001521766112,21.84819736542258
158,0.5,True,238.39990644840728,159.14724952097365,0.5376967025710294,0.1,0.01,anisotropic,0.0125,0.0021544346900318,4,100000,98.35148978233336,31.10882567851427,0.9413110659605892,41.09094922803067,30.95443308284637,0.9459732771013442,42.57801723530319,4.778905736035472
159,0.5,True,728.4881322632477,746.5248175624267,0.3860671170264508,0.1,0.01,anisotropic,0.0125,0.01,6,100000,98.43478083610536,28.512161923571725,0.9179930197583144,742.8086215288615,29.697531518284563,0.9566017276800844,565.379394429791,17.84565128363618
160,0.5,True,368.415349586534,379.3179562125591,0.3859414301591939,0.1,0.01,anisotropic,0.0125,0.2154434690031882,10,100000,98.22974848747252,38.24964309172495,0.988924216628192,20.30464762993828,38.90298618103564,0.991274811147192,17.468722591025045,7.86471786370211
161,0.5,True,632.673524762986,683.404461953374,0.3764650335765631,0.1,0.01,anisotropic,0.0125,0.0464158883361277,8,100000,97.93473553657532,32.519208610127976,0.9453067368081264,223.50463618676463,32.51296624630814,0.9660371743218396,223.82612321729368,20.90240321267691
162,0.5,True,633.8961810501338,542.5590979023093,0.4447854369713533,0.1,0.01,anisotropic,0.0125,0.1,9,100000,98.07442617416382,35.94181958336193,0.9759685636144294,102.087004623434,36.6618409615384,0.9877443272675872,86.49048319341021,13.975627334672996
163,0.5,True,536.2389093906837,399.8534482016871,0.4694843477887465,0.1,0.01,anisotropic,0.0125,0.01,6,100000,98.5766167640686,32.155570111085275,0.9599868410125444,173.964717859084,31.931827622115456,0.9730154929509772,183.16202061709168,11.406771770999178
164,0.5,True,91.1994802843539,69.49265817793187,0.4858043258431053,0.1,0.01,anisotropic,0.0125,0.0046415888336127,5,100000,97.5369474887848,34.58322274197134,0.9626416571361588,2.883523958481602,34.99678764648542,0.972796129782676,2.621603895816055,2.084953921000416
165,0.5,True,835.4671930936487,680.9052848762881,0.4324687539414444,0.1,0.01,anisotropic,0.0125,0.01,6,100000,97.97972869873048,34.63079095863938,0.9677342270854404,227.44168433903516,34.43941948913384,0.967736104924666,237.68797455755043,17.314025095361497
166,0.5,True,321.4592849067641,366.36608533742793,0.2906553994673106,0.1,0.01,anisotropic,0.0125,0.2154434690031882,10,100000,96.85675621032716,36.862467250458415,0.9820021110733366,21.275845799215247,37.01216511266941,0.98490176015369,20.554979491590693,7.804205950249997
167,0.5,True,187.3319918894544,161.092833896217,0.4492138807498388,0.1,0.01,anisotropic,0.0125,0.0464158883361277,8,100000,97.66920375823976,35.541289873996355,0.986444519482778,9.760538874118422,35.589787139300164,0.9888166988449856,9.652150144168802,3.489117246558116
168,0.5,True,41.73436641320915,44.21997857793322,0.4395731204213953,0.1,0.01,anisotropic,0.0125,0.2154434690031882,10,100000,97.31249356269836,30.990740443047287,0.9735347623079736,1.3854990267067808,31.160365949723264,0.977526192061294,1.3324277664283528,1.0616431711337144
169,0.5,True,591.3020502450536,562.6305117888188,0.4042761573681372,0.1,0.01,anisotropic,0.0125,0.1,9,100000,97.93958187103271,34.66869797898805,0.9774274617537674,119.21190749603358,34.6575387052638,0.9852628526996564,119.5186184871953,14.1476368956044
170,0.5,True,677.8867974804401,652.6908823357674,0.4460655755281966,0.1,0.01,anisotropic,0.0125,0.1,9,100000,97.5099401473999,40.43963852622458,0.9890322211765046,41.45052717003527,40.68653718056741,0.9946991280567198,39.15977545550727,15.516875264314876
171,0.5,True,17.571241098928297,13.542242740030863,0.5271326675037044,0.1,0.01,anisotropic,0.0125,0.0046415888336127,5,100000,97.55799460411072,31.58695118101265,0.9339848219430116,0.2082090240092222,32.33973020044229,0.9510876823512656,0.1750739967947703,0.4585103035611196
172,0.5,True,512.5809652409816,821.3639227522663,0.2556834041473133,0.1,0.01,anisotropic,0.0125,0.0215443469003188,7,100000,97.5000138282776,33.381774004543544,0.9487941421815472,120.29459713386416,34.4583115345756,0.971767942445488,93.88416953938086,20.56083103620699
173,0.5,True,227.26927942274003,270.9871875955398,0.3592335631468073,0.1,0.01,anisotropic,0.0125,0.0215443469003188,7,100000,97.78073048591614,35.34391216553856,0.965231994659638,15.017427216171106,35.301311343596595,0.9879746493389564,15.165461049460385,6.194432699197029
174,0.5,True,645.5276176190404,792.4658971057081,0.406080822890849,0.1,0.01,anisotropic,0.0125,0.0215443469003188,7,100000,96.88332724571228,33.929387932833365,0.977205195204091,167.7094477515231,32.374137468140816,0.9661030660066722,239.92890686117167,21.037204459360336
175,0.5,True,175.19206257598643,112.98612293557804,0.6396578483323844,0.1,0.01,anisotropic,0.0125,0.0215443469003188,7,100000,97.35811305046082,29.976086216383685,0.9159801621732698,23.255743654532587,30.392675391827552,0.9361089951508316,21.128628840038136,3.498232848361128
176,0.5,True,691.2468003643635,623.4760504337295,0.348405471147524,0.1,0.01,anisotropic,0.0125,0.1,9,100000,97.10378336906432,32.84158042407738,0.968879297926299,248.2142050160654,33.041894816584715,0.9721792052971346,237.0255662663124,13.938544067283496
177,0.5,True,387.3486109542369,380.8369838700087,0.3989873878957744,0.1,0.01,anisotropic,0.0125,0.2154434690031882,10,100000,96.81473112106325,33.945783267323804,0.9858448781435588,60.43838691105227,33.72729986759832,0.988364388844172,63.55668023422616,8.175234465396255
178,0.5,True,936.7932587479978,1082.564233243742,0.343039483977812,0.1,0.01,anisotropic,0.0125,0.01,6,100000,97.19685697555542,32.38780695057992,0.9459665855268814,476.2280604901617,32.6979344023013,0.9577168686595624,443.4066848636878,26.74521963211901
179,0.5,True,138.38342320184725,136.89521159952344,0.4346157024473858,0.1,0.01,anisotropic,0.0125,0.1,9,100000,97.57426810264587,24.625694518166917,0.9140001562813216,65.7095681988791,24.606311260878478,0.9177805820163344,66.00349594594653,3.2569134903994046
180,0.5,True,341.72528469920826,276.2783884156256,0.427906325763333,0.1,0.01,anisotropic,0.0125,0.0464158883361277,8,100000,96.53339290618896,34.93024748411436,0.9541411636312888,36.85308254135145,35.6505209623215,0.9746178113548046,31.22097575650952,7.047195468561922
181,0.5,True,114.36004771934849,116.50566302177964,0.4264494393778507,0.1,0.01,anisotropic,0.0125,0.01,6,100000,97.53207302093506,34.881247329115844,0.9621141925293196,4.229465386397038,34.43968555456316,0.9669553218486212,4.682110429922398,3.445577226419438
182,0.5,True,924.7689246602844,941.0146238740772,0.3646462923168604,0.1,0.01,anisotropic,0.0125,0.2154434690031882,10,100000,97.58892583847046,35.51371654616339,0.9815810534040073,240.10337858014455,35.75804039342121,0.9862159172614542,226.96865626646544,21.28221476944824
183,0.5,True,877.4620140276,732.5891568754694,0.4120615316856232,0.1,0.01,anisotropic,0.0125,0.0215443469003188,7,100000,97.79836082458496,35.04796294875185,0.9873605250483256,240.4812186488807,35.37098525041517,0.9896266931467432,223.24355713196923,18.626584026670244
184,0.5,True,258.68368608744044,194.4583542860404,0.5241478015669757,0.1,0.01,anisotropic,0.0125,0.0021544346900318,4,100000,99.51734638214111,32.8681059462933,0.9501345013586788,34.29765154548205,32.98994901655461,0.9681932120106196,33.348789673012085,6.019627280915167
185,0.5,True,660.3240619881449,665.7753181333693,0.4589658688395518,0.1,0.01,anisotropic,0.0125,0.0464158883361277,8,100000,98.19325113296507,30.59544605246055,0.9544419337150604,379.1973695508384,30.697707566990477,0.9601794215765032,370.3728680277129,19.2558220558796
186,0.5,True,817.4049780010146,721.0827415532755,0.477792740532683,0.1,0.01,anisotropic,0.0125,0.0464158883361277,8,100000,97.80039644241332,36.782557704947095,0.9793840870127546,140.0860253978702,36.9025954989638,0.9867287273933326,136.26710644052574,19.76280494053596
187,0.5,True,555.6456107878629,618.7119011947053,0.4116336742594304,0.1,0.01,anisotropic,0.0125,0.01,6,100000,97.1772313117981,30.432590976207216,0.9124836923627104,278.1855796271245,31.463417863274223,0.9612856522493828,219.4077303417577,20.852906906178312
188,0.5,True,530.1209277776504,550.7059239685664,0.4308932768437674,0.1,0.01,anisotropic,0.0125,0.0464158883361277,8,100000,97.42780423164368,40.04218202241654,0.9845155278362856,27.776080735830703,41.05955236882327,0.9916258772492196,21.975255399535197,12.158512124615624
189,0.5,True,242.61043860955124,269.0300337204296,0.3817263889189845,0.1,0.01,anisotropic,0.0125,0.01,6,100000,95.45838975906372,33.11489345418886,0.9330530842537752,28.393609943800705,33.48788614622749,0.9617417253964172,26.056815790935477,8.311454690724366
190,0.5,True,94.00966503809332,77.62714548968154,0.5833436407258533,0.1,0.01,anisotropic,0.0125,0.0464158883361277,8,100000,95.01488471031188,36.382381904678326,0.9742088195133228,2.0286663366010136,37.353995468295295,0.9885720773629127,1.6219940856134507,2.067958983406216
191,0.5,True,897.3185421953734,902.06531524954,0.3426813215027831,0.1,0.01,anisotropic,0.0125,0.0215443469003188,7,100000,95.86410546302795,36.30325203819735,0.9771096106348018,188.5109440325135,36.91567486593512,0.9823602679469832,163.71719136339016,24.24802054257336
192,0.5,True,900.5176391061672,987.4484325396976,0.3288151238397907,0.1,0.01,anisotropic,0.0125,0.2154434690031882,10,100000,95.28002309799194,35.24817958628228,0.9726307818985443,241.4053496507415,36.54577916794467,0.9864993070588822,179.05519746212957,22.30883335998732
193,0.5,True,633.4683558159946,858.2062141831351,0.2796420422249683,0.1,0.01,anisotropic,0.0125,0.0464158883361277,8,100000,94.4518747329712,33.73188078685762,0.93031327399525,166.088918342867,33.862530787674906,0.9600025822710888,161.16682734352196,23.60798727955667
194,0.5,True,339.690761257652,375.8934493115423,0.3935045116759374,0.1,0.01,anisotropic,0.0125,0.1,9,100000,95.00889754295348,34.61325604532763,0.9616031219324112,39.82201044925862,35.13880037358876,0.970814369865726,35.28326358820297,9.551072161951764
195,0.5,True,349.8603650380482,333.70949891008314,0.42873174875037,0.1,0.01,anisotropic,0.0125,0.0215443469003188,7,100000,93.9768524169922,32.75335010486582,0.9401482561448896,64.70664587065541,33.74188513278818,0.9727990146818396,51.53418184051642,9.563901527697066
196,0.5,True,726.2297231913691,496.958555394533,0.7036962629654326,0.1,0.01,anisotropic,0.0125,0.0021544346900318,4,100000,95.3547670841217,29.61075803000387,0.9136845218382428,565.2003070756141,29.620353071402576,0.9395291546642488,563.9529658769665,17.312672107773174
197,0.5,True,897.2131496926245,886.251021750134,0.3775399842815223,0.1,0.01,anisotropic,0.0125,0.0464158883361277,8,100000,94.73359966278076,30.24146498587338,0.9322858879206264,758.7512237174861,30.834157100428445,0.9578109630977886,661.9576310201409,28.294705983879517
198,0.5,True,887.1993378408522,831.175613218236,0.4565150255817797,0.1,0.01,anisotropic,0.0125,0.0464158883361277,8,100000,94.62910199165344,30.856993972800183,0.9503627927665742,644.3550007490984,31.690760443488237,0.966914313523947,531.8002734364045,20.942289229805155
199,0.5,True,780.0956703117662,814.5715195834762,0.3311783194491663,0.1,0.01,anisotropic,0.0125,0.01,6,100000,95.69377374649048,32.96247245411885,0.938673340432592,292.38865207597684,33.490587957878475,0.9546531500252428,258.9100823168094,21.297025253966268
200,0.5,True,642.3896145081335,612.5291441546301,0.5199791550371473,0.1,0.01,anisotropic,0.0125,0.0021544346900318,4,100000,98.77649164199828,32.128637444976285,0.9361017500071608,248.40453304977672,33.57303297422172,0.9591325903716992,178.12298478704793,19.5494854574791
201,0.5,True,85.05582503005378,80.86861248864966,0.3828779624669968,0.1,0.01,anisotropic,0.0125,0.0464158883361277,8,100000,97.77661871910097,27.504015181820733,0.9158769132226846,12.564646409196495,27.48280833036396,0.9337183889717956,12.626150347844794,2.147276854998131
202,0.5,True,162.46708538051917,172.4293529306323,0.3771468393581676,0.1,0.01,anisotropic,0.0125,0.0464158883361277,8,100000,98.06336736679076,34.37969311171248,0.9708480869130977,9.58954796182743,34.276496597317376,0.980766766076012,9.820142435983623,4.083020808534738
203,0.5,True,898.6556343385522,860.6334924328535,0.4661217170561501,0.1,0.01,anisotropic,0.0125,0.0215443469003188,7,100000,99.49005722999571,29.51085187947593,0.9200271953548324,885.4142579137751,29.743536587147418,0.9405418641076708,839.2242805218389,26.9251429602482
204,0.5,True,606.8226305999303,524.1065088652867,0.4385539324938029,0.1,0.01,anisotropic,0.0125,0.0464158883361277,8,100000,102.75473761558531,37.41780591414965,0.9800202093233916,66.63941941908274,38.00555469652761,0.9861733574491016,58.20446832588179,12.065420875081177
205,0.5,True,10.187854565013016,9.293255876605876,0.518779159020592,0.1,0.01,anisotropic,0.0125,0.01,6,100000,100.67455339431764,31.79075727728528,0.9537693545446893,0.0685380990890181,31.720254610472416,0.9643157494568622,0.0696598158022003,0.2968908126228305
206,0.5,True,102.37007132316609,98.54410953503611,0.3850727311039119,0.1,0.01,anisotropic,0.0125,0.1,9,100000,100.85171699523926,37.01017194118854,0.9868867045475336,2.0828226592434,37.71425411700645,0.9863608551405132,1.7711040500866455,2.32459232438125
207,0.5,True,663.8382673389477,677.831764878371,0.4259482848963697,0.1,0.01,anisotropic,0.0125,0.2154434690031882,10,100000,96.8865876197815,32.98541431145837,0.9761131060630116,221.5314070962673,33.20265399955665,0.9819484654114872,210.7227072333334,15.791452686037104
208,0.5,True,6.056522262372468,5.934329638408273,0.328128664724031,0.1,0.01,anisotropic,0.0125,0.2154434690031882,10,100000,97.15688061714172,31.91800301692632,0.9598669302886496,0.0235598848417769,31.893805061240577,0.9660665138302832,0.0236915218455547,0.1506072150955205
209,0.5,True,161.64724336608114,152.83728506284902,0.4243284019907542,0.1,0.01,anisotropic,0.0125,0.2154434690031882,10,100000,96.51288390159608,36.06968230087728,0.9839551777306882,6.451676677301056,36.54074072190807,0.9867211442874468,5.7885095308458565,3.3015741273920955
210,0.5,True,549.1850555772195,730.612731032576,0.3163813817674956,0.1,0.01,anisotropic,0.0125,0.01,6,100000,97.44972634315492,31.291595307756705,0.9023666277578718,221.84326532779,31.75720899581051,0.9454402036694696,199.2897123102466,23.29561868387403
211,0.5,True,692.2033024950006,733.0716540505014,0.2896380293412763,0.1,0.01,anisotropic,0.0125,0.01,6,100000,98.46693921089172,33.27481034214516,0.9116891282148768,222.00190378449292,33.88754518687387,0.9509753494110867,192.78942777832845,19.170257823937984
212,0.5,True,652.3092982430979,719.591126453179,0.3641367363580661,0.1,0.01,anisotropic,0.0125,0.2154434690031882,10,100000,97.42734456062315,35.5035557172628,0.9744286691766428,119.72707574696136,35.90902377392322,0.9802167997971266,109.05499686824652,15.716341528350268
213,0.5,True,225.0450401510992,302.28093420540466,0.2208706929639883,0.1,0.01,anisotropic,0.0125,0.1,9,100000,97.31563401222228,28.50462504256911,0.9252050713837814,63.63464501656247,28.497344293743964,0.9330970231273416,63.7414150679047,5.588218364655789
214,0.5,True,712.4670421261883,763.9973096422476,0.3805998626316578,0.1,0.01,anisotropic,0.0125,0.2154434690031882,10,100000,97.42457127571106,35.747910135284,0.9874042750086874,134.92872878675786,35.7318882741982,0.9909991908569756,135.42742310328944,17.027749208640806
215,0.5,True,238.01183840930327,274.20114183962966,0.3379378055409966,0.1,0.01,anisotropic,0.0125,0.0046415888336127,5,100000,97.8209388256073,32.81424490226536,0.9317946447106444,27.50585628364326,31.18326289737256,0.9369197697504912,40.042701528401935,7.530541244839555
216,0.5,True,326.07429846110847,344.9368317968631,0.3296930848795514,0.1,0.01,anisotropic,0.0125,0.0215443469003188,7,100000,98.13356232643127,31.398075183228965,0.9393590057531788,66.54273745459477,31.457282747391304,0.9542764953530424,65.6417130979517,8.889920564485651
217,0.5,True,746.7449137129062,784.088340654856,0.3338917972579516,0.1,0.01,anisotropic,0.0125,0.0464158883361277,8,100000,97.75152206420898,32.724147276776904,0.9588203614939912,296.3453629251128,33.36061071172787,0.9731707124705996,255.9480307694252,16.689572597779577
218,0.5,True,649.9832661481674,657.7599296187216,0.4450264620548218,0.1,0.01,anisotropic,0.0125,0.0215443469003188,7,100000,97.70636010169984,33.01020732565922,0.9582538856096324,210.76075534227527,31.194591817276788,0.9209341328994456,320.1483716215316,21.314307812146204
219,0.5,True,849.3741870836838,857.3272411993337,0.3942742431480082,0.1,0.01,anisotropic,0.0125,0.1,9,100000,97.05955100059508,35.279851455751874,0.957634919716138,213.724429152927,35.70498602939698,0.9778810476699342,193.79417026021943,25.768720129652497
220,0.5,True,657.955279408043,649.9513350042832,0.4811532675372375,0.1,0.01,anisotropic,0.0125,0.01,6,100000,98.04097557067873,33.07565311257914,0.9502751564098324,211.3577579012774,32.673446393366106,0.9555516844421642,231.86695848044656,19.215037619480693
221,0.5,True,568.7402947321361,721.8843646717387,0.2407458322787533,0.1,0.01,anisotropic,0.0125,0.2154434690031882,10,100000,97.52060723304749,33.45526777355818,0.9473627620385736,145.7621159084043,34.53891758347731,0.972696143655372,113.57419910737369,15.636921543551988
222,0.5,True,94.58109306026438,32.333383279169354,1.2004629660395,0.1,0.01,anisotropic,0.0125,0.0046415888336127,5,100000,97.88376784324646,31.31960415424669,0.9318541809898496,6.381518525854695,31.228755361912317,0.9474908761731552,6.516417684083868,1.0593949601992434
223,0.5,True,368.3480872563741,340.8278016271939,0.4005302227555487,0.1,0.01,anisotropic,0.0125,0.2154434690031882,10,100000,97.61393976211548,34.85818346429517,0.9810087185591572,44.29301463416706,34.64630347774471,0.9851007908717806,46.50752610743997,7.738913305128864
224,0.5,True,265.93716531404374,278.24285454990894,0.3420377935793751,0.1,0.01,anisotropic,0.0125,0.0215443469003188,7,100000,98.04919338226318,31.52180585238476,0.9323976836722416,47.36300125530402,31.251576988579423,0.9536543629713258,50.40366320210629,7.966028785409976
225,0.5,True,244.74565373570448,211.7307379959505,0.4645186094044342,0.1,0.01,anisotropic,0.0125,0.1,9,100000,96.65678548812866,39.576187685910014,0.9909186699509224,6.601456765676023,39.15603756806178,0.9936833706081792,7.272015487133056,4.620628554569549
226,0.5,True,973.0375441976933,925.7286302648412,0.3667723116176353,0.1,0.01,anisotropic,0.0125,0.0464158883361277,8,100000,97.0577642917633,35.96145705641801,0.9760660558003498,239.84489722148143,35.962073445354406,0.985201579522066,239.8108587391757,22.404534539753005
227,0.5,True,393.7046269420936,371.53930513713885,0.3736270983250356,0.1,0.01,anisotropic,0.0125,0.2154434690031882,10,100000,97.28726935386658,35.25180390274397,0.9762892961384524,46.17944682495565,35.30622059531204,0.9831341865305644,45.60443263351997,8.178723416182956
228,0.5,True,892.1545086219362,1009.406598363822,0.2945617209810562,0.1,0.01,anisotropic,0.0125,0.2154434690031882,10,100000,97.41035866737366,27.44404847782979,0.924908609318812,1430.1960804424805,27.665271436641184,0.9353538316261052,1359.1684587273942,23.33964923808688
229,0.5,True,631.5074873712656,251.88326282885592,0.9167029888199336,0.1,0.01,anisotropic,0.0125,0.01,6,100000,96.85611486434937,28.77950250154292,0.8974975292462637,341.1903596727941,28.976090379508683,0.925892978568091,326.09036275044787,8.359889664481946
230,0.5,True,795.0164922381068,797.4681827352634,0.3557497044631419,0.1,0.01,anisotropic,0.0125,0.0046415888336127,5,100000,98.27934908866882,30.23665591785317,0.9170787547270682,541.793988204983,29.09768388452324,0.928818763915176,704.2573449390516,25.338203801830467
231,0.5,True,503.1344560120869,479.2868412904367,0.5067602017887057,0.1,0.01,anisotropic,0.0125,0.1,9,100000,97.86961007118224,38.58949226789666,0.9864129397931176,34.94517929650188,37.93094035692222,0.9898593921733052,40.6670307564729,11.252087610578554
232,0.5,True,577.3269807417328,588.6700050405952,0.4048955087936751,0.1,0.01,anisotropic,0.0125,0.1,9,100000,98.14121842384338,38.2942503814136,0.9877272390233772,49.26016843066597,38.67069611559075,0.9917686628464952,45.17012777048299,12.93952944874368
233,0.5,True,493.02517612504505,644.242935786316,0.3083164658033286,0.1,0.01,anisotropic,0.0125,0.2154434690031882,10,100000,97.29611897468568,32.1828932023915,0.9640978374971396,146.86905545643663,32.78486509463655,0.971665357937333,127.85953263473192,14.163250850326888
234,0.5,True,196.04774481024648,167.98905604408017,0.3840529179522925,0.1,0.01,anisotropic,0.0125,0.0046415888336127,5,100000,96.88152170181274,29.407456255480025,0.9313892959349992,42.29735955562502,30.129603413298337,0.954896685482566,35.81776982898756,4.915324307417999
235,0.5,True,722.7296631462439,678.8019919755448,0.3787780570008727,0.1,0.01,anisotropic,0.0125,0.0464158883361277,8,100000,96.42153668403624,32.87338728172382,0.9534602222323793,268.59955191309655,33.24641129100748,0.9650629573036832,246.4920307994128,19.560625691315806
236,0.5,True,281.49159007841496,268.55850348376043,0.3917370727725264,0.1,0.01,anisotropic,0.0125,0.1,9,100000,98.0033633708954,33.71532592302338,0.9789312114439528,33.63945121275994,33.27588767736843,0.9832284893743924,37.22140193997953,5.706540997023572
237,0.5,True,25.291650465022386,21.055196452104354,0.5057341183141668,0.1,0.01,anisotropic,0.0125,0.0046415888336127,5,100000,96.63514876365662,35.5064247822074,0.9708919363605544,0.1781001118556945,34.62984251467508,0.9681423777906232,0.2179327098103182,0.6019834896974658
238,0.5,True,645.8268236112607,1600.3856012192894,0.1795281444299965,0.1,0.01,anisotropic,0.0125,0.1,9,100000,95.45469737052916,26.072235626897747,0.8775436567090826,1017.6887695639672,25.62238739231169,0.879941832657108,1128.7553076185284,36.79734823812551
239,0.5,True,177.9335687276419,156.3996031900186,0.4254678941204401,0.1,0.01,anisotropic,0.0125,0.2154434690031882,10,100000,94.97015380859376,35.98066190148452,0.9870068381259908,7.982110373186047,35.751614194818,0.989420008357254,8.414387327369424,3.529230077343018
240,0.5,True,940.5181257685614,992.3890296939858,0.3794524623728538,0.1,0.01,anisotropic,0.0125,0.0464158883361277,8,100000,95.1007788181305,33.612028857499425,0.9526084915002008,383.83029056376427,34.14010956761889,0.9692241598773734,339.88435457189127,25.72589854054719
241,0.5,True,953.9746484255847,929.348179701855,0.3875787081317415,0.1,0.01,anisotropic,0.0125,0.2154434690031882,10,100000,95.24003148078918,33.94901576267165,0.9802444123355252,366.0315827072548,34.498428154540775,0.9876664387887392,322.5353500819261,18.98978476172153
242,0.5,True,914.949525830228,833.6851713253006,0.4794816022543259,0.1,0.01,anisotropic,0.0125,0.0215443469003188,7,100000,94.98108339309692,32.73570249198008,0.9621745027739468,445.080627190948,34.4486628078262,0.978328152833744,300.0147864587072,22.102424816698395
243,0.5,True,370.78854155518894,297.9190275079929,0.6318362424942513,0.1,0.01,anisotropic,0.0125,0.0046415888336127,5,100000,95.26776385307312,34.98925577500624,0.9545252271355704,41.251065413480674,35.58560285685648,0.97500914848306,35.958408480049144,8.606476522025408
244,0.5,True,16.441159912338563,12.303890947231674,0.6039072980573226,0.1,0.01,anisotropic,0.0125,0.0464158883361277,8,100000,95.56090807914734,38.03413004659977,0.9732363048142908,0.0424507837029437,38.32351544764455,0.9838075991492548,0.0397143237877165,0.3236564162024359
245,0.5,True,928.3902440251376,491.362038920282,0.7042548414820416,0.1,0.01,anisotropic,0.0125,0.0215443469003188,7,100000,95.52274966239928,36.48718866838684,0.9525250739834956,168.89291813385637,37.59820126802079,0.971693991259628,130.77061902323678,14.224149448016645
246,0.5,True,428.755964168997,423.0759950008952,0.4460709058075951,0.1,0.01,anisotropic,0.0125,0.01,6,100000,92.7402410507202,30.05762701096085,0.9319683286854744,178.6110232964027,30.306879146586944,0.9598352330915778,168.6487183366655,12.517687946789636
247,0.5,True,966.688164224626,961.481151482164,0.4732203274675016,0.1,0.01,anisotropic,0.0125,0.0046415888336127,5,100000,87.74066400527954,36.207609470521184,0.9748555969472534,223.4547996146827,34.10383327996898,0.9697068727736632,362.71649524110575,31.98856685702608
248,0.5,True,963.6563571121636,730.9112706938665,0.5013993431968236,0.1,0.01,anisotropic,0.0125,0.0046415888336127,5,100000,87.56442308425903,33.78287474949803,0.911309165938132,331.6829621693002,33.59533330887943,0.935860568410458,346.3197883525731,28.390242922296306
249,0.5,True,853.1564460118927,835.8138102915959,0.37122858268066,0.1,0.01,anisotropic,0.0125,0.2154434690031882,10,100000,87.53190088272095,35.8948598826847,0.9827971658492476,186.81151982057236,35.74099209979788,0.9864468055818412,193.54877724425643,17.185777150455706
250,0.5,True,295.1544431775161,299.2379560064802,0.4493784404573242,0.1,0.01,anisotropic,0.0125,0.1,9,100000,97.9809865951538,38.643791600720846,0.9835390892629716,11.889227826598397,39.26667673440901,0.9885206557405988,10.300661980798772,6.858850343489227
251,0.5,True,385.71263087332335,251.6395517357921,0.6222087384736307,0.1,0.01,anisotropic,0.0125,0.0046415888336127,5,100000,98.33842730522156,33.670312574875425,0.9484004539992528,55.27862656266551,33.95966859098716,0.9668341652714412,51.71560891102133,8.128130991635684
252,0.5,True,851.2855348453401,684.6679889590229,0.6249404910724273,0.1,0.01,anisotropic,0.0125,0.0046415888336127,5,100000,98.36572766304016,27.367671528334935,0.8704763235904717,1313.6110647976643,27.771766167131812,0.9093886184899008,1196.8985312856855,25.60651591297816
253,0.5,True,317.6050831511214,288.91838387821684,0.4202310768166187,0.1,0.01,anisotropic,0.0125,0.0215443469003188,7,100000,98.64564418792725,39.20790519123382,0.9649100751348236,11.872975540510522,38.34724711800213,0.972780397919362,14.475226913150278,6.968317395027736
254,0.5,True,170.32325393940638,243.64918185911844,0.2587086748315264,0.1,0.01,anisotropic,0.0125,0.0215443469003188,7,100000,97.9732747077942,32.81278793726285,0.9711911520416482,15.085058683272822,31.87727465700381,0.969535120002085,18.71105744112691,5.550752647650119
255,0.5,True,557.2444611958919,236.7446736211128,0.8592022601589189,0.1,0.01,anisotropic,0.0125,0.0464158883361277,8,100000,98.13329243659972,27.85611692224363,0.8962545324102276,392.9144121212235,28.109449184946985,0.9087157551572428,370.6506215877213,7.096737507584797
256,0.5,True,936.2186193866202,908.9152785728494,0.3986641939359389,0.1,0.01,anisotropic,0.0125,0.01,6,100000,98.4814600944519,33.626230315010005,0.9447098179926816,310.66214622255706,32.73133557057513,0.9361980505286068,381.7489161600576,22.42412754597108
257,0.5,True,696.333766878298,665.2321976999096,0.3519600286295871,0.1,0.01,anisotropic,0.0125,0.2154434690031882,10,100000,98.38180732727052,36.84525161324942,0.9874159712945804,100.1857227845728,37.20073596328979,0.98989650909685,92.3118385378368,13.27864412436118
258,0.5,True,570.4911089192756,586.2416602742345,0.4477912195182281,0.1,0.01,anisotropic,0.0125,0.0046415888336127,5,100000,98.9087529182434,33.408948354681854,0.9391802474418522,140.77090706562907,33.82348333791423,0.967649460038406,127.95563331751984,19.16121437249278
259,0.5,True,98.07931727699776,114.09585447656532,0.3009677327321698,0.1,0.01,anisotropic,0.0125,0.0215443469003188,7,100000,98.98443698883057,32.17093686773989,0.923230641688124,5.675030653244423,32.32051105453199,0.9446390102057688,5.482905907610806,3.0783672834790186
260,0.5,True,615.3922194724705,700.1448692813268,0.3749954119491063,0.1,0.01,anisotropic,0.0125,0.2154434690031882,10,100000,98.2175748348236,37.22899291052774,0.9854660618722724,71.57578844875668,37.76637064555562,0.989642222383082,63.245316056685056,14.60501654300441
261,0.5,True,990.063796254159,691.5513335323593,0.5407061724583029,0.1,0.01,anisotropic,0.0125,0.0464158883361277,8,100000,98.70310354232788,36.63748110472604,0.9749505453104904,211.77306529933617,36.422255054011934,0.9805608148401852,222.5324389989808,17.254773167929173
262,0.5,True,140.9439312212875,139.3433319633298,0.3616659206308082,0.1,0.01,anisotropic,0.0125,0.0215443469003188,7,100000,98.50294208526611,33.61489729437182,0.9292464115957408,7.689146274015489,34.012233299646255,0.9558356968474816,7.01688763863096,4.200340506634041
263,0.5,True,518.811322711373,530.7981953986294,0.3697983439168994,0.1,0.01,anisotropic,0.0125,0.1,9,100000,99.4322943687439,31.436480697801365,0.9660969089369474,193.14975843448036,32.05810930310789,0.9744589060278768,167.39069355485705,13.487045000048845
264,0.5,True,877.4956988560275,929.9670165454668,0.3943413976329697,0.1,0.01,anisotropic,0.0125,0.1,9,100000,98.44015860557556,35.20218360906537,0.9774204536511308,232.1303406018948,35.40326817944053,0.9860687768684911,221.62739999801843,21.306746173453305
265,0.5,True,741.0278491364502,528.1524777243527,0.5126762836363636,0.1,0.01,anisotropic,0.0125,0.01,6,100000,98.5003023147583,35.6543679011894,0.9532235763379192,147.50363668842127,35.75062472654868,0.964904759322078,144.2703367144328,15.02356274110888
266,0.5,True,697.3187252542727,681.1467615928724,0.4054911019080115,0.1,0.01,anisotropic,0.0125,0.01,6,100000,98.07985997200012,35.72794491124011,0.9712109829463224,129.9048974056207,35.76780197519295,0.9779969299799486,128.7181584808639,20.961232802371818
267,0.5,True,702.7815999031221,395.6134211364324,0.7076549988752965,0.1,0.01,anisotropic,0.0125,0.001,3,100000,98.41675758361816,31.766347454947773,0.9405553779064904,313.54792516694727,30.87459261281442,0.9431510333089098,385.01656538855786,13.621627994196508
268,0.5,True,360.13166006853544,395.113792360155,0.4363006792135405,0.1,0.01,anisotropic,0.0125,0.2154434690031882,10,100000,97.91063499450684,32.41549758911371,0.9817871562091222,74.32303788034633,32.48412131827482,0.9846492491192592,73.15787460453272,8.776927271043736
269,0.5,True,294.2982524202289,352.8526265420434,0.3303854948821507,0.1,0.01,anisotropic,0.0125,0.0046415888336127,5,100000,98.56016206741332,31.85044189722353,0.9158276225465468,51.29934243603451,30.936967558930185,0.9214888615294324,63.308093064803394,10.53593222077934
270,0.5,True,809.5517943230351,777.6319028810105,0.3793612790051582,0.1,0.01,anisotropic,0.0125,0.0215443469003188,7,100000,99.0060920715332,34.6386229378001,0.9683789173457792,224.49945863508367,34.534251437737254,0.977480254397164,229.9600784203072,20.8834062180591
271,0.5,True,810.3032812845016,1987.49127550422,0.1587011828982177,0.1,0.01,anisotropic,0.0125,0.2154434690031882,10,100000,98.0381441116333,28.171554020847328,0.9146276292973048,992.5632085737184,28.10736273905239,0.9124654339759566,1007.342833987448,43.61924885324337
272,0.5,True,867.2052462615236,534.2369246458985,0.7032626532150413,0.1,0.01,anisotropic,0.0125,0.0021544346900318,4,100000,98.63804030418396,30.26274604010469,0.8977385795418238,691.6227399277928,30.45615953931692,0.9275299475867076,661.4970536060539,23.55766627982193
273,0.5,True,913.3273120039148,1010.6639384639363,0.3378654177208926,0.1,0.01,anisotropic,0.0125,0.01,6,100000,97.8957462310791,34.85695846093339,0.9515830672423086,271.92749958060745,34.901301431009685,0.9678936031771056,269.16515193295,27.839238481793465
274,0.5,True,511.8310564620768,461.38832807628125,0.4905697446529286,0.1,0.01,anisotropic,0.0125,0.0046415888336127,5,100000,98.05701541900636,32.15203818750592,0.9283585442310256,157.5574521328736,32.50116166772962,0.9635783934442372,145.3873434781158,15.47341211504677
275,0.5,True,502.0147783925124,361.00578724091616,0.49236281978678,0.1,0.01,anisotropic,0.0125,0.0215443469003188,7,100000,98.10281562805176,27.555214706967853,0.9231714818161664,440.7963422149364,28.277054471878035,0.9485724529539148,373.2965752129357,9.70866646718322
276,0.5,True,798.4968837878084,675.1352156399245,0.4533914193650054,0.1,0.01,anisotropic,0.0125,0.0215443469003188,7,100000,98.2915816307068,36.37602824015236,0.9546621566969936,145.44210148662148,36.66902942734122,0.9722953556587848,135.9533840859546,17.87228134308533
277,0.5,True,650.3139668469873,687.6046505206892,0.3212006537071048,0.1,0.01,anisotropic,0.0125,0.01,6,100000,98.28678894042967,32.10953149639704,0.943217983001425,257.60671835895454,32.20034360973459,0.955596943991496,252.27602178698243,17.821207965269966
278,0.5,True,702.2649103804456,680.1448903041112,0.3773347272073891,0.1,0.01,anisotropic,0.0125,0.0021544346900318,4,100000,97.88571619987488,33.59585380717586,0.931460022411099,208.1876105866194,33.21936030897815,0.9370068481898772,227.04096841520112,21.23456004647392
279,0.5,True,795.996876766665,696.9606193393057,0.5499802327581089,0.1,0.01,anisotropic,0.0125,0.0215443469003188,7,100000,98.3621335029602,31.297322470939815,0.9429915110155151,468.50845308742464,31.772496061647185,0.9654182311166868,419.95240429008646,21.04343176730291
280,0.5,True,890.1153364757487,620.946541966038,0.5329532757216588,0.1,0.01,anisotropic,0.0125,0.0046415888336127,5,100000,98.84129333496094,35.03345179652272,0.9258927872222256,228.04007386922493,35.45575973352688,0.957174804008074,206.90947526513887,18.872021143042264
281,0.5,True,338.65716169468425,330.8969047666198,0.4485240809301494,0.1,0.01,anisotropic,0.0125,0.1,9,100000,98.74995756149292,31.32492491399557,0.9739590485433784,84.37006242282786,31.21101371894893,0.977020158129648,86.61228373385214,7.159397761058388
282,0.5,True,376.2073696873041,389.8720000767213,0.4789122819178317,0.1,0.01,anisotropic,0.0125,0.0464158883361277,8,100000,98.73021292686462,31.18348972811877,0.9423204146127552,107.74246480189164,29.927863240158427,0.921335696280382,143.86314671596517,11.571105423492552
283,0.5,True,94.88795790102812,99.1214485025336,0.3471158717449616,0.1,0.01,anisotropic,0.0125,0.2154434690031882,10,100000,98.20943427085876,37.13524833223549,0.9847509777397874,1.7399899286936826,37.78694429571132,0.9916620833654178,1.4975355406323052,2.075518346916362
284,0.5,True,578.7018608551778,574.8696487770137,0.430111354561722,0.1,0.01,anisotropic,0.0125,0.01,6,100000,98.76527404785156,30.793429557685403,0.9391199466398332,274.9140397779119,31.69307610725129,0.9622892898405336,223.4767077585298,17.200199053697045
285,0.5,True,36.906331522945344,22.313123975640742,0.6458760206075805,0.1,0.01,anisotropic,0.0125,0.0046415888336127,5,100000,98.3954336643219,29.40115336456202,0.935719203880719,1.5316873839142164,29.300111593096037,0.94680354697639,1.5677409858276417,0.6792806787275526
286,0.5,True,466.1324201143277,592.2131693367221,0.3012296058086543,0.1,0.01,anisotropic,0.0125,0.1,9,100000,97.29795932769775,36.244153248878185,0.9458992291906488,51.43687281618001,39.058403705512895,0.9823590948291064,26.906023145510098,14.303598457187928
287,0.5,True,543.1019900728691,540.471945236178,0.3925643105589024,0.1,0.01,anisotropic,0.0125,0.0215443469003188,7,100000,96.77515578269958,35.566588214425884,0.970523498125338,81.3985876926406,35.79534265127511,0.9797368468694292,77.22206768461841,12.782246151281068
288,0.5,True,287.25471087615614,293.98677064289205,0.3609899508933178,0.1,0.01,anisotropic,0.0125,0.1,9,100000,96.04505801200868,36.48409853813582,0.9662185838537484,18.433714181135347,38.27554436161249,0.9862697869004008,12.203046524193963,6.723749622010885
289,0.5,True,591.2424273084417,555.4292731674527,0.3400386212476081,0.1,0.01,anisotropic,0.0125,0.01,6,100000,96.85981178283691,32.34376749240431,0.9062515435369948,199.79647110365536,33.684125303159895,0.9671591302699892,146.74118848088776,18.058583295805136
290,0.5,True,31.46974968911038,32.376345730582464,0.3960126155741018,0.1,0.01,anisotropic,0.0125,0.1,9,100000,96.51927423477171,38.40533937506143,0.9792274201261822,0.1428669708461711,39.37450457982466,0.9875390270657765,0.1142918641148804,0.6910630439956715
291,0.5,True,38.3108405604652,29.97532142289127,0.5560051789173202,0.1,0.01,anisotropic,0.0125,0.0215443469003188,7,100000,95.84205365180968,26.868880560368,0.9001366983227398,2.99049556454552,26.92842443415172,0.9115370891899838,2.9497742166813405,0.9540448538085254
292,0.5,True,822.7779600989986,745.4874629382338,0.4157791288561955,0.1,0.01,anisotropic,0.0125,0.0021544346900318,4,100000,95.84986186027528,29.82077833829665,0.9309494817621192,686.4892499388659,31.092550259080376,0.9554431398837838,512.2200199545686,22.32588832855059
293,0.5,True,360.8304507698516,240.11088343464627,0.5508946733204308,0.1,0.01,anisotropic,0.0125,0.0046415888336127,5,100000,95.34792160987854,31.06804708166125,0.9513405354616254,100.74898490037756,30.3309733522506,0.9472413432118992,119.38452945658588,7.4719461520318
294,0.5,True,127.9334521392329,119.38024567977298,0.3674757398318102,0.1,0.01,anisotropic,0.0125,0.0215443469003188,7,100000,96.04538488388062,32.282867178142524,0.9319522874413468,7.492676826916055,33.361777200499525,0.9637821325633962,5.8444816422851815,3.149130370516009
295,0.5,True,522.7210167947495,412.304983705264,0.5296803033920116,0.1,0.01,anisotropic,0.0125,0.0046415888336127,5,100000,95.96458649635316,30.117603180259028,0.9277145134254292,262.4021862091112,30.295487485202127,0.9532792403915976,251.87149418632887,13.58078878369919
296,0.5,True,770.2235595455122,843.1512828386071,0.3881114634974669,0.1,0.01,anisotropic,0.0125,0.01,6,100000,95.67581963539124,32.20043727890427,0.938402648412109,352.92994739430173,33.02895288830935,0.9663993088180368,291.63319140554097,23.87736141493317
297,0.5,True,216.60520646934637,246.96600541941305,0.3873836711239006,0.1,0.01,anisotropic,0.0125,0.0046415888336127,5,100000,95.02972531318665,32.66463815461738,0.894427849331621,24.655594948493277,32.60403304915482,0.9458259140505312,25.002071753420488,8.567256832267143
298,0.5,True,623.2675853431813,690.1570760319221,0.3992182753338857,0.1,0.01,anisotropic,0.0125,0.1,9,100000,93.54521203041077,33.5440452186899,0.9620037971091622,171.62048155820327,33.25437287709481,0.9816142021523728,183.45787147469613,16.120876848869486
299,0.5,True,86.26211752877423,89.9024008859451,0.3717119384414937,0.1,0.01,anisotropic,0.0125,0.1,9,100000,92.42332983016968,36.152981583380296,0.9829076584266696,1.8017710388726875,35.981610981494526,0.9843859286200024,1.874289456360148,2.141971309286602
300,0.5,True,52.63003944743909,45.926201070257534,0.4727971593099635,0.1,0.01,anisotropic,0.0125,0.0215443469003188,7,100000,100.28559923171996,38.67787420367351,0.9640766051158602,0.3731993176663552,40.43628485728014,0.9871039601668602,0.2489429179002583,1.1006873657070564
301,0.5,True,531.8232769365799,436.5454832265432,0.5267087485438939,0.1,0.01,anisotropic,0.0125,0.0046415888336127,5,100000,98.28076601028442,30.669070937015547,0.9396159287631412,233.7804264682404,31.55689120028432,0.9602474707548676,190.55753235046,12.819366655698037
302,0.5,True,541.0944864884964,597.5646329083733,0.3991387887875102,0.1,0.01,anisotropic,0.0125,0.2154434690031882,10,100000,100.2296838760376,35.43780947278843,0.9662480803657424,83.6969708595081,36.07903633770695,0.9837722179302364,72.20828892421672,15.235941124317018
303,0.5,True,637.7924715967083,701.4844706710504,0.3430055775182177,0.1,0.01,anisotropic,0.0125,0.0215443469003188,7,100000,98.7218234539032,28.00525767872641,0.9101754357386946,639.9272660736013,28.411882695751054,0.9293714583044408,582.7309880655292,20.953810465768427
304,0.5,True,726.3652423889389,637.5287282607369,0.4920182696077568,0.1,0.01,anisotropic,0.0125,0.0215443469003188,7,100000,99.33187794685364,27.343119575309643,0.9018079306270604,966.229026815659,27.713983679342373,0.9368363895689864,887.1430809628971,18.963817888639824
305,0.5,True,975.876227383072,1114.1181401530564,0.4030170662264842,0.1,0.01,anisotropic,0.0125,0.0215443469003188,7,100000,100.56777858734132,32.25046934040477,0.91991154783009,562.0460653762385,32.829893553498344,0.9628923604340596,491.84639272559417,32.20990340920206
306,0.5,True,516.7840479528941,550.8576408496058,0.3819848901195471,0.1,0.01,anisotropic,0.0125,0.0215443469003188,7,100000,99.57512974739076,32.79018817878661,0.9693521382013076,138.44392397620786,33.37319389183405,0.9805222703528456,121.05237899715542,14.069219020859594
307,0.5,True,323.6335164683047,454.54898130888336,0.2448865222489903,0.1,0.01,anisotropic,0.0125,0.0464158883361277,8,100000,98.89851331710815,32.296048574489724,0.9103422966666548,58.82905510278043,33.12586621060949,0.94741953103485,48.59707264148948,11.851907473457162
308,0.5,True,795.391008573935,771.7074965624322,0.3626752197329753,0.1,0.01,anisotropic,0.0125,0.01,6,100000,100.3992042541504,32.84197758273021,0.940170571176633,313.2668134563036,33.29490780957073,0.9568442485433716,282.2418218397887,20.101785244385734
309,0.5,True,271.56141901081213,275.3316599287042,0.3795071359441813,0.1,0.01,anisotropic,0.0125,0.2154434690031882,10,100000,98.27032279968262,35.787377638668914,0.9920841128634406,19.43336663783089,35.54160628213993,0.992352604488686,20.56483266264597,5.379300569964418
310,0.5,True,439.53244928493046,481.7789607180623,0.3314895332796683,0.1,0.01,anisotropic,0.0125,0.0002154434690031,1,100000,100.07028603553772,31.126866250431704,0.9044031396014792,144.1199217943322,31.134707040804024,0.9408949085260306,143.85996117146647,15.906072765617024
311,0.5,True,79.37792496092369,78.12355198013368,0.5253303591662571,0.1,0.01,anisotropic,0.0125,0.1,9,100000,98.77641367912292,35.33438136781341,0.971324424317314,1.8205780315060265,35.10740589598423,0.9842421692069072,1.9182572358606824,1.7028048778738996
312,0.5,True,26.325392672042053,23.28520950241064,0.5500535781852585,0.1,0.01,anisotropic,0.0125,0.01,6,100000,101.3091492652893,30.38722903463183,0.9472062626286666,0.6303970054966179,30.10332382893565,0.9511204140069645,0.6729838806111911,0.6476987250958014
313,0.5,True,962.6857662632472,972.6369423587056,0.3973062254858216,0.1,0.01,anisotropic,0.0125,0.2154434690031882,10,100000,98.34767627716064,35.23481496485826,0.9758740825797974,277.3374296815123,36.06199393785089,0.983219903788137,229.24009985733372,21.74300388186021
314,0.5,True,836.1441403916937,987.121500777114,0.299864393711455,0.1,0.01,anisotropic,0.0125,0.0464158883361277,8,100000,101.25655722618104,34.30106107610144,0.9550467971919708,255.84231328533977,34.687941488174864,0.966938613398276,234.0368973723249,25.07852758571777
315,0.5,True,696.2782318876043,679.2871580233478,0.4087016443797576,0.1,0.01,anisotropic,0.0125,0.0464158883361277,8,100000,98.73180508613586,40.7130315682359,0.9904713040338016,41.0431635493104,41.59695527758903,0.9943694044965018,33.484857669445134,14.829749268646037
316,0.5,True,409.5439914698556,376.4968518633914,0.4428366296237083,0.1,0.01,anisotropic,0.0125,0.01,6,100000,100.1653697490692,34.98591189927604,0.968409303859573,51.738552432363,33.933655584178645,0.9611034251805534,65.92344662189282,9.765237546437923
317,0.5,True,174.12102575077492,205.9938698359387,0.2638867776920565,0.1,0.01,anisotropic,0.0125,0.0215443469003188,7,100000,98.60919785499571,32.43920672964243,0.9455393370075046,16.285141225080228,33.336619944392766,0.9687865320052697,13.244946477174024,5.345571167830436
318,0.5,True,157.28060562841495,176.56881174925857,0.4077525945091594,0.1,0.01,anisotropic,0.0125,0.1,9,100000,99.6744601726532,35.23520254409234,0.95786613759535,7.353930383811187,35.789596370116804,0.9769544145916756,6.4726203106990825,4.8182465327753485
319,0.5,True,250.99265526643077,279.99043861674727,0.4209222657905646,0.1,0.01,anisotropic,0.0125,0.2154434690031882,10,100000,98.6140456199646,34.53859161182605,0.9798115859591042,22.15089585458107,34.88962961499237,0.9853223907498562,20.430899847507188,6.632809375249547
320,0.5,True,549.6774380414143,576.1501917732849,0.3548918350599082,0.1,0.01,anisotropic,0.0125,0.0215443469003188,7,100000,100.531840801239,34.8536678852173,0.9660685983781148,97.87138957249483,35.57588761134427,0.9765316693948513,82.87695417010153,13.043408383989794
321,0.5,True,714.8813267773622,718.9228601708066,0.3480467798967702,0.1,0.01,anisotropic,0.0125,0.1,9,100000,98.3926739692688,36.58848041918301,0.9833326266093674,111.99442717630043,36.84717399734093,0.9870282583802296,105.51812245942196,16.507629441859088
322,0.5,True,660.5371793410135,867.2256053494546,0.3789928468500837,0.1,0.01,anisotropic,0.0125,0.0215443469003188,7,100000,99.88925528526306,29.5171517203956,0.9224999765277392,483.2980322713132,30.4158239927466,0.94738015973236,392.9595064819195,23.36011841685956
323,0.5,True,280.6539630489969,325.94996364267365,0.378055940165909,0.1,0.01,anisotropic,0.0125,0.01,6,100000,98.87295770645142,34.29827760392898,0.9729626140964398,28.962304406426597,33.581972046957155,0.9643806882156298,34.155737686438464,8.788039027308939
324,0.5,True,954.9104153825308,982.3448287528922,0.356008092622436,0.1,0.01,anisotropic,0.0125,0.0215443469003188,7,100000,100.0613899230957,32.17884351999179,0.9793353060287796,549.2232060354588,31.71229945532544,0.981623081488963,611.5096085621088,25.719615388190206
325,0.5,True,738.1590197790728,367.11146755591625,0.8239480599380347,0.1,0.01,anisotropic,0.0125,0.0021544346900318,4,100000,99.54841470718384,33.64437433980966,0.9570561760694776,187.32177425779815,33.682479505050374,0.9700552581503156,185.68539511486208,10.624885191520375
326,0.5,True,554.7996984588893,633.0791626092374,0.3702786206623514,0.1,0.01,anisotropic,0.0125,0.1,9,100000,100.1795208454132,32.11689549882572,0.9656992660279964,188.96522971086875,32.327856522231826,0.9773464067419728,180.00550928875924,15.473290189485152
327,0.5,True,612.1090254881179,420.3005815652416,0.5575102269302157,0.1,0.01,anisotropic,0.0125,0.01,6,100000,98.7488329410553,30.70831377526928,0.9288935136079938,316.5603064445314,31.75040202550361,0.9630149755792768,249.02768575751023,11.754864227016382
328,0.5,True,420.1804623653621,394.79056041639313,0.4213224736161652,0.1,0.01,anisotropic,0.0125,0.01,6,100000,99.7703971862793,33.56885509378393,0.9634856693424156,73.96016500149211,33.46081480546874,0.9643145658637212,75.8231635126349,10.227477911851008
329,0.5,True,248.48325851165632,224.90574603858144,0.498451822650013,0.1,0.01,anisotropic,0.0125,0.0464158883361277,8,100000,98.61583399772644,39.602819416532114,0.9889625499026522,6.761995107387532,39.073456028145934,0.9909404250980972,7.638554665916048,5.7102607759516495
330,0.5,True,356.6167059726103,273.6532660490024,0.53974412274109,0.1,0.01,anisotropic,0.0125,0.0046415888336127,5,100000,100.47982788085938,32.04187466618392,0.953982376685535,78.00396337625284,33.15607129913734,0.969506465228392,60.3527420404576,7.582317215372776
331,0.5,True,758.0882643539047,618.1974809598566,0.5071979308483351,0.1,0.01,anisotropic,0.0125,0.1,9,100000,98.85708165168762,37.03868572447877,0.9880551005649224,113.50964469272084,36.61210355706739,0.9906766695952726,125.2249828812051,13.079744671068177
332,0.5,True,15.379095141126111,13.832335156962376,0.3776809449420809,0.1,0.01,anisotropic,0.0125,0.0215443469003188,7,100000,100.080246925354,34.11519311162439,0.969627090480016,0.091385587124458,34.409172423961394,0.9782415646152564,0.0854043074201596,0.3370998454311606
333,0.5,True,116.95656786640932,118.9012026071771,0.3994981569758022,0.1,0.01,anisotropic,0.0125,0.1,9,100000,98.75793623924255,37.07820727415111,0.982626455475728,2.677466514839661,36.82810517787672,0.9857250800829132,2.836183053608932,2.517715656968724
334,0.5,True,46.956639379730994,51.65231730836241,0.2739248491585808,0.1,0.01,anisotropic,0.0125,0.1,9,100000,101.04364490509032,32.092060383727194,0.9517228317330024,1.3611298889663686,32.59304935333274,0.9721073324618904,1.2128320745111452,1.213918886153787
335,0.5,True,41.688073516651166,33.60222288657657,0.4476539346678626,0.1,0.01,anisotropic,0.0125,0.0215443469003188,7,100000,98.31565475463869,32.282795855018094,0.935642446291776,1.002284456774882,32.489654565010184,0.9581416922197769,0.9556637757212726,1.008552674647635
336,0.5,True,855.6051234269962,895.057689726776,0.3518567121110833,0.1,0.01,anisotropic,0.0125,0.0215443469003188,7,100000,99.82909989356996,35.184229073760555,0.9530033277377908,212.9679285799753,34.105448743372634,0.9582570234390368,273.0186028202747,26.45062451513779
337,0.5,True,703.9542015206437,570.4627247333608,0.4969234527630066,0.1,0.01,anisotropic,0.0125,0.0464158883361277,8,100000,98.53308987617493,27.831069466580512,0.942016509707156,813.2678112144271,28.08767045840968,0.9549510514649922,766.6082422070383,14.729857504879377
338,0.5,True,474.6996552582379,524.0267918757697,0.403551077988921,0.1,0.01,anisotropic,0.0125,0.0001,0,100000,100.23975586891174,29.764875871727277,0.9515162244022092,233.71192112239945,27.78491613835509,0.944719037742594,368.7031420925886,15.317403614589248
339,0.5,True,98.73632649035048,95.7997916925635,0.3901732922269307,0.1,0.01,anisotropic,0.0125,0.1,9,100000,98.35931730270386,38.04776941387737,0.9875533307095308,1.5260925606415023,37.84831220353362,0.9916087294946546,1.597815376675043,2.002307437748885
340,0.5,True,492.1242592417156,523.2141000183622,0.4432631408142581,0.1,0.01,anisotropic,0.0125,0.01,6,100000,98.55250072479248,33.48603640814122,0.9410211372966424,104.57668026564735,33.398872980550955,0.9519088527568208,106.69675075270004,15.025386494722072
341,0.5,True,473.9982990097851,384.2144962807374,0.5431620679786238,0.1,0.01,anisotropic,0.0125,0.01,6,100000,95.95533442497252,31.86441954952575,0.9495022803454356,144.64581770867312,32.550696333101925,0.9592759934697994,123.50319777801612,12.008922724413909
342,0.5,True,174.02866804010517,86.60394693372861,0.7240977752916752,0.1,0.01,anisotropic,0.0125,0.01,6,100000,99.75647807121275,30.776884263268517,0.9278234084088312,17.859598261888042,31.280792779347955,0.9532678418857752,15.903064996498305,3.020301853560521
343,0.5,True,434.4177975887351,270.4485544613175,0.5406664798207367,0.1,0.01,anisotropic,0.0125,0.0046415888336127,5,100000,95.99400353431702,31.038752556205825,0.9119632068474264,111.4405402633536,30.68103580097528,0.9284666995742982,121.00822328138123,8.602657764982741
344,0.5,True,399.1062296629761,393.3235909723182,0.4228854709174574,0.1,0.01,anisotropic,0.0125,0.0464158883361277,8,100000,98.0060408115387,36.391893495684656,0.9759597337841758,36.50171581141105,37.342053341366686,0.9850403397221748,29.32900266095785,9.321809215081815
345,0.5,True,616.2342479541643,773.1170787747884,0.3705803893884541,0.1,0.01,anisotropic,0.0125,0.0215443469003188,7,100000,96.48774147033691,32.955212574346696,0.9507709345643792,183.5354832572081,32.702187202269315,0.9523460121363224,194.5461214138313,17.772394124012486
346,0.5,True,635.4585572167762,492.5179838599625,0.6008669895552041,0.1,0.01,anisotropic,0.0125,0.0046415888336127,5,100000,97.58415937423706,32.32035987276178,0.9251212119114924,230.11345893285065,32.32640746053625,0.9430462595876448,229.79324697546767,17.814812409076264
347,0.5,True,46.25870576227247,38.21439392522413,0.5333322670590338,0.1,0.01,anisotropic,0.0125,0.0046415888336127,5,100000,95.93682813644408,33.49193669022769,0.9720334026511795,0.9332884495431436,33.43566964064989,0.973273978817512,0.9454587727718484,1.1246664025196735
348,0.5,True,375.2380020118448,374.7588916530152,0.3802173926655699,0.1,0.01,anisotropic,0.0125,0.2154434690031882,10,100000,96.6767647266388,35.65325197594649,0.9867128682049118,38.25686694223284,35.583583446177265,0.9903212477610832,38.875523780833824,8.479807903909938
349,0.5,True,626.2340557985221,673.7635619664319,0.4240717203636949,0.1,0.01,anisotropic,0.0125,0.1,9,100000,95.56106376647948,37.24725547883498,0.9759213949856594,73.88385710341635,37.88214282710056,0.9878647831519008,63.83528840663959,17.342623794559746
350,0.5,True,503.6331223215077,553.893932219817,0.4232417387733027,0.1,0.01,anisotropic,0.0125,0.0464158883361277,8,100000,99.087797164917,36.112391352992354,0.9552472810504846,62.028142842267286,37.36116960797186,0.9810881347427522,46.52763231479991,14.026869178205684
351,0.5,True,856.633351347134,962.328095883666,0.3274816153506754,0.1,0.01,anisotropic,0.0125,0.2154434690031882,10,100000,98.65402555465698,34.15495485675456,0.9704289847972796,281.6405053318087,34.17754733181866,0.9776918184180232,280.17918481719795,20.29015704324564
352,0.5,True,659.0349379873261,749.5157500506889,0.3547621696474951,0.1,0.01,anisotropic,0.0125,0.2154434690031882,10,100000,98.8903033733368,35.87779438011162,0.9833434020245062,112.2103855922624,36.097118254713095,0.9863312038423684,106.68433815385627,16.517674443367444
353,0.5,True,163.77149265434826,123.65140432439642,0.4819172946668456,0.1,0.01,anisotropic,0.0125,0.0464158883361277,8,100000,98.46991562843324,31.931719875407197,0.96574328030062,17.13186604085955,31.95442136556298,0.9787250059866788,17.042547803431344,3.1274168002891995
354,0.5,True,71.49817865302941,63.882002305995854,0.4421483776628981,0.1,0.01,anisotropic,0.0125,0.0464158883361277,8,100000,97.88468146324158,35.60115361599922,0.9736560309234764,1.4068567553038254,36.25625475745901,0.983096567880058,1.209872947560453,1.646848099776754
355,0.5,True,642.7768589281093,600.8168849602716,0.4993583885409851,0.1,0.01,anisotropic,0.0125,0.0464158883361277,8,100000,98.98027849197388,28.13610821344844,0.92476343642178,633.4465991896062,28.82663682519488,0.9522680575449792,540.3275947455957,14.776707735578608
356,0.5,True,27.484799231080192,18.85303269015949,0.5724285676579078,0.1,0.01,anisotropic,0.0125,0.0215443469003188,7,100000,98.58856511116028,26.98517011462645,0.9043578983526388,1.5085510271997635,27.95660394767752,0.9535200546271368,1.206192494056351,0.4869395179517196
357,0.5,True,586.1898056921898,599.2272921151241,0.4352067450832462,0.1,0.01,anisotropic,0.0125,0.0021544346900318,4,100000,99.05977320671082,29.47464435365896,0.8956573276475769,382.4475026235767,28.92831848840867,0.926116822555639,433.7149734418293,20.314699848424425
358,0.5,True,940.2900111835328,875.2034566326032,0.3942703102314545,0.1,0.01,anisotropic,0.0125,0.01,6,100000,98.50682020187378,33.075682734303314,0.9677160060241518,415.8418162582111,33.59637815710477,0.9729240973634348,368.8574985699647,21.67814644751221
359,0.5,True,575.898703698003,560.5653198667704,0.4513568699557293,0.1,0.01,anisotropic,0.0125,0.1,9,100000,99.32483315467834,38.652582650452125,0.9842412655721822,45.21974002217243,39.14217994677887,0.9886613411622616,40.3987875769852,14.36423968051386
360,0.5,True,388.7817562803154,432.6591625338093,0.4301719213032202,0.1,0.01,anisotropic,0.0125,0.1,9,100000,98.81650471687315,34.93131635629506,0.9637320669649364,48.53086218400141,35.93835527855999,0.9800432753354392,38.48700486003239,10.977279149754674
361,0.5,True,643.6449302239108,541.6966649787727,0.4722621367292477,0.1,0.01,anisotropic,0.0125,0.0464158883361277,8,100000,98.73670315742493,34.118320624047314,0.9347817114977012,146.17978458337268,34.75829267299275,0.9638276680921348,126.1508301127603,15.217991814802575
362,0.5,True,458.7946376010251,413.3520440376322,0.4285937397078921,0.1,0.01,anisotropic,0.0125,0.1,9,100000,98.63013625144958,31.65948605919242,0.9548250894288072,143.617652607828,32.203498351992074,0.9739443624908842,126.70874655178032,10.136380385466191
363,0.5,True,546.071172526619,540.1514853065514,0.3850449879646309,0.1,0.01,anisotropic,0.0125,0.2154434690031882,10,100000,98.82539916038512,37.52785099411727,0.9921369850528872,52.64221215000698,37.57729656799676,0.9946549062554956,52.04626560197841,10.711301392388748
364,0.5,True,941.5233439677486,930.781862651503,0.3264228991803362,0.1,0.01,anisotropic,0.0125,0.1,9,100000,99.45034837722778,35.250096635119974,0.9740137251173688,264.49407923365897,35.27721054591562,0.9778319739952532,262.84793147100487,23.676957030824003
365,0.5,True,386.7165351629735,528.7023268781378,0.2945416443158841,0.1,0.01,anisotropic,0.0125,0.01,6,100000,98.96328473091124,33.15557045656461,0.9599652662521232,68.08754079195523,32.94764945826474,0.9610734805672648,71.42656228354902,13.580021657039438
366,0.5,True,961.2293732600904,835.5241511957776,0.5609392257111361,0.1,0.01,anisotropic,0.0125,0.0046415888336127,5,100000,98.84870195388794,33.516186783937776,0.9534078455712076,407.8281847549537,33.74746484175568,0.9690219756691596,386.6779705115201,27.309351283495158
367,0.5,True,905.4452913141076,694.8554468432758,0.5093725808193298,0.1,0.01,anisotropic,0.0125,0.0215443469003188,7,100000,99.35802006721497,35.72974919380438,0.9709086605994652,218.4770887200718,36.19170908251696,0.9812424641982234,196.430947353554,17.842808937089075
368,0.5,True,196.59534365450716,399.2331792098418,0.2020976709406695,0.1,0.01,anisotropic,0.0125,0.2154434690031882,10,100000,99.01346468925476,32.01411565574796,0.9560001798894217,24.26559579141639,31.6715680765455,0.9657537866863152,26.25703704556561,8.337900751535471
369,0.5,True,70.2919395742903,62.29147091406503,0.358789152943202,0.1,0.01,anisotropic,0.0125,0.0464158883361277,8,100000,98.27441668510436,31.43821344851457,0.9630064652876588,3.5355123128805737,32.34981643982248,0.9772038467612696,2.8661047239500745,1.517434104121401
370,0.5,True,101.67722337604924,98.08609203021516,0.484364975566614,0.1,0.01,anisotropic,0.0125,0.0464158883361277,8,100000,98.36922931671144,37.98754482375826,0.9704590657107818,1.6412737304743132,39.200418040039125,0.9850718422088384,1.2413484228429332,2.7386712667555497
371,0.5,True,19.203603825898178,15.502082245243956,0.4450259664362039,0.1,0.01,anisotropic,0.0125,0.0046415888336127,5,100000,98.35084748268127,30.70802961126092,0.9362560089593052,0.2673720109611905,30.17233111660591,0.9395585492222028,0.302472427619849,0.416976372826521
372,0.5,True,95.34851779517248,61.97123354107651,0.6197408678081747,0.1,0.01,anisotropic,0.0125,0.0021544346900318,4,100000,99.33938550949097,33.377853194814485,0.946978687461196,3.8539768740032874,33.43775278871768,0.9599870592199626,3.8011862088961257,1.8861199904610355
373,0.5,True,683.3237666429405,713.9056283101515,0.3909423996218601,0.1,0.01,anisotropic,0.0125,0.2154434690031882,10,100000,98.13272762298584,36.93848101850946,0.9880052012564364,94.31007507887622,37.11929858232272,0.99081809608932,90.46411402375276,15.209007003124482
374,0.5,True,72.11745981176875,94.79398263970604,0.3039785543471706,0.1,0.01,anisotropic,0.0125,0.0215443469003188,7,100000,99.24894952774048,34.77427409613384,0.9545795873369768,1.64278168183576,35.492504301408104,0.9655485373940504,1.392376968652344,2.171822111722735
375,0.5,True,319.6566546634675,255.81929617371568,0.5354190626236501,0.1,0.01,anisotropic,0.0125,0.01,6,100000,98.61095571517944,33.251604409129776,0.9556280623143776,47.866297197373136,34.57025668667964,0.9816217813951802,35.33170577762049,6.655281879667252
376,0.5,True,845.0304356584851,859.6954548909605,0.3147731755858177,0.1,0.01,anisotropic,0.0125,0.0215443469003188,7,100000,98.99039816856384,35.14987511472074,0.9416949002414096,215.21779776329413,32.94537357787561,0.9368137188471536,357.5430469203061,20.236210824271065
377,0.5,True,24.24866380009004,22.781295164148503,0.4493974799483195,0.1,0.01,anisotropic,0.0125,0.01,6,100000,98.82765102386476,31.01481850206708,0.94085588024712,0.4549104779414231,31.705764109761148,0.9640926024305342,0.3879996905925523,0.628396616221827
378,0.5,True,814.6540141063468,657.4669173672819,0.4695149375066396,0.1,0.01,anisotropic,0.0125,0.0021544346900318,4,100000,98.8578610420227,31.95623436771364,0.9188455423539406,403.2652610529059,32.543130710434625,0.9463470184325716,352.29069908370195,21.69044143984003
379,0.5,True,282.5729199986265,284.8884267023851,0.37637121668032,0.1,0.01,anisotropic,0.0125,0.0215443469003188,7,100000,98.90564250946044,30.87293330123623,0.9418958824265986,65.22270258628879,32.031879577690454,0.9636732189385632,49.94639675857525,7.552279779601326
380,0.5,True,119.0466627940346,124.78758276220944,0.301730270180192,0.1,0.01,anisotropic,0.0125,0.01,6,100000,98.6376748085022,30.92636006082668,0.9113951757319996,11.263048766703948,31.977199121086063,0.9441123528374624,8.842438715007404,3.6530729059662455
381,0.5,True,697.0404281987865,885.6847689591743,0.2907389865316013,0.1,0.01,anisotropic,0.0125,0.0464158883361277,8,100000,98.76099467277528,28.91789064443124,0.9115850744832436,612.7892982217353,29.501279731252,0.9398651416613912,535.7624395682632,22.30078994091301
382,0.5,True,629.3139039331041,493.0223530955933,0.5159121157485728,0.1,0.01,anisotropic,0.0125,0.0046415888336127,5,100000,98.87634491920473,30.988550706187947,0.9355072074949184,313.167569616985,30.58101181575575,0.9586589044171554,343.97800310398503,14.78085833142534
383,0.5,True,877.5945415135259,715.6457866987488,0.409549306013111,0.1,0.01,anisotropic,0.0125,0.01,6,100000,99.12831163406372,34.490392509544,0.9477426464932016,253.47682146391023,34.75637191857002,0.9652667935248058,238.41869781716235,20.351066950303103
384,0.5,True,735.3359727600819,767.116897678205,0.3188110531451379,0.1,0.01,anisotropic,0.0125,0.2154434690031882,10,100000,98.40661597251892,37.579613976976944,0.9864248544372533,94.29729581775896,37.67167084818251,0.9882122971629206,92.31952290606422,14.902571177731613
385,0.5,True,803.6774494544637,930.8087689700798,0.363775136933863,0.1,0.01,anisotropic,0.0125,0.0215443469003188,7,100000,97.17236590385436,33.48987676081144,0.9407567904622488,288.3224152959537,34.155608798587124,0.9825226083300462,247.3461777884647,25.939721854811072
386,0.5,True,282.7525379987352,262.4054395276839,0.4592557696583411,0.1,0.01,anisotropic,0.0125,0.01,6,100000,96.86356353759766,32.26041327875674,0.9521992974852586,47.008413528697,30.354206890863576,0.9301343084200756,72.91153363520121,7.752025094768692
387,0.5,True,178.2621042359431,140.3024816174002,0.5220348848112609,0.1,0.01,anisotropic,0.0125,0.0046415888336127,5,100000,97.0787422657013,28.34144787774537,0.9277556766437428,46.3114990074761,28.485639182733827,0.9454736365358356,44.79914318971543,4.391506246079191
388,0.5,True,750.8641368892174,842.0917513977139,0.2778802933088009,0.1,0.01,anisotropic,0.0125,0.0215443469003188,7,100000,96.73995065689088,32.48633010528066,0.9519026048343155,314.8779514399559,32.378048837542195,0.9591567221136024,322.82739232318096,22.745958745366387
389,0.5,True,807.0279045279967,665.8482373745383,0.4408035996218912,0.1,0.01,anisotropic,0.0125,0.0215443469003188,7,100000,96.79637360572816,35.11298327138225,0.9660634692089856,198.87848993830204,35.53190208588893,0.9815342286476902,180.59092908289855,16.279065958852442
390,0.5,True,990.5146368586726,936.9682416010244,0.4286138046150636,0.1,0.01,anisotropic,0.0125,0.1,9,100000,96.26166462898254,38.096123462062494,0.9888752805172252,151.95623265699786,37.00134612110031,0.9909956163640274,195.52227956105287,23.42355726859829
391,0.5,True,413.20505923451503,430.1339200944476,0.3030727142674072,0.1,0.01,anisotropic,0.0125,0.4641588833612777,11,100000,95.46379971504211,30.091119294829504,0.9514877063491032,166.71917282011012,30.379348524286637,0.9615306123247038,156.01365950561265,9.09386983593519
392,0.5,True,372.6460677069904,372.7550548752552,0.4389408491091344,0.1,0.01,anisotropic,0.0125,0.0464158883361277,8,100000,96.46510076522829,25.44729689342604,0.9106891518554656,395.3466061071581,25.75283615122773,0.90338770868713,368.48862763520384,10.682375108576178
393,0.5,True,776.6365477812549,802.5897171564862,0.4369829606202476,0.1,0.01,anisotropic,0.0125,0.0046415888336127,5,100000,96.25786805152892,32.94857400235252,0.9499407470876864,293.27663152832025,32.58128819247869,0.9580294629924464,319.1582245623084,22.53503260808423
394,0.5,True,341.4627367127648,320.0557249730831,0.4020930756995334,0.1,0.01,anisotropic,0.0125,0.0215443469003188,7,100000,96.14941334724426,34.13986550040227,0.9347005429334494,44.82197686961721,34.475806506719344,0.9657238050639206,41.48555519000829,9.777794226221898
395,0.5,True,930.8265682779612,694.9610647179172,0.5804141274032671,0.1,0.01,anisotropic,0.0125,0.0021544346900318,4,100000,93.76576972007751,31.526479666728637,0.919013130867968,597.790750655518,31.084073660911866,0.9263302825231076,661.8960535679176,27.492097036656936
396,0.5,True,858.5543390911688,971.9260005349472,0.3952508753633293,0.1,0.01,anisotropic,0.0125,0.1,9,100000,93.91414189338684,34.491304859793615,0.9560022662160108,260.45436082858924,34.97616947543135,0.9736219119448558,232.94059031878083,25.934671595229894
397,0.5,True,429.56503334764335,367.4329428041135,0.4120221169324615,0.1,0.01,anisotropic,0.0125,0.0046415888336127,5,100000,89.9165403842926,30.502823394755872,0.9170114367861408,162.51282719280704,31.110076472179923,0.933824781630324,141.3065645491871,12.069193461572755
398,0.5,True,751.1201967237058,446.01973339608537,0.687917796792798,0.1,0.01,anisotropic,0.0125,0.001,3,100000,90.1710193157196,34.06695964584527,0.949902667801746,219.82393799645985,34.40784528992933,0.9623037699494528,203.2293458587692,13.273397212738736
399,0.5,True,754.7883312105977,708.5190663212646,0.3652827531412655,0.1,0.01,anisotropic,0.0125,0.2154434690031882,10,100000,89.70036911964417,34.13921868918107,0.9811823196834876,219.38932736329264,34.2074066090785,0.9833751577636672,215.971629298629,15.6410768343009
400,0.5,True,104.02074496709668,87.41295559242747,0.4528237677165077,0.1,0.01,anisotropic,0.0125,0.0464158883361277,8,100000,97.13008236885072,35.2795648072896,0.977372482471014,3.2047261611274767,34.78370695832774,0.9713726217372196,3.592334015001058,1.9168674726991868
401,0.5,True,902.6503537728872,572.4995297229611,0.6850241124400449,0.1,0.01,anisotropic,0.0125,0.0464158883361277,8,100000,96.9679856300354,32.11982706912358,0.9360567851124402,408.5874746993432,32.38439181597694,0.9455874546878864,384.44000520851966,14.821414315611358
402,0.5,True,505.74712007540927,408.4240603035047,0.5810227221035801,0.1,0.01,anisotropic,0.0125,0.0046415888336127,5,100000,96.83164048194884,35.18840556406559,0.9635797895291232,73.74518071782886,35.83108200792788,0.9820860774237308,63.60130105397012,10.646423878952584
403,0.5,True,826.6310086416339,1013.614356484468,0.3239533156197658,0.1,0.01,anisotropic,0.0125,0.1,9,100000,96.69636869430542,29.41277521775736,0.9218430217589916,779.3380538539094,29.643883253289964,0.9482662440892248,738.9500436443201,27.775488687927385
404,0.5,True,320.72955142958114,388.058198883134,0.3638602596233985,0.1,0.01,anisotropic,0.0125,0.1,9,100000,98.43522834777832,37.85947104332786,0.9723079607837604,16.83442126284856,39.41458386361104,0.9862963732647536,11.767573204868544,9.295777792109972
405,0.5,True,895.6277052677043,1073.5572187330447,0.3326171956944487,0.1,0.01,anisotropic,0.0125,0.2154434690031882,10,100000,96.39234113693236,34.19812563164433,0.9574725703335926,304.7947735714114,34.346677001122096,0.972115388299574,294.54549098418033,25.413775962382456
406,0.5,True,389.8124770554289,328.10423350256,0.5534833159072511,0.1,0.01,anisotropic,0.0125,0.01,6,100000,96.55253434181212,33.30359530067106,0.9712082429015384,70.82867717421364,34.47438874124257,0.9818990843760396,54.09159488435437,9.503988547112144
407,0.5,True,11.826813828818064,12.03514211610078,0.3238351496682631,0.1,0.01,anisotropic,0.0125,0.2154434690031882,10,100000,96.71564054489136,31.063113914634787,0.9602560797826152,0.1093733515952984,31.017441741609414,0.9650550009349024,0.1105296355378659,0.283955793131332
408,0.5,True,905.4765944428444,615.6215337571002,0.5115590515752089,0.1,0.01,anisotropic,0.0125,0.0046415888336127,5,100000,96.53532600402832,33.3263034964645,0.9570279855659644,347.647857343276,33.84591364458866,0.9678350548552176,308.4455736164089,18.509887162993262
409,0.5,True,92.19539010934744,64.98078942332565,0.6568097451491669,0.1,0.01,anisotropic,0.0125,0.0464158883361277,8,100000,97.038827419281,37.26867661760859,0.9689629759305496,1.5779581449146851,37.57791023929984,0.9821002867723873,1.4695085500226222,1.6719943094525027
410,0.5,True,319.99432395282446,317.8136275495328,0.4006402510272314,0.1,0.01,anisotropic,0.0125,0.1,9,100000,96.64254069328308,39.49401640496927,0.990016137543002,11.495824896009587,39.75733307481873,0.9955784890238484,10.819531932999192,6.838140265290073
411,0.5,True,950.111905083754,931.8660275301175,0.3971340188091512,0.1,0.01,anisotropic,0.0125,0.0215443469003188,7,100000,96.17550110816956,35.062103019380054,0.9632399697181164,277.4527505055138,35.9863225051897,0.9821775313321248,224.2678842545112,23.697446604542176
412,0.5,True,950.6565397906186,1078.8730635375066,0.3472329388752463,0.1,0.01,anisotropic,0.0125,0.1,9,100000,96.69621658325195,37.92656073206367,0.9787775177377548,145.5292648845849,38.037058285152334,0.9846929984296094,141.87327048665503,23.20668445078384
413,0.5,True,573.8644502351628,560.5359497025903,0.4860378360242654,0.1,0.01,anisotropic,0.0125,0.1,9,100000,95.42142987251282,34.25422105815666,0.9772516721634036,123.59691991203492,34.28954246235771,0.9870955679145984,122.59577619966142,15.057346878359228
414,0.5,True,632.2053749576295,671.9876445551552,0.3726143044972275,0.1,0.01,anisotropic,0.0125,0.1,9,100000,95.94586515426636,38.12157162495143,0.9832293187155474,61.47651521137839,37.911795449543895,0.990323763697148,64.5188858511685,15.290516243377516
415,0.5,True,448.9970764563415,438.2146392876036,0.3668574679325895,0.1,0.01,anisotropic,0.0125,0.2154434690031882,10,100000,96.65016841888428,35.7255737791954,0.9914344068085916,53.91433846037041,36.049473846486215,0.99278383606459,50.039651220205855,8.427179613543888
416,0.5,True,293.9175609263665,386.9602213523023,0.3260026261204715,0.1,0.01,anisotropic,0.0125,0.01,6,100000,95.52560257911682,32.70925466552826,0.9337005074838066,45.978678412320505,32.368407747026254,0.946882193341804,49.732601289429255,11.442949781682298
417,0.5,True,329.33588082454605,393.63917340561335,0.2962383522681022,0.1,0.01,anisotropic,0.0125,0.0464158883361277,8,100000,95.93985033035278,31.665515168053403,0.9197708084891884,72.26851738752246,31.986551621500453,0.9594751823773212,67.11900346433823,11.587483154867632
418,0.5,True,672.8459376209614,608.545127193458,0.4686492616789671,0.1,0.01,anisotropic,0.0125,0.0215443469003188,7,100000,96.63971614837646,35.346306273543746,0.9593709886736156,131.44890044289687,34.59903277178283,0.9615013749440864,156.1292623359511,16.065228006143947
419,0.5,True,752.6221549082424,743.163019832991,0.3510510831273969,0.1,0.01,anisotropic,0.0125,0.1,9,100000,96.22562098503111,33.65517062504807,0.9628107902746376,243.8921233543618,33.70374354573751,0.9744004548340098,241.17955119931628,18.286746199930857
420,0.5,True,791.7874646821227,780.8182789472671,0.4080635548940856,0.1,0.01,anisotropic,0.0125,0.1,9,100000,95.91559553146362,37.14604329873532,0.9792470733595566,120.81138616803314,37.06584829352791,0.9820782780532078,123.06296313055834,18.373497854866624
421,0.5,True,789.8285246517594,760.6558282678287,0.4460419326764421,0.1,0.01,anisotropic,0.0125,0.0215443469003188,7,100000,96.66020846366882,33.78312531665901,0.9382259539916632,256.6199749608679,34.44836403520635,0.9547451100461676,220.17428080869317,19.770998532116938
422,0.5,True,92.11489694564168,91.12114154757336,0.4516136643411253,0.1,0.01,anisotropic,0.0125,0.1,9,100000,95.82489943504332,37.749923605119335,0.9836753344316984,1.4237555509700297,38.22392867764403,0.9903325602850112,1.2765414556616044,1.9752092214393624
423,0.5,True,494.92588439787886,411.92119280220095,0.4773416067042176,0.1,0.01,anisotropic,0.0125,0.01,6,100000,96.25691652297974,34.66398123272637,0.9761087728951228,83.3926152448052,33.959738556281565,0.9813588306136392,98.07354222270855,12.344577270346845
424,0.5,True,58.50120125662764,48.0408947381565,0.5021491021848652,0.1,0.01,anisotropic,0.0125,0.1,9,100000,96.4424328804016,35.43298941436961,0.9782874783798696,0.975759332450428,35.758091355337235,0.9854218347780273,0.905383383438983,1.1489380227864354
425,0.5,True,549.9793534414118,528.4859250000582,0.4744325230958942,0.1,0.01,anisotropic,0.0125,0.01,6,100000,95.56249690055849,34.5664760823871,0.9718096093671936,103.40701142044452,34.947640072847065,0.9760534565136734,94.7182330249372,13.538136849582845
426,0.5,True,442.0889708720037,332.45784497165647,0.6059475850071924,0.1,0.01,anisotropic,0.0125,0.0021544346900318,4,100000,96.32311296463013,31.83500458402651,0.9432357122404936,123.32160876588765,31.569422506000635,0.954590048629817,131.09839941041326,11.611982157726803
427,0.5,True,887.8164785755415,940.8156368075472,0.4485049689674444,0.1,0.01,anisotropic,0.0125,0.0464158883361277,8,100000,95.73824071884157,32.99562956194483,0.9520826768952412,394.546829493604,33.36896298254337,0.9723720125937652,362.0472189048278,23.396355368644723
428,0.5,True,351.5640975395266,328.0650935400511,0.3743876863466687,0.1,0.01,anisotropic,0.0125,0.0464158883361277,8,100000,96.359370470047,32.79405592495211,0.9496942950697552,64.58989272152871,33.671892895963644,0.9732638454598004,52.769243249739766,8.4581264439053
429,0.5,True,117.94994941117824,111.91941694992666,0.4135687149706508,0.1,0.01,anisotropic,0.0125,0.01,6,100000,96.78021621704102,28.336207981067357,0.8843247730862287,19.858656802767364,28.926191695201968,0.9166001152109278,17.336103813019818,3.768825878359344
430,0.5,True,143.84869037078303,138.81051827851903,0.4533546600251375,0.1,0.01,anisotropic,0.0125,0.0464158883361277,8,100000,96.15879225730896,37.653480729944654,0.959999475187389,3.523541502732736,37.00654476498171,0.9610689397557975,4.089526133069676,3.27593761773184
431,0.5,True,761.7491210857547,603.815456925382,0.4804804779220077,0.1,0.01,anisotropic,0.0125,0.0021544346900318,4,100000,97.10410141944884,29.32915641749369,0.9341777682089856,639.7490426808887,29.704697001894463,0.9484269681194948,586.7533613633459,18.56922044767935
432,0.5,True,618.5998452529448,740.2864636582236,0.3541481846637107,0.1,0.01,anisotropic,0.0125,0.2154434690031882,10,100000,96.13372111320496,33.10505889066071,0.96884333198624,186.8117068678444,33.271055596572275,0.9802035257790974,179.8060986210368,15.348842529055348
433,0.5,True,102.02155344666744,115.586060564186,0.3417323555274891,0.1,0.01,anisotropic,0.0125,0.01,6,100000,96.6749188899994,34.27100146040394,0.9382273934854544,3.8124630578879,31.60335435859411,0.9337709601437106,7.046449670570687,3.3432604036277285
434,0.5,True,85.02269930888244,78.72541660181746,0.4451153568618967,0.1,0.01,anisotropic,0.0125,0.0464158883361277,8,100000,96.42275595664978,37.86799431627766,0.9775234410042876,1.1806661695573937,38.80507829392632,0.9861660000792436,0.9515217535515368,1.894577635966296
435,0.5,True,701.2681623276609,539.5560837045351,0.5853475365778684,0.1,0.01,anisotropic,0.0125,0.01,6,100000,96.21097350120544,29.48639003825896,0.9280855979342024,549.7713313581867,29.654103570999155,0.9387453987409712,528.9452675774933,19.054760088587837
436,0.5,True,73.69024335782933,64.92486339086736,0.5204701668311174,0.1,0.01,anisotropic,0.0125,0.0215443469003188,7,100000,95.72854495048524,28.13841124654852,0.9418789526215084,8.269413261377858,28.851994132567587,0.9570419619961876,7.016433405838067,2.041576343243624
437,0.5,True,822.0381992310658,864.6762762115928,0.3761901534401093,0.1,0.01,anisotropic,0.0125,0.0046415888336127,5,100000,95.90064692497252,34.13738458462353,0.9653471145272507,255.17966701142055,33.7084136381811,0.9663710803444562,281.6716650403188,22.084903101296103
438,0.5,True,706.5359849293397,726.3665651404312,0.4175687068802474,0.1,0.01,anisotropic,0.0125,0.2154434690031882,10,100000,95.52476811408997,35.90059904140381,0.9911576493255246,128.19253332356342,36.443350202696045,0.993833677827652,113.13255983577784,14.205273376982246
439,0.5,True,82.26743186125786,80.2051206701064,0.4278226206259609,0.1,0.01,anisotropic,0.0125,0.0464158883361277,8,100000,97.05430793762208,33.951916902029126,0.9636286814987604,2.71409963965156,33.91983831602439,0.9757665364391764,2.734221197861081,1.8275456057416384
440,0.5,True,85.75287637110672,90.82778555821044,0.4529085186398937,0.1,0.01,anisotropic,0.0125,0.1,9,100000,95.55388116836548,35.9543038691578,0.9800171807562588,1.864012651185574,35.858634516724706,0.9889636867341692,1.9055300013851133,2.073640536668601
441,0.5,True,986.6529389226744,985.2414848286994,0.57172260404789,0.1,0.01,anisotropic,0.0125,0.1,9,100000,95.84144616127014,36.75148222448919,0.980104091310893,205.62591982174635,36.90924597504336,0.9863694474898952,198.2903059958269,25.68477293679539
442,0.5,True,374.8965249603642,414.2382382960421,0.4003853506842985,0.1,0.01,anisotropic,0.0125,0.1,9,100000,95.231055021286,36.21949700720751,0.974521345345879,33.49874963571237,36.62334711373611,0.9818158416419168,30.52415051086629,9.22834649143295
443,0.5,True,371.271504919824,433.42058466021007,0.378315423013778,0.1,0.01,anisotropic,0.0125,0.0215443469003188,7,100000,95.67891097068788,31.18134347399761,0.9345586486305568,103.25293612932612,30.6765663932754,0.9474082321634,115.97920254885264,12.70529881675728
444,0.5,True,812.9867676902451,848.8924917730855,0.4262159446773418,0.1,0.01,anisotropic,0.0125,0.1,9,100000,95.83638858795166,35.285857140113926,0.9767505970099304,195.57498084649305,34.90972031363966,0.9815644509617032,213.2686299544827,22.415730176669555
445,0.5,True,947.3013288064748,897.5575079732507,0.3702791610899815,0.1,0.01,anisotropic,0.0125,0.1,9,100000,96.60208010673524,36.200358139482965,0.9706555938799354,214.74780984322533,37.36399712156454,0.986148606894534,164.27249187125207,22.04790182089752
446,0.5,True,986.015062759048,991.0395685693996,0.380835223442805,0.1,0.01,anisotropic,0.0125,0.1,9,100000,95.53381538391112,35.32199973499795,0.9727114308770152,285.082712073595,36.27565971631754,0.984365306012557,228.87843939772884,21.12549469484146
447,0.5,True,753.6248070736826,613.4973267955847,0.4995279281346853,0.1,0.01,anisotropic,0.0125,0.0215443469003188,7,100000,96.16441750526428,34.114501166218005,0.9578270731505046,203.88637860600105,33.686252583955124,0.9677300515460442,225.0158290861629,16.079147592253122
448,0.5,True,376.88332594538485,513.8846233605577,0.329141589565651,0.1,0.01,anisotropic,0.0125,0.0464158883361277,8,100000,95.4293041229248,30.488642884366477,0.9087894709020854,113.53828805468764,30.602325520944504,0.9391889410505952,110.60482626948132,13.158389119087628
449,0.5,True,84.4172159819701,71.34937191406442,0.3800246536106301,0.1,0.01,anisotropic,0.0125,0.0046415888336127,5,100000,96.6602885723114,31.62371685707745,0.9369928643548964,4.482810774491597,31.38625925608408,0.944898984067118,4.734740345873215,2.1526601110560124
450,0.5,True,777.3697690115093,701.9622796210335,0.3608134050158337,0.1,0.01,anisotropic,0.0125,0.1,9,100000,95.287184715271,39.05703392547748,0.9888098789574392,75.05358071631697,39.42780926603389,0.990862298593526,68.9118458099117,14.639942912398167
451,0.5,True,558.8458454860693,741.9418956234066,0.3287558241628339,0.1,0.01,anisotropic,0.0125,0.1,9,100000,96.27117609977722,34.6861605461917,0.9579587928111772,105.49510394683637,33.88712233694218,0.9697210081460824,126.80492610885612,17.74932805402078
452,0.5,True,424.7977872377293,531.7266439985489,0.3354934509724347,0.1,0.01,anisotropic,0.0125,0.1,9,100000,96.1690480709076,32.958896235314114,0.9798128121844012,91.00861846787132,33.37652419412998,0.9832949274972989,82.66462992850687,11.43390626502581
453,0.5,True,906.4480307096412,1089.9190960523847,0.402695384244584,0.1,0.01,anisotropic,0.0125,0.0215443469003188,7,100000,95.93445491790771,33.88047654098154,0.962047219994356,334.2406114269272,32.899914677847065,0.9705831963580712,418.90486431173775,30.01317495013213
454,0.5,True,112.0862848238452,108.5092079618006,0.4281558833577639,0.1,0.01,anisotropic,0.0125,0.001,3,100000,95.9770290851593,32.63811867090957,0.9511865807516688,6.688253685513937,32.188880015614245,0.9622856442190189,7.41714216183717,3.107580050354815
455,0.5,True,493.1324791865683,475.9875706586399,0.4434281198816732,0.1,0.01,anisotropic,0.0125,0.1,9,100000,95.96385312080383,30.08251650145631,0.9652141011751896,237.51104862652863,30.092144120023264,0.973535714575297,236.9851075516733,10.888384242079054
456,0.5,True,12.34229112265165,11.105829445597482,0.4303002609756091,0.1,0.01,anisotropic,0.0125,0.01,6,100000,95.94378399848938,31.287035986790677,0.9280613526783844,0.112061823328347,31.97830169201373,0.94214156880972,0.0955720967249146,0.3135777806204127
457,0.5,True,469.1919813521321,463.95301327201184,0.450176581222844,0.1,0.01,anisotropic,0.0125,0.01,6,100000,96.23162746429443,31.913980617287176,0.9411086525616128,121.35166791350296,31.692246546867832,0.943074599417754,127.70830973581008,11.791348721029337
458,0.5,True,57.24697240615552,57.354275892502,0.4224535335333618,0.1,0.01,anisotropic,0.0125,0.2154434690031882,10,100000,95.7920458316803,38.44670030282924,0.9938508015234598,0.4677797029600004,38.521385282374,0.9947120255687124,0.4598041384655714,1.259798536978547
459,0.5,True,119.69909835180384,125.5871230125328,0.5282545098899385,0.1,0.01,anisotropic,0.0125,0.0464158883361277,8,100000,96.79382276535034,31.384055275014838,0.9602355001877676,10.401062540569171,31.666688570984576,0.9716535804323762,9.745730063526464,3.1211927386652984
460,0.5,True,118.40872053032776,96.9095523517436,0.4752354624030384,0.1,0.01,anisotropic,0.0125,0.0215443469003188,7,100000,96.43390202522278,29.46734137454751,0.9482518286783072,15.72564030540779,30.14835693550804,0.9650515331255316,13.44332758777121,2.8908275574581
461,0.5,True,649.5610918139475,601.3011733674659,0.4347712253084683,0.1,0.01,anisotropic,0.0125,0.1,9,100000,96.60672092437744,33.89955245941645,0.9780887783729382,171.72605221823736,34.298012832336376,0.982086384204234,156.67155316151965,15.421901764527089
462,0.5,True,746.2988343861579,563.5451192359667,0.4890724353815253,0.1,0.01,anisotropic,0.0125,0.01,6,100000,96.01338934898376,31.87491415117749,0.9443154864393528,354.96370595295247,32.895169338862765,0.9754048387835188,280.6457250277953,17.907896906672782
463,0.5,True,583.7853963320624,511.35918029935806,0.3617202907593345,0.1,0.01,anisotropic,0.0125,0.01,6,100000,96.70867538452148,29.73310838549908,0.9167733230554296,359.4547875308925,30.053394329536665,0.947111095814391,333.8994301712178,17.453994303635422
464,0.5,True,962.2103759260674,1041.566312068588,0.3685242355332345,0.1,0.01,anisotropic,0.0125,0.0464158883361277,8,100000,96.16345739364624,31.303288410135345,0.9348600720207704,574.2799537203638,31.609990779153225,0.949742417621374,535.1227561819629,26.444829329931725
465,0.5,True,375.4957089441804,431.61000922272143,0.3312393189481904,0.1,0.01,anisotropic,0.0125,0.0215443469003188,7,100000,96.33253455162048,35.73588750126191,0.9813205265869664,36.84497317804767,35.66969738286885,0.9837004750366536,37.41082250092306,9.75284370605955
466,0.5,True,286.4263741955789,201.17301699434023,0.5342484992715455,0.1,0.01,anisotropic,0.0125,0.0046415888336127,5,100000,96.54761242866516,30.47682894292888,0.9479435860943582,72.36421783429071,31.104950400848637,0.9622529447524714,62.61980725308036,5.985297001643592
467,0.5,True,868.7305290612708,791.908999216975,0.3623914974336861,0.1,0.01,anisotropic,0.0125,0.1,9,100000,96.90420961380003,28.444723548177294,0.9453657844012352,1077.853833030826,28.874057658526983,0.960412992625167,976.3970518973056,16.126555428523574
468,0.5,True,224.3722426809332,233.1870412434628,0.3643557600452043,0.1,0.01,anisotropic,0.0125,0.0215443469003188,7,100000,96.04399013519289,31.83094072629467,0.9417881081869912,32.7505663883629,31.5666243484882,0.9539120380689567,34.805706435531285,6.613563797086828
469,0.5,True,963.2593169011708,870.5366799040513,0.4875802821129101,0.1,0.01,anisotropic,0.0125,0.01,6,100000,96.318608045578,36.42719020371327,0.9073765441905288,196.1544617575514,35.51914197392624,0.9210654171030124,241.7703360160567,29.29220164103487
470,0.5,True,13.142320215126524,11.640236117102983,0.4203468963380136,0.1,0.01,anisotropic,0.0125,0.01,6,100000,96.42507672309875,33.9310897663197,0.9448086465963744,0.0688659127005461,33.73017072753314,0.9563828920174604,0.072126724766586,0.33026815239528
471,0.5,True,969.9089478809314,757.9558129223494,0.3590192742056561,0.1,0.01,anisotropic,0.0125,0.0464158883361277,8,100000,96.28199529647829,34.07339310278133,0.98086040751657,366.94560585966576,34.01993028625543,0.978112783367877,371.4907231782778,17.229839626403926
472,0.5,True,44.116752038625535,44.092704951358535,0.3174186202291159,0.1,0.01,anisotropic,0.0125,0.01,6,100000,96.7736747264862,32.87217474034517,0.9509090326071538,0.9342838206350929,33.29150799418259,0.9700556477258524,0.8482922565906976,1.113098771940015
473,0.5,True,891.251970584373,1426.8067891665678,0.302241882543343,0.1,0.01,anisotropic,0.0125,0.0464158883361277,8,100000,95.87136578559875,31.633940034536398,0.9535036105394508,540.3134962764229,31.01340758573185,0.9581759714814668,623.3027753017992,36.257508001693154
474,0.5,True,528.1734079772135,519.1974265866571,0.411037586544424,0.1,0.01,anisotropic,0.0125,0.1,9,100000,96.2868468761444,36.147420029470695,0.9828780617706931,67.59578881007576,36.473686881137,0.9866909494722492,62.70366924001588,10.867243333086842
475,0.5,True,992.971831323181,1192.4072911738397,0.3538985940078937,0.1,0.01,anisotropic,0.0125,0.01,6,100000,96.5383050441742,35.09051995653018,0.9447518331415528,286.827618952569,36.07637365675428,0.9735084718573568,228.5786154062216,32.158643758903445
476,0.5,True,74.72276817066346,101.45412688783613,0.3107094364148921,0.1,0.01,anisotropic,0.0125,0.0215443469003188,7,100000,95.63509964942932,34.947588994626486,0.9500692885866004,1.7642861636620957,33.29867975905324,0.949717767399562,2.579051127582317,2.695728895219385
477,0.5,True,554.3004301169194,724.8655911488304,0.2507511530787413,0.1,0.01,anisotropic,0.0125,0.0215443469003188,7,100000,95.85262274742126,33.45968476574034,0.9446724888639584,124.63829240293217,33.7400558763793,0.9584271662130168,116.8461424740782,19.15311241582677
478,0.5,True,969.33323308348,886.7585173657394,0.4188087514990113,0.1,0.01,anisotropic,0.0125,0.2154434690031882,10,100000,96.674147605896,34.64707846884101,0.9916925788245988,322.0225863497893,34.72911158032575,0.9917167625574926,315.9970458806355,18.435468168966302
479,0.5,True,523.5747463259787,521.9407158931419,0.3101963705172488,0.1,0.01,anisotropic,0.0125,0.1,9,100000,96.40819549560548,32.59620251258162,0.962906160942237,150.53009471168644,32.98250526517546,0.971133327688677,137.7187460154594,11.412010372309693
480,0.5,True,629.7692394971273,506.8667111158309,0.5621040096429425,0.1,0.01,anisotropic,0.0125,0.0464158883361277,8,100000,96.50410723686218,37.125617352855095,0.9671223393275632,76.74480794664103,37.4860639239447,0.9830108780729024,70.63246232573145,12.587202653630094
481,0.5,True,696.0529402956325,727.9319965738023,0.3893130534425236,0.1,0.01,anisotropic,0.0125,0.0464158883361277,8,100000,96.34236693382265,38.986781264614216,0.9735719685155224,60.567623522645775,38.59199502180282,0.9843505206682504,66.33139912843875,17.01981002286239
482,0.5,True,455.0865237030055,433.29472207381815,0.4729621050569135,0.1,0.01,anisotropic,0.0125,0.1,9,100000,95.01260900497437,37.68986102153018,0.9801347523632984,35.202313182346195,38.589872174951104,0.9885574454941268,28.613440909899676,9.92281854204458
483,0.5,True,627.9305220039794,531.7977219765078,0.4282511641052868,0.1,0.01,anisotropic,0.0125,0.01,6,100000,96.27949213981628,32.464938167965805,0.9580897536899676,220.8195185073729,32.62883064166944,0.9704250721395592,212.64159010397825,14.772243950434786
484,0.5,True,584.7299976111772,696.7681276509421,0.4266137878673333,0.1,0.01,anisotropic,0.0125,0.01,6,100000,95.75753664970398,32.06238959836612,0.9429969886963578,212.08916222918947,33.288419777517014,0.9768580201522398,159.9246683260807,19.16450259314776
485,0.5,True,901.256852480498,737.1567129450942,0.5598490225232379,0.1,0.01,anisotropic,0.0125,0.01,6,100000,95.97365593910216,27.71340606241269,0.9131415318249796,1353.9857571554164,27.80107845396152,0.9323729084782926,1326.926467410396,25.357083829506017
486,0.5,True,46.400933961116415,36.49394226675747,0.5966773063587467,0.1,0.01,anisotropic,0.0125,0.0021544346900318,4,100000,96.0353229045868,31.804562049558808,0.9540583014827246,1.3867787555212905,31.765741543995777,0.961434255952416,1.3992303946840945,1.0886569283081526
487,0.5,True,281.6822264026381,263.10967644879224,0.408879233454785,0.1,0.01,anisotropic,0.0125,0.0215443469003188,7,100000,96.13109159469604,33.007880301111065,0.9682157514968426,39.17351331879027,32.66685735248859,0.9679908240174154,42.37354689566703,5.969052839991202
488,0.5,True,950.4610725924822,933.7782170323932,0.4397900614620053,0.1,0.01,anisotropic,0.0125,0.0046415888336127,5,100000,96.31527996063232,34.11796299671868,0.9584252928255756,349.1177457774563,33.76264925651446,0.9704983940958524,378.8814115772952,27.845724503057983
489,0.5,True,890.3735201070255,1240.0526517008857,0.2530256659637018,0.1,0.01,anisotropic,0.0125,0.0215443469003188,7,100000,95.37804245948792,30.696082702499115,0.9124979254142672,662.6969682853929,30.53858578436989,0.937786405127108,687.170766590535,32.16488492502864
490,0.5,True,456.2010960329272,423.7507739767908,0.3802342940101849,0.1,0.01,anisotropic,0.0125,0.01,6,100000,96.57187962532043,32.60457670099203,0.9440976312887004,103.2735993462563,33.49613607737653,0.9646719845512526,84.10723887286201,11.490933569666538
491,0.5,True,620.5124652037352,645.5972368480432,0.3324725944863126,0.1,0.01,anisotropic,0.0125,0.1,9,100000,95.75164031982422,29.104764681925133,0.9611538912533588,471.7224501211922,29.31821547297148,0.9674774595240108,449.0983572739772,14.288315343414506
492,0.5,True,278.10380179815155,265.1872311069596,0.4874018055023862,0.1,0.01,anisotropic,0.0125,0.1,9,100000,95.80115127563477,36.6136930033183,0.9784807167221083,16.848470087444422,36.51060507643976,0.9858186523481244,17.25318439499173,6.361954026277227
493,0.5,True,188.9330385640376,181.87667862617084,0.4430163368573555,0.1,0.01,anisotropic,0.0125,0.2154434690031882,10,100000,96.08943581581116,36.48799709303959,0.9790704732431528,8.007870144104928,36.66058476947644,0.9833717810075092,7.695879417300946,4.310336739973054
494,0.5,True,464.23470653504216,449.6583584206692,0.4029204558044702,0.1,0.01,anisotropic,0.0125,0.2154434690031882,10,100000,96.2252984046936,36.70197666979978,0.987989279260074,45.99264897110476,36.93124787995552,0.9897951576206088,43.62759799603989,9.322457373069756
495,0.5,True,353.99887579802675,317.2730551754113,0.4717599409974574,0.1,0.01,anisotropic,0.0125,0.0464158883361277,8,100000,96.00753164291382,36.08087791199935,0.9818115485906636,30.82389760068229,35.724036514272434,0.9717469235203496,33.46352546412776,7.165465281584226
496,0.5,True,584.0724557390212,414.58601041425896,0.4731829871709215,0.1,0.01,anisotropic,0.0125,0.0046415888336127,5,100000,95.65964865684508,32.269986910726146,0.9186043129167846,175.1531364578355,31.73182461083836,0.919198015542564,198.259564835406,13.232143686916228
497,0.5,True,78.65690232801985,82.47288111155237,0.3558486982153285,0.1,0.01,anisotropic,0.0125,0.0215443469003188,7,100000,95.8291552066803,32.78934872800772,0.9678838852473493,3.147979674096453,33.0647308283888,0.9785947637283454,2.9545660930280597,1.861907523435656
498,0.5,True,974.4204128585004,1036.9921197602007,0.2836080952743555,0.1,0.01,anisotropic,0.0125,0.1,9,100000,96.11630344390868,36.88969440287737,0.967502261095475,193.95118555623773,37.49143771567231,0.9776722690706884,168.85662606416048,25.03891735631226
499,0.5,True,986.2245337351231,1194.8498152470456,0.328788243677066,0.1,0.01,anisotropic,0.0125,0.0215443469003188,7,100000,95.12868094444276,32.36409128735343,0.9550659249861748,558.1931270421231,31.42218071183429,0.964645865119662,693.386756236559,32.739316769738195
500,0.5,True,698.4635523057254,636.1438756280498,0.4538469012350341,0.1,0.01,anisotropic,0.0125,0.0215443469003188,7,100000,97.22779130935668,27.523131393108244,0.9078677622705424,837.0149975617345,27.915978648687545,0.931804049090398,764.6250363564034,18.52814323673422
501,0.5,True,536.5602699777762,464.0151066510013,0.4177669694589782,0.1,0.01,anisotropic,0.0125,0.0464158883361277,8,100000,96.66353273391724,35.50043235646443,0.9771514534345324,81.06557615380628,35.1947111147019,0.9772729062447826,86.97783592131398,10.28951843690446
502,0.5,True,310.2180886700414,241.0704732192279,0.4992886849288681,0.1,0.01,anisotropic,0.0125,0.001,3,100000,97.67378640174866,34.3617244635533,0.9520316438231224,32.656665117771034,34.805830930735226,0.955552319906972,29.482288115141007,7.07653931590385
503,0.5,True,813.9812246872417,760.1765351275649,0.4768809104526127,0.1,0.01,anisotropic,0.0125,0.0215443469003188,7,100000,96.47763633728027,31.221951634179767,0.9473205173937144,499.2971356447594,33.16812028268177,0.9779181329422972,318.9643971573,18.77619128851887
504,0.5,True,685.0464413813254,672.2421112369911,0.4127308841694507,0.1,0.01,anisotropic,0.0125,0.01,6,100000,97.16230177879332,33.29468178766545,0.9688683566938864,217.0738816485953,33.86926392101637,0.978363506242294,190.173219521926,16.923311580826187
505,0.5,True,163.4543224055464,169.16528372309818,0.3705283360745928,0.1,0.01,anisotropic,0.0125,0.1,9,100000,97.02191972732544,37.12248973279449,0.9826552717457634,5.172878075264591,36.74334639006785,0.9829871801133004,5.644774230508491,3.6918952397347113
506,0.5,True,911.0162573093486,922.7674324884972,0.4874526913460958,0.1,0.01,anisotropic,0.0125,0.0046415888336127,5,100000,98.18388724327087,31.213249180210827,0.9454706956916026,623.0060246941329,30.31362339770062,0.9576007367786102,766.3988152601164,26.507053604842
507,0.5,True,822.7147056802459,793.6190700858333,0.4211923869516538,0.1,0.01,anisotropic,0.0125,0.0464158883361277,8,100000,97.59070897102356,31.651753624069933,0.9437852135306858,444.8747519851344,31.583541001745647,0.9587843789528624,451.9173562990573,18.71284487181932
508,0.5,True,949.8501133786322,993.698134318518,0.3511267621710031,0.1,0.01,anisotropic,0.0125,0.01,6,100000,97.13829898834229,32.07172780190828,0.9529766107667428,549.8527084266447,31.09202440529243,0.9376010403455202,688.9960121807893,27.4602671428088
509,0.5,True,725.9937888799716,1019.674906561484,0.2899382079229758,0.1,0.01,anisotropic,0.0125,0.2154434690031882,10,100000,96.86322283744812,34.69090473900879,0.9528822804952976,177.29338827632648,36.38059615185215,0.9749607628637992,120.14989584673988,23.248591783382786
510,0.5,True,613.801780739854,589.0892422283422,0.4460482379470621,0.1,0.01,anisotropic,0.0125,0.0021544346900318,4,100000,97.60715508461,31.59529106895411,0.9215447493574044,234.92463484497847,31.73142892432338,0.9465367364033048,227.6747010242777,18.513470014492555
511,0.5,True,418.82479325432826,413.1427818393067,0.3831677131480793,0.1,0.01,anisotropic,0.0125,0.0046415888336127,5,100000,97.19620847702026,31.856990923654458,0.9235464426165676,113.8427855840695,32.0043041652404,0.95830966519147,110.04598186095188,13.44980656739886
512,0.5,True,932.7957548706592,582.2575603659851,0.5720222958076671,0.1,0.01,anisotropic,0.0125,0.0021544346900318,4,100000,97.50707817077635,31.92283922733509,0.9404364990379792,475.8354923707229,32.267493761959194,0.9495077269258062,439.5328906603721,18.95755062121229
513,0.5,True,866.1978256109079,700.8641597095944,0.4319942429677999,0.1,0.01,anisotropic,0.0125,0.0464158883361277,8,100000,97.0712275505066,28.2444543812351,0.93129002549137,1118.4027254947907,28.21970487477522,0.9414410578767104,1124.794456821974,19.758314530434824
514,0.5,True,46.17345143608322,52.87103061010099,0.3631309805147222,0.1,0.01,anisotropic,0.0125,0.1,9,100000,97.73789477348328,36.95727153842496,0.9712698508809788,0.4288303420127488,37.90479824187856,0.9819954366076228,0.3447726730955602,1.3299929584171517
515,0.5,True,27.340607522754752,19.80990143479652,0.5409481504536406,0.1,0.01,anisotropic,0.0125,0.01,6,100000,97.3884060382843,35.71037248299504,0.9607371482558024,0.1942804156897803,36.13287839614807,0.9760028302521436,0.1762700114493144,0.5963822282190734
516,0.5,True,377.0869035111716,498.74708801389454,0.3598514959499203,0.1,0.01,anisotropic,0.0125,0.0046415888336127,5,100000,97.24669122695924,30.71433020997837,0.9316395178609012,115.67575338844205,29.56735679105549,0.906813296211022,150.63978203096036,13.937758062591138
517,0.5,True,810.7427774510511,537.9832671966418,0.5463204812820993,0.1,0.01,anisotropic,0.0125,0.0046415888336127,5,100000,97.8332896232605,35.14848907590981,0.9559247618689736,186.6256893984932,35.886876568476126,0.9744244049345206,157.44637853618673,15.611732598805387
518,0.5,True,987.2888531856296,1331.4467192913846,0.2751700859031182,0.1,0.01,anisotropic,0.0125,0.0464158883361277,8,100000,96.98317384719849,28.198231221302223,0.909858781349095,1422.8107447534817,28.40267303080879,0.9270653453774222,1357.384717550446,29.98449063190358
519,0.5,True,151.26647421242467,165.8451844417432,0.3764195926167299,0.1,0.01,anisotropic,0.0125,0.01,6,100000,97.63635420799255,32.804726701787374,0.949997436709948,10.026343343295384,32.52771129656337,0.9627418978382551,10.686712184411205,4.360342942017402
520,0.5,True,594.536584636783,347.71038603228124,0.6889213026823456,0.1,0.01,anisotropic,0.0125,0.01,6,100000,96.16441488265993,28.107937353092577,0.9082370701992571,541.5171562797576,28.585748064460077,0.9220456670372628,485.0998600203664,10.513218488214948
521,0.5,True,381.5099657743905,388.5132303610741,0.348249000694172,0.1,0.01,anisotropic,0.0125,0.2154434690031882,10,100000,98.32405400276184,36.09608970799551,0.9816801879292582,35.74039096121755,36.68666339006647,0.9905645023332036,31.19621686212067,9.270575317748063
522,0.5,True,969.9444834167886,892.4924774199746,0.4472054591165696,0.1,0.01,anisotropic,0.0125,0.0464158883361277,8,100000,97.21255040168762,38.72827506795333,0.9871137926351284,125.90690406229513,38.40772315942742,0.9863847671250694,135.5516274067367,21.385219475447983
523,0.5,True,842.276804212573,548.4679592568441,0.5317005988454274,0.1,0.01,anisotropic,0.0125,0.1,9,100000,96.98535251617432,29.03190015883929,0.9234867481879424,533.687148532145,29.158195261087133,0.9271200074891994,518.3907394313762,13.977876620855625
524,0.5,True,838.4903760064267,1007.2064181607252,0.3347718970557956,0.1,0.01,anisotropic,0.0125,0.4641588833612777,11,100000,97.41102194786072,31.751713176531943,0.9674228918676204,469.5413861173565,32.02133547262044,0.9808296240211584,441.2773618295172,23.48805974598844
525,0.5,True,469.2244666351753,529.0763935348642,0.3597033571181625,0.1,0.01,anisotropic,0.0125,0.0464158883361277,8,100000,97.5870282649994,31.51603910174237,0.948204006071259,147.35530749555886,32.30602178791819,0.9702634693225952,122.84783706389815,12.675596857273348
526,0.5,True,415.4046828353275,385.5494318457175,0.4383520801331107,0.1,0.01,anisotropic,0.0125,0.0001,0,100000,98.0372076034546,30.60594750510258,0.9355711709048068,149.19271515403375,28.99879258372725,0.9334819951408264,216.00465468970756,14.119330365188429
527,0.5,True,274.13366485877555,265.6181088401824,0.397924692605048,0.1,0.01,anisotropic,0.0125,0.0046415888336127,5,100000,97.3608386516571,34.086804453942044,0.9576699346181008,29.010933222125715,34.21939655953373,0.9714501924909188,28.13860019171429,7.826374818851503
528,0.5,True,57.31912115427619,56.03970877528108,0.4155107961350204,0.1,0.01,anisotropic,0.0125,0.0215443469003188,7,100000,97.22724175453186,32.63710844298839,0.946267552860276,1.7572633155355062,33.4528433089611,0.970215073100558,1.4563419388419612,1.6259326440069124
529,0.5,True,864.8576538787981,849.21482475679,0.3778025369883769,0.1,0.01,anisotropic,0.0125,0.2154434690031882,10,100000,96.89147210121156,37.314491210334246,0.9876373047722616,138.70936807262106,37.38774602793042,0.9915487355887336,136.3893034556504,19.72267388157937
530,0.5,True,813.0881081209475,702.0164759688511,0.5242266714562899,0.1,0.01,anisotropic,0.0125,0.01,6,100000,97.40126347541808,31.688954456578674,0.9336332167824196,440.1383370081865,31.54191291401499,0.9594263672571384,455.295494302768,23.54335851363811
531,0.5,True,999.7179556128444,952.9570555794472,0.467756898543993,0.1,0.01,anisotropic,0.0125,0.1,9,100000,97.25179982185364,38.20888936979591,0.9916549397447784,150.8242352715265,37.853483010133374,0.993510065438839,163.68608743441837,21.958875821944524
532,0.5,True,996.6402002368314,1427.1548231475062,0.2751170369736115,0.1,0.01,anisotropic,0.0125,0.0215443469003188,7,100000,97.3689112663269,29.364862045329176,0.9158540264970484,1144.3713101946537,29.110263651504976,0.9260332247230544,1213.463732171758,39.29686164471588
533,0.5,True,555.8762738970248,462.73999531736735,0.4982133557061166,0.1,0.01,anisotropic,0.0125,0.01,6,100000,97.63818454742432,33.56839112470846,0.9694514869148428,134.55459681222163,33.83614873660452,0.9799444535069292,126.50939476951544,12.633890641174384
534,0.5,True,769.21842776533,551.7245330860859,0.4806098542552852,0.1,0.01,anisotropic,0.0125,0.1,9,100000,97.68510150909424,27.407935546409657,0.9268758936634844,1070.774838168625,27.54413430835511,0.9349275901151026,1037.715445971627,14.44130519516662
535,0.5,True,944.8209641525456,360.9627914417912,1.0348904527564076,0.1,0.01,anisotropic,0.0125,0.001,3,100000,97.62333035469057,36.79763319464455,0.9574009300552576,155.39128785407942,37.14009336130729,0.9669717589259684,143.60866645869524,14.16891260877426
536,0.5,True,849.7977432867341,908.9955503233095,0.4536912956011659,0.1,0.01,anisotropic,0.0125,0.0464158883361277,8,100000,96.68904447555542,30.0994970031495,0.9572214231272104,704.2673975548948,30.8857414052749,0.9722522073457428,587.6424273308075,24.48700116292132
537,0.5,True,248.10075364145445,247.9566111286229,0.399577578585552,0.1,0.01,anisotropic,0.0125,0.1,9,100000,97.24625539779665,38.35576024212304,0.9845040639836532,8.983771103799372,38.14765061179748,0.9918433086963966,9.424745705821682,6.2163343819175365
538,0.5,True,451.0935911747834,390.3334044250391,0.4623803658816688,0.1,0.01,anisotropic,0.0125,0.0464158883361277,8,100000,97.9753475189209,36.01211094485259,0.964102062570414,50.641673446023866,36.28986966199704,0.9715276229675875,47.5042183785968,9.386977414132645
539,0.5,True,130.0302557363435,121.65169539026286,0.3468894819989419,0.1,0.01,anisotropic,0.0125,0.0464158883361277,8,100000,97.75862956047058,30.649351640208486,0.9593987887387124,14.49554697531346,30.56286216192176,0.9682135608936678,14.78711857829088,3.426245010941217
540,0.5,True,954.0969762314636,493.1762273524184,0.7449675391334362,0.1,0.01,anisotropic,0.0125,0.0004641588833612,2,100000,97.209321975708,30.98169517492259,0.9306448509282284,703.790116354452,30.24639445308751,0.930945812362104,833.6298089248346,19.20321014292296
541,0.5,True,606.5684598164291,526.5415354355226,0.4700374226623267,0.1,0.01,anisotropic,0.0125,0.1,9,100000,97.29096055030824,35.36017459958221,0.9577819657732748,106.50355124599402,35.7083960449648,0.9743090660791964,98.29738049259775,13.178191714133082
542,0.5,True,229.41416269795928,198.10711024090548,0.3608135759185866,0.1,0.01,anisotropic,0.0125,0.0215443469003188,7,100000,97.69804906845091,28.32336558064156,0.8899561225884625,76.87065299757376,28.57146271282585,0.931020206553179,72.6023799037345,5.668690870287777
543,0.5,True,672.0289837214509,1184.1019238110844,0.2052595995091946,0.1,0.01,anisotropic,0.0125,0.4641588833612777,11,100000,97.31080842018127,29.366407546656053,0.928146970307066,516.2482447309023,29.2997852400695,0.9372406084084658,524.2287302727508,20.97200707657908
544,0.5,True,618.510112217438,619.707325981933,0.3448697608471258,0.1,0.01,anisotropic,0.0125,0.2154434690031882,10,100000,95.52222180366516,38.27324205045254,0.9668968563958182,56.88176853633874,39.24276154750807,0.9804730823052064,45.501020910287856,14.173643696886831
545,0.5,True,358.80455531480766,353.3066625786282,0.4708145779490917,0.1,0.01,anisotropic,0.0125,0.01,6,100000,96.18168783187866,30.356596680991483,0.8868551182506158,117.45311242413266,30.7383021977574,0.9102737705532292,107.57069587479953,12.323347543661058
546,0.5,True,114.4440346074294,114.70277565526776,0.2886580470608541,0.1,0.01,anisotropic,0.0125,0.0464158883361277,8,100000,94.42364835739136,31.30004111012129,0.962645335958982,9.589243061575893,30.758467855068904,0.9663417862920044,10.862796719782065,3.021505231984006
547,0.5,True,671.9016223972068,447.2601368926843,0.6362104785397981,0.1,0.01,anisotropic,0.0125,0.0021544346900318,4,100000,95.2925443649292,30.49904761328474,0.939443432088803,385.0071287530069,30.998760482441984,0.9547326833114788,343.16065177240176,13.822114396562151
548,0.5,True,520.7873932028895,348.7073734892385,0.603708813694311,0.1,0.01,anisotropic,0.0125,0.0021544346900318,4,100000,94.80740809440611,37.00868426060315,0.968954588308448,52.69048040953134,36.13537576868284,0.965471065471924,64.42627284504343,9.941298972348404
549,0.5,True,772.5460733439037,568.7363655768395,0.5730628526863752,0.1,0.01,anisotropic,0.0125,0.0021544346900318,4,100000,94.89508438110352,28.775890008084065,0.8752700820882029,778.8457877406528,29.071398635025155,0.906383082353198,727.613272915256,21.75406652448155
550,0.5,True,520.6433376108814,367.3446158979101,0.5969798445497988,0.1,0.01,anisotropic,0.0125,0.0046415888336127,5,100000,97.39088797569276,35.29484409540799,0.9524656392733796,78.05813972909714,35.662115744539605,0.9723850768949897,71.72838161716055,11.05927481965806
551,0.5,True,852.3293188182216,788.3774040783869,0.3894159003746131,0.1,0.01,anisotropic,0.0125,0.01,6,100000,97.50738430023192,34.72329401533508,0.9533889575140976,197.97342761510663,34.82788430838737,0.9577358749721218,193.2626245248955,18.866566415191706
552,0.5,True,552.3549319357111,602.8166167945254,0.3979070023002502,0.1,0.01,anisotropic,0.0125,0.2154434690031882,10,100000,97.63766527175903,37.042453422139296,0.9882751037151276,60.27081866565251,36.98314709184339,0.9906305553267216,61.0995094749031,12.600565268354542
553,0.5,True,561.3770335638509,315.45264272588406,0.7193494837406369,0.1,0.01,anisotropic,0.0125,0.001,3,100000,97.73499727249146,33.80803661559224,0.9067881153537104,105.83501036486147,35.43529592583569,0.955677252593373,72.76179856474607,10.422461281448996
554,0.5,True,876.7769490556867,478.8544277024292,0.613930339590747,0.1,0.01,anisotropic,0.0125,0.0046415888336127,5,100000,97.5068542957306,33.59709813973018,0.9588042004381904,308.72093735966746,33.745693317743445,0.9695638301014752,298.3366209004553,14.43274061931102
555,0.5,True,404.0793833461847,369.9265080011072,0.4666990186186067,0.1,0.01,anisotropic,0.0125,0.0464158883361277,8,100000,97.70942950248718,33.810475423789825,0.9666091320286524,67.80879695704098,34.56908744336574,0.9761982915765108,56.94096688041832,8.98459818644651
556,0.5,True,134.8812132221901,157.67605533202433,0.3264667164754221,0.1,0.01,anisotropic,0.0125,0.0215443469003188,7,100000,97.05234384536745,32.114730154095824,0.9597847644818672,11.126933912074046,32.331571036368345,0.97629819703222,10.585013600081355,3.755581095362119
557,0.5,True,29.753893637025637,17.81281795271186,0.5879700892446735,0.1,0.01,anisotropic,0.0125,0.0046415888336127,5,100000,97.8076684474945,30.5884482931339,0.9273876877839212,0.7554559627094926,31.03517745555289,0.945177816172834,0.6816104453031989,0.624154452381577
558,0.5,True,755.3821184179454,822.6437277390195,0.2925978719915609,0.1,0.01,anisotropic,0.0125,0.1,9,100000,97.12987351417542,38.47743214311844,0.9806786127935532,80.93980664117834,39.20607601389681,0.986987222001128,68.43807344178613,16.853092328879384
559,0.5,True,620.6892418021112,657.3930092112992,0.4137168912823258,0.1,0.01,anisotropic,0.0125,0.1,9,100000,97.1796886920929,38.98855671881393,0.9852893677287484,48.593498622082,39.44140512620466,0.992269357638362,43.78177126214653,15.49052928684631
560,0.5,True,704.3756883311244,708.126071101615,0.3398018286378645,0.1,0.01,anisotropic,0.0125,0.4641588833612777,11,100000,97.71779704093932,31.79414509039388,0.9854802628258712,327.9010750453704,31.72042569952973,0.9855512371160492,333.5145456239808,12.798215837050888
561,0.5,True,213.7511973474018,193.9560367424328,0.3602588208501541,0.1,0.01,anisotropic,0.0125,0.0215443469003188,7,100000,97.41598200798036,30.15130022505968,0.924716688414248,43.46750760705503,30.88329671959409,0.9602308360645068,36.72527777872435,5.88146905836135
562,0.5,True,137.235104111183,149.69845898884594,0.4077804121364769,0.1,0.01,anisotropic,0.0125,0.0215443469003188,7,100000,97.39259505271912,29.60772966423309,0.9349916864927484,19.803991713420224,29.773985925798947,0.9461579567639212,19.06018491898884,3.6556709767098248
563,0.5,True,15.530121002214049,18.059235081076764,0.3415549566732369,0.1,0.01,anisotropic,0.0125,0.0464158883361277,8,100000,97.31503653526306,35.506797979388296,0.9486370520571228,0.0678047156199511,37.01359805059811,0.98045639590142,0.0479269610018986,0.4768801464800367
564,0.5,True,351.2369712477904,303.2206721788141,0.5360249228488257,0.1,0.01,anisotropic,0.0125,0.01,6,100000,98.32199501991272,38.03635405837544,0.97707840011773,19.372236496325637,36.94680486525126,0.9750414102003748,24.896292719923498,7.954310296852788
565,0.5,True,590.3277691677785,657.922606960286,0.3501500234522193,0.1,0.01,anisotropic,0.0125,0.0046415888336127,5,100000,97.9333975315094,32.47407054042156,0.9459859546590246,190.19785116208567,32.45587034029278,0.9674564708541278,190.99659548792903,16.7888342199179
566,0.5,True,392.8518010546326,250.62867035362584,0.6651961269537479,0.1,0.01,anisotropic,0.0125,0.0464158883361277,8,100000,97.8279550075531,30.44817224159358,0.9397484820245816,97.57880314840264,30.394862434068664,0.944794370938299,98.78396813893642,6.272468819426919
567,0.5,True,438.0374471017053,462.0714806404032,0.3860926629525813,0.1,0.01,anisotropic,0.0125,0.1,9,100000,97.42653632164,39.77597780640175,0.9873258044953718,20.19804389106319,40.56636349829879,0.9925729835555566,16.837233796477708,9.62212036745152
568,0.5,True,904.2545357992548,876.953405088867,0.4157119812397256,0.1,0.01,anisotropic,0.0125,0.0215443469003188,7,100000,96.87249326705933,25.911927890547112,0.8763255930557311,2031.5194706027528,26.300184026706354,0.9002370135752092,1857.7846725406223,26.905581789460552
569,0.5,True,348.90721155627705,428.76240818069033,0.2994262747339693,0.1,0.01,anisotropic,0.0125,0.4641588833612777,11,100000,96.4811646938324,31.31283607342607,0.9727584204468332,89.96471050297313,31.36856940803633,0.9763001063902974,88.81756312391502,9.670036381003614
570,0.5,True,514.475499670651,514.0057163929181,0.3378795005211338,0.1,0.01,anisotropic,0.0125,0.01,6,100000,97.36849880218506,30.310490895109112,0.9405508342425412,240.89728644815767,30.552955901736954,0.9455381637490636,227.81662165425976,13.912886612353446
571,0.5,True,783.869359728402,893.2046107152431,0.3751723265387484,0.1,0.01,anisotropic,0.0125,0.0215443469003188,7,100000,98.36929702758788,36.60998434892774,0.9438691770477023,133.6918613446331,36.09489758750508,0.9557167892173164,150.5267365016069,23.48735008396562
572,0.5,True,397.14623953894886,255.6190685077204,0.5967958013883076,0.1,0.01,anisotropic,0.0125,0.0046415888336127,5,100000,97.81049585342409,33.2515452123057,0.9366457750756274,64.41285871606961,33.20699065646003,0.9485627084046092,65.07707575732692,8.162269058942655
573,0.5,True,622.4646135276456,524.1360601224227,0.657533397965963,0.1,0.01,anisotropic,0.0125,0.1,9,100000,97.72084021568298,35.226821299093245,0.9676302948718594,115.93505277941225,35.607414242720466,0.981987550336416,106.20756933697378,13.89152089384736
574,0.5,True,862.5013450379985,925.881595680626,0.350920350204528,0.1,0.01,anisotropic,0.0125,0.01,6,100000,97.64237880706789,35.45916350007218,0.9498563347164436,207.9073359271949,36.43453404862713,0.9743701667853324,166.08589786862464,22.774602646948367
575,0.5,True,949.5711030339844,936.8093973478542,0.3921639191654351,0.1,0.01,anisotropic,0.0125,0.2154434690031882,10,100000,97.80748891830444,35.94610777190435,0.9631718865693684,229.24934001037207,37.03188870767454,0.9782290531723744,178.53772662487384,22.92782924435554
576,0.5,True,147.9264074481089,111.2490301154463,0.4526537414081272,0.1,0.01,anisotropic,0.0125,0.0215443469003188,7,100000,97.8023772239685,37.98776373414303,0.970460020012156,3.473792364271295,38.50013548946052,0.9810834897383028,3.087213613706819,2.800095235668163
577,0.5,True,926.6610375363329,743.4921973085408,0.4922428398160123,0.1,0.01,anisotropic,0.0125,0.0046415888336127,5,100000,97.65435266494752,35.00434228058689,0.9559762870399696,259.67194248565124,33.91867598881198,0.9655972407875878,333.4200066940129,23.56011307516372
578,0.5,True,492.6241767864586,395.1301297400663,0.5633268044698733,0.1,0.01,anisotropic,0.0125,0.01,6,100000,98.30290913581848,31.896294132249857,0.9596814608013036,155.92748598450842,31.41197397315348,0.9580867402733148,174.32300059060958,11.848595108040682
579,0.5,True,258.9861439106594,208.27875648793668,0.4607770324658012,0.1,0.01,anisotropic,0.0125,0.01,6,100000,97.35134625434875,32.9361430933599,0.9684274367732584,33.87192854053383,32.50294825390021,0.965584290399802,37.42479312877215,5.991124781911045
580,0.5,True,459.6766204820231,449.54660859049727,0.4466706972915089,0.1,0.01,anisotropic,0.0125,0.0215443469003188,7,100000,97.32110548019408,37.3666145927539,0.9839235244109212,38.69550429776596,38.11616738881161,0.9904586562803248,32.56156209290564,10.95849247559937
581,0.5,True,980.0525427101916,1010.7659557500846,0.4209416193779546,0.1,0.01,anisotropic,0.0125,0.2154434690031882,10,100000,96.90481448173524,37.96122579145533,0.9835195732228198,153.5539946713594,38.04260664413408,0.9880971699670744,150.7033941844322,23.09652403348292
582,0.5,True,493.1254758988768,594.0812528087346,0.3478201731412291,0.1,0.01,anisotropic,0.0125,0.0464158883361277,8,100000,97.27275681495668,28.35096848349931,0.9424946209844048,351.6210843038451,28.695641536912703,0.9499227266959704,324.7937051074621,15.449424077417431
583,0.5,True,329.4228586772207,354.5922405693256,0.3745915197611756,0.1,0.01,anisotropic,0.0125,0.2154434690031882,10,100000,97.4100694656372,36.60751485971944,0.9847791902046786,23.683855147038045,37.378834312753845,0.9899266285748812,19.82989665823646,7.761915325717299
584,0.5,True,633.7674534624091,819.858795127263,0.3087336614070615,0.1,0.01,anisotropic,0.0125,0.01,6,100000,96.82949233055116,32.62278289309716,0.9570023609520198,217.80314597942785,31.315420213649013,0.9547717762308572,294.30688116422283,20.794007802564888
585,0.5,True,240.90547315941487,224.7432199018076,0.4463069850144208,0.1,0.01,anisotropic,0.0125,0.01,6,100000,97.19170379638672,33.334052087220805,0.9399119448256515,25.54794856942106,32.39017949739515,0.9448401108191056,31.74996802028412,6.340116490808115
586,0.5,True,76.78746478055525,87.27641663698657,0.3503434294221347,0.1,0.01,anisotropic,0.0125,0.0464158883361277,8,100000,97.5108606815338,26.99895650154389,0.9141623616838678,11.733953932812236,27.08896675051216,0.9306737318389788,11.49326324331297,2.5764941428268284
587,0.5,True,129.75084218873857,122.0635002963764,0.3709162273188041,0.1,0.01,anisotropic,0.0125,0.2154434690031882,10,100000,96.78612494468688,38.37809665980737,0.9841132639020276,2.442964533030349,38.5675126406144,0.987188921153221,2.3387056446058248,2.5392729307143296
588,0.5,True,128.91779311881467,115.04794796181872,0.3934580606406941,0.1,0.01,anisotropic,0.0125,0.1,9,100000,96.68877625465392,32.72916792898314,0.9659325349970278,8.841821629554106,32.683165596511344,0.9685668264910068,8.935975773149245,2.47280024525128
589,0.5,True,152.75079081878206,113.6035473807138,0.4865180327305256,0.1,0.01,anisotropic,0.0125,0.01,6,100000,98.40416026115416,32.82525525886148,0.9560984696215896,11.609933855482211,33.476531153319804,0.9701598359126796,9.993144240113775,3.0784313123786773
590,0.5,True,139.68834547676073,98.51241649304582,0.6908264277188578,0.1,0.01,anisotropic,0.0125,0.0021544346900318,4,100000,97.86490488052368,31.719284902300057,0.947254180112282,12.703326886705227,32.90999421043371,0.9638755768923724,9.65709586993442,3.20279969616708
591,0.5,True,641.2338700584114,455.659928239707,0.6176165942953253,0.1,0.01,anisotropic,0.0125,0.0046415888336127,5,100000,96.47889232635498,35.712082676807825,0.9531605572167584,106.19816769822673,35.94871489996861,0.96470264336505,100.56660782437515,14.776730627545591
592,0.5,True,182.69820431474568,174.53949921101616,0.3396201649639547,0.1,0.01,anisotropic,0.0125,0.0215443469003188,7,100000,95.3430163860321,29.309899101642813,0.9087509976050836,37.09981707659898,29.28102226628548,0.92436020988608,37.34732077648773,4.710599814128536
593,0.5,True,346.32161604053937,340.7679956105203,0.4399120154548031,0.1,0.01,anisotropic,0.0125,0.0464158883361277,8,100000,95.36101174354552,36.97777021791711,0.9823396107872576,24.021753831600005,37.72789071290603,0.9873384676561436,20.21122619952517,8.66589082823353
594,0.5,True,896.8916214961058,880.9315163955752,0.3339489256717268,0.1,0.01,anisotropic,0.0125,0.1,9,100000,95.43238615989684,34.95871034315031,0.95302278064683,254.47320002466972,35.821758030338444,0.9676046782073758,208.61103722433083,22.424228787841173
595,0.5,True,474.4876786226095,688.765360077631,0.3303366075091988,0.1,0.01,anisotropic,0.0125,0.0464158883361277,8,100000,95.34639835357666,27.00727674855493,0.905890398470378,437.44089922165216,27.0778789133764,0.9219721575390952,430.3870241118372,16.858287733533707
596,0.5,True,667.8901807825061,674.850900672961,0.4829504786416639,0.1,0.01,anisotropic,0.0125,0.0021544346900318,4,100000,94.96801590919496,31.93013644785438,0.944833844958414,283.1143413340972,30.5029385670144,0.9488972560465884,393.2617047121131,23.79426786322053
597,0.5,True,173.1475513304282,181.04239948314503,0.3651298438334941,0.1,0.01,anisotropic,0.0125,0.2154434690031882,10,100000,94.49239349365234,36.33633950562587,0.9884539568835136,6.957086531015326,36.2701315311602,0.989685540118452,7.063959530778061,3.868463318441696
598,0.5,True,193.0967297898621,229.3638077178002,0.4101144660587927,0.1,0.01,anisotropic,0.0125,0.1,9,100000,94.34163880348206,33.248911587930735,0.9779996288847976,17.63275028516661,32.820786297055385,0.9829064335086192,19.459540730903992,5.0370626448706135
599,0.5,True,41.82774765021239,42.49296590081802,0.3930659330948995,0.1,0.01,anisotropic,0.0125,0.1,9,100000,95.24493503570557,34.34407464209858,0.9779352284379508,0.6432997710563402,33.650517271249015,0.9837530589407252,0.754690935776942,0.9913595597216716
600,0.5,True,169.7661280090924,164.5856245667781,0.3758112577645924,0.1,0.01,anisotropic,0.0125,0.0464158883361277,8,100000,97.68591976165771,32.991194192873586,0.9643204120973112,14.43312795349123,33.268013577800424,0.9804506111939002,13.541866350692972,3.9468397159673914
601,0.5,True,279.31174869292664,295.8428891491761,0.3476218566356002,0.1,0.01,anisotropic,0.0125,0.2154434690031882,10,100000,98.21915888786316,38.61716839946633,0.9856950566800856,10.725526790061087,38.85279902720886,0.9894517797333308,10.159107811573492,6.247124086379716
602,0.5,True,177.83347379247007,65.0022951449593,1.1821312978289509,0.1,0.01,anisotropic,0.0125,0.0046415888336127,5,100000,98.09256529808044,31.122268692904782,0.9335941730701488,20.932729077490063,31.04141513124446,0.9417039692385172,21.32608858087887,1.994644632580728
603,0.5,True,89.61383122329856,99.060334091787,0.3702628542964669,0.1,0.01,anisotropic,0.0125,0.2154434690031882,10,100000,98.49845719337463,34.874300169346085,0.9846756931168484,2.610503449375018,34.841409380913,0.988838362492831,2.630348847762624,2.3341519319836994
604,0.5,True,121.5152352295002,136.6955424047375,0.3664927376487544,0.1,0.01,anisotropic,0.0125,0.0215443469003188,7,100000,97.67548370361328,34.3133012355562,0.9626220815077382,5.304953523182406,33.533166378738805,0.9733200760962208,6.348850038878076,3.704639593699952
605,0.5,True,461.317989264693,576.4494414316626,0.3035811659750699,0.1,0.01,anisotropic,0.0125,0.0046415888336127,5,100000,97.5033357143402,32.24044858917436,0.909523429749265,126.2871754359402,33.40848032603992,0.9490884216347424,96.50639129272288,17.548271940945387
606,0.5,True,207.12738468738672,220.24835975222013,0.3370034083251618,0.1,0.01,anisotropic,0.0125,0.2154434690031882,10,100000,96.80759835243224,38.63123350950234,0.9926365755027624,5.868136111820526,39.37971740374781,0.9946683332709768,4.939145151126476,4.45363555882338
607,0.5,True,364.90559118702737,313.8936255390086,0.5270471626027529,0.1,0.01,anisotropic,0.0125,0.01,6,100000,97.73425769805908,32.107450692692524,0.9611745345384136,81.54869409163194,32.057414800296364,0.9738327669691476,82.4936652333441,9.7319200350316
608,0.5,True,503.913853584002,636.9926377203296,0.2812945281961007,0.1,0.01,anisotropic,0.0125,0.1,9,100000,98.544456243515,33.30154163898478,0.9562287376970814,118.46751632730596,33.492353278277434,0.9677426521831732,113.37521395247474,13.97710189084443
609,0.5,True,690.704433800736,768.2073226542905,0.4090256507175936,0.1,0.01,anisotropic,0.0125,0.2154434690031882,10,100000,97.12961626052856,37.28960209662078,0.9741990689109048,88.92469612732137,38.41795342481041,0.9888285527735232,68.57838556484778,17.908656551084228
610,0.5,True,40.27282770125784,38.582463846004856,0.4135333383749734,0.1,0.01,anisotropic,0.0125,0.1,9,100000,97.24416971206664,28.91977431419709,0.9373355963197691,2.0790104006037677,30.045056172635142,0.9650422547938023,1.6044584547787677,0.9765545939841224
611,0.5,True,799.6109885101336,827.096689739831,0.3582966622676844,0.1,0.01,anisotropic,0.0125,0.0215443469003188,7,100000,97.16488742828368,33.38098258973257,0.9672848126442478,288.9826704680241,33.556875210101104,0.9750558956797648,277.51249243950707,19.09717690263853
612,0.5,True,628.2724891014169,581.5783339249722,0.4079249464764374,0.1,0.01,anisotropic,0.0125,0.0215443469003188,7,100000,97.00570249557497,32.80518069151364,0.966209301218059,205.6215433421913,32.26294029599102,0.973894829123422,232.96605960860649,13.9492606511218
613,0.5,True,82.67727291692303,137.9398841555649,0.2550536646046458,0.1,0.01,anisotropic,0.0125,0.0464158883361277,8,100000,97.43227791786194,32.20072467455367,0.9122960368965845,4.0870064867153015,33.02180119173038,0.938797992678516,3.382966329420896,3.452903044030112
614,0.5,True,873.7050454826705,771.7392872998764,0.4174267657314895,0.1,0.01,anisotropic,0.0125,0.0215443469003188,7,100000,97.7519793510437,29.61724352806097,0.9218369419356014,828.7328550635552,30.098844751988945,0.9551678925873142,741.7446701823918,22.742733131189823
615,0.5,True,920.9515281312814,1069.6462373301576,0.3842727177136504,0.1,0.01,anisotropic,0.0125,0.01,6,100000,97.53655099868774,35.29891957785148,0.9671758915943924,245.0197721210153,34.72720545786876,0.9734831122158902,279.4940350419264,28.235567089948415
616,0.5,True,62.016881895008886,43.46501293096787,0.6679729868423155,0.1,0.01,anisotropic,0.0125,0.0046415888336127,5,100000,97.57231855392456,36.12378089124587,0.9699153691666156,0.8821906874366304,35.350471823744634,0.9668578705885488,1.0541280640956443,1.2568121784372746
617,0.5,True,277.6007704990565,235.2710749953767,0.4980969741361027,0.1,0.01,anisotropic,0.0125,0.01,6,100000,97.69815015792848,29.815288860948257,0.955106871284676,79.77313591445477,28.79044163247884,0.9564015067751832,101.0046545254585,7.210544961269161
618,0.5,True,806.3950785132682,714.6185072620123,0.481589897280319,0.1,0.01,anisotropic,0.0125,0.0021544346900318,4,100000,97.6737425327301,31.868184195870363,0.9157927549572016,410.9984193022728,31.918673528413837,0.936462831246773,406.2479835498323,24.20204703794768
619,0.5,True,748.5114306932747,510.41806244563776,0.4565391769722334,0.1,0.01,anisotropic,0.0125,0.0021544346900318,4,100000,96.98935556411745,35.66393920155247,0.9583602579760052,148.39443997652086,36.73258104446251,0.9770524694563256,116.02549899155728,14.369290929932967
620,0.5,True,185.3364983370209,197.850423258296,0.4300357546436064,0.1,0.01,anisotropic,0.0125,0.0464158883361277,8,100000,97.80527663230896,30.87974210682208,0.9545372607925336,28.000722509310325,31.695137714321906,0.9677792009671154,23.207570420529105,5.128218856402188
621,0.5,True,210.1399740133736,242.48507656128425,0.3868115562991485,0.1,0.01,anisotropic,0.0125,0.0215443469003188,7,100000,97.42818975448608,33.06480790655617,0.9434109194192368,20.31197959615477,34.209582580772675,0.9722718413414276,15.605395657128936,6.768202436344485
622,0.5,True,371.1016306885906,440.5885096634678,0.3662662009593589,0.1,0.01,anisotropic,0.0125,0.1,9,100000,97.19074392318726,38.87736536814903,0.977910304216374,17.830935880793525,40.2845845581328,0.9905015311796808,12.89591670368929,10.072136135831782
623,0.5,True,485.0384622058303,474.5093372477235,0.3932543685143135,0.1,0.01,anisotropic,0.0125,0.0215443469003188,7,100000,97.78678917884828,31.73697971341092,0.9581902067487568,155.38713153058168,30.860654652132105,0.9642894987175478,190.1286461597191,13.293743155919913
624,0.5,True,618.6365167587657,647.4939624589907,0.2894986240221324,0.1,0.01,anisotropic,0.0125,0.0046415888336127,5,100000,96.72018718719482,32.863969889023096,0.9724081348785756,196.89361110893404,32.317891051083514,0.9723618682805651,223.2746966460083,17.12259459559389
625,0.5,True,369.5447259302026,458.23325267665706,0.270139236595397,0.1,0.01,anisotropic,0.0125,0.1,9,100000,96.54003190994264,35.36439109026813,0.9632146924437692,39.205962550615126,36.4133876202641,0.9787855269317886,30.793033023462822,9.794010173749111
626,0.5,True,463.0721814170148,435.2915444445692,0.3373463935939522,0.1,0.01,anisotropic,0.0125,0.1,9,100000,97.24510025978088,35.63094163807781,0.9781812324377104,58.60195798121242,36.44449024027591,0.985369535948568,48.59115994805164,9.148687444820885
627,0.5,True,747.7234671956228,718.4690855517828,0.3319372295055095,0.1,0.01,anisotropic,0.0125,0.2154434690031882,10,100000,97.20844531059264,37.03913379889509,0.9828753454715088,110.33546528821697,37.65871121848956,0.9870767546569306,95.66595005458258,13.422721504974543
628,0.5,True,37.6465196877073,31.276009324703622,0.4174008869819651,0.1,0.01,anisotropic,0.0125,0.0046415888336127,5,100000,98.48232507705688,34.42454793897237,0.9476105619337768,0.4094780323488255,33.71825479033867,0.9493025012865248,0.4817923751650207,0.8922848422249173
629,0.5,True,253.18450739967676,200.947681124074,0.4400894767552366,0.1,0.01,anisotropic,0.0125,0.0215443469003188,7,100000,97.04663443565369,35.3041918887042,0.9629538149282432,18.585120845309127,35.791643090645955,0.9768190455709902,16.611936760689623,5.031651588181552
630,0.5,True,713.6362362986679,590.590651322528,0.4520857249905401,0.1,0.01,anisotropic,0.0125,0.1,9,100000,97.67669248580933,34.67716027260259,0.965319715758154,173.09333524521648,35.06561065807047,0.978279064940896,158.28337708079945,13.161884987830732
631,0.5,True,895.3116308495121,449.81119148478695,0.775895138647458,0.1,0.01,anisotropic,0.0125,0.0021544346900318,4,100000,97.65996074676514,34.57759782578074,0.9524289958667588,274.4709651262005,34.50175424049278,0.956717831980912,279.3063233166933,14.43368991512342
632,0.5,True,512.1657646735505,438.2518147367292,0.5979517275926367,0.1,0.01,anisotropic,0.0125,0.01,6,100000,97.23263216018675,37.87612138034815,0.958241109917049,42.130352330495406,36.97946155777368,0.965953114535094,51.79180815257259,13.651233713283236
633,0.5,True,532.5813717800503,591.6640527873216,0.3433921193899191,0.1,0.01,anisotropic,0.0125,0.0215443469003188,7,100000,97.2286298274994,34.190131063100566,0.9681074467072712,107.51264543222284,34.1156715505435,0.9766911264909752,109.37183519966857,14.919572996529874
634,0.5,True,108.06483932843628,92.77902370914028,0.3684360233419336,0.1,0.01,anisotropic,0.0125,0.0464158883361277,8,100000,96.95140624046326,33.46616646437921,0.975760150971713,5.238621039628853,33.96449344095192,0.9859503199644856,4.670724863010757,2.0276069461455744
635,0.5,True,447.9649544566312,461.3620442960657,0.3783333676701044,0.1,0.01,anisotropic,0.0125,0.1,9,100000,96.78395819664,40.40721378333839,0.9936047207407172,18.259798779849124,40.23559484075246,0.9938356087053668,18.995812825415054,9.5920258868765
636,0.5,True,533.0846491885682,562.580921292127,0.3880311625913137,0.1,0.01,anisotropic,0.0125,0.2154434690031882,10,100000,97.32354593276978,35.444796863963134,0.9896253537779832,81.06938851060788,35.418946212407945,0.9913031848760224,81.5533794744837,10.921847870639006
637,0.5,True,243.2280331310949,195.85725928129267,0.551398851615099,0.1,0.01,anisotropic,0.0125,0.0021544346900318,4,100000,97.47683930397034,30.9187483763817,0.9145584873980686,45.20999898244173,32.12478086722593,0.937607507580699,34.24768719554156,5.904326629037913
638,0.5,True,269.9739877184316,253.872023197052,0.5094613505140724,0.1,0.01,anisotropic,0.0125,0.2154434690031882,10,100000,97.66031336784364,37.21134618049317,0.9807649511257732,13.850175966841348,37.61528003885354,0.9878126773885108,12.620074111736209,6.348109029923606
639,0.5,True,377.906878941518,315.1819178129643,0.3682254665301965,0.1,0.01,anisotropic,0.0125,0.01,6,100000,97.42738509178162,32.96184538147298,0.9422786033061424,71.37724190718501,33.616124137841254,0.9622661572531024,61.39484209355621,8.843711481230526
640,0.5,True,21.051126579948644,19.16273605479166,0.444027051098626,0.1,0.01,anisotropic,0.0125,0.01,6,100000,97.35960459709167,32.346038160931414,0.937614236817034,0.2539047568034926,32.679420853811145,0.9653666772780836,0.2351432779110354,0.6389791577567762
641,0.5,True,322.75708641759513,265.1952361399031,0.5051798445990903,0.1,0.01,anisotropic,0.0125,0.01,6,100000,98.26032543182372,29.26611682910813,0.9020483437311666,119.73336934978624,30.1162476710126,0.9354661468013172,98.44691690084504,8.083390658253466
642,0.5,True,212.2365589895481,329.1293776081853,0.2866561844505327,0.1,0.01,anisotropic,0.0125,0.0215443469003188,7,100000,97.44660353660583,29.3044371221502,0.9328072027520036,51.90766125074811,28.790467823436995,0.9359892593625116,58.42899167518454,7.791332669477206
643,0.5,True,328.1698548257367,264.90787102671084,0.4888381294294379,0.1,0.01,anisotropic,0.0125,0.01,6,100000,97.48857045173644,31.895012405082177,0.9615268680842368,68.65731442099184,32.49852718316495,0.9711367274745856,59.74964563216876,7.470212812207301
644,0.5,True,120.64236968743197,65.18280875092498,0.8212416904845615,0.1,0.01,anisotropic,0.0125,0.001,3,100000,97.9856185913086,32.637342056268324,0.941158508317998,7.16917902073176,33.02001535484581,0.9538821299496127,6.564506691818723,2.2243255369011594
645,0.5,True,890.6367534591551,929.1754770287596,0.3949750079802743,0.1,0.01,anisotropic,0.0125,0.2154434690031882,10,100000,96.690327167511,37.20584687698961,0.989497292902284,150.8651337531193,37.10930438216145,0.9911242741257956,154.25637866556056,19.49653644821188
646,0.5,True,593.9988611004947,432.30589870202414,0.5071908187416344,0.1,0.01,anisotropic,0.0125,0.0215443469003188,7,100000,97.66402268409728,30.91968398904157,0.957179651288995,284.26007994811766,31.68216644346076,0.9770535660476152,238.4886023360973,10.856420450610804
647,0.5,True,679.4232168253451,590.2902069672949,0.4914917702953011,0.1,0.01,anisotropic,0.0125,0.0046415888336127,5,100000,97.24898409843443,35.36505694257416,0.9554761074714124,119.57051041940956,35.126888826543,0.9622625107159184,126.31091894497747,16.237791313053968
648,0.5,True,789.382067368731,751.6573750390668,0.4504084205175724,0.1,0.01,anisotropic,0.0125,0.0021544346900318,4,100000,97.02465724945068,33.03743957891149,0.9153596583431696,261.01631280460714,33.56727560252491,0.9341213485238812,231.0383360239921,26.198272291697208
649,0.5,True,498.9437567301282,505.9514197207069,0.4824908448508547,0.1,0.01,anisotropic,0.0125,0.1,9,100000,96.64254355430604,38.0648730274589,0.9850126583922704,38.8537849300597,37.78567360952577,0.9890300855036168,41.4336576824998,11.220724953093027
650,0.5,True,87.83336779933627,39.57143075993711,0.9435947494132064,0.1,0.01,anisotropic,0.0125,0.0001,0,100000,96.890691280365,29.93363966315485,0.9030607555700868,4.362084076493271,30.66266563467256,0.934319453614776,3.6880044374590657,1.4204829555281495
651,0.5,True,537.5694352767292,540.9709225018335,0.4154186949458509,0.1,0.01,anisotropic,0.0125,0.0464158883361277,8,100000,95.25864458084106,31.537129540839,0.9541496060178136,202.4012415499532,32.1895078761804,0.9692792972375592,174.1707967940332,14.84872599436406
652,0.5,True,587.2542769028582,474.8150202851808,0.5218318452639051,0.1,0.01,anisotropic,0.0125,0.01,6,100000,96.60915017127992,35.1476832755172,0.9647069866831028,100.34383845783697,35.59005325188875,0.9780703735275852,90.6261879515046,12.675837107388336
653,0.5,True,745.6940347101456,915.3759709693172,0.3191262927258643,0.1,0.01,anisotropic,0.0125,0.0215443469003188,7,100000,96.25163745880128,32.45293170162648,0.9385047548369306,309.1163913185553,32.57059866884208,0.9586182372671366,300.8536868724578,23.90969202267464
654,0.5,True,432.2278866834497,389.7646904273876,0.448302927876006,0.1,0.01,anisotropic,0.0125,0.0215443469003188,7,100000,96.15131139755248,34.33503732789392,0.9660063793802466,68.58598747229217,34.53040031031678,0.9705632348913212,65.56908112381853,9.48186353919427
655,0.5,True,128.4527224927682,130.59341182856588,0.4098950580722272,0.1,0.01,anisotropic,0.0125,0.1,9,100000,95.31033873558044,37.66554384263236,0.9877010316802562,2.81705454691556,37.01838798950256,0.9865196760278644,3.269722092224084,3.3468497093515945
656,0.5,True,284.49212989292573,249.92183016845613,0.4682964610876853,0.1,0.01,anisotropic,0.0125,0.0215443469003188,7,100000,96.82421875,33.50989781409129,0.926372660667472,29.8094710128755,34.595102880172995,0.9607229867696038,23.218478795517157,7.595100651880948
657,0.5,True,363.7192141022365,271.5474223370211,0.4064148464369856,0.1,0.01,anisotropic,0.0125,0.0021544346900318,4,100000,95.87875533103944,34.69747670090503,0.93011065065953,36.05988877541601,33.81860495820903,0.9220447247229534,44.14805318809748,7.64458413711359
658,0.5,True,646.2713240902697,314.33707748315646,0.8761308238768726,0.1,0.01,anisotropic,0.0125,0.001,3,100000,96.349773645401,35.555074573984705,0.9543008034617512,79.02866542770846,35.543187019315816,0.9685625389634548,79.24527985419475,10.220703811299838
659,0.5,True,571.207526364243,892.7448528133231,0.2339522964287406,0.1,0.01,anisotropic,0.0125,0.0464158883361277,8,100000,96.19916701316832,33.08145649711962,0.9375708223222616,148.22954810650648,32.60157275882309,0.951969409530858,165.54770270314364,19.56755093042379
660,0.5,True,356.7406291719484,192.46730409357548,0.6592025060536467,0.1,0.01,anisotropic,0.0125,0.0021544346900318,4,100000,96.64488577842712,30.488410848416308,0.9168619123844785,110.2472116799003,30.775028676572987,0.9352692651227014,103.20621037321726,7.064623454913814
661,0.5,True,986.5287335441868,1116.0869254255167,0.3292785199526696,0.1,0.01,anisotropic,0.0125,0.0215443469003188,7,100000,96.00249552726746,32.00082087404021,0.9468853500776484,586.6469146545159,32.8360794192629,0.9730115652393888,484.0062128456525,27.533369173888364
662,0.5,True,606.1690445375302,509.1910426656166,0.3979184824573613,0.1,0.01,anisotropic,0.0125,0.01,6,100000,96.40248727798462,29.635764606593504,0.9225745381474302,395.749243335533,30.242425009688205,0.939719027432858,344.15497571242776,13.933530314320702
663,0.5,True,237.9895649442585,236.4247445641824,0.3895290829868998,0.1,0.01,anisotropic,0.0125,0.1,9,100000,96.01600241661072,34.444842002451054,0.9785934554027343,20.27681741446595,34.89255244967043,0.9861678079366089,18.2906334230238,4.968892345536058
664,0.5,True,102.68069014778334,82.89504497008001,0.5901724620627017,0.1,0.01,anisotropic,0.0125,0.0021544346900318,4,100000,96.43720769882202,29.77986730331727,0.9236431392070684,11.05414693409367,30.00733777553736,0.9412267668185924,10.490065158447283,2.7684325618789845
665,0.5,True,153.7062800451477,148.00793978733347,0.460274191355389,0.1,0.01,anisotropic,0.0125,0.0464158883361277,8,100000,96.69914054870604,32.385494905350534,0.9700542382736392,13.629981606071896,32.76553853743739,0.9785090960160936,12.487942964730737,3.573929537213049
666,0.5,True,246.71177065612363,223.7526974498428,0.4579522497260418,0.1,0.01,anisotropic,0.0125,0.01,6,100000,95.62764120101927,31.18524472790576,0.8937222545418602,45.60268353016502,32.18211911545651,0.9359384057313634,36.24957850186477,8.278662501504236
667,0.5,True,161.5206918862961,181.2316382767384,0.4378377308462738,0.1,0.01,anisotropic,0.0125,0.1,9,100000,95.7321126461029,35.71717326243601,0.9829631386771764,6.988432081797606,35.94464970217439,0.9890034333736168,6.631810450739009,4.250890374732563
668,0.5,True,187.3804570272545,200.10080713668572,0.3593958025124697,0.1,0.01,anisotropic,0.0125,0.01,6,100000,96.27615237236024,30.53080457567584,0.9200802697129468,30.651895421062918,31.643084933584905,0.943531159319175,23.726260771854072,5.890081379882149
669,0.5,True,285.81007352515326,295.9989372049948,0.3991983014094797,0.1,0.01,anisotropic,0.0125,0.1,9,100000,96.38456630706789,31.04285652523655,0.96538913975772,64.15320419000393,30.95340551606,0.9727535732499376,65.48826028223154,6.832098877395765
670,0.5,True,174.20022169946006,136.9222443220792,0.4731814343952141,0.1,0.01,anisotropic,0.0125,0.01,6,100000,96.19257283210754,35.01742633639795,0.9537142809529864,8.881114918096422,35.516182130715976,0.9735368430992668,7.917569973810622,3.4253915048532804
671,0.5,True,896.8686592017988,815.6577780251907,0.4185599585231569,0.1,0.01,anisotropic,0.0125,0.0215443469003188,7,100000,96.34883332252502,32.49115835520325,0.9694043992763768,451.8377720424562,32.33973761213699,0.9748757981383736,467.8693632389956,20.10765891021898
672,0.5,True,81.15351191598057,77.64066600115557,0.3192732857732878,0.1,0.01,anisotropic,0.0125,0.1,9,100000,96.03809189796448,40.074141792356926,0.9872852789027752,0.6470461003894745,41.12553178056808,0.9927677001744694,0.5079210657475636,1.5758182362235469
673,0.5,True,524.9868781806845,599.4188316035423,0.3181166532695239,0.1,0.01,anisotropic,0.0125,0.2154434690031882,10,100000,95.64736127853394,37.72451735487531,0.981761970135835,46.495114015843214,38.35073222485702,0.9887039674499262,40.2518485565729,11.748306343304863
674,0.5,True,410.9864301626719,204.17813560938464,0.8623936179786645,0.1,0.01,anisotropic,0.0125,0.0464158883361277,8,100000,95.4746913909912,35.723364644299366,0.9561410540894708,44.42126696868614,35.936220139992244,0.9650534821264806,42.29659352171627,5.137126232674251
675,0.5,True,982.3962382916978,703.0213811862469,0.6970788062081105,0.1,0.01,anisotropic,0.0125,0.0021544346900318,4,100000,95.87769484519958,31.58375987523101,0.9330770776343396,632.8242175694119,33.23684051223515,0.9581117823538914,432.4889612773836,21.771723377059512
676,0.5,True,112.9268632658843,79.52392257434612,0.5056406813902117,0.1,0.01,anisotropic,0.0125,0.0046415888336127,5,100000,95.97479796409608,34.908260158677614,0.94151916568952,3.638370979401506,36.27703204765532,0.9738961337583604,2.6547876587336887,2.2967920450305144
677,0.5,True,398.4577434466959,350.5912237333448,0.3566949213435605,0.1,0.01,anisotropic,0.0125,0.1,9,100000,96.3500030040741,29.99048930202792,0.9428300663064324,158.82154513259823,30.202494618357505,0.9565535304873544,151.2547023200468,9.449735687687223
678,0.5,True,969.5009628420936,766.7666603533825,0.5211505302350417,0.1,0.01,anisotropic,0.0125,0.01,6,100000,96.0592758655548,29.39052450723276,0.9199600855837724,1073.4594370188572,30.579669551926862,0.9603217472657136,816.3401066904107,21.00481256715275
679,0.5,True,865.6416187680862,786.6202411196908,0.420980613728518,0.1,0.01,anisotropic,0.0125,0.0464158883361277,8,100000,97.301411151886,36.49514718574113,0.975169935560826,167.21568950053134,36.22478194985754,0.9828258213856212,177.95637378463783,17.608117213791946
680,0.5,True,817.2549988783306,715.5505224146091,0.3813828564055965,0.1,0.01,anisotropic,0.0125,0.1,9,100000,97.11645364761353,35.60495299052165,0.9682522942027136,183.6274133823264,35.31546486572044,0.9779124200092498,196.2846460530044,18.28180818222059
681,0.5,True,258.64492421789487,237.50786486480163,0.4686801140130586,0.1,0.01,anisotropic,0.0125,0.01,6,100000,95.8824713230133,29.62935889855503,0.9428540452122136,72.30485385302897,29.768282926684044,0.962444608647576,70.02853642454556,6.852135331517236
682,0.5,True,171.71669980267575,158.92993735674543,0.4491213515079682,0.1,0.01,anisotropic,0.0125,0.0021544346900318,4,100000,97.1892385482788,33.26317667864234,0.9359063054709108,13.263516636919464,33.794031323269074,0.9643980669275204,11.737435588768651,5.219120305923731
683,0.5,True,668.9745767045066,635.9866754443337,0.3223772865507239,0.1,0.01,anisotropic,0.0125,0.1,9,100000,95.39877581596376,39.49336584881125,0.9838103419786848,50.2378435430088,40.220737991436486,0.988583611485654,42.49068913969382,12.605510430151998
684,0.5,True,929.4466131384582,1135.1750753665497,0.3280286524351923,0.1,0.01,anisotropic,0.0125,0.1,9,100000,95.76872611045836,34.34216985175543,0.9532199356867576,279.8803493133767,34.56846801756296,0.9702652245198624,265.6700458410221,25.89611874578253
685,0.5,True,557.2061301209159,563.1117785309432,0.4327838729659207,0.1,0.01,anisotropic,0.0125,0.2154434690031882,10,100000,95.32882738113403,37.09545843291011,0.9895497062834872,60.56477066821458,37.400316996604055,0.9911267557685683,56.45913507742748,12.54890486267016
686,0.5,True,572.04107678043,575.863945750313,0.4570061648573432,0.1,0.01,anisotropic,0.0125,0.0215443469003188,7,100000,95.4817168712616,33.381483446659075,0.9788258134299151,149.57750798430223,33.13907813614338,0.9822626782628672,158.1637030626869,14.81643685865232
687,0.5,True,280.6991145666239,317.4015479919827,0.3775548643896803,0.1,0.01,anisotropic,0.0125,0.2154434690031882,10,100000,95.68117165565492,37.71710870937613,0.9864101077398176,13.326613833833598,38.0273650413039,0.9884006762487584,12.407782732697193,6.465330306741713
688,0.5,True,769.723440258745,801.9834792955747,0.4179786391528068,0.1,0.01,anisotropic,0.0125,0.1,9,100000,95.84332156181335,39.71400291052724,0.9868559279327836,63.245442266709205,40.41755450395221,0.9917576797454358,53.78659781395727,18.513100564920837
689,0.5,True,187.85670480896584,173.19088203486928,0.3733964303540536,0.1,0.01,anisotropic,0.0125,0.1,9,100000,95.93033742904665,38.18946128890482,0.9836810400719648,5.353053301026578,38.77330072990637,0.9894049087324512,4.679695806620411,3.9328132699795706
690,0.5,True,324.35555716783944,346.6297820871643,0.415647306167176,0.1,0.01,anisotropic,0.0125,0.2154434690031882,10,100000,95.58269238471983,36.22153017903222,0.989552070255732,25.08114582965592,36.33098927273967,0.991367752712689,24.45690316144951,7.044564820877176
691,0.5,True,426.0110021778004,445.27160804838206,0.3886092014414378,0.1,0.01,anisotropic,0.0125,0.0215443469003188,7,100000,95.85339784622192,33.65664022233694,0.9665308117067029,77.60436413320538,33.85773300978383,0.9780285425419494,74.0929465097803,11.286700490136196
692,0.5,True,508.10276830577055,469.5834574462559,0.4380248936268522,0.1,0.01,anisotropic,0.0125,0.0464158883361277,8,100000,95.69828248023988,33.75206676281883,0.9686604200012472,108.3537950439662,33.58568676208389,0.9737349578530828,112.5854134343048,12.24228720586444
693,0.5,True,243.16732268266517,271.8681068868824,0.431074525603567,0.1,0.01,anisotropic,0.0125,0.0215443469003188,7,100000,96.71431183815002,31.98155355015439,0.9623390895958164,37.25615986698418,31.200424240856997,0.969599605334265,44.597551884602105,7.9633298027175075
694,0.5,True,115.72198791446434,113.71854350963198,0.3779116009337928,0.1,0.01,anisotropic,0.0125,0.1,9,100000,96.19922924041748,34.411068735010915,0.9801105602814856,4.843135137170187,34.51104445276334,0.983793144759587,4.732918384753134,2.4042410032400525
695,0.5,True,611.009422399191,492.26164218101786,0.5084484814460867,0.1,0.01,anisotropic,0.0125,0.0021544346900318,4,100000,95.9349935054779,31.958600160314468,0.9249360439553156,233.4500574642472,31.51357643030081,0.9256955682483132,258.6403969681702,15.4711203687186
696,0.5,True,289.34192268701554,356.93407662859795,0.3289035058619103,0.1,0.01,anisotropic,0.0125,0.0215443469003188,7,100000,96.59738945961,31.39494291195984,0.9349135602764188,59.34391983089697,31.59577537221782,0.961198387939166,56.6621413637528,10.702775925183465
697,0.5,True,581.6569832011896,386.0451877400747,0.5796038952851537,0.1,0.01,anisotropic,0.0125,0.01,6,100000,95.76412296295166,28.795185602612364,0.9074231182583884,428.1273005603565,28.82019561225946,0.9222520391582704,425.6689004308751,12.155070820215537
698,0.5,True,155.2083525589281,128.7837686211067,0.6194182394249031,0.1,0.01,anisotropic,0.0125,0.001,3,100000,95.96686100959778,33.644913986733684,0.9576390929730112,10.13356414563562,31.94625448697395,0.9518321619363797,14.984014026448852,4.062105118558177
699,0.5,True,481.6589617529627,397.4292436720475,0.5379209276252098,0.1,0.01,anisotropic,0.0125,0.0215443469003188,7,100000,96.00175762176514,27.78845634226517,0.922771467161393,383.10254971430766,28.501961460990906,0.9528132008582204,325.0607481179783,12.84522562574087
700,0.5,True,533.0568431190343,663.3492196460395,0.2590518654960834,0.1,0.01,anisotropic,0.0125,0.1,9,100000,95.33598279953004,34.13711521882189,0.98163571372325,108.62635378465542,33.53209752943663,0.9805299786398812,124.86392167091398,12.945618063266002
701,0.5,True,52.77171328560448,60.57701416221708,0.3462378702177887,0.1,0.01,anisotropic,0.0125,0.0046415888336127,5,100000,96.73829245567322,31.966129893849672,0.9322747962980964,1.5860545848350596,32.12368305208766,0.951641257897899,1.5295469553430117,1.658040181903062
702,0.5,True,337.2676739157267,514.0154668895008,0.2644642422457238,0.1,0.01,anisotropic,0.0125,0.1,9,100000,96.26813673973083,27.427523311623617,0.906845660683769,204.30451046404272,27.36207992228824,0.9227157263937912,207.40646697946005,11.294686820629128
703,0.5,True,135.28026226203528,140.24846931221538,0.4265741688761624,0.1,0.01,anisotropic,0.0125,0.0021544346900318,4,100000,96.50441074371338,32.75368446286699,0.931940433415915,9.58415591860496,33.087748969910066,0.948617750028716,8.874572049949977,4.456998902964179
704,0.5,True,64.31159550229498,64.23972327345817,0.398491480889154,0.1,0.01,anisotropic,0.0125,0.0215443469003188,7,100000,95.38894128799438,33.781029996858784,0.9528939469662576,1.6823072427235988,33.867916665946154,0.9584970261217468,1.64898478228214,1.534900114894045
705,0.5,True,989.9702721575552,975.0129651230768,0.5027600576305588,0.1,0.01,anisotropic,0.0125,0.1,9,100000,96.45092344284058,34.62175433595492,0.9816458343087924,336.842062360192,34.83524111590735,0.9862437765276684,320.68425671257467,20.53961769890213
706,0.5,True,323.03149112974825,160.85378830203643,0.8384501406429242,0.1,0.01,anisotropic,0.0125,0.0046415888336127,5,100000,95.44704747200012,37.12448214576924,0.9461911628917106,18.20847804757057,37.73653328772717,0.9626353969222284,15.81497583610411,7.060836882843569
707,0.5,True,810.0645714087802,1152.75759189387,0.2725760658786028,0.1,0.01,anisotropic,0.0125,0.1,9,100000,95.63669085502625,28.32689496804164,0.9167252818897992,962.676980739348,28.73965271536693,0.9483676354830336,875.3965132834343,29.26652219549196
708,0.5,True,255.3860141090001,217.28083422027183,0.4897962924082619,0.1,0.01,anisotropic,0.0125,0.0046415888336127,5,100000,95.7997705936432,33.2484918343527,0.9509104548215388,25.60021240005481,32.9834465612001,0.968139344906984,27.211225158540163,5.947043692671366
709,0.5,True,681.8212195017053,723.0603796022361,0.3330600271300847,0.1,0.01,anisotropic,0.0125,0.4641588833612777,11,100000,95.7047188282013,34.70821589314593,0.96436769227972,157.11536871657347,34.9503466433162,0.9755150769597682,148.59547820159804,17.006406494045525
710,0.5,True,760.4676320297968,531.1097606145242,0.6021732655627572,0.1,0.01,anisotropic,0.0125,0.0046415888336127,5,100000,96.50274634361269,31.36120976139576,0.9458827186484968,417.0410456634502,31.22082224688988,0.9602565958259714,430.74232936221233,16.126720678170592
711,0.5,True,596.0431018672365,916.5840014333596,0.2201793987484703,0.1,0.01,anisotropic,0.0125,0.0215443469003188,7,100000,96.49818396568298,32.44018111909817,0.9399272353973388,198.1358377374576,30.595642824013737,0.9094699152319562,302.9820257586481,23.503435751449896
712,0.5,True,472.1046123616082,504.08950936406376,0.30929464852699,0.1,0.01,anisotropic,0.0125,0.4641588833612777,11,100000,96.70967388153076,33.11286375742375,0.9827210447341076,108.7462256514945,33.20937872304463,0.9844685938263658,106.35617155878748,10.970188874072354
713,0.5,True,412.4290732331213,228.55479537512207,0.7201860444575218,0.1,0.01,anisotropic,0.0125,0.01,6,100000,95.76450943946838,29.85816746775668,0.9213638440647312,157.0559432400209,29.99950562221883,0.9371553251367648,152.0269420540864,7.17048721705698
714,0.5,True,349.5193982764523,354.5601486203548,0.371923380827305,0.1,0.01,anisotropic,0.0125,0.1,9,100000,95.62968254089355,37.90939383786213,0.9787713738027144,19.765805115944666,38.05773470638269,0.9843468163734872,19.10206955966813,8.361077297134392
715,0.5,True,929.599615103578,838.8824646490706,0.452236632941602,0.1,0.01,anisotropic,0.0125,0.1,9,100000,95.27232694625854,38.29882646541176,0.9765139527839458,127.81583678772904,38.48143064620497,0.9841181698971494,122.55308540146248,21.38240864023371
716,0.5,True,830.7887883799414,750.0680410954963,0.4870309266079803,0.1,0.01,anisotropic,0.0125,0.0215443469003188,7,100000,95.7941870689392,33.34560052748727,0.9729345128716984,318.3000671149016,33.52156208893932,0.9811316825269758,305.6613831783965,20.638049386520237
717,0.5,True,965.061883755846,1008.6005997771668,0.4224385604921561,0.1,0.01,anisotropic,0.0125,0.1,9,100000,96.18898272514345,37.86459172923593,0.9811669377455092,152.26671384027372,38.147437437088094,0.9895357616063962,142.66597352482373,25.298800535015257
718,0.5,True,125.17292626205918,272.1158805185215,0.1789697451071865,0.1,0.01,anisotropic,0.0125,0.4641588833612777,11,100000,95.6385064125061,29.851028279045323,0.9361868992231276,16.190529595157408,29.98121072630717,0.947780557641886,15.712410254320693,4.741230981843934
719,0.5,True,731.1366077284406,764.07920757827,0.3486751790503903,0.1,0.01,anisotropic,0.0125,0.2154434690031882,10,100000,96.6901502609253,35.80654838058116,0.9853556458902004,140.1488841631937,36.28909267389007,0.989419576662342,125.41087992509888,16.177393725105837
720,0.5,True,938.4021163642168,840.3980650048863,0.48204648168582,0.1,0.01,anisotropic,0.0125,0.0046415888336127,5,100000,95.37951588630676,30.521132471418785,0.9372623600532785,777.4816143593692,30.55260389707723,0.9562154751814486,771.8679090281277,25.50968068675293
721,0.5,True,182.0518330994945,136.58542535112207,0.6960682651807235,0.1,0.01,anisotropic,0.0125,0.0046415888336127,5,100000,97.4931707382202,33.32032394283716,0.9537747979913304,15.33940737059974,32.84190714949392,0.970979975573769,17.125776049922198,4.471327238735378
722,0.5,True,67.42977109941071,51.47740080917401,0.5829035851911765,0.1,0.01,anisotropic,0.0125,0.0046415888336127,5,100000,95.93525910377502,33.754010281653066,0.9279133255906856,1.8812194049562656,34.961577212062565,0.9686207281810628,1.4245665969394643,1.6639876932513191
723,0.5,True,741.379528640769,519.0673567222773,0.526258245471118,0.1,0.01,anisotropic,0.0125,0.0215443469003188,7,100000,95.81143927574158,31.43216799590117,0.9267898064753984,310.71326679912346,31.401923954134347,0.938562776017,312.8846096074098,14.27086012412178
724,0.5,True,574.898640066732,766.916343601765,0.3100945703688827,0.1,0.01,anisotropic,0.0125,0.0046415888336127,5,100000,96.0198245048523,31.488521910346485,0.9281045978517396,221.3233765210824,31.874189535746392,0.9356856373345152,202.51655204283009,22.631125258223324
725,0.5,True,841.9869479815138,645.3467823392327,0.5645543690965518,0.1,0.01,anisotropic,0.0125,0.0021544346900318,4,100000,96.4703176021576,33.030378089889105,0.906203977211738,209.8063233740106,31.77688518245408,0.911249739998618,280.00633944863927,23.98454035472175
726,0.5,True,140.63260424966322,117.90773757213066,0.4258277067748622,0.1,0.01,anisotropic,0.0125,0.0215443469003188,7,100000,96.31831169128418,30.43309652226949,0.9483690677437644,17.856796191082648,31.48311773411776,0.9700072008956052,14.021724204014854,3.029566793653319
727,0.5,True,795.4720445480303,724.1791075668966,0.4684134875406032,0.1,0.01,anisotropic,0.0125,0.1,9,100000,96.0780746936798,36.11429176712906,0.9810350545915596,154.706961812419,36.05514272390143,0.9855573547448244,156.82841805745178,18.53170225555416
728,0.5,True,202.4256927276968,178.8623629997925,0.5373607637585549,0.1,0.01,anisotropic,0.0125,0.0464158883361277,8,100000,96.381201505661,29.745712166181534,0.9357103549865852,43.382198708953325,30.517907606623453,0.971811667481963,36.31549893179533,4.783951685207556
729,0.5,True,164.49228692283882,184.8521753128024,0.394460199424766,0.1,0.01,anisotropic,0.0125,0.0215443469003188,7,100000,95.64162063598631,32.83100805472317,0.9785552805478912,13.912922523627127,32.428005576421704,0.9638544022268692,15.265766473722124,4.540537608723995
730,0.5,True,165.10153213306194,189.17106825782423,0.3260978018776422,0.1,0.01,anisotropic,0.0125,0.0215443469003188,7,100000,95.8404622077942,32.66309968629382,0.9527419145510582,14.189239491621262,31.451268049311217,0.9575902676835594,18.756088905358062,5.491585307665521
731,0.5,True,814.7601455111508,911.34227097291,0.2904299540903503,0.1,0.01,anisotropic,0.0125,0.2154434690031882,10,100000,96.2027599811554,36.6774069196356,0.985457196059234,142.56767686650284,37.09109970571643,0.9889520048562904,129.6139644002409,16.920904075036535
732,0.5,True,665.5320234755039,600.7345896918097,0.3395554193999642,0.1,0.01,anisotropic,0.0125,0.2154434690031882,10,100000,95.38617181777954,33.13618753560208,0.9849010729455784,214.7681883871424,33.37641944808209,0.9869791964394228,203.21078922142655,13.507728260739816
733,0.5,True,523.5423593443502,625.729988018332,0.3571791992944099,0.1,0.01,anisotropic,0.0125,0.0464158883361277,8,100000,95.79955053329468,30.620605998485377,0.937062045820912,235.404178264147,30.9110416344017,0.9703229414781804,220.17631731953117,14.890819899928712
734,0.5,True,359.471653639379,330.994414553409,0.4365217243994593,0.1,0.01,anisotropic,0.0125,0.1,9,100000,95.7116355895996,35.74743949523517,0.9675159801763996,34.38211154979511,36.36268672684426,0.9816023592141352,29.840618598619063,8.47808884071445
735,0.5,True,877.3233402722951,1081.1452968413398,0.3410432091535568,0.1,0.01,anisotropic,0.0125,0.0464158883361277,8,100000,96.61118340492249,28.40402692920528,0.9328485046466476,1093.4611658556491,28.56515681256397,0.9495063041741078,1053.6354528568447,30.14655509491576
736,0.5,True,393.05266231521273,354.9135570261938,0.451413182837172,0.1,0.01,anisotropic,0.0125,0.0215443469003188,7,100000,96.08541584014893,32.8884329955641,0.967167246838072,78.5639139130432,32.59564172752599,0.9639670970755838,84.04313377792545,9.774860666414911
737,0.5,True,816.7828400321055,836.3943608166098,0.3297486529851616,0.1,0.01,anisotropic,0.0125,0.01,6,100000,96.15534043312071,32.79877775789905,0.9594030519744468,343.60004255996324,32.86247130230768,0.9675029677607696,338.59758365350865,21.326837484018505
738,0.5,True,439.6957736616482,550.5143409443152,0.3253415392025598,0.1,0.01,anisotropic,0.0125,0.1,9,100000,95.8065185546875,29.144077011207397,0.948681085904458,234.74514927316488,29.085280173274302,0.9586177687261016,237.94485062465907,14.407999315280806
739,0.5,True,377.5674849954827,544.3651883634828,0.3328433554962468,0.1,0.01,anisotropic,0.0125,0.0464158883361277,8,100000,95.83422422409058,30.8146335816182,0.939931700383159,117.81696747842754,30.21573529163881,0.9490997537227844,135.23766669703585,17.40004699050612
740,0.5,True,463.2171058839368,554.6563188615789,0.3341712588887235,0.1,0.01,anisotropic,0.0125,0.2154434690031882,10,100000,95.97176861763,35.25332897852233,0.9577032282403298,63.98630116550267,35.09237664858163,0.96593016169264,66.40216489028947,12.878641240429284
741,0.5,True,302.0764962899779,300.20264426483686,0.3807597719474229,0.1,0.01,anisotropic,0.0125,0.1,9,100000,96.0765335559845,32.15411863288108,0.9628222681636832,55.51430847238953,32.53024949792643,0.9739837644450748,50.90868132779151,7.480475496866639
742,0.5,True,747.8617707960749,713.6695502480569,0.3813551040847829,0.1,0.01,anisotropic,0.0125,0.2154434690031882,10,100000,95.91482067108154,37.73244661912837,0.9870914308868548,94.14233045624978,38.22016051952988,0.9916219390170178,84.14214030073083,16.82737730048128
743,0.5,True,503.2176697023867,499.78371272699206,0.3306957726047181,0.1,0.01,anisotropic,0.0125,0.2154434690031882,10,100000,95.48218631744383,34.32608690356738,0.9700776448885554,93.39708409877242,34.604360509995026,0.9817911173791348,87.60037330928937,11.948944031059884
744,0.5,True,232.9804824516705,182.8061169077295,0.3852308492474424,0.1,0.01,anisotropic,0.0125,0.01,6,100000,96.25407338142396,32.74302212891438,0.9468456726127112,27.21308997992708,33.20071234240827,0.9721133731483844,24.49113071854292,4.685103415606674
745,0.5,True,899.6749987012939,404.2854586972276,0.9793119338450432,0.1,0.01,anisotropic,0.0125,0.0046415888336127,5,100000,96.48148512840272,27.25935939871808,0.8912070649215741,1457.1479928651297,27.53371286453138,0.9110891102582308,1367.9439904171884,13.70491127866388
746,0.5,True,384.5073301518382,393.86195212535966,0.3803290191029288,0.1,0.01,anisotropic,0.0125,0.2154434690031882,10,100000,95.17493224143982,34.119336312677525,0.983634069623626,57.15720681873181,34.424082907875245,0.988553070072278,53.28394088898954,8.87171706193093
747,0.5,True,544.0093082528746,550.1273536559378,0.386295781231381,0.1,0.01,anisotropic,0.0125,0.2154434690031882,10,100000,95.736243724823,38.47944519102494,0.9891614910784938,41.94854709396129,38.62651032443127,0.9917555753112058,40.55182556688705,12.11119989456999
748,0.5,True,906.5656388535824,693.5253946899154,0.4828051196636613,0.1,0.01,anisotropic,0.0125,0.01,6,100000,95.90764689445496,34.40716141470822,0.9456807907975264,276.50807158852285,35.03499699298602,0.9685082253296876,239.28983793075744,19.48300798814623
749,0.5,True,624.6137579180781,727.2967250485603,0.3972080018546824,0.1,0.01,anisotropic,0.0125,0.0464158883361277,8,100000,93.76291298866272,31.85108575835049,0.9350442583005112,250.3038941533053,32.37470399751271,0.9562985635708784,221.87367781514607,22.44443971223464
750,0.5,True,117.7811426676557,116.45727795518783,0.3663300083273779,0.1,0.01,anisotropic,0.0125,0.01,6,100000,96.0382685661316,34.54727553842204,0.938797085617751,4.286363355546663,34.8701235797953,0.9628941510597182,3.9792770697455775,3.128390208295285
751,0.5,True,939.8922914898616,978.552131107158,0.3593879933735451,0.1,0.01,anisotropic,0.0125,0.1,9,100000,96.75616121292114,31.946119990079293,0.9565383139347484,563.1769646429784,32.060693794504374,0.9624294429247836,548.5137291451513,24.354017743052324
752,0.5,True,628.0803450183464,462.1733105241929,0.5483966185169711,0.1,0.01,anisotropic,0.0125,0.0001,0,100000,95.92602205276488,29.98408446366772,0.9296107634358718,390.57381586108914,29.15630718739635,0.9269340117520118,472.586000577484,16.947420752278884
753,0.5,True,335.57070904242903,325.81131419560666,0.3932985842733009,0.1,0.01,anisotropic,0.0125,0.0215443469003188,7,100000,95.76630401611328,29.41359084004741,0.9446566330024424,128.13199108702156,29.473184228580195,0.9493085158255168,126.38578667239784,7.8055813250563295
754,0.5,True,140.13280059072386,151.6529323575022,0.3687632623078195,0.1,0.01,anisotropic,0.0125,0.2154434690031882,10,100000,95.62070417404176,31.05962926249628,0.9604923730604952,15.323282013097003,30.868920721126592,0.9707154869044848,16.01115451353664,3.405116131824312
755,0.5,True,794.2311640810257,845.9409214200333,0.3581280779473499,0.1,0.01,anisotropic,0.0125,0.4641588833612777,11,100000,95.80613684654236,31.40887324154741,0.9751325741650974,455.7823190454025,31.437821211356216,0.9799199227744632,452.7543970765602,17.90838378506745
756,0.5,True,620.452683172585,690.3125860307372,0.3832882938515474,0.1,0.01,anisotropic,0.0125,0.2154434690031882,10,100000,96.32267785072328,35.69414983551844,0.9880192379642728,103.65016103148125,36.41919844642914,0.9915548600982276,87.713233243812,14.020217143098163
757,0.5,True,533.9276308843451,480.38514660614527,0.3934324402473565,0.1,0.01,anisotropic,0.0125,0.0046415888336127,5,100000,96.64034175872804,33.680004600653824,0.9349068040615351,118.02257648844436,34.0572755938871,0.943059350518422,108.20267359251582,13.290714642625424
758,0.5,True,893.9986904679067,776.0577559440461,0.4565132005496587,0.1,0.01,anisotropic,0.0125,0.0215443469003188,7,100000,96.01584911346436,35.7305280477738,0.9740681529119268,213.1410946785685,35.80793071655514,0.9783735441684625,209.37601275584777,21.610317593800847
759,0.5,True,788.8086140133062,683.0363566340278,0.5191686150979195,0.1,0.01,anisotropic,0.0125,0.01,6,100000,95.59039092063904,30.74110397927607,0.8820093676892726,493.5310720276301,31.94162796924265,0.9234456443445322,374.3364362258584,22.16567527355975
760,0.5,True,152.52320485301843,160.4813828675817,0.3480514621431521,0.1,0.01,anisotropic,0.0125,0.1,9,100000,96.02402472496031,32.153635039118,0.95566150981636,14.14927673779612,32.2232797297269,0.9736127227535584,13.924184581343106,3.87358505041742
761,0.5,True,312.41034572775266,262.0613255261406,0.5384004323158647,0.1,0.01,anisotropic,0.0125,0.0046415888336127,5,100000,95.90082693099976,32.2318328143034,0.9116257612144966,54.33679018762513,32.76737818897717,0.9348454797733394,48.03297016562331,7.893144269761181
762,0.5,True,249.24065067465128,167.83831092600607,0.4990961147658558,0.1,0.01,anisotropic,0.0125,0.0021544346900318,4,100000,96.58219408988953,31.647126290286188,0.9408372625812884,42.08795282746483,32.30240611065318,0.9676054651585058,36.19343645551675,5.593600464823488
763,0.5,True,744.2023462801043,639.4948615268124,0.4523341066743273,0.1,0.01,anisotropic,0.0125,0.1,9,100000,96.06185913085938,27.08579572893449,0.9286966902574056,1079.4216177620815,27.362395449400225,0.9442594754803562,1012.8173664885072,15.424745064837222
764,0.5,True,34.4989023010436,36.37079344112759,0.3912489357352208,0.1,0.01,anisotropic,0.0125,0.2154434690031882,10,100000,96.41893434524536,36.46111826160735,0.9869533901148164,0.2686966530695712,36.68264455037934,0.9898117070444324,0.2553345756443742,0.8351461796557368
765,0.5,True,570.3197951864452,558.9420816928159,0.3965640747797118,0.1,0.01,anisotropic,0.0125,0.0464158883361277,8,100000,96.70420217514038,34.329976028753144,0.9519964389404658,117.01744437273298,34.56325551786594,0.9667929125920514,110.8977309113068,15.69150758230654
766,0.5,True,762.6962270549499,608.5053856915304,0.4734864317219691,0.1,0.01,anisotropic,0.0125,0.01,6,100000,96.30558395385742,29.98714780865687,0.9074976491805014,559.1827428422037,30.014552701562973,0.9477515428104472,555.6652920229955,20.815368175466794
767,0.5,True,876.8888711249878,784.214050577154,0.3584088884493897,0.1,0.01,anisotropic,0.0125,0.001,3,100000,96.42780685424805,31.39342170399802,0.9224750380789036,534.9623695245955,32.11727676541231,0.9491940916981498,452.8326447992511,23.79590012669439
768,0.5,True,342.7396669671916,371.0381587981468,0.3604184833921028,0.1,0.01,anisotropic,0.0125,0.0464158883361277,8,100000,95.77447319030762,33.16064782738727,0.981760621424641,56.567411051872384,32.75328800836053,0.9831104956258508,62.13013317700909,8.741501610716409
769,0.5,True,821.4360473673408,469.3285734052744,0.7864677818872244,0.1,0.01,anisotropic,0.0125,0.001,3,100000,96.35094499588013,30.653900675434528,0.90522839767759,491.7065182598832,31.067824186911658,0.92773780372837,447.0062694776619,17.01690615155984
770,0.5,True,111.52110521825202,80.26264439427214,0.6556581091935594,0.1,0.01,anisotropic,0.0125,0.0021544346900318,4,100000,96.34538698196413,28.461477442559683,0.8996800713927771,17.424721814346405,28.90491064309102,0.9325610623421634,15.733398156753468,2.9627087757187374
771,0.5,True,846.6058394427837,807.1921850926802,0.439987671161555,0.1,0.01,anisotropic,0.0125,0.1,9,100000,96.54885578155518,40.01009757148452,0.990255692959528,71.44473690852273,40.34132929356759,0.9945597688940514,66.1983354204681,16.95489764097499
772,0.5,True,128.36117366965044,128.04563819997716,0.3939411266162981,0.1,0.01,anisotropic,0.0125,0.0464158883361277,8,100000,95.4525420665741,37.98509744024087,0.9728887239694248,2.6199251249106568,38.85995446472234,0.982512501649296,2.141919660984634,3.49674837746699
773,0.5,True,397.8900032698069,431.0697807555696,0.3557740545493172,0.1,0.01,anisotropic,0.0125,0.0215443469003188,7,100000,96.24641585350037,32.94801714800108,0.9616218350252498,79.28949589944993,32.72268616364491,0.9723127108719812,83.51197511623558,11.896501771474334
774,0.5,True,797.498070413774,772.1700311217238,0.4290448348902604,0.1,0.01,anisotropic,0.0125,0.0464158883361277,8,100000,96.48878264427184,32.49833830431028,0.9498983920850096,356.9417956823006,32.537811937284495,0.967020544124538,353.7122011225056,21.844995106451396
775,0.5,True,150.76750992142502,75.96576908067091,0.8345871968588519,0.1,0.01,anisotropic,0.0125,0.0464158883361277,8,100000,95.889417886734,32.09988186424474,0.9426149317973922,10.74196814429743,32.34122727478911,0.949443736066393,10.161301064615827,1.8869331318490756
776,0.5,True,230.02214383740883,227.9231761062351,0.29859331835998,0.1,0.01,anisotropic,0.0125,0.4641588833612777,11,100000,95.78469157218932,35.16434343900826,0.9786382035616388,16.084576773001896,35.92906398707466,0.9893668115310466,13.487690234797975,4.553795238499972
777,0.5,True,722.5303158246733,664.4040910750823,0.4984318761953942,0.1,0.01,anisotropic,0.0125,0.0464158883361277,8,100000,96.1627607345581,30.60678310594733,0.934723757524022,452.9849544219381,31.07827881918164,0.9643372899987562,406.3817593080056,20.228325308439057
778,0.5,True,720.3165000095282,721.0773415756012,0.4360226665610193,0.1,0.01,anisotropic,0.0125,0.0464158883361277,8,100000,95.54242897033691,32.02787756585916,0.9506086012234676,324.9823978590267,33.398831714968395,0.9812488412626512,237.0087740451748,17.437667788529282
779,0.5,True,641.506485252412,668.7238349435693,0.4200975021685169,0.1,0.01,anisotropic,0.0125,0.1,9,100000,95.64157724380492,39.79549759816007,0.9858502947924608,43.06741663186156,40.59712990065492,0.9919622880889518,35.80845567663842,14.34570134536702
780,0.5,True,694.2544960226329,495.5409540365321,0.5501517791188957,0.1,0.01,anisotropic,0.0125,0.0215443469003188,7,100000,96.1782693862915,38.508099403923374,0.9595619144850756,66.56272101294205,37.79131868744142,0.9650207380047588,78.50713681935947,14.092195809986718
781,0.5,True,543.1817189042486,508.4547840095959,0.4125721428742171,0.1,0.01,anisotropic,0.0125,0.1,9,100000,95.7239429950714,40.17265676177804,0.9862879757576428,28.353375698287213,40.20903171632063,0.9939213201372176,28.116889694645888,12.048151915643844
782,0.5,True,252.5472598480458,159.9216947865322,0.6092412323962795,0.1,0.01,anisotropic,0.0125,0.001,3,100000,96.75194025039671,33.49737295419832,0.9548944448586826,28.245468611353637,32.49211993115857,0.9475508436125684,35.60197465448873,4.910022872602675
783,0.5,True,346.35029751041554,312.77638641376865,0.4482269422613918,0.1,0.01,anisotropic,0.0125,0.0215443469003188,7,100000,96.12652850151062,34.86223583513696,0.9500775832481856,37.93306214732366,35.78714684172895,0.9775656479582576,30.65679867834407,8.437018745670565
784,0.5,True,182.41611908462423,172.96020547408702,0.3926523961386047,0.1,0.01,anisotropic,0.0125,0.2154434690031882,10,100000,95.96516346931458,34.86644518096157,0.9849224034909768,10.843160639888346,34.67986562793892,0.988382311915395,11.319150832934184,3.616522802127824
785,0.5,True,908.5421107722948,899.8908361814002,0.363028313393359,0.1,0.01,anisotropic,0.0125,0.01,6,100000,95.25665736198424,32.77735983294232,0.9440303962488812,397.8969193930678,33.044851321145224,0.9590558309987433,374.12904720979583,25.37632686341449
786,0.5,True,583.8084029713543,650.2437749514098,0.4195934521386159,0.1,0.01,anisotropic,0.0125,0.0046415888336127,5,100000,96.556560754776,33.69876313362575,0.9720092912167352,144.9860422361033,33.74133542924944,0.9763236405705606,143.57174049231762,18.136607576312198
787,0.5,True,401.45056534687626,458.58832930973017,0.3563779895924074,0.1,0.01,anisotropic,0.0125,0.0021544346900318,4,100000,96.31132411956789,30.779960573752984,0.910542423393432,131.14852694325424,30.968305434360843,0.92965235535266,125.5824440465455,15.43052825118141
788,0.5,True,462.5437978404885,412.9991020318621,0.3776367886683138,0.1,0.01,anisotropic,0.0125,0.0215443469003188,7,100000,96.1745126247406,33.91603748195949,0.9852305411126672,84.72309283270323,33.506923500874365,0.985951106575338,93.09217976887544,9.167859756937904
789,0.5,True,947.3360562722036,1028.3555737981417,0.3482512564951282,0.1,0.01,anisotropic,0.0125,0.2154434690031882,10,100000,96.09340643882751,33.93928216482398,0.9772067825059824,362.0012384965698,33.90747796534514,0.9822751215103216,364.6619720981216,19.666694880330137
790,0.5,True,154.19805171296412,156.1441104254634,0.4317921106171919,0.1,0.01,anisotropic,0.0125,0.0215443469003188,7,100000,95.83328938484192,33.121401532666816,0.9496242085243736,10.374899475071611,32.326576883165224,0.952884132971889,12.458517379483547,4.870711304902094
791,0.5,True,586.6436021847804,557.0753893581216,0.451440650688554,0.1,0.01,anisotropic,0.0125,0.1,9,100000,96.0252845287323,37.09629991795499,0.9745840378499911,67.13061329537746,37.7518980879742,0.9818498016773342,57.724582146183096,13.874571779353683
792,0.5,True,506.3827902055815,484.5377566998897,0.433937566246538,0.1,0.01,anisotropic,0.0125,0.0215443469003188,7,100000,96.38334798812866,32.95160275344189,0.962522930476306,129.5452674214385,32.96430218701691,0.9782492146190912,129.16701059507778,12.535894585553985
793,0.5,True,611.8427811992132,774.6620282218435,0.3150601223557236,0.1,0.01,anisotropic,0.0125,0.0215443469003188,7,100000,95.59506177902222,30.90286624278576,0.9618681954635212,302.1784193286007,30.520509248494093,0.94900043393768,329.9887579065244,19.88341810644713
794,0.5,True,19.092073637019663,15.556640840338378,0.5500763613278263,0.1,0.01,anisotropic,0.0125,0.0464158883361277,8,100000,95.35420060157776,25.694951470839445,0.9249406321151172,0.9771069274218952,25.981518980549648,0.9407300949411012,0.9147140320091388,0.4406131727440631
795,0.5,True,872.2517850352074,1026.3939716880036,0.4130504165737214,0.1,0.01,anisotropic,0.0125,0.2154434690031882,10,100000,93.7632257938385,36.8013425195039,0.9828674688579704,158.88196285458403,36.82741849285397,0.9863063626665256,157.93085960077858,23.69202863687874
796,0.5,True,932.1861642011288,1046.2335886403905,0.3649001980458322,0.1,0.01,anisotropic,0.0125,0.01,6,100000,94.95038604736328,31.97882680879161,0.936878212819486,487.67041072122754,32.009990106246335,0.943611641040981,484.1836008541399,28.5515546394802
797,0.5,True,565.5680504056197,552.1334225499816,0.3952210155632101,0.1,0.01,anisotropic,0.0125,0.1,9,100000,94.02070879936218,34.18603025052332,0.959915164041197,121.58036117818824,35.27102654938099,0.9866635322430602,94.70301363470004,13.367579736190502
798,0.5,True,696.9541730530153,787.9843455658569,0.3253403204934637,0.1,0.01,anisotropic,0.0125,0.1,9,100000,93.7622847557068,33.517346007262134,0.971455999088232,215.49257580546984,34.422568157223566,0.978783970745582,174.948449299589,16.91589869912463
799,0.5,True,922.5768817961184,481.9052540374354,0.7725607221389431,0.1,0.01,anisotropic,0.0125,0.01,6,100000,93.88610696792604,34.19366189619188,0.9502521583711938,236.0059442715672,34.593969519988114,0.9659633190786976,215.224733775291,14.849282481357616
800,0.5,True,707.5313956790852,956.4598527357892,0.3543152109793445,0.1,0.01,anisotropic,0.0125,0.0215443469003188,7,100000,99.34405016899107,33.13522636918959,0.9316169251697796,226.06990957278728,33.739188917298215,0.9596219813322596,196.7190895668056,29.082506348786367
801,0.5,True,153.3865038713471,162.12726295823188,0.353781762558524,0.1,0.01,anisotropic,0.0125,0.2154434690031882,10,100000,99.28441286087036,35.56365452451298,0.988562476738104,6.525741636198051,36.05645097283195,0.9918363435667096,5.825728359497154,3.267541747999885
802,0.5,True,576.7120718066463,512.9602175147653,0.4430401802663251,0.1,0.01,anisotropic,0.0125,0.01,6,100000,99.27265429496764,32.29241215846066,0.95260399303128,193.13239626941012,32.03420581617789,0.9603209791750088,204.9631387960378,13.783370406377747
803,0.5,True,607.108331336473,532.3817735342836,0.6050696852554915,0.1,0.01,anisotropic,0.0125,0.1,9,100000,99.91250085830688,34.86754200194577,0.9833112840790692,120.0405551316901,34.19351783701524,0.9879789646309106,140.19431780432274,13.087195009193488
804,0.5,True,424.7065406310836,467.7489288615786,0.3531924044602218,0.1,0.01,anisotropic,0.0125,0.0215443469003188,7,100000,99.48413062095642,34.96632160895226,0.9870925379532772,56.84489883865356,34.64948644263912,0.9887354190683778,61.146980300165765,10.557759451397
805,0.5,True,736.7077913890981,760.4174429305629,0.3597063356457495,0.1,0.01,anisotropic,0.0125,0.2154434690031882,10,100000,98.08418464660645,33.38232502035328,0.9677785923083057,248.82857601534167,33.867098122433816,0.9808540173033972,222.5476147978617,18.575780048242883
806,0.5,True,934.432647754246,1882.917597302767,0.1711671153432884,0.1,0.01,anisotropic,0.0125,0.4641588833612777,11,100000,100.72581243515016,33.92016881718344,0.9646369324202086,353.71492002281605,33.6503466454792,0.9618651076314736,376.38785051156873,28.77753331601981
807,0.5,True,925.6429443938696,1040.9281805389903,0.3773203227590218,0.1,0.01,anisotropic,0.0125,0.01,6,100000,98.71378755569458,34.098630564699874,0.954409618464236,331.6967096365678,33.21267778369021,0.9680830800178684,406.7583168098597,28.751631165761445
808,0.5,True,451.388532032728,457.5955433605273,0.3819770234792566,0.1,0.01,anisotropic,0.0125,0.2154434690031882,10,100000,98.89209794998168,38.33464438404946,0.9828199348603092,29.8697862079014,39.44870012152079,0.9917934799846952,23.111415232961413,9.52279734212104
809,0.5,True,114.1248077949145,147.02808703950012,0.3230959367937999,0.1,0.01,anisotropic,0.0125,0.0215443469003188,7,100000,99.15717959403992,33.00011243427748,0.9241747136635514,6.388775044499489,32.76305969669545,0.9544477927893033,6.747188915421023,4.720604872257077
810,0.5,True,984.8563577633722,1142.7598345709805,0.3808520772916401,0.1,0.01,anisotropic,0.0125,0.01,6,100000,99.04908108711244,31.439916999054912,0.941394837966981,694.3302234154705,31.329833954718463,0.9516778274888787,712.1547485550661,33.10950085081997
811,0.5,True,839.0591883594882,915.5825611549244,0.3611324576580791,0.1,0.01,anisotropic,0.0125,0.2154434690031882,10,100000,98.9773178100586,37.68840324907143,0.9867377331458256,119.80694139565465,38.24717528445112,0.9897556559991432,105.34278054665668,18.96264093088399
812,0.5,True,125.53801852206358,135.40176621062258,0.312890983921627,0.1,0.01,anisotropic,0.0125,0.2154434690031882,10,100000,98.91849637031557,39.69654166010184,0.9884949723177376,1.688675146090873,39.90767247153993,0.9922942300060182,1.6085443158556356,2.749314086800777
813,0.5,True,920.9210407347548,932.419755854555,0.3837391283050187,0.1,0.01,anisotropic,0.0125,0.0215443469003188,7,100000,98.98690390586852,32.42678843259656,0.9324647214030028,475.89432568822326,32.547492197737846,0.9507521855459264,462.849874191158,29.84752575129883
814,0.5,True,870.0264657000662,693.6188452087302,0.4451844038431935,0.1,0.01,anisotropic,0.0125,0.0046415888336127,5,100000,99.99308800697328,34.388545286230105,0.9472317339431032,260.6334825560224,34.193593504413265,0.9643844362567564,272.5997073381454,21.54374045604164
815,0.5,True,519.319219068946,453.5925388775343,0.4598442753544199,0.1,0.01,anisotropic,0.0125,0.1,9,100000,98.95406889915466,38.21666951563945,0.9816690060955024,40.64294048933208,38.62292699691628,0.9909886861585964,37.01343345794736,10.208012897822488
816,0.5,True,591.6841603091843,535.1110795547297,0.4614222597517785,0.1,0.01,anisotropic,0.0125,0.0021544346900318,4,100000,99.62476396560668,32.89534686496281,0.944436076560367,177.75993867521004,31.493230643405216,0.9299666379007908,245.49661818974693,15.7221971196134
817,0.5,True,399.6037011662601,421.7585912864124,0.3197062566399589,0.1,0.01,anisotropic,0.0125,0.4641588833612777,11,100000,99.84819626808168,35.80180387383948,0.983454461269447,41.96726711727427,36.453563474477264,0.9877865211929834,36.11891776945109,8.027778429940035
818,0.5,True,55.7068771832093,58.07403747677962,0.3531765409721913,0.1,0.01,anisotropic,0.0125,0.1,9,100000,98.15463614463806,31.10340154176432,0.9618726767638708,2.406352449413867,30.565013497861912,0.9697301471627686,2.7239431633897007,1.3795265077391596
819,0.5,True,335.862044404255,313.9436198417338,0.4412673185729538,0.1,0.01,anisotropic,0.0125,0.1,9,100000,99.72560596466064,36.91702390551085,0.9919068916329196,22.9263282753285,37.13972674451639,0.9914649113715706,21.780318322890107,7.14809831777894
820,0.5,True,803.0505951494134,724.4472020013899,0.3770063869541569,0.1,0.01,anisotropic,0.0125,0.2154434690031882,10,100000,98.90896272659302,37.09743932550944,0.9813505183324268,125.65084870912968,37.2028548672762,0.9852791051637098,122.63766476634603,16.22349085247657
821,0.5,True,5.627390981598256,4.829842543003271,0.5577056039712013,0.1,0.01,anisotropic,0.0125,0.0046415888336127,5,100000,99.38115668296814,33.70977342763689,0.928793082963814,0.0117740766173842,34.369631217403025,0.9490226144779748,0.0101144222100842,0.1416697143514436
822,0.5,True,334.16567251945304,316.95324583639825,0.3813526807658961,0.1,0.01,anisotropic,0.0125,0.0215443469003188,7,100000,99.862717628479,35.14406132312641,0.9723428887814546,33.71027354989823,34.993833035327505,0.982596009342516,34.89675990903666,8.219414361231301
823,0.5,True,398.7705248973524,417.4065617405564,0.398631382645406,0.1,0.01,anisotropic,0.0125,0.1,9,100000,98.91056656837463,38.12689356523751,0.984644037135584,24.450168324499785,38.21908856919762,0.9876521893607118,23.936593964034618,10.006399561325049
824,0.5,True,537.858207334985,534.6534272794781,0.4495757753165681,0.1,0.01,anisotropic,0.0125,0.1,9,100000,99.31860184669496,42.42937285464425,0.993847811402174,16.526945817490585,43.12026167823865,0.9954158021850582,14.096254137993323,11.605026855214268
825,0.5,True,919.9357607963476,810.9174430578662,0.4716177955470797,0.1,0.01,anisotropic,0.0125,0.0046415888336127,5,100000,99.40713214874268,31.564826696819228,0.9427388447179812,586.2541854241157,31.53176077843625,0.9568729958236968,590.7347896000614,23.627940997701096
826,0.5,True,346.9996483715953,327.1627517364041,0.3624786566385274,0.1,0.01,anisotropic,0.0125,0.0464158883361277,8,100000,99.50270891189577,31.806316041815013,0.9490992972485472,79.13269034093199,32.18036040974175,0.9702766647286144,72.60248642142463,8.153101106947584
827,0.5,True,347.60624869433144,298.65330920196675,0.4600049921086457,0.1,0.01,anisotropic,0.0125,0.0046415888336127,5,100000,100.28285384178162,31.09909695354601,0.9488898845007272,92.42488054384604,30.81058011718937,0.9539800450236516,98.77353149393576,8.998857030868361
828,0.5,True,737.7637468616387,666.6933333123877,0.4232716780812229,0.1,0.01,anisotropic,0.0125,0.0021544346900318,4,100000,99.62771487236024,31.91375114104689,0.9649255324349184,343.6928930173979,31.33791758430113,0.9522443934084032,392.4225065376717,18.69090390928172
829,0.5,True,452.76572294891736,477.1704874937241,0.3663419498702663,0.1,0.01,anisotropic,0.0125,0.01,6,100000,100.66501832008362,33.544210321067865,0.9359841644139796,74.05393103831048,32.10580657370005,0.9307879029103784,103.1308250316076,13.360419260156837
830,0.5,True,225.380218117042,272.6469937099928,0.326609644854392,0.1,0.01,anisotropic,0.0125,0.1,9,100000,100.32968592643738,32.47633182789191,0.9599812963246276,28.676073083916517,33.07805970050461,0.9710198411498092,24.965880723122385,6.701848516541225
831,0.5,True,452.9870766165607,588.3899756611366,0.3207550287436664,0.1,0.01,anisotropic,0.0125,0.0464158883361277,8,100000,99.29749846458436,33.32768007512109,0.9537654344386416,95.2278127500497,32.40511435591158,0.9407575911940884,117.76612392896917,17.857702220258734
832,0.5,True,141.71616335942005,148.83512957258495,0.3783245146785022,0.1,0.01,anisotropic,0.0125,0.0464158883361277,8,100000,99.81800937652588,33.32302975297559,0.984223466717714,9.317101287498248,32.814465133830694,0.9827692690207204,10.474595934085777,3.658451499003146
833,0.5,True,177.21059951971708,121.0535194071895,0.4459826781958342,0.1,0.01,anisotropic,0.0125,0.01,6,100000,100.69097399711607,33.22991264157399,0.9270691817247962,13.187998224562644,33.91890237650797,0.9575142030687518,11.253300251239114,4.053384702377736
834,0.5,True,498.86940496674026,668.6813506121871,0.295153694375133,0.1,0.01,anisotropic,0.0125,0.0215443469003188,7,100000,99.58623027801514,29.98092549494376,0.9272468191093663,246.35465337364624,30.202536092925488,0.9459037638686394,234.09908178119412,17.765694900537675
835,0.5,True,419.50652405504337,364.20997429644495,0.4392560674466078,0.1,0.01,anisotropic,0.0125,0.0464158883361277,8,100000,99.35754656791688,37.66812558835813,0.9727741376047012,29.77729946611766,37.912165092487655,0.9812644959389752,28.1501917957211,8.01129742668143
836,0.5,True,914.931055167032,820.0532541037308,0.5118102636550255,0.1,0.01,anisotropic,0.0125,0.01,6,100000,99.63605165481567,38.12630791099133,0.9594918486153028,125.90034183059902,37.464728305256415,0.9698664372923946,146.61718259865646,23.91231363669611
837,0.5,True,363.0315052175165,290.18693154567006,0.4858367013440213,0.1,0.01,anisotropic,0.0125,0.01,6,100000,99.5171835422516,31.46986632248129,0.9425154408076596,92.72385432392758,31.79069654155527,0.9606923085818864,86.12087904751327,9.19757338449903
838,0.5,True,581.0077619277654,534.4509006338627,0.3460795728077034,0.1,0.01,anisotropic,0.0125,0.2154434690031882,10,100000,99.3589596748352,26.861281809115653,0.9355326999048594,694.0186585774533,26.785109615584503,0.9393877088794012,706.2986333259062,12.054089322225655
839,0.5,True,632.6320236316109,568.1763758209596,0.5097843056663209,0.1,0.01,anisotropic,0.0125,0.0046415888336127,5,100000,99.55697202682497,32.892210955741966,0.9328805036072269,185.63153800524424,33.70736943585744,0.9505506955174196,153.86360898384416,19.04146818299333
840,0.5,True,14.081362131745305,14.802060114775712,0.3773213725364738,0.1,0.01,anisotropic,0.0125,0.2154434690031882,10,100000,98.16669487953186,37.81215417305792,0.991617079444834,0.0327449156758464,37.91014890896852,0.9927494753323202,0.0320143289313179,0.2934254485922566
841,0.5,True,663.8738346446938,517.9866098317565,0.4153450176988178,0.1,0.01,anisotropic,0.0125,0.0001,0,100000,97.54636359214784,27.748235280969283,0.9135717969349636,732.2298830612219,29.48335948016254,0.957504902166362,491.0605308751609,17.626839043902784
842,0.5,True,178.85793090288166,250.49811550051655,0.2918155441911875,0.1,0.01,anisotropic,0.0125,0.1,9,100000,96.6611430644989,31.11048496901832,0.9411790745257272,24.36986154945144,31.56449856625978,0.9713416825143488,21.950868201336984,5.580741940125906
843,0.5,True,961.1092471519856,1002.537315987346,0.4378530228047905,0.1,0.01,anisotropic,0.0125,0.2154434690031882,10,100000,96.79076075553894,35.28260946533861,0.9852742991293594,273.55825853403456,35.92295771456348,0.990717599849088,236.05597921761336,20.763153194116573
844,0.5,True,149.51406502535986,151.97048910702736,0.3495089761922425,0.1,0.01,anisotropic,0.0125,0.1,9,100000,97.12805700302124,35.45063620175461,0.9591738514390624,6.353941685654101,35.70115726283133,0.9756261184540902,5.997788105357437,3.510936345488417
845,0.5,True,415.2094996032967,557.6398890089242,0.2826901318619235,0.1,0.01,anisotropic,0.0125,0.2154434690031882,10,100000,96.69195747375488,31.94643136495952,0.9632170966633528,110.00155188598865,32.588246927925965,0.9759189102759634,94.88930284457922,11.230343261448931
846,0.5,True,86.26431841056521,87.47478022057875,0.3854538005251013,0.1,0.01,anisotropic,0.0125,0.1,9,100000,96.43307733535768,36.94181212939786,0.9587822374237364,1.5036011385300985,38.49702582978957,0.9868288176733998,1.0510207151212934,2.1101484962433235
847,0.5,True,996.8773775941014,727.3820412188796,0.5657067682920723,0.1,0.01,anisotropic,0.0125,0.0021544346900318,4,100000,97.23977041244508,29.13287892056708,0.9072109584313928,1168.306667738768,29.68178083852545,0.9341802902786326,1029.595565788786,23.832050696636585
848,0.5,True,502.69281532091134,516.6281207858956,0.3786777068193472,0.1,0.01,anisotropic,0.0125,0.1,9,100000,97.03941941261292,33.8081940625013,0.960737576584615,104.99975913521097,35.01120994474948,0.97673196899609,79.5951699902239,11.489328163580383
849,0.5,True,595.7896323027237,685.5520598766502,0.293503751780767,0.1,0.01,anisotropic,0.0125,0.0215443469003188,7,100000,95.43249368667604,32.33484354634064,0.9611753088654494,203.15012886475603,31.81492392858236,0.9660885006640928,228.98607020548985,16.25586940940765
850,0.5,True,68.00940091103905,68.67347413703823,0.4455663559740574,0.1,0.01,anisotropic,0.0125,0.01,6,100000,97.65564036369324,34.2180571217363,0.9442284306416598,1.6990485620100784,35.38679321481902,0.97737263671946,1.2981718356073717,1.936593326557692
851,0.5,True,750.2105099287786,628.2152491922346,0.3893454920338082,0.1,0.01,anisotropic,0.0125,0.1,9,100000,97.71279954910278,35.09474927213692,0.9565954797503052,173.85276134065114,36.277963313417565,0.978719280433955,132.39152626919804,15.103125552718826
852,0.5,True,210.6956875024902,130.30884358531767,0.6677159517744287,0.1,0.01,anisotropic,0.0125,0.0464158883361277,8,100000,96.78802752494812,32.3062396131547,0.9348352316353092,11.735944721447098,32.78425043891902,0.9472722499222426,10.51276539342286,3.847970530144986
853,0.5,True,898.156235151273,907.2133099842968,0.4426682409513211,0.1,0.01,anisotropic,0.0125,0.0004641588833612,2,100000,96.75046348571776,29.751683376426,0.9004384243971806,838.694981058355,29.27146664875681,0.9232711752900888,936.7543464932036,33.05549182383608
854,0.5,True,205.9345008415252,189.02623165114076,0.3848040773838022,0.1,0.01,anisotropic,0.0125,0.0464158883361277,8,100000,97.16848731040956,35.876642031357896,0.9802817955323532,10.939738213647324,35.97432817970519,0.9857326132222086,10.696416732059824,4.284256658508862
855,0.5,True,191.4970329430029,164.1013495749987,0.4976342496194772,0.1,0.01,anisotropic,0.0125,0.0021544346900318,4,100000,97.14782857894896,30.170230485246798,0.9353488118621844,35.12493664949664,30.37425178243968,0.9425688876554426,33.51300874908752,5.852790136575991
856,0.5,True,37.51311818024679,35.054643848845366,0.4082389479724246,0.1,0.01,anisotropic,0.0125,0.1,9,100000,96.87121367454527,34.80346726101019,0.9749139370880492,0.4645542088144354,35.59644144707476,0.9844176462172703,0.3870249654019707,0.7568386792198997
857,0.5,True,472.5948781648892,422.3312314988671,0.4650808925303571,0.1,0.01,anisotropic,0.0125,0.01,6,100000,97.7122447490692,33.42797789959525,0.95859574850643,100.69507826087025,32.853533374176315,0.9547636213444904,114.9351048423091,11.390546976381875
858,0.5,True,565.2762921293538,527.6924762755018,0.4648673592229231,0.1,0.01,anisotropic,0.0125,0.1,9,100000,97.07708191871644,37.40366304141288,0.9848013432850335,58.02015456040938,37.131044247885846,0.9885113791462384,61.77898385832188,12.621363435655653
859,0.5,True,66.64293078892402,70.7046505278953,0.3282474505675275,0.1,0.01,anisotropic,0.0125,0.0464158883361277,8,100000,96.4665825366974,30.85072341333956,0.9524556961241434,3.640415291103803,31.169739076588865,0.9755849704024492,3.3825900229771686,1.705603807279204
860,0.5,True,775.7520890783155,689.5113810694966,0.4229436525438428,0.1,0.01,anisotropic,0.0125,0.1,9,100000,97.47545719146729,30.567647348185783,0.9534172181891686,526.9937800544848,31.26331179268162,0.9715943463003464,448.9924569594863,15.522185226222716
861,0.5,True,453.8355459132796,480.9229731707085,0.4245964520692201,0.1,0.01,anisotropic,0.0125,0.0046415888336127,5,100000,97.53804302215576,34.07431734174183,0.9565600268669044,75.56105771781768,33.01766814501485,0.9538941685074024,96.3746798356098,13.102223396420507
862,0.5,True,524.8658790582524,408.25603690261306,0.4629298983976563,0.1,0.01,anisotropic,0.0125,0.0215443469003188,7,100000,96.5930061340332,37.18318681878021,0.9482801819881518,50.9851772773893,38.83123161962138,0.9752445956246552,34.88505834062475,11.473919518190977
863,0.5,True,441.3219841912899,474.035053975716,0.3213629801741586,0.1,0.01,anisotropic,0.0125,0.0215443469003188,7,100000,97.32640147209167,30.088778186303315,0.925378117737645,187.45124802381824,29.829531016333945,0.9241332741451465,198.98166164877432,12.797496993257422
864,0.5,True,401.3622978144506,380.2156831955116,0.4789601008057954,0.1,0.01,anisotropic,0.0125,0.01,6,100000,97.08854699134828,32.526890696888145,0.9488754513711148,87.9908006704232,32.89998947269509,0.9583678363028212,80.74718519580406,11.05756141980686
865,0.5,True,560.0806909769096,554.9299745602193,0.4593520212902258,0.1,0.01,anisotropic,0.0125,0.2154434690031882,10,100000,96.8987672328949,32.71631589436501,0.9739103991821152,167.6897191273683,33.0094472344807,0.9784259811615555,156.74485819668786,12.501097783193364
866,0.5,True,156.0850056847818,153.3507078621089,0.3602042021124341,0.1,0.01,anisotropic,0.0125,0.2154434690031882,10,100000,96.8888373374939,37.8402726617643,0.981510560697864,4.004063705857381,37.90293018239095,0.986695592882921,3.946710095222676,3.714444137695312
867,0.5,True,182.74620236477583,169.03899546216542,0.3398563738770353,0.1,0.01,anisotropic,0.0125,0.2154434690031882,10,100000,96.44702506065369,35.064894134894004,0.9885972412900984,10.39129737677965,34.793029772152025,0.9890078759720698,11.062574536177358,3.715428668560503
868,0.5,True,861.9238353925037,741.4550437904471,0.4719924605298859,0.1,0.01,anisotropic,0.0125,0.01,6,100000,97.4257402420044,29.983369046891735,0.922081669475458,728.2351014838608,30.386156384757964,0.9462972880011794,663.7321806246433,22.456374272310416
869,0.5,True,946.169346671499,978.6437859464556,0.3699354789769992,0.1,0.01,anisotropic,0.0125,0.4641588833612777,11,100000,97.827543258667,37.29192443222527,0.9902750299507076,166.7666739250403,37.91840942044749,0.9935523673084944,144.36461874058617,19.1520686918306
870,0.5,True,373.9360069634732,352.9069335711618,0.4026875614076058,0.1,0.01,anisotropic,0.0125,0.1,9,100000,97.44565868377686,37.689540454945785,0.9830499654375692,23.79460579051373,38.30613138896468,0.9881202194596226,20.64521551177838,8.176149214046951
871,0.5,True,271.4739284704102,498.9885380362218,0.1935549930999644,0.1,0.01,anisotropic,0.0125,0.2154434690031882,10,100000,98.0258448123932,26.21405084874697,0.8912160658033079,175.3654113783732,26.257620625141264,0.9073278889838652,173.61488648680523,9.753764855051427
872,0.5,True,644.3555436957768,735.6439559588988,0.289741451142088,0.1,0.01,anisotropic,0.0125,0.1,9,100000,97.6828761100769,29.24927852258454,0.9541248328769762,492.3945849422272,29.0583414059375,0.962938421051721,514.5255906062292,17.43614341313352
873,0.5,True,409.3254369269983,421.0509169123219,0.4782912503902795,0.1,0.01,anisotropic,0.0125,0.0215443469003188,7,100000,97.5423867702484,36.423399015121085,0.9710345270461768,38.07178753677834,36.47082024596093,0.9803150583392426,37.65833765229125,10.829715085658748
874,0.5,True,26.36096930468452,14.999689248103694,0.6203065645669507,0.1,0.01,anisotropic,0.0125,0.0004641588833612,2,100000,96.85309767723083,35.67851166169206,0.911866841616781,0.1742523257824212,35.94328191047484,0.940477085259434,0.163946276878395,0.518108666012757
875,0.5,True,156.99644476882418,132.72088854550535,0.4261393376432145,0.1,0.01,anisotropic,0.0125,0.0464158883361277,8,100000,98.1777696609497,29.58638332600237,0.939000116931224,27.028814607344174,30.62599732645508,0.9616589876192732,21.27480555104777,3.507401759341087
876,0.5,True,716.2562566185501,734.7983977566466,0.4493907101600186,0.1,0.01,anisotropic,0.0125,0.01,6,100000,97.12774586677553,33.429700999715365,0.943829991396014,231.47684454646213,33.20313908148645,0.9507387226933448,243.87301378725292,21.63372978387634
877,0.5,True,659.2650179682412,708.6156579848785,0.4077051340671082,0.1,0.01,anisotropic,0.0125,0.1,9,100000,97.31302332878111,38.82349069394225,0.9798405763655614,56.96116907694589,39.34154051036924,0.9877369162097546,50.55614055396128,17.43864737056386
878,0.5,True,28.068896510980007,26.09899977281321,0.4656724438002255,0.1,0.01,anisotropic,0.0125,0.0046415888336127,5,100000,97.50717949867249,34.52664086333786,0.9456577602528802,0.2555529611019582,34.39704347941782,0.9724105383230802,0.2632938141677699,0.7358548266010866
879,0.5,True,222.7501897710165,263.34624185668014,0.2978928218027415,0.1,0.01,anisotropic,0.0125,0.2154434690031882,10,100000,97.65969896316528,35.89844215980094,0.9787725706142858,12.75270310703744,35.78046765491597,0.9822570985021782,13.103873731098092,5.039254223861491
880,0.5,True,231.8437217914833,264.0225173108279,0.3404159735957888,0.1,0.01,anisotropic,0.0125,0.0046415888336127,5,100000,97.2792603969574,32.37602383106783,0.9601242785857976,29.86841791268744,31.744779059061653,0.9576744447139636,34.54114234476291,6.860253998408486
881,0.5,True,672.2208508551297,458.6738467671212,0.5303493322285476,0.1,0.01,anisotropic,0.0125,0.001,3,100000,98.58184552192688,32.01982515966715,0.9030310270010068,237.89779503220984,31.92271732985871,0.9194984958519532,243.27708298445688,14.650074453620704
882,0.5,True,20.69082721660979,14.385873674571664,0.5851675812769047,0.1,0.01,anisotropic,0.0125,0.0021544346900318,4,100000,97.40563416481018,32.56472075476709,0.9423969329185964,0.2163786354628488,32.870809967392944,0.964256299812734,0.2016533570771674,0.4131531502209158
883,0.5,True,105.00447340258928,96.6371461605015,0.3870004048315713,0.1,0.01,anisotropic,0.0125,0.0215443469003188,7,100000,97.42514538764954,29.60609770679591,0.9192888811367472,12.025978106214286,30.10403277595565,0.9455134877330332,10.723261623883248,3.244465822836212
884,0.5,True,800.1161692878162,739.4822983880911,0.4281380373118944,0.1,0.01,anisotropic,0.0125,0.2154434690031882,10,100000,97.779141664505,30.030567626264443,0.950635229315559,634.5294171753051,30.294448319524683,0.9665300454012672,597.122851591728,17.85292906744824
885,0.5,True,179.36611739227928,226.6534982571324,0.2840552966026191,0.1,0.01,anisotropic,0.0125,0.01,6,100000,97.88662648200987,27.11296091168387,0.8666126720916477,60.25627582460479,26.36412753239417,0.8731951059504596,71.59548316142289,7.426089372237024
886,0.5,True,653.0933617440228,567.0232447831366,0.4691642127375552,0.1,0.01,anisotropic,0.0125,0.01,6,100000,97.09334897994997,31.693433763846315,0.9606999404531168,287.6663517949856,31.00961425796159,0.9611667720098396,336.7216308857068,15.941261254471687
887,0.5,True,238.9445982656798,243.5710194846086,0.4258851419184524,0.1,0.01,anisotropic,0.0125,0.0464158883361277,8,100000,97.8366882801056,37.41997845253289,0.9841660227074728,10.334613138245013,37.020553262385945,0.9847859739520112,11.330178268258926,6.135620514491072
888,0.5,True,100.34195136658582,101.84629379623368,0.4415680990618411,0.1,0.01,anisotropic,0.0125,0.2154434690031882,10,100000,97.08689022064208,35.68739261180003,0.9782469594400948,2.7150171988924408,36.247202264926194,0.9917961318509688,2.3866658542649337,2.4273119411730097
889,0.5,True,243.92901880845463,163.19979316788434,0.5396036487219598,0.1,0.01,anisotropic,0.0125,0.0046415888336127,5,100000,97.29660320281982,29.76202052900545,0.9143901851538496,61.91199654537308,29.916468402549413,0.9353966142718548,59.74891484414762,5.538910873129193
890,0.5,True,722.5446649238035,780.7487350462441,0.4079700116980553,0.1,0.01,anisotropic,0.0125,0.2154434690031882,10,100000,96.87814831733704,34.040318718544704,0.9882379469009942,205.3067758603023,33.83942024127591,0.988946676723134,215.0270667478113,15.366431301669746
891,0.5,True,855.8407716381795,850.7213823563244,0.3929260063501324,0.1,0.01,anisotropic,0.0125,0.1,9,100000,97.09014105796814,38.88899393142352,0.9853890596660289,94.4551565553352,38.71821441791074,0.9902360341437731,98.24345416619714,17.50958670087066
892,0.5,True,830.3896447024246,883.0823837632914,0.3471606417377904,0.1,0.01,anisotropic,0.0125,0.0046415888336127,5,100000,96.04151463508606,32.38986696539883,0.9418705491839284,393.5682021960907,32.22283521697766,0.9617154297128564,408.9998773677271,23.73426387963376
893,0.5,True,397.7863460888364,503.6136061582262,0.3055855260561321,0.1,0.01,anisotropic,0.0125,0.2154434690031882,10,100000,94.73941397666933,33.21927380579782,0.9611985652361646,75.186877673634,33.97997486883739,0.9733572080684308,63.10618753366487,10.460110380587446
894,0.5,True,668.4170514340756,701.9618726579628,0.3862142356538579,0.1,0.01,anisotropic,0.0125,0.1,9,100000,95.47921919822691,37.06190960772064,0.9822644652369764,87.80573363295606,37.824340816329865,0.9875179111207508,73.66814852032353,16.5187739852154
895,0.5,True,205.77931112040517,223.26723583176704,0.3769483528281076,0.1,0.01,anisotropic,0.0125,0.2154434690031882,10,100000,95.42401552200316,35.43634115877802,0.9698505757106336,12.099357083469643,36.010142078307496,0.9800610777376728,10.60186334812351,5.568850382500066
896,0.5,True,293.8545825307522,388.2237057261832,0.2992209341539029,0.1,0.01,anisotropic,0.0125,0.0464158883361277,8,100000,94.75692439079285,29.01766929251528,0.9133099455676958,101.53496566531084,29.555692897754287,0.9366213720139646,89.70430086804564,10.820159211309202
897,0.5,True,896.4394827025986,793.9066542869302,0.3544364820383869,0.1,0.01,anisotropic,0.0125,0.4641588833612777,11,100000,94.15957498550416,31.207263193445293,0.9485365766193518,450.89595637699927,31.04895369983675,0.9514790825788336,467.6353032164085,14.435293530800491
898,0.5,True,13.9889215872253,14.586777394525674,0.3039737012246323,0.1,0.01,anisotropic,0.0125,0.4641588833612777,11,100000,94.1845452785492,33.60141931249383,0.9877720991955804,0.085246435627434,33.86175004033494,0.9889718313998648,0.0802866165666698,0.2557708928653311
899,0.5,True,86.42302232361361,82.1743315992815,0.3427090240434554,0.1,0.01,anisotropic,0.0125,0.2154434690031882,10,100000,93.80918312072754,32.246437962262995,0.9737975686508358,4.450709984669623,32.10623019270118,0.9785107475257482,4.596741406514062,1.936972271271008
900,0.5,True,208.6783688908813,214.42403926865543,0.3404268966002473,0.1,0.01,anisotropic,0.0125,0.1,9,100000,97.3048963546753,40.7614914287278,0.989437980714654,3.645892857312776,40.96383708285244,0.991962720823903,3.479920611635037,4.532956162226722
901,0.5,True,27.50567166994589,28.073660746990253,0.3972167502214125,0.1,0.01,anisotropic,0.0125,0.0464158883361277,8,100000,96.7905604839325,34.60242603445583,0.9676679073565104,0.2616396137275815,35.6866714110259,0.9836927833014332,0.2038350957162042,0.6694532782247209
902,0.5,True,182.2539996547075,151.37049835291512,0.5331928804831932,0.1,0.01,anisotropic,0.0125,0.0021544346900318,4,100000,97.60625863075256,34.81524906736283,0.9240102478880744,10.287426451929363,33.72337190085056,0.9232796077556276,13.228008337499702,4.854497787226948
903,0.5,True,583.4585194087225,697.381880386672,0.2901794125148874,0.1,0.01,anisotropic,0.0125,0.0215443469003188,7,100000,98.25312232971191,35.15312320652529,0.953818295126652,94.04056669347018,35.0597876052808,0.9616361706110887,96.08349625904135,16.61401898153222
904,0.5,True,422.00312604190543,326.27359908353617,0.5162309672328598,0.1,0.01,anisotropic,0.0125,0.0215443469003188,7,100000,96.71391916275024,38.21944267503662,0.9695155786874354,26.71584541079228,38.41300581346119,0.9756244271522568,25.551276870096352,9.502813339615308
905,0.5,True,892.7790393658979,769.7791027132229,0.4581821740376973,0.1,0.01,anisotropic,0.0125,0.0215443469003188,7,100000,97.6178286075592,32.78796940063191,0.9606984565798498,417.6265398954403,32.468437111156334,0.9668877424199958,449.5120299831454,21.74494548070758
906,0.5,True,817.6261181767024,872.588818746032,0.3601311130833587,0.1,0.01,anisotropic,0.0125,0.0215443469003188,7,100000,97.05067372322084,34.032494175385985,0.9677516594603752,263.75106209700886,35.39903707503932,0.9881401981387428,192.54840578145755,20.864082497177744
907,0.5,True,342.4755343461781,338.27925468669366,0.3783966238302194,0.1,0.01,anisotropic,0.0125,0.1,9,100000,97.31734156608582,38.46842255017185,0.9829549509385888,16.639344503459743,38.22363689447612,0.991314726472828,17.604138597290824,7.628496948448508
908,0.5,True,260.1640099978612,291.6784341174664,0.4050104391593109,0.1,0.01,anisotropic,0.0125,0.2154434690031882,10,100000,96.2885603904724,39.37123071447517,0.9909477137817166,7.819528418602176,40.0668878538804,0.9941258903983872,6.662156775611649,6.294022204611608
909,0.5,True,380.31271575909966,313.23814050717897,0.5504224146618046,0.1,0.01,anisotropic,0.0125,0.0464158883361277,8,100000,97.38943076133728,33.593530401006866,0.9750179865395232,63.08577656646538,34.40479661609152,0.9837950549421052,52.336518810431286,7.826983625971501
910,0.5,True,590.704647572293,628.9624898238205,0.3734114360497277,0.1,0.01,anisotropic,0.0125,0.1,9,100000,96.9213216304779,38.96869092238124,0.9891891000603706,44.15840420778614,39.26052180933082,0.99172771696306,41.28861184619871,14.949302871097183
911,0.5,True,268.79557718205336,144.20859357402026,0.6807493415157131,0.1,0.01,anisotropic,0.0125,0.0046415888336127,5,100000,97.54789757728577,32.313766848803404,0.9456578497759296,35.29602476101086,32.078290206983986,0.950637616774312,37.2626261751891,4.670733684000352
912,0.5,True,624.5247589412849,348.3180424285419,0.6384151288975508,0.1,0.01,anisotropic,0.0125,0.0046415888336127,5,100000,97.4099452495575,33.58379052737573,0.9567058611042596,132.89501617273982,33.66799912856372,0.9655999585741514,130.34303650779157,10.423989264900744
913,0.5,True,410.0022405390492,222.6680185503832,0.8832165903505376,0.1,0.01,anisotropic,0.0125,0.0021544346900318,4,100000,98.33182406425476,33.713273301343484,0.9407233784622802,51.868642378305815,33.817296144920284,0.9513480560143148,50.64103771267064,9.013473031998991
914,0.5,True,552.4951336711282,564.244506192435,0.3269731736174254,0.1,0.01,anisotropic,0.0125,0.2154434690031882,10,100000,96.83689022064208,34.03852958783389,0.977588499680267,120.35381332724882,34.516253439046714,0.9847252054964102,107.81705624993312,12.362650569828464
915,0.5,True,436.69040260618135,336.4594950548882,0.4329142690644089,0.1,0.01,anisotropic,0.0125,0.0464158883361277,8,100000,96.58500170707704,27.95536003705337,0.9350020810956728,305.1862052308979,28.02506364292766,0.9421757637979394,300.3271110782046,8.143510461389399
916,0.5,True,295.17129378237576,280.8694117819329,0.4098930785268219,0.1,0.01,anisotropic,0.0125,0.0464158883361277,8,100000,97.05898880958556,28.46431819286387,0.9503259138159048,123.86016808790832,29.03403195745652,0.9666027975313456,108.63262865844902,6.469963161714686
917,0.5,True,948.5048536551946,1006.6809360979246,0.394835071758729,0.1,0.01,anisotropic,0.0125,0.1,9,100000,96.82936716079712,35.6330949028884,0.9859403124464716,245.6798760307473,35.618077245189504,0.9879575142615448,246.5308936924772,24.5235400883066
918,0.5,True,763.842188365601,1146.8700820886097,0.3094185660621566,0.1,0.01,anisotropic,0.0125,0.0046415888336127,5,100000,97.69949197769164,31.464677212440385,0.9396623971252746,407.297390131658,28.82608241496483,0.903775087790819,747.7752849251626,30.57741659577909
919,0.5,True,140.97306259068608,156.47813443333473,0.3936263538157612,0.1,0.01,anisotropic,0.0125,0.2154434690031882,10,100000,96.90082263946532,30.583203140537226,0.9646819530973282,17.313137692219904,30.17695481311201,0.9632060646577878,19.010809753039634,3.7523827867768818
920,0.5,True,868.5995079220149,1272.2845497181636,0.2853445468044416,0.1,0.01,anisotropic,0.0125,0.0464158883361277,8,100000,96.22373247146606,32.16483537064561,0.9181168049575056,441.5054615232213,32.431021803516686,0.9491259112707788,415.2574540645569,35.09916828672803
921,0.5,True,487.9437670512641,316.44695864343413,0.6211176468368833,0.1,0.01,anisotropic,0.0125,0.0215443469003188,7,100000,97.75259733200072,31.02387111621342,0.9167530196991388,139.29238136457226,31.42194595040114,0.9419835108569315,127.09248745530626,8.112939624942976
922,0.5,True,894.6576746671973,912.9346578844084,0.4484733309714867,0.1,0.01,anisotropic,0.0125,0.1,9,100000,97.1230170726776,40.084361277388,0.9885949640660102,78.45965578303634,40.75906985851578,0.9923984814513764,67.1700297043296,19.23982921392132
923,0.5,True,800.0554006913679,870.1578571187865,0.3571768087070622,0.1,0.01,anisotropic,0.0125,0.0215443469003188,7,100000,96.88778471946716,36.21676360552704,0.9663695255699832,151.56885518183418,37.21011276972772,0.982400861512654,120.57993736177374,22.663118484994005
924,0.5,True,425.7882909647642,455.9825409164751,0.3589332843578344,0.1,0.01,anisotropic,0.0125,0.2154434690031882,10,100000,97.356187582016,36.025254509622535,0.960352653258722,45.19686218975372,37.55746551426677,0.9850170050807986,31.76048928585788,10.580586287840998
925,0.5,True,23.44683901179728,22.180512220143655,0.3591019336181399,0.1,0.01,anisotropic,0.0125,0.2154434690031882,10,100000,96.55564999580383,39.270491954984095,0.9817270857085312,0.0650127665660671,39.54778404751527,0.9854510870855016,0.0609915173978432,0.4630795732240472
926,0.5,True,269.4086820255611,267.6844168925129,0.3761854116019176,0.1,0.01,anisotropic,0.0125,0.1,9,100000,97.65236592292786,33.73477964852148,0.9779025112334034,30.636069909999453,33.87292396728227,0.9819409058496618,29.67690592617306,6.121855785432771
927,0.5,True,542.0925804462061,587.667161491314,0.3357045663792609,0.1,0.01,anisotropic,0.0125,0.1,9,100000,96.25319051742554,32.53025378600614,0.935675960434796,163.96469343683643,33.3501886468398,0.9660312923979448,135.75531921456255,14.556778364330585
928,0.5,True,633.8447416063211,552.277298162623,0.5025562305081208,0.1,0.01,anisotropic,0.0125,0.0046415888336127,5,100000,98.33613657951356,34.42759603957151,0.9703316619674944,143.59485999703898,34.76810558172226,0.9768162413040644,132.7663269150344,15.349532440665602
929,0.5,True,258.6297977477691,261.68435684341523,0.4389942250580646,0.1,0.01,anisotropic,0.0125,0.2154434690031882,10,100000,97.62758326530457,34.76225004223929,0.9868225273325008,22.338974384653916,34.43533273345809,0.9887581118305936,24.08546087854899,6.326201499840407
930,0.5,True,140.2167179987513,131.43487590519624,0.4758658497034603,0.1,0.01,anisotropic,0.0125,0.01,6,100000,97.55094003677368,33.95324887892234,0.9537349427115932,7.873839542294958,34.835526637692936,0.978296333851021,6.426267275290159,3.727378947812371
931,0.5,True,835.0953065624998,677.7290098832218,0.3542578636601842,0.1,0.01,anisotropic,0.0125,0.0215443469003188,7,100000,96.8889992237091,29.416009580891096,0.922458448297634,788.0059219272399,29.91224505824563,0.9401544363520246,702.9200536763458,19.46317889594376
932,0.5,True,984.4177785228486,940.3089343452696,0.3765245429137586,0.1,0.01,anisotropic,0.0125,0.0464158883361277,8,100000,97.4709620475769,34.06877769049822,0.9769485915838372,378.4801203342328,34.926779926667415,0.9822574111456824,310.6296086334538,22.462192906469888
933,0.5,True,526.1644921203831,159.04548459547038,1.2473764232931572,0.1,0.01,anisotropic,0.0125,0.0002154434690031,1,100000,97.31266474723816,29.522697543535656,0.9051987836948,287.2067027857617,29.971717202029424,0.915149969234228,258.9957307780795,6.2039213873951855
934,0.5,True,172.50760656245518,113.1872331747323,0.539870950309238,0.1,0.01,anisotropic,0.0125,0.0046415888336127,5,100000,97.6655330657959,30.973289524759597,0.907236297477627,22.05786252967272,31.404422924996005,0.9334986829844432,19.97331198295436,3.4682787787181124
935,0.5,True,273.0350191928496,288.3070711342482,0.413566495148671,0.1,0.01,anisotropic,0.0125,0.0215443469003188,7,100000,96.46753025054932,33.676275771751286,0.9723147396609568,31.754930379540124,34.5014793764945,0.982735584084962,26.25976313734114,7.389097051654287
936,0.5,True,19.372285870919267,16.66099590302714,0.443294703747325,0.1,0.01,anisotropic,0.0125,0.01,6,100000,99.052170753479,29.884698140069386,0.9160694936506648,0.3788024199510095,30.29792759561596,0.9428617482137968,0.3444211394976272,0.4897263211231275
937,0.5,True,914.3845077539384,1311.2508570907105,0.274501109323069,0.1,0.01,anisotropic,0.0125,0.0464158883361277,8,100000,96.72759938240053,32.90726427482144,0.9574370195218446,420.8544648400788,33.316664166221884,0.9727292841318091,382.9939818994477,29.79400532074354
938,0.5,True,118.633331807251,142.19358498728752,0.3071407851859576,0.1,0.01,anisotropic,0.0125,0.1,9,100000,97.36766600608826,35.16788591060041,0.9739343585269504,4.279807676736712,35.72646853218161,0.981256500280958,3.763275310642909,3.2376169282572618
939,0.5,True,576.9399590387393,549.0659552032475,0.452620529840057,0.1,0.01,anisotropic,0.0125,0.01,6,100000,96.58538341522215,35.43468033981042,0.9552515027228128,93.84256792231284,36.43760847048954,0.9746943267541152,74.4915601631331,15.331568214479576
940,0.5,True,274.7811654665188,188.98105092209917,0.6118153407436716,0.1,0.01,anisotropic,0.0125,0.01,6,100000,97.9980926513672,29.617013738260592,0.9228134449043556,81.61237705508347,30.32849255997652,0.9504962231166384,69.2800424633808,5.934289088912669
941,0.5,True,554.6238245132777,360.4194380060161,0.6288288397874096,0.1,0.01,anisotropic,0.0125,0.0046415888336127,5,100000,97.62997245788574,32.24556905454105,0.9360477851500194,145.718470016772,32.05875182013056,0.9551321048024188,152.12350601983906,11.706272053807616
942,0.5,True,651.7689679635124,505.40148841897184,0.5453342789869681,0.1,0.01,anisotropic,0.0125,0.0046415888336127,5,100000,97.91889119148254,31.055134513683484,0.9288745718845658,323.53851899254505,31.49207428324004,0.9579131257096454,292.57149857958774,15.46623114012693
943,0.5,True,829.9120619034944,771.6650535334084,0.4456300309290301,0.1,0.01,anisotropic,0.0125,0.01,6,100000,97.45983457565308,34.44956071350902,0.923621599355266,233.65900941904832,34.9962537520491,0.9578455521861154,206.021823761825,27.62835219071713
944,0.5,True,207.2148504888426,193.73972841215803,0.4206283457229809,0.1,0.01,anisotropic,0.0125,0.01,6,100000,97.28070068359376,33.158258950566726,0.9396100886974884,19.65574992645237,33.5195801384553,0.9709334197539928,18.086623547549472,5.380529695563865
945,0.5,True,11.984832829821997,13.382248685941091,0.351813971071791,0.1,0.01,anisotropic,0.0125,0.0464158883361277,8,100000,95.96230244636536,25.557823896816963,0.9067572827113846,0.3957693692324435,25.75119892718055,0.9102962447394822,0.3785338097205047,0.3352746628272358
946,0.5,True,137.74874443873847,144.83010776400033,0.3830111800401818,0.1,0.01,anisotropic,0.0125,0.01,6,100000,96.9194860458374,32.94230914926148,0.9421664962578666,9.520244305881324,34.310049549446234,0.964295218377286,6.948227876059676,4.118777965145155
947,0.5,True,900.118623206257,708.1854129252026,0.4807244038278846,0.1,0.01,anisotropic,0.0125,0.01,6,100000,96.94498133659364,31.012493241484023,0.9387710959379898,599.9461294740337,30.389230296510167,0.9479055873816996,692.529934323092,20.12399574324699
948,0.5,True,874.0161874849528,679.3226108779786,0.5061393015133879,0.1,0.01,anisotropic,0.0125,0.1,9,100000,97.74226260185242,27.971136415451067,0.9358747779169828,1212.9375532492973,27.90938908044488,0.9542428223970472,1230.3060956828954,17.323613961408938
949,0.5,True,597.815689068138,588.5857681697781,0.3806882771593993,0.1,0.01,anisotropic,0.0125,0.1,9,100000,95.38205790519714,33.8637030438483,0.9667637930597762,146.50209461021052,33.49046615715665,0.9785480363272432,159.64948529240775,12.796543571232633
950,0.5,True,600.9163435732197,737.8673190455601,0.2838232187416095,0.1,0.01,anisotropic,0.0125,0.0464158883361277,8,100000,97.93497800827026,33.70801077336234,0.9663214925069644,152.07476132404432,34.21832518544498,0.9772269794954558,135.21525836135484,16.218141275706657
951,0.5,True,665.3716378717093,667.861433784209,0.3900645456632351,0.1,0.01,anisotropic,0.0125,0.1,9,100000,96.86821150779724,39.38191665060607,0.9849880223406656,50.98669984153134,39.85502740743382,0.9886925689465994,45.72416961478271,14.696204114234192
952,0.5,True,176.19590734482614,157.9933031712246,0.4340636283420506,0.1,0.01,anisotropic,0.0125,0.0021544346900318,4,100000,96.6614875793457,32.81001192035493,0.8991096953625332,13.804765569883754,33.266536469131744,0.9160611384423132,12.4272942352917,5.659766461225445
953,0.5,True,914.4975339790348,1079.9321061099392,0.3628505461730835,0.1,0.01,anisotropic,0.0125,0.0215443469003188,7,100000,96.84685444831848,34.65605598708005,0.953578391213006,278.10832189526894,34.73147016031026,0.966589672986782,273.3207270000763,32.325301264225615
954,0.5,True,419.35175436718106,444.315079757205,0.4150140210966868,0.1,0.01,anisotropic,0.0125,0.0046415888336127,5,100000,96.96541047096252,33.00984786165031,0.9375572357485228,86.96207617981369,32.11863882167167,0.9457155667240708,106.7703837822755,14.509440498657789
955,0.5,True,383.755389721248,305.5873686809862,0.5750064713420933,0.1,0.01,anisotropic,0.0125,0.001,3,100000,97.0317976474762,33.334142220401766,0.9346763795309774,67.48136136715911,33.43866351199933,0.95446003936306,65.87668037406635,9.325712862695283
956,0.5,True,519.3987875775547,541.2983319315191,0.3664071595390089,0.1,0.01,anisotropic,0.0125,0.2154434690031882,10,100000,96.29885673522948,36.62025620536959,0.9878623396373396,58.65867353006703,36.95833322857878,0.9901594402232988,54.26559079443969,10.56428075308193
957,0.5,True,47.91900080827999,49.53349158573269,0.3238983477829142,0.1,0.01,anisotropic,0.0125,0.0464158883361277,8,100000,96.00002837181091,36.74301670278536,0.9748747395364192,0.4860654770651063,36.96400709452773,0.9815631501421972,0.4619508144223865,1.1238476157222597
958,0.5,True,167.11708538732333,153.63721150109507,0.31356108273776,0.1,0.01,anisotropic,0.0125,0.0215443469003188,7,100000,96.51801085472108,31.857545013388364,0.9659189340939812,17.420625709612494,32.22860328873638,0.9713706620923048,15.994030589530691,3.5236697340497023
959,0.5,True,738.2955828099441,656.2063053372678,0.4379224502890271,0.1,0.01,anisotropic,0.0125,0.0215443469003188,7,100000,96.19967103004456,32.938186246525866,0.958950704905644,275.37372562844604,33.24900697026378,0.9738080147414482,256.3541945886347,16.430850180483457
960,0.5,True,83.71586925720135,56.01090434033272,0.5154477639641396,0.1,0.01,anisotropic,0.0125,0.0046415888336127,5,100000,96.688547372818,34.04367944650176,0.9459222714716808,2.116244734987845,34.01708792351977,0.9559612287517736,2.129242091911697,1.7872507101670416
961,0.5,True,603.5489573569218,802.7260314096537,0.2631751143266335,0.1,0.01,anisotropic,0.0125,0.0464158883361277,8,100000,96.40440583229064,27.79776381068983,0.9067144990697088,592.7877177895798,27.91346430977165,0.928649983737828,577.2037538008343,17.95806271005794
962,0.5,True,246.10376057163964,257.9400199531665,0.3782455264013529,0.1,0.01,anisotropic,0.0125,0.2154434690031882,10,100000,96.49854946136476,38.85804467452561,0.986404834824068,7.868735283861906,38.758487428111565,0.9913429573495977,8.051200830190794,5.1900239021428
963,0.5,True,389.9063184279346,527.2182203097657,0.2545054519418488,0.1,0.01,anisotropic,0.0125,0.0464158883361277,8,100000,97.33571267127992,31.594115099144023,0.9351743070712384,102.72273964515936,32.950894914309465,0.9630990742799252,75.16031855533079,11.74533812681052
964,0.5,True,289.4050430339292,151.7558155255531,0.661682015507277,0.1,0.01,anisotropic,0.0125,0.1,9,100000,96.82631087303162,30.17663453133415,0.9170793455969304,34.994901305356564,30.482413500726228,0.9294893389686736,32.61571293817325,3.9697148207225785
965,0.5,True,356.3170437484842,442.9766102343813,0.3425226941529844,0.1,0.01,anisotropic,0.0125,0.0464158883361277,8,100000,97.05195021629332,29.95252781132092,0.9230551299296276,126.48154348783436,30.89877703119774,0.9522727146932268,101.7190357897576,10.94327595047344
966,0.5,True,719.3268592790613,808.1117922055889,0.2918622190243414,0.1,0.01,anisotropic,0.0125,0.1,9,100000,96.79638624191284,33.987786083000906,0.9699790075982256,206.33834656152723,33.995155104342125,0.9728730300810614,205.988532671385,17.0202668853944
967,0.5,True,297.82459390755184,334.65967861157174,0.3719817224179444,0.1,0.01,anisotropic,0.0125,0.0046415888336127,5,100000,96.2380428314209,31.229617057332007,0.9480637194916558,65.7797150643352,30.624545736474648,0.9339432298553216,75.61346149716391,9.842989610083045
968,0.5,True,566.8382356566003,537.660950083281,0.4292246227390338,0.1,0.01,anisotropic,0.0125,0.2154434690031882,10,100000,96.9104869365692,33.35090505934474,0.9801237338147568,148.45303700575633,33.354464681619184,0.9833143495530148,148.3314098020451,10.758514231334624
969,0.5,True,476.5743517969005,519.1214669144637,0.36914499886858,0.1,0.01,anisotropic,0.0125,0.0464158883361277,8,100000,96.63984751701356,34.3812335586874,0.9772851240747076,82.5623092541848,34.50728166477865,0.9825707570548096,80.20048986939788,12.36323329717544
970,0.5,True,664.0074941972855,702.4360558690344,0.3703637446675767,0.1,0.01,anisotropic,0.0125,0.1,9,100000,96.63427662849426,36.66128724305057,0.9694799739918424,95.06553917304856,36.85274832764772,0.9768635466277764,90.96556204660888,17.43197070490558
971,0.5,True,936.8929095854332,1050.7716211931445,0.3363684543468345,0.1,0.01,anisotropic,0.0125,0.1,9,100000,96.19944524765016,31.40581506847986,0.9456077977444304,634.2934806552503,31.65505962363548,0.9624599762817884,598.9158300829166,26.45188783168676
972,0.5,True,732.83952511304,658.9522574064883,0.4651802163680581,0.1,0.01,anisotropic,0.0125,0.1,9,100000,96.61221885681152,31.881948445449044,0.9698605525327058,347.8151300160868,32.82205622603162,0.9834817273907636,280.11585540535754,13.976244722734936
973,0.5,True,215.725438212166,138.41311712239403,0.6034065959589207,0.1,0.01,anisotropic,0.0125,0.0046415888336127,5,100000,96.30474591255188,36.11064562348212,0.963606881905715,11.125842870928176,35.92949335884194,0.9657154184095778,11.599737160448434,3.563427403331838
974,0.5,True,32.15195192622339,34.28710477140235,0.3326316648485151,0.1,0.01,anisotropic,0.0125,0.1,9,100000,96.20676279067992,37.93895176378188,0.9855588768488274,0.1660304319276534,38.568654335019794,0.9879088560865268,0.1436208327661175,0.7207622673779476
975,0.5,True,263.00178025552526,307.04884641346274,0.3123480640999823,0.1,0.01,anisotropic,0.0125,0.4641588833612777,11,100000,95.59945583343506,32.08477678065832,0.9820093628321382,42.759144706034704,32.273637499526934,0.9839763457632996,40.93953803295455,6.166355907149473
976,0.5,True,595.4828527695546,628.2567577783842,0.4300555100854631,0.1,0.01,anisotropic,0.0125,0.1,9,100000,97.23695993423462,37.67286675893215,0.9901220310031548,60.51905211535246,37.55386088321551,0.9904587104166156,62.200332289182526,15.730484766016186
977,0.5,True,52.3743876707661,51.60518255669046,0.3700665062069481,0.1,0.01,anisotropic,0.0125,0.2154434690031882,10,100000,95.99120807647704,36.20549625257578,0.973843355326299,0.6569542175287514,36.72079612916866,0.9815069251587256,0.5834519792123722,1.2273205124969613
978,0.5,True,496.8698809540351,537.751086484094,0.4273491475224026,0.1,0.01,anisotropic,0.0125,0.0215443469003188,7,100000,95.85377883911131,35.67478514373729,0.9538236335523604,66.72039457469536,35.73383800755583,0.961859524667764,65.81930915785405,15.228105779761538
979,0.5,True,597.2460060679723,644.7851573569823,0.3389850335214835,0.1,0.01,anisotropic,0.0125,0.2154434690031882,10,100000,96.55820894241332,36.524028131794125,0.981848700765234,79.33592604145485,36.93751655546514,0.9862565507435582,72.13085049716717,14.303686893418174
980,0.5,True,334.90964692614386,325.80424938871084,0.3383825885426681,0.1,0.01,anisotropic,0.0125,0.0046415888336127,5,100000,96.61172771453856,34.78640668356097,0.9369685399781064,35.02463750272885,33.04827060664469,0.9440711024874184,52.26214816192424,10.867873502821665
981,0.5,True,771.1412915420761,732.2082273527635,0.4095869100967816,0.1,0.01,anisotropic,0.0125,0.01,6,100000,96.39782428741456,31.837174335053486,0.9249871182718256,376.7838563709337,30.9216274876466,0.9258480513646424,465.20778257796064,24.329609778116847
982,0.5,True,107.49165488063804,83.86674030845806,0.4944385572836419,0.1,0.01,anisotropic,0.0125,0.01,6,100000,96.23507857322691,33.88770796647218,0.9317413400062816,4.627429470827674,34.499435397103206,0.9623632153956088,4.019454021108441,2.9274335420748296
983,0.5,True,76.06264395407295,78.77570624014432,0.4687411722729894,0.1,0.01,anisotropic,0.0125,0.2154434690031882,10,100000,96.60988187789916,37.55596979598092,0.9919113764351362,1.015384100585789,37.673262939021306,0.993634928232506,0.9883278748651584,1.6585569938892808
984,0.5,True,728.4605674473997,775.3468216655756,0.4457621820281797,0.1,0.01,anisotropic,0.0125,0.0215443469003188,7,100000,96.3630952835083,32.4267623257248,0.973440803606348,301.7942445487976,31.83931257083423,0.9767082209769734,345.506266521181,20.70677046933078
985,0.5,True,495.99582488999226,498.07250012449697,0.4167190330401409,0.1,0.01,anisotropic,0.0125,0.0021544346900318,4,100000,96.3521444797516,33.74111818470253,0.938650539816038,103.36239324814916,33.88498427033014,0.9645187388704008,99.9944619386954,13.884875351758437
986,0.5,True,688.7139940313083,529.9710718411886,0.4185319946678291,0.1,0.01,anisotropic,0.0125,0.0464158883361277,8,100000,96.38407707214355,29.348937807110577,0.9508603501993912,549.4647389667397,29.46120006787013,0.9592907767558522,535.4434390746874,11.708668952125842
987,0.5,True,435.3925112651425,373.16807142060514,0.4357115512229417,0.1,0.01,anisotropic,0.0125,0.0215443469003188,7,100000,96.57003331184389,36.34508835961078,0.9811563546613452,43.92590311529253,36.38790233592204,0.9856865189333324,43.49499664798688,9.594877222653494
988,0.5,True,247.1556312058677,274.86659393241246,0.3833723135567098,0.1,0.01,anisotropic,0.0125,0.01,6,100000,96.77444410324097,29.654712587057578,0.9395250865139074,63.141942520453306,29.4808426065536,0.9204672840224318,65.72111707211374,7.565606819652651
989,0.5,True,819.2832153565255,751.9489471998488,0.3955039933722731,0.1,0.01,anisotropic,0.0125,0.2154434690031882,10,100000,96.8167598247528,36.73855927733548,0.9925282104857732,142.17539824739012,36.811011192581226,0.9928052757005772,139.8232079566665,17.042720015701015
990,0.5,True,799.6164630900103,840.4203628755748,0.4239480214328272,0.1,0.01,anisotropic,0.0125,0.01,6,100000,96.80738496780396,34.925863734354515,0.9752629040863734,204.17335686789136,34.08512344086666,0.9752052167198036,247.7839081520941,24.418282005246542
991,0.5,True,695.0017743835723,790.0111311528594,0.3582962718418018,0.1,0.01,anisotropic,0.0125,0.01,6,100000,97.59363031387328,32.15894233559518,0.9290221768781558,262.4041282124332,31.0310781619296,0.9412257530152378,340.21783811360785,25.08795343358189
992,0.5,True,272.8729920927327,219.8688492870029,0.5267040618623471,0.1,0.01,anisotropic,0.0125,0.0464158883361277,8,100000,96.87367939949036,36.86345515061991,0.9634029638183088,15.26268189622388,36.90652491118266,0.9826434827321202,15.11206722068363,5.785558617875484
993,0.5,True,590.640436202218,537.4291568100654,0.4438491548558974,0.1,0.01,anisotropic,0.0125,0.1,9,100000,97.10399603843688,40.04644402434757,0.9863389980145904,34.49581379585029,40.87583594926351,0.9904485184862948,28.49884126752603,11.61386772846742
994,0.5,True,361.6129230430868,444.7510847825103,0.2565088162025943,0.1,0.01,anisotropic,0.0125,0.2154434690031882,10,100000,96.30864691734314,30.1846378590238,0.9289796508441778,124.62543976096909,31.26986157273424,0.9572894766605295,97.06984416880894,9.760339740700978
995,0.5,True,92.49049125330752,92.08587872917192,0.4047173128215314,0.1,0.01,anisotropic,0.0125,0.01,6,100000,94.8280897140503,33.898586446502705,0.9485533147421789,3.414517184242956,34.23727291817429,0.95528158202473,3.158352907938608,2.512398195329422
996,0.5,True,917.3962618867804,870.0446659708896,0.323138866011796,0.1,0.01,anisotropic,0.0125,0.01,6,100000,94.817364692688,31.246259016347015,0.9340878749549776,622.4780402219786,31.31321671102837,0.9505013137392267,612.9545391937138,23.34968819673021
997,0.5,True,137.68181228804244,129.8837707314428,0.4095481922364063,0.1,0.01,anisotropic,0.0125,0.0464158883361277,8,100000,94.89600324630736,33.582950041911616,0.9841590811562132,8.287840671664837,33.08651643553133,0.984353084943727,9.29147695518863,2.9738717542714457
998,0.5,True,950.2871164669816,864.3532039639107,0.4734372731427325,0.1,0.01,anisotropic,0.0125,0.0215443469003188,7,100000,94.94284653663637,32.83097525046387,0.9825762207346498,469.5874903406343,33.16942737310563,0.9854377375933356,434.3814859809866,22.80810484288868
999,0.5,True,446.5597671849978,465.72919118776406,0.4255980400451318,0.1,0.01,anisotropic,0.0125,0.1,9,100000,94.12991380691528,35.44115131543339,0.9734663715555856,56.81740411349956,34.81457585682749,0.9815671749911596,65.63552049081424,10.895049238878482
