sample_idx,sigma_y_tomo,procedure,scale,alpha_norm,sigma_used,reg_param,alpha_init,reg_fct_type,sampling_param,best_anis_param,best_anis_idx,ula_samples,time_ula,psnr_map,ssim_map,mse_map,psnr_mean,ssim_mean,mse_mean,post_std_mean
0,0.35,True,375.16557872851513,380.2491564622108,0.3477483514259539,0.1,0.01,anisotropic,0.0125,0.0215443469003188,7,100000,82.94038105010986,26.5395516457599,0.8893472412911585,305.40482476013784,26.239422787170945,0.8902771299142251,327.2568754680628,10.755527677018868
1,0.35,True,950.7635921035062,971.1483064827736,0.2401545105821728,0.1,0.01,anisotropic,0.0125,0.0464158883361277,8,100000,82.74222207069397,25.056254943255738,0.9036862993059918,2818.320981754348,24.625673813241352,0.905988516662216,3112.064337852819,29.12247794641648
2,0.35,True,732.2619478695937,512.7401422731899,0.3862585452666507,0.1,0.01,anisotropic,0.0125,0.0001,0,100000,83.3877158164978,32.48330821323964,0.9043779810165006,282.1632586790063,30.0865576173547,0.8899093437315351,489.97680550425247,19.24577550157088
3,0.35,True,599.0598257128396,613.8210185982497,0.251250652867213,0.1,0.01,anisotropic,0.0125,0.0046415888336127,5,100000,82.28939580917358,33.56599143095799,0.9427347107779912,145.7835035647125,29.21158626925625,0.9284204182285836,397.3277513796632,20.533433139855298
4,0.35,True,156.8626218019941,142.9917597641016,0.3586154174614869,0.1,0.01,anisotropic,0.0125,0.0021544346900318,4,100000,83.58237934112549,29.74842117622728,0.9323220422819972,25.69509929973249,27.862329530978307,0.9379690070608244,39.66975012351341,4.7872786539898735
5,0.35,True,156.83852581586643,143.14381568247788,0.2984013517608786,0.1,0.01,anisotropic,0.0125,0.0215443469003188,7,100000,81.60062003135681,29.26780355877711,0.9356392012494158,26.92721938821459,28.13993296008166,0.943036750063514,34.91230866759546,4.276685555604953
6,0.35,True,59.02552855603126,41.16526819920769,0.3835956760634406,0.1,0.01,anisotropic,0.0125,0.0021544346900318,4,100000,81.52656173706055,28.831411963043276,0.9290866094310196,3.7319026225900394,26.346792619174764,0.8707006561148504,6.612904295334298,1.6168853222480186
7,0.35,True,866.3099696291603,556.9093526026005,0.4466306758701809,0.1,0.01,anisotropic,0.0125,0.0046415888336127,5,100000,81.6147472858429,34.95798939377608,0.9610597986111108,237.22472733886767,34.20682157107492,0.9675257357247962,282.01794158899224,16.97763113980737
8,0.35,True,601.5138967314656,729.0828117725293,0.266696900278919,0.1,0.01,anisotropic,0.0125,0.0215443469003188,7,100000,82.24684643745422,29.09064745225853,0.9245395685373696,442.3052313252303,27.317934116387484,0.9371597734147314,665.2630607346996,21.917448020941983
9,0.35,True,708.3645052182494,640.9019727910177,0.247388627600497,0.1,0.01,anisotropic,0.0125,0.0215443469003188,7,100000,82.06010389328003,19.91068336100521,0.7673211236729294,5050.682019396154,20.029721921517485,0.793534436566212,4914.124679208681,23.43478673326365
10,0.35,True,21.563909801506643,27.207514556187604,0.2374226632602374,0.1,0.01,anisotropic,0.0125,0.001,3,100000,81.50149440765381,27.46276663334917,0.9302942936338836,0.8242356359464086,20.88953246631742,0.7875674788452975,3.744335919120519,1.0557713872735148
11,0.35,True,969.9399423098324,870.342962657164,0.3221068000107028,0.1,0.01,anisotropic,0.0125,0.0215443469003188,7,100000,80.18625020980835,33.006922540544686,0.9565720814776926,470.07069572695065,31.435106175500067,0.9685800786396762,675.0637919101262,32.18545437664777
12,0.35,True,832.6101981596213,1015.2910462285788,0.2509947544779297,0.1,0.01,anisotropic,0.0125,0.0021544346900318,4,100000,80.10790657997131,23.8291465329387,0.9118754084788406,2851.0363004982096,22.75314587756104,0.9009215154992852,3652.605868036165,32.924967959395566
13,0.35,True,213.12677156759787,220.00800368927972,0.2412845839670189,0.1,0.01,anisotropic,0.0125,0.01,6,100000,82.97870683670044,23.85167110908155,0.8752791325440715,186.55497304209408,22.88723555391881,0.8964863000101821,232.94338716850527,7.497345015839325
14,0.35,True,182.6431422398935,185.96671370074583,0.2511654849296193,0.1,0.01,anisotropic,0.0125,0.0215443469003188,7,100000,80.11030340194702,35.38132729229886,0.9692343794690812,9.64970242678169,32.934114224904405,0.971512920245124,16.952557562869465,6.666530899080252
15,0.35,True,184.2211053435804,203.4640393958784,0.2248933492822178,0.1,0.01,anisotropic,0.0125,0.0004641588833612,2,100000,82.62526965141296,32.87669099554816,0.943088859921176,17.470390387374717,27.03101693731029,0.8894069110800352,67.12279241084265,6.5876331587951285
16,0.35,True,304.9380007165782,282.8962413531844,0.3298605271033897,0.1,0.01,anisotropic,0.0125,0.0215443469003188,7,100000,81.17343664169312,35.51003623395009,0.9801689131480784,26.060952990133316,31.68508582889791,0.9708682972109518,62.87606197376199,7.695843277902859
17,0.35,True,525.2316752006057,514.7816604942285,0.3569362966976245,0.1,0.01,anisotropic,0.0125,0.01,6,100000,81.57600092887878,32.735199129721266,0.9655371446629476,146.7991107909277,29.59748209066429,0.9600591404409068,302.3396659071076,18.994177776391197
18,0.35,True,432.5130736234736,436.26959268482005,0.2793688293156978,0.1,0.01,anisotropic,0.0125,0.01,6,100000,79.7498950958252,32.91062213401499,0.9530909108737432,92.35833881051916,30.83640673757326,0.9540360185391742,148.90101308298793,13.451865159376506
19,0.35,True,291.93791105784385,261.81811693883725,0.3269001448489895,0.1,0.01,anisotropic,0.0125,0.0046415888336127,5,100000,82.67889904975891,30.344760399525292,0.9066983270675086,76.10015141294753,29.952861250574013,0.9540175835335188,83.28665800660023,7.915209133843885
20,0.35,True,612.2410418276571,770.0026696670186,0.2075493243463007,0.1,0.01,anisotropic,0.0125,0.0004641588833612,2,100000,83.09122014045715,29.45418621931175,0.8365755096495114,363.6840041420253,22.97508966639492,0.7928850629347476,1616.7164425482174,32.248524386732534
21,0.35,True,140.3543667913898,122.75493150925392,0.3834968784674221,0.1,0.01,anisotropic,0.0125,0.0215443469003188,7,100000,78.81046676635742,36.34170158024814,0.9836907699257472,4.568880315869512,34.61458708795365,0.98611561798727,6.800192875361968,3.526395716481816
22,0.35,True,292.85250388668294,296.979750488826,0.1914697985443079,0.1,0.01,anisotropic,0.0125,0.0004641588833612,2,100000,79.30750918388367,27.376160834504795,0.869998174890894,153.9368314372489,24.059491212318388,0.8357847289267244,330.3767717764576,12.385503539269912
23,0.35,True,366.995481450398,414.2795109839302,0.2381010540897779,0.1,0.01,anisotropic,0.0125,0.0215443469003188,7,100000,79.53737473487854,34.12193698754608,0.953568009292187,52.03286922753138,30.84737123195524,0.9639046456679946,110.5947090022642,14.668961063441394
24,0.35,True,456.6139142328189,395.3960789104683,0.3941940236553315,0.1,0.01,anisotropic,0.0125,0.0046415888336127,5,100000,79.85300803184509,28.64320815561534,0.913455511389793,283.78452571592175,28.50444184880296,0.9425161648484373,292.9984622978552,14.519281348857664
25,0.35,True,785.3907854316205,674.830249453192,0.2579460588145277,0.1,0.01,anisotropic,0.0125,0.01,6,100000,79.12931942939758,36.66790850659461,0.9493291362202186,132.20959342305534,31.93683754873331,0.92819384557249,392.9796535643616,21.686655740412267
26,0.35,True,200.47410837620137,116.2914072705596,0.2524256305587491,0.1,0.01,anisotropic,0.0125,0.0021544346900318,4,100000,80.21971344947815,26.66012213144913,0.8443663484924085,72.23389857746258,27.234718322292547,0.8912018035350051,63.28218062111049,4.351908431610997
27,0.35,True,514.720203975198,553.8090223571969,0.2131263747657618,0.1,0.01,anisotropic,0.0125,0.0464158883361277,8,100000,78.91402578353882,36.29378375427464,0.9862858324342764,62.12208453045787,35.00366996232152,0.9882787454259946,83.6098413608904,14.781597613377762
28,0.35,True,592.8221542931805,628.5215373493875,0.262653592120693,0.1,0.01,anisotropic,0.0125,0.001,3,100000,81.00661706924438,28.11908955193761,0.8463093054956801,472.8375801869708,25.711758212105774,0.8770817114116677,823.0858205578554,26.32529773408532
29,0.35,True,47.40396230727773,48.09400255627134,0.2680034035722705,0.1,0.01,anisotropic,0.0125,0.0021544346900318,4,100000,79.24721813201904,32.855071129997235,0.9614900586131682,1.1630480661353682,33.12071812207097,0.9775250768491092,1.094039404100822,1.6285170449876598
30,0.35,True,607.9373070495369,358.5547787091746,0.5131477137342139,0.1,0.01,anisotropic,0.0125,0.0215443469003188,7,100000,79.64879393577576,23.09459435755525,0.9066665047641286,1809.6567647819631,22.94153305778943,0.9027820696082556,1874.572927153476,10.560137713000664
31,0.35,True,171.35359956360423,260.2546697369296,0.1509513311874765,0.1,0.01,anisotropic,0.0125,0.0215443469003188,7,100000,79.47705364227295,18.31337192378409,0.7672335119865209,428.846645541496,19.00673921736845,0.7638545226172884,365.5655717612408,7.689643588724253
32,0.35,True,65.98654139229424,72.05076614152487,0.2482178866643594,0.1,0.01,anisotropic,0.0125,0.01,6,100000,80.52309274673462,34.11685664260565,0.9658895771249564,1.6856282559797464,31.60820043497442,0.9718373617937586,3.003498528079605,2.357253526370343
33,0.35,True,948.93665171608,675.752139450746,0.3428961473344132,0.1,0.01,anisotropic,0.0125,0.0215443469003188,7,100000,80.74365139007568,28.14499034710236,0.966200503552302,1379.0344766081253,28.33741777892023,0.9725235865812176,1319.2660326292912,20.15935777362311
34,0.35,True,965.6664010414848,1046.962989340284,0.1944377682336859,0.1,0.01,anisotropic,0.0125,0.0464158883361277,8,100000,80.56168699264526,33.84560771004892,0.9718207767948064,384.1037449737297,32.45882190508579,0.9777201567051136,528.5999552271676,30.05631218639833
35,0.35,True,808.5889507683447,1004.0893024696254,0.2105953321874419,0.1,0.01,anisotropic,0.0125,0.0464158883361277,8,100000,81.11526608467102,22.975706671136248,0.8780298769615331,3290.865363434453,22.081436877310875,0.8661923438502172,4043.310504498304,32.88586418733944
36,0.35,True,305.3091554041973,659.9081083849136,0.1476891473249322,0.1,0.01,anisotropic,0.0125,0.01,6,100000,79.88404536247253,28.87688479478868,0.9483472906026124,118.2617211340244,21.943896082815,0.826448008198531,583.6373359891513,16.606809991135876
37,0.35,True,98.5744418923775,74.34536615185156,0.3463805709968513,0.1,0.01,anisotropic,0.0125,0.0046415888336127,5,100000,82.92470455169678,24.13012111510583,0.9179314663331924,37.38024479343549,24.10044980228156,0.9252853259864168,37.636503719920576,2.565889659470534
38,0.35,True,684.5487934856448,463.7638469556698,0.3855641108003145,0.1,0.01,anisotropic,0.0125,0.0001,0,100000,79.55186629295349,30.411337232723344,0.8947697418743994,421.6424823125472,28.201629480396072,0.9032718128857028,701.3182439568751,18.910248496286812
39,0.35,True,440.7123412458617,485.0020333510927,0.2246634105792642,0.1,0.01,anisotropic,0.0125,0.0021544346900318,4,100000,80.01292300224304,26.777475855479715,0.9055836440170916,405.2992392911884,24.80057358154629,0.894741514924203,638.948736989575,17.70074405597903
40,0.35,True,122.91619660993403,111.97286513967646,0.2964149803754323,0.1,0.01,anisotropic,0.0125,0.0215443469003188,7,100000,81.44352722167969,24.79992801858576,0.929169381703122,49.95153176080997,24.77212880112624,0.9388435083557412,50.272297349964624,3.597163671530005
41,0.35,True,495.6817332011589,559.1681526943094,0.3410759195538625,0.1,0.01,anisotropic,0.0125,0.0046415888336127,5,100000,79.4414689540863,25.8572445646855,0.9107239799806062,634.1456061230208,25.01942474588148,0.9274486699371196,769.0790293897958,21.798145096152798
42,0.35,True,35.35413259410318,36.68653576720344,0.2588720750104129,0.1,0.01,anisotropic,0.0125,0.0002154434690031,1,100000,80.02393102645874,30.64748317400944,0.9045034553260104,1.0692809147961806,22.98318847522808,0.7444225165168101,6.244839561146567,1.652476357417839
43,0.35,True,909.4110816767032,923.068991417686,0.2035912043445474,0.1,0.01,anisotropic,0.0125,0.01,6,100000,80.37391567230225,32.860409532409506,0.9349196089411638,427.156547855943,27.662784649379557,0.940537633566408,1413.6749300105987,36.857417667592415
44,0.35,True,259.5212016184169,165.582670509056,0.380825326458948,0.1,0.01,anisotropic,0.0125,0.0046415888336127,5,100000,80.66790747642517,26.30363293757194,0.8910654293837447,152.65937995663214,24.55579622972312,0.8789161594902191,228.30065889246055,7.435430404623829
45,0.35,True,662.859762069628,660.9796194016927,0.1423020752625038,0.1,0.01,anisotropic,0.0125,0.0046415888336127,5,100000,79.59246253967285,30.403900520220425,0.9563009845365243,389.4708432685677,28.08272149904412,0.9216893036152276,664.6497611303371,18.793104827279745
46,0.35,True,312.3993650133215,246.3697161053693,0.3899089656663991,0.1,0.01,anisotropic,0.0125,0.0004641588833612,2,100000,80.70230674743652,30.407737635343825,0.871534608598111,86.14803923296031,26.19304561361872,0.8216174364838152,227.3602820460405,9.554210791399996
47,0.35,True,520.547953156633,410.0212333872266,0.266611637061692,0.1,0.01,anisotropic,0.0125,0.0215443469003188,7,100000,82.03257584571838,25.27055126720256,0.9056525686304582,793.7174899627312,24.929372462074216,0.9079583885394228,858.5860556969254,11.981138897812434
48,0.35,True,547.1635690639364,546.7658959401003,0.2293783500776488,0.1,0.01,anisotropic,0.0125,0.0046415888336127,5,100000,81.45836114883423,27.50678875678874,0.9341233579993604,529.0495073117828,23.21794846892617,0.8527573731821996,1420.3008372663166,20.827027734704256
49,0.35,True,185.6696010700015,192.1797759932153,0.2561074641504713,0.1,0.01,anisotropic,0.0125,0.1,9,100000,82.7528383731842,26.42389215789556,0.9281760360011616,78.26441694332578,26.306911091497817,0.9372398446261616,80.4011870598565,5.386674088488511
50,0.35,True,969.615043136794,1451.9273720048188,0.2158772271954767,0.1,0.01,anisotropic,0.0125,0.2154434690031882,10,100000,80.74585294723511,25.21963093688892,0.8653951111851997,2525.0599726131923,24.78915837362841,0.8796554573306382,2788.1680985713074,38.3673493738211
51,0.35,True,775.3576905377535,659.2989911744644,0.3103034625760693,0.1,0.01,anisotropic,0.0125,0.0215443469003188,7,100000,81.26299333572388,32.63706229867201,0.9515577040865096,325.77405481305505,32.25992676732028,0.9724942355733768,355.3285032750502,19.981501510433244
52,0.35,True,939.5594426226248,942.0074397810422,0.2878302075781671,0.1,0.01,anisotropic,0.0125,0.0464158883361277,8,100000,80.60150146484375,28.36245490760184,0.9174333813720832,1005.1442480867076,27.436538436216583,0.926085122824742,1243.9990219253052,25.17004103147458
53,0.35,True,894.9325230772212,774.2121528776786,0.3146220094882057,0.1,0.01,anisotropic,0.0125,0.0215443469003188,7,100000,80.86852693557739,28.987636165738508,0.9266915244539052,1010.0028744843024,30.34706851506053,0.9734716954897256,738.5491027512403,26.28009841500632
54,0.35,True,598.3020788322741,500.0114188293469,0.3700219176031642,0.1,0.01,anisotropic,0.0125,0.001,3,100000,81.25082540512085,23.26107873118531,0.8908095882378335,1687.8334278750283,23.008917468071964,0.9057123063087544,1788.7337864763329,21.936215715124916
55,0.35,True,921.9523607880938,1133.1843786541,0.2064540930282908,0.1,0.01,anisotropic,0.0125,0.01,6,100000,80.78640174865723,32.05418650386776,0.938339757153234,525.0793580997528,26.98525874668321,0.9145591375637332,1687.0102502824868,38.08148437295852
56,0.35,True,89.40400954986758,88.09661500539065,0.3188825213964278,0.1,0.01,anisotropic,0.0125,0.0046415888336127,5,100000,81.82567620277405,30.38010150494324,0.9139568673986768,7.2748184525961825,27.123288591115283,0.9229577111602,15.399387630591416,2.7775609751324253
57,0.35,True,196.7868795567261,163.40393269216383,0.4099544500552219,0.1,0.01,anisotropic,0.0125,0.0004641588833612,2,100000,82.27289247512817,31.35101020616448,0.9031700033875036,21.27061558157479,26.63627229993481,0.8807306956257344,62.98742429652171,6.822413864800672
58,0.35,True,46.182061621627525,54.14645189440784,0.2509827736207306,0.1,0.01,anisotropic,0.0125,0.01,6,100000,81.37008547782898,26.15908935139929,0.930794645947997,5.163110105430118,25.907653638399204,0.9268416794817572,5.470851896078714,2.452237295883045
59,0.35,True,326.00500043250105,388.9238092155296,0.1929458483577485,0.1,0.01,anisotropic,0.0125,0.01,6,100000,81.28047347068787,29.10935879535805,0.954894699307527,130.41236725368532,27.38502315680989,0.9096642561569526,193.97793967108564,13.079510726921582
60,0.35,True,389.2886123997925,430.1848665600479,0.2159549413304126,0.1,0.01,anisotropic,0.0125,0.0046415888336127,5,100000,80.65573644638062,32.82989985444457,0.9313733743336132,74.75565104674988,28.7451792504965,0.9203991273058552,191.4767681026601,15.391386477982213
61,0.35,True,272.077682742122,186.0730511538875,0.3307331500405651,0.1,0.01,anisotropic,0.0125,0.001,3,100000,81.71260571479797,24.804991371600696,0.8427719615944091,224.7902198652773,24.16208747249909,0.8405293276144857,260.6560454171858,7.60432442316193
62,0.35,True,828.9087716427774,765.0041071773553,0.2809142267775252,0.1,0.01,anisotropic,0.0125,0.0046415888336127,5,100000,81.30385422706604,24.67443999315361,0.9164492936274152,2338.446360770457,25.181553566189603,0.9406226798432534,2080.731563497978,27.64233390296964
63,0.35,True,357.39657336689567,380.5544966711735,0.322456560142934,0.1,0.01,anisotropic,0.0125,0.0215443469003188,7,100000,81.24431872367859,22.371269235201936,0.82998104763984,734.0673264499998,22.96194736037308,0.8655347156931404,640.7197060528619,12.156302117734304
64,0.35,True,281.65357517769337,334.1344545923224,0.2689982177669905,0.1,0.01,anisotropic,0.0125,0.0464158883361277,8,100000,81.07496666908264,19.518044358758424,0.828475806567402,885.7507070411804,19.701177571325506,0.82596973634809,849.176928931364,11.03967577110979
65,0.35,True,543.1533870750902,422.8306928372628,0.400211516041512,0.1,0.01,anisotropic,0.0125,0.0021544346900318,4,100000,81.55626559257507,32.48253503535337,0.9636477307604804,163.22280723332088,29.248726965296985,0.9487401622781793,343.68584833586374,15.876852315634194
66,0.35,True,141.78330074978788,132.08097165031464,0.2144898325361584,0.1,0.01,anisotropic,0.0125,0.0215443469003188,7,100000,80.83762192726135,28.09613180199394,0.9547520859580688,31.141081542129573,28.87586710061565,0.9689122479825596,26.02316778468818,4.195143870345923
67,0.35,True,802.3947837732857,787.0966311125366,0.3359274935521704,0.1,0.01,anisotropic,0.0125,0.001,3,100000,81.09045124053955,29.518087255858703,0.8817727843672671,650.5557538895592,26.40263516215312,0.8895910810816628,1332.998718022345,28.92131884190314
68,0.35,True,75.47609303609106,66.04282217517505,0.2912648443554834,0.1,0.01,anisotropic,0.0125,0.0021544346900318,4,100000,82.33816266059875,30.52445021985533,0.900169473932906,4.3202015311852255,27.241715921925447,0.8926036043198132,9.1997798808352,2.564913597945428
69,0.35,True,986.9000496639168,1162.3681383371916,0.2079438053550377,0.1,0.01,anisotropic,0.0125,0.0021544346900318,4,100000,80.79903721809387,25.71144040241129,0.9077539387979608,2597.3794730552454,25.49370258581189,0.9078069786126636,2730.921305614722,43.14046784872194
70,0.35,True,772.4725245273607,721.3763813859792,0.353838297077173,0.1,0.01,anisotropic,0.0125,0.0001,0,100000,81.28451108932495,25.932872487350544,0.9148768472343012,1520.4829641880026,25.86574463559633,0.9175045909064672,1544.1672728373617,30.75360394364964
71,0.35,True,199.51696585263824,135.68656954203922,0.5791195418367977,0.1,0.01,anisotropic,0.0125,0.0215443469003188,7,100000,81.00109028816223,21.51390680305777,0.8072586110975619,270.1162989517163,21.773622604137177,0.8481149609433809,254.43638140738972,5.389816106004362
72,0.35,True,6.516595006478797,6.299463141458699,0.2043448528686678,0.1,0.01,anisotropic,0.0125,0.01,6,100000,80.76008796691895,37.58154944183125,0.9726399918086912,0.0074071253790853,34.95740056051887,0.9647522959779172,0.0135539095798349,0.1912976169795062
73,0.35,True,815.6459670263794,1098.9696792362738,0.174665157894527,0.1,0.01,anisotropic,0.0125,0.0464158883361277,8,100000,80.71225833892822,21.24662148439596,0.8541457533895893,4908.818131798966,21.957457483290455,0.8773563687962176,4167.670176555568,28.699353512350022
74,0.35,True,707.1504865037695,710.4198821296554,0.2008072107284503,0.1,0.01,anisotropic,0.0125,0.0021544346900318,4,100000,81.34906840324402,22.630051007910907,0.7634215985628287,2660.6479894542585,21.04206491271308,0.7502615352709344,3835.1824522940847,32.5642970111662
75,0.35,True,729.2781608729463,1431.837544305624,0.1119647566774288,0.1,0.01,anisotropic,0.0125,0.01,6,100000,80.84157109260559,31.78005077299532,0.9240644011527388,352.28147562163826,22.342332225626063,0.7973913565403628,3095.0071850177924,61.59105068052522
76,0.35,True,771.4990763392598,663.3199112518126,0.2955603444062772,0.1,0.01,anisotropic,0.0125,0.0046415888336127,5,100000,80.46209025382996,24.314406942846585,0.9109866104390588,2198.226620181119,24.78360074204662,0.9489295090606302,1973.1181107738648,20.181569398270412
77,0.35,True,74.97060708235627,81.80843620336704,0.2006724277616363,0.1,0.01,anisotropic,0.0125,0.0021544346900318,4,100000,80.92541456222534,30.194034291437568,0.944101156000236,5.369087092490933,25.84127222516902,0.9075695011137412,14.627720565410025,2.6546888725968345
78,0.35,True,359.10726281572835,437.18376185288514,0.2341122509400625,0.1,0.01,anisotropic,0.0125,0.1,9,100000,80.075852394104,24.25744931132335,0.8807760221388493,482.66492364918986,23.546444867758524,0.8819921497280221,568.5205704854634,11.514108076918983
79,0.35,True,116.7531904656046,117.24587727348876,0.3259725238323032,0.1,0.01,anisotropic,0.0125,0.0215443469003188,7,100000,80.22527384757996,28.169386134215944,0.893577947499467,19.321191969767384,26.757083570364188,0.9075586556076748,26.746328352510155,3.854804814863321
80,0.35,True,863.240322449718,749.1129302027607,0.3024494726964271,0.1,0.01,anisotropic,0.0125,0.1,9,100000,81.52689099311829,22.803876428113877,0.828523865843832,3724.091193577444,22.53299404083514,0.8289593288899478,3963.7709088606425,20.770827225912143
81,0.35,True,623.6748287007304,508.4130790177121,0.3530646662071712,0.1,0.01,anisotropic,0.0125,0.0021544346900318,4,100000,82.68752431869507,25.79671082850636,0.8999997169624849,1016.234278971894,26.207309570561836,0.9313861964321888,924.5575852030648,18.741255956181806
82,0.35,True,331.5671268277965,308.9824920372216,0.4613634287440711,0.1,0.01,anisotropic,0.0125,0.0215443469003188,7,100000,80.73760151863098,36.81335842383133,0.9816013842801824,22.85367759783428,34.96707465971787,0.9834381673560784,34.96105042644618,9.263129289872367
83,0.35,True,64.49479193573761,77.53054174599876,0.2724046684079178,0.1,0.01,anisotropic,0.0125,0.0004641588833612,2,100000,81.67423582077026,31.98873163480424,0.9367594172865252,2.605205001483468,24.67925297063781,0.8331473601167332,14.021348043731589,3.02410945807297
84,0.35,True,311.67133939394654,232.67732137610463,0.4535993760655164,0.1,0.01,anisotropic,0.0125,0.01,6,100000,82.94893479347229,31.27823582765467,0.9453641248982798,72.23411548915402,30.51924709547623,0.9684805154231014,86.02827850640082,6.951102228653308
85,0.35,True,325.8581387047203,169.2255531543728,0.340348522054573,0.1,0.01,anisotropic,0.0125,0.0046415888336127,5,100000,83.06266522407532,23.44873330357053,0.8962943368110956,476.7857635251392,22.498422123855786,0.8402396371508857,593.4093667041294,6.880587861098886
86,0.35,True,729.876572159726,1335.3378738244303,0.192250296607085,0.1,0.01,anisotropic,0.0125,0.0021544346900318,4,100000,81.98470497131348,25.66196400476723,0.8575339291922788,1381.3327702451068,21.8077804879945,0.818723748976439,3355.1865074956563,47.90402212065992
87,0.35,True,637.9199138838579,723.874265920662,0.218186217274102,0.1,0.01,anisotropic,0.0125,0.001,3,100000,81.54159927368164,26.592133556180464,0.8272614425349706,855.2004017750818,23.48858517598982,0.832191137845534,1747.5223313866793,27.925504484502635
88,0.35,True,887.3255298337502,664.2746343761845,0.3121711747087509,0.1,0.01,anisotropic,0.0125,0.0464158883361277,8,100000,81.45684790611267,36.40702171918967,0.9803495000445672,179.90185105932906,36.064328149904895,0.9867415921845688,194.67267155098017,17.461336867099615
89,0.35,True,472.7427102367873,349.59904921911686,0.3717167539584419,0.1,0.01,anisotropic,0.0125,0.0046415888336127,5,100000,82.05483269691467,29.244095942744444,0.9510082978819072,263.3274936429251,27.07097041101557,0.9372663862521904,434.3189299961081,11.14601102048623
90,0.35,True,120.4746516923634,135.64385635361867,0.151201619518212,0.1,0.01,anisotropic,0.0125,0.001,3,100000,81.58979344367981,31.98762932508835,0.9328073889978064,9.036946775719215,27.126491849577725,0.9044602729616076,27.678048882521303,4.673597225995286
91,0.35,True,713.531542435772,549.2475253119088,0.4634260144191564,0.1,0.01,anisotropic,0.0125,0.0046415888336127,5,100000,81.41344261169434,34.478434369867294,0.9548612286241994,181.29223136982824,32.57510475351096,0.9636909327040544,281.00377612847603,18.217829976583985
92,0.35,True,761.0242635682805,830.2792528959803,0.3081739340528249,0.1,0.01,anisotropic,0.0125,0.0215443469003188,7,100000,80.88616490364075,32.059870080525066,0.9701968428423318,360.19751744824384,29.395538305061105,0.969766179166718,665.2331651367655,24.253779718143893
93,0.35,True,561.7159203719267,656.69868936746,0.3012078233258944,0.1,0.01,anisotropic,0.0125,0.0215443469003188,7,100000,80.87345433235168,34.20904369801323,0.957394153706714,119.64330962955252,32.02981231041481,0.971518774750904,197.61120068621267,22.06069427403979
94,0.35,True,771.1962127746065,722.5107097565284,0.27455270204431,0.1,0.01,anisotropic,0.0125,0.0046415888336127,5,100000,80.65665221214294,25.76116599761344,0.8175111120796451,1533.527230167511,23.356683980716827,0.7707789544092505,2667.716614978652,29.153206045021317
95,0.35,True,494.3018007680264,456.1486311185551,0.2436490123299595,0.1,0.01,anisotropic,0.0125,0.0215443469003188,7,100000,80.93769764900208,33.77618271184906,0.9623324879811144,102.2054240239859,32.93455426316844,0.9750877752108792,124.06143183871852,11.880427011734646
96,0.35,True,523.2100965526121,665.3732923242735,0.1465401469241685,0.1,0.01,anisotropic,0.0125,0.0021544346900318,4,100000,82.26125597953796,32.59779138338936,0.9405145863864438,150.38273074173682,24.21809389608712,0.8080775685825701,1035.541994205584,21.355551227034617
97,0.35,True,428.1134773401911,390.13656694805127,0.431801925014985,0.1,0.01,anisotropic,0.0125,0.0215443469003188,7,100000,81.29609417915344,37.55804168103782,0.9855073602388902,32.12082918899828,35.271938284251526,0.9840885837943756,54.37472676269329,10.892596052155945
98,0.35,True,26.39370761735109,23.568684495911604,0.3232867196928025,0.1,0.01,anisotropic,0.0125,0.0215443469003188,7,100000,82.61974501609802,22.458285065261,0.8183547059673568,3.902666534402508,21.755312774311317,0.8218333994768576,4.5883725552039,0.8309139051929011
99,0.35,True,108.78353556631114,107.30463151149009,0.2772194623785985,0.1,0.01,anisotropic,0.0125,0.01,6,100000,81.89423036575317,31.94741581571074,0.9408204264925184,7.553359252354061,28.03400618827567,0.9443205928457048,18.59863638662994,5.008733149637951
100,0.35,True,32.39775650104752,41.390621286937424,0.2423689608685324,0.1,0.01,anisotropic,0.0125,0.0215443469003188,7,100000,77.72829055786133,34.0916528495543,0.9598705836353456,0.4088924010206389,29.39153675030945,0.958637520110253,1.206759286276455,1.2475391281657968
101,0.35,True,636.7740008525166,223.5070842759844,0.7532474840749606,0.1,0.01,anisotropic,0.0125,0.0004641588833612,2,100000,77.29502272605896,30.76243642604017,0.8664087450226283,153.90097098905184,31.475075271331026,0.9246973258326212,130.6103145446006,8.490554101966376
102,0.35,True,315.0416250952504,211.0727267949028,0.3917749028418287,0.1,0.01,anisotropic,0.0125,0.0046415888336127,5,100000,76.8522698879242,27.33997588088212,0.8707709570275511,155.0404532032867,26.3232702171333,0.886139694825536,195.9366125971187,7.76299853760427
103,0.35,True,509.0621204735381,488.0210594489365,0.3017623875252631,0.1,0.01,anisotropic,0.0125,0.0021544346900318,4,100000,77.03153896331787,27.226133629690533,0.9169796988771338,490.7339288638024,23.535018095869624,0.8671827830105228,1148.0416365313438,20.193311732049622
104,0.35,True,907.6589074521668,1143.5721099783632,0.2409872063608293,0.1,0.01,anisotropic,0.0125,0.0215443469003188,7,100000,77.52908897399902,23.520169307150148,0.8375216298936783,3482.1460065883925,22.860809176570992,0.8301664203852976,4053.0596014114094,35.901119492827895
105,0.35,True,250.0429369197261,162.17795217347137,0.4704402740937949,0.1,0.01,anisotropic,0.0125,0.0046415888336127,5,100000,76.65624237060547,24.74200136493945,0.9345990814774708,209.04964413941192,24.17048454734616,0.9350381201366073,238.4520795888578,5.5997619004580335
106,0.35,True,410.9725401125941,358.80885093839004,0.340740011050412,0.1,0.01,anisotropic,0.0125,0.0215443469003188,7,100000,76.67825722694397,25.667039521422424,0.9465310662781532,457.26466509622327,25.589218268038955,0.941372323932813,465.5322454715421,10.021129173271497
107,0.35,True,755.7955874045056,626.3122204212381,0.4190314142634823,0.1,0.01,anisotropic,0.0125,0.01,6,100000,77.04405570030212,36.14793190611715,0.9666152270849356,138.67272995849325,33.907719044607035,0.9738683800658936,232.2802856581779,17.823767149519504
108,0.35,True,229.56936732613084,381.6365809246465,0.1629535027097647,0.1,0.01,anisotropic,0.0125,0.01,6,100000,76.11202049255371,21.62832876751925,0.8458434963196609,361.8684133665365,18.89387707700549,0.7159892763550305,679.1971349830902,15.632428638275677
109,0.35,True,77.9029299189642,51.9916043333924,0.318000252453592,0.1,0.01,anisotropic,0.0125,0.0215443469003188,7,100000,76.83509492874146,24.34531592179525,0.9229173232119254,22.291001730264767,24.171380820323115,0.9282214324937244,23.201875695781965,1.6036454285602988
110,0.35,True,290.4617014608543,387.5992674361512,0.168139606082458,0.1,0.01,anisotropic,0.0125,0.01,6,100000,76.71644043922424,33.35223533037234,0.954573302986618,38.93215365652577,27.19844199419451,0.9204367723278044,160.57863519099058,14.416724172193092
111,0.35,True,162.0600659667504,119.56587517336244,0.4963240551308464,0.1,0.01,anisotropic,0.0125,0.0004641588833612,2,100000,76.94279384613037,32.24267900531135,0.9375132018516116,12.342282001343383,28.30458085175512,0.8813293987981115,30.56365441733981,4.4695100071423655
112,0.35,True,929.7679546902305,1351.97520071432,0.2133041475153869,0.1,0.01,anisotropic,0.0125,0.0004641588833612,2,100000,77.35270833969116,19.55438084943916,0.7342367498283471,9473.93352577532,18.105234493337164,0.6523306078944006,13226.500989832944,63.8685027010313
113,0.35,True,808.3122591848526,904.5659500004768,0.2683859959859987,0.1,0.01,anisotropic,0.0125,0.0215443469003188,7,100000,75.92910432815552,34.594098915310106,0.9686423299042292,226.81071093819023,32.23562180951698,0.9707530428936388,390.4013137587586,28.94506250029561
114,0.35,True,633.770352753913,635.6569618942933,0.20169369931828,0.1,0.01,anisotropic,0.0125,0.0464158883361277,8,100000,76.33264899253845,19.53184952119719,0.7441013954756391,4397.546919698493,19.96078144947781,0.7865684237914561,3983.9812795611215,22.134246963922227
115,0.35,True,871.58912959753,1153.354724383553,0.205025133720666,0.1,0.01,anisotropic,0.0125,0.01,6,100000,76.69789123535156,22.664891011822856,0.8499418721612694,4102.683252741382,21.067322636552444,0.8102054763201816,5926.862147442886,51.81488982990614
116,0.35,True,803.8684048222153,896.2349655126987,0.2602230538117953,0.1,0.01,anisotropic,0.0125,0.0021544346900318,4,100000,76.2415280342102,29.222493041073037,0.8965028715967264,769.925736871183,26.999608085302103,0.9124521800392504,1284.5095365290465,34.15570782372352
117,0.35,True,187.3834888271498,211.70538946005723,0.2149360567735788,0.1,0.01,anisotropic,0.0125,0.0215443469003188,7,100000,76.76783609390259,35.09179939307407,0.9738513643981368,10.869779737309049,33.691990993535754,0.9795675556651808,15.003810961798084,5.834537718250194
118,0.35,True,892.6664394914878,838.3818625633198,0.2754192813043119,0.1,0.01,anisotropic,0.0125,0.0021544346900318,4,100000,76.00624704360962,30.37292204526694,0.9545389563802932,724.5488140253435,27.487708696761523,0.959636947338765,1407.9556818800006,29.44523719217444
119,0.35,True,539.802899673735,476.9976735901056,0.2906729176987196,0.1,0.01,anisotropic,0.0125,0.0021544346900318,4,100000,76.18475532531738,30.26027067604067,0.945981337279903,272.442761004585,27.63327464388509,0.9277931839293208,498.85562786797146,15.92271462177204
120,0.35,True,807.6327150088985,996.7193279466004,0.2884390572750403,0.1,0.01,anisotropic,0.0125,0.0046415888336127,5,100000,76.0194354057312,31.417592307255877,0.947824254444496,468.5033789616931,26.09999846733057,0.9088631335796764,1593.9405213844757,41.89741739982647
121,0.35,True,896.1952086235698,742.3287795050182,0.3052704820520979,0.1,0.01,anisotropic,0.0125,0.01,6,100000,76.68578934669495,28.91282417512729,0.9182889015087782,1001.6760376166048,27.91676109021921,0.935314863653227,1259.8927971693013,23.546155935428967
122,0.35,True,318.68547149689203,327.7705082939567,0.2263653396965884,0.1,0.01,anisotropic,0.0125,0.0021544346900318,4,100000,76.36527729034424,33.028345419856606,0.9333113445144628,46.33222808154117,28.96266896789614,0.914483916941396,118.15465346625466,10.949753686350729
123,0.35,True,110.94187260314908,105.7576344992832,0.2357401406570649,0.1,0.01,anisotropic,0.0125,0.01,6,100000,76.21372151374817,21.377355160547285,0.8698868079866735,89.51703582048937,21.97377983336958,0.9062501029218604,78.03029084398584,3.6817835068690967
124,0.35,True,228.7072273793997,230.49922307986856,0.3145093485406568,0.1,0.01,anisotropic,0.0125,0.0215443469003188,7,100000,76.39266753196716,24.338434035011375,0.9226059098808084,192.47336744387624,23.10883548428578,0.891983751957708,255.4644657168264,8.143456288941573
125,0.35,True,427.68068083763006,422.327486161045,0.2941551853660342,0.1,0.01,anisotropic,0.0125,0.0046415888336127,5,100000,76.47694659233093,25.003258586326183,0.9034689824109394,574.9688675382506,22.999248813088585,0.8598371365961649,912.1059886318616,16.341113292864947
126,0.35,True,818.1967511565706,740.5854096316464,0.3721188124198299,0.1,0.01,anisotropic,0.0125,0.01,6,100000,75.92647314071655,29.38627964103473,0.8863813247145956,724.9926585787957,28.76974295461124,0.9066240119267408,835.5785398674835,24.997272841310277
127,0.35,True,860.869852673087,964.292509502955,0.272585717337823,0.1,0.01,anisotropic,0.0125,0.0021544346900318,4,100000,76.60768437385559,26.100311164668103,0.9210581132225524,1798.2076712686155,23.50585173614837,0.8886006438678714,3268.028150975201,33.39689357584712
128,0.35,True,7.945178400659513,7.43952234482025,0.2690818803831233,0.1,0.01,anisotropic,0.0125,0.0004641588833612,2,100000,76.86875677108765,30.579141393928914,0.9223527106281024,0.0548331884214147,26.675487753178437,0.9099537842169104,0.1347128002719001,0.2623922837157456
129,0.35,True,511.2365552749882,596.3694451604209,0.2452614261975803,0.1,0.01,anisotropic,0.0125,0.0046415888336127,5,100000,76.42343997955322,27.945814016929727,0.8572038824952827,382.2861230382512,25.67987518533247,0.8684686410730272,644.1431853896227,20.344904128005243
130,0.35,True,417.9935921456302,461.5881765061457,0.2514550482588857,0.1,0.01,anisotropic,0.0125,0.0021544346900318,4,100000,76.70393443107605,30.175839575046325,0.9484174347613744,164.45703445913384,24.16654980680952,0.8656120703477717,656.1172130243704,16.26538711410525
131,0.35,True,222.8857026602595,219.7828125374548,0.3748412607141372,0.1,0.01,anisotropic,0.0125,0.2154434690031882,10,100000,76.12844729423523,21.53242304949618,0.8114387449938077,313.47256928907734,21.250807629219608,0.803454411514913,334.4730153895278,5.435969481550807
132,0.35,True,120.74550196634912,130.93129575955783,0.1798761260930585,0.1,0.01,anisotropic,0.0125,0.01,6,100000,77.06984114646912,25.34922803820648,0.9141408358361188,42.44607445059086,25.89220853666141,0.9390246142545644,37.45755980960284,4.222315289639573
133,0.35,True,338.2775562322244,372.0618062920139,0.2256835264915807,0.1,0.01,anisotropic,0.0125,0.0464158883361277,8,100000,76.1273627281189,23.038017561727987,0.8589295073349424,564.6826361662058,22.349886795591345,0.8525047530106086,661.6335361195598,12.612109109595275
134,0.35,True,942.9667942086066,1518.1135217345295,0.2183174638802999,0.1,0.01,anisotropic,0.0125,0.0021544346900318,4,100000,75.76081609725952,24.8261246809575,0.8782456255306028,2855.224962246028,23.66400806596949,0.8571804868072769,3731.229765960713,54.45438061281876
135,0.35,True,323.87972908873445,239.78618179535957,0.3678347158355112,0.1,0.01,anisotropic,0.0125,0.0004641588833612,2,100000,76.77705717086792,31.404468446177383,0.9024302185550775,67.33955756691455,25.70095112699473,0.8134363270832269,250.39288874745236,9.882667223163802
136,0.35,True,519.2718311216228,650.6984677760237,0.2020974452457281,0.1,0.01,anisotropic,0.0125,0.01,6,100000,76.45051884651184,28.761881714042037,0.8684372610669759,351.3939332624695,26.333389650101893,0.8886291676936875,614.6720500429027,21.80792981852261
137,0.35,True,703.3159399362827,818.825265121892,0.2378524573854825,0.1,0.01,anisotropic,0.0125,0.0215443469003188,7,100000,76.48882293701172,30.818786313474487,0.964123780622388,409.2400369798599,28.345762443621773,0.9621750192037194,723.2367771225905,25.642804712712827
138,0.35,True,364.2659727769147,376.2068445736273,0.2998129001499206,0.1,0.01,anisotropic,0.0125,0.0215443469003188,7,100000,76.3808524608612,32.97977871824189,0.9623542407867972,66.78916259620448,30.476739862514712,0.9697230352155708,118.85292762402362,11.962559566685316
139,0.35,True,971.8103006382396,1001.0169682392888,0.3665733648596048,0.1,0.01,anisotropic,0.0125,0.01,6,100000,76.89624524116516,30.83186792449032,0.9410258347002896,779.6050149217506,29.1262306175408,0.9548046508563638,1154.6180827654105,40.483322929252914
140,0.35,True,962.4848476471692,1186.4354292361531,0.2583928601503455,0.1,0.01,anisotropic,0.0125,0.0046415888336127,5,100000,78.0678882598877,31.522568630833447,0.9263505087509932,590.5089045475966,23.482973703954823,0.8122322816286766,3759.983538936794,44.65478735984684
141,0.35,True,252.5305135295388,224.32854999797183,0.3367090416441867,0.1,0.01,anisotropic,0.0125,0.0215443469003188,7,100000,76.75244116783142,34.84667958814047,0.9601610102395216,20.804602376697503,34.06905004285119,0.9763059572742792,24.884125006935907,6.072683839503763
142,0.35,True,497.7512573864931,449.274177889821,0.2666346472683453,0.1,0.01,anisotropic,0.0125,0.01,6,100000,76.54893493652344,23.797719859141743,0.9032535748997174,1030.9207795029354,25.097387210741715,0.9400104824355416,764.2906705127564,15.435584001697515
143,0.35,True,301.5774315069529,278.2680841463996,0.1825639752024419,0.1,0.01,anisotropic,0.0125,0.0046415888336127,5,100000,76.46751689910889,23.731925076614345,0.8933770767996447,384.30425450345297,23.16892432021719,0.8904898405397497,437.4971901221001,9.403697755384412
144,0.35,True,285.55565388309014,255.04695823947225,0.4033751648982985,0.1,0.01,anisotropic,0.0125,0.0215443469003188,7,100000,76.16308093070984,33.96265290771031,0.9831675128273254,32.70466816078731,31.83419008647649,0.9753110085007513,53.38952155990626,8.128771511254342
145,0.35,True,37.85006040717826,33.743500830540086,0.3274470057408247,0.1,0.01,anisotropic,0.0125,0.0215443469003188,7,100000,76.6961772441864,20.076066596583576,0.830396716449857,14.034908731169214,20.089175732686687,0.8459767280682283,13.992608371313256,1.0206381034730887
146,0.35,True,609.9547696459169,534.200993911286,0.300866162684187,0.1,0.01,anisotropic,0.0125,0.0464158883361277,8,100000,76.79111766815186,22.4090483314451,0.8882521472248611,2131.665915889903,22.158478101468493,0.8848604058215892,2258.271554517108,14.898978251180276
147,0.35,True,503.17634420563263,507.3885676772812,0.1758491319752322,0.1,0.01,anisotropic,0.0125,0.01,6,100000,76.42961144447327,23.95464518661395,0.9349241252251772,1015.9412225603004,23.5111819804888,0.9165798957765876,1125.1616029913991,17.645649138085858
148,0.35,True,52.42727249873936,23.87323857575105,0.6846168282827477,0.1,0.01,anisotropic,0.0125,0.0021544346900318,4,100000,76.56898236274719,25.618608140205826,0.8336485189405762,6.431302938931749,25.565509509200687,0.8523722025967269,6.510417353085981,0.9517049592231872
149,0.35,True,279.36781777237485,146.57988366094318,0.4204023782989212,0.1,0.01,anisotropic,0.0125,0.0046415888336127,5,100000,76.87732315063477,27.70925169856837,0.8776401051938922,119.33001839435286,28.008515904341493,0.9162530216052304,111.38412230120342,5.028381111978836
150,0.35,True,908.3576200806872,1034.5081700301391,0.208480613724857,0.1,0.01,anisotropic,0.0125,0.0464158883361277,8,100000,81.00194191932678,29.086995255277905,0.9602326666806316,1016.5683048998534,27.253517458026977,0.9345133368659254,1550.5448920624867,29.164008163844763
151,0.35,True,240.32232877630543,163.61348246967074,0.5272224784151999,0.1,0.01,anisotropic,0.0125,0.01,6,100000,79.84441566467285,27.120428432656965,0.8986460728798381,100.64817194950454,26.656358879444863,0.914503956384869,111.99866515954048,5.026224767636278
152,0.35,True,145.74997721913186,194.70920575700003,0.2370924511011926,0.1,0.01,anisotropic,0.0125,0.0215443469003188,7,100000,79.67868113517761,32.95448388894045,0.9523186794337838,10.752861169032045,29.087683551521152,0.9567989588853044,26.19413565815604,7.261800646468461
153,0.35,True,489.96330751728544,560.3610215428956,0.2528294577320155,0.1,0.01,anisotropic,0.0125,0.0215443469003188,7,100000,80.46764063835144,27.699219860723257,0.939972091261454,407.45523352942985,25.890122977771032,0.9428876325630438,618.0015847183299,18.200657336466588
154,0.35,True,985.66480365649,918.5330203163236,0.2483263279046675,0.1,0.01,anisotropic,0.0125,0.0046415888336127,5,100000,79.52929162979126,36.83697567147374,0.9747342408387628,201.00603379019185,30.629728159244543,0.9450537467473116,839.3321243142741,27.119347419994213
155,0.35,True,242.8132162399889,355.61679752224615,0.1504139855418176,0.1,0.01,anisotropic,0.0125,0.0215443469003188,7,100000,79.21910095214844,20.37019939305766,0.87456950744972,540.1793722689422,20.593831699424584,0.8711609340679735,513.0678069748309,10.432836972633783
156,0.35,True,672.4634118584727,562.5972833140506,0.3474678898814964,0.1,0.01,anisotropic,0.0125,0.0215443469003188,7,100000,79.15627908706665,33.65967599389955,0.9768866338761246,194.19863401363787,30.977844163940183,0.9724911855177174,360.10516769549946,17.597024758726334
157,0.35,True,761.8579957133888,575.7270962038276,0.3212840679011157,0.1,0.01,anisotropic,0.0125,0.0021544346900318,4,100000,80.28538131713867,19.7133776829956,0.7932855612364322,6178.6239906601295,19.86204349866108,0.8234653769088823,5970.6990977323285,21.466794193146477
158,0.35,True,238.39990644840728,153.82022371845596,0.404852900974712,0.1,0.01,anisotropic,0.0125,0.001,3,100000,80.04770731925964,25.674401341660783,0.9026331893579554,143.61129801817344,24.21096089254576,0.8674052266943659,201.1558431688992,5.567016373326998
159,0.35,True,728.4881322632477,478.52513673534895,0.5213998342239088,0.1,0.01,anisotropic,0.0125,0.0021544346900318,4,100000,80.75976514816284,25.47000633719424,0.8898527719650643,1496.5543528069647,25.721216994457706,0.9410006932434474,1412.4446199300198,16.06687949027821
160,0.35,True,368.415349586534,401.7761813023038,0.2529994630575355,0.1,0.01,anisotropic,0.0125,0.01,6,100000,80.85829377174377,33.001655081861,0.9578329844206134,67.98205022854414,31.677996528315905,0.9641343910247888,92.20619769881272,12.827843480425711
161,0.35,True,632.673524762986,827.4073432482124,0.1826004422513691,0.1,0.01,anisotropic,0.0125,0.0046415888336127,5,100000,79.5613157749176,27.674545321414072,0.8859441202533651,681.9505202921441,22.466067667664248,0.8254733617954316,2262.5627377727046,35.66592722781441
162,0.35,True,633.8961810501338,808.9768960701842,0.2183218273678939,0.1,0.01,anisotropic,0.0125,0.0215443469003188,7,100000,79.40359282493591,34.00571018851459,0.9663466199340168,159.4341683328878,27.097797624250312,0.914925678399384,782.2987874574408,26.99479452169853
163,0.35,True,536.2389093906837,445.5457834707162,0.3760575110034538,0.1,0.01,anisotropic,0.0125,0.0021544346900318,4,100000,80.77184629440308,26.356172190584992,0.9391347711629728,661.3037251509309,24.24694871303696,0.9056517677595536,1074.7892571219752,16.963788160264823
164,0.35,True,91.1994802843539,68.89586508250474,0.2834166487839757,0.1,0.01,anisotropic,0.0125,0.0021544346900318,4,100000,79.77953290939331,29.054233451731037,0.923562268040938,10.2996506250436,29.235019552892552,0.9451308494312816,9.87970286195008,2.4748400062063616
165,0.35,True,835.4671930936487,482.6136006551637,0.4523439228280966,0.1,0.01,anisotropic,0.0125,0.1,9,100000,79.82311820983887,24.844451796066345,0.9062091450809469,2165.2297178037816,24.81029322362726,0.909926933608123,2182.3270530794007,11.4285792866164
166,0.35,True,321.4592849067641,279.74308139807096,0.2776285862916732,0.1,0.01,anisotropic,0.0125,0.01,6,100000,80.89337301254272,32.28091897804622,0.9435674213663126,61.10006345393092,32.114542893211755,0.9649315193718894,63.48619076491518,10.201219825669924
167,0.35,True,187.3319918894544,187.6156679452988,0.3501476535196151,0.1,0.01,anisotropic,0.0125,0.0046415888336127,5,100000,79.81344223022461,29.795998015656817,0.9646794489623932,36.64400901630443,30.013013465735074,0.9698547277614068,34.857917389245266,5.493365654813792
168,0.35,True,41.73436641320915,38.023895785751385,0.2788769142293196,0.1,0.01,anisotropic,0.0125,0.0215443469003188,7,100000,80.04221749305725,28.15668811531316,0.9477577281620322,2.6607952574994327,28.781441264826448,0.9698567058305324,2.304284735257585,1.4153721727279602
169,0.35,True,591.3020502450536,738.158124456325,0.1836804835457984,0.1,0.01,anisotropic,0.0125,0.0215443469003188,7,100000,81.55872011184692,30.96684998496228,0.955710766361194,279.5789287793726,28.71863638653716,0.9572272891751464,469.165205643906,23.65367112238336
170,0.35,True,677.8867974804401,512.3673663002916,0.4110776964392497,0.1,0.01,anisotropic,0.0125,0.01,6,100000,79.3586072921753,38.911785926597645,0.9843207763833988,58.92713388454244,34.47814357813156,0.9806423064221912,163.56092316196884,18.30231317266628
171,0.35,True,17.571241098928297,41.56229338787968,0.1150135048619723,0.1,0.01,anisotropic,0.0125,0.0021544346900318,4,100000,80.0205647945404,25.991583716886566,0.8682439481664018,0.7551553347647487,22.03463932672449,0.8014449180611172,1.8781519859075015,1.3511403717233494
172,0.35,True,512.5809652409816,633.9829631493623,0.2821922548786477,0.1,0.01,anisotropic,0.0125,0.1,9,100000,78.90786361694336,25.91509102544149,0.9148420812821126,671.2965573147093,25.49409669729126,0.921446140933635,739.628866749208,16.151654297372115
173,0.35,True,227.26927942274003,206.3796105512008,0.3658765904666586,0.1,0.01,anisotropic,0.0125,0.0046415888336127,5,100000,80.82779550552368,33.62839425037864,0.9757139891662968,22.29191237574604,29.41580402632357,0.9554527333318146,58.80392969569284,6.472316757255547
174,0.35,True,645.5276176190404,641.8756249262209,0.3521049532238239,0.1,0.01,anisotropic,0.0125,0.0021544346900318,4,100000,80.8821473121643,28.19338958385018,0.9507892604588914,628.2859728768497,25.76413855005104,0.9171692511767304,1099.2145468320266,24.62154130337508
175,0.35,True,175.19206257598643,66.17010398813052,0.8519428206298588,0.1,0.01,anisotropic,0.0125,0.01,6,100000,83.0828971862793,27.981179963493524,0.8682388351812431,36.81466533810551,28.34507685055202,0.9097192205445134,33.85565092689923,2.707097763025435
176,0.35,True,691.2468003643635,672.5196140337036,0.2295229144845038,0.1,0.01,anisotropic,0.0125,0.01,6,100000,80.01539301872253,25.30309339964198,0.9269294479892536,1408.2356501647794,25.617183928993796,0.9450522980626068,1309.9848756382537,21.45801083077939
177,0.35,True,387.3486109542369,339.08145699156245,0.3350907469916377,0.1,0.01,anisotropic,0.0125,0.01,6,100000,81.08584856987,34.012794254027774,0.9791405502757752,59.51298940465366,31.12081799689725,0.9637328150224722,115.82688896373702,11.38658153445262
178,0.35,True,936.7932587479978,971.7077107618718,0.1520492030251751,0.1,0.01,anisotropic,0.0125,0.0021544346900318,4,100000,80.04019546508789,29.98866368577972,0.9112989638927248,827.4262752395996,28.482116926546546,0.9292604613113168,1170.533867685507,29.36515853665736
179,0.35,True,138.38342320184725,112.91095216440048,0.293279294491627,0.1,0.01,anisotropic,0.0125,0.1,9,100000,79.68108606338501,20.51493477725852,0.8600907755262637,169.3185682276422,20.61710172760013,0.8647824789203198,165.38186774995614,2.915663489954305
180,0.35,True,341.72528469920826,219.0656300024536,0.4764679802464612,0.1,0.01,anisotropic,0.0125,0.0004641588833612,2,100000,81.21700024604797,32.39880683837467,0.9189866713875324,66.01123901658008,31.19814797312071,0.9257881972542678,87.03296336521656,9.40790260040616
181,0.35,True,114.36004771934849,118.22602402932196,0.2504383639382503,0.1,0.01,anisotropic,0.0125,0.001,3,100000,79.64663219451904,30.351956957913597,0.9330417649290276,12.00091921294936,25.69152063942216,0.90387236492283,35.09604223631119,4.632970277349466
182,0.35,True,924.7689246602844,1105.3331578975124,0.2183589143437358,0.1,0.01,anisotropic,0.0125,0.0215443469003188,7,100000,79.66069531440735,30.85840560969109,0.96178608013759,701.3412206075302,27.6808405752612,0.9556849869417114,1457.7594596140696,35.941149221998536
183,0.35,True,877.4620140276,1005.3152267083002,0.3717396668648665,0.1,0.01,anisotropic,0.0125,0.0021544346900318,4,100000,80.54568028450012,33.59311221967643,0.97360453398783,336.1756373818424,30.49940596578378,0.96094662213813,685.3885775487823,35.656989860232976
184,0.35,True,258.68368608744044,173.46507116403333,0.563427281624963,0.1,0.01,anisotropic,0.0125,0.0021544346900318,4,100000,80.6156816482544,27.15985709540477,0.9371417394890458,127.67012065452325,25.223547683417763,0.9192643306176932,199.39773006336617,6.722860573880594
185,0.35,True,660.3240619881449,1687.1483654435876,0.1000396015008613,0.1,0.01,anisotropic,0.0125,0.0021544346900318,4,100000,80.35980987548828,19.698726022381955,0.7449069298532116,4661.624837389333,16.970820158248316,0.6895808483425855,8736.307370184082,65.3204596225082
186,0.35,True,817.4049780010146,721.7325445359784,0.2944274204946303,0.1,0.01,anisotropic,0.0125,0.0215443469003188,7,100000,80.49730801582336,32.47747227814294,0.9591803452507458,377.4881788189321,30.988978743690726,0.9712463757499114,531.8053591605035,24.26234310690357
187,0.35,True,555.6456107878629,724.1221240133078,0.1662783530652618,0.1,0.01,anisotropic,0.0125,0.1,9,100000,80.24326610565186,20.176039330727843,0.7814652903042144,2951.139765884976,20.50830865143629,0.8190626926727209,2733.775493893838,20.66330058663579
188,0.35,True,530.1209277776504,489.7760815477831,0.2848073002969447,0.1,0.01,anisotropic,0.0125,0.0215443469003188,7,100000,80.19419550895691,36.940341085987086,0.9802925799677789,56.73552258921863,36.00829936907403,0.984874564572048,70.31682148267527,12.847957693042696
189,0.35,True,242.61043860955124,324.6259357915099,0.2323743513687206,0.1,0.01,anisotropic,0.0125,0.0046415888336127,5,100000,79.74259662628174,29.46085743599881,0.9190920721468402,65.86037720752064,23.82098453213409,0.8795861511443375,241.3301062722986,12.08722304140971
190,0.35,True,94.00966503809332,119.72936088167904,0.2462970732967973,0.1,0.01,anisotropic,0.0125,0.01,6,100000,80.01676964759827,32.67872410577286,0.9532849995578708,4.759665172402463,26.835967869305936,0.9066570638451866,18.274774477105503,3.969443859782503
191,0.35,True,897.3185421953734,951.1043102549344,0.2728283815358778,0.1,0.01,anisotropic,0.0125,0.0215443469003188,7,100000,79.91616582870483,31.768324043800675,0.9706476974379664,535.5861868846363,29.270533062196865,0.9661877173449386,951.937566721722,30.05568040746631
192,0.35,True,900.5176391061672,1023.2859049210068,0.2644252009637002,0.1,0.01,anisotropic,0.0125,0.0215443469003188,7,100000,80.07639837265015,32.85122206770231,0.966486195605866,419.22062574792807,28.23886448944212,0.9377826874322456,1212.4906540299355,34.876892161902965
193,0.35,True,633.4683558159946,989.2987421924464,0.143539028514356,0.1,0.01,anisotropic,0.0125,0.0046415888336127,5,100000,80.15413236618042,28.27029116496657,0.8444442231244478,584.1166945812822,22.50143185235362,0.8226944239672371,2204.8830061451285,36.85484903165748
194,0.35,True,339.690761257652,409.83495228218425,0.2303846128676802,0.1,0.01,anisotropic,0.0125,0.0215443469003188,7,100000,79.77743005752563,22.27622851253697,0.8865976495076183,682.0652683634381,22.78602279104781,0.9105361569257084,606.5219288125004,13.9735465876621
195,0.35,True,349.8603650380482,342.97046563928785,0.3003387851421999,0.1,0.01,anisotropic,0.0125,0.01,6,100000,79.996586561203,27.770204592592727,0.9174534101898534,203.82781060488065,25.752236962059072,0.9180736799432908,324.3845809654551,12.39439869019175
196,0.35,True,726.2297231913691,711.100523873836,0.3428557591758719,0.1,0.01,anisotropic,0.0125,0.0215443469003188,7,100000,79.95136380195618,23.71009847503295,0.860984546737218,2199.218320015814,23.08367158856312,0.8628342594178829,2540.452231822082,22.45017967269191
197,0.35,True,897.2131496926245,996.6601807444796,0.2388005635387173,0.1,0.01,anisotropic,0.0125,0.0046415888336127,5,100000,80.11526775360107,27.40974163793816,0.8780776755312817,1456.3700504938197,24.188989452435848,0.8764416501742576,3057.3626648280624,47.8064192126105
198,0.35,True,887.1993378408522,820.0818379275288,0.433821514181,0.1,0.01,anisotropic,0.0125,0.0215443469003188,7,100000,80.29931044578552,20.409308181000508,0.8492980640981085,7143.215997000739,21.020189832292445,0.8741240416969924,6205.912063340342,25.29894937276609
199,0.35,True,780.0956703117662,819.4501454130319,0.3178761036134239,0.1,0.01,anisotropic,0.0125,0.0464158883361277,8,100000,79.64974784851074,25.91238851932012,0.88835497921761,1482.4119479314177,25.69503806762861,0.9083858505462448,1558.4897553740518,21.52758038220282
200,0.35,True,642.3896145081335,626.11011407662,0.2615162086831121,0.1,0.01,anisotropic,0.0125,0.001,3,100000,76.8400673866272,25.71524204823088,0.8935241579719869,1087.6747747760578,25.482658892977685,0.913742398258486,1147.5123599838942,23.89991706635118
201,0.35,True,85.05582503005378,45.78594098038602,0.3223678106153159,0.1,0.01,anisotropic,0.0125,0.0046415888336127,5,100000,77.13991236686707,24.457521127176427,0.8737557718312117,25.339595434597623,23.805452795756366,0.870467083297445,29.444657699084285,1.820553504497864
202,0.35,True,162.46708538051917,141.94547154523008,0.2344817160427965,0.1,0.01,anisotropic,0.0125,0.0046415888336127,5,100000,76.68202877044678,32.30139706928782,0.9474157479474774,15.474896030249711,28.64200194893053,0.9479446094303896,35.93910452944903,4.816190771625134
203,0.35,True,898.6556343385522,1098.0999736799902,0.2688291471246238,0.1,0.01,anisotropic,0.0125,0.1,9,100000,76.37426710128784,25.160817417120693,0.8682946775627987,2410.7376879443195,25.17242860799744,0.9158142754687466,2404.301007029275,31.108235529071557
204,0.35,True,606.8226305999303,474.1374245683878,0.4245716746788889,0.1,0.01,anisotropic,0.0125,0.01,6,100000,76.31676602363586,34.38900715762174,0.9616842896911753,133.84775164695873,34.04388661698647,0.9787853989728916,144.9182678477349,14.389988469969012
205,0.35,True,10.187854565013016,9.655664782533409,0.3454114516151177,0.1,0.01,anisotropic,0.0125,0.0215443469003188,7,100000,76.43066310882568,22.38235080019201,0.871800908767496,0.5980984856005476,21.95377254786344,0.8704555447160156,0.660131608215964,0.3253896715847666
206,0.35,True,102.37007132316609,102.923067786567,0.3817535576884864,0.1,0.01,anisotropic,0.0125,0.01,6,100000,76.49421429634094,31.648925334726247,0.9784289387040732,7.157757066727692,28.37065280667793,0.942893884257509,15.226644462636637,3.583399740098001
207,0.35,True,663.8382673389477,652.1307614485006,0.1271435111910527,0.1,0.01,anisotropic,0.0125,0.0464158883361277,8,100000,76.1091697216034,28.62300906771896,0.9525203653539742,604.8891998874034,28.11597617326713,0.9651707416563796,679.7968061417654,20.55541256739709
208,0.35,True,6.056522262372468,7.880460513279448,0.2255501110301664,0.1,0.01,anisotropic,0.0125,0.0046415888336127,5,100000,75.34876585006714,19.41331538486757,0.7622507958724702,0.4194130376064214,18.562029541125057,0.754670249108364,0.5102353111301594,0.3627179990173077
209,0.35,True,161.64724336608114,153.1110955261576,0.2826154504452105,0.1,0.01,anisotropic,0.0125,0.01,6,100000,76.31278038024902,32.05621033325477,0.954117254148228,16.25622836555606,31.24738803160861,0.962446409045015,19.58402801514052,5.27214399450014
210,0.35,True,549.1850555772195,731.9001823232779,0.1851018022799601,0.1,0.01,anisotropic,0.0125,0.01,6,100000,76.48097276687622,21.640915847425592,0.7991931495964945,2046.982807508275,21.79192746022093,0.8315821020483228,1977.028972621188,27.443002536254703
211,0.35,True,692.2033024950006,740.4708381478645,0.3782293856450778,0.1,0.01,anisotropic,0.0125,0.0004641588833612,2,100000,77.43889999389648,34.870339582881535,0.9589146237960364,153.74598198677046,24.877350489669404,0.8212262782477894,1534.979868534408,26.987300735860345
212,0.35,True,652.3092982430979,853.0223788307787,0.1415547526277387,0.1,0.01,anisotropic,0.0125,0.01,6,100000,76.46570777893066,22.85971727592838,0.8819345671105911,2200.777915997415,21.21491411198261,0.8588998818396362,3214.078915434384,28.224512484281465
213,0.35,True,225.0450401510992,279.79274415173694,0.2356886478232816,0.1,0.01,anisotropic,0.0125,0.01,6,100000,75.97593355178833,28.00560787975084,0.8979787093092704,71.383089747392,27.12555739188865,0.9044835722890202,87.4179043081962,7.431231202322237
214,0.35,True,712.4670421261883,708.2812020137476,0.289176014518858,0.1,0.01,anisotropic,0.0125,0.0215443469003188,7,100000,76.46822905540466,29.60993251640065,0.9740607039065832,554.5008173145203,28.908615080934275,0.9665227728953756,651.6793118862876,23.618371600360238
215,0.35,True,238.01183840930327,185.70461257604876,0.3602253089382226,0.1,0.01,anisotropic,0.0125,0.0002154434690031,1,100000,76.94318675994873,31.054925622330146,0.8991418214242513,41.24365045418445,29.15418301443307,0.9239941983775696,63.88977494091281,7.325949550211
216,0.35,True,326.07429846110847,296.7208952502298,0.3317881745164722,0.1,0.01,anisotropic,0.0125,0.0046415888336127,5,100000,78.3292977809906,30.532738106873303,0.9156009234475664,81.21464881092103,29.075167982427065,0.933347272394661,113.60341404250129,10.141183649213833
217,0.35,True,746.7449137129062,611.4074129612129,0.3754985568576213,0.1,0.01,anisotropic,0.0125,0.0046415888336127,5,100000,76.77099895477295,32.6846409585108,0.9506059393395476,299.05341615170977,31.058605706597085,0.96000217291013,434.8628351827856,18.811429806724774
218,0.35,True,649.9832661481674,809.2283454323691,0.2314425982135146,0.1,0.01,anisotropic,0.0125,0.01,6,100000,76.30937361717224,26.75606937124445,0.9017848088950844,889.6179594904904,20.657471639264887,0.6982759699743674,3622.9581301583703,32.76972576902733
219,0.35,True,849.3741870836838,997.6318553282318,0.1506884506474772,0.1,0.01,anisotropic,0.0125,0.0464158883361277,8,100000,75.76281881332397,29.898744906764385,0.9459365912241116,737.8444598065038,27.58864042002696,0.9551801965901516,1255.9584418226402,38.19712133510412
220,0.35,True,657.955279408043,738.3374545249759,0.2041133259952699,0.1,0.01,anisotropic,0.0125,0.001,3,100000,76.22097492218018,24.19505879896721,0.8801264880908931,1633.3438612962193,24.24729100343832,0.8965296262672318,1613.8174390559511,28.977372862565527
221,0.35,True,568.7402947321361,633.063567070115,0.2177166742398201,0.1,0.01,anisotropic,0.0125,0.0215443469003188,7,100000,76.18980503082275,28.62516535412201,0.9394794442083928,443.2562887429272,25.74651161728159,0.911194042581247,860.0432260979507,21.438232722835345
222,0.35,True,94.58109306026438,46.05974911618947,0.5748273202331794,0.1,0.01,anisotropic,0.0125,0.01,6,100000,77.10372042655945,29.604273853476567,0.921233716537738,9.472335337114536,28.750215503872862,0.9082493663782008,11.530891864515755,1.4666583897285344
223,0.35,True,368.3480872563741,356.8481585729734,0.2832771027640947,0.1,0.01,anisotropic,0.0125,0.0464158883361277,8,100000,76.02819967269897,34.49924220360127,0.9691242165517402,48.10933634243627,32.47003930448063,0.9786142310482364,76.76259641311562,10.96334408223689
224,0.35,True,265.93716531404374,315.0771790774966,0.2143304878472815,0.1,0.01,anisotropic,0.0125,0.001,3,100000,77.32388520240784,26.337158138225444,0.8789422172134925,156.28020994451705,22.813481659234427,0.8196849640867909,351.7803963418194,12.724617246508856
225,0.35,True,244.74565373570448,233.60736225540035,0.1712425803554588,0.1,0.01,anisotropic,0.0125,0.0215443469003188,7,100000,76.59193682670593,36.95214930231065,0.9778918815424124,12.079351572598974,34.16413504573199,0.9801669687541564,22.953295476064685,6.19029061923581
226,0.35,True,973.0375441976933,1160.0011015744778,0.2653141503227698,0.1,0.01,anisotropic,0.0125,0.01,6,100000,76.4512710571289,26.418573282484346,0.9533422069302696,2158.832067715601,24.530008215406056,0.9238025947156722,3334.842804350762,36.19092711806769
227,0.35,True,393.7046269420936,370.3044069550899,0.2602543435454025,0.1,0.01,anisotropic,0.0125,0.0046415888336127,5,100000,76.85478734970093,34.03571441377998,0.9535664105587736,61.10231646156244,30.99865210749246,0.955602884313735,122.96001452791953,13.650340829414388
228,0.35,True,892.1545086219362,726.7520503686352,0.404252205566481,0.1,0.01,anisotropic,0.0125,0.01,6,100000,76.19138503074646,24.87270948005119,0.8964932974974681,2585.410351255471,24.9014097452366,0.9250981581993362,2568.3810488183617,29.773010430268016
229,0.35,True,631.5074873712656,556.2606889438299,0.3152520543504007,0.1,0.01,anisotropic,0.0125,0.01,6,100000,76.52124238014221,26.6123077386575,0.8459973911543014,561.9740061933051,24.802455488215752,0.8316391555595728,852.5138690773979,18.989982185003477
230,0.35,True,795.0164922381068,790.8332608176718,0.2249695121976996,0.1,0.01,anisotropic,0.0125,0.01,6,100000,76.80581259727478,24.961253830724587,0.8382966281323199,1825.468698536256,23.972901098697665,0.8455926647796232,2291.9738783700186,26.787768494241757
231,0.35,True,503.1344560120869,443.5378305638474,0.4112668243989503,0.1,0.01,anisotropic,0.0125,0.0215443469003188,7,100000,76.02733635902405,34.60382096100605,0.9737432424984864,87.48919162235644,32.776596551775484,0.9814865159534724,133.252953785068,13.834320827111329
232,0.35,True,577.3269807417328,594.6841621895671,0.3143822472025922,0.1,0.01,anisotropic,0.0125,0.01,6,100000,76.15853810310364,35.827691487418754,0.9609471582689998,86.92641758800576,34.90515784472518,0.9786609342320952,107.49917867219727,18.13200168180676
233,0.35,True,493.02517612504505,527.8430232932989,0.2147779847143597,0.1,0.01,anisotropic,0.0125,0.1,9,100000,75.81840753555298,24.42914999641225,0.9246034848133712,875.5977208526948,24.760290641417825,0.9337335709378892,811.3169660846023,14.477075784500794
234,0.35,True,196.04774481024648,160.95898760245584,0.3323045727840061,0.1,0.01,anisotropic,0.0125,0.0002154434690031,1,100000,76.01838660240173,22.522950808805465,0.8792077919905315,206.42571699009807,23.102460644714423,0.9016265423240372,180.63953978837472,6.908120627472552
235,0.35,True,722.7296631462439,624.7838010447323,0.3176637502529292,0.1,0.01,anisotropic,0.0125,0.0464158883361277,8,100000,75.52891993522644,20.70478282110104,0.7631011270559199,4425.534491617066,21.468072783210943,0.8730205749474711,3712.245877915523,20.221113277005166
236,0.35,True,281.49159007841496,246.07846451021427,0.2645880959597836,0.1,0.01,anisotropic,0.0125,0.0046415888336127,5,100000,76.77189564704895,33.897434939728925,0.955088611821057,32.258041813730266,29.544770290017578,0.9402335171250094,87.88291739451998,7.568839343668865
237,0.35,True,25.291650465022386,21.162690019010856,0.4265033093488921,0.1,0.01,anisotropic,0.0125,0.0004641588833612,2,100000,76.75017356872559,28.89878576435676,0.9111950109213168,0.8155077526064876,27.84081969068428,0.9247552787489604,1.040458353534621,0.7818455880554555
238,0.35,True,645.8268236112607,1602.0286603893694,0.1359099125194854,0.1,0.01,anisotropic,0.0125,0.0004641588833612,2,100000,76.7576973438263,24.436192271373525,0.7943758437989815,1483.2669418908977,18.22182147741088,0.6611886295687067,6203.780122782277,60.63560535768261
239,0.35,True,177.9335687276419,146.8899082525281,0.2915362552721044,0.1,0.01,anisotropic,0.0125,0.0215443469003188,7,100000,76.63977861404419,32.826867529212194,0.9701682658467128,16.500502336639645,30.787090725646472,0.974106840137537,26.39215458510562,4.924668165323532
240,0.35,True,940.5181257685614,999.8278274188768,0.2832201493920893,0.1,0.01,anisotropic,0.0125,0.01,6,100000,76.42360615730286,31.828406334266266,0.931602756648858,578.7639834596729,29.81467312346478,0.9455083130384652,920.1842979501585,34.02643724729169
241,0.35,True,953.9746484255847,921.0402810268182,0.31127237568661,0.1,0.01,anisotropic,0.0125,0.0215443469003188,7,100000,75.6141848564148,26.837891230510607,0.955587599418973,1882.0493754838728,25.580347731835538,0.94596375874801,2514.1162944973926,26.76536720478315
242,0.35,True,914.949525830228,1924.035769287981,0.149160490701802,0.1,0.01,anisotropic,0.0125,0.001,3,100000,77.71322512626648,23.734914244473867,0.8878330625717615,3536.042825059003,19.757397198192585,0.7950490789119649,8836.274946076284,64.42496844745018
243,0.35,True,370.78854155518894,389.42720233351616,0.245032193233505,0.1,0.01,anisotropic,0.0125,0.0021544346900318,4,100000,76.99422717094421,32.97823139488075,0.9566281062728492,65.54470419184968,27.67990493793759,0.9072070248109874,222.00883277210528,12.512443973516174
244,0.35,True,16.441159912338563,15.83092914579549,0.3508917536487476,0.1,0.01,anisotropic,0.0125,0.01,6,100000,76.10293340682983,33.9791369162148,0.9464516442750064,0.1079903690621853,31.713367369877208,0.9628648434066094,0.1819541561303057,0.5144828594743724
245,0.35,True,928.3902440251376,400.9573310664291,0.65413207016302,0.1,0.01,anisotropic,0.0125,0.0215443469003188,7,100000,76.66781711578369,33.87842231791151,0.9354622737882576,307.9555777729875,34.57882229333984,0.9586884549730064,262.08856744134533,13.340611560837855
246,0.35,True,428.755964168997,422.9539719642205,0.3069121067718125,0.1,0.01,anisotropic,0.0125,0.0002154434690031,1,100000,76.47756838798523,26.1314261871334,0.9002022526452645,441.0911467337096,24.801676846031405,0.8987734343118148,599.1054566043189,17.106195152993813
247,0.35,True,966.688164224626,832.945439978578,0.3084736747806288,0.1,0.01,anisotropic,0.0125,0.0046415888336127,5,100000,77.04386329650879,31.201159274657165,0.9702819316786538,707.6763905591608,28.53080622309422,0.9344172218548656,1308.790132770172,33.3586983092024
248,0.35,True,963.6563571121636,1271.9598752235383,0.1899011009416053,0.1,0.01,anisotropic,0.0125,0.0464158883361277,8,100000,76.78178715705872,25.884863451931245,0.8857148292996577,2044.204279260988,23.08924928270004,0.7999675486694977,3891.219324181218,43.05310292584283
249,0.35,True,853.1564460118927,658.6429741843542,0.2690370645800756,0.1,0.01,anisotropic,0.0125,0.0215443469003188,7,100000,76.60622978210449,35.15422390285648,0.970393495116562,221.54770301951055,32.426346262572174,0.978438332635233,415.1977732752483,19.596914996778736
250,0.35,True,295.1544431775161,269.0239032591305,0.290046601377062,0.1,0.01,anisotropic,0.0125,0.0215443469003188,7,100000,78.17733764648438,37.90110764683987,0.9697963652135508,14.106590021375547,37.81115558489213,0.983832610979642,14.40181576309891,8.099206273705596
251,0.35,True,385.71263087332335,270.9014478826477,0.4025817612419831,0.1,0.01,anisotropic,0.0125,0.001,3,100000,80.34211707115173,31.916846779501185,0.9026710190451848,82.77588327721031,28.825178269248944,0.9091746823017762,168.68275081161403,10.942299237150964
252,0.35,True,851.2855348453401,570.8993757708683,0.362010641175926,0.1,0.01,anisotropic,0.0125,0.0021544346900318,4,100000,78.42870211601257,21.921861795152893,0.7831313603678067,4603.072033825096,21.525218393496736,0.7667041186556125,5043.26874524154,27.997471962890643
253,0.35,True,317.6050831511214,284.55071252915025,0.2468203368768239,0.1,0.01,anisotropic,0.0125,0.0004641588833612,2,100000,78.76178860664368,32.16458781682752,0.914960451892515,60.10233025441335,30.121435070481656,0.8960901652758454,96.20698069018782,8.833414197970274
254,0.35,True,170.32325393940638,211.85939598166084,0.1750285158730531,0.1,0.01,anisotropic,0.0125,0.0021544346900318,4,100000,78.58436465263367,28.303134933674755,0.9579122346931233,42.61007556162773,25.485478294139117,0.9134766037206986,81.52258988781874,6.556808414159954
255,0.35,True,557.2444611958919,240.1372057098208,0.6229556534919591,0.1,0.01,anisotropic,0.0125,0.0215443469003188,7,100000,78.42016935348511,26.04950493866792,0.8691426775196827,595.6061279814046,26.83142837892873,0.9068091448583496,497.4699057277048,8.807793965430928
256,0.35,True,936.2186193866202,1241.1630176902024,0.3320418798343149,0.1,0.01,anisotropic,0.0125,0.0046415888336127,5,100000,79.54649066925049,31.869584278153816,0.944330673410333,465.5356475961788,26.047926145262043,0.8410966779273337,1778.7657364314805,33.9979590823552
257,0.35,True,696.333766878298,664.2815409074894,0.3799142543141149,0.1,0.01,anisotropic,0.0125,0.01,6,100000,79.9123170375824,33.60944858718515,0.9620934929007896,211.05037994482296,32.320537843580325,0.974425217980747,283.9731066914851,20.901776134561374
258,0.35,True,570.4911089192756,515.1562573958265,0.358470099931824,0.1,0.01,anisotropic,0.0125,0.001,3,100000,79.03070735931396,29.516542926557783,0.8882398292633462,344.94785748638446,26.859920591635078,0.9151045163851312,635.9393305029862,22.167033414226072
259,0.35,True,98.07931727699776,147.14860734748032,0.2723499719872494,0.1,0.01,anisotropic,0.0125,0.01,6,100000,78.70331835746765,26.48412508886021,0.8830671801457433,21.02080723033147,23.43686523308669,0.8533579939167909,42.40092930273663,4.855923930221213
260,0.35,True,615.3922194724705,759.9259121965962,0.2896845494175033,0.1,0.01,anisotropic,0.0125,0.0215443469003188,7,100000,78.22221851348877,38.002072489648434,0.9760155051620996,59.90432553782931,32.632554667609924,0.9707153823088288,206.25760237282728,22.78209221268916
261,0.35,True,990.063796254159,748.6393390953201,0.4955392467307354,0.1,0.01,anisotropic,0.0125,0.001,3,100000,80.1315131187439,36.87200938016658,0.9385009838324698,200.6401737738685,30.071802744664275,0.8972846897321638,960.3699418842352,26.95386202609614
262,0.35,True,140.9439312212875,162.54590676964298,0.190214047659718,0.1,0.01,anisotropic,0.0125,0.0464158883361277,8,100000,77.94956946372986,29.565661670592178,0.9160742601998012,19.53447236087344,27.392246940205908,0.900506618031896,32.22130739697802,5.024824821913634
263,0.35,True,518.811322711373,510.4214335015718,0.3360020409311999,0.1,0.01,anisotropic,0.0125,0.0215443469003188,7,100000,78.64766049385071,27.95661701340688,0.9432504231960586,430.4082009778107,27.17380253754156,0.9519663039086506,515.4208530084801,18.26275991297114
264,0.35,True,877.4956988560275,961.1372103490608,0.2324922906601157,0.1,0.01,anisotropic,0.0125,0.0215443469003188,7,100000,78.03018593788147,29.426324136234943,0.9663519820454072,877.6429244863047,29.1377895964824,0.966988692363637,937.9319064698456,28.605748044437643
265,0.35,True,741.0278491364502,529.765887175707,0.4330232549611086,0.1,0.01,anisotropic,0.0125,0.001,3,100000,78.89350986480713,33.34644296865808,0.9304027937625236,250.9546349460853,30.944809372325217,0.9208885272343598,436.2732456720712,19.73134941435535
266,0.35,True,697.3187252542727,1063.8909795346297,0.1462554904405617,0.1,0.01,anisotropic,0.0125,0.0046415888336127,5,100000,83.94015192985535,28.249030544491166,0.9290303468058526,726.9707897630682,24.03393198883977,0.9018744886184344,1918.7872168623007,38.27672615360245
267,0.35,True,702.7815999031221,584.2801206570045,0.3337152355561922,0.1,0.01,anisotropic,0.0125,0.001,3,100000,82.3499083518982,27.34664532838725,0.8873505762038361,867.5093092995738,26.30028386550122,0.8931561931970546,1103.8505801133576,20.8801871310934
268,0.35,True,360.13166006853544,331.8488749748327,0.3745216101409909,0.1,0.01,anisotropic,0.0125,0.0215443469003188,7,100000,80.5249571800232,32.43148218950533,0.9716180883133486,74.04998803173577,31.927335920683607,0.9798050075832097,83.16481380832316,10.907833573244073
269,0.35,True,294.2982524202289,562.9548866252308,0.1992385157420786,0.1,0.01,anisotropic,0.0125,0.01,6,100000,85.07461500167847,25.82629597303105,0.8788838873627278,205.3649816478373,21.852032729874065,0.8082988470756265,512.8055478678193,17.395692111569034
270,0.35,True,809.5517943230351,895.7095514036093,0.1843688381912789,0.1,0.01,anisotropic,0.0125,0.0021544346900318,4,100000,78.27487373352051,25.685521062857894,0.9080569672521928,1764.1092840980134,24.29766480727003,0.9074189954604024,2428.34904386693,33.65598938824122
271,0.35,True,810.3032812845016,745.9399105235897,0.2084298387731526,0.1,0.01,anisotropic,0.0125,0.0046415888336127,5,100000,80.52690482139587,30.911045563524496,0.9147852828001338,528.2129188924059,26.463509632301623,0.8687230405864269,1470.8304488909998,33.13734821076827
272,0.35,True,867.2052462615236,1045.9209965889036,0.2123051926493394,0.1,0.01,anisotropic,0.0125,0.01,6,100000,78.7921667098999,23.64258041416921,0.7969932506556635,3176.038999670519,21.561264803998505,0.7538560919920053,5128.819176061595,43.497612228374464
273,0.35,True,913.3273120039148,1013.5762613931084,0.266070966999496,0.1,0.01,anisotropic,0.0125,0.001,3,100000,79.00984573364258,33.8732927290184,0.9529413551109536,341.0512946575133,25.23650040531818,0.8635732272033173,2491.718260098038,37.703436087597865
274,0.35,True,511.8310564620768,674.0679856604454,0.2635936825993659,0.1,0.01,anisotropic,0.0125,0.0021544346900318,4,100000,78.69238948822021,26.23923379617721,0.8723810739775806,614.7795154880748,21.765645375227216,0.8255386123367244,1722.178766936609,26.653918416828805
275,0.35,True,502.0147783925124,461.2128352023501,0.3971912210580344,0.1,0.01,anisotropic,0.0125,0.0464158883361277,8,100000,79.5474681854248,18.372475226387543,0.8104753762930051,3651.841587389358,18.739270919521765,0.827713749507508,3356.0804332807847,12.698463809637513
276,0.35,True,798.4968837878084,877.5652749051936,0.1791963153500253,0.1,0.01,anisotropic,0.0125,0.0046415888336127,5,100000,78.7220892906189,34.14556804116707,0.9501925343867847,243.0726864874545,29.095678762062526,0.8969782894346223,777.5442048065694,27.481211839707044
277,0.35,True,650.3139668469873,691.492416114238,0.213194580354449,0.1,0.01,anisotropic,0.0125,0.01,6,100000,78.57236742973328,27.39975888120547,0.8922177316021969,761.9639889615481,27.23885440483365,0.9207832159768216,790.7239520743068,20.30346781997543
278,0.35,True,702.2649103804456,563.7844202097051,0.3493891601265259,0.1,0.01,anisotropic,0.0125,0.0021544346900318,4,100000,78.80820512771606,32.63200988731384,0.9257556048449208,259.9197452694901,30.46167418211915,0.9280837685006766,428.4230643530494,20.933200514550524
279,0.35,True,795.996876766665,829.0340769421897,0.3080135612904394,0.1,0.01,anisotropic,0.0125,0.0046415888336127,5,100000,78.70963597297668,23.813362582509576,0.8911419992679869,2624.9039712043555,21.747376917551428,0.8509236477329997,4223.88403597752,32.47785065715125
280,0.35,True,890.1153364757487,737.5685375838598,0.3668736620670563,0.1,0.01,anisotropic,0.0125,0.001,3,100000,78.97417736053467,31.7271874877503,0.9398985569712324,488.2447744958672,27.593067054856284,0.8995516866612966,1264.8809364195797,27.090167463617504
281,0.35,True,338.65716169468425,591.309068426055,0.1302373475286559,0.1,0.01,anisotropic,0.0125,0.01,6,100000,79.75776648521423,22.57117732178097,0.902672759725386,633.232402563911,23.16494514708802,0.897582393161825,552.3143755517302,15.537518944105514
282,0.35,True,376.2073696873041,447.7571920873274,0.2099620625045795,0.1,0.01,anisotropic,0.0125,0.0021544346900318,4,100000,79.49874329566956,33.02019822638678,0.934250489487224,70.5855912323574,21.811762049708,0.7035548531228577,932.3085658193672,19.26480086551123
283,0.35,True,94.88795790102812,99.95301818025138,0.3484679759911038,0.1,0.01,anisotropic,0.0125,0.0215443469003188,7,100000,80.06040072441101,34.06952936087103,0.9815769848913576,3.524671376451872,30.12456140400285,0.9659211598137896,8.742093102106484,3.065531232737825
284,0.35,True,578.7018608551778,529.7456230058677,0.2032666570187301,0.1,0.01,anisotropic,0.0125,0.0046415888336127,5,100000,78.11691069602966,26.483230824004487,0.8785171062867841,741.6803842492932,26.726322809245456,0.9076083348029266,701.3060646520121,18.899542474328666
285,0.35,True,36.906331522945344,20.66852624721624,0.3961762406146603,0.1,0.01,anisotropic,0.0125,0.0021544346900318,4,100000,78.30296206474304,25.75655829734345,0.8935967541595237,3.5451094010694444,24.895708371681124,0.899665127839219,4.322297289075568,0.7531235471033294
286,0.35,True,466.1324201143277,598.974001405191,0.2630377938298955,0.1,0.01,anisotropic,0.0125,0.01,6,100000,78.91692876815796,32.01330554035561,0.9325435912681524,136.25715850862952,25.74557296725761,0.8970353000791591,576.942570665147,20.95667705575547
287,0.35,True,543.1019900728691,545.2559047114639,0.332631474030381,0.1,0.01,anisotropic,0.0125,0.01,6,100000,78.78529214859009,33.17400204305248,0.956465360213748,141.21326251884227,29.874983190383517,0.9393468941901132,301.8404030610035,15.608822165108265
288,0.35,True,287.25471087615614,404.2268545908044,0.212073706309956,0.1,0.01,anisotropic,0.0125,0.0215443469003188,7,100000,78.16183662414551,32.00406204834319,0.9519391421766464,51.71499634812758,26.265380461338204,0.8920427325535139,193.8584147585288,11.757413899833178
289,0.35,True,591.2424273084417,866.2895181625348,0.1424166788960665,0.1,0.01,anisotropic,0.0125,0.0004641588833612,2,100000,79.22320079803467,26.216896110093582,0.8450361793406014,818.9831215844041,20.924808627349645,0.8097254368106794,2770.025070696309,36.2296930597126
290,0.35,True,31.46974968911038,32.20934911270788,0.2174143808754649,0.1,0.01,anisotropic,0.0125,0.0464158883361277,8,100000,78.18982267379761,35.70010388303088,0.9725052539854344,0.2663516465327074,35.14981553622346,0.9820694147833472,0.3023320720485133,0.8105652717617747
291,0.35,True,38.3108405604652,30.494032660519423,0.2837788472977073,0.1,0.01,anisotropic,0.0125,0.0215443469003188,7,100000,78.92028760910034,21.98869551998505,0.8218523754685785,9.199445834162407,22.339250864750973,0.8702642748114108,8.486060666043318,1.111101708006394
292,0.35,True,822.7779600989986,649.113151305024,0.3316816564972787,0.1,0.01,anisotropic,0.0125,0.001,3,100000,78.59680962562561,24.21831797904475,0.8764544786688638,2493.904258041099,23.80993908159541,0.9019439555247962,2739.792462066791,24.54904939230507
293,0.35,True,360.8304507698516,298.039775675369,0.4149563300804353,0.1,0.01,anisotropic,0.0125,0.0002154434690031,1,100000,79.57438945770264,29.874946948810948,0.8802565970272604,132.6021886644427,26.114657321208064,0.845407313341019,315.19524353635563,11.643171446233596
294,0.35,True,127.9334521392329,150.08898439148038,0.2496253634382411,0.1,0.01,anisotropic,0.0125,0.0046415888336127,5,100000,80.49760866165161,31.86230258664484,0.9270091507422732,8.25455109691181,27.521732822758903,0.9012699462288836,22.42592867778573,4.92567671266013
295,0.35,True,522.7210167947495,407.9520665604836,0.3073530955191138,0.1,0.01,anisotropic,0.0125,0.0021544346900318,4,100000,79.30120658874512,24.543845021615237,0.8629878161459896,946.9853597237284,23.625072257636894,0.8796650854181153,1170.0934313381738,16.087440332559442
296,0.35,True,770.2235595455122,820.1704925415905,0.2516223327264818,0.1,0.01,anisotropic,0.0125,0.0046415888336127,5,100000,79.07998967170715,27.127809900086127,0.9080320825785854,1134.8834148090473,24.46703968986776,0.8997493351249599,2094.248776055604,29.023857109536063
297,0.35,True,216.60520646934637,233.36550116009212,0.1895075600268376,0.1,0.01,anisotropic,0.0125,0.001,3,100000,78.89610195159912,28.280247667218383,0.8810084177373002,67.6635119695161,22.81399482410523,0.8198718521699798,238.22087731890636,10.696532121141791
298,0.35,True,623.2675853431813,727.4928191342788,0.2415253575250534,0.1,0.01,anisotropic,0.0125,0.0046415888336127,5,100000,79.024005651474,33.225194172650134,0.9413653121214516,184.69460973396133,27.777668423457506,0.9217568917608296,647.4508356935711,24.361332981761237
299,0.35,True,86.26211752877423,74.18765676235408,0.3528483067652616,0.1,0.01,anisotropic,0.0125,0.0215443469003188,7,100000,78.239342212677,34.09296598784412,0.9664295120837344,2.895350608047981,33.79179492047045,0.9722839872043486,3.1032607479066088,2.497764156978899
300,0.35,True,52.63003944743909,52.2912603807026,0.3321884452593381,0.1,0.01,anisotropic,0.0125,0.0046415888336127,5,100000,75.9107415676117,36.54555856316276,0.9532161127392378,0.6097789176422024,30.78381964098316,0.9338129957317922,2.2979802790247548,1.5452082558457532
301,0.35,True,531.8232769365799,569.1983698734742,0.253213978259926,0.1,0.01,anisotropic,0.0125,0.0021544346900318,4,100000,76.74808764457703,24.876577065970817,0.8896607151402108,887.2735468210369,23.973661351378727,0.888422819552188,1092.318037184214,19.435205340381863
302,0.35,True,541.0944864884964,671.309018034289,0.295704889600256,0.1,0.01,anisotropic,0.0125,0.01,6,100000,76.62369394302368,31.73658795042813,0.9380249072810792,196.26004434295328,24.864514311565923,0.8972711262272692,955.078913112464,28.425870176806058
303,0.35,True,637.7924715967083,963.0618968805384,0.2113826087244026,0.1,0.01,anisotropic,0.0125,0.01,6,100000,76.78912878036499,23.357781886521053,0.8529555704281206,1865.8563042133276,21.534316052505385,0.8130286624825701,2839.3882293572387,35.404903819955464
304,0.35,True,726.3652423889389,712.6554554733374,0.2968614690530932,0.1,0.01,anisotropic,0.0125,0.0215443469003188,7,100000,75.8660237789154,21.167125615496868,0.8299379289911126,4005.7097370197553,21.133502598577643,0.8448639186833282,4036.842242944562,24.10632656717709
305,0.35,True,975.876227383072,889.0756545739115,0.2820000740644952,0.1,0.01,anisotropic,0.0125,0.001,3,100000,76.866854429245,26.957391295207906,0.9052619117758564,1901.4272620193967,23.6247244346108,0.8694254343512966,4095.872248907072,38.89917868146708
306,0.35,True,516.7840479528941,575.7975965686034,0.3250077292320689,0.1,0.01,anisotropic,0.0125,0.001,3,100000,75.69229197502136,30.34566099425672,0.9360693896985598,243.06734577596265,28.7993134857495,0.95138695145298,347.0254847113229,21.497461967781916
307,0.35,True,323.6335164683047,481.2577277327948,0.2472543488521821,0.1,0.01,anisotropic,0.0125,0.01,6,100000,77.00091171264648,26.41052107003326,0.8581351901897339,228.11015696892116,21.843146119312333,0.8013190693183175,652.9532959538042,17.160600295756414
308,0.35,True,795.391008573935,610.1069170767886,0.2734323736767339,0.1,0.01,anisotropic,0.0125,0.0464158883361277,8,100000,76.6053295135498,27.996914851853106,0.920918792957284,955.918050795192,27.71041889605991,0.9237451176341284,1021.1046598937894,16.00513338834935
309,0.35,True,271.56141901081213,239.86039503393135,0.3049539228791042,0.1,0.01,anisotropic,0.0125,0.0215443469003188,7,100000,76.07569360733032,35.1434021215032,0.9849810169813068,22.53956841869668,32.055865543974605,0.9757660112357458,45.88801311702969,6.591190402679614
310,0.35,True,439.53244928493046,459.4856811873238,0.2884182041053119,0.1,0.01,anisotropic,0.0125,0.0021544346900318,4,100000,77.20321393013,28.843311356172308,0.9133200691712174,243.825715440772,24.09662984505443,0.8703888789592251,727.357059505802,17.407720918795082
311,0.35,True,79.37792496092369,68.87232641876948,0.2857429159072736,0.1,0.01,anisotropic,0.0125,0.0046415888336127,5,100000,75.58485341072083,35.873170853956225,0.9526510496527534,1.6081640496630658,32.2125692383567,0.9441974714630142,3.735859294683229,2.049103335619189
312,0.35,True,26.325392672042053,22.884097981974264,0.3300323197788384,0.1,0.01,anisotropic,0.0125,0.01,6,100000,77.04727697372437,24.455056720924063,0.8785378431083303,2.4707646144643656,24.444064907254894,0.9320323485019776,2.4770259377206347,0.6912913044702412
313,0.35,True,962.6857662632472,1104.9880408983688,0.2234480583929543,0.1,0.01,anisotropic,0.0125,0.0215443469003188,7,100000,76.0357654094696,27.26923546426072,0.9431467166143712,1736.0668178833353,25.497837958344668,0.93983521087802,2610.3947474981287,35.778274872349115
314,0.35,True,836.1441403916937,767.1018573110853,0.3288228120291785,0.1,0.01,anisotropic,0.0125,0.0021544346900318,4,100000,77.10879683494568,33.170783521718306,0.9380363587648444,331.8945558915167,29.332004255919625,0.9284821740137216,803.3005332517332,30.62333788405512
315,0.35,True,696.2782318876043,539.6985958493531,0.4566700024889338,0.1,0.01,anisotropic,0.0125,0.01,6,100000,76.42118620872498,37.81608359883536,0.9884291348660368,79.97157054903609,36.98397789504312,0.9888995184245514,96.86038602063336,15.862394364492236
316,0.35,True,409.5439914698556,416.50239855447,0.242874548844611,0.1,0.01,anisotropic,0.0125,0.0021544346900318,4,100000,76.17321062088013,33.08389056598027,0.9609938946689616,80.17083501050823,26.7725403488951,0.8904999032789618,342.8873227696351,12.9644427810322
317,0.35,True,174.12102575077492,268.3165545244799,0.2092125445768206,0.1,0.01,anisotropic,0.0125,0.0021544346900318,4,100000,76.50559282302856,29.946634670462483,0.9309772145605718,28.91004282806519,24.079508275304136,0.8891824470326095,111.6249749824082,9.412424616178658
318,0.35,True,157.28060562841495,153.45533926726284,0.3145235641633055,0.1,0.01,anisotropic,0.0125,0.01,6,100000,76.86156058311462,32.918617463017114,0.9365968050018963,12.536549574937965,27.03619777730241,0.89193570805547,48.57580326576993,6.213449379046161
319,0.35,True,250.99265526643077,235.52491960499663,0.3752649090531633,0.1,0.01,anisotropic,0.0125,0.0215443469003188,7,100000,76.54456639289856,28.71166213013801,0.9550205190132004,84.7391773161416,29.154113404347243,0.9736564086632484,76.5313044774206,8.617516075408249
320,0.35,True,549.6774380414143,349.4189832082941,0.3307250944934936,0.1,0.01,anisotropic,0.0125,0.01,6,100000,76.91872000694275,29.938000255975705,0.9326253360168228,303.54460427260426,30.67381007989183,0.9581556277094714,256.2368194456601,9.953932614437845
321,0.35,True,714.8813267773622,785.4154915641047,0.2894061252890825,0.1,0.01,anisotropic,0.0125,0.0215443469003188,7,100000,76.08664274215698,33.12337822142686,0.9701295358955072,248.7176654199822,30.205172511321607,0.9713470798942466,486.9980290581916,24.02942113824707
322,0.35,True,660.5371793410135,512.3050341399706,0.2945434181936762,0.1,0.01,anisotropic,0.0125,0.0215443469003188,7,100000,75.8244936466217,21.24271930949007,0.8331404078558446,3248.315975453809,21.795102500124464,0.8608883201851495,2860.3550789754768,15.83569033934348
323,0.35,True,280.6539630489969,366.3635240034528,0.2642162411540997,0.1,0.01,anisotropic,0.0125,0.001,3,100000,77.12638401985168,28.1677240294156,0.9384773523041428,118.81970541195167,24.408890242856494,0.8931612409835641,282.3396356646945,13.049340602058802
324,0.35,True,954.9104153825308,875.9707304630607,0.2545116806074022,0.1,0.01,anisotropic,0.0125,0.01,6,100000,75.63154482841492,28.645739830614904,0.9659266743556548,1238.965598825603,27.288048526241283,0.9517026671565,1693.6683753705074,28.261549968699693
325,0.35,True,738.1590197790728,566.9133477328534,0.383939775274052,0.1,0.01,anisotropic,0.0125,0.001,3,100000,76.33145070075989,33.46262387545524,0.9511792095864592,195.3274629027486,28.58409671851117,0.8951637228056262,600.6424532559345,17.400849415232074
326,0.35,True,554.7996984588893,497.6736048030656,0.2778384255378167,0.1,0.01,anisotropic,0.0125,0.0215443469003188,7,100000,75.76654362678528,28.51378328652306,0.9474140372149662,433.2046612864555,27.575045587902157,0.9521411527726696,537.7332494314272,16.843057258984086
327,0.35,True,612.1090254881179,411.8590801823546,0.472170323314348,0.1,0.01,anisotropic,0.0125,0.0215443469003188,7,100000,76.26641964912415,26.74996108285593,0.8920766183405356,787.574646456534,26.184220134521578,0.9358037048062654,897.1515705639689,12.131375225813956
328,0.35,True,420.1804623653621,325.274967652219,0.3559262027717423,0.1,0.01,anisotropic,0.0125,0.0021544346900318,4,100000,76.45278763771057,33.15077945755742,0.951747497616462,81.4339376237249,29.97621974702125,0.9447364340084442,169.14587306901268,11.069961257370668
329,0.35,True,248.48325851165632,264.9390934081465,0.198438104601218,0.1,0.01,anisotropic,0.0125,0.0215443469003188,7,100000,75.65580677986145,31.780590332120678,0.9690881420440552,40.95413529130847,29.763132678069184,0.9660098970800476,65.16937051086241,7.847765577346272
330,0.35,True,356.6167059726103,309.91346633284763,0.3337190216412337,0.1,0.01,anisotropic,0.0125,0.001,3,100000,77.57814335823059,26.7787901508827,0.9086522795524988,262.0747144396044,26.66065924890833,0.9370005715235824,269.3011521481271,10.80049934368988
331,0.35,True,758.0882643539047,830.4092437079041,0.2211792811884939,0.1,0.01,anisotropic,0.0125,0.0215443469003188,7,100000,76.33708572387695,35.32035209226115,0.9783270940515152,168.6033220669773,31.48198408470776,0.970996690272872,408.0401778885203,21.07759199679982
332,0.35,True,15.379095141126111,13.665386584309251,0.3546742708673581,0.1,0.01,anisotropic,0.0125,0.0215443469003188,7,100000,75.6223361492157,29.88027892435681,0.957332926500278,0.2423087655718433,29.10337614972258,0.96167210246007,0.2897739912009459,0.3848223451241999
333,0.35,True,116.95656786640932,110.84719531709422,0.2120954475899757,0.1,0.01,anisotropic,0.0125,0.0215443469003188,7,100000,76.96287393569946,32.570340225857855,0.9691517695412004,7.559807778867757,30.647215148367103,0.9583108199937536,11.771268357157265,2.9991919314724216
334,0.35,True,46.956639379730994,44.14185821199016,0.2684092112346,0.1,0.01,anisotropic,0.0125,0.0215443469003188,7,100000,76.03062891960144,27.73968310063364,0.9256827666846236,3.707979283257002,25.62181479499534,0.9163393530517312,6.038431299553843,1.4646815396691129
335,0.35,True,41.688073516651166,34.16224034340769,0.469617305993442,0.1,0.01,anisotropic,0.0125,0.0021544346900318,4,100000,76.83015489578247,25.739555875621463,0.8294137841850634,4.52183793966532,25.34863299550834,0.8810115752646237,4.947744690333666,1.4638848685608077
336,0.35,True,855.6051234269962,816.5387744425686,0.2924834597131922,0.1,0.01,anisotropic,0.0125,0.0046415888336127,5,100000,77.21169471740723,32.372371616026776,0.920474708524886,406.9114893491436,27.820784520961528,0.9019134198630766,1160.5361207154117,32.27812590691432
337,0.35,True,703.9542015206437,464.837828055563,0.4183290093879485,0.1,0.01,anisotropic,0.0125,0.0215443469003188,7,100000,76.32903504371643,22.46692941369365,0.8909265263344925,2796.7109881704737,22.49865947825103,0.9027153642375466,2776.3523513110035,15.00555563431706
338,0.35,True,474.6996552582379,392.75901059998927,0.3351140087667282,0.1,0.01,anisotropic,0.0125,0.001,3,100000,76.01928758621216,31.49034527425016,0.9603450116519828,157.0847137953489,29.552977784280912,0.9554421190792396,245.3978051696961,12.940382910939526
339,0.35,True,98.73632649035048,88.71117617400616,0.2534261224997337,0.1,0.01,anisotropic,0.0125,0.01,6,100000,75.83100509643555,36.16560557628253,0.9709952182687008,2.3539501367228066,33.203295606947776,0.9765224453113112,4.656163863566345,2.562993201284928
340,0.35,True,492.1242592417156,530.9595909012079,0.2250871194212644,0.1,0.01,anisotropic,0.0125,0.0046415888336127,5,100000,76.9050235748291,32.17088696801527,0.9388647860777009,141.56301226982364,27.915744711616103,0.9193215543938472,377.1065023555164,18.310419303299003
341,0.35,True,473.9982990097851,413.4374831220735,0.4013786783184446,0.1,0.01,anisotropic,0.0125,0.0215443469003188,7,100000,76.6017496585846,21.378720135993067,0.7887379892161633,1617.6174466877092,22.02865640006673,0.8216314190696217,1392.7789549339047,13.563516818026358
342,0.35,True,174.02866804010517,161.72771665380955,0.2439386770277826,0.1,0.01,anisotropic,0.0125,0.0021544346900318,4,100000,77.1302502155304,29.360468536456064,0.9147241644387896,24.746470066423985,26.63669655064953,0.8950526195713194,46.33300380835745,6.4337898275893375
343,0.35,True,434.4177975887351,310.5217882531706,0.2531655552981672,0.1,0.01,anisotropic,0.0125,0.001,3,100000,77.19067287445068,30.483531929395102,0.8890312676905211,126.63835822040336,28.14748263403518,0.9020941791335592,216.85537999806976,11.715212767541445
344,0.35,True,399.1062296629761,326.00145577329926,0.4433675067605728,0.1,0.01,anisotropic,0.0125,0.01,6,100000,76.02530598640442,33.572229350748906,0.955752942729227,69.86822240327228,31.84432510302572,0.9681818240494484,104.00880791505092,10.4583794144489
345,0.35,True,616.2342479541643,777.4911399690448,0.2432953074773109,0.1,0.01,anisotropic,0.0125,0.0046415888336127,5,100000,75.80627465248108,29.28487778039816,0.9084658370211738,427.3202945333738,27.618667866598624,0.9030290459808612,627.1544532795867,22.599557102430506
346,0.35,True,635.4585572167762,490.8330540326776,0.427990389356212,0.1,0.01,anisotropic,0.0125,0.0001,0,100000,77.3107283115387,23.85623148626348,0.7597350506247896,1615.6781777115225,24.07685829155268,0.8394337179654927,1535.649768633192,25.534836988094376
347,0.35,True,46.25870576227247,49.96577106715501,0.2239928727725244,0.1,0.01,anisotropic,0.0125,0.001,3,100000,76.03272318840027,27.81441792400756,0.94070616199285,3.44959228297143,25.293734584573613,0.9086282169433204,6.163623489148874,1.7585289788511491
348,0.35,True,375.2380020118448,375.448350374648,0.1936103698441909,0.1,0.01,anisotropic,0.0125,0.0464158883361277,8,100000,76.45626497268677,33.40012305590481,0.9749303436792996,64.27207075271976,31.16105221876667,0.9742541619014652,107.62901759530068,11.363958947147752
349,0.35,True,626.2340557985221,682.2626745969723,0.3500189021777143,0.1,0.01,anisotropic,0.0125,0.01,6,100000,76.86400818824768,29.59700827250127,0.944212848940182,430.10479106591646,27.796689643779345,0.9464630939409746,651.037707438891,26.35972326171831
350,0.35,True,503.6331223215077,512.361700545651,0.2333341732617715,0.1,0.01,anisotropic,0.0125,0.01,6,100000,77.20636463165283,32.297686773969694,0.9395285559056968,149.29980353700714,30.11787915772396,0.9503104721681894,246.62664661792843,17.02551359570476
351,0.35,True,856.633351347134,1055.34102191653,0.2158944903961221,0.1,0.01,anisotropic,0.0125,0.0215443469003188,7,100000,76.7520501613617,25.8648512396254,0.9425232322952244,1899.7894718282887,26.08862493830896,0.952246807577138,1804.380423991684,32.358183805518095
352,0.35,True,659.0349379873261,752.5794283041782,0.1638241863094572,0.1,0.01,anisotropic,0.0125,0.01,6,100000,76.38035726547241,33.5074204218961,0.9527071826305168,193.6736112774969,32.16945717494133,0.967184756712954,263.5522785462905,26.686111870462742
353,0.35,True,163.77149265434826,258.14683039543974,0.2682504149207887,0.1,0.01,anisotropic,0.0125,0.0464158883361277,8,100000,75.91794800758362,25.03387327387914,0.9229934591185568,83.86665661716081,23.27357789438819,0.8883915743419478,125.78210774127588,6.911752287397806
354,0.35,True,71.49817865302941,80.85790558699068,0.2845921990124171,0.1,0.01,anisotropic,0.0125,0.0215443469003188,7,100000,76.20044875144958,29.2611471981734,0.9668840123592978,6.056901653717578,29.419571711702584,0.9742120974414608,5.839935771493867,2.439803598259766
355,0.35,True,642.7768589281093,654.2350005584865,0.3350086959800892,0.1,0.01,anisotropic,0.0125,0.0464158883361277,8,100000,75.71711134910583,22.492537154875198,0.8972167332727055,2323.095773744638,22.826610320455213,0.9079708975236592,2151.0960271353547,17.496713714573893
356,0.35,True,27.484799231080192,25.85564855733477,0.2048182643229201,0.1,0.01,anisotropic,0.0125,0.0215443469003188,7,100000,75.8520724773407,20.478895907679497,0.8352554477823382,6.748191921219817,20.30823127099561,0.8392683674364476,7.018654902252533,0.7274262888108706
357,0.35,True,586.1898056921898,377.4251663135267,0.3651045224190732,0.1,0.01,anisotropic,0.0125,0.01,6,100000,76.66286087036133,23.51309579690796,0.8592954822848837,1509.130112841504,23.120627462422306,0.8645778188728559,1651.8610712589475,14.272309969385804
358,0.35,True,940.2900111835328,779.2128352552613,0.3487549541106782,0.1,0.01,anisotropic,0.0125,0.001,3,100000,76.16197943687439,29.45316530569077,0.9232197359693236,957.5906609064718,29.51053469332504,0.9483949529888271,945.0242720909145,26.18097394978732
359,0.35,True,575.898703698003,578.1792275255035,0.2092436793704857,0.1,0.01,anisotropic,0.0125,0.0215443469003188,7,100000,75.52610635757446,34.07045203713201,0.9663829119268748,129.87965385194107,31.488698503535137,0.9683124752897592,235.3512318888859,19.815585027593876
360,0.35,True,388.7817562803154,362.3550089642355,0.2574920378548451,0.1,0.01,anisotropic,0.0125,0.01,6,100000,76.62502312660217,34.46448343189957,0.9394173317403408,54.0382528842908,29.924592964604397,0.9405210536289064,153.7058320051287,13.326313972107728
361,0.35,True,643.6449302239108,703.5140052959056,0.2900580402652958,0.1,0.01,anisotropic,0.0125,0.0046415888336127,5,100000,76.03445529937744,34.17866776407021,0.9253989338079772,144.162599091197,26.99708925169187,0.8650621037996611,753.37369951249,26.54118384936276
362,0.35,True,458.7946376010251,421.29704984675055,0.3123676796096432,0.1,0.01,anisotropic,0.0125,0.0046415888336127,5,100000,76.35672235488892,20.92555096452813,0.8440494928807445,1700.59670584765,20.9308721598099,0.859565430918496,1698.5143248746244,16.18769941054378
363,0.35,True,546.071172526619,538.82632056488,0.2836939588258964,0.1,0.01,anisotropic,0.0125,0.0464158883361277,8,100000,76.2817485332489,35.829851965919644,0.9839681003329231,77.82767091868286,34.605452184870515,0.9846348997573404,103.17488939823508,13.78693232201808
364,0.35,True,941.5233439677486,918.555007684593,0.3358972771933699,0.1,0.01,anisotropic,0.0125,0.0215443469003188,7,100000,76.15902423858643,30.10590093791238,0.9520167558496891,864.64040097654,26.492603604594063,0.902445258528318,1986.8508100269712,32.918111630111284
365,0.35,True,386.7165351629735,297.17069468624373,0.4203652005085143,0.1,0.01,anisotropic,0.0125,0.001,3,100000,76.24395728111267,31.66199356648216,0.9307665176301736,96.0340705487656,29.872862707964075,0.9412560572259238,144.9901246847339,11.760539751711931
366,0.35,True,961.2293732600904,1303.7034051616176,0.1476407671256552,0.1,0.01,anisotropic,0.0125,0.0004641588833612,2,100000,75.62682723999023,25.35253034591248,0.884210562605898,2672.0395381677104,21.674777346001846,0.8402561018477706,6231.867057563212,51.02963610441847
367,0.35,True,905.4452913141076,725.3565671607081,0.3516664707546431,0.1,0.01,anisotropic,0.0125,0.0215443469003188,7,100000,75.6144917011261,31.857552166145737,0.9304997651937108,532.8753155357723,32.074052610982534,0.972974861003228,506.96217613939353,20.36338926377229
368,0.35,True,196.59534365450716,256.0702564638128,0.2765859239078106,0.1,0.01,anisotropic,0.0125,0.0046415888336127,5,100000,76.17369413375854,32.6995169575966,0.9540711130625938,20.72291419649889,26.732232537847874,0.920746848775943,81.8802708852372,9.85129746167601
369,0.35,True,70.2919395742903,56.18383716928239,0.2794580289879791,0.1,0.01,anisotropic,0.0125,0.0046415888336127,5,100000,76.04203033447266,23.879630799912132,0.909925784596276,20.151650340266,23.37311318325723,0.9081461873113608,22.644481483404107,2.0279717261004637
370,0.35,True,101.67722337604924,122.87239675336345,0.386706231258435,0.1,0.01,anisotropic,0.0125,0.01,6,100000,75.80390763282776,34.806470961740416,0.9672753020472366,3.414195649582542,29.33411309537981,0.9476586634742018,12.037164378566928,4.586489144515927
371,0.35,True,19.203603825898178,11.689603186759582,0.4289700033693199,0.1,0.01,anisotropic,0.0125,0.01,6,100000,76.43364024162292,26.0828378391827,0.8861000871878832,0.7755952125721235,25.936386807429304,0.9092601377991588,0.8021955026570734,0.3424517244942433
372,0.35,True,95.34851779517248,162.6294071011096,0.1800996512035092,0.1,0.01,anisotropic,0.0125,0.0046415888336127,5,100000,76.03308176994324,30.232638363691503,0.9287341457082552,7.951161732756943,24.376924481737817,0.8738114623020625,30.619773627476462,4.510493509677233
373,0.35,True,683.3237666429405,779.5285473042185,0.2386474820964949,0.1,0.01,anisotropic,0.0125,0.0464158883361277,8,100000,76.50470280647278,35.109130237073416,0.9770274093932898,143.71204478862376,32.10667602279933,0.975045061576318,286.905312631528,21.722693598565357
374,0.35,True,72.11745981176875,59.70618646506705,0.4137206890570414,0.1,0.01,anisotropic,0.0125,0.001,3,100000,76.23338270187378,35.37489403452163,0.9533595259418054,1.4305988041655404,30.485827908040697,0.9309317818837431,4.409856630962047,2.084556989745272
375,0.35,True,319.6566546634675,310.83001635132945,0.2733828250265178,0.1,0.01,anisotropic,0.0125,0.001,3,100000,76.22935175895691,28.90474720564047,0.9416078258817632,130.23135323107692,26.82888948663026,0.9195750482335266,210.03966900631423,10.169318795835547
376,0.35,True,845.0304356584851,877.0448330414215,0.1941786751715644,0.1,0.01,anisotropic,0.0125,0.0021544346900318,4,100000,76.60779166221619,33.64318619253402,0.945515639097052,304.4718004279977,27.31435706713956,0.8821733377831655,1307.4647470254322,26.006335703581883
377,0.35,True,24.24866380009004,33.244968625842226,0.3229794659802949,0.1,0.01,anisotropic,0.0125,0.0021544346900318,4,100000,76.52637052536011,26.92456637365367,0.9099148717487916,1.166678387937942,23.806253096981425,0.8856501066128923,2.3921173474793536,1.132126993324264
378,0.35,True,814.6540141063468,794.6604718508311,0.3390814474187603,0.1,0.01,anisotropic,0.0125,0.0464158883361277,8,100000,76.00268888473511,26.297791294549032,0.8807709580224151,1484.0041621580883,25.465469172045047,0.8850983656233156,1797.4935110396143,23.358434683303567
379,0.35,True,282.5729199986265,298.18149263236216,0.2388293350981808,0.1,0.01,anisotropic,0.0125,0.01,6,100000,75.704904794693,21.66942170640861,0.8788135502349347,542.9376387890708,21.29480588116833,0.871166782185344,591.849837079245,9.62039486053273
380,0.35,True,119.0466627940346,90.48080732613836,0.3557367063588131,0.1,0.01,anisotropic,0.0125,0.0215443469003188,7,100000,75.92909479141235,20.512408284003357,0.824239645945253,123.89424749162087,20.87798379290989,0.8312456711064726,113.89209752173532,2.9549860175796314
381,0.35,True,697.0404281987865,511.41799926457287,0.391014331001804,0.1,0.01,anisotropic,0.0125,0.01,6,100000,75.9824321269989,23.919293496628956,0.8387718848807753,1937.1840604907763,24.54477519403563,0.8734477855483712,1677.346231114526,18.4617181628155
382,0.35,True,629.3139039331041,771.2662223542654,0.1918222543115814,0.1,0.01,anisotropic,0.0125,0.0021544346900318,4,100000,75.51501941680908,27.84847936410791,0.9234906874760308,645.3330626960596,24.43889263350489,0.8796862545989528,1414.9548730170866,25.006403159107357
383,0.35,True,877.5945415135259,1070.036134570962,0.2742187936001476,0.1,0.01,anisotropic,0.0125,0.0046415888336127,5,100000,76.63345742225647,31.228413319051395,0.9389495443024292,537.2002073070759,26.463282916204967,0.9164700169188954,1609.3452105458048,34.86884519361786
384,0.35,True,735.3359727600819,817.9667839844896,0.2630198664724847,0.1,0.01,anisotropic,0.0125,0.0215443469003188,7,100000,75.60435581207275,35.807043886486,0.9727034558026916,141.8261284074353,32.185851008636114,0.9760127811437866,326.4942486683994,22.535714267147764
385,0.35,True,803.6774494544637,925.585584850587,0.3262748994684406,0.1,0.01,anisotropic,0.0125,0.0046415888336127,5,100000,76.50474572181702,30.89761318593334,0.927346658091967,523.7267600246074,25.41772032852865,0.9186893235020788,1849.669139288816,35.39423838762741
386,0.35,True,282.7525379987352,294.8908739965812,0.3410262001015163,0.1,0.01,anisotropic,0.0125,0.001,3,100000,76.975750207901,26.485220624316103,0.938644049588674,177.70304106051424,22.292150613956665,0.8045871650657549,466.661380065548,12.1184284664398
387,0.35,True,178.2621042359431,128.78852039125334,0.297498375281678,0.1,0.01,anisotropic,0.0125,0.01,6,100000,75.72643327713013,22.233711653645265,0.8988013110146608,189.0002857766614,21.932286019456583,0.88554470750516,202.58394508915063,4.381018480586717
388,0.35,True,750.8641368892174,780.767682263941,0.2477421835589515,0.1,0.01,anisotropic,0.0125,0.001,3,100000,77.6063723564148,26.86646286746437,0.9233850344270778,1148.4946462913008,22.37781473932625,0.8450168948503987,3228.447941914068,32.49447702563167
389,0.35,True,807.0279045279967,698.8177101184903,0.3165081720893131,0.1,0.01,anisotropic,0.0125,0.0046415888336127,5,100000,76.78830766677856,33.4985245634121,0.95440081551827,288.4255201791512,30.85061834785844,0.9609603386315236,530.669718300477,21.75701119439975
390,0.35,True,990.5146368586726,1002.8458615842608,0.3376234527968325,0.1,0.01,anisotropic,0.0125,0.0464158883361277,8,100000,76.57495307922363,34.419774126366995,0.987199103021861,354.2855597938074,31.226473537032973,0.9714870630040224,739.0664882598195,30.427768780850613
391,0.35,True,413.20505923451503,487.758978823948,0.2592593712517683,0.1,0.01,anisotropic,0.0125,0.0215443469003188,7,100000,76.98674654960632,27.86901011067517,0.9238388744956552,278.0971033435638,25.609113902108746,0.9260869772069498,467.935598993684,17.710178213622402
392,0.35,True,372.6460677069904,222.87805755046887,0.4993075914503538,0.1,0.01,anisotropic,0.0125,0.01,6,100000,76.96790194511414,17.3556955504609,0.7445345632988369,2547.6405288981373,17.566143831154104,0.7489733297315257,2427.131580715191,9.117360903408784
393,0.35,True,776.6365477812549,620.4502452408361,0.3491163415522472,0.1,0.01,anisotropic,0.0125,0.001,3,100000,77.01601791381836,26.4262460136818,0.9169561451479726,1316.771015472138,26.072980166447017,0.9114233020471946,1428.357248619868,23.21639576673074
394,0.35,True,341.4627367127648,408.3506748197433,0.1739911954988982,0.1,0.01,anisotropic,0.0125,0.0046415888336127,5,100000,76.55600452423096,32.24691075130052,0.906964197001808,69.3084971698502,25.8947627995964,0.836286303673558,299.22734366269333,15.303123844137817
395,0.35,True,930.8265682779612,1049.8927944284237,0.1706702668594119,0.1,0.01,anisotropic,0.0125,0.0046415888336127,5,100000,76.80364680290222,25.75316899681185,0.8609559707429134,2258.812893725553,23.13140670978799,0.8039187589352303,4131.012287894025,42.47571886589786
396,0.35,True,858.5543390911688,962.6730443400868,0.1658440229365906,0.1,0.01,anisotropic,0.0125,0.0215443469003188,7,100000,76.57305192947388,32.94831023356417,0.9273539783987252,371.5618323388796,28.7778322839098,0.9306920675935902,970.686279269468,33.91402231813965
397,0.35,True,429.56503334764335,370.5658168744727,0.2996246201941005,0.1,0.01,anisotropic,0.0125,0.0002154434690031,1,100000,76.60595440864563,26.49130725120444,0.8464916955722875,409.2976583898879,25.882533727379997,0.8511950881514909,470.8869041317083,16.46783063205369
398,0.35,True,751.1201967237058,707.1634064943942,0.3430371926361082,0.1,0.01,anisotropic,0.0125,0.0004641588833612,2,100000,76.77578091621399,33.30004950239755,0.9516366497576028,262.2804970533521,28.34068993082206,0.8891043353004516,821.6785601645394,21.77197399765686
399,0.35,True,754.7883312105977,742.8259303699529,0.2373620308271587,0.1,0.01,anisotropic,0.0125,0.0215443469003188,7,100000,76.6641914844513,34.46390505023293,0.9657933038379444,203.58550823593745,32.76284752388154,0.9750715430203748,301.1983671523861,24.464855282028932
400,0.35,True,104.02074496709668,98.42389595560834,0.3077322561095126,0.1,0.01,anisotropic,0.0125,0.0002154434690031,1,100000,74.84141731262207,33.65950716047482,0.959668690633669,4.65368186078622,27.815195800399675,0.8849953477455557,17.874249933968173,3.0581194307206188
401,0.35,True,902.6503537728872,652.0801860571389,0.4532287159798405,0.1,0.01,anisotropic,0.0125,0.0215443469003188,7,100000,75.31276631355286,31.152357814998595,0.9169037504927908,510.5425868541984,31.344278110009345,0.9397113447162798,488.4723045246298,20.04398033109838
402,0.35,True,505.74712007540927,508.1700027217673,0.1840779209927334,0.1,0.01,anisotropic,0.0125,0.0021544346900318,4,100000,74.3750388622284,31.890899083481717,0.9601382818864522,157.5739029841654,28.284420353666672,0.917822534515399,361.5198642689352,14.134211842522124
403,0.35,True,826.6310086416339,1330.058887226936,0.1934836091080262,0.1,0.01,anisotropic,0.0125,0.0215443469003188,7,100000,74.72232437133789,20.33249294302903,0.8051774096345357,6306.002087058022,20.39920837388692,0.8029962566219475,6209.870836353068,49.08236390299935
404,0.35,True,320.72955142958114,359.48883939855114,0.3178659509151957,0.1,0.01,anisotropic,0.0125,0.0215443469003188,7,100000,74.53348016738892,32.99934161370572,0.9521861396603276,51.54791855637789,29.66071811862647,0.9542937271432602,111.19198496399396,11.735833025603272
405,0.35,True,895.6277052677043,1198.64811954532,0.1292482049425941,0.1,0.01,anisotropic,0.0125,0.0046415888336127,5,100000,75.00253200531006,31.348635445945785,0.9221554817758404,587.430557488335,22.739485859425443,0.8286959863262253,4264.533132653477,48.955795874365975
406,0.35,True,389.8124770554289,352.4332639510098,0.237704169898109,0.1,0.01,anisotropic,0.0125,0.001,3,100000,74.58802890777588,21.929739975591897,0.8771823188096601,971.8397607399456,22.139176025169963,0.8942321523886969,926.0854445255644,13.746267104895626
407,0.35,True,11.826813828818064,16.092292536083736,0.1610989461629799,0.1,0.01,anisotropic,0.0125,0.0464158883361277,8,100000,74.96869468688965,23.6333484142632,0.9159772175496044,0.6051848823418495,24.261028883086677,0.9358308085898708,0.5237451614581279,0.5143649219277279
408,0.35,True,905.4765944428444,697.8740607484592,0.4656783773165513,0.1,0.01,anisotropic,0.0125,0.0021544346900318,4,100000,75.10345220565796,29.851758548305245,0.9133376791487188,773.7382232478071,28.72317703028459,0.9392567165878064,1003.3494193158692,25.580156846350217
409,0.35,True,92.19539010934744,113.60289047427712,0.1483902094043342,0.1,0.01,anisotropic,0.0125,0.0046415888336127,5,100000,75.06940412521362,33.55594834654767,0.9345582028195066,3.7099521355420544,27.518662340348374,0.8652685031437425,14.8969344633121,3.329447379153105
410,0.35,True,319.99432395282446,317.2813852340419,0.3878223865780502,0.1,0.01,anisotropic,0.0125,0.0215443469003188,7,100000,74.90065693855286,35.176401629237205,0.988198249968532,31.067164541778244,31.465257802168697,0.9723812934033372,73.01565749149694,8.926858832314517
411,0.35,True,950.111905083754,1060.669961471597,0.3440988427671467,0.1,0.01,anisotropic,0.0125,0.0021544346900318,4,100000,75.32768607139587,32.78786061695393,0.9357546726295118,468.3961047479992,28.493952433068237,0.9358519028887629,1258.9372769919555,36.07181746936339
412,0.35,True,950.6565397906186,1118.9881386710858,0.2215375789510006,0.1,0.01,anisotropic,0.0125,0.0215443469003188,7,100000,74.30046081542969,36.35091712413055,0.9691717641605904,209.17736908397308,32.14031327326245,0.9627893283996704,551.5375447627641,30.976397441135536
413,0.35,True,573.8644502351628,737.4753436196601,0.1793429893333188,0.1,0.01,anisotropic,0.0125,0.0215443469003188,7,100000,74.20307064056396,25.72514395797929,0.9165358958792318,880.8771775669944,23.86474775445813,0.8945689166184506,1351.932406584265,26.1274014601521
414,0.35,True,632.2053749576295,617.3866865631687,0.2784230829098988,0.1,0.01,anisotropic,0.0125,0.0215443469003188,7,100000,74.93609189987183,35.640028637780304,0.9718432497854018,108.85879943143983,33.565843425069495,0.9803050401469384,175.50199659998935,18.33068254855525
415,0.35,True,448.9970764563415,440.0488347233523,0.2028045237584295,0.1,0.01,anisotropic,0.0125,0.0215443469003188,7,100000,74.44451856613159,35.05847260329637,0.9824621999947488,62.865793014296834,33.5334560052997,0.9805819084950622,89.31328393022469,11.61544473920615
416,0.35,True,293.9175609263665,414.17532915751127,0.2420782467622722,0.1,0.01,anisotropic,0.0125,0.01,6,100000,74.81862163543701,26.47375378199996,0.8898015311967288,193.24424644702708,23.61345982234453,0.8859294634040767,373.3670327130303,14.191939025522563
417,0.35,True,329.33588082454605,396.3696378140705,0.3030961813894994,0.1,0.01,anisotropic,0.0125,0.0002154434690031,1,100000,74.96218347549438,27.52837294004099,0.8717013671783364,187.35417179090263,21.738303715671503,0.8251050476729468,710.6737762706947,19.96561947903568
418,0.35,True,672.8459376209614,511.5832526988638,0.3426109653002607,0.1,0.01,anisotropic,0.0125,0.01,6,100000,75.11723184585571,31.284447108101663,0.9503106698101084,334.9213816791291,28.08296796933763,0.8992976786729301,699.9883113084134,17.163176169710823
419,0.35,True,752.6221549082424,675.9401276160695,0.3310161844502644,0.1,0.01,anisotropic,0.0125,0.01,6,100000,74.88106369972229,25.82212994718064,0.934187156350798,1480.8185377157697,25.86438960663685,0.9388782123903406,1466.4790956172028,25.99798760549218
420,0.35,True,791.7874646821227,769.0370231701668,0.2080435681532235,0.1,0.01,anisotropic,0.0125,0.0046415888336127,5,100000,74.58942747116089,24.925186594306187,0.8827001168474057,2014.6218404607669,25.405125282343302,0.9080235533864204,1803.8468776662876,27.98296339639317
421,0.35,True,789.8285246517594,635.5471437082623,0.3099870295043179,0.1,0.01,anisotropic,0.0125,0.0046415888336127,5,100000,74.9463312625885,32.84505865979307,0.9456312086609638,318.4909703075168,29.10113048416433,0.8968531420585936,754.205927844899,21.846368758149858
422,0.35,True,92.11489694564168,90.27080587795788,0.3513604191747231,0.1,0.01,anisotropic,0.0125,0.0215443469003188,7,100000,75.10746097564697,36.80930621756066,0.9801828336793824,1.768060692723237,35.84376498032609,0.9874066704326944,2.208265527141966,2.515412517769781
423,0.35,True,494.92588439787886,486.2164100466733,0.2934600863343879,0.1,0.01,anisotropic,0.0125,0.01,6,100000,74.44561815261841,30.45295669331877,0.9529885855537816,219.9024397436461,28.33183236651196,0.943714122611987,358.3789398572877,16.465541774956282
424,0.35,True,58.50120125662764,53.58529298788693,0.2859645363654768,0.1,0.01,anisotropic,0.0125,0.01,6,100000,74.6192901134491,32.96817605504016,0.946575845924818,1.7211711172288735,30.44256399073072,0.9497869195195004,3.0788267843174357,1.774778263953319
425,0.35,True,549.9793534414118,719.4680128134055,0.2340636729741229,0.1,0.01,anisotropic,0.0125,0.0021544346900318,4,100000,74.34486508369446,30.697268747319814,0.9639860406129644,252.04072500742097,23.597167690441307,0.8625603099653013,1292.6496290757386,22.20399266547394
426,0.35,True,442.0889708720037,534.445574473971,0.1742189084510198,0.1,0.01,anisotropic,0.0125,0.0021544346900318,4,100000,74.49345684051514,26.285569988862623,0.9091700030256044,442.5706823109449,24.419598710536174,0.8695520869445007,680.1109527513365,18.894805951466285
427,0.35,True,887.8164785755415,636.3479695062357,0.5417990484609808,0.1,0.01,anisotropic,0.0125,0.01,6,100000,74.74294328689575,30.86459367672323,0.9512991357878168,644.4691697890172,29.42100199080074,0.9535991171755352,898.5894490401986,22.2577134045507
428,0.35,True,351.5640975395266,329.05174567725305,0.3591324906128013,0.1,0.01,anisotropic,0.0125,0.0021544346900318,4,100000,75.47892451286316,32.32032468346553,0.9382989513206984,72.03402584762262,27.04137637743445,0.91553029712602,242.90279827486196,12.992929827071402
429,0.35,True,117.94994941117824,179.7175114572455,0.1618588898001112,0.1,0.01,anisotropic,0.0125,0.1,9,100000,74.09588766098022,25.043213668641364,0.850508368332916,42.3886223126782,24.553685405242387,0.8748384049300163,47.446275685581085,5.025654014636324
430,0.35,True,143.84869037078303,103.27334643661528,0.3393797294431617,0.1,0.01,anisotropic,0.0125,0.0002154434690031,1,100000,75.36275815963745,33.94063881791067,0.9457161244737794,8.284448118106866,29.891545109325985,0.8870920533200499,21.046164149247883,3.5496419655693643
431,0.35,True,761.7491210857547,640.4237654792091,0.365782814862569,0.1,0.01,anisotropic,0.0125,0.001,3,100000,75.54227995872498,27.232358778581872,0.8945356389476149,1036.786678951002,27.00227936477045,0.9141277739102353,1093.1942782851784,23.243463258438037
432,0.35,True,618.5998452529448,617.5978576230123,0.3528825108121849,0.1,0.01,anisotropic,0.0125,0.0464158883361277,8,100000,74.1107587814331,25.84806731134835,0.9371897592823276,993.3521737168904,25.317183003238497,0.9337352944182734,1122.5137700837734,17.222447490272575
433,0.35,True,102.02155344666744,66.51521599699139,0.4732951146816055,0.1,0.01,anisotropic,0.0125,0.001,3,100000,75.05810475349426,33.56425821987279,0.941439667979777,4.486213812683863,26.82086015996345,0.8519172728580707,21.194334005426175,2.9920440213346304
434,0.35,True,85.02269930888244,77.20624976260045,0.3530115315217154,0.1,0.01,anisotropic,0.0125,0.0215443469003188,7,100000,75.13232612609863,35.21355972623376,0.9737734176732632,2.175557560595069,32.57894920723582,0.9790554334061676,3.990539648777928,2.240671259313424
435,0.35,True,701.2681623276609,1042.4461058205095,0.1848709396707472,0.1,0.01,anisotropic,0.0125,0.0004641588833612,2,100000,74.45364284515381,20.195322177746743,0.7128248923397703,4669.698866184428,18.04726050326988,0.6670774525091796,7657.64171337545,47.68092293260642
436,0.35,True,73.69024335782933,108.66339645969433,0.1949680204184393,0.1,0.01,anisotropic,0.0125,0.0046415888336127,5,100000,74.09460258483887,23.54607797159284,0.9012626525598988,23.807183735931787,22.913711388374715,0.8559140307790428,27.53877907586076,4.250466305836032
437,0.35,True,822.0381992310658,608.3622756535972,0.4530074887817413,0.1,0.01,anisotropic,0.0125,0.001,3,100000,75.63293695449829,31.201751191414026,0.9402336730085332,501.6599213177696,29.001516007727336,0.931258958131612,832.5933236481509,21.333533635673515
438,0.35,True,706.5359849293397,582.6889584049137,0.4019840670528163,0.1,0.01,anisotropic,0.0125,0.0215443469003188,7,100000,75.07471036911011,29.424209780726244,0.9772149671884668,569.5103959207645,28.815241234847186,0.9655845016204556,655.2371471166139,16.259025506025022
439,0.35,True,82.26743186125786,81.18050916951209,0.3063456708761454,0.1,0.01,anisotropic,0.0125,0.01,6,100000,75.28908967971802,30.17782965534097,0.956223127995457,6.471940442216601,29.019558659410865,0.9591566339604156,8.450095391367011,2.3624784770025062
440,0.35,True,85.75287637110672,83.05321009825904,0.3114100561003197,0.1,0.01,anisotropic,0.0125,0.0215443469003188,7,100000,74.68115973472595,32.23647848167075,0.9676464752939928,4.387644114733012,29.85953302395157,0.9703870178579403,7.584482264776029,2.4517630296000363
441,0.35,True,986.6529389226744,1049.3835560577984,0.2959440701635352,0.1,0.01,anisotropic,0.0125,0.0215443469003188,7,100000,74.18940114974976,34.98353462708491,0.9573114078768054,308.9389155664446,32.99030675305551,0.975564018364366,488.8722715947728,35.80722575862572
442,0.35,True,374.8965249603642,427.8718962702208,0.2424242801387656,0.1,0.01,anisotropic,0.0125,0.01,6,100000,74.72517371177673,26.088412266922557,0.9297758271485642,345.2526899988961,25.63191820692876,0.929925096383182,383.5186403409576,13.01520914326433
443,0.35,True,371.271504919824,662.647533808322,0.2361849623852939,0.1,0.01,anisotropic,0.0125,0.0046415888336127,5,100000,74.7802460193634,24.50257536026505,0.8126957946392643,480.5949705698128,21.210901841645757,0.7834775123127337,1025.525759175385,24.449806574644004
444,0.35,True,812.9867676902451,875.2401316656541,0.2960032554160001,0.1,0.01,anisotropic,0.0125,0.01,6,100000,76.47138404846191,27.6154803152506,0.9273318065914676,1143.8023351997008,25.89304320069486,0.9319794665004836,1700.5706929665428,34.01762604479564
445,0.35,True,947.3013288064748,990.4587393267636,0.2846306868822256,0.1,0.01,anisotropic,0.0125,0.0464158883361277,8,100000,75.05266046524048,31.76363939722476,0.9622149588251878,596.4864980251182,30.044371773375296,0.9657552667249172,886.1910913773131,30.131548892333388
446,0.35,True,986.015062759048,981.8597458212064,0.2474422076539172,0.1,0.01,anisotropic,0.0125,0.01,6,100000,75.5126702785492,27.552497172455475,0.9420865689753688,1705.7726155277282,26.635466187767904,0.9473959623087952,2106.8044957494003,29.124340612527096
447,0.35,True,753.6248070736826,627.8955403234785,0.4093496977628554,0.1,0.01,anisotropic,0.0125,0.0002154434690031,1,100000,75.10058116912842,31.543878551431877,0.928470342589974,368.5110148820781,29.37917531836686,0.9179899186826372,606.6256879800252,23.32414588384213
448,0.35,True,376.88332594538485,614.046625927824,0.1973694113689074,0.1,0.01,anisotropic,0.0125,0.0021544346900318,4,100000,74.97459697723389,24.238148949196574,0.8104025045178452,478.8414476495275,20.19882331185758,0.7523148349531864,1213.736182559663,22.284011460723185
449,0.35,True,84.4172159819701,78.11426089530141,0.2985495161393945,0.1,0.01,anisotropic,0.0125,0.0002154434690031,1,100000,75.78553986549377,26.091171064963827,0.8879547466666345,16.02525638005073,24.654711255211595,0.8538253120808369,22.30750337074729,3.1633606298969843
450,0.35,True,777.3697690115093,782.6803394816102,0.2727814550638568,0.1,0.01,anisotropic,0.0125,0.0215443469003188,7,100000,74.55477380752563,35.74902817257262,0.9622069707424236,160.75777700276367,37.16662072407583,0.9879401024503008,115.98791373435998,21.089027398271934
451,0.35,True,558.8458454860693,751.970806509324,0.2148236784326439,0.1,0.01,anisotropic,0.0125,0.01,6,100000,74.5710346698761,33.367518995410826,0.9260775828625122,142.92113598701624,27.05608751045428,0.8889740456619971,611.2791854501024,24.57826061881157
452,0.35,True,424.7977872377293,395.24266190237466,0.2511064072023142,0.1,0.01,anisotropic,0.0125,0.01,6,100000,75.58645749092102,23.35250182140725,0.925771034805428,831.2314433727321,23.406732395842905,0.9307447122764544,820.9163503372239,11.939780524453708
453,0.35,True,906.4480307096412,1206.169846057864,0.2474855598458994,0.1,0.01,anisotropic,0.0125,0.0021544346900318,4,100000,75.10971426963806,28.34700646793309,0.9106374271026396,1195.105443109473,24.390553577658302,0.90161446742165,2972.0185339698933,43.975141606591
454,0.35,True,112.0862848238452,121.05311840428764,0.3077941195805325,0.1,0.01,anisotropic,0.0125,0.0046415888336127,5,100000,74.57529354095459,32.304132750097864,0.9553774590874928,7.22289546728921,29.25993853271504,0.9306411976246772,14.558973359730652,3.590882303178979
455,0.35,True,493.1324791865683,519.9186859403611,0.2981545372880921,0.1,0.01,anisotropic,0.0125,0.1,9,100000,75.64052081108093,24.66861270657433,0.9286324714539572,826.1790852287297,24.361545985930206,0.9247217796884524,886.7084939087454,12.823244570754431
456,0.35,True,12.34229112265165,11.384719096514264,0.3124285057204678,0.1,0.01,anisotropic,0.0125,0.0021544346900318,4,100000,74.44604706764221,20.81588660223165,0.8377821524648719,1.249029290417503,20.815015367659832,0.8345217989518237,1.2492798822861255,0.4242107173197303
457,0.35,True,469.1919813521321,404.0637358955306,0.3804777915234506,0.1,0.01,anisotropic,0.0125,0.0004641588833612,2,100000,74.66887474060059,30.24694020661942,0.9024957733066163,178.1352185422539,28.253245682518298,0.912459798326151,281.91568750340144,14.73013486566783
458,0.35,True,57.24697240615552,59.20251775328242,0.3047210168022288,0.1,0.01,anisotropic,0.0125,0.0215443469003188,7,100000,74.78130960464478,37.92470202375728,0.987069511144506,0.5275227595675906,33.7155608269292,0.976153711581355,1.3904498236803555,1.882855894710323
459,0.35,True,119.69909835180384,90.74669385229362,0.4114551550794484,0.1,0.01,anisotropic,0.0125,0.0215443469003188,7,100000,74.3138906955719,25.03054326389977,0.9307153892767436,44.918878941775695,24.16626263249174,0.9194047577856346,54.809642833583965,2.773622215436912
460,0.35,True,118.40872053032776,93.9043579716505,0.3008496264874499,0.1,0.01,anisotropic,0.0125,0.001,3,100000,74.94684028625488,24.44720346058687,0.8800483932042429,49.95996542724156,24.679148719693718,0.9187474193712384,47.361734974049725,4.496985281384648
461,0.35,True,649.5610918139475,833.6374647725119,0.1955387761346623,0.1,0.01,anisotropic,0.0125,0.0215443469003188,7,100000,74.60192489624023,24.750211298471196,0.9223291125934492,1411.7906528635149,22.717828639390905,0.8747226746096122,2254.2836860558687,27.677569730012408
462,0.35,True,746.2988343861579,887.1481260969547,0.1884172382080982,0.1,0.01,anisotropic,0.0125,0.0021544346900318,4,100000,74.82876372337341,23.979839278616115,0.8812288637215366,2186.2077885701474,23.105496566664385,0.8860807655229649,2673.7802336899485,34.62303821284772
463,0.35,True,583.7853963320624,486.0937943670431,0.290772743289404,0.1,0.01,anisotropic,0.0125,0.001,3,100000,75.24753427505493,20.88550610574045,0.8456279868927441,2756.795176773702,19.932989363479034,0.7779579082212511,3432.8606501353424,24.047816938436437
464,0.35,True,962.2103759260674,1041.383104470293,0.2194445697568068,0.1,0.01,anisotropic,0.0125,0.01,6,100000,74.84555792808533,29.11474721100984,0.8987299637127791,950.5561513004212,26.5863959587195,0.8904713155642704,1701.4253604391995,33.54967611768679
465,0.35,True,375.4957089441804,347.9302994626124,0.2141555055092478,0.1,0.01,anisotropic,0.0125,0.0046415888336127,5,100000,75.55101585388184,30.87955342658106,0.9589774485398996,112.72276994283024,28.41280765642392,0.9505663277180204,198.92356287964196,10.297834981133802
466,0.35,True,286.4263741955789,271.5871416580172,0.2585731466171915,0.1,0.01,anisotropic,0.0125,0.0021544346900318,4,100000,74.89110374450684,25.72964553475664,0.9041889480799844,215.89481540253075,25.33056357814272,0.9223398258229166,236.673922599176,9.310896474634694
467,0.35,True,868.7305290612708,697.4426290665926,0.3999654649310256,0.1,0.01,anisotropic,0.0125,0.0215443469003188,7,100000,75.87115526199341,23.48900633924015,0.9138398911697566,3373.89522316538,23.424859213895264,0.914723078872843,3424.0989297962296,18.813884008640525
468,0.35,True,224.3722426809332,149.97927402294653,0.6339638556401442,0.1,0.01,anisotropic,0.0125,0.0215443469003188,7,100000,74.93396401405334,22.783175642171003,0.8532055563911168,263.02396691874657,22.83148965018293,0.8933172637110337,260.114116810322,5.247452897037944
469,0.35,True,963.2593169011708,536.3109941243722,0.5964140596907296,0.1,0.01,anisotropic,0.0125,0.0046415888336127,5,100000,74.65237045288086,34.92962270782117,0.9187256336186096,276.9203938988685,30.315759124493194,0.8610398717393597,801.200661193332,24.131336851474227
470,0.35,True,13.142320215126524,10.381983160444571,0.305199830072719,0.1,0.01,anisotropic,0.0125,0.001,3,100000,74.64584875106812,33.595377349673534,0.9271418995039904,0.0744004477797955,29.33995353374789,0.9280990356574867,0.1982065174707639,0.3915587938707207
471,0.35,True,969.9089478809314,772.0712071143453,0.4329530595406327,0.1,0.01,anisotropic,0.0125,0.0046415888336127,5,100000,75.36712217330933,34.11391045275671,0.966718834408872,363.5381195442128,30.53318876698443,0.940220083205021,829.1290372546523,25.9747766047361
472,0.35,True,44.116752038625535,43.7965084433412,0.2491666299952094,0.1,0.01,anisotropic,0.0125,0.0021544346900318,4,100000,74.45454859733582,31.103606356341533,0.9408583523390738,1.403898359217448,26.938381330503983,0.9131586716490154,3.663179237951472,1.4356799583483035
473,0.35,True,891.251970584373,1123.0604479130247,0.2065031207045628,0.1,0.01,anisotropic,0.0125,0.01,6,100000,73.96854901313782,27.307817324416646,0.9154135748716554,1463.0463559238178,25.500514334058213,0.9225085163758094,2218.1371000272834,38.38897633992985
474,0.35,True,528.1734079772135,523.0107953754775,0.2632247666765555,0.1,0.01,anisotropic,0.0125,0.0215443469003188,7,100000,75.37914156913757,31.645637096515475,0.9555524354785052,190.58904491487655,31.91099133473103,0.9726442537581776,179.29265975033223,14.000255790800264
475,0.35,True,992.971831323181,1216.867560725164,0.2530012777765057,0.1,0.01,anisotropic,0.0125,0.01,6,100000,74.59118795394897,31.53397204850018,0.9454664869909488,650.5426261140082,27.86632181974594,0.9346348820909536,1513.703382475923,37.53352340946714
476,0.35,True,74.72276817066346,54.981968627143466,0.3360686148898768,0.1,0.01,anisotropic,0.0125,0.0464158883361277,8,100000,74.05185508728027,20.43911611659317,0.7947010495949706,49.821444601597065,20.691653166782626,0.8421041380953321,47.0070081943936,1.6060857183767066
477,0.35,True,554.3004301169194,709.2113954432737,0.1748210484977361,0.1,0.01,anisotropic,0.0125,0.0464158883361277,8,100000,75.614177942276,29.86061633045631,0.9251565435463812,285.4685925805952,28.09259229984891,0.9424882883236196,428.9046324627314,19.855469882119955
478,0.35,True,969.33323308348,863.9633842796092,0.3982237275100795,0.1,0.01,anisotropic,0.0125,0.0215443469003188,7,100000,75.05969715118408,36.231303581508655,0.9879363453129678,223.5958931562586,34.04167165195909,0.979975151014738,370.1919882417708,26.01215509597005
479,0.35,True,523.5747463259787,621.294651936827,0.2581382958448846,0.1,0.01,anisotropic,0.0125,0.0215443469003188,7,100000,74.17532730102539,23.666904286778188,0.916804652625172,1176.39496612906,24.597781085824614,0.941997284508988,949.4355247599314,17.83969319640762
480,0.35,True,629.7692394971273,555.0894599436816,0.3602372574589095,0.1,0.01,anisotropic,0.0125,0.01,6,100000,75.79842448234558,34.271783467480994,0.943326313133674,148.05817509693645,31.30121744713561,0.9635743964007416,293.41951451306284,17.350508329943136
481,0.35,True,696.0529402956325,613.7429397640182,0.3239860409111591,0.1,0.01,anisotropic,0.0125,0.0464158883361277,8,100000,73.80762839317322,31.329397933371062,0.9398685745374198,353.1659839777054,32.028637095646914,0.9779978692521482,300.64566807149146,15.794266803134638
482,0.35,True,455.0865237030055,502.896224924881,0.2366748632628448,0.1,0.01,anisotropic,0.0125,0.0464158883361277,8,100000,74.85596466064453,35.713082124597534,0.9771713296134888,55.49439129370816,33.72267554240658,0.9819619416530148,87.75861291349987,13.54609507516343
483,0.35,True,627.9305220039794,521.4852447978152,0.3847185869019671,0.1,0.01,anisotropic,0.0125,0.001,3,100000,74.83386063575745,26.43038000783627,0.8942780794285617,886.1215012219119,26.00449953736852,0.9221318297170727,977.4202257415326,20.267892957774627
484,0.35,True,584.7299976111772,633.3303976932489,0.293445813990907,0.1,0.01,anisotropic,0.0125,0.01,6,100000,75.80596399307251,24.413407596832634,0.9323815553756652,1234.2884832799034,24.435707422114,0.9291886870297948,1227.966995370053,19.52439961957258
485,0.35,True,901.256852480498,524.543600554915,0.642290894267838,0.1,0.01,anisotropic,0.0125,0.0046415888336127,5,100000,75.7828860282898,22.33121867994937,0.8114729898288281,4675.551383606003,22.266877921983948,0.8404322943508544,4745.335358830521,23.615526782378915
486,0.35,True,46.400933961116415,37.688769047578845,0.2326463603643262,0.1,0.01,anisotropic,0.0125,0.0021544346900318,4,100000,75.30349564552307,26.339768138953254,0.920569325327886,4.880750090540707,24.897626903035796,0.8912088741009915,6.803003503205609,1.2539127025133463
487,0.35,True,281.6822264026381,158.282624171825,0.3609128061685066,0.1,0.01,anisotropic,0.0125,0.0021544346900318,4,100000,75.3269145488739,29.7140303420801,0.960067581763544,83.63296990516976,27.814015909313497,0.925078573430814,129.53256414875673,5.238810015480707
488,0.35,True,950.4610725924822,943.1057242823714,0.2323477170032579,0.1,0.01,anisotropic,0.0125,0.0046415888336127,5,100000,74.98509407043457,27.35915703645681,0.9316423293464464,1655.207786701634,24.273981994797712,0.8933375850313218,3367.984040653172,32.135781983938884
489,0.35,True,890.3735201070255,1009.0072183024472,0.2688410943718708,0.1,0.01,anisotropic,0.0125,0.01,6,100000,74.98143720626831,24.336826576484675,0.8551220392757676,2865.7651458894784,22.34637233195325,0.8157567411056161,4531.959507429668,34.4030387602624
490,0.35,True,456.2010960329272,420.8624056390007,0.2549288459412725,0.1,0.01,anisotropic,0.0125,0.001,3,100000,75.57213401794434,24.51622724618228,0.86537263428816,665.0040021963883,24.527642312015946,0.878903204439027,663.2583901111246,15.673479164854722
491,0.35,True,620.5124652037352,647.5447330998207,0.3269846429139471,0.1,0.01,anisotropic,0.0125,0.0464158883361277,8,100000,74.73204040527344,20.76310760111771,0.8788549989406218,3219.973174933454,20.91450519788596,0.8814414442899183,3109.657040713137,17.43233750394263
492,0.35,True,278.10380179815155,323.3195230676062,0.1944540811555178,0.1,0.01,anisotropic,0.0125,0.0215443469003188,7,100000,74.91381645202637,24.86879149336021,0.9284761488399284,251.7970410198596,24.04397246568688,0.9061165408021358,304.46159974446084,9.998301791012349
493,0.35,True,188.9330385640376,197.6258671091248,0.2613393097092444,0.1,0.01,anisotropic,0.0125,0.0215443469003188,7,100000,74.93616461753845,31.727644894777377,0.954301747177037,23.9636099363694,31.01597813506438,0.9732441124373886,28.23052259764817,7.037852769180478
494,0.35,True,464.23470653504216,473.1623305348827,0.2010413657626221,0.1,0.01,anisotropic,0.0125,0.0464158883361277,8,100000,74.85123062133789,37.46939870718944,0.9819505472996228,38.543062564951896,36.065558885661,0.9870305344195462,53.25129848624036,12.627660982313188
495,0.35,True,353.99887579802675,288.7450673148484,0.2385685607262017,0.1,0.01,anisotropic,0.0125,0.0046415888336127,5,100000,75.15285801887512,34.84061862719658,0.9727354590202996,41.012239203572,30.4588786094972,0.9269955909050132,112.48315351862357,8.631671775701653
496,0.35,True,584.0724557390212,336.9210785221495,0.3806911254708779,0.1,0.01,anisotropic,0.0125,0.001,3,100000,74.8768572807312,28.475863009484208,0.9313426326516876,419.5950041988559,26.85682367298137,0.8794469212820144,609.1640177184281,13.638825456703112
497,0.35,True,78.65690232801985,81.79517857214303,0.2538831212977343,0.1,0.01,anisotropic,0.0125,0.0021544346900318,4,100000,74.1876904964447,32.3603097106955,0.953965590260711,3.474848073915861,28.46220653975115,0.9430284729230292,8.526015902867641,2.4745223398319807
498,0.35,True,974.4204128585004,1498.5782326252213,0.2105094671541928,0.1,0.01,anisotropic,0.0125,0.01,6,100000,76.18629550933838,33.10587260726757,0.9290986261807764,463.52655359246177,28.16544131347037,0.94135348226316,1445.8317170197038,52.1690312204502
499,0.35,True,986.2245337351231,742.2934702993487,0.4292674832797874,0.1,0.01,anisotropic,0.0125,0.0021544346900318,4,100000,74.91123819351196,30.28449064708109,0.9266256920686594,901.0409910891514,27.55983604254642,0.927145308483834,1687.368779241791,31.789454224888008
500,0.35,True,698.4635523057254,515.6591488226634,0.3282170758237557,0.1,0.01,anisotropic,0.0125,0.0215443469003188,7,100000,77.39172077178955,24.39815301217322,0.8524341156937061,1718.8226887375974,24.6366617584683,0.8856479106875075,1626.9724657862648,16.836347800747973
501,0.35,True,536.5602699777762,487.617576851042,0.3084817980660446,0.1,0.01,anisotropic,0.0125,0.0215443469003188,7,100000,77.38040280342102,27.37551001637069,0.9515818661544502,526.4155477039815,27.52847823898396,0.9579415907076674,508.1967524556352,12.99399163101977
502,0.35,True,310.2180886700414,229.8963457545132,0.4000590876548975,0.1,0.01,anisotropic,0.0125,0.0001,0,100000,77.2599458694458,29.1763115994203,0.9130568833183056,107.7737809447687,28.731156485880327,0.9070643313206496,119.4066819719382,8.30436638873306
503,0.35,True,813.9812246872417,756.8944669256808,0.427697002862385,0.1,0.01,anisotropic,0.0125,0.01,6,100000,77.8405990600586,22.70929884649029,0.8945600886389142,3545.066231352996,22.780602883189477,0.9105031512898732,3487.337257858968,22.98290775575912
504,0.35,True,685.0464413813254,484.5969474852008,0.2472288152809705,0.1,0.01,anisotropic,0.0125,0.0046415888336127,5,100000,77.36558771133423,28.620261088145696,0.9432894120944604,636.8683142192015,27.9153231298246,0.9553571133042462,749.106280187368,15.170173179321106
505,0.35,True,163.4543224055464,170.85974005977937,0.2772623676223927,0.1,0.01,anisotropic,0.0125,0.01,6,100000,77.59873557090759,29.856361407070487,0.9631666799131136,27.564179840905005,29.51229153796988,0.9706409045522908,29.83678753220188,5.316899350757463
506,0.35,True,911.0162573093486,620.0478436323606,0.3956921241306596,0.1,0.01,anisotropic,0.0125,0.0215443469003188,7,100000,76.70624232292175,23.73741949222208,0.8864429245419336,3483.976486413166,23.489480602601446,0.8870593189044579,3688.664059742039,17.700968008791953
507,0.35,True,822.7147056802459,810.3793047820368,0.2321386248593177,0.1,0.01,anisotropic,0.0125,0.001,3,100000,76.49358105659485,34.2131913647702,0.9364210933842532,246.65730657682212,29.43239690146518,0.8907120231207802,741.6063352457412,25.55751773191114
508,0.35,True,949.8501133786322,693.9357811955495,0.4322477887767625,0.1,0.01,anisotropic,0.0125,0.0001,0,100000,77.77456951141357,27.609115245148917,0.8751162211523265,1536.4117656867782,25.728710602528032,0.8766576926854295,2368.9074215999776,30.957650590355765
509,0.35,True,725.9937888799716,1038.838380143655,0.2026637284326456,0.1,0.01,anisotropic,0.0125,0.0464158883361277,8,100000,76.80502080917358,32.546931675878255,0.929106874407706,290.4623496955545,28.63858615267768,0.943629338949906,714.3719583147146,31.71636972532549
510,0.35,True,613.801780739854,657.1064089001919,0.2378178672805513,0.1,0.01,anisotropic,0.0125,0.0002154434690031,1,100000,79.10992050170898,27.016940830094683,0.8694509729380258,674.1609367506518,23.194894419929323,0.8288190833472945,1625.429828850162,24.908376519338702
511,0.35,True,418.82479325432826,584.8455728389516,0.222000858956699,0.1,0.01,anisotropic,0.0125,0.0021544346900318,4,100000,80.33578753471375,26.399312255030875,0.8820130998683657,400.0123322451071,22.382217414700506,0.837561871924092,1008.7484135503496,22.52458207731597
512,0.35,True,932.7957548706592,476.9278462085315,0.5463837644746043,0.1,0.01,anisotropic,0.0125,0.0021544346900318,4,100000,80.7525327205658,29.38714383429836,0.909441481050173,853.1519191614168,29.206508836231446,0.9414881462522025,889.3851460562255,18.69209232292301
513,0.35,True,866.1978256109079,680.9233284755476,0.2884723706983095,0.1,0.01,anisotropic,0.0125,0.0021544346900318,4,100000,79.5962266921997,24.12203909510843,0.8567795040163377,2889.613418493771,23.06490227228601,0.8393539289265475,3685.983846696513,28.599234565575923
514,0.35,True,46.17345143608322,66.86231235655038,0.2066618790288484,0.1,0.01,anisotropic,0.0125,0.0215443469003188,7,100000,79.85931634902954,32.687763795150964,0.9400911152553392,1.1461363347539015,25.97687911426626,0.9037153543999796,5.3743351840270055,2.1936414844812377
515,0.35,True,27.340607522754752,19.615289676995022,0.3286531954212194,0.1,0.01,anisotropic,0.0125,0.0021544346900318,4,100000,81.75348234176636,32.83778848392626,0.9440893610296988,0.3764327703849778,29.112049298613847,0.911313723850458,0.8876900306123952,0.7656452674047669
516,0.35,True,377.0869035111716,405.03966177369466,0.2763073762667155,0.1,0.01,anisotropic,0.0125,0.001,3,100000,78.30719590187073,25.621966207633527,0.90766488852093,373.66183045479744,23.836419643790062,0.8532958137820884,563.6809961472126,14.51938200435891
517,0.35,True,810.7427774510511,889.3372130073092,0.2559332835800963,0.1,0.01,anisotropic,0.0125,0.0021544346900318,4,100000,76.60012984275818,34.18317810634899,0.9562669253169264,233.07866503110012,27.55812735719005,0.9023288126957856,1071.5380489605172,27.85689991911177
518,0.35,True,987.2888531856296,1132.3464707897544,0.312863994950847,0.1,0.01,anisotropic,0.0125,0.0046415888336127,5,100000,77.21974778175354,26.994818222130107,0.88078125229274,1877.104436476868,25.583373891127028,0.9007571894552427,2597.962447555379,36.72052191079074
519,0.35,True,151.26647421242467,162.40306123600092,0.2140453976227283,0.1,0.01,anisotropic,0.0125,0.001,3,100000,77.47965383529663,29.129980690629147,0.9207996966065982,23.367764850039556,24.326627256244752,0.884303974907304,70.6240334401302,5.590610968281132
520,0.35,True,594.536584636783,397.8728881893117,0.3299758862803856,0.1,0.01,anisotropic,0.0125,0.0046415888336127,5,100000,78.39535355567932,24.177747863715567,0.8427017269026025,1338.5394313817928,25.33721439301484,0.8953409044615535,1024.9071348161783,13.936255164100682
521,0.35,True,381.5099657743905,337.57221769577444,0.4055207608335687,0.1,0.01,anisotropic,0.0125,0.0215443469003188,7,100000,77.44897055625916,26.749274226253203,0.9642990631245208,307.4969745179076,26.021130263826397,0.9458649746191417,363.6262635119487,12.91866106484117
522,0.35,True,969.9444834167886,877.9269970832432,0.2777393479829339,0.1,0.01,anisotropic,0.0125,0.0046415888336127,5,100000,77.25924777984619,28.961129920189425,0.9440289287422116,1193.3396202145318,28.891510735734837,0.9465063109652756,1212.6234944041162,29.685745904541243
523,0.35,True,842.276804212573,523.6133531896323,0.3352152562302992,0.1,0.01,anisotropic,0.0125,0.0046415888336127,5,100000,77.31520891189575,26.802443699489974,0.850958669175273,891.7279738164285,27.79540499188044,0.8866309741774812,709.473635755401,20.871923898051417
524,0.35,True,838.4903760064267,1289.877172748436,0.1722758982550434,0.1,0.01,anisotropic,0.0125,0.0215443469003188,7,100000,77.20994830131531,28.80915766698687,0.9622498292435788,924.5479258795572,23.71401757058044,0.8615907166495272,2988.432413662904,51.73624777020255
525,0.35,True,469.2244666351753,246.17354075385936,0.6071017049074536,0.1,0.01,anisotropic,0.0125,0.0021544346900318,4,100000,78.31795501708984,31.277314328600028,0.9365931297309388,155.68194914834464,31.706078576504027,0.965161037151934,141.04634467613778,10.145392339687533
526,0.35,True,415.4046828353275,493.4016339164045,0.1635951683660924,0.1,0.01,anisotropic,0.0125,0.0046415888336127,5,100000,76.75841426849365,26.685014365345125,0.921763327198992,367.9941643709149,25.322962703312744,0.912931112564083,503.5540553812636,16.22988755421274
527,0.35,True,274.13366485877555,206.12477603733487,0.3191677152690022,0.1,0.01,anisotropic,0.0125,0.0046415888336127,5,100000,76.85923981666565,28.95483801951093,0.916952302726759,94.57107872223509,27.22802800769395,0.932179264213224,140.74706394446895,7.24841853253089
528,0.35,True,57.31912115427619,57.357701623071,0.2032248385779724,0.1,0.01,anisotropic,0.0125,0.0046415888336127,5,100000,76.66870284080505,28.36943460758761,0.9339076741702684,4.6946608801223215,25.64815531417437,0.9126880820732288,8.784805606750362,2.1616783262774097
529,0.35,True,864.8576538787981,781.5599821281526,0.258684945378519,0.1,0.01,anisotropic,0.0125,0.0464158883361277,8,100000,76.88748002052307,34.34983040264339,0.9821736609968934,274.5186623048328,32.620501823594765,0.9811848449704036,408.7942061138587,25.24806846254585
530,0.35,True,813.0881081209475,694.0085333101784,0.3230663415965091,0.1,0.01,anisotropic,0.0125,0.001,3,100000,76.8700897693634,29.142726187386828,0.8973335731175934,791.0647362079419,24.38096469374039,0.8162450198094486,2368.0353131868023,31.781429613780578
531,0.35,True,999.7179556128444,738.6868616888909,0.2259500085389189,0.1,0.01,anisotropic,0.0125,0.0215443469003188,7,100000,77.46887278556824,37.86033304565007,0.983818905838996,163.42811231441138,34.7519389589483,0.9850890814698704,334.322936744934,22.350646440970213
532,0.35,True,996.6402002368314,1179.0704391634804,0.1681545905504693,0.1,0.01,anisotropic,0.0125,0.0046415888336127,5,100000,77.45810270309448,23.6965946360441,0.8125237676975613,4220.789585507743,23.07458000708213,0.8273771536416537,4870.742440600684,43.63654453280878
533,0.35,True,555.8762738970248,365.6324977205806,0.3975332393968951,0.1,0.01,anisotropic,0.0125,0.001,3,100000,77.63576364517212,27.27507614087635,0.9378668155807428,573.0995106315314,27.479674023342024,0.9482642778911804,546.7266568326176,14.492972298036566
534,0.35,True,769.21842776533,645.4488123477482,0.2690382688852303,0.1,0.01,anisotropic,0.0125,0.0046415888336127,5,100000,78.1809594631195,22.23059920591377,0.8457884221173105,3527.2138515851943,22.303418219303342,0.8831043997694734,3468.5654193561745,26.706999257260325
535,0.35,True,944.8209641525456,441.7531234227439,0.5921625710442312,0.1,0.01,anisotropic,0.0125,0.0004641588833612,2,100000,77.28366279602051,31.81896610039121,0.8964393220173268,488.9825662836636,31.544275852583144,0.9178479779370572,520.9096467905637,18.99757468779509
536,0.35,True,849.7977432867341,780.9734340408763,0.2394720210978289,0.1,0.01,anisotropic,0.0125,0.01,6,100000,77.5681037902832,22.41660156382773,0.8714384486663412,4130.733037295839,21.857697210270484,0.8707197845485031,4698.049231296572,29.21375610216853
537,0.35,True,248.10075364145445,217.01446449290805,0.3727262979511807,0.1,0.01,anisotropic,0.0125,0.01,6,100000,77.22476816177368,28.309844679826597,0.9423627251520216,90.79255427132908,26.89636683010613,0.9430160381104769,125.71816091879136,8.129937498205503
538,0.35,True,451.0935911747834,393.8637912285913,0.3761436144970346,0.1,0.01,anisotropic,0.0125,0.001,3,100000,77.41555619239807,33.735011304102464,0.9601414088768896,85.54960575995256,26.765757618479697,0.8685083510379299,425.7389464242872,14.053910737449025
539,0.35,True,130.0302557363435,144.51873581325037,0.2357689127295563,0.1,0.01,anisotropic,0.0125,0.001,3,100000,77.44459104537964,31.624397873288352,0.907730970535867,11.58057128834944,24.814242295965123,0.8663650505401455,55.55786422729173,6.3762000826003575
540,0.35,True,954.0969762314636,686.0180608094181,0.4943618502901339,0.1,0.01,anisotropic,0.0125,0.0046415888336127,5,100000,78.28161644935608,24.476508890670257,0.8403103525147534,3147.471396085724,24.310325369651054,0.8597390023635892,3270.243898728443,24.03086737423638
541,0.35,True,606.5684598164291,577.535820218295,0.2472942647798924,0.1,0.01,anisotropic,0.0125,0.0046415888336127,5,100000,77.52732038497925,32.68241969867803,0.9310989260268184,197.3056760769335,29.89788650513749,0.9446326449164828,374.6216725881293,21.03239901820134
542,0.35,True,229.41416269795928,197.928187984486,0.2538037141487329,0.1,0.01,anisotropic,0.0125,0.01,6,100000,77.75377678871155,22.17074322524876,0.8348889955758807,316.9733909045159,22.030505453367965,0.8337448801849658,327.3758077865828,7.020989745804934
543,0.35,True,672.0289837214509,678.1923016032331,0.2711588177996243,0.1,0.01,anisotropic,0.0125,0.0046415888336127,5,100000,77.48088812828064,27.780621138853185,0.8750487017115738,743.7675539719551,27.878251375028373,0.9434944552378964,727.2340505212363,23.85554569690897
544,0.35,True,618.510112217438,645.0277686371239,0.2381539105309977,0.1,0.01,anisotropic,0.0125,0.0215443469003188,7,100000,77.56676769256592,33.888207726282765,0.9568282591041932,156.12646378598814,30.176373229414843,0.9666592010374776,366.9948525282451,22.20059177418553
545,0.35,True,358.80455531480766,309.4015771329101,0.3324536776867238,0.1,0.01,anisotropic,0.0125,0.0215443469003188,7,100000,76.89229369163513,20.338628695715947,0.7827707319759255,1179.4005562980117,19.86814672728486,0.7703751278401744,1314.345447256184,11.856583792309348
546,0.35,True,114.4440346074294,111.69036078178024,0.360689806497713,0.1,0.01,anisotropic,0.0125,0.01,6,100000,78.03309750556946,31.04105177221603,0.9168400533744095,10.178487807737117,28.562727587778785,0.943416624230348,18.010081545156687,4.057187056710726
547,0.35,True,671.9016223972068,495.9100609368975,0.3070541588674922,0.1,0.01,anisotropic,0.0125,0.001,3,100000,77.78208684921265,23.532006007948063,0.8627167768919952,1915.0183132611835,23.129365209383632,0.8793570095877373,2101.0530169777967,17.590835443257756
548,0.35,True,520.7873932028895,371.5937856485141,0.3868186665691613,0.1,0.01,anisotropic,0.0125,0.0021544346900318,4,100000,77.5374755859375,34.89874372401266,0.9361137240365924,85.64977214866607,32.59786372518364,0.927934860131112,145.48365784878536,11.57986622393389
549,0.35,True,772.5460733439037,484.20704226609325,0.3783648606362795,0.1,0.01,anisotropic,0.0125,0.0215443469003188,7,100000,77.51296806335449,24.50400721440676,0.8417105087594371,2082.762524801829,24.41058885501381,0.8700527432556199,2128.0488384564287,17.810534705872385
550,0.35,True,520.6433376108814,500.8220573905959,0.1856523060549985,0.1,0.01,anisotropic,0.0125,0.0046415888336127,5,100000,75.03798651695251,33.228961009633295,0.9430429711257424,125.60487787829923,29.88177665830237,0.929051005352281,271.4719363880935,15.674211004851616
551,0.35,True,852.3293188182216,711.4289867902368,0.3164870213639664,0.1,0.01,anisotropic,0.0125,0.0021544346900318,4,100000,74.48595070838928,29.38772249716977,0.8949145296900899,676.3384130213184,29.569052056678583,0.9285069019364256,648.6808814540868,21.82193068151918
552,0.35,True,552.3549319357111,452.08333701961305,0.3628986391053057,0.1,0.01,anisotropic,0.0125,0.0215443469003188,7,100000,74.35365390777588,31.57967042053897,0.9715939850718944,212.02417925964767,29.485504086346623,0.9682060203128596,343.40137056458946,13.919455807408632
553,0.35,True,561.3770335638509,451.420298629433,0.2887164955935173,0.1,0.01,anisotropic,0.0125,0.001,3,100000,75.77772855758667,33.519937352107455,0.9214573048240614,113.09392661667208,29.77681958502096,0.8814325756623108,267.7633049084234,15.125799452469868
554,0.35,True,876.7769490556867,637.3795838033416,0.4656308302826982,0.1,0.01,anisotropic,0.0125,0.001,3,100000,75.66717982292175,27.93138890240433,0.9083581025022284,1137.9862324759165,27.522951079568863,0.9137669015273348,1250.2037297808542,24.658864386783748
555,0.35,True,404.0793833461847,463.1942822211005,0.2975319926125327,0.1,0.01,anisotropic,0.0125,0.0215443469003188,7,100000,75.44746732711792,24.812276706675203,0.9234487380357288,538.4010659311672,23.854918171765803,0.912228761345706,671.1842619550929,13.235235070501812
556,0.35,True,134.8812132221901,117.15836313309332,0.3065524902663577,0.1,0.01,anisotropic,0.0125,0.0021544346900318,4,100000,75.52889156341553,30.63311176080914,0.96039136769783,15.65082905473862,27.51386243905273,0.9381474286460888,32.09684020429452,4.10807759897969
557,0.35,True,29.753893637025637,23.73815019969873,0.439101490706461,0.1,0.01,anisotropic,0.0125,0.01,6,100000,74.89358162879944,28.22389102104005,0.8885848982906045,1.3021615894447214,27.96397297953601,0.9210213452367024,1.3824730844862236,0.8543469727113621
558,0.35,True,755.3821184179454,799.5572211034092,0.3273520691753113,0.1,0.01,anisotropic,0.0125,0.0215443469003188,7,100000,75.25363755226135,36.437285773859,0.9750324680936132,129.47228104806828,35.08340905358585,0.9834150615777264,176.83347095692767,22.131607556754616
559,0.35,True,620.6892418021112,657.0655337140971,0.2939737084472887,0.1,0.01,anisotropic,0.0125,0.0215443469003188,7,100000,74.5231544971466,35.33489717409366,0.9716519698694884,112.705243822962,32.8338829556773,0.9768113711692906,200.46822485752364,20.17701397784931
560,0.35,True,704.3756883311244,593.6853719586221,0.3532394521973775,0.1,0.01,anisotropic,0.0125,0.01,6,100000,75.07902479171753,36.143526457203,0.9804550447643952,120.44941744079053,33.029590817259695,0.9773083418266676,246.71654117236827,18.60569211282176
561,0.35,True,213.7511973474018,176.82888570817173,0.3069158603309497,0.1,0.01,anisotropic,0.0125,0.0021544346900318,4,100000,75.12105250358582,27.846439606040665,0.9179070243977142,73.9010826244134,25.424158237281148,0.8614216403828044,129.0859387968627,7.529834825521332
562,0.35,True,137.235104111183,125.13156018265042,0.2430009225799272,0.1,0.01,anisotropic,0.0125,0.0021544346900318,4,100000,75.3204562664032,27.883268188205527,0.8694009500148382,29.4577032951126,27.05021212141729,0.895609725546581,35.686543893617696,4.135728948306723
563,0.35,True,15.530121002214049,23.20710686968221,0.2155395924232743,0.1,0.01,anisotropic,0.0125,0.0215443469003188,7,100000,75.04017663002014,29.97101219228053,0.9415510668047156,0.242570775999056,24.998616603650117,0.881838480921655,0.7622159568468099,0.7595029158086044
564,0.35,True,351.2369712477904,303.6823520747599,0.2639634004641545,0.1,0.01,anisotropic,0.0125,0.0021544346900318,4,100000,74.55064034461975,35.4387734861248,0.9687359491834786,35.23204236403862,29.227085885445646,0.9265660132983256,147.26738648113752,9.89965571498025
565,0.35,True,590.3277691677785,617.2119892701547,0.2135851130709437,0.1,0.01,anisotropic,0.0125,0.0046415888336127,5,100000,74.48821115493774,26.39651508457133,0.9144938348282718,770.8345134775285,23.759974933857485,0.8771443320050011,1414.539784482292,18.164948839786145
566,0.35,True,392.8518010546326,273.9356429764593,0.3228127100317194,0.1,0.01,anisotropic,0.0125,0.0215443469003188,7,100000,74.67328262329102,29.917698435190864,0.9240468875951596,110.25616122141996,29.66574316551324,0.9379676410598312,116.84184189740296,8.025529903032943
567,0.35,True,438.0374471017053,380.1171192018601,0.3303729393720281,0.1,0.01,anisotropic,0.0125,0.0215443469003188,7,100000,74.46736073493958,34.75005378245755,0.9782925460686204,64.25422859048388,33.56868578015591,0.9842761937107856,84.34095499339199,10.443375898109082
568,0.35,True,904.2545357992548,931.8866479080768,0.2315205714949359,0.1,0.01,anisotropic,0.0125,0.0464158883361277,8,100000,74.6099362373352,24.289402938080244,0.8578512686065982,2951.7086250158623,24.077993723127207,0.8814317541676645,3098.948834337495,29.138196432514917
569,0.35,True,348.90721155627705,371.0922932665972,0.3509255745337012,0.1,0.01,anisotropic,0.0125,0.0215443469003188,7,100000,75.55854678153992,27.06999327454292,0.944340196507611,238.97719906451908,26.908732747628637,0.9522807083788826,248.01761069553956,15.698382407102088
570,0.35,True,514.475499670651,500.8579798204444,0.2629547069463354,0.1,0.01,anisotropic,0.0125,0.0046415888336127,5,100000,74.63449001312256,25.86945470707626,0.9065069482832964,669.7851690328137,23.858706599875504,0.8816866239743546,1064.1683483018687,16.58082104747466
571,0.35,True,783.869359728402,1059.1800316470703,0.1977925338406101,0.1,0.01,anisotropic,0.0125,0.0046415888336127,5,100000,75.24717855453491,33.2761314970995,0.9569894329292596,288.06484113495173,23.0635867315431,0.8127924588339288,3025.1348001200768,35.65927504625452
572,0.35,True,397.14623953894886,338.3652532457071,0.4433091947993387,0.1,0.01,anisotropic,0.0125,0.001,3,100000,75.4237277507782,30.115474144581437,0.8689269817870092,132.6110399456038,27.90222191683624,0.876467226532898,220.7521304629011,13.228669643079137
573,0.35,True,622.4646135276456,736.8713209319445,0.2422367707798686,0.1,0.01,anisotropic,0.0125,0.01,6,100000,74.3331356048584,32.8509090556777,0.9414611731980688,200.357677316625,27.39687293365616,0.9355758899657796,703.4117208193825,26.3455088355808
574,0.35,True,862.5013450379985,905.6277693958727,0.2527945165360856,0.1,0.01,anisotropic,0.0125,0.0021544346900318,4,100000,74.97502708435059,32.67411876139324,0.9617714965570724,394.7974031671515,26.728861110749413,0.8946870708553004,1552.0297881972251,28.52673127888412
575,0.35,True,949.5711030339844,1254.4886614539234,0.2527769021462078,0.1,0.01,anisotropic,0.0125,0.0215443469003188,7,100000,75.29260277748108,26.94102769305413,0.9368044316576352,1823.123553679771,24.03937884612432,0.9195647859417736,3556.157494008698,45.78291391508221
576,0.35,True,147.9264074481089,100.5795970233622,0.3630715883404366,0.1,0.01,anisotropic,0.0125,0.0021544346900318,4,100000,75.04499864578247,35.76788478242454,0.9513407506750884,5.791509210819725,33.34760849962384,0.9557420265073996,10.11158832214461,3.4400369674676288
577,0.35,True,926.6610375363329,716.84016667256,0.3966831365722744,0.1,0.01,anisotropic,0.0125,0.0046415888336127,5,100000,74.83136224746704,30.15041118413637,0.882575523091511,793.9956742359332,30.097906563298785,0.9344460570380342,803.6530521696169,25.908796325434
578,0.35,True,492.6241767864586,489.7692476581493,0.2116982485102121,0.1,0.01,anisotropic,0.0125,0.01,6,100000,75.87894797325134,27.788930169515474,0.9233703463879436,401.47552352779934,25.373929374690118,0.8825949377316511,700.0985087520954,15.81562127966771
579,0.35,True,258.9861439106594,207.0963478845783,0.3740658529764102,0.1,0.01,anisotropic,0.0125,0.0021544346900318,4,100000,76.10959935188293,27.77727288023541,0.9275258708902848,111.1032967188198,25.13363284085216,0.9041250254936408,204.21655690173245,7.825325647469916
580,0.35,True,459.6766204820231,400.9685780606694,0.377849144458282,0.1,0.01,anisotropic,0.0125,0.0046415888336127,5,100000,75.84086680412292,28.571029010654364,0.9686891771220189,293.2372035199617,26.814992038418715,0.9532972865300012,439.3622770958276,12.89736431033024
581,0.35,True,980.0525427101916,1018.266300306067,0.304628872598141,0.1,0.01,anisotropic,0.0125,0.0215443469003188,7,100000,74.6287293434143,32.031091154052206,0.9602951821091218,601.5539498297744,30.72155233640512,0.966195908811996,813.2582254252158,34.987309076850146
582,0.35,True,493.1254758988768,527.0662883614114,0.2524708851897693,0.1,0.01,anisotropic,0.0125,0.0215443469003188,7,100000,74.92806768417358,25.481294378683437,0.9050523945791196,680.8356987100783,24.99923272080206,0.9033722996257296,760.7614282660768,16.93678402660588
583,0.35,True,329.4228586772207,328.2743887311422,0.2087222306296726,0.1,0.01,anisotropic,0.0125,0.0464158883361277,8,100000,74.7945659160614,33.56820977104056,0.9750058183702812,47.685122768859,32.17262974229181,0.976702664590102,65.75683596056902,9.69678710535503
584,0.35,True,633.7674534624091,827.8398372379362,0.1956423845931517,0.1,0.01,anisotropic,0.0125,0.0046415888336127,5,100000,74.4042136669159,25.901775271589727,0.9238829158746468,1023.6816316465076,24.68858122701213,0.9059865559818256,1353.581204049244,24.934180942772077
585,0.35,True,240.90547315941487,223.5315150089286,0.3148406312403419,0.1,0.01,anisotropic,0.0125,0.0021544346900318,4,100000,75.11432814598083,32.511317749406096,0.9553470405188598,30.87659966987019,28.286142921009983,0.9286289390974576,81.6858720584609,7.874506821799532
586,0.35,True,76.78746478055525,78.6592800359205,0.2353569450519422,0.1,0.01,anisotropic,0.0125,0.0002154434690031,1,100000,75.01135540008545,17.61950897095138,0.6607660712590201,101.71596692575054,19.033059420509552,0.7475277650672513,73.4571521034307,4.313706217844122
587,0.35,True,129.75084218873857,142.04379915669796,0.2806791156503922,0.1,0.01,anisotropic,0.0125,0.0215443469003188,7,100000,74.99373960494995,33.32765395649084,0.9662634036635056,7.815583948229082,30.65646274830453,0.9725752232112002,14.457078962451932,4.182824872786137
588,0.35,True,128.91779311881467,122.96821306938644,0.2231025422881718,0.1,0.01,anisotropic,0.0125,0.0021544346900318,4,100000,74.99710774421692,24.26809303614919,0.9124281769603296,62.03677869997341,24.537658225363455,0.9288710936341628,58.30324402019173,4.187833644081551
589,0.35,True,152.75079081878206,141.974697916343,0.1857312378068144,0.1,0.01,anisotropic,0.0125,0.0046415888336127,5,100000,74.74028539657593,28.141292235879863,0.9088467782199616,34.13705467842536,27.65102090535851,0.934207157795435,38.21669979513896,4.340831007517548
590,0.35,True,139.68834547676073,98.64500733625546,0.6284005284112089,0.1,0.01,anisotropic,0.0125,0.001,3,100000,75.69650912284851,27.156553970804325,0.8997666321671144,36.323740703327296,27.24666960271029,0.9296985442576424,35.577792971949435,4.0600411085560415
591,0.35,True,641.2338700584114,458.5593789445989,0.4026675562762897,0.1,0.01,anisotropic,0.0125,0.01,6,100000,75.41219091415405,31.698295898781087,0.9444735354435694,267.6059106124797,29.89127358036537,0.9226066781070168,405.69339144322464,16.092073202710125
592,0.35,True,182.69820431474568,123.19624502315229,0.3870687297700982,0.1,0.01,anisotropic,0.0125,0.001,3,100000,75.26337170600891,24.697359907145785,0.8168182306264857,107.30641548974906,24.65493855417971,0.8489785467122664,108.35970724860894,4.996650259202211
593,0.35,True,346.32161604053937,417.1020959442886,0.338346286999978,0.1,0.01,anisotropic,0.0125,0.01,6,100000,74.90880918502808,27.961415499237432,0.9577909253734284,191.5314885731225,26.574680553306468,0.94390522786791,263.5807434343232,13.64828690656582
594,0.35,True,896.8916214961058,1645.5129901508149,0.1661745056297638,0.1,0.01,anisotropic,0.0125,0.0464158883361277,8,100000,74.68895721435547,31.797039032587307,0.923169367134067,526.99826108601,26.342030482644645,0.9004480016563386,1850.5892591473853,48.09434700622221
595,0.35,True,474.4876786226095,553.7479987722454,0.3364559810149106,0.1,0.01,anisotropic,0.0125,0.01,6,100000,75.0726318359375,24.77978632602117,0.8420842881867855,730.5810915782722,24.780475062695132,0.8674876142645299,730.4652397507026,17.784696921900597
596,0.35,True,667.8901807825061,701.1733356117662,0.2265438226669673,0.1,0.01,anisotropic,0.0125,0.0004641588833612,2,100000,74.72547793388367,28.205937116815644,0.8782895774561211,667.3932386102637,24.174289873385,0.8450325073986404,1688.6767610822424,30.168658181011025
597,0.35,True,173.1475513304282,138.05035839829853,0.3728367835742639,0.1,0.01,anisotropic,0.0125,0.0215443469003188,7,100000,74.20201659202576,36.58354457631839,0.9790749835254748,6.572141388890628,34.10538625194552,0.9835230763571317,11.628474114097262,4.445057162146711
598,0.35,True,193.0967297898621,174.2501254631287,0.376245221090883,0.1,0.01,anisotropic,0.0125,0.0464158883361277,8,100000,74.6455147266388,28.629047144706263,0.9523415810328686,51.08654137800136,27.42512821295111,0.9449325000194604,67.40597493938803,4.655725573129499
599,0.35,True,41.82774765021239,39.44316991841358,0.3781871490412816,0.1,0.01,anisotropic,0.0125,0.0215443469003188,7,100000,75.59807300567627,33.72003986023199,0.971988899856312,0.7427059018710321,30.76305475419216,0.9604157758205288,1.4672880671944586,1.2232387144175676
600,0.35,True,169.7661280090924,152.26987136950933,0.2852154652859599,0.1,0.01,anisotropic,0.0125,0.0046415888336127,5,100000,74.96608972549438,32.00787669880077,0.9630229702148784,18.10056832666449,27.371533730051095,0.9317339502790206,52.64128814867536,5.265744695937237
601,0.35,True,279.31174869292664,293.9063933702181,0.2910805716365814,0.1,0.01,anisotropic,0.0125,0.0215443469003188,7,100000,74.78874921798706,38.70816613541485,0.978775322652614,10.503132841654814,38.03876982289302,0.98639571511443,12.253453009351464,9.030588322404016
602,0.35,True,177.83347379247007,162.9621039258509,0.2824041005462646,0.1,0.01,anisotropic,0.0125,0.0215443469003188,7,100000,74.70562362670898,29.95369682151112,0.916854041315374,27.39574024455302,28.66470845617879,0.9133572069536022,36.86225306428644,4.160150699915145
603,0.35,True,89.61383122329856,100.64894994894144,0.3467359011465857,0.1,0.01,anisotropic,0.0125,0.01,6,100000,76.28961253166199,33.29547036149451,0.972795044986354,3.754976749079544,28.594071723013272,0.9352522924841312,11.08529145351277,3.961483345259881
604,0.35,True,121.5152352295002,118.4828025971606,0.418631958850079,0.1,0.01,anisotropic,0.0125,0.001,3,100000,75.68956589698792,32.3177500787796,0.9313427499008547,8.399176334894545,26.947157331614758,0.9033947869032828,28.926505660886136,4.717555654269208
605,0.35,True,461.317989264693,569.0902716748191,0.2701222675195251,0.1,0.01,anisotropic,0.0125,0.0021544346900318,4,100000,75.6707935333252,29.30472120935146,0.8494310007620247,248.27442676038623,26.584956455477943,0.904566927911052,464.4173790765299,21.377323292360924
606,0.35,True,207.12738468738672,200.83093275764415,0.3204880161378129,0.1,0.01,anisotropic,0.0125,0.0215443469003188,7,100000,76.84458374977112,35.18825625781949,0.9867603132225552,12.965757776506551,32.37677710569286,0.9711245304407194,24.771130036557302,5.993407095951558
607,0.35,True,364.90559118702737,295.19645904416643,0.2318593664633742,0.1,0.01,anisotropic,0.0125,0.0021544346900318,4,100000,75.35137057304382,23.700976198158163,0.9062474228257836,565.0208318074923,23.628144086056707,0.8967668272327631,574.5762510884913,12.102487713058894
608,0.35,True,503.913853584002,753.4540073182692,0.2171389488797991,0.1,0.01,anisotropic,0.0125,0.001,3,100000,75.9824652671814,32.97761126318484,0.9286344360714344,127.64162400144632,25.02089098643312,0.8377854310581743,797.378183047415,23.834804391033597
609,0.35,True,690.704433800736,872.019855029172,0.2483644809003179,0.1,0.01,anisotropic,0.0125,0.01,6,100000,76.85835027694702,30.699397936357137,0.9486147245501976,405.54850597843614,26.094456355826804,0.9257145841976528,1170.9462601980113,32.00206843739292
610,0.35,True,40.27282770125784,26.860447871861894,0.5417122445471654,0.1,0.01,anisotropic,0.0125,0.0046415888336127,5,100000,76.17074632644653,19.25314906039284,0.8102987581986938,19.253921079940163,18.854968188245397,0.7925902025521041,21.10266353724702,1.1550276221149822
611,0.35,True,799.6109885101336,887.764300982173,0.2394435485887249,0.1,0.01,anisotropic,0.0125,0.0046415888336127,5,100000,75.0553629398346,32.06753381759843,0.9500417934869044,391.0359419274516,29.595788096527,0.944785287321764,690.8619106656348,25.2544470880006
612,0.35,True,628.2724891014169,578.7233406223479,0.2822078709763959,0.1,0.01,anisotropic,0.0125,0.0046415888336127,5,100000,75.99771046638489,30.466848031580493,0.9689903366061036,352.2912694305644,27.46735666133656,0.93642050678823,702.8311759595383,17.610006695585074
613,0.35,True,82.67727291692303,140.38645909678542,0.158330608179041,0.1,0.01,anisotropic,0.0125,0.0046415888336127,5,100000,76.22714138031006,29.519410137113148,0.8496928513126893,7.577689062067679,24.59133322152832,0.8384048741148514,23.569179953631917,4.808605893221244
614,0.35,True,873.7050454826705,1398.4487848609006,0.1419254378279246,0.1,0.01,anisotropic,0.0125,0.01,6,100000,75.67057943344116,21.0707275676264,0.8158625065249291,5930.156473069018,20.728771203647483,0.7848513383613268,6415.962090547705,46.70817417910228
615,0.35,True,920.9515281312814,1052.837981851569,0.2361151453209208,0.1,0.01,anisotropic,0.0125,0.001,3,100000,77.10617518424988,28.44068826926766,0.9293502431091976,1188.56862664629,26.974932744713843,0.9317093682692358,1665.711618241868,37.75121328552776
616,0.35,True,62.016881895008886,43.93191998688771,0.275084541235075,0.1,0.01,anisotropic,0.0125,0.0046415888336127,5,100000,75.21799206733704,30.8587362942364,0.945722183141055,2.965288331856057,28.904190878547496,0.929638221807621,4.650733674620075,1.3880945731819134
617,0.35,True,277.6007704990565,182.86080474216004,0.444216331358351,0.1,0.01,anisotropic,0.0125,0.0021544346900318,4,100000,75.63118147850037,27.51088607314061,0.9093910398833656,135.6116323133582,24.495770804243016,0.8838965653202198,271.5241547073365,7.564268252123169
618,0.35,True,806.3950785132682,563.9017860379679,0.2144075575660411,0.1,0.01,anisotropic,0.0125,0.001,3,100000,75.81796216964722,23.90106478822468,0.8756432973636242,2573.6654495365237,22.72758848735872,0.8230704444365384,3372.094388111568,23.65216641290198
619,0.35,True,748.5114306932747,721.7693014776399,0.3430167033022234,0.1,0.01,anisotropic,0.0125,0.0215443469003188,7,100000,75.84805154800415,30.975808384984735,0.9414229962067868,436.7477847114464,30.365489959897467,0.9591065281937168,502.64637324078745,18.84962988914393
620,0.35,True,185.3364983370209,160.46536725287174,0.2838988877360476,0.1,0.01,anisotropic,0.0125,0.0215443469003188,7,100000,75.42672395706177,20.267925348608888,0.8335960206910711,322.3672493114269,19.91082757225715,0.8184148840685851,349.99407406865873,5.093700021352818
621,0.35,True,210.1399740133736,113.12693269860333,0.5538623697859357,0.1,0.01,anisotropic,0.0125,0.0464158883361277,8,100000,74.73936867713928,29.25174544716657,0.9194327884536372,48.87181830876924,28.958714866302905,0.9374341833643232,52.28312714944538,3.5236874274183263
622,0.35,True,371.1016306885906,336.116056228759,0.3770487387716241,0.1,0.01,anisotropic,0.0125,0.01,6,100000,75.70420789718628,36.15143440705487,0.9701417637469416,33.401597198713475,32.711632402005506,0.9670221128288544,73.74752247732296,11.520261338023063
623,0.35,True,485.0384622058303,447.7341564209858,0.2646190177419835,0.1,0.01,anisotropic,0.0125,0.0021544346900318,4,100000,76.68221831321716,31.19311742624769,0.8962896579054942,176.11699972273206,26.788542856353487,0.918920025131429,485.5777018299869,17.02572540769912
624,0.35,True,618.6365167587657,699.2629388036264,0.2856976627033904,0.1,0.01,anisotropic,0.0125,0.0021544346900318,4,100000,75.41396021842957,28.25123219763508,0.9610558321140404,569.5152966620467,26.046563596166195,0.9261528427219988,946.176709397036,23.33540858418229
625,0.35,True,369.5447259302026,476.9544122880884,0.2045196002325459,0.1,0.01,anisotropic,0.0125,0.0215443469003188,7,100000,74.95211505889893,30.641922618369787,0.9090411162285992,116.30515594224488,30.679997922264185,0.9635139719317624,115.28994647139226,13.119830706972689
626,0.35,True,463.0721814170148,374.19035564577615,0.2889738275062756,0.1,0.01,anisotropic,0.0125,0.01,6,100000,75.9619779586792,30.171260099760836,0.9596700096421068,206.0061949552682,28.52497025188256,0.9623355128949872,300.9603375660364,11.289083827324436
627,0.35,True,747.7234671956228,645.3568275811763,0.353568720352106,0.1,0.01,anisotropic,0.0125,0.01,6,100000,75.30370330810547,34.89031184535281,0.9709151469755992,180.96614130407335,34.58171751678443,0.981778596060192,194.29282324229752,18.75447625872514
628,0.35,True,37.6465196877073,44.02952527224026,0.230892699084528,0.1,0.01,anisotropic,0.0125,0.001,3,100000,76.09926748275757,31.33594029298488,0.9394709220115368,0.8338566033715157,23.28187202571663,0.8021634634291464,5.327190152107752,1.4473057089310797
629,0.35,True,253.18450739967676,220.83055662458227,0.3248327879366341,0.1,0.01,anisotropic,0.0125,0.01,6,100000,75.99060106277466,33.27448099966228,0.9490417999646668,29.65763242393777,31.527149529546875,0.958767796134132,44.34754930694436,6.589793192919044
630,0.35,True,713.6362362986679,750.1524250629785,0.2661755091733437,0.1,0.01,anisotropic,0.0125,0.0215443469003188,7,100000,75.01691675186157,34.03172203030909,0.954350772503103,200.82795708112016,31.29793211717029,0.9658538734742756,376.8800611914192,20.791393011887426
631,0.35,True,895.3116308495121,801.9057466773374,0.2929303095841568,0.1,0.01,anisotropic,0.0125,0.001,3,100000,74.90483570098877,32.21763984267304,0.9227220617037788,472.5983573052352,28.24062995880991,0.8791140226627799,1180.8458187166054,25.82787128866028
632,0.35,True,512.1657646735505,438.109407342155,0.26858398473883,0.1,0.01,anisotropic,0.0125,0.001,3,100000,74.86957335472107,33.52885498473987,0.9137137144564424,114.63618658127945,29.46459935294407,0.8916514837221023,292.24513744145474,17.05567657920167
633,0.35,True,532.5813717800503,367.6237919813406,0.3646580418373174,0.1,0.01,anisotropic,0.0125,0.0215443469003188,7,100000,76.1762638092041,26.66828973533545,0.9230186275140816,607.6362585020446,26.89443774253555,0.9500455464886272,576.804819129602,10.874655004955873
634,0.35,True,108.06483932843628,93.20713099742984,0.3180018251320595,0.1,0.01,anisotropic,0.0125,0.0046415888336127,5,100000,75.64846706390381,27.530080446922256,0.9622421569134768,20.55065103091003,26.25285121506375,0.9442606087070524,27.577094527596667,2.882117411304805
635,0.35,True,447.9649544566312,430.66625292751655,0.4135790984141894,0.1,0.01,anisotropic,0.0125,0.0215443469003188,7,100000,75.17166018486023,36.53138606038189,0.9846994191092135,44.57370758545267,36.12124750317548,0.9898205215156494,48.98832781906388,11.808765096333833
636,0.35,True,533.0846491885682,508.99648678680063,0.2569733926878532,0.1,0.01,anisotropic,0.0125,0.0215443469003188,7,100000,76.10873556137085,37.73964330830611,0.9754674694803817,47.79387603620284,38.43617644856614,0.99079119240919,40.71167198685176,13.777098260546984
637,0.35,True,243.2280331310949,376.7058929863912,0.2083588448678709,0.1,0.01,anisotropic,0.0125,0.0002154434690031,1,100000,75.60088801383972,27.17906504153651,0.8603437785406544,106.9554281929165,22.283729591555744,0.7351284955444514,330.1690618677959,11.68166257628226
638,0.35,True,269.9739877184316,273.41258290854523,0.2363572279816629,0.1,0.01,anisotropic,0.0125,0.0215443469003188,7,100000,75.89454984664917,30.211232983845843,0.959304272568266,69.41712307914072,28.02424255557385,0.9525688308762956,114.859164713168,10.300463984532586
639,0.35,True,377.906878941518,312.6982175374067,0.2912123843070032,0.1,0.01,anisotropic,0.0125,0.0021544346900318,4,100000,76.33443593978882,31.16041425349565,0.9471369231239606,108.06943355903095,27.950926345264445,0.8982597336013112,226.2828635380256,11.366553640505767
640,0.35,True,21.051126579948644,25.39651769340823,0.1779002535294112,0.1,0.01,anisotropic,0.0125,0.001,3,100000,76.28322267532349,24.76548358674936,0.8657928488317768,1.454542095966496,20.953001325445044,0.809782120490728,3.499246370633837,1.119008342382103
641,0.35,True,322.75708641759513,233.37592314677585,0.507966097303248,0.1,0.01,anisotropic,0.0125,0.0464158883361277,8,100000,75.23393440246582,24.65328784063967,0.8732987713420406,346.3363716154532,25.123694043166147,0.8972190400837367,310.78316306835325,6.976695500191415
642,0.35,True,212.2365589895481,244.83853333439768,0.2813607884699226,0.1,0.01,anisotropic,0.0125,0.001,3,100000,75.26878380775452,28.67682914356746,0.9008904809021796,59.9780386351518,26.838227609895007,0.8972609414687602,91.59091823062948,8.716806860124006
643,0.35,True,328.1698548257367,275.2949458086411,0.4200747936700862,0.1,0.01,anisotropic,0.0125,0.0021544346900318,4,100000,75.62045121192932,28.31067713243052,0.9244672844936608,156.7185262382107,27.770355926665097,0.9445226630400192,177.4812421291695,10.316443831615162
644,0.35,True,120.64236968743197,65.01598966484754,0.5997643495906849,0.1,0.01,anisotropic,0.0125,0.001,3,100000,76.58309769630432,28.92318036834719,0.910669441858314,16.861087961158283,27.802466730122852,0.907053563375608,21.82513596115423,2.5597234255685817
645,0.35,True,890.6367534591551,926.4569287596344,0.2259717674262035,0.1,0.01,anisotropic,0.0125,0.0215443469003188,7,100000,75.0302906036377,34.7970488971298,0.9695544454649232,262.70520653359586,33.321676991820084,0.9784443152454873,368.9825863218242,27.24589343919087
646,0.35,True,593.9988611004947,596.6784152312352,0.1755549075259356,0.1,0.01,anisotropic,0.0125,0.0046415888336127,5,100000,75.3236186504364,22.30010927580566,0.8850195178665278,2068.584876275845,22.304859179564914,0.8844972487921353,2066.323689845556,18.1641530598211
647,0.35,True,679.4232168253451,638.320063767911,0.276675981929316,0.1,0.01,anisotropic,0.0125,0.001,3,100000,76.1719741821289,29.91771284947079,0.9355791764656388,419.1394049226616,24.582671987576987,0.8493124565622812,1431.7347918461026,21.80726446684918
648,0.35,True,789.382067368731,743.2766683752786,0.2951172901832405,0.1,0.01,anisotropic,0.0125,0.0021544346900318,4,100000,76.81099081039429,31.054417109256992,0.8595259343896948,412.0689560121866,27.73743541570746,0.8776126618992032,884.4393703432395,30.481047747442748
649,0.35,True,498.9437567301282,500.9411642402846,0.3279505493217919,0.1,0.01,anisotropic,0.0125,0.0215443469003188,7,100000,75.40146136283875,37.4301396174205,0.9798421650067352,44.96832104404768,36.58794917270076,0.988177166254869,54.59158671509474,14.187727288619014
650,0.35,True,87.83336779933627,40.92754128809867,0.6108916175429961,0.1,0.01,anisotropic,0.0125,0.0021544346900318,4,100000,79.99866271018982,28.958756973025544,0.9164459088106937,5.459869985656028,27.026403945512133,0.893133997594915,8.519568592514252,1.50680816480186
651,0.35,True,537.5694352767292,665.0914628445436,0.259135107938013,0.1,0.01,anisotropic,0.0125,0.0046415888336127,5,100000,78.53824090957642,29.739971871847786,0.9357355735992444,306.14624645517694,27.98959284823733,0.942615339972834,458.10690873391314,25.240562343776407
652,0.35,True,587.2542769028582,529.7400367161947,0.4083702562534821,0.1,0.01,anisotropic,0.0125,0.0046415888336127,5,100000,78.79800963401794,34.03466125642059,0.9487842412171508,129.65608744213952,31.334015505625125,0.9501427365234252,241.4668335575772,16.677233991985045
653,0.35,True,745.6940347101456,650.8770694093009,0.2867647927242186,0.1,0.01,anisotropic,0.0125,0.0002154434690031,1,100000,79.47190356254578,22.29407317294215,0.8279599051682393,3206.3275568814524,21.571773704509543,0.8391830209591812,3786.498895184492,29.29195055564219
654,0.35,True,432.2278866834497,381.4304101986739,0.3190410202484161,0.1,0.01,anisotropic,0.0125,0.001,3,100000,79.22461891174316,23.8557991729272,0.8922839510603754,765.8773242235491,24.179244195116787,0.9100456702109628,710.9101404819442,13.939472585387506
655,0.35,True,128.4527224927682,142.20080683670824,0.2676208933982042,0.1,0.01,anisotropic,0.0125,0.0215443469003188,7,100000,79.2105963230133,32.23246113755096,0.9738151899105192,9.842457017116152,28.776754761835605,0.9404771553805789,21.8109290209149,4.936997069341116
656,0.35,True,284.49212989292573,291.5187361880174,0.301122619464596,0.1,0.01,anisotropic,0.0125,0.0046415888336127,5,100000,79.2595374584198,33.14633872897038,0.9129420374480962,32.41232446600983,27.65721136034706,0.8989397290880377,114.71571455684152,11.40738513351784
657,0.35,True,363.7192141022365,276.1306097000569,0.3734102646383851,0.1,0.01,anisotropic,0.0125,0.0002154434690031,1,100000,79.35019421577454,31.18364287609079,0.9101100581826954,80.98559276609026,29.20661606888015,0.8765923313415436,127.67634630249836,9.463917439767926
658,0.35,True,646.2713240902697,318.1835784041821,0.6910034257269586,0.1,0.01,anisotropic,0.0125,0.0046415888336127,5,100000,78.87732028961182,31.617137091955048,0.9460690963951478,195.69439916400984,30.83515219571904,0.944222519590802,234.3024801914438,10.75197318170034
659,0.35,True,571.207526364243,547.3200678021817,0.246822439076156,0.1,0.01,anisotropic,0.0125,0.0004641588833612,2,100000,78.92520880699158,32.69213286025735,0.9469329422089358,162.13140577393213,27.45007291307931,0.8805785439122974,542.0921808126907,18.82744287093974
660,0.35,True,356.7406291719484,273.1640371440669,0.2912705536368771,0.1,0.01,anisotropic,0.0125,0.0215443469003188,7,100000,78.64922571182251,25.525291444114263,0.84396856476125,345.68421974419005,25.41159409272767,0.8681753869252513,354.85366075864465,8.706710206561889
661,0.35,True,986.5287335441868,879.0119459577713,0.3045652225229154,0.1,0.01,anisotropic,0.0125,0.0046415888336127,5,100000,78.75136613845825,29.66014839699052,0.934190393270075,1005.64347166234,26.739934040615665,0.9327410069055708,1969.9965893812275,29.24856099432447
662,0.35,True,606.1690445375302,586.6944870690679,0.2742108176178794,0.1,0.01,anisotropic,0.0125,0.0464158883361277,8,100000,78.79605388641357,23.30414352760826,0.8747947929034126,1700.5217893806482,23.44295999312008,0.874586841919976,1647.0263773882623,15.353170205877404
663,0.35,True,237.9895649442585,236.30447471359653,0.2550172894507813,0.1,0.01,anisotropic,0.0125,0.0215443469003188,7,100000,79.37070059776306,33.627239115337474,0.9713766399376064,24.477106598868723,31.897486701844613,0.9688536173426616,36.45317164887901,6.353041707236273
664,0.35,True,102.68069014778334,127.17929498328904,0.2366059505792812,0.1,0.01,anisotropic,0.0125,0.0046415888336127,5,100000,79.31268811225891,24.58956418602092,0.9181056702284884,36.52208347386254,22.254977837279448,0.8382807459678213,62.51931048656704,4.34244824219285
665,0.35,True,153.7062800451477,177.91395712218613,0.2632288864913933,0.1,0.01,anisotropic,0.0125,0.0215443469003188,7,100000,79.13612008094788,25.635830841315205,0.9366932458123184,64.48544128718846,26.3212585964194,0.9612099867333193,55.07048491821753,4.978108878997884
666,0.35,True,246.71177065612363,366.9421748014242,0.177016679633387,0.1,0.01,anisotropic,0.0125,0.0215443469003188,7,100000,79.0088701248169,24.4886668267733,0.8103251965826432,213.1317691746344,22.22796231985694,0.7980534137882075,358.68948100677324,13.889143795812204
667,0.35,True,161.5206918862961,158.7199538097022,0.1815684485102542,0.1,0.01,anisotropic,0.0125,0.0215443469003188,7,100000,78.39015579223633,27.990796608069036,0.9590382154886848,41.4016275578178,28.560330112388137,0.963742987913824,36.31316171915153,4.856395977086347
668,0.35,True,187.3804570272545,199.73607069203297,0.1768572303992756,0.1,0.01,anisotropic,0.0125,0.0215443469003188,7,100000,78.97978734970093,23.356160525433,0.8497612866586436,159.92698143735436,23.68099835279704,0.8706250273245351,148.40138612546133,6.105201852506084
669,0.35,True,285.81007352515326,359.1865794994226,0.2309687233568116,0.1,0.01,anisotropic,0.0125,0.01,6,100000,78.87478709220886,22.65116690062863,0.9021193419402552,442.9832600714235,22.65252801499358,0.8872416938876816,442.8444472545809,11.54635482332704
670,0.35,True,174.20022169946006,150.99257834570292,0.4102146965080061,0.1,0.01,anisotropic,0.0125,0.01,6,100000,79.05895972251892,33.6385016407927,0.949606902619256,12.200003612048835,32.837905381730515,0.963423687060099,14.669644356804495,4.246840339737215
671,0.35,True,896.8686592017988,620.4963894333687,0.4056078958589424,0.1,0.01,anisotropic,0.0125,0.0464158883361277,8,100000,78.75041103363037,22.97940879381009,0.874452920722805,4037.917948514111,23.24198242520625,0.9222759396908888,3801.0197534583976,15.882284964896789
672,0.35,True,81.15351191598057,69.82707248835328,0.3008427123649371,0.1,0.01,anisotropic,0.0125,0.0215443469003188,7,100000,78.67066144943237,36.477023022691625,0.984476386649337,1.4813139103382154,34.712626994537565,0.9840909000024244,2.223753803614356,1.889509179568738
673,0.35,True,524.9868781806845,612.5921837517844,0.2694074016282846,0.1,0.01,anisotropic,0.0125,0.0215443469003188,7,100000,78.6209065914154,31.969242974464645,0.9631131060969592,174.95838254047956,30.092983251337383,0.9685303476762572,269.5012149474415,17.208174694286686
674,0.35,True,410.9864301626719,235.1717873388264,0.3764074597609313,0.1,0.01,anisotropic,0.0125,0.01,6,100000,79.14244842529297,34.24632331687064,0.930442640551188,62.41587654160983,35.15293129267095,0.9654416179561618,50.65639461402352,7.130350696384985
675,0.35,True,982.3962382916978,874.9593711191601,0.2836926993062569,0.1,0.01,anisotropic,0.0125,0.01,6,100000,79.06469821929932,27.028640028852323,0.8965935382602841,1806.3216009216085,26.20788183964657,0.8950950473016464,2182.081133663345,25.921697258620053
676,0.35,True,112.9268632658843,79.52754232775858,0.2027195544729168,0.1,0.01,anisotropic,0.0125,0.0021544346900318,4,100000,78.86454939842224,31.836835809747065,0.9344770491556404,7.379881933804935,29.94178769054404,0.93140128238201,11.417058485320824,2.642074355776915
677,0.35,True,398.4577434466959,470.0534697653782,0.2235355364388103,0.1,0.01,anisotropic,0.0125,0.0464158883361277,8,100000,79.06712031364441,22.218350650555404,0.860298509513898,950.8746775464292,22.220248670135536,0.8935857102058007,950.45920267558,15.662510009984198
678,0.35,True,969.5009628420936,748.5097793094768,0.4158874674052956,0.1,0.01,anisotropic,0.0125,0.0215443469003188,7,100000,79.42665386199951,23.67126903980931,0.9054700644556598,4006.0022148402113,23.2595004636227,0.9012565499199476,4404.413069618215,21.8017150808963
679,0.35,True,865.6416187680862,792.1717589584728,0.3786721308375842,0.1,0.01,anisotropic,0.0125,0.0046415888336127,5,100000,79.47031140327454,36.61085825275705,0.9648379724940016,162.81931274271068,30.37482611758496,0.9408735970396724,684.3986288355521,23.864631850796897
680,0.35,True,817.2549988783306,708.3225780030399,0.2751700777170763,0.1,0.01,anisotropic,0.0125,0.0021544346900318,4,100000,78.54478216171265,32.6185609626207,0.9287232890759995,365.2386421066496,29.68551008285404,0.940414749462378,717.5989712923282,30.202121777628825
681,0.35,True,258.64492421789487,297.82977575213147,0.2276810521220255,0.1,0.01,anisotropic,0.0125,0.01,6,100000,79.6707661151886,21.936127234894258,0.8778132079108096,425.0995243187661,21.63791646179248,0.8790960452810291,455.3147255999672,9.467445933175858
682,0.35,True,171.71669980267575,153.2968436369505,0.2195068075859158,0.1,0.01,anisotropic,0.0125,0.001,3,100000,79.54908585548401,30.201813037463012,0.88301386933121,26.840774944759627,27.09705223815017,0.8990005201265983,54.8619361705004,6.052893610783143
683,0.35,True,668.9745767045066,589.67033400931,0.2407210833871658,0.1,0.01,anisotropic,0.0125,0.0215443469003188,7,100000,78.54255390167236,37.12756021083621,0.97512880180402,86.61867834788266,37.1393838936583,0.9864864669974022,86.38317940471366,15.321956107075536
684,0.35,True,929.4466131384582,1209.4851814247988,0.2553976938197715,0.1,0.01,anisotropic,0.0125,0.0046415888336127,5,100000,78.87939453125,32.88026307640217,0.9249006305843108,391.8890103302936,27.24405006537057,0.8818088097623308,1434.7769331110592,39.32464581333312
685,0.35,True,557.2061301209159,508.208617427712,0.3588295633517061,0.1,0.01,anisotropic,0.0125,0.0215443469003188,7,100000,79.40453815460205,36.56246238638732,0.9749132571386776,68.47305135983855,35.077827078636645,0.9831713637171676,96.37917678919686,16.916753955823562
686,0.35,True,572.04107678043,523.9513185098624,0.1783889464090693,0.1,0.01,anisotropic,0.0125,0.01,6,100000,78.85463881492615,28.511377033173048,0.9645891740088872,459.0679091970181,27.51404310145414,0.9517617760792711,577.5775816130567,15.631523385659293
687,0.35,True,280.6991145666239,385.9513792094292,0.261753744990583,0.1,0.01,anisotropic,0.0125,0.0215443469003188,7,100000,79.22404146194458,34.71255476458139,0.9752839160739863,26.61798694987133,35.54816915961821,0.9824588309061174,21.959061159754224,11.012900052368558
688,0.35,True,769.723440258745,800.0348189241653,0.2597405325344784,0.1,0.01,anisotropic,0.0125,0.0215443469003188,7,100000,78.33571338653564,35.56800501996615,0.970008425998221,164.29676903657352,33.8850510362527,0.9770771657718176,242.06077605162184,24.40019560664532
689,0.35,True,187.85670480896584,150.41823606013867,0.1870738862102324,0.1,0.01,anisotropic,0.0125,0.0215443469003188,7,100000,78.86514782905579,34.309641876792995,0.9655619240215396,13.07927011374528,33.78875774843641,0.9728606760304032,14.745921641679104,4.574515154330489
690,0.35,True,324.35555716783944,272.83458129569647,0.3252170717728497,0.1,0.01,anisotropic,0.0125,0.0215443469003188,7,100000,79.02424001693726,36.74954730035133,0.9742662226640636,22.2098518278816,36.41029711826826,0.9853752363170634,24.014341339029567,7.959565479082685
691,0.35,True,426.0110021778004,562.4808261897908,0.1588306936337293,0.1,0.01,anisotropic,0.0125,0.0046415888336127,5,100000,79.448246717453,29.94201219999359,0.925469293932911,182.53617553055383,26.190829744230932,0.9255510154895392,432.9793584449493,17.07882648200122
692,0.35,True,508.10276830577055,468.5521661456849,0.2833645452375736,0.1,0.01,anisotropic,0.0125,0.0021544346900318,4,100000,78.63498282432556,24.770256467965837,0.8823141248412566,857.0874903341211,25.87167285260344,0.936918543631273,665.0947472760328,18.57278673239088
693,0.35,True,243.16732268266517,249.922359552926,0.2570010180004796,0.1,0.01,anisotropic,0.0125,0.0021544346900318,4,100000,80.0203173160553,27.31647799150368,0.9058266718782966,109.0700831849026,24.56349844086393,0.8940333622839627,205.59076352382647,10.164758701794094
694,0.35,True,115.72198791446434,82.58170355437781,0.3266371918835681,0.1,0.01,anisotropic,0.0125,0.01,6,100000,79.03751397132874,35.95932543843176,0.9773698101162632,3.390790181425521,33.30834882813003,0.9656383928149004,6.243075369026648,2.5083979107068037
695,0.35,True,611.009422399191,464.4302932602533,0.2426622631828404,0.1,0.01,anisotropic,0.0125,0.001,3,100000,79.24448084831238,25.603833227383028,0.8842743883760057,1008.4878689241468,24.269286113139096,0.8511154042264742,1371.2776255045185,17.06404534492021
696,0.35,True,289.34192268701554,217.0149998194234,0.5039029730105108,0.1,0.01,anisotropic,0.0125,0.0004641588833612,2,100000,79.16440534591675,28.662084258202757,0.8457221920024809,111.3427887466664,27.46119119240722,0.9233981420750972,146.80856757760682,11.000819966394593
697,0.35,True,581.6569832011896,409.7946881271382,0.4108009374253856,0.1,0.01,anisotropic,0.0125,0.001,3,100000,79.19408416748047,24.62593009252764,0.838207950112714,1118.1458945424738,23.705310524311017,0.8330435964844296,1382.1667155959171,16.531805552374593
698,0.35,True,155.2083525589281,128.2428413032074,0.3054845499860021,0.1,0.01,anisotropic,0.0125,0.0004641588833612,2,100000,79.03018307685852,29.881850883347035,0.9242749120160906,24.10285739556808,27.42870139578993,0.9191322693052666,42.40172060382266,4.641473547727703
699,0.35,True,481.6589617529627,477.9272764674544,0.3288806647472819,0.1,0.01,anisotropic,0.0125,0.0021544346900318,4,100000,79.71176552772522,23.2482556265661,0.851824370185299,1089.770667046127,22.467755260397144,0.8332787784370017,1304.3229941334598,21.17798655828986
700,0.35,True,533.0568431190343,483.8584336798321,0.3086247019720015,0.1,0.01,anisotropic,0.0125,0.01,6,100000,75.38716983795166,32.03491623950719,0.9493091884892112,176.2605414687036,33.731316696470856,0.9805736425429628,119.2655606945298,13.978638699383607
701,0.35,True,52.77171328560448,44.01115399260232,0.3539278199924806,0.1,0.01,anisotropic,0.0125,0.0021544346900318,4,100000,75.97331237792969,31.41807717505269,0.9253436814917924,1.7993821236525396,29.495917450949545,0.9383520893821063,2.801169403342908,1.5798854498116697
702,0.35,True,337.2676739157267,519.0535087342217,0.1480686676468498,0.1,0.01,anisotropic,0.0125,0.0021544346900318,4,100000,75.28669166564941,25.739440928341256,0.8272277494004352,301.36040653370526,23.040693713073004,0.8112975861747109,560.9974853908285,17.65088345005069
703,0.35,True,135.28026226203528,138.35237419075065,0.263051023240991,0.1,0.01,anisotropic,0.0125,0.0021544346900318,4,100000,75.00131416320801,27.026221246732646,0.890058022525851,35.83440452202723,25.210095893119764,0.9124008288934904,54.43932445448933,5.099343809261365
704,0.35,True,64.31159550229498,107.80706163285974,0.1672376597629909,0.1,0.01,anisotropic,0.0125,0.01,6,100000,75.35996460914612,28.63747066655097,0.907173493324888,5.498715469022678,25.83784622754597,0.8966643981199636,10.476680303696211,2.8221403613526905
705,0.35,True,989.9702721575552,886.2034660505816,0.362607885060634,0.1,0.01,anisotropic,0.0125,0.0215443469003188,7,100000,75.20441269874573,34.56541181629865,0.9690221258804584,341.2405000394253,33.75629533028377,0.9798560923848504,411.1234207935876,23.44100508587233
706,0.35,True,323.03149112974825,336.59728181892496,0.3267072017447111,0.1,0.01,anisotropic,0.0125,0.001,3,100000,76.40797305107117,33.512068270392504,0.8808735699613174,41.83261700310868,23.48622603780217,0.722761395189964,420.8227961316012,16.919063239141007
707,0.35,True,810.0645714087802,890.7678219751758,0.2234446000017955,0.1,0.01,anisotropic,0.0125,0.0464158883361277,8,100000,75.21131300926208,19.127607466559702,0.7698548151757223,8005.884814559552,19.59061279841492,0.8444980709496654,7196.292447629161,28.76638942859624
708,0.35,True,255.3860141090001,213.5394268757433,0.2960944903175899,0.1,0.01,anisotropic,0.0125,0.0046415888336127,5,100000,75.65514326095581,30.36029206530371,0.9435558848513392,49.780991864877045,28.41261975112343,0.9429571891043944,77.95263084687319,6.464957947568587
709,0.35,True,681.8212195017053,737.4953205136507,0.2454307820099624,0.1,0.01,anisotropic,0.0125,0.0215443469003188,7,100000,75.67816996574402,25.50347067206381,0.9074740106436364,1308.2573732072872,23.4853096262134,0.9006000657796223,2082.136970825308,31.72776662105843
710,0.35,True,760.4676320297968,729.806846501512,0.2382006546907821,0.1,0.01,anisotropic,0.0125,0.0021544346900318,4,100000,75.92405247688293,28.490834211934025,0.9374492221602544,807.6372768595629,24.770122882862022,0.8592244673243371,1902.3371479869843,24.646267833305604
711,0.35,True,596.0431018672365,872.9551804501003,0.1706792170736616,0.1,0.01,anisotropic,0.0125,0.0021544346900318,4,100000,75.63203167915344,28.56301669932109,0.9081395656609252,483.81516547123454,24.03125531985092,0.8329083844147857,1373.585239937103,30.636099532864417
712,0.35,True,472.1046123616082,506.29041903347866,0.3027780602960438,0.1,0.01,anisotropic,0.0125,0.0215443469003188,7,100000,75.50091218948364,33.63519794175452,0.9718688131733736,96.42302986251806,29.2564014408055,0.9511839534037144,264.27764256571913,19.42445169820305
713,0.35,True,412.4290732331213,155.21251905758257,0.7527694028517428,0.1,0.01,anisotropic,0.0125,0.0215443469003188,7,100000,76.04584264755249,27.295275681078586,0.8865694714579337,283.36326900443373,27.359504097630364,0.9053845516306182,279.20340631851667,5.228454695289491
714,0.35,True,349.5193982764523,392.95558778447776,0.3123231429785484,0.1,0.01,anisotropic,0.0125,0.0215443469003188,7,100000,75.44697690010071,31.273084158000763,0.9586757670508108,91.10568483685624,28.71680780337556,0.9619261697290232,164.12438529233523,12.173862252714663
715,0.35,True,929.599615103578,1317.959769098663,0.1647668117271066,0.1,0.01,anisotropic,0.0125,0.01,6,100000,75.24131870269775,24.387536751240845,0.9249566868832918,3145.673465896971,22.697306893527696,0.8766736695692655,4642.336582204259,47.36679422685472
716,0.35,True,830.7887883799414,902.346559392242,0.2669492066889645,0.1,0.01,anisotropic,0.0125,0.0046415888336127,5,100000,75.41036009788513,26.530633305242027,0.921172967208043,1528.7393777611603,24.789166847627037,0.9273678544007448,2282.864308576932,31.887268759488723
717,0.35,True,965.061883755846,1438.3735043572085,0.2016848383950358,0.1,0.01,anisotropic,0.0125,0.0215443469003188,7,100000,75.38082695007324,29.13314777022013,0.9643755420837368,1136.9709565774906,28.029311174836728,0.9461987939700084,1465.996827628663,46.8325544298971
718,0.35,True,125.17292626205918,272.064658774158,0.1417945596935405,0.1,0.01,anisotropic,0.0125,0.01,6,100000,75.57650518417358,32.77956244445907,0.9557609365232446,8.24912032216608,22.722312824966707,0.8383798049705548,83.58581862939282,8.295780653254061
719,0.35,True,731.1366077284406,715.6975476974502,0.2031355136027669,0.1,0.01,anisotropic,0.0125,0.0215443469003188,7,100000,75.755530834198,35.88156650148517,0.969658650611866,137.74880256150902,34.58092367132176,0.9802639046422216,185.8455280600996,22.10143355502287
720,0.35,True,938.4021163642168,803.296934838147,0.3654909840340085,0.1,0.01,anisotropic,0.0125,0.0215443469003188,7,100000,75.08220267295837,20.835784253320707,0.8591223276484073,7231.442704175293,20.645868360199117,0.8475504488991475,7554.688099231145,24.446869879563778
721,0.35,True,182.0518330994945,135.38957914627693,0.3262628684249531,0.1,0.01,anisotropic,0.0125,0.0021544346900318,4,100000,76.2458803653717,31.03855145838824,0.9330306032953712,25.940947195318916,27.90279160733928,0.92822144339518,53.40252779865976,5.365113105919542
722,0.35,True,67.42977109941071,72.16068706768503,0.2870818607559694,0.1,0.01,anisotropic,0.0125,0.0021544346900318,4,100000,75.32645726203918,29.20101624415673,0.9004340342512553,5.367089699232314,28.74976842169469,0.9301009329727704,5.954751409408748,2.6653178384213034
723,0.35,True,741.379528640769,381.7805774216422,0.4681810724433001,0.1,0.01,anisotropic,0.0125,0.0215443469003188,7,100000,75.2749993801117,29.278537497073263,0.9134325944487,510.1793157526532,29.13763608041059,0.9246832534065456,527.0028800914921,11.76592042603523
724,0.35,True,574.898640066732,836.1070416591435,0.2076463720313848,0.1,0.01,anisotropic,0.0125,0.01,6,100000,76.22771096229553,27.42844305385188,0.8656791111127647,563.6833058466036,24.87860724596545,0.8763635431773459,1013.955169277198,27.182030664553245
725,0.35,True,841.9869479815138,747.023455016754,0.2412811412976205,0.1,0.01,anisotropic,0.0125,0.0215443469003188,7,100000,75.37039732933044,27.83817059364285,0.8531222577662108,693.4885946690312,26.59818468563024,0.8606168431252792,922.6519707688516,26.059319277490623
726,0.35,True,140.63260424966322,149.0179314700678,0.2639805820182144,0.1,0.01,anisotropic,0.0125,0.001,3,100000,75.64611315727234,20.77381400955561,0.8286821284144199,165.09419124234512,20.85657379801896,0.8474451066743605,161.97791868313143,5.596435219720406
727,0.35,True,795.4720445480303,849.3532982191113,0.2067460334615854,0.1,0.01,anisotropic,0.0125,0.0215443469003188,7,100000,76.1574354171753,29.748707204933133,0.957135594902099,669.9899891434957,30.856814120208877,0.97522998046589,519.1078807284929,28.641133270400196
728,0.35,True,202.4256927276968,202.6753822637123,0.2908512316669677,0.1,0.01,anisotropic,0.0125,0.0464158883361277,8,100000,75.00741171836853,23.723698553967925,0.892581954289306,173.5852904659073,23.250630323054907,0.9060957152829558,193.56184076799903,5.934663705411078
729,0.35,True,164.49228692283882,225.28725488504668,0.1941226740649649,0.1,0.01,anisotropic,0.0125,0.001,3,100000,75.34654021263123,27.03639473460161,0.9492145311094832,52.82988906208093,24.14648672334436,0.8953161844114383,102.77098046312864,7.354355473078564
730,0.35,True,165.10153213306194,186.9916235937634,0.2330149796388539,0.1,0.01,anisotropic,0.0125,0.001,3,100000,75.45425152778625,29.41363097669328,0.8875094607841709,29.98513371936836,23.624986266379825,0.8343201530070057,113.7026170922113,7.926285529139104
731,0.35,True,814.7601455111508,879.1476233666119,0.1902672403100006,0.1,0.01,anisotropic,0.0125,0.0464158883361277,8,100000,75.13621139526367,34.72743474317574,0.980116045363408,223.3666292666585,33.91549044979136,0.983258118251691,269.2853455463916,21.0698812346876
732,0.35,True,665.5320234755039,544.3532758496738,0.2353294345164579,0.1,0.01,anisotropic,0.0125,0.0215443469003188,7,100000,75.98701977729797,32.727652568140165,0.980805750914287,235.95188462104832,30.20265104698833,0.9602064895198724,422.0108361362392,18.8660570726031
733,0.35,True,523.5423593443502,803.9911936556625,0.1731223248570915,0.1,0.01,anisotropic,0.0125,0.001,3,100000,75.50043964385986,28.59744267590287,0.9048156121914794,375.0856931873341,22.812671092017503,0.864076755710052,1421.0444332003792,27.10466078480293
734,0.35,True,359.471653639379,328.8239215313636,0.2548715532540953,0.1,0.01,anisotropic,0.0125,0.0021544346900318,4,100000,75.35732531547546,22.537597281732413,0.8503134799572403,719.9739222088507,22.669057315177238,0.873395269978745,698.5070005203553,14.664848352755673
735,0.35,True,877.3233402722951,683.3063633949768,0.3576573380018477,0.1,0.01,anisotropic,0.0125,0.01,6,100000,75.83710598945618,25.002567559296228,0.8983567103012808,2393.036378458556,24.294184296036256,0.8941957310558722,2817.0050597806726,27.02320595253206
736,0.35,True,393.05266231521273,355.8842796649393,0.2898044554932559,0.1,0.01,anisotropic,0.0125,0.0021544346900318,4,100000,76.56816577911377,28.224230412277794,0.9159695543638458,229.9552712968417,24.77997542300144,0.8722407307375057,508.24003044766704,13.85496076901986
737,0.35,True,816.7828400321055,1107.6095321668947,0.2051443026969689,0.1,0.01,anisotropic,0.0125,0.0021544346900318,4,100000,75.63884139060974,27.963710511345624,0.9263864387466578,1046.0680402282687,24.69326216189396,0.9089959571993372,2221.287478901665,35.64501637267865
738,0.35,True,439.6957736616482,384.4814030523359,0.2925470580582063,0.1,0.01,anisotropic,0.0125,0.0046415888336127,5,100000,76.75791358947754,18.415718735520095,0.7599276544112354,2776.083049903696,18.27818100234968,0.732202922032176,2865.4064077419766,17.031491412775637
739,0.35,True,377.5674849954827,442.3315556564775,0.238568132983807,0.1,0.01,anisotropic,0.0125,0.0021544346900318,4,100000,76.16986012458801,19.751068740360257,0.8042754605798401,1505.0964252287577,19.1800289208556,0.7451243894374528,1716.5968300532363,22.821904347130783
740,0.35,True,463.2171058839368,546.2578708868266,0.2886501431469696,0.1,0.01,anisotropic,0.0125,0.001,3,100000,76.15273571014404,21.75694468754333,0.8476485233167798,1431.2827425513196,20.48335847863615,0.831412230822825,1919.040126425848,25.47490751655033
741,0.35,True,302.0764962899779,309.67055071110553,0.3366377022315424,0.1,0.01,anisotropic,0.0125,0.0464158883361277,8,100000,75.54965615272522,23.00515424228026,0.8889691919619779,456.3534870240768,22.18977931445878,0.8722794743055207,550.6033711927272,9.655500564785658
742,0.35,True,747.8617707960749,939.2336535762322,0.3252778540210373,0.1,0.01,anisotropic,0.0125,0.0215443469003188,7,100000,75.43792867660522,29.758580350760617,0.9626999894783028,590.4342901913154,25.915272371661292,0.9318546516406874,1430.5477862898624,32.84515917984361
743,0.35,True,503.2176697023867,580.5884552288461,0.2361649213098008,0.1,0.01,anisotropic,0.0125,0.0215443469003188,7,100000,75.54597353935242,21.02931360950745,0.8911093734299204,1995.3112305220232,21.447585738238168,0.8876294709640625,1812.1053146605584,21.232917099394516
744,0.35,True,232.9804824516705,163.9092786146699,0.2737064856516207,0.1,0.01,anisotropic,0.0125,0.0021544346900318,4,100000,75.4738883972168,31.54969939089184,0.9549511101952488,35.81872572395551,29.07372930292178,0.93293892998291,63.34424151421772,5.610142444528531
745,0.35,True,899.6749987012939,351.1821238865531,0.7540428740965512,0.1,0.01,anisotropic,0.0125,0.0215443469003188,7,100000,76.57707953453064,24.70322812374181,0.881956583044098,2624.924339796706,24.96468133219146,0.8990253431977245,2471.561770723197,11.299033601379552
746,0.35,True,384.5073301518382,303.3414941272489,0.3274526297503172,0.1,0.01,anisotropic,0.0125,0.0215443469003188,7,100000,75.67338633537292,32.68975983632383,0.9735529473373716,79.43806283894924,30.855858898461737,0.972743524474132,121.17659329855752,10.564335478772314
747,0.35,True,544.0093082528746,545.3200001280575,0.4112061386799119,0.1,0.01,anisotropic,0.0125,0.0215443469003188,7,100000,75.6844093799591,32.14290615229169,0.970424983625172,180.45579256841083,31.029985396741928,0.9731634997830798,233.1647546988192,18.03068924734751
748,0.35,True,906.5656388535824,692.3389413452437,0.3079214217090927,0.1,0.01,anisotropic,0.0125,0.01,6,100000,75.54632878303528,33.04011725110264,0.9388446061037076,378.8019707062744,31.48648429410874,0.9475666140774112,541.7208178272545,21.338690297806625
749,0.35,True,624.6137579180781,482.6774630699775,0.3188590917588755,0.1,0.01,anisotropic,0.0125,0.0464158883361277,8,100000,75.77409744262695,19.243294951694143,0.747649048239815,4562.96026571693,19.55274243810019,0.7923751932426273,4249.148785243492,17.879766935463337
750,0.35,True,117.7811426676557,174.49980772848193,0.1257747041554877,0.1,0.01,anisotropic,0.0125,0.2154434690031882,10,100000,74.86715245246887,25.080291364523937,0.8639538708952935,37.91293452505282,25.018921670030707,0.8736349411591051,38.45248135962585,3.55211595606433
751,0.35,True,939.8922914898616,1607.2053563631678,0.1179835734993586,0.1,0.01,anisotropic,0.0125,0.0215443469003188,7,100000,74.48070502281189,21.041603103832276,0.8567543218204562,6935.800159777307,21.54531311644456,0.874885374932286,6176.260000805551,50.495740288476384
752,0.35,True,628.0803450183464,857.420082168064,0.1695597797197605,0.1,0.01,anisotropic,0.0125,0.01,6,100000,74.96525716781616,26.24869903401879,0.899354030126976,923.084944549409,24.0776022079252,0.8407385782734135,1521.778171728119,26.32837714931517
753,0.35,True,335.57070904242903,242.22296972022053,0.3008947806161179,0.1,0.01,anisotropic,0.0125,0.0046415888336127,5,100000,74.78774929046631,28.13986676067845,0.905683730856654,171.80269920704922,27.6538699784422,0.9232486298305548,192.14525363679303,7.552427788540024
754,0.35,True,140.13280059072386,108.9523576953622,0.3139700673042301,0.1,0.01,anisotropic,0.0125,0.01,6,100000,74.52170991897583,33.998845779154806,0.9294420989217298,7.78807531689973,31.43485285840301,0.9607799725411637,14.054954205824986,3.99604148738578
755,0.35,True,794.2311640810257,806.0668501847749,0.3602725658199606,0.1,0.01,anisotropic,0.0125,0.0215443469003188,7,100000,75.02210092544556,29.78406361893513,0.9600096759625384,662.5801731542251,27.94699067431809,0.9513119841309248,1011.4530550624924,29.58520413608663
756,0.35,True,620.452683172585,742.7555739870533,0.1507679899436056,0.1,0.01,anisotropic,0.0125,0.0464158883361277,8,100000,74.66351795196533,28.609572986413568,0.9611980215960024,529.6971863629971,27.40125033523673,0.950539693177555,699.616319094135,18.875161296059293
757,0.35,True,533.9276308843451,903.215990061717,0.1059859984867433,0.1,0.01,anisotropic,0.0125,0.0046415888336127,5,100000,74.18609118461609,26.108466044963432,0.8601288212026236,674.7127962395025,24.14449092651099,0.8567882580458552,1060.5141284419217,24.433824781919984
758,0.35,True,893.9986904679067,1156.2723202538937,0.1901881551210782,0.1,0.01,anisotropic,0.0125,0.0464158883361277,8,100000,75.31229424476624,28.629035682455736,0.93350639028215,1093.4940606296466,29.66418988094925,0.9607136288461564,861.5907120854641,31.29973479999848
759,0.35,True,788.8086140133062,765.4328911601823,0.3104269170012328,0.1,0.01,anisotropic,0.0125,0.0215443469003188,7,100000,74.53952527046204,24.689379036730287,0.8414585145294063,1988.323267534328,23.887024803683943,0.8421252374483676,2391.7865426166736,26.14659310263903
760,0.35,True,152.52320485301843,134.70705155040497,0.3563360357449107,0.1,0.01,anisotropic,0.0125,0.0046415888336127,5,100000,76.83611869812012,32.66708564837422,0.9267807067970794,12.571560214298689,28.64568692674541,0.937871946476012,31.734309426696395,5.178916296434437
761,0.35,True,312.41034572775266,225.5936970795895,0.3097648048087022,0.1,0.01,anisotropic,0.0125,0.001,3,100000,74.27411389350891,26.67741196550392,0.863008257834901,195.2252847001983,25.99577908018364,0.859482807672291,228.4017112128905,8.482061912591043
762,0.35,True,249.24065067465128,239.092343152978,0.3086022841755815,0.1,0.01,anisotropic,0.0125,0.0046415888336127,5,100000,74.80329513549805,25.686753986377965,0.888981116928412,166.0332360007822,24.341425424308408,0.8834044598177414,226.32258174082884,8.33880457063338
763,0.35,True,744.2023462801043,486.56020326177793,0.5420274433632257,0.1,0.01,anisotropic,0.0125,0.0215443469003188,7,100000,75.09257125854492,19.96339956969541,0.8529908228554717,5564.558691369737,20.02719256027135,0.8622806382917287,5483.418947389615,16.39393322525803
764,0.35,True,34.4989023010436,36.42598540052492,0.3320855909510347,0.1,0.01,anisotropic,0.0125,0.0215443469003188,7,100000,75.03994917869568,34.56674171844609,0.974225307924567,0.4156233237885057,31.006928485452725,0.9655828361712196,0.9433682041587446,1.2548266192161457
765,0.35,True,570.3197951864452,584.7019253782635,0.273630422469721,0.1,0.01,anisotropic,0.0125,0.001,3,100000,75.54995203018188,32.84285969367411,0.893630338310368,164.80191068273734,26.58561965228145,0.8297127526896332,696.1234223782911,24.368841753802197
766,0.35,True,762.6962270549499,592.6851663469704,0.3307950258721957,0.1,0.01,anisotropic,0.0125,0.0004641588833612,2,100000,75.66665601730347,23.28303609329572,0.7950973724801002,2617.97160346656,23.327169467446492,0.856182903053436,2591.5022732324533,29.99902291996605
767,0.35,True,876.8888711249878,609.7734785360278,0.3254559464976894,0.1,0.01,anisotropic,0.0125,0.0002154434690031,1,100000,75.78910303115845,30.30729894326411,0.9175512962461088,686.9664220917425,29.775657443032365,0.9254385958278256,776.4252667326317,24.453408848446276
768,0.35,True,342.7396669671916,352.1621502254816,0.3032041460358509,0.1,0.01,anisotropic,0.0125,0.0021544346900318,4,100000,74.45945954322815,25.00691634925137,0.9357793366566126,369.7766217417835,24.3855219102619,0.9220586463360118,426.6570186749855,12.863822962753858
769,0.35,True,821.4360473673408,625.7081282950232,0.3616721338651555,0.1,0.01,anisotropic,0.0125,0.0215443469003188,7,100000,74.92878103256226,28.39804023453523,0.8916463869761984,826.5935452218088,28.45381350912018,0.9157449138281376,816.0460785273291,18.249191477575696
770,0.35,True,111.52110521825202,89.80913031650275,0.3775778200051327,0.1,0.01,anisotropic,0.0125,0.0464158883361277,8,100000,74.27290368080139,21.386243802567133,0.8208925049004081,88.85650299752389,21.433317285971963,0.8433262450728398,87.89858199615462,2.7404233112099528
771,0.35,True,846.6058394427837,762.7871466281148,0.2600121438910101,0.1,0.01,anisotropic,0.0125,0.0215443469003188,7,100000,74.30430030822754,40.82014605476609,0.9845406633486607,59.28780788411134,38.7946840761748,0.9893460988032284,94.5173617732293,20.341754491606117
772,0.35,True,128.36117366965044,211.508737838487,0.1858060640245697,0.1,0.01,anisotropic,0.0125,0.0215443469003188,7,100000,74.91144490242004,33.164192444603785,0.9579976526247932,7.950224258269245,26.092019710827916,0.9167304048005632,40.51320976800661,6.813909990051249
773,0.35,True,397.8900032698069,432.64681942547855,0.2702637760364659,0.1,0.01,anisotropic,0.0125,0.0021544346900318,4,100000,75.17462348937988,29.4997860868052,0.9097725340857296,175.4037051037659,26.47575896672869,0.9215200994400924,351.91799517483065,16.788805665284823
774,0.35,True,797.498070413774,912.1108518677986,0.2718013437303329,0.1,0.01,anisotropic,0.0125,0.0046415888336127,5,100000,75.46731877326965,32.87762759038502,0.9325904205400088,327.0909103555141,26.81422155465151,0.9107046658999368,1321.323256700841,35.56433168713411
775,0.35,True,150.76750992142502,92.18565527291928,0.4524073940149333,0.1,0.01,anisotropic,0.0125,0.01,6,100000,75.03839778900146,30.38136020889073,0.9209356040334136,15.956440814015592,30.31052458169848,0.9414401212409254,16.21883248987145,2.818444104805911
776,0.35,True,230.02214383740883,303.38810480409063,0.2057476005279421,0.1,0.01,anisotropic,0.0125,0.0215443469003188,7,100000,74.88901829719543,28.857781824775536,0.9607641764041434,68.71725447516991,25.301334871778277,0.9049988462011528,155.85132350310295,9.955447337613377
777,0.35,True,722.5303158246733,1111.1297519408,0.2560775782238939,0.1,0.01,anisotropic,0.0125,0.0215443469003188,7,100000,75.31668424606323,24.18559341452265,0.8836311235161619,1987.0223249828307,21.070413395148293,0.7915858323104529,4071.184163864074,39.884087848292666
778,0.35,True,720.3165000095282,739.2353653960727,0.4746743090559691,0.1,0.01,anisotropic,0.0125,0.0215443469003188,7,100000,75.2979485988617,24.15180540203298,0.9189685504597092,1992.815328792983,23.89134975722452,0.9214756017277378,2115.985170151487,22.33211900914697
779,0.35,True,641.506485252412,693.9734018795343,0.3458996568776178,0.1,0.01,anisotropic,0.0125,0.01,6,100000,75.65136122703552,36.06332975017612,0.9694479758275434,101.7104571951798,34.05516462403582,0.98009783660667,161.5035671581504,20.833908770502838
780,0.35,True,694.2544960226329,493.1148503812437,0.3012180534421404,0.1,0.01,anisotropic,0.0125,0.0002154434690031,1,100000,75.02194786071777,33.57150585646612,0.9105117593763888,207.4390055982132,31.31709939830496,0.9143248622893004,348.6029578348296,19.23917419783633
781,0.35,True,543.1817189042486,533.1600453579956,0.3295432074361744,0.1,0.01,anisotropic,0.0125,0.0215443469003188,7,100000,75.41931557655334,37.643455973995785,0.9804487951785892,50.76037844780133,33.54150812075651,0.9788270748938244,130.53279480238552,16.699738420018097
782,0.35,True,252.5472598480458,163.44715891478413,0.4967063572332247,0.1,0.01,anisotropic,0.0125,0.001,3,100000,75.31745862960815,29.09386090120819,0.94966177300221,77.85741667995812,26.73768178591458,0.879736435290946,133.94234595821763,5.848215605417881
783,0.35,True,346.35029751041554,334.88463579788095,0.3461633580825446,0.1,0.01,anisotropic,0.0125,0.001,3,100000,75.56741666793823,32.62239328885246,0.9352956665127534,63.53340876036452,29.33380553579998,0.9350929233913238,135.47555301296572,12.740982559377366
784,0.35,True,182.41611908462423,170.38226920170402,0.3094234957443459,0.1,0.01,anisotropic,0.0125,0.01,6,100000,74.4950692653656,31.970164634881385,0.9715285846924576,21.12437879192317,30.28397798756416,0.969817790017738,31.14602380334111,5.480627241514526
785,0.35,True,908.5421107722948,660.969599737173,0.2329937334059479,0.1,0.01,anisotropic,0.0125,0.001,3,100000,75.64899444580078,28.344423229038085,0.873941895865224,1104.2419378961388,30.40707183636564,0.9379344254341552,686.7511200667157,26.96057404606477
786,0.35,True,583.8084029713543,648.2294858255775,0.3332533442453439,0.1,0.01,anisotropic,0.0125,0.0046415888336127,5,100000,74.16599559783936,31.056351150666867,0.956910389952542,266.4203491634211,28.666653147077508,0.9548266266428628,461.888546889577,20.58672680870537
787,0.35,True,401.45056534687626,627.7678141325273,0.1862422505707407,0.1,0.01,anisotropic,0.0125,0.0046415888336127,5,100000,75.06964802742004,26.596115336254623,0.8990556825583494,343.67499950889464,22.69231142918513,0.8582307866918716,844.361322462699,22.32547046796121
788,0.35,True,462.5437978404885,457.2297707440641,0.2692853420754781,0.1,0.01,anisotropic,0.0125,0.0021544346900318,4,100000,74.64493918418884,30.37275797615784,0.9652778979745532,191.570993697373,29.25803895461992,0.9614829733635204,247.62908568673544,13.66023628041368
789,0.35,True,947.3360562722036,823.4911458788255,0.3492282282372179,0.1,0.01,anisotropic,0.0125,0.01,6,100000,74.9682297706604,35.360905177656335,0.9555290592490068,260.94426419186675,32.3418909276131,0.9651354194999234,522.9367700181698,24.045619533157485
790,0.35,True,154.19805171296412,157.4327268357811,0.3647340829075339,0.1,0.01,anisotropic,0.0125,0.0021544346900318,4,100000,75.99637460708618,32.72013230808565,0.9184282419316268,11.37917613718883,24.67000562475999,0.7933425170546137,72.63124492923228,6.797598392474423
791,0.35,True,586.6436021847804,606.1414622596047,0.2727828916502378,0.1,0.01,anisotropic,0.0125,0.0215443469003188,7,100000,75.68803787231445,27.5748476685506,0.9448666686306932,601.2648833692904,26.583399280927917,0.9542715636994362,755.458615770237,20.133103807984703
792,0.35,True,506.3827902055815,462.8623985091644,0.3535547469369254,0.1,0.01,anisotropic,0.0125,0.001,3,100000,75.68669986724854,21.730542797420583,0.8947277449740803,1716.040555774675,21.60462433543432,0.8696305489581961,1766.523396071307,18.094645493863016
793,0.35,True,611.8427811992132,781.6557761006962,0.2871829145920988,0.1,0.01,anisotropic,0.0125,0.0046415888336127,5,100000,74.95653796195984,26.92071640404848,0.9325163168622148,755.9245133129399,24.25276391199785,0.8817879153267633,1397.2485840700729,26.2494800355076
794,0.35,True,19.092073637019663,17.39599714390665,0.1616884976939579,0.1,0.01,anisotropic,0.0125,0.1,9,100000,75.2588255405426,19.67382016502397,0.8419496461419962,3.908905964988179,20.02542955021609,0.8575152052495948,3.604908819408495,0.4713254392129539
795,0.35,True,872.2517850352074,1025.9211303708978,0.1956460328049349,0.1,0.01,anisotropic,0.0125,0.01,6,100000,75.78017711639404,35.0664423415226,0.9621082042621268,236.89975650067228,30.78630663867557,0.9601821192347554,634.7141562092999,37.06327774649401
796,0.35,True,932.1861642011288,1030.8420412885057,0.3084628173226371,0.1,0.01,anisotropic,0.0125,0.0021544346900318,4,100000,75.1979467868805,26.040274642726185,0.8639073802690614,1914.1749226183608,24.258448330927173,0.8613172149497315,2885.12247202584,37.08419769088243
797,0.35,True,565.5680504056197,554.7407096874834,0.2174434343824524,0.1,0.01,anisotropic,0.0125,0.0021544346900318,4,100000,75.37763500213623,28.63550920307365,0.9312202200794382,436.4309424163568,25.067229963443264,0.8995672738095725,992.529578092843,21.269100957056363
798,0.35,True,696.9541730530153,600.5859323394,0.268173077361226,0.1,0.01,anisotropic,0.0125,0.01,6,100000,74.87178945541382,30.445857790566244,0.9449893323105348,437.1003296475974,29.706556271682015,0.9639727150508248,518.2165586054545,18.90198456684757
799,0.35,True,922.5768817961184,916.2691541276308,0.2399844797207977,0.1,0.01,anisotropic,0.0125,0.1,9,100000,74.5497887134552,32.102890333303534,0.9304039317990012,381.9443569858394,32.08750167040361,0.9559204224036328,383.3001279643385,22.969545075388385
800,0.35,True,707.5313956790852,1027.2868333604956,0.1505181254521162,0.1,0.01,anisotropic,0.0125,0.0021544346900318,4,100000,78.97554612159729,30.25693290698141,0.8899073437074789,438.6035139814945,22.334116540056257,0.8105980807067241,2718.6527765999285,41.64961780117261
801,0.35,True,153.3865038713471,130.12774798929408,0.438777056742265,0.1,0.01,anisotropic,0.0125,0.0215443469003188,7,100000,78.79363703727722,37.0255237276544,0.989423738842976,4.660612065142575,34.86155741537604,0.9803669934099608,7.670781043834647,3.936009832411653
802,0.35,True,576.7120718066463,462.8848557711684,0.4213600290972942,0.1,0.01,anisotropic,0.0125,0.01,6,100000,78.23702502250671,27.042448898251354,0.8988131002836608,646.9213065692488,26.389215612908345,0.9158089547514848,751.9254485238117,14.219563442156238
803,0.35,True,607.108331336473,589.6161684658671,0.2762631533877974,0.1,0.01,anisotropic,0.0125,0.0215443469003188,7,100000,78.74642252922058,30.452674012317065,0.9590555823280756,331.7529505812396,27.839669796514272,0.9525341413136844,605.5014893463074,18.31640486402386
804,0.35,True,424.7065406310836,561.6850024877926,0.2428828532768165,0.1,0.01,anisotropic,0.0125,0.0046415888336127,5,100000,78.13581347465515,32.77840744350634,0.976296876466062,94.07688186792396,29.042486856364626,0.9530994816451054,222.36937386372276,15.976741729268428
805,0.35,True,736.7077913890981,752.6191138653802,0.2380945704274331,0.1,0.01,anisotropic,0.0125,0.0215443469003188,7,100000,78.78699254989624,30.4442097942388,0.9512688080643288,489.4538813755944,26.180424627564296,0.9115771026980248,1306.4424803075408,28.20496770002801
806,0.35,True,934.432647754246,937.4217023480712,0.29708193955312,0.1,0.01,anisotropic,0.0125,0.0215443469003188,7,100000,78.2808747291565,35.10327296787513,0.9482132132364818,269.3661159124481,35.12569878006508,0.9540730755114494,267.97876595429216,25.515934784898207
807,0.35,True,925.6429443938696,974.736917452402,0.3204509008100352,0.1,0.01,anisotropic,0.0125,0.0021544346900318,4,100000,78.61381530761719,31.355712119366785,0.9414247813095769,623.7822434024209,26.94462929827784,0.9180109667736684,1722.4288457725163,34.72717390610757
808,0.35,True,451.388532032728,425.8283038363606,0.4127840252929395,0.1,0.01,anisotropic,0.0125,0.0215443469003188,7,100000,78.90052008628845,32.71181950015867,0.9755138172371016,109.022114895546,30.4156874772618,0.9716601848996638,184.9812904658014,13.1129445876924
809,0.35,True,114.1248077949145,173.5067962654294,0.216371590393596,0.1,0.01,anisotropic,0.0125,0.0021544346900318,4,100000,78.91458439826965,27.93419895067414,0.8637298230853987,20.512044253098125,20.39675748776388,0.7683138875640997,116.3464378356579,7.678174862262864
810,0.35,True,984.8563577633722,930.597395454208,0.2842409758805477,0.1,0.01,anisotropic,0.0125,0.0021544346900318,4,100000,78.53762483596802,25.5790368778883,0.8972175338555972,2677.0352026381133,24.09089306886946,0.8934479729068009,3771.103595681167,35.961778946017084
811,0.35,True,839.0591883594882,799.4888831923391,0.2772027884438125,0.1,0.01,anisotropic,0.0125,0.0464158883361277,8,100000,78.18321299552917,34.499159674523526,0.9748556373019358,249.6929834082777,33.679067784017306,0.980086041078944,301.58902101480555,22.194772290599527
812,0.35,True,125.53801852206358,142.1720371293052,0.2089465877567428,0.1,0.01,anisotropic,0.0125,0.0215443469003188,7,100000,79.84346842765808,34.12251025781613,0.9792441882224054,6.094656756430815,32.68368621272477,0.976302561261374,8.488513744996741,4.113680419819372
813,0.35,True,920.9210407347548,1014.3373597615268,0.2212223762407244,0.1,0.01,anisotropic,0.0125,0.0021544346900318,4,100000,79.21418285369873,28.485065761357408,0.8500790811224828,1179.4588505948452,24.19682681572137,0.8759436090070828,3165.9692196013034,45.72212241934587
814,0.35,True,870.0264657000662,688.0035608436349,0.3859281001064443,0.1,0.01,anisotropic,0.0125,0.0046415888336127,5,100000,79.28320980072021,30.773527966756237,0.939276941672746,599.1449994826289,29.09893598342282,0.9421266062210611,881.030893604362,24.74412484352374
815,0.35,True,519.319219068946,474.8192375295345,0.3029843313208462,0.1,0.01,anisotropic,0.0125,0.01,6,100000,78.3686375617981,29.16828331106158,0.9572369168012382,326.455313543183,27.44704464701684,0.950016302297626,485.2299601356024,14.78283248494698
816,0.35,True,591.6841603091843,539.1958860777211,0.2514693159737247,0.1,0.01,anisotropic,0.0125,0.001,3,100000,78.13336730003357,26.205273609296555,0.9049076347920356,829.5474207414168,24.561037564361712,0.8731818247712455,1211.3365508974175,18.314721679719725
817,0.35,True,399.6037011662601,455.6309327986839,0.2074416278598146,0.1,0.01,anisotropic,0.0125,0.01,6,100000,78.5455675125122,26.898390699537824,0.93979569758823,326.02582801544384,24.90630210893725,0.9232591517195524,515.7756863214528,14.919088642944978
818,0.35,True,55.7068771832093,52.25373997189819,0.2957111901615611,0.1,0.01,anisotropic,0.0125,0.0046415888336127,5,100000,78.191823720932,31.808895025630957,0.9168052073794876,2.04554900713529,27.4587252110145,0.9352327522865058,5.569636733023516,1.9426832206774047
819,0.35,True,335.862044404255,247.1303138564528,0.2929161881043515,0.1,0.01,anisotropic,0.0125,0.01,6,100000,77.85656785964966,32.926050867569245,0.9766889013748824,57.468757877021694,31.27958161635368,0.9689084520351664,83.96121905016193,8.178238604611563
820,0.35,True,803.0505951494134,884.3926773968473,0.2870473668392395,0.1,0.01,anisotropic,0.0125,0.0215443469003188,7,100000,77.75494933128357,36.91796417311439,0.97071666962871,130.95224301058667,32.58926387861946,0.9738691764755184,354.7994770754995,29.07112149865398
821,0.35,True,5.627390981598256,4.7594806034704735,0.3249584330090395,0.1,0.01,anisotropic,0.0125,0.0215443469003188,7,100000,79.50907397270203,27.485044663671356,0.8797172212658844,0.0493627940677431,27.55012349150016,0.9199175022878996,0.0486286094745534,0.1365839226782549
822,0.35,True,334.16567251945304,349.06414097065567,0.2661206777854124,0.1,0.01,anisotropic,0.0125,0.0021544346900318,4,100000,78.61184239387512,31.612936267302373,0.9584500138517088,76.01070879188951,26.82785015545817,0.927324864269152,228.7617412023833,12.706650979803255
823,0.35,True,398.7705248973524,566.2687424184975,0.2602629638101372,0.1,0.01,anisotropic,0.0125,0.0215443469003188,7,100000,78.18934178352356,25.00367384352066,0.9363373649728108,501.88454874694327,26.7036855978631,0.9505956343833508,339.31468065099006,17.650509749432388
824,0.35,True,537.858207334985,601.8892679996497,0.1987293539526489,0.1,0.01,anisotropic,0.0125,0.0215443469003188,7,100000,77.73668813705444,34.04477426143161,0.9766057227005572,113.93376854391232,32.52148630749302,0.9699666027265867,161.80102108416318,16.265612308030825
825,0.35,True,919.9357607963476,764.4981300744223,0.3534396152035389,0.1,0.01,anisotropic,0.0125,0.0046415888336127,5,100000,78.6172707080841,26.16491850964451,0.9003531548913689,2032.7163247174212,25.584956198348294,0.9194048449434036,2323.127287770673,25.491052695807696
826,0.35,True,346.9996483715953,371.93158441734914,0.2710382299178788,0.1,0.01,anisotropic,0.0125,0.0046415888336127,5,100000,79.43920636177063,29.785413388026893,0.9455363582033396,126.0219503044532,25.36072219555519,0.91233843798652,349.0722422502804,13.175384758438012
827,0.35,True,347.60624869433144,747.4399090205037,0.0874806763852293,0.1,0.01,anisotropic,0.0125,0.0215443469003188,7,100000,78.46224975585938,25.17552176548921,0.8872029269307559,361.531727818732,21.729610859105016,0.8206557448477403,799.3509719723149,18.243210921952173
828,0.35,True,737.7637468616387,887.1593864837934,0.2762033445708058,0.1,0.01,anisotropic,0.0125,0.0021544346900318,4,100000,77.68811130523682,26.3452136025348,0.924090906074623,1238.8659186391503,24.14728005667002,0.8760828071288359,2055.0276055163117,27.339964525787877
829,0.35,True,452.76572294891736,277.5959591905284,0.3923347986975632,0.1,0.01,anisotropic,0.0125,0.0021544346900318,4,100000,78.53704166412354,34.70639663950206,0.9372234916105868,56.66690398614583,31.291004824698216,0.9197165684628004,124.41383205968629,10.929549843256082
830,0.35,True,225.380218117042,247.79231161118287,0.1825308825705204,0.1,0.01,anisotropic,0.0125,0.01,6,100000,78.07852125167847,24.95092564108608,0.9157961496042238,162.203528433639,24.198443741932792,0.912004874782902,192.8894555071433,8.809905173262335
831,0.35,True,452.9870766165607,672.5259364763485,0.1736247034203994,0.1,0.01,anisotropic,0.0125,0.01,6,100000,77.93033742904663,29.27518453014641,0.9078611167648084,242.11035460837223,20.85836316497533,0.6914960469421554,1681.494690499132,26.934678870500367
832,0.35,True,141.71616335942005,150.7676876170155,0.2247151448450958,0.1,0.01,anisotropic,0.0125,0.0046415888336127,5,100000,78.03084707260132,28.578137844924356,0.9461199092583478,27.782415850348624,27.650833079715767,0.9461848113242304,34.39540947923665,5.229832230930171
833,0.35,True,177.21059951971708,246.6734306041008,0.2860057899413913,0.1,0.01,anisotropic,0.0125,0.0464158883361277,8,100000,77.8960874080658,30.23010272634848,0.9161418969038332,26.31236418583094,27.442388891791477,0.911034439647192,49.99553901481245,7.66128209469859
834,0.35,True,498.86940496674026,534.3635505927193,0.2827458647464468,0.1,0.01,anisotropic,0.0125,0.0001,0,100000,78.4459924697876,24.032674305376453,0.8395424121291649,969.1385943980844,23.286645451022203,0.8818846383544782,1150.7706436486735,22.30125386474257
835,0.35,True,419.50652405504337,342.4907459442056,0.4165321882840646,0.1,0.01,anisotropic,0.0125,0.01,6,100000,78.52286076545715,35.804645966231845,0.9686717324534636,45.73337694546424,33.648722771499656,0.95258653873679,75.132110795222,9.533396129077964
836,0.35,True,914.931055167032,844.9151349163094,0.2561632728875702,0.1,0.01,anisotropic,0.0125,0.0002154434690031,1,100000,78.1305582523346,30.286606812099897,0.9012089556230316,765.5913521280021,28.89293605484925,0.8925983142152523,1055.2712222221137,31.32765092003536
837,0.35,True,363.0315052175165,320.2858077390602,0.3002557062013794,0.1,0.01,anisotropic,0.0125,0.0215443469003188,7,100000,78.89676284790039,24.345058283313698,0.8739968649098472,478.269052658654,23.98863650322703,0.8850847453080654,519.1758204762602,10.44203895699239
838,0.35,True,581.0077619277654,1097.8236515740157,0.1272960698363832,0.1,0.01,anisotropic,0.0125,0.2154434690031882,10,100000,78.40405821800232,23.191035390928917,0.8956927996059589,1615.830451122515,23.289566516401766,0.9043395213308756,1579.5838174495343,24.883318505923683
839,0.35,True,632.6320236316109,526.7317969440238,0.3893745706945469,0.1,0.01,anisotropic,0.0125,0.0001,0,100000,79.07956504821777,26.0487872396242,0.8391965706406553,897.41667416042,24.959890832429217,0.8569840205733171,1153.1446150128156,26.32600196420474
840,0.35,True,14.081362131745305,12.629942485328415,0.2517396928263751,0.1,0.01,anisotropic,0.0125,0.0215443469003188,7,100000,77.78584098815918,35.76310673804544,0.982159116713772,0.0524866216473898,34.13704900830457,0.9824878181630982,0.0763228172601585,0.3544734564840428
841,0.35,True,663.8738346446938,540.9557698460382,0.3510255249213507,0.1,0.01,anisotropic,0.0125,0.0021544346900318,4,100000,78.95333909988403,28.484513785599805,0.954239472887653,618.0442900584633,26.0368767985024,0.9105140856168518,1085.883657744196,19.80921950960825
842,0.35,True,178.85793090288166,233.7859451801999,0.2057397169355136,0.1,0.01,anisotropic,0.0125,0.001,3,100000,78.1387300491333,32.54812479709116,0.9471406160419724,17.50205640200029,25.49489232586277,0.9095726943512186,88.79986922262019,8.28507934311526
843,0.35,True,961.1092471519856,1054.1529312422344,0.2430348197221694,0.1,0.01,anisotropic,0.0125,0.0215443469003188,7,100000,78.55729842185974,29.697449831815405,0.961717208444834,989.8418092117032,28.35172148533217,0.957585487846618,1349.393545127985,30.422496315891173
844,0.35,True,149.51406502535986,151.63053814948594,0.2633821262215872,0.1,0.01,anisotropic,0.0125,0.0021544346900318,4,100000,78.49487566947937,33.45205639147584,0.9286455898513856,10.0670263585431,28.87516195546773,0.9062026305874314,28.879565130741504,5.35485897040709
845,0.35,True,415.2094996032967,344.0821770630401,0.3653726781744283,0.1,0.01,anisotropic,0.0125,0.0215443469003188,7,100000,78.0339732170105,34.708554605298566,0.9529229667728212,58.235322935576505,34.56337083566021,0.976873962200792,60.21502418142057,10.605915893820905
846,0.35,True,86.26431841056521,92.45108995451731,0.2240314175535797,0.1,0.01,anisotropic,0.0125,0.0215443469003188,7,100000,77.8012466430664,31.91633171040543,0.9607174654054104,4.782783119795469,28.00507703020656,0.9449776082024428,11.770804749256287,2.9203560659317547
847,0.35,True,996.8773775941014,559.3222504328215,0.6381658662192627,0.1,0.01,anisotropic,0.0125,0.0021544346900318,4,100000,78.07719588279724,25.66668867808484,0.8707397792737807,2595.2301594677647,25.78871940437005,0.9003969776991811,2523.3227712295043,22.141011575860677
848,0.35,True,502.69281532091134,413.8562942100343,0.214290549797277,0.1,0.01,anisotropic,0.0125,0.001,3,100000,77.97752022743225,32.60623647309034,0.9358567412918892,138.47904561511493,27.79867542436804,0.8901111132386501,418.9287507115038,14.500774756847896
849,0.35,True,595.7896323027237,694.9881776719892,0.3047367316999251,0.1,0.01,anisotropic,0.0125,0.0046415888336127,5,100000,79.4165346622467,30.65925958217055,0.93128687915992,298.79649488850373,29.73210080470241,0.9463825745662208,369.9060004583191,22.363627999982768
850,0.35,True,68.00940091103905,77.03196679222691,0.2177999503167389,0.1,0.01,anisotropic,0.0125,0.01,6,100000,77.8794481754303,29.3418021071447,0.9298364573768804,5.221932977781401,27.72909647005245,0.94106285255475,7.570104194899656,2.343343540296166
851,0.35,True,750.2105099287786,761.3051939282283,0.3175238454449475,0.1,0.01,anisotropic,0.0125,0.0021544346900318,4,100000,78.76951861381531,32.8021287506824,0.9266934669899366,294.7430988149309,28.034198345282384,0.8979789860046384,883.5613004914161,28.71706449592136
852,0.35,True,210.6956875024902,342.07032401967257,0.1119199911167048,0.1,0.01,anisotropic,0.0125,0.0464158883361277,8,100000,77.5132246017456,30.648360561868436,0.8850571981701456,17.191190796202722,26.155161652028607,0.9028134199039344,48.37554282971531,9.597439835544492
853,0.35,True,898.156235151273,872.6090378909784,0.2243091615101836,0.1,0.01,anisotropic,0.0125,0.0046415888336127,5,100000,77.87762522697449,27.74865421557593,0.8845949947636803,1330.1694224999098,25.886918534491684,0.8944565357747944,2042.116565490924,31.522987705704598
854,0.35,True,205.9345008415252,179.34828818106172,0.373386652556127,0.1,0.01,anisotropic,0.0125,0.0046415888336127,5,100000,78.67786073684692,34.734916740566966,0.9624844513384376,14.229166414083036,32.53508115303468,0.9719268884756772,23.61364431717744,5.9324143005527015
855,0.35,True,191.4970329430029,239.26226283835405,0.2210404654112998,0.1,0.01,anisotropic,0.0125,0.0046415888336127,5,100000,77.18257904052734,23.5721522006104,0.8757061663252917,160.4809099124256,21.64191028632553,0.7882022412235505,250.29234631174145,8.95534711856387
856,0.35,True,37.51311818024679,32.66073595746687,0.2895123472614773,0.1,0.01,anisotropic,0.0125,0.01,6,100000,77.14124989509583,28.861348136428383,0.9457363023246478,1.824938828333636,27.671374916732702,0.9570668897249702,2.400190063695484,0.980937346601776
857,0.35,True,472.5948781648892,424.9942074673088,0.3977347033024044,0.1,0.01,anisotropic,0.0125,0.0046415888336127,5,100000,78.13187980651855,29.719150170971087,0.93901368352015,236.5326059896429,26.93389177635715,0.8901042258526487,449.1763234717205,13.778040555942038
858,0.35,True,565.2762921293538,589.5894407898259,0.3253886762445817,0.1,0.01,anisotropic,0.0125,0.0215443469003188,7,100000,78.89326190948486,35.636305519020034,0.9624233451233076,87.159480618124,35.55151128341265,0.9801299248820488,88.87795578953379,18.541356336728636
859,0.35,True,66.64293078892402,52.20273470396932,0.3518703278866837,0.1,0.01,anisotropic,0.0125,0.0046415888336127,5,100000,77.29114294052124,25.638110474850883,0.9075103405625712,12.08960812408756,25.921882189161668,0.9470030180259364,11.324917640221232,1.8363970482643428
860,0.35,True,775.7520890783155,712.368393688802,0.3064900058604682,0.1,0.01,anisotropic,0.0125,0.0046415888336127,5,100000,77.49908208847046,21.27319867843817,0.8681855929753979,4479.714704609649,21.909786413374896,0.90837186302244,3868.936331444069,23.673645218797525
861,0.35,True,453.8355459132796,382.7433408221862,0.3608080854251962,0.1,0.01,anisotropic,0.0125,0.0004641588833612,2,100000,77.69201469421387,30.97653073220566,0.9455483492295764,154.19727170625652,25.860106845859452,0.886658019362634,500.86314734178,14.170161916262275
862,0.35,True,524.8658790582524,327.7711531764969,0.4196554174079665,0.1,0.01,anisotropic,0.0125,0.0021544346900318,4,100000,79.48636221885681,35.4896899340682,0.9175629064544698,75.29976523237325,32.96406733004595,0.9318774718534452,134.69636711937358,12.79770786144798
863,0.35,True,441.3219841912899,472.2538065227488,0.2558239460749397,0.1,0.01,anisotropic,0.0125,0.0046415888336127,5,100000,77.0064549446106,25.64501776648608,0.8702566599782979,521.5120867224742,23.02641463154876,0.8272167639193555,953.0697637317904,16.914904852933997
864,0.35,True,401.3622978144506,338.72647650941127,0.2786886460979057,0.1,0.01,anisotropic,0.0125,0.0021544346900318,4,100000,77.49882459640503,23.6776241969666,0.8584274237796782,675.0934892285441,24.14441477950018,0.8906310611219389,606.2962209898783,12.896739810910452
865,0.35,True,560.0806909769096,649.3019268020939,0.2779377208267729,0.1,0.01,anisotropic,0.0125,0.0464158883361277,8,100000,78.85821318626404,28.268448928561668,0.9532976805535852,466.974465719547,27.55328675449508,0.9523562194904268,550.5659532224329,19.255210358311427
866,0.35,True,156.0850056847818,143.65260686399017,0.2533619171969962,0.1,0.01,anisotropic,0.0125,0.0215443469003188,7,100000,76.84182620048523,21.949816769995877,0.8687954934474009,155.43419481884163,21.50338671838318,0.8349218639817665,172.2620348223297,5.560313869380132
867,0.35,True,182.74620236477583,168.61607382590375,0.323983976246776,0.1,0.01,anisotropic,0.0125,0.0215443469003188,7,100000,78.08387327194214,33.73907305502196,0.9832610761197392,14.101063930444612,31.306489538642936,0.9672997768089054,24.689382793959787,5.685843878332713
868,0.35,True,861.9238353925037,820.2578155280831,0.2494767527523421,0.1,0.01,anisotropic,0.0125,0.0464158883361277,8,100000,79.06522130966187,22.851140856798075,0.8466462860417034,3762.655242590609,23.073374138823237,0.8673083333715305,3574.959278590975,23.272095515987623
869,0.35,True,946.169346671499,1121.7254752483009,0.2263002277834306,0.1,0.01,anisotropic,0.0125,0.01,6,100000,77.2042624950409,32.1551100985041,0.9705530638671316,544.2403038731262,27.208066974837077,0.9245898572921014,1700.1804296082669,37.41403601488079
870,0.35,True,373.9360069634732,300.5572883985431,0.3738391146707412,0.1,0.01,anisotropic,0.0125,0.0215443469003188,7,100000,77.73502922058105,36.02751933609832,0.9681210937807624,34.8883657063437,34.99107075098569,0.9794698335680933,44.29201971522402,9.542745261438249
871,0.35,True,271.4739284704102,544.9598913109967,0.1342028648958387,0.1,0.01,anisotropic,0.0125,0.0215443469003188,7,100000,79.21553778648376,23.48460894900015,0.8439155979772974,328.7669315633307,21.61491468860248,0.8106222149902821,505.6587821633066,15.48801561687034
872,0.35,True,644.3555436957768,767.360800589703,0.2336515404270867,0.1,0.01,anisotropic,0.0125,0.0215443469003188,7,100000,76.56503391265869,20.787653159420916,0.877329433013871,3455.2207924241397,20.96259377225909,0.8762633376778718,3318.805057289637,24.86819167550009
873,0.35,True,409.3254369269983,410.7767786346749,0.3119774086028478,0.1,0.01,anisotropic,0.0125,0.0021544346900318,4,100000,77.04864573478699,33.47661006919698,0.9633879684284372,75.0381576743044,27.36826083924033,0.9088272112899992,306.2789050120703,14.567034671083814
874,0.35,True,26.36096930468452,29.590374410116283,0.2618843505981534,0.1,0.01,anisotropic,0.0125,0.0001,0,100000,76.93018698692322,30.245111121470394,0.8774587264337638,0.6088616740830421,27.221740007795397,0.820017265936341,1.2213939060384853,0.9646202834304392
875,0.35,True,156.99644476882418,145.51404206050148,0.2772590714558376,0.1,0.01,anisotropic,0.0125,0.0046415888336127,5,100000,78.83944010734558,17.75612914470149,0.7320994249381472,411.9575034410842,17.419847691847643,0.7080530902330882,445.1235406525453,5.580074778019956
876,0.35,True,716.2562566185501,893.1441842341382,0.3201864827059631,0.1,0.01,anisotropic,0.0125,0.0021544346900318,4,100000,77.63288426399231,25.48062208052192,0.9096936280744206,1443.4955368492683,22.798001307760533,0.8875999254691576,2677.179696535327,33.968180410226815
877,0.35,True,659.2650179682412,745.7498570954564,0.2984448295991809,0.1,0.01,anisotropic,0.0125,0.0464158883361277,8,100000,77.01903676986694,32.81800118141624,0.9738162999798604,227.05331419166671,31.79636972836957,0.9794880843171646,287.27047386686354,22.34032859138048
878,0.35,True,28.068896510980007,25.40808579262256,0.3066116086313993,0.1,0.01,anisotropic,0.0125,0.0004641588833612,2,100000,77.58728241920471,30.440674911964564,0.9346526891852556,0.6547530236053418,28.18341506904972,0.9318211931316728,1.1010410142683862,0.9104527344250452
879,0.35,True,222.7501897710165,208.12848368058405,0.3313384041139229,0.1,0.01,anisotropic,0.0125,0.0215443469003188,7,100000,79.15680599212646,30.796936897004255,0.9720068691836068,41.28124392343999,31.349089055893632,0.9809040462095816,36.3527742481383,5.950168010066703
880,0.35,True,231.8437217914833,427.2044421186066,0.0855586000019392,0.1,0.01,anisotropic,0.0125,0.0021544346900318,4,100000,77.16902112960815,27.914685572877943,0.9151633731477576,83.43457250314712,24.489230903792087,0.8870939185431534,183.607962806341,11.23125819846902
881,0.35,True,672.2208508551297,457.9944914627749,0.3492164503054745,0.1,0.01,anisotropic,0.0125,0.0464158883361277,8,100000,76.89015626907349,25.937163694606657,0.8664550040699973,965.2872354053764,26.004773970497325,0.8781739474565952,950.3761646190856,12.169201637935725
882,0.35,True,20.69082721660979,15.47843976311408,0.3856532843540253,0.1,0.01,anisotropic,0.0125,0.0021544346900318,4,100000,77.75531458854675,29.259482479475896,0.9265803365804216,0.4631676359206346,26.49987597002416,0.8908970219925598,0.8743772636545301,0.5003725798466796
883,0.35,True,105.00447340258928,133.47318128125653,0.1443046235940807,0.1,0.01,anisotropic,0.0125,0.0215443469003188,7,100000,78.36817288398743,21.51194052125112,0.8130112613395352,77.54184449801154,20.52422643107896,0.7821903013362532,97.3436298050652,5.034652493799556
884,0.35,True,800.1161692878162,922.8302820364722,0.2680793093003819,0.1,0.01,anisotropic,0.0125,0.0464158883361277,8,100000,77.57665586471558,21.483837128498024,0.8965643100436054,4540.720925743764,21.721591275553823,0.904481529912828,4298.821340146456,30.030056819120407
885,0.35,True,179.36611739227928,125.08261571223107,0.3307095575816077,0.1,0.01,anisotropic,0.0125,0.001,3,100000,78.1346755027771,23.078162732858395,0.7960492160104555,152.5745522784582,21.370575715139207,0.7314416059463404,226.06889211542867,6.327357322919625
886,0.35,True,653.0933617440228,631.499220542159,0.1919838281764172,0.1,0.01,anisotropic,0.0125,0.01,6,100000,77.19351029396057,26.76264439753976,0.895107813042464,895.2987997243788,25.99209175083053,0.9002602375433003,1069.112154396543,19.282685860970847
887,0.35,True,238.9445982656798,270.5088788247596,0.1834670356469724,0.1,0.01,anisotropic,0.0125,0.0464158883361277,8,100000,78.84554314613342,32.4830305563751,0.9649616684692912,32.20987309127955,31.066076184141515,0.9658881495617702,44.635915926685705,7.3090366517657825
888,0.35,True,100.34195136658582,113.63385899770869,0.2786457887330875,0.1,0.01,anisotropic,0.0125,0.0046415888336127,5,100000,77.32135891914368,27.084586869912787,0.9458350857732558,19.6812718104774,23.213509826710737,0.8752694179256817,47.99111758171469,4.708534112147648
889,0.35,True,243.92901880845463,126.94716845746572,0.4561897213691678,0.1,0.01,anisotropic,0.0125,0.0215443469003188,7,100000,77.81534171104431,24.91033086304325,0.8596857251798158,189.20986507312588,24.69603915967308,0.876316656892569,198.7801190434815,4.491902089251277
890,0.35,True,722.5446649238035,623.8766634284825,0.2228099092243839,0.1,0.01,anisotropic,0.0125,0.0215443469003188,7,100000,79.05750012397766,34.0493624297661,0.977192199383222,204.8796916152984,31.33007155879152,0.9684569705978384,383.2022045171655,16.743620323762176
891,0.35,True,855.8407716381795,852.7399619862845,0.2434214138903996,0.1,0.01,anisotropic,0.0125,0.0215443469003188,7,100000,76.64758634567261,36.70544117957082,0.978955106451212,156.16400821333764,33.53120879045641,0.9825926118359366,324.34274375976315,22.03342911282743
892,0.35,True,830.3896447024246,952.0248705203788,0.2502629023352549,0.1,0.01,anisotropic,0.0125,0.001,3,100000,77.67864084243774,31.24584543809314,0.9517940381184848,512.1794573656348,24.007296384968583,0.8582316672783231,2711.9211679103164,33.08759097683252
893,0.35,True,397.7863460888364,423.43076185082265,0.3121153596384433,0.1,0.01,anisotropic,0.0125,0.0464158883361277,8,100000,78.88159561157227,23.30075590744393,0.9172948817638996,737.8937635747405,23.68854280337211,0.9302895421941446,674.8622728696649,11.90595983112216
894,0.35,True,668.4170514340756,654.387798000511,0.319382235010733,0.1,0.01,anisotropic,0.0125,0.0215443469003188,7,100000,76.38370370864868,33.35482298116278,0.9690114363156618,206.17288044964783,31.555219905009864,0.9714657511859508,312.02676330867354,20.93727888189201
895,0.35,True,205.77931112040517,203.9464661548806,0.3168179684541775,0.1,0.01,anisotropic,0.0125,0.0215443469003188,7,100000,77.09037041664124,32.85168468642722,0.9451891634183052,21.939561404498143,29.24500774213776,0.9569094891527504,50.337962830629344,8.009506295560678
896,0.35,True,293.8545825307522,399.2522712317669,0.1994502674740241,0.1,0.01,anisotropic,0.0125,0.0021544346900318,4,100000,77.62238240242004,28.13522951683733,0.8403852444726218,124.41123575077845,24.221405512726815,0.8372682245320409,306.367014367692,16.493469571678954
897,0.35,True,896.4394827025986,611.2518716058295,0.3620901171785326,0.1,0.01,anisotropic,0.0125,0.0046415888336127,5,100000,79.47655034065247,32.25252307668135,0.9274309503718992,354.4462225218165,31.20766387722504,0.9483059714392262,450.85435825185,19.75409659458094
898,0.35,True,13.9889215872253,15.381214186923154,0.1495005364317252,0.1,0.01,anisotropic,0.0125,0.0464158883361277,8,100000,76.87020230293274,35.36516531525183,0.9775666135373616,0.0567938916794716,34.30959639031364,0.9800470492662868,0.0724200001355231,0.3731987783141319
899,0.35,True,86.42302232361361,98.93180247018364,0.2142058014355233,0.1,0.01,anisotropic,0.0125,0.0215443469003188,7,100000,77.7977557182312,32.49620941136102,0.9594389607602674,4.2019622939884185,30.88340445919302,0.9686176542520308,6.091617788200147,3.5165998295103496
900,0.35,True,208.6783688908813,237.55018799155505,0.2451897645013373,0.1,0.01,anisotropic,0.0125,0.0215443469003188,7,100000,76.45551228523254,37.2928843540043,0.9893071602343164,8.103350222082005,33.41931590678594,0.9734932963976072,19.770673041051094,6.5389954139161
901,0.35,True,27.50567166994589,27.157790291632264,0.3645600435420956,0.1,0.01,anisotropic,0.0125,0.01,6,100000,77.71183753013611,28.66917824409692,0.953695633306328,1.025718711954037,27.58290660618119,0.958693734468752,1.3172112829090956,0.8570487071038064
902,0.35,True,182.2539996547075,186.87764928873216,0.4175381505745645,0.1,0.01,anisotropic,0.0125,0.0004641588833612,2,100000,77.36726498603821,31.87606215672431,0.9297369148568712,20.24069563826016,25.188678374491435,0.7887159562562108,94.3982216119802,7.03297559655901
903,0.35,True,583.4585194087225,570.6899265589905,0.3199830887642049,0.1,0.01,anisotropic,0.0125,0.001,3,100000,77.27359676361084,34.68495773520428,0.9354143457814332,104.74463426347288,30.24978980165494,0.9217207559339844,290.83627795963014,19.50185557552301
904,0.35,True,422.00312604190543,312.40176221144435,0.3564122919449055,0.1,0.01,anisotropic,0.0125,0.0004641588833612,2,100000,78.79749202728271,33.6316276863086,0.9207412968900618,76.83346525117555,28.7623385500411,0.9011398262417396,235.7650005550383,13.370485457066112
905,0.35,True,892.7790393658979,762.1593088054907,0.3768578080452778,0.1,0.01,anisotropic,0.0125,0.001,3,100000,77.0412905216217,30.523157547295344,0.9464112229050762,703.508380547778,25.888041278896328,0.89312846058716,2045.4124834219735,30.79887486341561
906,0.35,True,817.6261181767024,810.4867183068927,0.2461170008282006,0.1,0.01,anisotropic,0.0125,0.0046415888336127,5,100000,76.5080943107605,26.83904699206841,0.9567612844562248,1382.0983086354051,25.69159706661042,0.9247279872026354,1800.0473447489142,26.115714014810983
907,0.35,True,342.4755343461781,350.9118770796019,0.2566585267871407,0.1,0.01,anisotropic,0.0125,0.01,6,100000,76.81290650367737,35.15191687415625,0.9721085149415776,35.70974764661438,30.68399509949684,0.961092217601934,99.90309861473575,10.96739624299307
908,0.35,True,260.1640099978612,233.7776481189207,0.2628220775861158,0.1,0.01,anisotropic,0.0125,0.0464158883361277,8,100000,76.583571434021,34.68795841571689,0.9736595553576708,22.988349551795675,32.93983778677622,0.976967656685822,34.38110693377293,6.800286402799379
909,0.35,True,380.31271575909966,344.51032004158765,0.2408578952107898,0.1,0.01,anisotropic,0.0125,0.0021544346900318,4,100000,76.47978663444519,21.251762337032428,0.8369130098695453,1081.7035620880545,20.594193489639014,0.8293858277586126,1258.5345559447649,12.593202261069536
910,0.35,True,590.704647572293,792.6324989658486,0.2351559016764237,0.1,0.01,anisotropic,0.0125,0.0215443469003188,7,100000,77.09580945968628,36.76852176780714,0.9834368212210632,73.28756391884099,29.64104442151632,0.9485438653087084,378.2492021238287,24.785795003545243
911,0.35,True,268.79557718205336,210.4576053044844,0.4397399112164169,0.1,0.01,anisotropic,0.0125,0.0002154434690031,1,100000,77.94975018501282,29.511125885922997,0.8840125587812556,67.29609928114922,28.324835840260416,0.9097147271225346,88.43392405627468,8.49650872742428
912,0.35,True,624.5247589412849,504.2221927716094,0.3909404972779396,0.1,0.01,anisotropic,0.0125,0.001,3,100000,76.605464220047,33.504832992948764,0.9436851606169254,135.33323016554922,30.023618429583763,0.9189220645668456,301.6656800643666,17.148445830649983
913,0.35,True,410.0022405390492,278.34605599254536,0.3987311200080928,0.1,0.01,anisotropic,0.0125,0.0046415888336127,5,100000,77.99458718299866,30.086254398654408,0.8859006045113663,119.565744134626,30.19919153230914,0.9317446937350444,116.49654829194176,12.03658095825634
914,0.35,True,552.4951336711282,603.583182529733,0.2490404996003445,0.1,0.01,anisotropic,0.0125,0.01,6,100000,76.88794898986816,33.8606429994395,0.9626623000635768,125.38584583595892,27.885215188181927,0.9382061144889994,496.35373599950407,21.256269008951804
915,0.35,True,436.69040260618135,358.8418727262946,0.359101005116928,0.1,0.01,anisotropic,0.0125,0.01,6,100000,76.53232955932617,20.640065551643872,0.8353911465612578,1644.7289910957757,20.809093324821685,0.86806252899807,1581.9456927123824,11.526014214323546
916,0.35,True,295.17129378237576,182.46063095974435,0.4416225131079578,0.1,0.01,anisotropic,0.0125,0.0021544346900318,4,100000,76.48172855377197,18.8871234781953,0.7841295301491947,1123.701955177554,19.12675373079409,0.8049501738066923,1063.379077855354,6.737482934216365
917,0.35,True,948.5048536551946,847.3677479472133,0.3000561578951039,0.1,0.01,anisotropic,0.0125,0.0215443469003188,7,100000,76.58554005622864,31.96301133829945,0.9700990828742396,571.9761771209317,31.87492946372022,0.9799286547053008,583.695208455356,28.201068295174423
918,0.35,True,763.842188365601,536.9002964956376,0.3812086488648384,0.1,0.01,anisotropic,0.0125,0.0021544346900318,4,100000,76.27299308776855,26.184868925223345,0.9077370407660406,1373.701764071134,25.636843782003996,0.8999078238113747,1558.4575249613804,19.365458845080735
919,0.35,True,140.97306259068608,124.40908152925032,0.2111597995310458,0.1,0.01,anisotropic,0.0125,0.0046415888336127,5,100000,76.58096837997437,31.19965948633365,0.9529444542813846,15.02208269606388,26.637183487000083,0.8796749665766276,42.95144194745397,5.239071109218022
920,0.35,True,868.5995079220149,1082.6999516435008,0.1853911043765417,0.1,0.01,anisotropic,0.0125,0.0021544346900318,4,100000,77.28984880447388,27.91190892979842,0.8281367881322981,1175.5164862655351,24.547625167445023,0.8654750158390897,2550.686599861931,45.64159710197081
921,0.35,True,487.9437670512641,373.6562216147447,0.4689105127838696,0.1,0.01,anisotropic,0.0125,0.01,6,100000,76.75762581825256,29.65645144969818,0.9104851658969872,190.8399657165037,27.838784603322463,0.8845403760296293,290.02538668786696,11.108434085422878
922,0.35,True,894.6576746671973,789.4687579625818,0.184107644822989,0.1,0.01,anisotropic,0.0125,0.01,6,100000,76.00150609016418,31.926724662318065,0.9475386050759804,513.3458553592634,32.01968470684908,0.9605113594807831,502.4745333361681,22.348873356337094
923,0.35,True,800.0554006913679,836.8884503856165,0.2172989089497904,0.1,0.01,anisotropic,0.0125,0.0464158883361277,8,100000,77.04606676101685,27.00944831164489,0.9293997496165356,1262.8201404118706,25.723831710843065,0.924702479753763,1697.865015602089,22.808948912991383
924,0.35,True,425.7882909647642,583.00783221145,0.2145870520139501,0.1,0.01,anisotropic,0.0125,0.0215443469003188,7,100000,76.62945437431335,30.04362458211142,0.9477135207162214,179.17246867956987,24.85881032410098,0.8969304902701059,591.224882090185,19.66983728441565
925,0.35,True,23.44683901179728,30.59430688315849,0.1629425919271018,0.1,0.01,anisotropic,0.0125,0.0215443469003188,7,100000,77.60409808158875,30.618230923686973,0.949818506427796,0.4766776071829453,27.802689653413605,0.9547821922530784,0.9115466044544288,0.8769242888026868
926,0.35,True,269.4086820255611,299.8693535309874,0.2785487205599754,0.1,0.01,anisotropic,0.0125,0.0464158883361277,8,100000,76.17325258255005,26.340584688286523,0.9378888043324836,168.13283962579314,25.790634309584487,0.9214364599428376,190.83041105650992,8.320844446157452
927,0.35,True,542.0925804462061,712.1068555935395,0.2169184170387746,0.1,0.01,anisotropic,0.0125,0.0046415888336127,5,100000,76.55808353424072,25.392587723017503,0.907146939012678,848.2364829062916,22.119010986637857,0.8715646422600279,1802.497293553973,27.023405877164997
928,0.35,True,633.8447416063211,587.2282446568431,0.2642463608970659,0.1,0.01,anisotropic,0.0125,0.01,6,100000,76.68844366073608,28.98474833162221,0.9491532663212934,502.8328766231489,27.63388087733188,0.9476610506755048,686.2943298323785,17.05420864698696
929,0.35,True,258.6297977477691,309.98916761984447,0.3088433796444536,0.1,0.01,anisotropic,0.0125,0.0215443469003188,7,100000,76.44671297073364,30.39492724760452,0.9573762819890158,61.06544265660734,29.8087600012061,0.9544733943998144,69.88954840058373,11.165894684027853
930,0.35,True,140.2167179987513,163.91277684010765,0.2226042155210498,0.1,0.01,anisotropic,0.0125,0.0046415888336127,5,100000,77.3959846496582,29.29045481514773,0.9499388863279518,23.039124234259937,26.013362996694628,0.9285417753109908,48.9976384177838,5.362943323391487
931,0.35,True,835.0953065624998,840.262608536628,0.2184594115171832,0.1,0.01,anisotropic,0.0125,0.0021544346900318,4,100000,76.90703392028809,23.64285442888734,0.8627357817416512,2977.453560267386,21.75573071711592,0.8208565906149105,4597.877196569464,32.39975388748017
932,0.35,True,984.4177785228486,1010.0764684110324,0.2533488783555632,0.1,0.01,anisotropic,0.0125,0.0464158883361277,8,100000,75.7978196144104,27.964514965664733,0.9508484037884456,1543.367481880331,27.504156959035058,0.9559859097025616,1715.9520435467489,26.68883234083688
933,0.35,True,526.1644921203831,161.30501744014109,0.7786794233838923,0.1,0.01,anisotropic,0.0125,0.0046415888336127,5,100000,76.65337133407593,27.94507329918897,0.8876650661019143,413.0066035383318,28.065667381493217,0.9070649943891836,401.6960742224341,5.3706510182432
934,0.35,True,172.50760656245518,206.40458678279717,0.2405300498451021,0.1,0.01,anisotropic,0.0125,0.0215443469003188,7,100000,76.83805012702942,26.980823233291105,0.8851505805640683,55.3108146304162,25.448560500804188,0.8805464314547002,78.71116277791707,5.928565604375769
935,0.35,True,273.0350191928496,291.2083496648409,0.2312149676225004,0.1,0.01,anisotropic,0.0125,0.01,6,100000,76.54387784004211,32.622450074519065,0.955898198066872,40.47564094166761,34.381555024666355,0.977688907134014,26.99499427007259,8.792423174268817
936,0.35,True,19.372285870919267,18.159184234974187,0.33180734111693,0.1,0.01,anisotropic,0.0125,0.0215443469003188,7,100000,77.17264676094055,24.44394886337061,0.869482244883676,1.325829483302408,24.09437169383753,0.8906225938318802,1.436962350439374,0.5576551447564533
937,0.35,True,914.3845077539384,1109.0944020310385,0.2068841577036143,0.1,0.01,anisotropic,0.0125,0.0046415888336127,5,100000,76.92473697662354,30.85718177894321,0.9459330697496467,674.7457978358954,26.04463912728809,0.9188108326107708,2043.5932226103116,36.08133869639251
938,0.35,True,118.633331807251,127.2645673349001,0.2712837752457904,0.1,0.01,anisotropic,0.0125,0.01,6,100000,76.9778642654419,26.91209430165371,0.9361074932500388,28.642004873387524,28.23964945563786,0.9512125253752354,21.09832115991457,4.23389357217931
939,0.35,True,576.9399590387393,543.323606634483,0.2692208293373768,0.1,0.01,anisotropic,0.0125,0.0046415888336127,5,100000,77.46755170822144,32.63387247652592,0.9520448028113816,178.84659233200878,29.51774663580736,0.9441126967046316,366.5162663098234,18.56837777732041
940,0.35,True,274.7811654665188,223.92192899945996,0.3389124889149376,0.1,0.01,anisotropic,0.0125,0.0215443469003188,7,100000,76.73417544364929,25.009189186643013,0.8828501697402592,235.7971124886644,25.309530642466225,0.9123318270654596,220.04136832898476,6.970036522076598
941,0.35,True,554.6238245132777,394.5774871903202,0.3795976429502506,0.1,0.01,anisotropic,0.0125,0.0004641588833612,2,100000,77.29031157493591,30.307383434157693,0.8561496414223975,227.6843418911585,27.93977165603011,0.8949044345033195,392.7302395961452,15.928870003558067
942,0.35,True,651.7689679635124,626.4286913346325,0.2017777409272468,0.1,0.01,anisotropic,0.0125,0.0046415888336127,5,100000,76.74167346954346,24.91885323559119,0.8763785503026029,1329.0891754410795,23.832468216913885,0.859895762799368,1706.839256388639,20.62889284217667
943,0.35,True,829.9120619034944,1309.2893901487028,0.1913124633920998,0.1,0.01,anisotropic,0.0125,0.0046415888336127,5,100000,77.1589925289154,31.640303718700373,0.9050032301572154,446.178080398257,21.554777670881265,0.7396734199854482,4550.517988096317,52.69761662268096
944,0.35,True,207.2148504888426,193.56635815483747,0.3561978557310377,0.1,0.01,anisotropic,0.0125,0.0021544346900318,4,100000,76.63250398635864,29.632264573489337,0.9443331836095812,44.26791382334129,26.22968315105398,0.9155152860922664,96.9052258513697,6.920445615976381
945,0.35,True,11.984832829821997,5.950869667234589,0.5872396974808721,0.1,0.01,anisotropic,0.0125,0.0046415888336127,5,100000,77.45489525794983,22.514374464274272,0.8627832018845181,0.7976036302709272,22.558495564274857,0.8871432284510465,0.7895415901553103,0.228922000069425
946,0.35,True,137.74874443873847,328.68233220268525,0.098092282855954,0.1,0.01,anisotropic,0.0125,0.0215443469003188,7,100000,76.77619647979736,25.11054568351707,0.8743831962915938,57.78624038202879,20.29857344085316,0.7641782095775415,174.9933979217165,8.569753542056375
947,0.35,True,900.118623206257,727.7571523312298,0.4000484707675418,0.1,0.01,anisotropic,0.0125,0.0004641588833612,2,100000,76.83328080177307,28.03836081526276,0.8902914914237402,1189.9411914038903,24.87718677986642,0.850517132766153,2464.012473462444,27.990048480796915
948,0.35,True,874.0161874849528,680.1247034395111,0.4298828316694015,0.1,0.01,anisotropic,0.0125,0.1,9,100000,76.25943541526794,23.92123201348867,0.9139800671132752,3081.9733743912907,23.59574959540055,0.9163412451568088,3321.827868363362,19.08374882539801
949,0.35,True,597.815689068138,588.5080747039542,0.2463582803743278,0.1,0.01,anisotropic,0.0125,0.0021544346900318,4,100000,77.05593919754028,31.00387399992861,0.9377756980005127,283.02626387231186,27.651420399829068,0.9309376593893464,612.4520581785927,19.561410416830714
950,0.35,True,600.9163435732197,483.8936817035223,0.3679966754347141,0.1,0.01,anisotropic,0.0125,0.0046415888336127,5,100000,75.39673137664795,31.554183701486952,0.9550352073625504,249.7122516603605,29.6126916778779,0.9604002800186195,390.4712413179389,16.489369202415073
951,0.35,True,665.3716378717093,605.9011223323803,0.3093693245347985,0.1,0.01,anisotropic,0.0125,0.0464158883361277,8,100000,74.97425937652588,36.89253449445149,0.9777661912625816,90.44719824644834,36.76043124132687,0.9873983201953934,93.24068248345915,16.166447960706808
952,0.35,True,176.19590734482614,180.8116609143146,0.2652458367573054,0.1,0.01,anisotropic,0.0125,0.0046415888336127,5,100000,75.06183457374573,30.16824320025296,0.8552869193008051,25.363308720392062,27.237585873589715,0.885754823253433,49.80485047631499,6.979884444590598
953,0.35,True,914.4975339790348,1098.4913344887952,0.2294903091095727,0.1,0.01,anisotropic,0.0125,0.1,9,100000,75.23395895957947,28.007098835409824,0.9131169915101626,1285.6113552652644,27.300127918245888,0.93034330921596,1512.8880463154126,30.9233144708294
954,0.35,True,419.35175436718106,822.0156723038159,0.1867862191729316,0.1,0.01,anisotropic,0.0125,0.0215443469003188,7,100000,75.29032492637634,22.16604328780353,0.819392618725299,1056.1129237821883,22.45455213059081,0.822649361194208,988.233274714048,24.972709696802923
955,0.35,True,383.755389721248,302.904368813252,0.386382643135258,0.1,0.01,anisotropic,0.0125,0.001,3,100000,75.11398339271545,31.37178137680913,0.943665713131664,106.02784140700255,28.800911342416747,0.915773565081814,191.6491613994118,10.417591420657452
956,0.35,True,519.3987875775547,472.0690804890991,0.2201554720093842,0.1,0.01,anisotropic,0.0125,0.0215443469003188,7,100000,75.01403093338013,37.5814804704478,0.9755566904841202,47.01211733227788,37.402401339982,0.986216769885319,48.99116019682451,13.003611025986514
957,0.35,True,47.91900080827999,49.65618659483845,0.2535331550150197,0.1,0.01,anisotropic,0.0125,0.0215443469003188,7,100000,74.96972894668579,33.11665760558027,0.9739305393845892,1.1202905846341715,33.10003559370766,0.9854714886736928,1.124586555511128,1.3984794343795768
958,0.35,True,167.11708538732333,183.80399864642536,0.2518866505758094,0.1,0.01,anisotropic,0.0125,0.0046415888336127,5,100000,75.53735661506653,29.10220019602136,0.9294905757117649,32.854754893366504,27.612683924432684,0.937195764357495,46.29668111500471,5.387874310942216
959,0.35,True,738.2955828099441,652.2624941379335,0.2454895266088988,0.1,0.01,anisotropic,0.0125,0.0046415888336127,5,100000,76.11502814292908,29.456429778425356,0.9231936247793407,613.9007262434832,29.50647950403357,0.9668382528041358,606.8665142338713,21.03125907397929
960,0.35,True,83.71586925720135,62.73515383480467,0.3030730421054126,0.1,0.01,anisotropic,0.0125,0.0046415888336127,5,100000,76.51002907752991,30.338909377510884,0.916758741271938,4.966413748907607,28.55839756811077,0.9204820844897036,7.483315893072998,2.249555346521164
961,0.35,True,603.5489573569218,641.6976461291059,0.2333090585469216,0.1,0.01,anisotropic,0.0125,0.0464158883361277,8,100000,75.13982200622559,23.80752864134749,0.8670830280961108,1485.6712311723186,23.63410689174661,0.8763560458062065,1546.1972219332629,16.659673872859386
962,0.35,True,246.10376057163964,253.93936609321207,0.3093729877241855,0.1,0.01,anisotropic,0.0125,0.01,6,100000,75.51120948791504,33.03477652541594,0.9696570635850572,30.07680846449659,30.506577027425227,0.9714165331206333,53.8333863859736,7.732781268853587
963,0.35,True,389.9063184279346,510.0243027941535,0.2044383989310233,0.1,0.01,anisotropic,0.0125,0.0004641588833612,2,100000,75.6011803150177,27.99844544752991,0.8934908060623856,235.089676739768,24.47697368684731,0.8629247660117153,528.9087293459512,16.797092158825052
964,0.35,True,289.4050430339292,136.83368334441997,0.4835138018313892,0.1,0.01,anisotropic,0.0125,0.01,6,100000,76.20713138580322,28.84559775033635,0.8848171323103744,47.54539405038529,29.69421560822706,0.9230902968902712,39.10629439405039,5.117216608757889
965,0.35,True,356.3170437484842,251.8046757226208,0.4360379200911231,0.1,0.01,anisotropic,0.0125,0.0046415888336127,5,100000,75.42313647270203,29.514825826322383,0.955277733073642,139.89344180298755,27.277808399865144,0.9045781259200836,234.1526611503467,9.530461527773523
966,0.35,True,719.3268592790613,751.8895550011086,0.2968146187941029,0.1,0.01,anisotropic,0.0125,0.0046415888336127,5,100000,75.31830286979675,34.398533815964925,0.9639062592706228,187.7176777018572,30.228299564114067,0.955558071254764,490.3753126169932,25.27749849384801
967,0.35,True,297.82459390755184,321.72362975829503,0.2659259822304537,0.1,0.01,anisotropic,0.0125,0.01,6,100000,76.0385091304779,23.163066344442488,0.889953189419877,421.4509714434397,22.82021738093851,0.8646005164667303,456.07047257536345,10.291561331187175
968,0.35,True,566.8382356566003,495.41700263654496,0.39550857463274,0.1,0.01,anisotropic,0.0125,0.01,6,100000,75.60665130615234,36.56113200157474,0.9677710835129016,70.88696661150526,35.171862252716856,0.9795307979509724,97.6097875106021,15.30549384713344
969,0.35,True,476.5743517969005,541.2407998187296,0.2242561913129443,0.1,0.01,anisotropic,0.0125,0.0046415888336127,5,100000,75.94126915931702,29.245639894429097,0.9550657664485658,269.36502054180613,26.73843707837181,0.9410673697825952,479.80136550806014,18.03707596190535
970,0.35,True,664.0074941972855,902.1985842803372,0.2561750917904357,0.1,0.01,anisotropic,0.0125,0.0215443469003188,7,100000,75.78909230232239,28.64981305171241,0.9380556711700736,601.4098472865865,27.78488364110542,0.938070533798478,733.9449318660813,30.039602132810423
971,0.35,True,936.8929095854332,955.2008237551928,0.2291982882702492,0.1,0.01,anisotropic,0.0125,0.0046415888336127,5,100000,76.35105681419373,29.103210529193667,0.9180224619126154,1077.8310775122652,25.1636581930412,0.893128189113791,2669.96725566664,38.06671498879151
972,0.35,True,732.83952511304,709.2919947160424,0.2279388440879894,0.1,0.01,anisotropic,0.0125,0.0215443469003188,7,100000,74.77681136131287,23.87938636920623,0.9273094397586732,2195.8601514357924,23.10472302641834,0.9117647954117644,2624.647666689916,18.626285239541364
973,0.35,True,215.725438212166,181.3886638188408,0.3918215606871356,0.1,0.01,anisotropic,0.0125,0.0001,0,100000,75.69427514076233,31.148655780957547,0.9156721537321582,34.876420592944974,29.81171741231516,0.8991191277008591,47.44885570450434,5.533808454353199
974,0.35,True,32.15195192622339,30.63129440006564,0.4682153266971536,0.1,0.01,anisotropic,0.0125,0.01,6,100000,75.64324498176575,35.73455306816082,0.9675136238068058,0.2758211515313317,34.364384691220565,0.9775034435470624,0.378132847367624,0.95568902682317
975,0.35,True,263.00178025552526,262.44306911384194,0.2724882348987716,0.1,0.01,anisotropic,0.0125,0.0215443469003188,7,100000,75.00802898406982,28.319482525910715,0.9588756150578168,101.75562709424533,28.56725423334012,0.9683077650193068,96.11280771172802,8.961978544419566
976,0.35,True,595.4828527695546,870.8732912393384,0.2317894869982242,0.1,0.01,anisotropic,0.0125,0.01,6,100000,75.45385694503784,26.96293619323633,0.9327259726350756,712.6645787706627,23.099954399569867,0.8912385621281195,1734.5361405366623,30.80845871182865
977,0.35,True,52.3743876707661,52.45596436743456,0.3313104381614081,0.1,0.01,anisotropic,0.0125,0.0215443469003188,7,100000,76.51120662689209,32.97836279033637,0.9541569164972687,1.3811741811098994,30.687642220850933,0.966730897114555,2.3405639317860505,1.941415317922213
978,0.35,True,496.8698809540351,763.6147350064665,0.2172898677957392,0.1,0.01,anisotropic,0.0125,0.0046415888336127,5,100000,75.89202833175659,34.0190747494982,0.9499295786187372,97.68539690353286,22.585680560433357,0.7935607490120011,1358.8423205549625,25.630481307766527
979,0.35,True,597.2460060679723,646.6470708344056,0.3078223584197855,0.1,0.01,anisotropic,0.0125,0.0215443469003188,7,100000,77.155348777771,31.30388864053037,0.9634130746946444,263.92701412011075,30.717973604343307,0.9705696672121056,302.0475713710871,21.754516592567263
980,0.35,True,334.90964692614386,346.0524472950708,0.2397836887159548,0.1,0.01,anisotropic,0.0125,0.0021544346900318,4,100000,75.78980588912964,30.673647773769808,0.907670008543188,90.29205555237522,24.214641413078937,0.7822950288455723,399.53071839050295,14.285152846657189
981,0.35,True,771.1412915420761,960.1251542274432,0.2289310797497209,0.1,0.01,anisotropic,0.0125,0.0004641588833612,2,100000,75.54445958137512,27.813560148888065,0.8851982890220528,951.5984049596558,20.61567123592175,0.6829592809689761,4991.632419694794,42.40182098967436
982,0.35,True,107.49165488063804,121.16920720966374,0.1673724370127234,0.1,0.01,anisotropic,0.0125,0.01,6,100000,75.0573480129242,30.732566700440906,0.9268284729136448,9.568721945984477,27.166296644803488,0.9070525412749496,21.75108573964057,4.5789293474443005
983,0.35,True,76.06264395407295,85.45964670214128,0.1871307782698145,0.1,0.01,anisotropic,0.0125,0.0215443469003188,7,100000,76.86605858802795,34.0674455427998,0.9708115269997746,2.267163202213933,31.15510768111352,0.9654827583836862,4.43319229959529,2.4537122795273323
984,0.35,True,728.4605674473997,780.3066838527095,0.227333584357765,0.1,0.01,anisotropic,0.0125,0.0046415888336127,5,100000,75.87324118614197,27.149299306167755,0.9447415020257004,1017.3192329537644,25.67126645304615,0.9290232383784828,1429.7514328431164,26.128831997039068
985,0.35,True,495.99582488999226,339.25721195202584,0.3976248739345263,0.1,0.01,anisotropic,0.0125,0.0215443469003188,7,100000,75.7190854549408,31.282495027743813,0.9563511966639932,182.06433202905308,30.764545349238908,0.9651141130949664,205.1255884555545,9.978622931609149
986,0.35,True,688.7139940313083,400.29397307466303,0.4742302102931885,0.1,0.01,anisotropic,0.0125,0.0215443469003188,7,100000,75.67796444892883,21.8498198887072,0.8880573073137517,3089.239785248519,21.867698049606798,0.8981965120855331,3076.54876467479,11.181353650590363
987,0.35,True,435.3925112651425,291.8589869605726,0.4033358008179297,0.1,0.01,anisotropic,0.0125,0.0021544346900318,4,100000,75.79544591903687,32.0223957118519,0.93289155823099,118.84747632806834,31.545998107887197,0.964632371126363,132.62632157180684,10.893058600549947
988,0.35,True,247.1556312058677,176.621083598374,0.3337961497861117,0.1,0.01,anisotropic,0.0125,0.0002154434690031,1,100000,75.689040184021,24.42756389744714,0.8349082096312997,210.3937369564645,23.151074959254444,0.8262328809401802,282.2810351272071,6.784088961206446
989,0.35,True,819.2832153565255,670.3615283231686,0.2888652297639033,0.1,0.01,anisotropic,0.0125,0.0215443469003188,7,100000,75.27540493011475,31.923161948252844,0.978247613955351,430.8877886191697,30.508386452961822,0.9683314888882938,596.8177566303599,23.277631503172447
990,0.35,True,799.6164630900103,783.0632431594939,0.2705562200308677,0.1,0.01,anisotropic,0.0125,0.001,3,100000,75.14995265007019,24.00699523351783,0.9160589097956556,2522.817990140385,23.92645619173601,0.9055886027894838,2570.039649230472,31.097568211896807
991,0.35,True,695.0017743835723,663.9792242356597,0.4377583960484033,0.1,0.01,anisotropic,0.0125,0.0021544346900318,4,100000,76.0055627822876,30.49992627616975,0.9079334637804136,384.47868593495497,25.153966996965572,0.8456024910314195,1316.6434927314183,29.07317796367873
992,0.35,True,272.8729920927327,249.6981162325605,0.3043549306250216,0.1,0.01,anisotropic,0.0125,0.0021544346900318,4,100000,76.11723208427429,35.064103795166865,0.9367845522106856,23.09755385114562,28.144253377861524,0.8726335203982699,113.64518240994724,9.007071145430052
993,0.35,True,590.640436202218,528.6842896142592,0.2195019987432026,0.1,0.01,anisotropic,0.0125,0.0464158883361277,8,100000,75.25279903411865,36.382778797514085,0.9801062110130164,80.19234577690416,36.254977485902,0.9868076673170352,82.58725828899392,13.39610400001452
994,0.35,True,361.6129230430868,402.0382581029088,0.235833692113945,0.1,0.01,anisotropic,0.0125,0.01,6,100000,75.58197665214539,31.19431601837165,0.9382171743562964,98.77314628805324,25.084142368113863,0.8762232080123142,403.32603123179314,14.827047040384016
995,0.35,True,92.49049125330752,88.56224468678619,0.3408087397506189,0.1,0.01,anisotropic,0.0125,0.01,6,100000,75.29473829269409,27.754977216066884,0.8791873962473752,14.050449740262838,26.714386039660155,0.906259694749175,17.85456786555101,2.7746486429150496
996,0.35,True,917.3962618867804,908.1358911178892,0.3459599201905692,0.1,0.01,anisotropic,0.0125,0.0046415888336127,5,100000,76.95842456817627,27.368533950867487,0.8894230452918205,1520.185345164918,26.18139093029712,0.9006508164692174,1998.0706646120163,30.547794440377743
997,0.35,True,137.68181228804244,130.90390443526087,0.4507128553185643,0.1,0.01,anisotropic,0.0125,0.01,6,100000,75.85303378105164,26.186691649525823,0.9533299352546244,45.50585018460656,26.05957233684513,0.9573594462356508,46.85750540584059,4.006616125169972
998,0.35,True,950.2871164669816,874.4327553273425,0.3746069722147082,0.1,0.01,anisotropic,0.0125,0.01,6,100000,74.83846974372864,21.464770678983875,0.904406614445556,6431.865825720156,21.86965715090192,0.9182100186113368,5859.334999120445,27.582991877771686
999,0.35,True,446.5597671849978,464.22803297776414,0.3161657470277473,0.1,0.01,anisotropic,0.0125,0.0215443469003188,7,100000,75.43692302703857,34.237986782672614,0.9516213401498336,74.95452235326383,31.68591938204977,0.9699604868519488,134.89771118226912,14.23238992213927
