sample_idx,sigma_y_tomo,procedure,scale,alpha_norm,sigma_used,reg_param,reg_fct_type,sampling_param,best_anis_param,ula_samples,time_ula,psnr_map,ssim_map,mse_map,psnr_mean,ssim_mean,mse_mean,post_std_mean
0,0.07,True,375.16557872851513,380.70776187500667,0.066051729545588,0.1,anisotropic,0.0125,0.0215443469003188,500000,397.6851704120636,27.216645166338783,0.8996239471274623,261.31632486035323,26.926332917254445,0.9086020051578092,279.38157836955355,9.02151658253734
1,0.07,True,950.7635921035062,931.7430970397272,0.0478429717140614,0.1,anisotropic,0.0125,0.0464158883361277,500000,394.5406775474548,25.323123453052418,0.912400595201108,2650.3522769080087,24.929348275338235,0.9127078845279448,2901.8911677629394,23.727033805388903
2,0.07,True,732.2619478695937,514.6165670712948,0.0825921142686683,0.1,anisotropic,0.0125,0.0001,500000,395.5812788009644,32.440571071253984,0.9153482191949354,284.9536186691624,31.0245735351754,0.92511887139192,394.797078405084,17.00861864165851
3,0.07,True,599.0598257128396,610.6644215346968,0.0514585238928587,0.1,anisotropic,0.0125,0.01,500000,396.758983373642,34.953738014123765,0.9528150974775482,105.90920912189644,30.99712422044515,0.9469486520725008,263.3874661642414,16.174579063666794
4,0.07,True,156.8626218019941,178.4573597429971,0.0539547966821978,0.1,anisotropic,0.0125,0.0046415888336127,500000,399.475145816803,29.59193251879169,0.9446388897528452,26.637849820599047,27.622861593083336,0.944303700966944,41.91855068382986,4.356537866983116
5,0.07,True,156.83852581586643,212.3537691337854,0.0315609895639616,0.1,anisotropic,0.0125,0.001,500000,399.5792520046234,34.49077546830787,0.9424093079197916,8.088990359050364,25.562769253999093,0.8799453192142942,63.19677833227723,5.777912107817277
6,0.07,True,59.02552855603126,41.314887992273306,0.0903783204786392,0.1,anisotropic,0.0125,0.0021544346900318,500000,401.5335290431976,29.86368991779401,0.9430374885973404,2.942405391010305,27.598560201367917,0.902002212492204,4.956960740136374,1.4416554304742544
7,0.07,True,866.3099696291603,871.0241256273282,0.0618872922193742,0.1,anisotropic,0.0125,0.0004641588833612,500000,395.0476202964783,36.47208924190807,0.955341914405282,167.39788683353316,31.90944144270961,0.9413332921434656,478.64634974735486,21.86033880379593
8,0.07,True,601.5138967314656,734.0150039079099,0.0538034063042114,0.1,anisotropic,0.0125,0.0021544346900318,500000,395.87538170814514,31.202885770379343,0.9333026280745068,271.9557491026636,27.056835322977516,0.9269052083206538,706.4855588020478,22.640990848085057
9,0.07,True,708.3645052182494,639.8472745326476,0.047356660768506,0.1,anisotropic,0.0125,0.0215443469003188,500000,400.7071006298065,20.02648590606755,0.7780475244689722,4917.787656759092,19.897069557194204,0.7941359630376246,5066.53920361071,20.680265398003865
10,0.07,True,21.563909801506643,29.01680741268429,0.0458829659563623,0.1,anisotropic,0.0125,0.001,500000,408.32010197639465,28.614865020560597,0.9430400860224052,0.6321811594540133,20.53629730626272,0.7881576471010963,4.06161093917551,0.9716884713559524
11,0.07,True,969.9399423098324,868.3879881917186,0.0596298287788183,0.1,anisotropic,0.0125,0.0215443469003188,500000,405.4365630149841,32.75138970396222,0.9601109500245192,498.5588865269137,32.58498961971831,0.975700351515424,518.0318595064435,27.42890682190186
12,0.07,True,832.6101981596213,813.4466338609911,0.0766137953286132,0.1,anisotropic,0.0125,0.0046415888336127,500000,407.8144681453705,25.019027268951938,0.9360232005321713,2167.7773454829235,24.509538815767566,0.9395422713658488,2437.606047513878,21.811070219364737
13,0.07,True,213.12677156759787,217.2716320444921,0.0429357075833195,0.1,anisotropic,0.0125,0.0215443469003188,500000,397.1755037307739,24.76814981657406,0.905203451667948,151.06329728194686,24.02756631768841,0.9252010929545426,179.15020512549168,5.688392216986077
14,0.07,True,182.6431422398935,186.10747391103385,0.0542639182803508,0.1,anisotropic,0.0125,0.0464158883361277,500000,400.2513992786408,34.67337478264651,0.9778130280317352,11.35819111522968,34.308823843632155,0.9851339765807732,12.352767457288609,5.130209702736353
15,0.07,True,184.2211053435804,203.8042705824371,0.0439245216814215,0.1,anisotropic,0.0125,0.0002154434690031,500000,398.030606508255,38.11484669513212,0.96533345476168,5.229823590434981,27.75840481042644,0.900687193475671,56.7716122923253,5.435914094622264
16,0.07,True,304.9380007165782,281.1746794663812,0.0630489413273055,0.1,anisotropic,0.0125,0.0215443469003188,500000,401.967591047287,35.41026305331245,0.9821616098358362,26.666597811834706,32.64443443067718,0.9750452105452077,50.4139206126258,6.230641128735491
17,0.07,True,525.2316752006057,514.6149046392488,0.0833318060932375,0.1,anisotropic,0.0125,0.0215443469003188,500000,408.0222058296204,33.75403822680448,0.9737469202378278,116.101950318212,32.53798765337073,0.9772487352953186,153.61887225978492,15.210210773681826
18,0.07,True,432.5130736234736,439.7273096724846,0.0572427161683303,0.1,anisotropic,0.0125,0.01,500000,416.02318120002747,34.223125837683504,0.9575725321774304,68.2693460182046,32.78055569459503,0.9661828117816544,95.16620628190184,11.276156698054775
19,0.07,True,291.93791105784385,263.65388554213405,0.0655327643907639,0.1,anisotropic,0.0125,0.0021544346900318,500000,415.1193418502808,30.483462735552145,0.9053845942013647,73.70811203040843,30.668455074208502,0.9594576506106596,70.63436632912149,6.885362191931323
20,0.07,True,612.2410418276571,683.5336658741854,0.0510792635473792,0.1,anisotropic,0.0125,0.01,500000,402.4159426689148,31.75577979782421,0.8954540495223098,214.0744525679744,28.010596748406822,0.9035382598792616,507.0877825477789,22.377502744601347
21,0.07,True,140.3543667913898,123.4038400600246,0.0689091907219427,0.1,anisotropic,0.0125,0.0464158883361277,500000,398.4039516448975,36.13663194730124,0.9886806109228652,4.789792999740004,35.84864342123043,0.990568217671878,5.11818049648603,2.659065624054104
22,0.07,True,292.85250388668294,293.90747488316464,0.0454950208894519,0.1,anisotropic,0.0125,0.001,500000,400.6370143890381,28.90718384178603,0.8728211587469554,108.20323425671192,25.931053669733743,0.8690979741091405,214.7104882321153,10.546134833585992
23,0.07,True,366.995481450398,362.5263677575045,0.0698206364531572,0.1,anisotropic,0.0125,0.0215443469003188,500000,399.1850092411041,34.56404131999745,0.954626669941392,46.996697574751934,34.05069124008308,0.9779714116097212,52.89350534517745,11.385833924310155
24,0.07,True,456.6139142328189,401.67037411135135,0.0776509773206694,0.1,anisotropic,0.0125,0.0046415888336127,500000,402.87040185928345,29.91534813649708,0.925403085862178,211.7262533098134,29.626530867823288,0.957240176144062,226.2853505844905,12.476821463334618
25,0.07,True,785.3907854316205,673.524059191484,0.0456626355824715,0.1,anisotropic,0.0125,0.0004641588833612,500000,398.3800003528595,36.168449752613554,0.93782391506881,148.32311751329476,29.439089246769704,0.8906688613657638,698.4653974090819,21.14220089015896
26,0.07,True,200.47410837620137,115.7003158630062,0.045232544761402,0.1,anisotropic,0.0125,0.0046415888336127,500000,398.3669893741608,28.651516977065327,0.8927442211456498,45.666904104667225,29.42531214927336,0.9276939201523008,38.21396075599202,3.400263787156096
27,0.07,True,514.720203975198,552.5283464447546,0.0393433630782617,0.1,anisotropic,0.0125,0.0215443469003188,500000,404.26369976997375,37.69985587220934,0.9845519358868794,44.94059400413277,35.05034793353553,0.9852181765947392,82.71601480862574,13.045462406307871
28,0.07,True,592.8221542931805,809.8969607492805,0.0400002406495216,0.1,anisotropic,0.0125,0.001,500000,407.74909114837646,28.327677845396924,0.8594558059526498,450.66430058731055,23.17515212416776,0.8555458692208148,1476.065837387918,27.54975995688032
29,0.07,True,47.40396230727773,47.79647217814319,0.0552084860250131,0.1,anisotropic,0.0125,0.0046415888336127,500000,397.8821613788605,37.015104953972376,0.9750901284700664,0.4462664941797528,35.73296085010995,0.9870118791033778,0.5995269240014587,1.2231073213735777
30,0.07,True,607.9373070495369,360.0336265225272,0.0941381083653215,0.1,anisotropic,0.0125,0.0464158883361277,500000,396.1550164222717,23.22329488960307,0.9083530558342257,1756.815511891463,23.21304017756059,0.9085290051158824,1760.9686670114138,8.073994826815506
31,0.07,True,171.35359956360423,259.6805477157529,0.034220619210748,0.1,anisotropic,0.0125,0.0215443469003188,500000,400.800995349884,18.612871669859395,0.7776517438540884,400.26907976251226,18.96067375145815,0.7646885980708641,369.4637505489208,6.520038133831776
32,0.07,True,65.98654139229424,71.83822339589602,0.0557154165587852,0.1,anisotropic,0.0125,0.0215443469003188,500000,400.04000425338745,35.29947289677687,0.9742515781014468,1.2838082944935734,33.757132256197195,0.9822827748317168,1.8311935136127544,1.8421702247174856
33,0.07,True,948.93665171608,1082.2112217848075,0.0504331124696207,0.1,anisotropic,0.0125,0.0464158883361277,500000,395.64251136779785,28.16815638082608,0.9705959998522332,1371.6980477581228,28.26714299414648,0.9761706581902864,1340.787212186018,22.2099783776484
34,0.07,True,965.6664010414848,884.1729985759672,0.0474223735261541,0.1,anisotropic,0.0125,0.0464158883361277,500000,410.81172919273376,33.839003078578564,0.9727105677386362,384.6883238165048,33.39896873246819,0.9820736481903846,425.70861525038026,21.54690947426849
35,0.07,True,808.5889507683447,1004.9931646811908,0.052986966804094,0.1,anisotropic,0.0125,0.0464158883361277,500000,404.65037751197815,23.040567830665587,0.8816421424220499,3242.082028088208,22.591580369678216,0.8879455310605204,3595.1974319437977,29.16754873796032
36,0.07,True,305.3091554041973,664.6638334400739,0.0304081979086974,0.1,anisotropic,0.0125,0.0215443469003188,500000,400.7296121120453,28.306803142130185,0.9472436019252504,134.85043772852526,22.991252765771293,0.8508143365929715,458.5718570232789,12.447452098987402
37,0.07,True,98.5744418923775,74.12357260638066,0.0776779622299513,0.1,anisotropic,0.0125,0.0046415888336127,500000,397.99069356918335,24.31564333472828,0.9165660471607396,35.817058740769035,24.49221219985265,0.9369635409675392,34.3900678494198,2.173627309754144
38,0.07,True,684.5487934856448,466.1825402392849,0.0774270007016552,0.1,anisotropic,0.0125,0.0021544346900318,500000,395.5383739471436,32.96281638068477,0.9274534751494083,234.31303353836148,33.70046875964704,0.956574398782855,197.71117119466308,13.672659860525686
39,0.07,True,440.7123412458617,486.2311227911703,0.055287503403861,0.1,anisotropic,0.0125,0.0021544346900318,500000,407.06376910209656,27.5270122891153,0.9255985220027791,341.05321296334984,26.269560828999506,0.9186064942278024,455.5827704470513,15.586669333081044
40,0.07,True,122.91619660993403,111.59527592523573,0.0616653348886846,0.1,anisotropic,0.0125,0.0215443469003188,500000,395.0937285423279,25.237164331773503,0.9307477285207468,45.16740908488478,25.35049651611897,0.9454151961341838,44.00398020348745,3.0136158830339324
41,0.07,True,495.6817332011589,464.1540543388914,0.091089887112982,0.1,anisotropic,0.0125,0.0046415888336127,500000,404.9012198448181,25.76410706675425,0.9181491003225408,647.8921790525945,25.244974179310717,0.9458730512623024,730.156618446555,16.31565742427219
42,0.07,True,35.35413259410318,36.529849147283535,0.057865409473145,0.1,anisotropic,0.0125,0.0021544346900318,500000,399.4647884368897,35.4906149256468,0.947382585593148,0.3505731413272439,23.869755952259,0.7758773820880106,5.091720284410489,1.4226707638559226
43,0.07,True,909.4110816767032,920.1708245770131,0.061284366953006,0.1,anisotropic,0.0125,0.0215443469003188,500000,408.55509185791016,32.91743348091104,0.9519494923848256,421.58453685941504,30.03140408111636,0.9642988451896066,819.3842525569181,30.038622588130742
44,0.07,True,259.5212016184169,166.0173835910825,0.0801352152524645,0.1,anisotropic,0.0125,0.0046415888336127,500000,410.036536693573,26.97633746517177,0.9081511207422464,130.753415247174,25.93198228897545,0.9094005106608508,166.2985869370058,6.678508544507923
45,0.07,True,662.859762069628,535.3842104879947,0.0606728998562656,0.1,anisotropic,0.0125,0.0046415888336127,500000,394.4951422214508,33.568106318056195,0.9676053384618784,187.9552110898129,31.427183838843817,0.9544681601780058,307.71354889041606,13.847916933953451
46,0.07,True,312.3993650133215,246.80567041905456,0.0841513084647412,0.1,anisotropic,0.0125,0.0004641588833612,500000,394.997930765152,30.871552487232496,0.8668189204178365,77.4219154919992,26.940166708388382,0.8362103709215374,191.4266899700034,8.504440886929414
47,0.07,True,520.547953156633,382.41280294765744,0.08104420832574,0.1,anisotropic,0.0125,0.0215443469003188,500000,397.453964471817,25.26698359377177,0.9080438007455351,794.3697865840069,25.20250092185684,0.9146265641527692,806.2523339419123,9.847964486824516
48,0.07,True,547.1635690639364,546.4849446702646,0.0456812631869221,0.1,anisotropic,0.0125,0.0046415888336127,500000,401.07218766212463,27.98093330948505,0.9404224107339952,474.331382291475,23.958100344580696,0.8730089307066365,1197.7471758045704,18.003856427566063
49,0.07,True,185.6696010700015,192.23081462417997,0.0609936826407339,0.1,anisotropic,0.0125,0.2154434690031882,500000,411.07896852493286,25.125431296507923,0.9099504128601992,105.5383840774226,25.252207956634344,0.9222468214550164,102.50210265640416,3.961395829618928
50,0.07,True,969.615043136794,871.6841378731527,0.0827847554511477,0.1,anisotropic,0.0125,0.2154434690031882,500000,406.2232699394226,25.26047716500312,0.8714053514895842,2501.42263088474,25.259819738878093,0.8831342510072724,2501.8013198003623,21.534411820438372
51,0.07,True,775.3576905377535,736.7822572026286,0.0484908959360199,0.1,anisotropic,0.0125,0.0215443469003188,500000,408.0231428146362,32.77332188074012,0.9581111698418624,315.71159709548635,32.47920457600688,0.9731642595230512,337.8331523750395,18.04586620105489
52,0.07,True,939.5594426226248,834.1179645957801,0.0758111019010335,0.1,anisotropic,0.0125,0.01,500000,403.83033061027527,33.03845379810968,0.9515869643585309,342.47470693630413,30.89678352715748,0.9551963824415616,560.7838911919898,22.691674717393088
53,0.07,True,894.9325230772212,774.1281399079454,0.0657065431872322,0.1,anisotropic,0.0125,0.0215443469003188,500000,405.33957600593567,28.731535787115547,0.924277662074556,1071.3531420827276,30.28155907058867,0.974465320046414,749.7739016665109,22.31061695313076
54,0.07,True,598.3020788322741,499.5372839483789,0.0906027919309761,0.1,anisotropic,0.0125,0.001,500000,404.7960395812988,23.287662971579447,0.8863827447544613,1677.5333384764886,23.0681614851011,0.9115637208260904,1764.498561057973,18.81336323753067
55,0.07,True,921.9523607880938,1130.413643013801,0.0438671417859497,0.1,anisotropic,0.0125,0.01,500000,405.2354009151459,33.071896376398584,0.9510356076420922,415.3880116722319,27.900557190556334,0.9238531435542816,1366.4315372649512,32.30993233462964
56,0.07,True,89.40400954986758,88.28882655650403,0.0633082470840474,0.1,anisotropic,0.0125,0.0046415888336127,500000,405.9580748081207,30.823042744043548,0.9172674411955596,6.569435239859285,28.014042052787964,0.9358164948662966,12.543770654318772,2.3156801910532576
57,0.07,True,196.7868795567261,164.35471276981642,0.0814142547670088,0.1,anisotropic,0.0125,0.0004641588833612,500000,404.5152516365051,32.3329504929256,0.9172236447389288,16.966256562860497,28.74888987626812,0.9254366912122802,38.72505932581035,6.0496553564855855
58,0.07,True,46.182061621627525,53.94792778467113,0.0502905454845646,0.1,anisotropic,0.0125,0.0215443469003188,500000,405.6100118160248,25.97278494593528,0.9417620787663048,5.389417487233157,25.875406393937283,0.9475853784634496,5.511625266854107,1.980131673595776
59,0.07,True,326.00500043250105,389.4210741691141,0.0460358100645299,0.1,anisotropic,0.0125,0.01,500000,408.2830793857575,29.718958836501137,0.9693745896326832,113.33362349122042,27.573931794038057,0.91981562012019,185.7211988651382,11.251450094187213
60,0.07,True,389.2886123997925,428.7202455902544,0.0514013109304091,0.1,anisotropic,0.0125,0.0046415888336127,500000,409.1289246082306,33.404824409476774,0.9347119813593892,65.48646877418192,29.998358773744865,0.937416610049052,143.4822360526147,13.34107144003379
61,0.07,True,272.077682742122,186.8629978226172,0.0744890480598537,0.1,anisotropic,0.0125,0.0004641588833612,500000,405.8826439380646,24.803237970526265,0.8461820023504983,224.8809939841814,24.37391733353928,0.8610954400188722,248.2474613121996,7.055716558135167
62,0.07,True,828.9087716427774,766.0603449466646,0.0777812807205181,0.1,anisotropic,0.0125,0.0046415888336127,500000,404.1015651226044,25.070279129530416,0.9248232055167782,2134.732681269405,25.457444329295065,0.9481768135003172,1952.6615692706555,23.950114876574
63,0.07,True,357.39657336689567,382.2411121666842,0.0622141956354356,0.1,anisotropic,0.0125,0.0215443469003188,500000,401.8182470798493,22.51743672273323,0.8402709672972909,709.7724615841616,23.17628063435773,0.8775860146457549,609.866466043506,10.439920125150325
64,0.07,True,281.65357517769337,223.31044720452667,0.0853087615457317,0.1,anisotropic,0.0125,0.0464158883361277,500000,403.4879717826843,19.583110350082,0.8331474456391615,872.5793049025673,19.65000408512499,0.8418437315327667,859.2420746365199,6.808410052599328
65,0.07,True,543.1533870750902,408.0943146425556,0.0808306916788879,0.1,anisotropic,0.0125,0.0021544346900318,500000,406.8756005764008,32.5899373187157,0.9639811041643788,159.2357635041105,31.208564257109423,0.9626413506356886,218.86580846152955,12.717499319148173
66,0.07,True,141.78330074978788,131.65395743416988,0.041941453245423,0.1,anisotropic,0.0125,0.0464158883361277,500000,406.38790011405945,28.48382940715648,0.9642724802867576,28.48157038033079,28.67935705201752,0.97346038658497,27.227713159001983,3.1358782325222543
67,0.07,True,802.3947837732857,787.8310525503186,0.0623769546067127,0.1,anisotropic,0.0125,0.0004641588833612,500000,403.26626777648926,29.014325955537057,0.8988495585644561,730.5680115676765,27.30930581224479,0.9122596148079304,1081.8390825717668,25.487947959691045
68,0.07,True,75.47609303609106,65.8832742464535,0.0692646566533281,0.1,anisotropic,0.0125,0.0021544346900318,500000,407.072564125061,31.900084222483017,0.919989731295546,3.147317860018849,29.191660275132584,0.9327356820301328,5.871958816720387,2.2539330505845374
69,0.07,True,986.9000496639168,1162.9949289415213,0.0430645527443817,0.1,anisotropic,0.0125,0.0021544346900318,500000,414.409565448761,26.070706570544356,0.9179056032863332,2391.160826432773,25.867654943460625,0.9203670223171324,2505.612747557399,37.18605172287668
70,0.07,True,772.4725245273607,720.3520391202378,0.0708645028163419,0.1,anisotropic,0.0125,0.01,500000,404.57422041893005,27.96141691030619,0.9587689344636494,953.0750845267085,28.55044639629171,0.9736430330871686,832.1932094142721,19.491993386282967
71,0.07,True,199.51696585263824,135.16680639845052,0.1244204711588296,0.1,anisotropic,0.0125,0.0464158883361277,500000,404.10067892074585,21.290326470618982,0.8181758022758095,284.3864001018979,21.366961848823504,0.8455039036654535,279.4121492478938,4.247803873649494
72,0.07,True,6.516595006478797,6.264002290321881,0.0476997816926696,0.1,anisotropic,0.0125,0.0215443469003188,500000,402.9415991306305,39.98528093758621,0.98925062363973,0.0042586950839167,37.530926490292565,0.983236983254051,0.0074939707058729,0.1409973925963556
73,0.07,True,815.6459670263794,1097.09965466794,0.0333819135582363,0.1,anisotropic,0.0125,0.0215443469003188,500000,405.61350989341736,21.05797518912205,0.850698639755136,5126.743289387512,22.21311282136991,0.876934483155295,3929.414183214848,25.21640397987462
74,0.07,True,707.1504865037695,708.9754883894675,0.0461105675232928,0.1,anisotropic,0.0125,0.0021544346900318,500000,405.4140441417694,23.14762746717546,0.8039275489311415,2361.7274325447547,21.68579624747281,0.7873721728853301,3306.8378211647955,29.109771873374328
75,0.07,True,729.2781608729463,1214.6522728201771,0.0263274566212173,0.1,anisotropic,0.0125,0.01,500000,406.35879373550415,32.03783785739721,0.9365531458131736,331.9793714941801,23.8222263143382,0.8557408639139084,2201.2646163699783,48.01348630011896
76,0.07,True,771.4990763392598,664.2542113580009,0.061474059875542,0.1,anisotropic,0.0125,0.0046415888336127,500000,404.7139036655426,24.778867625193502,0.9253010680727624,1975.269666879458,24.77575690456878,0.9520770267347808,1976.6849998938724,16.301782984639676
77,0.07,True,74.97060708235627,81.93927007587335,0.0416023069662864,0.1,anisotropic,0.0125,0.0046415888336127,500000,407.1547999382019,30.53051527287545,0.9611249693059172,4.968809546137868,26.324923547581783,0.9230573292711324,13.086138822488492,2.09177054325392
78,0.07,True,359.10726281572835,436.1252887720448,0.0484004594923353,0.1,anisotropic,0.0125,0.2154434690031882,500000,406.5377871990204,23.15081856674243,0.8632071561592501,622.7429408553794,22.896556706360755,0.8654055585705789,660.2904246508801,8.444887810662944
79,0.07,True,116.7531904656046,117.63246853829388,0.0588773026707606,0.1,anisotropic,0.0125,0.01,500000,405.12773990631104,28.317130103343487,0.8952313984721773,18.674953049816853,26.97401860342918,0.9130697026789047,25.443137715575972,3.6358478368636686
80,0.07,True,863.240322449718,745.1031625615666,0.0652249851545085,0.1,anisotropic,0.0125,0.0464158883361277,500000,403.26584649086,23.27063858412652,0.8433960779762012,3344.5992775013856,22.909603735145915,0.8411594508134242,3634.52429720176,20.214743794076515
81,0.07,True,623.6748287007304,509.1006276106087,0.0747465448266751,0.1,anisotropic,0.0125,0.0046415888336127,500000,405.2974524497986,26.39763313116603,0.9168224547876674,884.9151082103123,26.91854245438813,0.9476456811072737,784.893400669215,14.837725920952808
82,0.07,True,331.5671268277965,307.6643542862622,0.090438442994255,0.1,anisotropic,0.0125,0.0464158883361277,500000,402.7013731002808,37.44786706853824,0.9881306296292544,19.74718668601053,37.36137470117847,0.9913389768163808,20.144406131201983,7.172084690448295
83,0.07,True,64.49479193573761,76.51329425171578,0.056402198388743,0.1,anisotropic,0.0125,0.001,500000,404.2350444793701,36.94657019738269,0.9484147209400255,0.8318749505554178,25.571999371013835,0.8521415717492338,11.416030742819956,2.5633920352294526
84,0.07,True,311.67133939394654,234.60354844613423,0.1039977126898067,0.1,anisotropic,0.0125,0.0215443469003188,500000,399.6331415176392,31.597233744210573,0.9545057526586044,67.1185502978102,31.55365313224869,0.9752153532694304,67.79546264104329,5.60460502547844
85,0.07,True,325.8581387047203,168.80766619199366,0.0696371588459587,0.1,anisotropic,0.0125,0.0046415888336127,500000,405.20911598205566,23.573960202928347,0.90587217040846,463.2341722182257,22.72213583303997,0.8500893225692387,563.6156273384,6.073920611533223
86,0.07,True,729.876572159726,1337.5315791758087,0.0419084947635975,0.1,anisotropic,0.0125,0.0021544346900318,500000,401.80080914497375,25.82600322809181,0.8663619226875146,1330.1309308261664,21.963909419409525,0.8265847233825775,3236.709880161341,41.94049190821717
87,0.07,True,637.9199138838579,729.6100352696765,0.0442802140852345,0.1,anisotropic,0.0125,0.0004641588833612,500000,410.5639581680298,26.84114371185612,0.8350930801395151,807.545275509082,23.67606197299496,0.8402942445583896,1673.6901281251796,24.931063770478133
88,0.07,True,887.3255298337502,667.1156526285588,0.0578682597906022,0.1,anisotropic,0.0125,0.0464158883361277,500000,407.1766119003296,37.473958507004106,0.9815141065019404,140.71550485226436,37.91512383987717,0.9884237502295004,127.12337659021335,13.800545305348969
89,0.07,True,472.7427102367873,350.7976746152313,0.0762143611739985,0.1,anisotropic,0.0125,0.0046415888336127,500000,407.6861274242401,29.958120255389368,0.9606091905301706,223.40545550338845,28.209885735123848,0.9486727917465704,334.1313506931702,9.384770776666146
90,0.07,True,120.4746516923634,134.7727375941021,0.0404383943658833,0.1,anisotropic,0.0125,0.0021544346900318,500000,415.8302686214447,33.79948271773522,0.9474134164947152,5.95437777811814,29.045794456393367,0.9301325425660588,17.791198750141852,3.88569314567104
91,0.07,True,713.531542435772,544.8689355247691,0.0862122017635483,0.1,anisotropic,0.0125,0.01,500000,410.2500133514404,35.839483066385455,0.9619275044617928,132.5178327696866,35.551233911812446,0.978303352487774,141.61173384311311,14.12360633559974
92,0.07,True,761.0242635682805,838.1713701464515,0.0631207451060288,0.1,anisotropic,0.0125,0.0215443469003188,500000,410.5846970081329,32.329763274397806,0.9709054308831724,338.494328048925,30.12570169743741,0.9744308866782888,562.2863665807876,20.475652842641125
93,0.07,True,561.7159203719267,655.2244768193456,0.0616302994615188,0.1,anisotropic,0.0125,0.0215443469003188,500000,407.8175597190857,34.80749143555349,0.9651739078175428,104.2422182360932,33.824592205446294,0.9781553029942298,130.71745008026298,18.97157816673717
94,0.07,True,771.1962127746065,725.8388785598187,0.0437196165820296,0.1,anisotropic,0.0125,0.01,500000,405.8610029220581,26.69016036487114,0.8493439631710832,1238.2035796835048,24.62377658877951,0.8157359740386029,1992.6472898046227,23.90714236185261
95,0.07,True,494.3018007680264,457.7685487048775,0.0475034967646534,0.1,anisotropic,0.0125,0.0215443469003188,500000,406.2729027271271,35.26164775263922,0.9702928923416596,72.5984653439555,35.19536275813118,0.9830230447375896,73.71501185461698,9.270853410285872
96,0.07,True,523.2100965526121,548.639032228051,0.0386869383871797,0.1,anisotropic,0.0125,0.0004641588833612,500000,405.2896130084992,34.09920299035024,0.9282899154079464,106.42822180483742,26.20150174786968,0.8547349952755601,655.8838394459138,16.358048451755813
97,0.07,True,428.1134773401911,429.7381458275752,0.0844283898860142,0.1,anisotropic,0.0125,0.0215443469003188,500000,404.3113193511963,39.10335812878632,0.9897510955375854,22.503760811926444,37.4810425679548,0.9886778661700054,32.69540032253597,9.99203471451857
98,0.07,True,26.39370761735109,23.728815571318435,0.0666759713503086,0.1,anisotropic,0.0125,0.0215443469003188,500000,407.3452620506287,22.541017961370954,0.8342672196883686,3.829024583971854,22.0203469743435,0.8443377878729076,4.316733656558605,0.7460310604734882
99,0.07,True,108.78353556631114,107.26929673214713,0.0610731148319661,0.1,anisotropic,0.0125,0.0215443469003188,500000,406.3997585773468,31.78077381938404,0.9485084001595616,7.848819482217919,30.657946942674972,0.9698212401564849,10.164523595978602,4.010279165689123
100,0.07,True,32.39775650104752,41.09730716561681,0.048455573158413,0.1,anisotropic,0.0125,0.0215443469003188,500000,390.7004354000092,34.416656121564046,0.9647017530831424,0.3794099467885593,30.080521537690792,0.96507795321602,1.0297271669887351,1.0319509284185862
101,0.07,True,636.7740008525166,373.1090088169028,0.0865466792229289,0.1,anisotropic,0.0125,0.0001,500000,390.91920495033264,31.146507895181568,0.8727817686402982,140.87509209518356,31.483913677058485,0.9280725062915952,130.34477741720573,10.354286661871292
102,0.07,True,315.0416250952504,214.4926422691445,0.0723974831210757,0.1,anisotropic,0.0125,0.0001,500000,387.9297258853912,28.611054895987323,0.861045025361207,115.70100403235196,27.599101647609597,0.884717879742869,146.06038885843665,7.901173647717672
103,0.07,True,509.0621204735381,486.8800294040922,0.0691844674765016,0.1,anisotropic,0.0125,0.0001,500000,388.93798446655273,25.96361156902203,0.893289242521254,656.2937853116422,21.792782247977005,0.831309629536861,1714.6726627151386,20.442144614068653
104,0.07,True,907.6589074521668,1146.2617518202117,0.0541168432744426,0.1,anisotropic,0.0125,0.0021544346900318,500000,392.0099008083344,25.418654750468743,0.8634649497328064,2249.0464900138086,22.99514818485171,0.8211386647373135,3929.606734258936,38.12077020305911
105,0.07,True,250.0429369197261,160.72164057920347,0.0904122306110415,0.1,anisotropic,0.0125,0.0046415888336127,500000,389.0847964286804,24.87349347578053,0.9455594770135964,202.8150698941986,24.580728751422395,0.9484589005314285,216.9585121700856,4.771236671496454
106,0.07,True,410.9725401125941,359.5678133840265,0.0637187074327002,0.1,anisotropic,0.0125,0.0464158883361277,500000,394.9999556541443,25.190680029642483,0.9451094811147585,510.2741782157641,25.1100083936269,0.9436598360569212,519.8412706654212,7.341521340608101
107,0.07,True,755.7955874045056,628.7652965681781,0.0808522384863917,0.1,anisotropic,0.0125,0.01,500000,389.0983266830444,36.32609843125781,0.9710719561553992,133.0988836167746,34.94004151399778,0.9777666592846336,183.1386904998973,14.70194624479158
108,0.07,True,229.56936732613084,301.2631415265643,0.0360929076862697,0.1,anisotropic,0.0125,0.0215443469003188,500000,396.079452753067,23.475478041581944,0.8928156989768956,236.50250703754276,21.967851759272374,0.8382731995480078,334.655816018536,10.343819971668346
109,0.07,True,77.9029299189642,52.07933686334439,0.0757206327908914,0.1,anisotropic,0.0125,0.0215443469003188,500000,389.0635898113251,24.3277312076621,0.9255350729397008,22.381441639795028,24.292014265152165,0.9327974182951292,22.566268502382027,1.341221195889871
110,0.07,True,290.4617014608543,387.6731766807145,0.0364578101637739,0.1,anisotropic,0.0125,0.01,500000,392.5266461372376,35.52011975910673,0.9645167561629004,23.63306154176019,27.495604626391007,0.9248206622879772,149.9586421029193,12.63353032682325
111,0.07,True,162.0600659667504,119.0059193206054,0.102053034900367,0.1,anisotropic,0.0125,0.0021544346900318,500000,393.4030239582062,34.85422479111687,0.9575835781335774,6.764580767852086,29.78314930869939,0.9087181839014236,21.74445038088103,3.725465095246112
112,0.07,True,929.7679546902305,1176.5205126558196,0.0578737911239848,0.1,anisotropic,0.0125,0.0004641588833612,500000,390.0520324707031,20.07658713506631,0.7580815150554564,8400.588367210223,19.30153925164172,0.7297594666099385,10041.86764502582,52.85146717149117
113,0.07,True,808.3122591848526,877.5276863147571,0.0596907390450874,0.1,anisotropic,0.0125,0.0215443469003188,500000,387.19232058525085,35.339150149505286,0.9762965762459708,191.05501258097877,33.887894288590495,0.9791579089595194,266.8603323454776,23.864706322127457
114,0.07,True,633.770352753913,606.2839602381989,0.0508943079315592,0.1,anisotropic,0.0125,0.0215443469003188,500000,388.9393014907837,20.8399569935779,0.7731202002505729,3253.8665295540964,20.979450910918278,0.8163935437499064,3151.0140735655823,20.794071679949965
115,0.07,True,871.58912959753,1154.3628275803433,0.0370010686157108,0.1,anisotropic,0.0125,0.01,500000,388.7493245601654,22.965570564901068,0.8685641518729668,3828.2477266188207,20.739378536590323,0.810907515493061,6391.741993780391,46.52716583638678
116,0.07,True,803.8684048222153,897.5655451515514,0.046527664072736,0.1,anisotropic,0.0125,0.0021544346900318,500000,388.8474276065826,30.136117224943327,0.9162108526406504,623.8589629671322,28.09566717443337,0.932154378091859,998.002028492656,29.366789846957005
117,0.07,True,187.3834888271498,184.0074672597704,0.0504032672200207,0.1,anisotropic,0.0125,0.0215443469003188,500000,384.9571964740753,36.07175299878863,0.9780355651462092,8.674119144481274,36.15131251545967,0.9865581717693774,8.5166623865787,4.201194078340512
118,0.07,True,892.6664394914878,837.1211229969442,0.050453171241859,0.1,anisotropic,0.0125,0.0021544346900318,500000,391.30653381347656,31.18320177186608,0.95456652071311,601.2286633781024,28.45788334371763,0.9653102764905732,1126.0858986293508,23.59474933288716
119,0.07,True,539.802899673735,477.224746302764,0.0637637846318451,0.1,anisotropic,0.0125,0.0021544346900318,500000,389.6053233146668,30.97807532012212,0.9531550096560024,230.93768526349368,28.42952362517572,0.9379220649662064,415.2885698054939,13.672832557637514
120,0.07,True,807.6327150088985,996.0165766215908,0.064923539002976,0.1,anisotropic,0.0125,0.01,500000,392.2582745552063,33.186988660781594,0.9602592705265084,311.72604688196384,28.9865979047054,0.9383884512298608,819.9968191759938,34.67080845422251
121,0.07,True,896.1952086235698,740.0788828871918,0.0634199693988607,0.1,anisotropic,0.0125,0.0021544346900318,500000,393.3173091411591,32.12812364054719,0.9384068503137016,477.7463063551142,29.97126233291977,0.9534558730108266,785.0249660925338,22.6187964693872
122,0.07,True,318.68547149689203,330.98157036017346,0.0484371451350423,0.1,anisotropic,0.0125,0.0046415888336127,500000,394.47598528862,36.23509864995408,0.9479618548044544,22.141541973825632,30.511384254308137,0.9366859623909208,82.71405305990955,8.866003993452376
123,0.07,True,110.94187260314908,96.3863731942638,0.0650083909874935,0.1,anisotropic,0.0125,0.0215443469003188,500000,387.4263391494751,21.58772032487329,0.8834969646673927,85.28431715060469,22.034867615690708,0.9109410761585222,76.94040135389147,2.6706870043389883
124,0.07,True,228.7072273793997,230.570860640632,0.0697301070587615,0.1,anisotropic,0.0125,0.0215443469003188,500000,390.0614697933197,24.35220335579583,0.9243354060776736,191.8640963598433,23.82461269103151,0.9054888047615004,216.64704962420447,7.127699316980884
125,0.07,True,427.68068083763006,423.8946986566357,0.068772187916632,0.1,anisotropic,0.0125,0.0046415888336127,500000,389.9135341644287,25.483901789176908,0.91183506105304,514.7306265225142,24.12323251589763,0.8863979274728311,704.1204160389486,14.570199277816505
126,0.07,True,818.1967511565706,415.8407708071734,0.1406256851211453,0.1,anisotropic,0.0125,0.0215443469003188,500000,388.4791989326477,29.651590098601773,0.9059474054771828,682.0285630314569,29.93803584241794,0.9266098628127392,638.4957174706092,12.340771180773306
127,0.07,True,860.869852673087,963.6378778895564,0.0531619903744579,0.1,anisotropic,0.0125,0.001,500000,392.6080117225647,26.55235053749607,0.9264743292828784,1620.451020981765,24.042631854503167,0.9026637527113544,2888.070410834439,28.98487462872852
128,0.07,True,7.945178400659513,7.500828533450519,0.0583120287025166,0.1,anisotropic,0.0125,0.0021544346900318,500000,388.78303813934326,35.0702774476276,0.9484545031808138,0.0194952987347643,29.35435720974887,0.9340978900643528,0.0726979087917918,0.2038339943462987
129,0.07,True,511.2365552749882,598.8821289037276,0.0561175526959394,0.1,anisotropic,0.0125,0.01,500000,388.24285674095154,29.074462964538988,0.8875440783046121,294.79739306897665,26.82336159557492,0.9002534723308834,495.0325721494792,16.625896184750108
130,0.07,True,417.9935921456302,453.8170929146357,0.0455984474299078,0.1,anisotropic,0.0125,0.0021544346900318,500000,388.94231486320496,31.59334481674256,0.9584442992024178,118.6593405707015,24.47897229109103,0.8736280124882584,610.5752318618623,13.649263415176096
131,0.07,True,222.8857026602595,218.30097997513232,0.0569742157615001,0.1,anisotropic,0.0125,0.001,500000,388.8965411186218,31.69352360609881,0.9432635135941856,30.205740556207225,25.006459384182502,0.8536637784987485,140.86266805033256,7.250750913610672
132,0.07,True,120.74550196634912,131.34558203156928,0.038668476230172,0.1,anisotropic,0.0125,0.01,500000,389.5247073173523,25.62534265676944,0.9235711141184384,39.831445702269725,25.807525396353903,0.9464595661910112,38.19511268775079,3.633613784164242
133,0.07,True,338.2775562322244,371.1668158842909,0.0468896995852929,0.1,anisotropic,0.0125,0.0464158883361277,500000,387.62057757377625,23.087454606412628,0.8564826093395229,558.2911314193842,22.86236152047829,0.867032217838999,587.9901321133489,11.033360387701656
134,0.07,True,942.9667942086066,1515.8125349015452,0.0417979613622121,0.1,anisotropic,0.0125,0.001,500000,388.6666750907898,25.24140285115425,0.8932434408831758,2594.851536135345,24.34470689544266,0.8801048907240507,3189.937032359346,47.47969674270091
135,0.07,True,323.87972908873445,239.03792201932572,0.0867491430821629,0.1,anisotropic,0.0125,0.0004641588833612,500000,388.1014559268952,32.13348469881269,0.9165250591574984,56.93359837571138,26.41449249243032,0.8166344653575435,212.45543912153732,8.881200133520212
136,0.07,True,519.2718311216228,652.8622312832842,0.0374462259264528,0.1,anisotropic,0.0125,0.01,500000,388.1130886077881,28.7139578001433,0.8714381903808542,355.2929996190748,27.21120274609619,0.8999783181580766,502.1831725461186,18.710446439068832
137,0.07,True,703.3159399362827,816.1911320681537,0.0602079658988921,0.1,anisotropic,0.0125,0.0215443469003188,500000,387.2338857650757,31.088085040120063,0.9667030434217104,384.6345058847855,28.993905976580944,0.9674574642960156,622.9685882649918,22.167212652332207
138,0.07,True,364.2659727769147,376.2891877078143,0.0692011505263218,0.1,anisotropic,0.0125,0.0215443469003188,500000,385.5219910144806,33.37128253061843,0.9680063214127468,61.03172107135313,31.48256233333835,0.9754403618075268,94.28175038249267,10.333316182820708
139,0.07,True,971.8103006382396,999.6789219700328,0.0756855528149895,0.1,anisotropic,0.0125,0.0215443469003188,500000,391.7436089515686,31.800985173395247,0.9538175505053608,623.6815535326871,31.229604133210582,0.9713677183757944,711.3789387952396,32.09260511991524
140,0.07,True,962.4848476471692,1184.9653798456347,0.0550703483035695,0.1,anisotropic,0.0125,0.0046415888336127,500000,388.6114974021912,32.92852200616201,0.936588364353294,427.1998715000887,24.61467406360988,0.838807792007117,2897.449715570732,39.5572876608611
141,0.07,True,252.5305135295388,225.75530793695364,0.0712582169184025,0.1,anisotropic,0.0125,0.0215443469003188,500000,389.7572979927063,35.888969397906784,0.966293489961726,16.365543728525775,35.2870634256947,0.980749280117125,18.79840647709496,5.030351741905565
142,0.07,True,497.7512573864931,511.596880722836,0.0538013351354649,0.1,anisotropic,0.0125,0.01,500000,386.8646717071533,24.153326718126312,0.9180834826574108,949.8709538497264,25.509751272121257,0.9474447393421052,695.0597697691385,14.275173388450366
143,0.07,True,301.5774315069529,277.1156441632412,0.0497156591644548,0.1,anisotropic,0.0125,0.0046415888336127,500000,389.8045349121094,24.106136476059945,0.9133913061818292,352.57706035526394,23.37011309499957,0.912584843653272,417.6922243056342,8.097305133693526
144,0.07,True,285.55565388309014,255.38448847063697,0.0821036543372698,0.1,anisotropic,0.0125,0.0215443469003188,500000,387.6603908538818,34.074266418085465,0.9848320739165092,31.87486806740851,32.88862566136376,0.9799996687647023,41.88055916930008,6.948879068558772
145,0.07,True,37.85006040717826,33.886112547059376,0.0752932547416775,0.1,anisotropic,0.0125,0.0464158883361277,500000,386.6525230407715,20.721844252731163,0.8568605596801154,12.09572284713146,20.750246393030068,0.8704059009999996,12.016876922385984,0.8045644262359878
146,0.07,True,609.9547696459169,539.2808004271923,0.0545609250492042,0.1,anisotropic,0.0125,0.1,500000,389.8240211009979,23.474016788009717,0.909336652498646,1668.1008185761375,23.33120456106878,0.9095622619949028,1723.8660558256686,11.0443960848293
147,0.07,True,503.17634420563263,509.695532420482,0.0351344579558103,0.1,anisotropic,0.0125,0.01,500000,389.3164999485016,24.063265709006355,0.938464109240404,990.8468436281736,23.111086480967508,0.9097258122512948,1233.742293990983,14.941565805211358
148,0.07,True,52.42727249873936,51.46579365599899,0.0666901635454958,0.1,anisotropic,0.0125,0.0046415888336127,500000,388.4148616790772,26.537869724100094,0.8653288174621518,5.204425649795577,25.44087394233291,0.8649414998324028,6.699962728930317,1.4307645867782928
149,0.07,True,279.36781777237485,203.82851226376997,0.0616508133693798,0.1,anisotropic,0.0125,0.0046415888336127,500000,389.3719584941864,28.324802663628496,0.8955698069729633,103.5606126661472,28.69899393336548,0.93331121878406,95.01134893635718,5.582194428010351
150,0.07,True,908.3576200806872,1031.4667908136837,0.0463876485097441,0.1,anisotropic,0.0125,0.0464158883361277,500000,376.4948434829712,29.157875821264945,0.9612525933924818,1000.1117007674565,27.891752209436923,0.9463904165027108,1338.630973277723,24.22647386095321
151,0.07,True,240.32232877630543,163.3950414059217,0.1068018987171649,0.1,anisotropic,0.0125,0.01,500000,370.902312040329,27.771523333370528,0.9071886752701782,86.63560274416669,27.63283869384022,0.9300224033225186,89.44681175713418,4.289507689972071
152,0.07,True,145.74997721913186,265.9053981280914,0.0402668659748007,0.1,anisotropic,0.0125,0.0464158883361277,500000,371.1080584526062,31.24984887474893,0.9591189543174944,15.921630470914398,28.155408462225974,0.9540313298253073,32.46620909150063,7.584577073477094
153,0.07,True,489.96330751728544,614.5121194664229,0.0467572758906277,0.1,anisotropic,0.0125,0.01,500000,372.23619556427,27.47184138937576,0.9402346420206426,429.3562088827677,25.02674472032611,0.9298540555169876,753.9237324117443,18.339822286130264
154,0.07,True,985.66480365649,920.5005899116898,0.0539132840938721,0.1,anisotropic,0.0125,0.01,500000,371.248247385025,37.745639094597095,0.983482113736741,163.05824058673576,32.44208423173264,0.9620669417668904,552.9657573040947,20.64259863637393
155,0.07,True,242.8132162399889,355.47613190627226,0.0303579819690248,0.1,anisotropic,0.0125,0.0021544346900318,500000,371.0862333774567,22.266410940903555,0.9099662774239043,349.073468303672,21.512307900761304,0.8753320719765649,415.2667367123,10.750620302917076
156,0.07,True,672.4634118584727,561.9916866786555,0.0919869089648218,0.1,anisotropic,0.0125,0.0215443469003188,500000,370.580961227417,34.359292651765216,0.982185146997959,165.30443478887955,32.445563930899304,0.979999020127832,256.83687497998966,15.048094484104222
157,0.07,True,761.8579957133888,578.1269070301506,0.0693429759486237,0.1,anisotropic,0.0125,0.0021544346900318,500000,370.8282151222229,19.745047484516828,0.804804379595644,6133.731854770073,19.910359307134925,0.8314266349914669,5904.642443366214,18.6227592231489
158,0.07,True,238.39990644840728,155.3161524454046,0.0664280176627175,0.1,anisotropic,0.0125,0.001,500000,370.10789918899536,26.48757675810197,0.9319064716194432,119.0888402545243,25.38626550109065,0.9035083138333352,153.46247270584956,4.721591351585471
159,0.07,True,728.4881322632477,478.0188594530983,0.1002916191438743,0.1,anisotropic,0.0125,0.001,500000,372.4004991054535,25.526220684817705,0.8864425818515328,1477.3080341285288,25.96033264668532,0.9474025840783384,1336.7797666284075,13.868072550325977
160,0.07,True,368.415349586534,401.85041254595376,0.0450360349633279,0.1,anisotropic,0.0125,0.0215443469003188,500000,371.9911830425263,35.15502833264953,0.9745857410775584,41.4053950853264,34.36752660404075,0.9806243841873477,49.63718063604997,9.706173177873437
161,0.07,True,632.673524762986,826.9403784736395,0.0341284434657304,0.1,anisotropic,0.0125,0.0046415888336127,500000,374.00076603889465,28.26774849650641,0.8841473332599782,594.8843551197624,24.194616976135404,0.8504194083282705,1519.6574362811757,31.048000476246088
162,0.07,True,633.8961810501338,885.0640192263917,0.0409913693114822,0.1,anisotropic,0.0125,0.0215443469003188,500000,372.2606234550476,34.56046683369944,0.9726683108355472,140.31552842818493,27.42865925173757,0.9162480698254644,724.9140119320109,24.947378255633776
163,0.07,True,536.2389093906837,445.1634348141057,0.0682036450162781,0.1,anisotropic,0.0125,0.0021544346900318,500000,369.44306087493896,26.86922695194457,0.9460202832552328,587.6185443011065,25.07051713265566,0.9267305338141866,889.1324791693536,14.291465457110208
164,0.07,True,91.1994802843539,68.68312708227671,0.0666794276193657,0.1,anisotropic,0.0125,0.0046415888336127,500000,370.4572122097016,29.10863536580983,0.9385957890418734,10.17143672647827,29.16112851203753,0.9603690329505437,10.049234651483513,1.9510778150111905
165,0.07,True,835.4671930936487,481.1113140852195,0.100166484391983,0.1,anisotropic,0.0125,0.4641588833612777,500000,373.5338604450226,23.49307405437925,0.8790003632450188,2955.57342754864,23.526984431369456,0.8802145660693822,2932.5857210051167,7.958774094865737
166,0.07,True,321.4592849067641,280.9695330126277,0.0649376029112784,0.1,anisotropic,0.0125,0.0215443469003188,500000,371.6774973869324,35.229624472817555,0.9695173370061326,30.986399211935048,36.04309647550486,0.9838788909618918,25.693538046816037,7.933383296260264
167,0.07,True,187.3319918894544,187.30854239543797,0.069148431532453,0.1,anisotropic,0.0125,0.01,500000,374.6455476284027,31.25289353294047,0.97559230804454,26.200732285102365,31.69700271070439,0.9817914230858714,23.653886676855084,4.170150286375457
168,0.07,True,41.73436641320915,37.95425684373574,0.0627367582845896,0.1,anisotropic,0.0125,0.0215443469003188,500000,372.1080219745636,28.33248041126992,0.949149325881607,2.555243123462688,29.0623342239316,0.971853546183216,2.159965661622563,1.18513899979596
169,0.07,True,591.3020502450536,733.8763695403258,0.0361177843766651,0.1,anisotropic,0.0125,0.0464158883361277,500000,379.5145215988159,29.620271091194788,0.9621876789475706,381.20828068912886,28.21262303515723,0.9645883614877524,527.1414071095273,18.21142271531876
170,0.07,True,677.8867974804401,606.5193668233079,0.0788652473581947,0.1,anisotropic,0.0125,0.0215443469003188,500000,373.7021236419678,40.41001248664465,0.9901891864233724,41.73425470817549,36.1916310533435,0.98712401776979,110.23786805055867,16.41956975370539
171,0.07,True,17.571241098928297,41.51856910253873,0.0256045894322641,0.1,anisotropic,0.0125,0.0021544346900318,500000,372.4445490837097,27.968814602879,0.896543029233722,0.4789753971499552,23.16147879610684,0.8277230986547783,1.4489279392492738,1.1346515292787078
172,0.07,True,512.5809652409816,634.2343760968361,0.0561735177230726,0.1,anisotropic,0.0125,0.2154434690031882,500000,370.6903932094574,24.589107722875045,0.9003364233440482,910.9881970609728,24.522935212145992,0.9056600443581933,924.9750136042192,11.852944124379038
173,0.07,True,227.26927942274003,205.79000780875532,0.072874179992678,0.1,anisotropic,0.0125,0.0046415888336127,500000,373.6910216808319,34.56072498341749,0.9807350685842624,17.98515785574915,30.76863877038273,0.9666818146022376,43.06484369561698,5.226847459603553
174,0.07,True,645.5276176190404,596.0312850905083,0.0842623581889015,0.1,anisotropic,0.0125,0.0021544346900318,500000,370.9719889163971,28.513196414835296,0.9533541334180312,583.6825110137279,27.131009636974284,0.9339552592520324,802.4082004662966,20.00155070885764
175,0.07,True,175.19206257598643,74.0721895707366,0.1608012448092385,0.1,anisotropic,0.0125,0.01,500000,372.9405820369721,28.2759042791946,0.8764385695264805,34.39920655404101,28.61357730460355,0.917038124986161,31.8259314333299,2.621384107328105
176,0.07,True,691.2468003643635,672.0047857184695,0.0659453350752073,0.1,anisotropic,0.0125,0.0215443469003188,500000,374.714506149292,24.292160396057803,0.9265024101187098,1777.3323054381715,24.62955814161044,0.9415038620721824,1644.481000763271,16.775562995697875
177,0.07,True,387.3486109542369,435.8410234839741,0.0507467465203377,0.1,anisotropic,0.0125,0.01,500000,372.1846730709076,35.044405794186304,0.9841866025163224,46.93000623362732,30.879989660858108,0.9579565770945716,122.43123355105448,11.890820310938974
178,0.07,True,936.7932587479978,969.9998406657882,0.0370799328573907,0.1,anisotropic,0.0125,0.0021544346900318,500000,371.433397769928,31.291401310208595,0.9275371815778732,612.9930428393037,29.63445710306544,0.9432686003197498,897.7387391702179,24.1954868255119
179,0.07,True,138.38342320184725,113.15161826247176,0.0682739239219908,0.1,anisotropic,0.0125,0.1,500000,371.4352345466614,20.909918160014847,0.8693743457715738,154.59884646223858,21.03360105047232,0.8760037005052158,150.25812322938083,2.427400012512024
180,0.07,True,341.72528469920826,237.84601795748708,0.0659024020801283,0.1,anisotropic,0.0125,0.0021544346900318,500000,376.0823199748993,35.58366391876856,0.9377526447556576,31.70532259506709,33.97909296768947,0.9531722433641274,45.87639374412231,7.756066640679204
181,0.07,True,114.36004771934849,119.63295846579268,0.0576102801908143,0.1,anisotropic,0.0125,0.2154434690031882,500000,369.06335043907166,22.288867201111223,0.852651458266035,76.82870057002258,22.060417067988244,0.8516006849768473,80.97827127200063,2.3279371538158844
182,0.07,True,924.7689246602844,978.5854316564094,0.0506926966327375,0.1,anisotropic,0.0125,0.0215443469003188,500000,371.80537271499634,31.13984087794936,0.966617057136846,657.3336090267177,28.490972613621345,0.964598725352632,1209.6860278220086,27.47269872803016
183,0.07,True,877.4620140276,1001.3395781523884,0.069355942071191,0.1,anisotropic,0.0125,0.0002154434690031,500000,370.8342628479004,35.85382793317068,0.9717223166548654,199.75362327915585,29.53971241607124,0.9547101050266112,854.8820874943408,33.948896667289425
184,0.07,True,258.68368608744044,176.32584635615515,0.0970676191922911,0.1,anisotropic,0.0125,0.0021544346900318,500000,374.1456878185272,28.096331098983136,0.9513522685706002,102.90627750102972,26.582357539649276,0.9420143735120412,145.8274307875907,5.709730779325237
185,0.07,True,660.3240619881449,1691.9102533481932,0.0210860227321429,0.1,anisotropic,0.0125,0.001,500000,377.2195496559143,19.457761466519848,0.7532643290743496,4927.581029940134,17.34747668026112,0.6936808952080726,8010.548482242778,57.078408088690935
186,0.07,True,817.4049780010146,723.4190140496834,0.0629652680002824,0.1,anisotropic,0.0125,0.0464158883361277,500000,373.5643177032471,32.11382729538539,0.9663836567770407,410.4571774629776,32.03299597274538,0.9782616117316496,418.1681838505209,18.573385336613917
187,0.07,True,555.6456107878629,722.0030097617188,0.0286186807763054,0.1,anisotropic,0.0125,0.0046415888336127,500000,375.8788607120514,24.624653053987945,0.8557209081597523,1059.5669561134464,23.24030079501894,0.8350868352975481,1457.349216215153,24.73843870620832
188,0.07,True,530.1209277776504,486.7220528990409,0.0682828469814806,0.1,anisotropic,0.0125,0.0464158883361277,500000,371.74303436279297,37.90554326340767,0.9854834057779038,45.42917413276775,37.98515932890832,0.99098629855275,44.60394125874653,9.51766890837606
189,0.07,True,242.61043860955124,323.42872559285286,0.0434906586233846,0.1,anisotropic,0.0125,0.0046415888336127,500000,372.28619480133057,29.653717619734003,0.9283826891928368,62.99965851224386,23.430965266580888,0.8844244356367589,264.0057772719292,10.410709697467498
190,0.07,True,94.00966503809332,119.53019664486357,0.0631079183924025,0.1,anisotropic,0.0125,0.0215443469003188,500000,374.2476146221161,32.488615784154725,0.9615494421787344,4.972642468303905,28.51177862597728,0.9369817989728736,12.424271995399788,3.20960624001686
191,0.07,True,897.3185421953734,1015.2154393535118,0.049945326291061,0.1,anisotropic,0.0125,0.0464158883361277,500000,372.6890823841095,32.68284081358976,0.974820997752786,433.8880516672707,31.406526317854556,0.9791084354136212,582.1154690864485,24.017240827817623
192,0.07,True,900.5176391061672,1022.046261316874,0.0508168179744412,0.1,anisotropic,0.0125,0.0215443469003188,500000,373.6642553806305,32.954041619539154,0.9678200107086156,409.4121120650331,29.21354441576183,0.9456641326462308,968.7470813731873,29.91320125049755
193,0.07,True,633.4683558159946,841.9922357518329,0.0325381394567226,0.1,anisotropic,0.0125,0.0046415888336127,500000,373.7580761909485,28.77634700189117,0.8538665767516582,519.8691367059895,23.08876467589888,0.8418672383540627,1925.9821947236585,28.264633783118843
194,0.07,True,339.690761257652,408.8370176451001,0.0555050556979253,0.1,anisotropic,0.0125,0.0215443469003188,500000,369.9154877662658,22.13969791870832,0.8936580762766045,703.8481843591961,22.464116272202517,0.9187172204456344,653.1864384837294,12.036584521559131
195,0.07,True,349.8603650380482,343.67411127865125,0.0795079951930396,0.1,anisotropic,0.0125,0.0046415888336127,500000,375.8655295372009,29.51797035692917,0.9305285971109948,136.29717774073026,27.277082001767223,0.9401703086325656,228.3366886772959,11.7457842970837
196,0.07,True,726.2297231913691,705.1946126950241,0.0684307416899057,0.1,anisotropic,0.0125,0.0215443469003188,500000,372.014445066452,23.720950138712237,0.8664153008205968,2193.7300194358936,23.17965674283589,0.8688235931137396,2484.920608302979,19.458779920361717
197,0.07,True,897.2131496926245,995.5515885489996,0.0441956902713238,0.1,anisotropic,0.0125,0.0021544346900318,500000,370.0929238796234,27.876803704028013,0.8868505293483435,1307.8728750111031,24.90946217369396,0.8852318241429219,2589.999532760729,44.30165941551139
198,0.07,True,887.1993378408522,817.7514358783808,0.0845388189583022,0.1,anisotropic,0.0125,0.0215443469003188,500000,370.4121642112732,20.644579974834446,0.8639472856446158,6766.539216231497,21.079098531883467,0.8821186673961345,6122.3019838542095,21.488572350698178
199,0.07,True,780.0956703117662,822.7729509096894,0.0642165100644867,0.1,anisotropic,0.0125,0.0464158883361277,500000,375.4088237285614,26.335367859248468,0.8937633792403946,1344.841098286872,26.10107542349708,0.9125387624781864,1419.3850160755087,17.998625268479433
200,0.07,True,642.3896145081335,624.0431749292387,0.063359043825846,0.1,anisotropic,0.0125,0.0021544346900318,500000,375.3174602985382,26.783903420976092,0.917809667656597,850.4189308169896,27.06563531713929,0.9492539655916952,797.0025843808726,19.69646608918694
201,0.07,True,85.05582503005378,81.52986860050795,0.0390602738228372,0.1,anisotropic,0.0125,0.01,500000,375.9458076953888,24.6291556630924,0.8927928780676339,24.357696969629416,23.00622638041148,0.8444872061363123,35.39395964998569,2.33106146288724
202,0.07,True,162.46708538051917,142.19726043084202,0.0485321311815996,0.1,anisotropic,0.0125,0.0046415888336127,500000,376.6451225280762,34.05772512257141,0.9658548956864588,10.327493600125502,29.713885576462147,0.9620945884028927,28.07882234841113,3.98995359905317
203,0.07,True,898.6556343385522,1101.238672098166,0.0646850881388231,0.1,anisotropic,0.0125,0.2154434690031882,500000,372.9793872833252,24.198935334789585,0.8480922567449601,3008.417911095617,24.494668472419484,0.8927875054265338,2810.3787429361414,23.66020625045285
204,0.07,True,606.8226305999303,617.8371702149449,0.0690614158134359,0.1,anisotropic,0.0125,0.0215443469003188,500000,372.6007783412933,35.34341468778871,0.9716238066378816,107.44107063340074,35.22495539986824,0.984080500553041,110.41199476300925,13.66406669776999
205,0.07,True,10.187854565013016,9.688019284094665,0.0726171567161558,0.1,anisotropic,0.0125,0.0215443469003188,500000,371.6686825752258,22.642296965512724,0.8846851442935089,0.5633497244628475,22.427082030980543,0.8889949055297189,0.5919698387387476,0.2858718626517141
206,0.07,True,102.37007132316609,103.65839609662304,0.0751258226883493,0.1,anisotropic,0.0125,0.0215443469003188,500000,379.97490191459656,32.020670096760846,0.9816314781562044,6.570561403004575,30.269664287806343,0.9601583391661836,9.833385361447752,2.851648306464726
207,0.07,True,663.8382673389477,654.4665499733202,0.0254552975909789,0.1,anisotropic,0.0125,0.0215443469003188,500000,375.3581237792969,30.142042031381497,0.9556509857824472,426.3561521038816,27.889392433672317,0.9592727655135724,716.2052394268583,20.80104417911563
208,0.07,True,6.056522262372468,7.866467224550194,0.0489641487686797,0.1,anisotropic,0.0125,0.01,500000,375.629908323288,20.33756472834286,0.8023039381592444,0.3390134995483608,20.05509500158326,0.8214304093819669,0.3617961698277755,0.2999473671668876
209,0.07,True,161.64724336608114,153.04905177977545,0.052721860708349,0.1,anisotropic,0.0125,0.0215443469003188,500000,375.50741505622864,33.65920658105346,0.9688551373009574,11.238805796350226,33.226439342057446,0.977723545021135,12.416434180568697,4.0288304865197935
210,0.07,True,549.1850555772195,733.8110495080264,0.0456033616100123,0.1,anisotropic,0.0125,0.01,500000,376.4606235027313,21.94197651275826,0.8196388788855996,1909.8890049213885,21.37514081358056,0.8302286474596368,2176.1643853397454,24.262823785780785
211,0.07,True,692.2033024950006,738.4761953525401,0.0672174931036529,0.1,anisotropic,0.0125,0.0021544346900318,500000,376.6257936954498,36.16592596319371,0.9644195211550444,114.08935809931448,26.349792668524262,0.8548413275872633,1093.5999107967698,21.80834682629162
212,0.07,True,652.3092982430979,850.4993419246196,0.0306455757981271,0.1,anisotropic,0.0125,0.01,500000,376.6222996711731,22.991499121841347,0.8900443987559887,2135.0007642673213,21.620691711085627,0.8713306114280541,2927.3778060614704,23.957990410821274
213,0.07,True,225.0450401510992,276.9094374156545,0.0515660535303829,0.1,anisotropic,0.0125,0.0215443469003188,500000,380.10296654701233,27.710123690278174,0.9156414396766904,76.40886718072156,27.47619732999789,0.9306910037609306,80.63737784703993,5.507621222749339
214,0.07,True,712.4670421261883,705.8752651814951,0.0549032327796939,0.1,anisotropic,0.0125,0.0215443469003188,500000,377.5361549854279,29.59855439728095,0.9739089544438292,555.9554635442381,29.03097019307627,0.9701255642824186,633.5755699732866,19.856124431958992
215,0.07,True,238.01183840930327,186.03433526898297,0.0729997263874189,0.1,anisotropic,0.0125,0.0004641588833612,500000,378.01005125045776,31.267986334362845,0.926271083000646,39.269107089529896,30.085723675921592,0.940441945530078,51.55577173098831,6.313151351177978
216,0.07,True,326.07429846110847,366.653782426477,0.0499550638935939,0.1,anisotropic,0.0125,0.01,500000,378.67741680145264,30.900164088337824,0.9384680927504896,74.62627643344523,28.15830178486226,0.9416967489153976,140.30656840998157,9.343039406639466
217,0.07,True,746.7449137129062,613.9702721980439,0.0712414479832358,0.1,anisotropic,0.0125,0.0046415888336127,500000,377.3801803588867,34.33063679243003,0.9627316453192964,204.71477313292397,33.48902813553802,0.972240509789638,248.4906488607901,15.42231900248387
218,0.07,True,649.9832661481674,609.5926902006886,0.0532735601956722,0.1,anisotropic,0.0125,0.0046415888336127,500000,374.9001705646515,28.69486684307171,0.921989110507712,569.2772056361173,23.09373516758832,0.7650201685521962,2067.459268503,24.560721372384
219,0.07,True,849.3741870836838,932.3882500779138,0.0304594135123667,0.1,anisotropic,0.0125,0.0464158883361277,500000,375.7292249202728,29.587904913746414,0.9414000805212468,792.5904222671838,27.21110712673585,0.9516118309755176,1370.0253360029928,33.198809505864304
220,0.07,True,657.955279408043,736.830149865571,0.0513986985586778,0.1,anisotropic,0.0125,0.001,500000,377.9761626720429,24.307372650784096,0.8956379371356326,1591.6451104915914,24.622764740691785,0.9163415447473408,1480.154433896006,25.60458369579423
221,0.07,True,568.7402947321361,635.1073804539067,0.0444320488227338,0.1,anisotropic,0.0125,0.01,500000,379.0562801361084,29.446185557458904,0.9414042552651914,366.9043709676289,26.19234676928109,0.9068238679537628,776.1340991187511,19.988794754266177
222,0.07,True,94.58109306026438,26.92364752836064,0.1776270337333275,0.1,anisotropic,0.0125,0.01,500000,378.740288734436,30.23428883415829,0.9415486136950691,8.193237920444563,30.080864375896866,0.9467117498486376,8.48785618015483,0.8036475074043341
223,0.07,True,368.3480872563741,363.42313858411086,0.0622553509056303,0.1,anisotropic,0.0125,0.0464158883361277,500000,377.3803684711456,35.04084268561915,0.9720600515056242,42.46873428881094,33.41551089173437,0.9842859807800806,61.74509983009699,9.247445741894948
224,0.07,True,265.93716531404374,314.65882983548323,0.05771095083597,0.1,anisotropic,0.0125,0.001,500000,379.9096443653106,27.5176773083432,0.8865181125053488,119.08363117545952,23.99440153662845,0.8531453997135137,268.02767934291546,11.38705034490459
225,0.07,True,244.74565373570448,233.5222015404454,0.0400985440721654,0.1,anisotropic,0.0125,0.0215443469003188,500000,375.6561651229858,40.07030855532564,0.9836520694710236,5.891524613397189,35.64247420047951,0.9863553434089406,16.330938070034964,4.9812762527253005
226,0.07,True,973.0375441976933,957.7751729695758,0.0607222227657699,0.1,anisotropic,0.0125,0.01,500000,374.637766122818,26.40754409973149,0.9533486411131676,2164.3215256076824,25.28694904272218,0.9380442027115408,2801.439736406768,25.673911795801164
227,0.07,True,393.7046269420936,370.8611226576944,0.0474564086120783,0.1,anisotropic,0.0125,0.0215443469003188,500000,378.128821849823,35.9332028451776,0.97399122180908,39.473790517104376,33.434366221712246,0.9783731765206322,70.17662766584064,9.978976647004696
228,0.07,True,892.1545086219362,702.3897162725011,0.0797846354998933,0.1,anisotropic,0.0125,0.01,500000,380.0427460670471,25.200679220954136,0.9110279398836664,2397.3558838534505,25.398157674501945,0.9380196204319072,2290.786757126099,24.78251012656391
229,0.07,True,631.5074873712656,400.5014043785395,0.0943591840196857,0.1,anisotropic,0.0125,0.01,500000,376.6915054321289,26.8711324709282,0.8697354349974112,529.4607307895668,26.32037059677172,0.8931713615396618,601.0490875156879,12.94528233350048
230,0.07,True,795.0164922381068,791.4340915384928,0.0580781159305176,0.1,anisotropic,0.0125,0.0004641588833612,500000,379.1119792461395,27.73818085813424,0.8744793619946474,963.1228525423244,25.558256905735966,0.863937885632813,1591.0142995305728,29.516152878027576
231,0.07,True,503.1344560120869,443.904233529201,0.0849130770057612,0.1,anisotropic,0.0125,0.0215443469003188,500000,380.9474720954895,34.29104523721327,0.9742920406641852,94.02253930082694,33.48767733739313,0.9842014330048812,113.12765013518164,11.68174294586616
232,0.07,True,577.3269807417328,602.8893750799498,0.0593986296784075,0.1,anisotropic,0.0125,0.0464158883361277,500000,379.8966147899628,37.51378791561231,0.9798052287731076,58.95791803904294,37.57185579588885,0.9901925704085958,58.17486056079022,12.80883236195896
233,0.07,True,493.02517612504505,527.829361586411,0.0493195154420893,0.1,anisotropic,0.0125,0.1,500000,376.50805139541626,24.67746883680489,0.9263557110704272,826.9375982964368,24.838670021195792,0.93242485690626,796.8060445358735,11.882873152299002
234,0.07,True,196.04774481024648,160.90919265768494,0.0653456638417191,0.1,anisotropic,0.0125,0.0002154434690031,500000,380.4315750598908,23.286162488298544,0.9000067708289484,173.15802901617292,23.44528243763031,0.910268722106142,166.9285568739842,5.85114850358211
235,0.07,True,722.7296631462439,625.6048846118363,0.0698160077618993,0.1,anisotropic,0.0125,0.1,500000,376.529021024704,19.57039322587829,0.7370226709504135,5746.516915224345,20.077617231626576,0.8359112027625011,5113.076480058495,16.0302385455114
236,0.07,True,281.49159007841496,237.71737690728224,0.0524083789231269,0.1,anisotropic,0.0125,0.01,500000,377.0452997684479,35.93386178738391,0.9724246444464086,20.18344593955352,31.887287466828283,0.9673031030756412,51.24514753563947,5.577193513833074
237,0.07,True,25.291650465022386,26.662110053970128,0.0610652323758521,0.1,anisotropic,0.0125,0.0002154434690031,500000,380.51549196243286,30.598765189061123,0.928334772203594,0.551353519944017,27.470591443000547,0.9224946742316396,1.133045958790236,0.794641381366952
238,0.07,True,645.8268236112607,1598.2367241090403,0.0304387072847637,0.1,anisotropic,0.0125,0.001,500000,380.90112471580505,26.826403752505502,0.8325758070534556,855.4569705671421,19.373159819723817,0.7036027420710033,4759.07514970039,52.028714023433125
239,0.07,True,177.9335687276419,147.24345418436528,0.0730688661169266,0.1,anisotropic,0.0125,0.0215443469003188,500000,377.6715974807739,32.87702472083662,0.9710595736596936,16.311032264526684,31.733464039595997,0.9784736095988842,21.22450228961046,4.202642561328531
240,0.07,True,940.5181257685614,998.7795447787092,0.0598631640766596,0.1,anisotropic,0.0125,0.01,500000,378.0302379131317,32.92236779088776,0.9396365951095534,449.8889760167825,31.098333723558778,0.9523394650963836,684.7132911753602,29.486528587568884
241,0.07,True,953.9746484255847,841.9483201370148,0.0675907272834724,0.1,anisotropic,0.0125,0.0215443469003188,500000,377.0410358905792,26.9433773811776,0.956361839068884,1836.886819352667,26.197389182647584,0.95316458633696,2181.1283250663705,20.382763079798018
242,0.07,True,914.949525830228,1927.1014984711176,0.0387720666487648,0.1,anisotropic,0.0125,0.001,500000,376.242645740509,25.03797950387468,0.9086361973254212,2619.4552903512817,20.00639361550501,0.8074694353088292,8343.909385330002,54.10795836483555
243,0.07,True,370.78854155518894,317.25049102543665,0.0667280203451257,0.1,anisotropic,0.0125,0.0021544346900318,500000,374.0142147541046,34.283946839116815,0.9640974755687672,48.52505802482804,30.585089452110985,0.9418941992249216,113.7239150019389,9.137983143064854
244,0.07,True,16.441159912338563,15.867527012047212,0.0570908943220007,0.1,anisotropic,0.0125,0.0215443469003188,500000,380.2459967136383,34.0399694788815,0.9568396510074916,0.106488269399701,32.718577173210306,0.9747820448244744,0.1443580475918698,0.3966838132335685
245,0.07,True,928.3902440251376,645.7091791035693,0.0890411111661847,0.1,anisotropic,0.0125,0.0215443469003188,500000,378.01703119277954,37.16718177013961,0.9528809873742504,144.41494172385922,37.84136873388559,0.9772458436649092,123.649804190352,17.713381216269116
246,0.07,True,428.755964168997,453.688412465122,0.0732168130554079,0.1,anisotropic,0.0125,0.001,500000,377.4763858318329,27.017898394579984,0.9161022249944574,359.6508741992811,25.76282599984605,0.9212998550678982,480.1626331984834,15.361893938728016
247,0.07,True,966.688164224626,833.4773030260855,0.0702678593707726,0.1,anisotropic,0.0125,0.0046415888336127,500000,375.39878726005554,32.0301205149412,0.9728267695820876,584.7073901197356,29.46482499108724,0.9430432206780172,1055.5240553443084,28.249015363780277
248,0.07,True,963.6563571121636,1757.6655944514837,0.0343246900707188,0.1,anisotropic,0.0125,0.0046415888336127,500000,382.13096952438354,31.343822417572746,0.9201681710639744,581.605354981797,20.03297212549848,0.644392628376015,7865.266196798313,59.37233110210435
249,0.07,True,853.1564460118927,664.6229222913678,0.0571919973626987,0.1,anisotropic,0.0125,0.0215443469003188,500000,375.6364698410034,36.01797330935762,0.9724344868764558,181.5901598893621,33.53326452197116,0.9806295848992728,321.7830692396994,16.09807646600845
250,0.07,True,295.1544431775161,256.14562111839103,0.0658835312492162,0.1,anisotropic,0.0125,0.0464158883361277,500000,375.27970695495605,38.15707451583375,0.9785518904429582,13.299195117500386,38.83934994406487,0.9880636336431848,11.36574256306364,5.793462245436699
251,0.07,True,385.71263087332335,272.73559345890953,0.0782787348225615,0.1,anisotropic,0.0125,0.001,500000,375.1141781806946,32.61235425592167,0.916205788301108,70.52662086523334,29.936636057730883,0.9162480976293188,130.5945026717694,9.5335669300384
252,0.07,True,851.2855348453401,569.9611517732055,0.0817399246846459,0.1,anisotropic,0.0125,0.001,500000,374.2318871021271,21.854673482735866,0.7950814915828059,4674.838397171605,21.421587450704685,0.7732415314666421,5165.058035585965,26.51684415070379
253,0.07,True,317.6050831511214,284.9560980967068,0.0551774946872745,0.1,anisotropic,0.0125,0.0002154434690031,500000,374.8531382083893,36.35498367435814,0.935417647974489,22.900856468043894,31.763119410340305,0.9244548116990576,65.92318038374414,7.49299630078086
254,0.07,True,170.32325393940638,211.15546710722148,0.0367446230709944,0.1,anisotropic,0.0125,0.0004641588833612,500000,374.90121817588806,29.883740477819387,0.9630642408941398,29.610909702535057,25.49004040018013,0.9166358906924288,81.43699832674089,5.670180456938268
255,0.07,True,557.2444611958919,276.86050315404384,0.1104765751245983,0.1,anisotropic,0.0125,0.0215443469003188,500000,372.8617622852325,26.21432789092598,0.8822038974149605,573.4253154667399,26.84033078133317,0.9146282445720236,496.4512095438006,8.64854424569083
256,0.07,True,936.2186193866202,511.58585493738127,0.1451782284654979,0.1,anisotropic,0.0125,0.0021544346900318,500000,374.66409611701965,35.88058807317112,0.962016065717126,184.8640921926754,33.667880313731814,0.9513651599924644,307.6970541496433,15.620368025244382
257,0.07,True,696.333766878298,667.222517090771,0.0680636823389489,0.1,anisotropic,0.0125,0.0215443469003188,500000,373.6380181312561,34.88004222135116,0.9757421388636784,157.51676174144254,35.00987621063668,0.9870969008071702,152.87743096445132,15.894300409729093
258,0.07,True,570.4911089192756,519.3596156792803,0.0622135206884627,0.1,anisotropic,0.0125,0.0021544346900318,500000,371.6278734207153,30.28408048119242,0.9103721391972642,289.06778614006805,28.662690760178,0.9377177119491368,419.8930327372239,18.77954792880144
259,0.07,True,98.07931727699776,147.263147664567,0.0538524525909217,0.1,anisotropic,0.0125,0.01,500000,375.3212735652924,26.76158604784427,0.8921531366421266,19.719835766565083,24.43596647562828,0.8875553463313218,33.68722605770141,4.2260747632598346
260,0.07,True,615.3922194724705,581.0739318064657,0.0823951030382853,0.1,anisotropic,0.0125,0.0215443469003188,500000,376.7793765068054,38.00455726261748,0.9773634297672968,59.87006167264018,36.406086442478895,0.9852406027820746,86.50810277495928,15.412356172065564
261,0.07,True,990.063796254159,751.1566761876817,0.0826342472694526,0.1,anisotropic,0.0125,0.001,500000,371.3630836009979,40.57109030913612,0.97121564467863,85.60710337517597,31.11598458805334,0.910013902812052,755.1276529139739,22.649194626543025
262,0.07,True,140.9439312212875,163.05050741335552,0.041643273781741,0.1,anisotropic,0.0125,0.001,500000,372.91836619377136,32.40818169538685,0.9017678134991536,10.151954968161537,24.540662918650725,0.7968332328861787,62.130029572811694,5.7041625977151575
263,0.07,True,518.811322711373,509.6942510776949,0.0564652532115321,0.1,anisotropic,0.0125,0.0215443469003188,500000,378.1046154499054,28.121645522849764,0.9460186192998312,414.3598687375663,27.21855765582468,0.9551740821265828,510.1365884922441,15.065747918763082
264,0.07,True,877.4956988560275,954.1223852625874,0.0526313789223912,0.1,anisotropic,0.0125,0.0215443469003188,500000,374.1109447479248,29.53848612094535,0.9674337692196672,855.2668859894623,29.42238385166555,0.9710910125161984,878.4395572457585,23.819359611942083
265,0.07,True,741.0278491364502,533.9927152387719,0.0995783339025393,0.1,anisotropic,0.0125,0.0004641588833612,500000,372.5995819568634,37.09751791097487,0.9502019794404564,105.8005016643557,32.93751696391067,0.9453160046640052,275.732413133073,17.932585830889828
266,0.07,True,697.3187252542727,1003.3029392855414,0.0341079611425585,0.1,anisotropic,0.0125,0.0046415888336127,500000,373.2184517383576,29.09171157960053,0.9416175404072652,598.7545923696792,24.12413120728378,0.8997525176875351,1879.3466521648968,31.432429912688235
267,0.07,True,702.7815999031221,587.4743082288717,0.0606492500520687,0.1,anisotropic,0.0125,0.0021544346900318,500000,387.658730506897,27.95978649327609,0.9222798448093048,753.286227915214,27.36836486862721,0.933659353356288,863.1816313359166,16.503326344901833
268,0.07,True,360.13166006853544,284.07943169955115,0.1028603712996823,0.1,anisotropic,0.0125,0.0464158883361277,500000,372.65283727645874,31.16643723913626,0.9751918496259327,99.08992226269817,31.40724859956784,0.9829473990525196,93.74505142741216,7.466302477617978
269,0.07,True,294.2982524202289,564.9333610412806,0.0377916567386663,0.1,anisotropic,0.0125,0.01,500000,376.5298788547516,26.16371915920421,0.8872617358153994,190.01333131957284,22.09654833130009,0.8221949029481964,484.7314016216666,14.501873444425623
270,0.07,True,809.5517943230351,897.0112613332321,0.0429652898159372,0.1,anisotropic,0.0125,0.0021544346900318,500000,375.3185856342316,26.156808089956463,0.9225688587647396,1582.6933691864813,25.45181845462837,0.9367571207772566,1861.6401910496156,28.74987989515564
271,0.07,True,810.3032812845016,746.2982055604393,0.0459630479289694,0.1,anisotropic,0.0125,0.01,500000,374.69862031936646,31.38873328697205,0.9248481680919304,473.1951084067707,29.174844323615385,0.9230396349525092,787.8238838638988,27.45409839113847
272,0.07,True,867.2052462615236,1037.5215499082565,0.0412318142121281,0.1,anisotropic,0.0125,0.0046415888336127,500000,379.35105299949646,22.850479905196718,0.7738629102506318,3811.499591284676,20.55639479292431,0.7296364058813019,6464.0452620757615,41.57656569994423
273,0.07,True,913.3273120039148,1007.2957943860308,0.0585549285428833,0.1,anisotropic,0.0125,0.0021544346900318,500000,380.8664538860321,36.41707463760804,0.9652107973870744,189.8635127231489,26.417102258021117,0.884627575914869,1898.6230522634849,30.960806713391083
274,0.07,True,511.8310564620768,672.4270031151894,0.0472261011445386,0.1,anisotropic,0.0125,0.0021544346900318,500000,374.431143283844,26.508297153487057,0.8913325280786486,577.8472524116795,21.72768467638785,0.8360294202324944,1737.2979225002389,23.06388347992057
275,0.07,True,502.0147783925124,461.0311662626339,0.0734379306274956,0.1,anisotropic,0.0125,0.0464158883361277,500000,372.9685823917389,18.523511298646277,0.8182363996370969,3527.0232526784366,18.768200200308904,0.8303050891615039,3333.799158983486,10.611485352545952
276,0.07,True,798.4968837878084,662.6492425460486,0.0483891434077792,0.1,anisotropic,0.0125,0.0021544346900318,500000,376.8754057884216,36.79317147238719,0.9527693001148452,132.12220644209705,32.81187364084018,0.9398377980784912,330.4498818720757,19.72990774139651
277,0.07,True,650.3139668469873,690.8338086332379,0.0481022609130247,0.1,anisotropic,0.0125,0.01,500000,375.6153483390808,28.060876834453943,0.9161954703826948,654.3689012392923,27.42097203854522,0.9383085699080366,758.2512431018527,16.661064803419254
278,0.07,True,702.2649103804456,564.0084194705154,0.0760991885625719,0.1,anisotropic,0.0125,0.0021544346900318,500000,377.12380027771,36.2998583010657,0.9457850242091228,111.70032361371456,33.08631328457192,0.9533788802073402,234.1040531972878,18.355675969645254
279,0.07,True,795.996876766665,916.2552502654004,0.0540932346977093,0.1,anisotropic,0.0125,0.0046415888336127,500000,378.6286091804504,23.772310702789525,0.8942121194415562,2649.833631879089,21.89378274556065,0.8520673192083373,4083.865248236535,31.19070066714893
280,0.07,True,890.1153364757487,737.776503747839,0.0625471615270295,0.1,anisotropic,0.0125,0.001,500000,372.1412308216095,34.96637467787076,0.9613646595297044,231.58951055114696,28.786262817392995,0.9141859355534616,961.0147887218696,22.789031172923785
281,0.07,True,338.65716169468425,351.6117953479125,0.0413938848892509,0.1,anisotropic,0.0125,0.01,500000,374.6380136013031,22.83532056018017,0.9141536312212836,595.8662750079826,23.2490059563466,0.9245300756582644,541.7267312763659,8.124736689878562
282,0.07,True,376.2073696873041,446.2412707878176,0.0386491469548604,0.1,anisotropic,0.0125,0.001,500000,376.4263608455658,32.13885347923619,0.9283850403532684,86.46702791825824,21.98920208642052,0.715055537271947,894.9848231464758,17.36710798048739
283,0.07,True,94.88795790102812,104.74741684407384,0.0665656892443372,0.1,anisotropic,0.0125,0.0215443469003188,500000,373.0463163852692,34.33491232035485,0.9830163302189696,3.315738986235275,30.796522715707244,0.9692276623997272,7.488921808920891,2.714394919886782
284,0.07,True,578.7018608551778,705.4977372592026,0.0408089856197178,0.1,anisotropic,0.0125,0.0021544346900318,500000,374.9487459659576,26.759770357949197,0.9074778851425992,695.9256434681411,26.47598812384055,0.927926695503991,742.9183116435038,22.44714517641389
285,0.07,True,36.906331522945344,20.615258821045444,0.0785227569273723,0.1,anisotropic,0.0125,0.0021544346900318,500000,372.4267113208771,26.048583939024077,0.916076209229466,3.3145691032274174,25.28340147769049,0.9213055114592568,3.953168479738283,0.6370530101110762
286,0.07,True,466.1324201143277,697.3318238555594,0.0454081731384901,0.1,anisotropic,0.0125,0.0215443469003188,500000,383.663919210434,31.69283852172846,0.9454361796659382,146.6918649060457,25.54548743507838,0.9032603414945888,604.1449345518989,19.21753097705816
287,0.07,True,543.1019900728691,543.2245490319789,0.0792702043985119,0.1,anisotropic,0.0125,0.01,500000,372.1736533641815,34.746335301882844,0.9712104092304706,98.32006590171504,31.492807499821968,0.9533564640496692,207.9672462192996,13.0012763653488
288,0.07,True,287.25471087615614,312.2922773008657,0.0444966581593684,0.1,anisotropic,0.0125,0.0215443469003188,500000,371.6321816444397,32.64163482624034,0.9620097328635464,44.65388201668318,29.017765258419374,0.9296730220692976,102.85991884772018,7.812692013480674
289,0.07,True,591.2424273084417,866.9463617306881,0.0322590328731175,0.1,anisotropic,0.0125,0.001,500000,372.0083985328674,27.849864893308155,0.8662219658338686,562.3129341851941,21.36474165759115,0.8141188348958647,2503.170296813696,31.49709076869145
290,0.07,True,31.46974968911038,32.297790652867256,0.0402592705869962,0.1,anisotropic,0.0125,0.0464158883361277,500000,371.9230680465698,35.51471946970753,0.9746649486249228,0.2779673758764045,35.5619881925959,0.9843834894232818,0.2749583765395819,0.6369346207081282
291,0.07,True,38.3108405604652,30.424036300188003,0.0559170643986793,0.1,anisotropic,0.0125,0.0046415888336127,500000,372.21299862861633,21.975540536240423,0.8152548386378319,9.227353633158048,22.291599431333783,0.8679138491021481,8.57968366325353,1.1024508915212647
292,0.07,True,822.7779600989986,742.1785424506845,0.0489277639445702,0.1,anisotropic,0.0125,0.0021544346900318,500000,375.0899789333344,25.38218159713714,0.9067656336660394,1907.62679897772,24.661645352864213,0.9238490486807952,2251.889310387951,20.81082370564992
293,0.07,True,360.8304507698516,299.4968852272935,0.0807710028720505,0.1,anisotropic,0.0125,0.0002154434690031,500000,378.0354006290436,30.8091329082338,0.8974467185223759,106.93800959080583,27.046455123784057,0.8676536441548417,254.3313373231115,10.302776208549124
294,0.07,True,127.9334521392329,149.01586500821895,0.0610038021421872,0.1,anisotropic,0.0125,0.0021544346900318,500000,372.980046749115,32.98532305081548,0.9270141405740494,6.373697002331918,28.02279615493187,0.91135197726169,19.98223689712815,4.395055294238363
295,0.07,True,522.7210167947495,652.1031577673895,0.0353238766653221,0.1,anisotropic,0.0125,0.0046415888336127,500000,374.3644154071808,23.756523776435436,0.8640677439559333,1135.2078599687443,22.35009443225448,0.8398485029984211,1569.344623469271,19.171752287510365
296,0.07,True,770.2235595455122,826.0238305900108,0.0586338288461492,0.1,anisotropic,0.0125,0.0046415888336127,500000,371.6766374111176,27.805905998646946,0.9200094509928116,970.8265378999891,25.742821369861208,0.9195457378731752,1561.1696591059929,25.2349584197481
297,0.07,True,216.60520646934637,233.14221539640985,0.058677828039821,0.1,anisotropic,0.0125,0.001,500000,374.73751044273376,30.811160303126982,0.9032479352342224,37.78011467615105,24.09732804886273,0.8454694568988087,177.27459311861514,9.857497022545273
298,0.07,True,623.2675853431813,720.2521298262906,0.0490597417865473,0.1,anisotropic,0.0125,0.0004641588833612,500000,371.2209811210632,35.216590556380595,0.9474917372341526,116.76551051933522,26.70372637018593,0.9171525539134266,829.0887097232303,23.069759141894973
299,0.07,True,86.26211752877423,74.40519990520012,0.0692036449426057,0.1,anisotropic,0.0125,0.0464158883361277,500000,376.53704476356506,32.21522858363351,0.9759221891406336,4.461438409494264,32.419704763579794,0.980744171935648,4.256251515556799,1.86268876152817
300,0.07,True,52.63003944743909,41.66414361419076,0.0908102575786045,0.1,anisotropic,0.0125,0.0002154434690031,500000,375.7130014896393,38.09442947908178,0.9617541754019012,0.4268598559632917,32.692553067010415,0.9487412565216732,1.4807200418998414,1.248964961729074
301,0.07,True,531.8232769365799,566.3825892862418,0.0623623008574766,0.1,anisotropic,0.0125,0.001,500000,374.9807817935944,25.05364734569649,0.8834085350031519,851.8252427341474,24.596294015287103,0.906953630442525,946.4242045346924,17.470716213113324
302,0.07,True,541.0944864884964,672.1793678496489,0.0635261822436237,0.1,anisotropic,0.0125,0.0215443469003188,500000,371.6317284107208,32.028274427276216,0.9541907911726344,183.5114830335691,27.081976456599747,0.933702307660176,573.1826579249275,23.26684739103486
303,0.07,True,637.7924715967083,966.7637262731186,0.0453753595435366,0.1,anisotropic,0.0125,0.01,500000,374.7070033550263,24.05488197321892,0.8844216442120066,1589.1620508620474,21.822332289762024,0.8308831931550625,2657.1933318094284,30.368689054855253
304,0.07,True,726.3652423889389,621.0140791885408,0.0868789093068138,0.1,anisotropic,0.0125,0.0215443469003188,500000,373.0991530418396,21.328503326830305,0.842585874961173,3859.5947322252023,21.270056701023385,0.8574845888494417,3911.887598402595,18.930373169683055
305,0.07,True,975.876227383072,886.5660878335937,0.0581906235521235,0.1,anisotropic,0.0125,0.001,500000,372.6120045185089,27.66526518242144,0.9116655610611172,1615.4455624158943,24.12623906145688,0.8829464711527405,3649.177090980127,34.038484338480025
306,0.07,True,516.7840479528941,630.7106575004486,0.0620439725189537,0.1,anisotropic,0.0125,0.001,500000,374.5837779045105,31.652987686593946,0.9513002115542336,179.88458534481413,29.388731940151605,0.963073598960764,302.98388084350233,19.784889334261717
307,0.07,True,323.6335164683047,482.9613686086707,0.0409359169439657,0.1,anisotropic,0.0125,0.0215443469003188,500000,377.146778345108,26.653861736690164,0.8682848602971971,215.6803386174161,23.494906918725142,0.8455712015735836,446.3813471119754,13.76320101633189
308,0.07,True,795.391008573935,827.9395606282282,0.0476205437872165,0.1,anisotropic,0.0125,0.0464158883361277,500000,373.6745026111603,28.322559077765696,0.9249463450518348,886.8623945066034,27.808982873846148,0.9270379989795876,998.1914839146708,17.329462951616854
309,0.07,True,271.56141901081213,275.4327710954839,0.0545789999711808,0.1,anisotropic,0.0125,0.0464158883361277,500000,372.5624408721924,35.28913168881064,0.9903018816950204,21.795791226420214,33.25416588931915,0.9829438003633963,34.82324346949094,5.472719641908465
310,0.07,True,439.53244928493046,456.6757087347592,0.0577171439640163,0.1,anisotropic,0.0125,0.0021544346900318,500000,374.61377453804016,29.25967804497393,0.9174160811381074,221.53524932909517,24.35022289071181,0.8804981549500168,686.1014762164053,15.251543621566244
311,0.07,True,79.37792496092369,59.19165017062996,0.0537771140611601,0.1,anisotropic,0.0125,0.01,500000,379.2218050956726,37.589345886470056,0.9601437821521496,1.0832104622767753,34.91219534773131,0.9703999010425058,2.0064479586853183,1.384038833554649
312,0.07,True,26.325392672042053,22.90697524143724,0.0622202111326951,0.1,anisotropic,0.0125,0.01,500000,382.8566377162933,24.627322650326064,0.8837631127087455,2.3746782797205683,24.514626012834448,0.9350935538290122,2.437106139143145,0.5770130599136208
313,0.07,True,962.6857662632472,1055.551349255711,0.0396811662611036,0.1,anisotropic,0.0125,0.0215443469003188,500000,376.8470084667206,26.61947296311062,0.9396369645150504,2016.24213566806,25.557994973861277,0.9421095000148294,2574.4857088091417,28.732897247707854
314,0.07,True,836.1441403916937,771.0170631336331,0.0840302849503343,0.1,anisotropic,0.0125,0.0021544346900318,500000,371.615660905838,34.154509652715895,0.9417598252420653,264.6229554612332,31.110917573599632,0.9485225468878784,533.3185915340401,27.31511757783835
315,0.07,True,696.2782318876043,537.0938384740239,0.0925068967237393,0.1,anisotropic,0.0125,0.0215443469003188,500000,377.2525067329407,38.46294861829544,0.9930948341147516,68.9047439462362,38.53434669388311,0.992586793171459,67.78120972446062,12.098737154454556
316,0.07,True,409.5439914698556,384.4657983212932,0.0550141114711714,0.1,anisotropic,0.0125,0.0046415888336127,500000,373.4461281299591,34.783082282716066,0.9737450840063472,54.21222539421992,28.607209108314983,0.9197258793642996,224.74216112586709,9.65416826699569
317,0.07,True,174.12102575077492,267.9224761029307,0.0452086609184304,0.1,anisotropic,0.0125,0.0021544346900318,500000,374.8791756629944,31.308847241751472,0.9355148306533336,21.126496298658985,24.72808891332397,0.9033946788883211,96.1398213468724,7.974622198707504
318,0.07,True,157.28060562841495,153.6099282935635,0.063898505022859,0.1,anisotropic,0.0125,0.01,500000,375.3561642169952,34.407468684146004,0.9404555778954738,8.898010221136655,28.745414355757152,0.9112545393578588,32.77165189868517,5.531801525200709
319,0.07,True,250.99265526643077,281.18712687740475,0.0627554740063238,0.1,anisotropic,0.0125,0.0464158883361277,500000,375.0161499977112,28.193345922520404,0.9582093247535364,95.4807593232552,28.643571462183864,0.9745466684157936,86.07822643528574,7.798397271984527
320,0.07,True,549.6774380414143,348.93278418726084,0.069161597907703,0.1,anisotropic,0.0125,0.0215443469003188,500000,373.4646761417389,31.13763908637189,0.9484055042339268,230.28127976406307,31.34810056370132,0.96184756822557,219.38780682011625,7.445020463710783
321,0.07,True,714.8813267773622,711.7719902788806,0.071308270124446,0.1,anisotropic,0.0125,0.0215443469003188,500000,376.31558322906494,34.3837971749404,0.9753466552961616,186.06502139158405,32.4335942242833,0.98025994739783,291.5311946346482,18.610359148488776
322,0.07,True,660.5371793410135,513.3441259196568,0.0665460003968342,0.1,anisotropic,0.0125,0.0215443469003188,500000,374.26288628578186,21.37719393429457,0.836317210057398,3149.2765947552493,21.828261815659328,0.8633699828860185,2838.5988167747355,13.673099648178011
323,0.07,True,280.6539630489969,365.0422953846804,0.0587352454918639,0.1,anisotropic,0.0125,0.0021544346900318,500000,374.34498500823975,28.470197544208933,0.946415506742154,110.82586248723231,24.514285128442637,0.9029701879745494,275.57026978184564,10.669033118615287
324,0.07,True,954.9104153825308,876.8106946806998,0.0487459885213875,0.1,anisotropic,0.0125,0.01,500000,372.7034459114074,28.88674934192406,0.9670707507419042,1172.0828106226932,27.66875073247403,0.9589850812397496,1551.5227845979894,23.895284356563177
325,0.07,True,738.1590197790728,566.2057806223781,0.0810252366112771,0.1,anisotropic,0.0125,0.0021544346900318,500000,374.9795916080475,35.98953007723699,0.9725178670421544,109.16230286982562,30.298878499505413,0.9235776138086847,404.7043259608403,14.204317501525038
326,0.07,True,554.7996984588893,601.8191256922225,0.0465834804486489,0.1,anisotropic,0.0125,0.01,500000,374.03769040107727,29.21454036460765,0.9470744974190848,368.6526950545147,27.413532277288684,0.941833835803071,558.1079667344143,18.2476832677194
327,0.07,True,612.1090254881179,415.2906612195511,0.1081167058196127,0.1,anisotropic,0.0125,0.0464158883361277,500000,375.0539100170136,28.49486799329628,0.91799649384813,526.9883759591062,28.12453784820096,0.955844545898066,573.8971266841421,9.895572784596371
328,0.07,True,420.1804623653621,474.3938528249005,0.0511898067941159,0.1,anisotropic,0.0125,0.0046415888336127,500000,371.2422332763672,34.265683049767695,0.962633402974555,62.99630482432988,28.779010307417284,0.9314403192550031,222.83445861836327,11.598550223051593
329,0.07,True,248.48325851165632,265.0744199017911,0.0407798931093275,0.1,anisotropic,0.0125,0.0215443469003188,500000,372.3852307796478,32.13327118770121,0.9754258689715304,37.75979910878436,30.406586598796657,0.9716415739862504,56.19505931677919,6.4116720943114345
330,0.07,True,356.6167059726103,310.4008935528224,0.0514546544488223,0.1,anisotropic,0.0125,0.001,500000,372.6772789955139,26.4723300183232,0.9200844118348092,281.2361438538629,27.12223292825384,0.9512187030505715,242.14797610142415,8.772266586410584
331,0.07,True,758.0882643539047,660.9026604318319,0.0560834860393804,0.1,anisotropic,0.0125,0.0215443469003188,500000,380.1108250617981,36.51199198704076,0.9795446891435088,128.14513944049943,34.17378722431506,0.9826050993209552,219.5445265794987,13.793544199471672
332,0.07,True,15.379095141126111,10.5658830686898,0.111129065433706,0.1,anisotropic,0.0125,0.0215443469003188,500000,375.0647337436676,30.0956480341494,0.962246150578812,0.230585616932111,29.892669367476927,0.9683949516832387,0.2416184426768054,0.2596672771485068
333,0.07,True,116.95656786640932,111.03801369992496,0.0487253037445055,0.1,anisotropic,0.0125,0.01,500000,374.5462954044342,32.5121358851973,0.9747407828843564,7.661806630640975,31.015638950635044,0.970324187266362,10.813863429465425,2.6036751926939155
334,0.07,True,46.956639379730994,44.23700477912576,0.0521999129902253,0.1,anisotropic,0.0125,0.0215443469003188,500000,373.92594265937805,28.396257115697857,0.9398167812249554,3.1877180203764586,26.31919097453698,0.9297238007968432,5.142644596430566,1.2282904946351574
335,0.07,True,41.688073516651166,34.26377194661753,0.093084990214733,0.1,anisotropic,0.0125,0.0021544346900318,500000,373.866206407547,25.81704846493462,0.8476753973546679,4.441868880516622,25.92110217949529,0.9062768387921604,4.336709816106366,1.3132083908557417
336,0.07,True,855.6051234269962,815.6266599003301,0.0588536080963735,0.1,anisotropic,0.0125,0.0021544346900318,500000,376.0629422664642,34.03730857283472,0.9253463987524384,277.3360060077011,28.053787797065063,0.8948554834497191,1099.9129984544911,30.00006767450155
337,0.07,True,703.9542015206437,477.6149324903732,0.0891328591616755,0.1,anisotropic,0.0125,0.0215443469003188,500000,375.2888286113739,22.50083712966796,0.89254025711119,2774.960573990768,22.54887904733911,0.903654264886818,2744.4329531558205,13.04666130335991
338,0.07,True,474.6996552582379,393.5559722208444,0.0646285160855302,0.1,anisotropic,0.0125,0.0021544346900318,500000,375.0979337692261,33.103162367278,0.9702077318912667,108.35581319271073,31.486816240018584,0.9682327225336772,157.212411164076,9.942153068431937
339,0.07,True,98.73632649035048,88.69369471756183,0.0504729867009486,0.1,anisotropic,0.0125,0.0215443469003188,500000,379.1014001369476,37.30905990623906,0.9824261960478076,1.8090552302862128,34.927333002049544,0.9863033521556424,3.13057791003285,1.8743729613187547
340,0.07,True,492.1242592417156,530.6012317631129,0.059754079323608,0.1,anisotropic,0.0125,0.0021544346900318,500000,372.77710580825806,33.21777826595963,0.9322072966641451,111.2399193871748,28.750763486438693,0.925735426858065,311.14451068609714,16.95007292468277
341,0.07,True,473.9982990097851,414.1196089861326,0.0874276832731529,0.1,anisotropic,0.0125,0.0215443469003188,500000,375.8772583007813,21.4792391755851,0.815238365287041,1580.6070633431953,22.004076856871087,0.8502641249290948,1400.6839435488444,12.022669045704037
342,0.07,True,174.02866804010517,163.60712616601435,0.0547308921454782,0.1,anisotropic,0.0125,0.0046415888336127,500000,374.65259051322937,30.658186794495595,0.9288214733117668,18.35445241847085,28.070153027497632,0.926835392168901,33.30771263677798,5.50144312175103
343,0.07,True,434.4177975887351,308.01885694614805,0.0708082816374908,0.1,anisotropic,0.0125,0.0004641588833612,500000,372.8724699020386,32.57073762795564,0.9179505897271824,78.31495481689134,29.79521693577197,0.9281336837428664,148.3873130796483,10.588382948625108
344,0.07,True,399.1062296629761,392.5781740370071,0.0723571993071744,0.1,anisotropic,0.0125,0.0215443469003188,500000,372.5742063522339,33.02558974854076,0.9605733243313572,79.23985173032297,32.341301023740726,0.9742733982919518,92.76251754030848,9.488149690927196
345,0.07,True,616.2342479541643,643.9628411204638,0.0507115797247185,0.1,anisotropic,0.0125,0.0046415888336127,500000,375.6320173740387,30.066249274978624,0.9259685320033668,356.95738352821803,29.48574874963229,0.9408900446763168,408.0058801355489,15.418710420709807
346,0.07,True,635.4585572167762,489.8548720697296,0.0810536694143278,0.1,anisotropic,0.0125,0.0001,500000,381.7189123630524,24.87336561652512,0.7998450966454138,1278.3254819210042,25.88371982244897,0.8824800877784539,1012.9920232967504,23.171198421949867
347,0.07,True,46.25870576227247,49.802340814208215,0.0326006579319254,0.1,anisotropic,0.0125,0.001,500000,375.13532614707947,28.6083418282876,0.9474913109823078,2.873262979210179,25.088055814476604,0.9123338840146318,6.462550928107484,1.4132445280078616
348,0.07,True,375.2380020118448,375.2603653388295,0.0416046255248847,0.1,anisotropic,0.0125,0.0215443469003188,500000,374.5459542274475,33.07845045662773,0.972633061268863,69.21329937382758,31.14919791009904,0.973602130006718,107.9231982746463,10.607157801259351
349,0.07,True,626.2340557985221,679.3563982175596,0.0805407785974737,0.1,anisotropic,0.0125,0.0215443469003188,500000,380.568302154541,30.754494686866728,0.959324179556732,329.47740659790344,29.99868931623577,0.9691514160758034,392.1084269110059,21.128651457358128
350,0.07,True,503.6331223215077,497.04795957778566,0.0631635385013713,0.1,anisotropic,0.0125,0.01,500000,376.5098564624786,32.75542007925298,0.953666141729272,134.36492241913058,31.61199758859179,0.9661797769388472,174.83491018845888,14.192504296874018
351,0.07,True,856.633351347134,1061.5759601607433,0.0431135809935724,0.1,anisotropic,0.0125,0.0464158883361277,500000,372.9981894493103,25.38469715050772,0.9454291701760688,2121.880323285135,25.620756508138363,0.9578083681722258,2009.6246527997328,24.646963195212187
352,0.07,True,659.0349379873261,750.5784791196696,0.0428891008768509,0.1,anisotropic,0.0125,0.0215443469003188,500000,373.59498620033264,32.819254363057894,0.9652884817359976,226.927462277244,33.51463574672353,0.9798413742789056,193.35211103088332,19.963273317832243
353,0.07,True,163.77149265434826,258.61597085346165,0.0529280664628976,0.1,anisotropic,0.0125,0.0464158883361277,500000,372.0533320903778,24.961046936594773,0.921845222434032,85.28486449068504,23.39281753496744,0.8907785379036716,122.37561965954032,5.694133038852624
354,0.07,True,71.49817865302941,59.57040858358828,0.0733632903223555,0.1,anisotropic,0.0125,0.0464158883361277,500000,372.6494538784027,29.44417720014896,0.974231518463,5.806942448662295,29.321898495451823,0.9782325182915051,5.972764514159521,1.4248645098209936
355,0.07,True,642.7768589281093,651.1195853358403,0.066921127209072,0.1,anisotropic,0.0125,0.1,500000,369.8171727657318,22.1155995825145,0.8940521777414178,2533.733140835376,22.222827957681798,0.8995599561890709,2471.9406220540804,13.160576932793305
356,0.07,True,27.484799231080192,16.659144766881607,0.0776144557596481,0.1,anisotropic,0.0125,0.0464158883361277,500000,372.2769184112549,21.339059138652964,0.8630083820016078,5.535681599728839,21.274243360213884,0.874823701076341,5.618917820219318,0.37962205455385
357,0.07,True,586.1898056921898,348.67113787199145,0.0994652762597506,0.1,anisotropic,0.0125,0.01,500000,370.1416473388672,23.715305478808872,0.865521996411526,1440.4749717500206,23.52549734007248,0.8845560501160629,1504.8268470285047,11.321212208107356
358,0.07,True,940.2900111835328,971.0360178986166,0.0651948253375019,0.1,anisotropic,0.0125,0.0021544346900318,500000,374.0819759368897,30.089331031789484,0.9269689169420356,827.110109817199,30.064969767837365,0.9543108799396884,831.7627285814768,25.11848663319787
359,0.07,True,575.898703698003,581.7554642699561,0.0454952030505701,0.1,anisotropic,0.0125,0.0464158883361277,500000,370.8535919189453,34.861378102851994,0.9749598845195808,108.25513748854004,33.820618273330766,0.9818098385677098,137.57024124932198,15.297227062045328
360,0.07,True,388.7817562803154,375.5084235549237,0.0540095603421848,0.1,anisotropic,0.0125,0.0215443469003188,500000,374.4491324424744,33.57816600755012,0.9434207650988536,66.27245238790515,31.52502932098993,0.961074459883341,106.32777119684754,10.950151414697448
361,0.07,True,643.6449302239108,701.7156194716262,0.0666428800734213,0.1,anisotropic,0.0125,0.001,500000,373.6962881088257,34.772388953752845,0.922482875310813,125.74203497738232,26.661877599669047,0.8642764669816231,813.8261114468722,25.54480159904737
362,0.07,True,458.7946376010251,421.98413127274455,0.068318671364781,0.1,anisotropic,0.0125,0.0215443469003188,500000,377.88983726501465,22.155631706056184,0.880886852136333,1281.130171762073,22.08333070502984,0.8947219561452032,1302.6368493030584,12.006918866128183
363,0.07,True,546.071172526619,540.260277853632,0.0549425640610827,0.1,anisotropic,0.0125,0.0464158883361277,500000,374.02079129219055,37.81810229379071,0.990697112325511,49.23897470383536,36.76593408950482,0.9910594949977392,62.73729961331786,10.9888315476379
364,0.07,True,941.5233439677486,920.7847495622532,0.0786491834377056,0.1,anisotropic,0.0125,0.01,500000,377.21155166625977,32.543957954111605,0.9624366276011068,493.20767112190526,27.622610657393068,0.9094077678925584,1531.667694583477,31.62444211685277
365,0.07,True,386.7165351629735,347.06988291647866,0.0714019789191311,0.1,anisotropic,0.0125,0.001,500000,373.6087262630463,32.54783718859812,0.9330928818720764,78.31428284333423,30.99176146408118,0.95111937280271,112.0594657777627,11.285864693224564
366,0.07,True,961.2293732600904,1305.6390924438342,0.0294228308928993,0.1,anisotropic,0.0125,0.001,500000,373.1331474781037,26.79927284725444,0.895487219907851,1914.999345935072,22.47682374485285,0.8374686097817172,5180.999378762766,41.63866653649941
367,0.07,True,905.4452913141076,726.7167984221472,0.0771176240934494,0.1,anisotropic,0.0125,0.0464158883361277,500000,371.0810842514038,33.86995073897175,0.9460579253733524,335.26309162284093,34.64785260173311,0.9792393698697816,280.28222681255954,15.676683255504992
368,0.07,True,196.59534365450716,256.5658480393606,0.0570425082472062,0.1,anisotropic,0.0125,0.0046415888336127,500000,373.6038339138031,32.964769535494234,0.95897081501787,19.495104658049208,26.59516728152247,0.9247781476741448,84.50565969048559,8.578465130914328
369,0.07,True,70.2919395742903,56.41846037463446,0.0622112768806309,0.1,anisotropic,0.0125,0.01,500000,373.9595677852631,24.078154525118947,0.922436430593186,19.25121952653421,23.913512674233814,0.9270312637918864,19.99504710046169,1.570009923190938
370,0.07,True,101.67722337604924,122.68608401951184,0.0722510268316857,0.1,anisotropic,0.0125,0.0215443469003188,500000,374.651380777359,34.15050271386584,0.972047253610872,3.970865979046388,32.027669447765206,0.9722721354503452,6.473938299796084,3.713472337607774
371,0.07,True,19.203603825898178,11.678974578002398,0.1034905090354769,0.1,anisotropic,0.0125,0.0046415888336127,500000,372.0893387794495,28.180863232258613,0.909494336597142,0.4784456169849219,28.144900620895264,0.936066557608815,0.4824239291723357,0.3199608684973934
372,0.07,True,95.34851779517248,101.91077111932852,0.0530995961186389,0.1,anisotropic,0.0125,0.0046415888336127,500000,373.9655237197876,31.296272376972265,0.9404252474701914,6.22396563541523,28.18822000530496,0.9389122042743784,12.731290364368393,2.51573226615988
373,0.07,True,683.3237666429405,779.6354817321123,0.0549619161912843,0.1,anisotropic,0.0125,0.0215443469003188,500000,375.1110968589783,36.49907560321178,0.980295688944715,104.35148460039544,32.23302412809261,0.9745028870861822,278.6787023685081,20.058255295923693
374,0.07,True,72.11745981176875,59.56203815905995,0.0927801301220743,0.1,anisotropic,0.0125,0.0046415888336127,500000,372.8763654232025,36.87576045114028,0.9693587442095172,1.012584362025391,33.543653132032574,0.9592774601355284,2.1809311119137464,1.631261133571538
375,0.07,True,319.6566546634675,308.9596016894404,0.0649974726525655,0.1,anisotropic,0.0125,0.001,500000,372.6106290817261,29.92335162805197,0.950692769889225,103.0042421332223,27.715726413202653,0.9378053150470972,171.24489461040494,8.544815021370598
376,0.07,True,845.0304356584851,876.8740889367699,0.0437127534282514,0.1,anisotropic,0.0125,0.0021544346900318,500000,374.309720993042,37.8589984544302,0.968252156374208,115.33625593197549,28.18273534904828,0.8973576974259442,1070.5135276980177,21.209806944735657
377,0.07,True,24.24866380009004,26.58340709444628,0.081691155326978,0.1,anisotropic,0.0125,0.0021544346900318,500000,374.3319523334503,27.349026749991395,0.9189251766052856,1.0580473779118993,26.150220146574075,0.9305745290449916,1.3943948676218871,0.8153191970418577
378,0.07,True,814.6540141063468,797.0455700448362,0.0692947920874385,0.1,anisotropic,0.0125,0.0215443469003188,500000,372.46604776382446,26.975458711016827,0.9106616048303842,1269.6042786649414,26.081401827265687,0.9050244306819244,1559.818495719686,22.522030023622108
379,0.07,True,282.5729199986265,259.6167551675491,0.0631193934968094,0.1,anisotropic,0.0125,0.0215443469003188,500000,373.4205391407013,22.347214634522665,0.8969124663323719,464.48389148956863,22.12056975397316,0.8991939142631886,489.36752436250816,6.663616286297464
380,0.07,True,119.0466627940346,92.24832092699236,0.0659982554064266,0.1,anisotropic,0.0125,0.0215443469003188,500000,370.05772614479065,20.62833449587753,0.8320010049163948,120.63088694812596,20.900976696720484,0.8400606100595044,113.29071062051902,2.607966313829756
381,0.07,True,697.0404281987865,510.1733221159445,0.0666127075540729,0.1,anisotropic,0.0125,0.0215443469003188,500000,372.44762921333313,23.45279726301503,0.8541818604801883,2156.852818533716,23.913344533809813,0.8814992201822719,1939.8394321292872,14.272684656966115
382,0.07,True,629.3139039331041,771.3416346349456,0.0392413525922229,0.1,anisotropic,0.0125,0.0021544346900318,500000,374.16881275177,28.52950397064557,0.9375097920909974,551.6726522558556,24.930910097733022,0.8951420741324125,1263.3999133067866,20.74132304826513
383,0.07,True,877.5945415135259,1064.3985021071787,0.0589135026668483,0.1,anisotropic,0.0125,0.01,500000,375.3674690723419,31.587269653441684,0.9485712470849208,494.5959298817816,27.658776740468824,0.9353493008360668,1222.0805424079572,27.872400927631933
384,0.07,True,735.3359727600819,665.2193517149168,0.0664134516285978,0.1,anisotropic,0.0125,0.0215443469003188,500000,375.3724148273468,36.01396526719577,0.9771315935805596,135.22721677453052,34.358711040587146,0.9839171441645634,197.96550960039164,15.46421915579334
385,0.07,True,803.6774494544637,926.360189176804,0.0566154324904071,0.1,anisotropic,0.0125,0.0046415888336127,500000,373.7840473651886,30.912082276428027,0.9360393173205818,521.9847990034575,26.58484935865093,0.931320887915846,1413.777766865454,30.373764358995057
386,0.07,True,282.7525379987352,294.1151718097872,0.0777033011618774,0.1,anisotropic,0.0125,0.001,500000,374.59588098526,27.02896977734868,0.931608382562532,156.7905720782468,23.251612553373523,0.8352999173248536,374.1585441922309,10.622419223361383
387,0.07,True,178.2621042359431,128.3294791122233,0.0632979228115934,0.1,anisotropic,0.0125,0.01,500000,373.4370946884155,22.351046508037324,0.9038481428528504,183.96236128366573,22.01575961859053,0.8962274231040319,198.72736053626653,3.688535867819737
388,0.07,True,750.8641368892174,781.2503994679954,0.0563825566415072,0.1,anisotropic,0.0125,0.0021544346900318,500000,376.607887506485,26.778449063094392,0.9240369320928769,1172.007404595478,23.085052541996944,0.8676946316821635,2743.2791810925505,26.92920603219595
389,0.07,True,807.0279045279967,780.3701558112309,0.0555246912890709,0.1,anisotropic,0.0125,0.2154434690031882,500000,370.4519302845001,25.324392034355483,0.91456596766626,1894.2920537123327,25.194343428494705,0.9165227498351316,1951.874085290828,12.421206867353256
390,0.07,True,990.5146368586726,998.5515522451489,0.0605876665959674,0.1,anisotropic,0.0125,0.0464158883361277,500000,374.63036918640137,34.35487260585199,0.987449871737506,359.6198068838645,32.02519134051695,0.9752502189985464,614.9102466204374,25.251504721565265
391,0.07,True,413.20505923451503,489.4022391600882,0.0429944508734763,0.1,anisotropic,0.0125,0.0215443469003188,500000,374.261342048645,28.140728939207197,0.9286863983611348,261.2309215097683,26.60237234489137,0.9362399686189172,372.27188801750685,15.371496907881276
392,0.07,True,372.6460677069904,222.85589331638155,0.0965495902364192,0.1,anisotropic,0.0125,0.0215443469003188,500000,374.8435056209564,17.426452253127575,0.7543180727796461,2506.4698155215024,17.563684238647962,0.7618932279511254,2428.5065568378554,7.269303441378682
393,0.07,True,776.6365477812549,621.2978631132015,0.0759007617884442,0.1,anisotropic,0.0125,0.001,500000,374.9380669593811,27.11904885020444,0.9324350833912508,1122.6127611829954,26.78534855640969,0.928888555783082,1212.27180394821,20.28964951140513
394,0.07,True,341.4627367127648,299.07636861694533,0.0693729061290494,0.1,anisotropic,0.0125,0.001,500000,375.38155007362366,33.68575895470921,0.9145512198585632,49.76243939983395,29.316745521008443,0.9093086912247632,136.08272745200395,11.89496780945202
395,0.07,True,930.8265682779612,1052.420060047504,0.0451874981544652,0.1,anisotropic,0.0125,0.0046415888336127,500000,375.18132424354553,25.964463948141884,0.8700934130929926,2151.546630410611,23.24242145118315,0.8102152940019216,4026.753201728246,38.64020920559576
396,0.07,True,858.5543390911688,971.0697727925829,0.0443551182810408,0.1,anisotropic,0.0125,0.0215443469003188,500000,373.0511808395386,33.476057894054456,0.932928999615824,329.0457834122934,29.98119601928625,0.9429747626238956,735.7707475370853,30.17836405490947
397,0.07,True,429.56503334764335,446.7192318391421,0.0565172475298147,0.1,anisotropic,0.0125,0.0021544346900318,500000,374.0333032608032,26.746184728910748,0.8845431191349558,385.9681890956832,25.85760825636545,0.8820637815724286,473.59723645573024,15.111679557200912
398,0.07,True,751.1201967237058,699.9070352330043,0.080294759869362,0.1,anisotropic,0.0125,0.0002154434690031,500000,374.29647397995,34.480811200922965,0.950758771004896,199.84340842035704,29.3355658933484,0.9077336861289566,653.4530042021347,18.29121291385721
399,0.07,True,754.7883312105977,633.2366917494163,0.0640836511849951,0.1,anisotropic,0.0125,0.0464158883361277,500000,374.8326416015625,35.02930999158685,0.9719666596538692,178.7336672860838,34.868139677184125,0.9826359673449648,185.49123716166903,16.060551913708977
400,0.07,True,104.02074496709668,99.57910024210106,0.0626880699464352,0.1,anisotropic,0.0125,0.0001,500000,372.74630069732666,37.89922783841596,0.9682969685478582,1.7531723901225655,29.771783957641304,0.9132954064955005,11.391187766764885,2.53470686025658
401,0.07,True,902.6503537728872,650.3750929672645,0.0966551270363321,0.1,anisotropic,0.0125,0.0215443469003188,500000,370.1554193496704,31.491471240481133,0.9242416309541184,472.1941822902761,31.875698250431505,0.9463687907118356,432.2131051610614,17.487521475584817
402,0.07,True,505.74712007540927,480.62061952817305,0.0488184296135567,0.1,anisotropic,0.0125,0.0046415888336127,500000,371.16323161125183,33.881246074364284,0.9709932121958827,99.64364210854583,30.367767467858464,0.9442613324485786,223.76772878076284,10.491296474027608
403,0.07,True,826.6310086416339,1332.3781512423109,0.0468304422945738,0.1,anisotropic,0.0125,0.0464158883361277,500000,372.2177584171295,19.240079635206463,0.7834832185527228,8109.52544715714,19.659813456790125,0.8115438901629446,7362.44492021424,39.49169471680933
404,0.07,True,320.72955142958114,359.9959182366486,0.0604129311302256,0.1,anisotropic,0.0125,0.0215443469003188,500000,368.3164610862732,33.39016614361225,0.9551481036845756,47.11168968236871,31.121144424698045,0.9625132558660972,79.43846663549866,10.035689249435295
405,0.07,True,895.6277052677043,1278.83090670732,0.02572411302025,0.1,anisotropic,0.0125,0.01,500000,371.74258518218994,34.24811906966678,0.95342010885587,301.30627190799936,23.21289594050705,0.8474896253270714,3824.110956543647,42.77227190412182
406,0.07,True,389.8124770554289,354.44718222918283,0.0585850307435707,0.1,anisotropic,0.0125,0.0046415888336127,500000,370.6468214988709,23.121664075315763,0.906317040669113,738.588010289471,23.650653138677995,0.9322893651521365,653.8879693520228,10.531398289697096
407,0.07,True,11.826813828818064,16.119225351333757,0.0384331789396296,0.1,anisotropic,0.0125,0.0464158883361277,500000,373.6705734729767,23.730979786638645,0.9227429803415964,0.591731833161595,24.176834413333413,0.9406783603090692,0.5339978036967008,0.4461492875955972
408,0.07,True,905.4765944428444,697.4596130319678,0.0919492383402028,0.1,anisotropic,0.0125,0.001,500000,371.34820461273193,32.43991175269492,0.9223010403490824,426.3622362736792,31.650573773818312,0.9604833074943468,511.3432522397505,23.27671721725813
409,0.07,True,92.19539010934744,76.93098819443158,0.0454891778262532,0.1,anisotropic,0.0125,0.0001,500000,370.943653345108,32.635947925178755,0.9106659953871624,4.585306265008896,29.768813252103037,0.8974072142519057,8.873231575669484,2.334674413354794
410,0.07,True,319.99432395282446,315.450372356578,0.0762489112615786,0.1,anisotropic,0.0125,0.0215443469003188,500000,370.9603981971741,35.88926048350263,0.990034159008818,26.364268877351485,33.133632037562016,0.9784516692409442,49.7254333651673,7.439437136282889
411,0.07,True,950.111905083754,1057.720555514391,0.0721846275849885,0.1,anisotropic,0.0125,0.0046415888336127,500000,369.3213999271393,33.01645342526075,0.9521590229299882,444.3794774445878,29.593025413674,0.9520994411990712,977.4550508071264,28.918063595090285
412,0.07,True,950.6565397906186,1072.1468365009969,0.0489539527635748,0.1,anisotropic,0.0125,0.01,500000,372.79067826271057,38.3403403413415,0.9797884564174612,132.30381723852193,32.15630265594845,0.9725665547916572,549.5106871370026,26.103947854080623
413,0.07,True,573.8644502351628,737.52786494052,0.0407557148487849,0.1,anisotropic,0.0125,0.0215443469003188,500000,370.2728576660156,25.856500147605985,0.9202839315261864,854.6331591860626,24.449713415333324,0.9069236844811028,1181.5671613599995,22.269883649735952
414,0.07,True,632.2053749576295,620.1574976475817,0.0545725368526823,0.1,anisotropic,0.0125,0.0215443469003188,500000,370.9019639492035,36.676062540380194,0.9766852446834956,85.75513798070554,34.998610526340286,0.9837218496190996,126.18430831612972,15.275328276900073
415,0.07,True,448.9970764563415,440.0357102186413,0.0385927664926476,0.1,anisotropic,0.0125,0.0215443469003188,500000,371.5154654979706,37.4836676971362,0.9859353646569812,35.96622765523252,35.36020808303094,0.985774363271168,58.646331419963865,9.120734103608326
416,0.07,True,293.9175609263665,414.1770583943047,0.0483140816837791,0.1,anisotropic,0.0125,0.01,500000,369.6272170543671,26.547305281545835,0.9002002514158048,189.9990468924504,23.62633211209978,0.886390560778451,372.2620283096997,12.29190012013316
417,0.07,True,329.33588082454605,397.3732153189069,0.0682330823653146,0.1,anisotropic,0.0125,0.0004641588833612,500000,372.8533275127411,28.980393514522497,0.8870665047964493,134.1100456888882,23.10636322946142,0.8524993787156785,518.6380061213748,17.883003812556126
418,0.07,True,672.8459376209614,511.6886196648003,0.0866107178171439,0.1,anisotropic,0.0125,0.01,500000,368.7659668922424,31.85399732229261,0.95535505906105,293.7567486838737,29.16372429233977,0.912300336252154,545.7769069529229,14.512662525054704
419,0.07,True,752.6221549082424,673.1686982620454,0.0690525318685136,0.1,anisotropic,0.0125,0.0215443469003188,500000,368.7431874275208,25.32569631183933,0.935763830643439,1660.141881925253,25.258639934882847,0.9435382586201364,1685.9738867137578,20.106485365947098
420,0.07,True,791.7874646821227,771.196436920978,0.0522811587602177,0.1,anisotropic,0.0125,0.0046415888336127,500000,369.9419791698456,25.254619089113312,0.9132007902514844,1867.4556144676053,25.880896669187567,0.9390059832914204,1616.674284599357,24.17567208022782
421,0.07,True,789.8285246517594,627.3222630503659,0.0722662639511162,0.1,anisotropic,0.0125,0.0046415888336127,500000,373.2156038284302,34.67184321540783,0.956284925600694,209.1311224401208,30.43647387648326,0.9156724879876182,554.5690167344382,18.25765870855219
422,0.07,True,92.11489694564168,92.18533733102662,0.0611273516362058,0.1,anisotropic,0.0125,0.0215443469003188,500000,371.0724296569824,38.44848882024974,0.9835498916256022,1.212212920896369,38.52829748625519,0.9902217067196644,1.190139973577618,2.0524793818103477
423,0.07,True,494.92588439787886,430.02050732453887,0.0878205200553987,0.1,anisotropic,0.0125,0.0046415888336127,500000,367.7862114906311,33.73860365728768,0.9593596047117876,103.196591074547,31.67950225818448,0.9660576865553648,165.79655077100014,13.733081077687752
424,0.07,True,58.50120125662764,53.95311796856828,0.0617912672654406,0.1,anisotropic,0.0125,0.01,500000,369.2243127822876,34.50749363020424,0.962922070581208,1.2075143264685777,32.001444163917135,0.9616238912833068,2.1502910076643724,1.5208070474214896
425,0.07,True,549.9793534414118,720.7199995274644,0.0434547623087762,0.1,anisotropic,0.0125,0.0021544346900318,500000,370.66258478164673,30.92719740305365,0.9653526364156416,239.04400399363377,23.930182557982302,0.8697179317527579,1197.2348197581243,18.021788408802987
426,0.07,True,442.0889708720037,533.0991975491951,0.0368887605908315,0.1,anisotropic,0.0125,0.0021544346900318,500000,371.9609806537628,27.063708824222708,0.9235247761262776,369.9719150436582,25.193822372846498,0.8859996041239372,569.059139355004,16.462265589541786
427,0.07,True,887.8164785755415,636.5192524054464,0.1063708308131778,0.1,anisotropic,0.0125,0.0215443469003188,500000,370.9990334510803,30.113340889020144,0.955588310634822,766.1740263470493,29.903633476034667,0.9605435632712472,804.0779753021036,17.279394661902177
428,0.07,True,351.5640975395266,327.960146113719,0.0712654735457383,0.1,anisotropic,0.0125,0.0046415888336127,500000,369.8374147415161,32.77200092884787,0.9489030760042612,64.91873712401804,29.311941064974288,0.9398503629917524,144.00449523467708,10.586457355180114
429,0.07,True,117.94994941117824,179.5190748938479,0.0302182683857614,0.1,anisotropic,0.0125,0.1,500000,370.7205204963684,25.20374527596468,0.853699319278479,40.85038377292867,24.965902861861085,0.8866749186250488,43.149958495685325,4.231175657177568
430,0.07,True,143.84869037078303,110.26970751917672,0.0689332712811149,0.1,anisotropic,0.0125,0.001,500000,372.1503150463104,40.27998762887464,0.968214935333016,1.9245477967035116,30.9371921200308,0.900717672886724,16.54277078626622,3.1586201756743493
431,0.07,True,761.7491210857547,640.7191313448051,0.0674092414569215,0.1,anisotropic,0.0125,0.001,500000,369.5829985141754,28.230285807278367,0.9305533159639402,823.9421220931058,27.80455175848409,0.9340717275607489,908.803750380624,19.4023025719622
432,0.07,True,618.5998452529448,580.8082895620215,0.0805658749585314,0.1,anisotropic,0.0125,0.1,500000,370.8707838058472,27.40709419437864,0.9503014204353736,693.7461055590454,27.263022178364142,0.9537005907102158,717.1462961703037,12.57488802162206
433,0.07,True,102.02155344666744,66.71274326686947,0.1080470831510017,0.1,anisotropic,0.0125,0.0021544346900318,500000,368.43508291244507,35.16864808219131,0.9502512381532482,3.1005660113834503,28.80757505375822,0.8829616254853225,13.413690603433585,2.544724974696622
434,0.07,True,85.02269930888244,78.23027007992992,0.0665335168997242,0.1,anisotropic,0.0125,0.0215443469003188,500000,368.70046281814575,35.53700479430264,0.9773454550901448,2.019417295398411,33.62467894866486,0.9840909162084592,3.136596518272006,1.8458272841040575
435,0.07,True,701.2681623276609,1038.5375689384407,0.0343695194307735,0.1,anisotropic,0.0125,0.0046415888336127,500000,371.4477815628052,21.3782873826408,0.7704103931675576,3556.2505813099538,19.65696446280139,0.7372029281383472,5285.969424368557,36.31117967643647
436,0.07,True,73.69024335782933,108.41875238525944,0.0377064707138555,0.1,anisotropic,0.0125,0.0046415888336127,500000,370.92566323280334,23.39721828049616,0.9018423414005916,24.637349979409315,22.867341397258528,0.8537748101941417,27.8343882756893,3.6129879157021865
437,0.07,True,822.0381992310658,867.6707526543187,0.0686338941461622,0.1,anisotropic,0.0125,0.0021544346900318,500000,369.2476508617401,33.71866010252881,0.970244128935936,281.0078903931919,27.87490916923384,0.9147874809852516,1079.1793036834842,22.480169201469028
438,0.07,True,706.5359849293397,732.74823041759,0.0645704421109398,0.1,anisotropic,0.0125,0.0464158883361277,500000,376.5181095600128,29.863908294334166,0.978899079513863,514.6734968480024,29.522399736489284,0.9696334645857552,556.7787614519349,14.867360242237185
439,0.07,True,82.26743186125786,81.25092893925988,0.0587765266319264,0.1,anisotropic,0.0125,0.01,500000,370.7469816207886,30.506100964320037,0.9635908641216444,6.0007755252612,29.42217715235764,0.963638375151212,7.701933461396396,1.9275975105834555
440,0.07,True,85.75287637110672,83.01703641021388,0.0642602318850903,0.1,anisotropic,0.0125,0.0215443469003188,500000,369.74378538131714,32.3865389595562,0.97018729046189,4.238628428098766,30.48382429079269,0.973819572044186,6.568962966144664,2.048497020540681
441,0.07,True,986.6529389226744,1053.8472992069244,0.0608392232342846,0.1,anisotropic,0.0125,0.0464158883361277,500000,372.7452435493469,35.00535119419154,0.9667628838880808,307.3908678288691,34.95263748109452,0.984317893510108,311.14464604656035,27.89353047925412
442,0.07,True,374.8965249603642,426.8012883634179,0.0446615116096921,0.1,anisotropic,0.0125,0.0215443469003188,500000,370.1183669567108,27.5053268510362,0.9506051396605864,249.14123481832715,27.060805739382605,0.9499855061027968,275.9927817485517,9.812097464130517
443,0.07,True,371.271504919824,666.095425694217,0.0470599811627605,0.1,anisotropic,0.0125,0.0046415888336127,500000,370.92446541786194,24.845468639791456,0.8381625663034137,444.1093264904089,22.152487025803435,0.8249973365152485,825.6349238142467,21.489910593576607
444,0.07,True,812.9867676902451,877.0589555039289,0.0591306597454241,0.1,anisotropic,0.0125,0.01,500000,372.03707456588745,27.668389259634058,0.929026427603143,1129.952232209824,26.510203271720805,0.9406658366307108,1475.2943637407734,29.38828558578293
445,0.07,True,947.3013288064748,1055.8301543556497,0.059507188851627,0.1,anisotropic,0.0125,0.0215443469003188,500000,370.3352599143982,33.40185639570068,0.9661364789258932,409.05237413847686,30.738332316645668,0.9631619113053864,755.3205932178181,30.099190631811894
446,0.07,True,986.015062759048,835.3980980708645,0.0666574367585115,0.1,anisotropic,0.0125,0.01,500000,371.3950355052948,27.67628898370328,0.9537868779700952,1657.8374914645256,27.32978819512962,0.963013376425161,1795.5273950056069,21.11919887440533
447,0.07,True,753.6248070736826,626.3208807655035,0.0913452588454104,0.1,anisotropic,0.0125,0.001,500000,370.0126194953919,37.04524411653533,0.9580254362787932,103.82786339446815,31.65630361565765,0.945062763378192,359.0938498855534,19.34745530454004
448,0.07,True,376.88332594538485,437.7104417312758,0.0413477112173567,0.1,anisotropic,0.0125,0.0004641588833612,500000,371.3975174427033,24.26595585395342,0.8152048110526233,475.78532717986894,22.74220239423762,0.8255637190130067,675.7505231666344,15.18999227058926
449,0.07,True,84.4172159819701,78.49044944143677,0.0732793208267301,0.1,anisotropic,0.0125,0.0002154434690031,500000,370.942097902298,26.25523443260408,0.9007141756026122,15.43116267262806,25.586094109929476,0.8803608212756311,18.001665262162927,2.8348799048850357
450,0.07,True,777.3697690115093,782.7013511326779,0.063304446098104,0.1,anisotropic,0.0125,0.0464158883361277,500000,368.77561044692993,37.630706808561214,0.9768869842261128,104.23273377835191,38.673175182119614,0.9914849807214072,81.98932124344665,15.740426576599583
451,0.07,True,558.8458454860693,750.9725699235761,0.0417497347285125,0.1,anisotropic,0.0125,0.0046415888336127,500000,369.3044531345368,35.01813044104161,0.9319029809787336,97.73166887921144,26.859781997617425,0.8850080726267293,639.5436029424048,22.22108165313657
452,0.07,True,424.7977872377293,397.7766724632213,0.0477800930738474,0.1,anisotropic,0.0125,0.0215443469003188,500000,368.3578944206238,22.83164000212089,0.9256860211092848,937.1479187923532,22.851320948071347,0.928444171805059,932.9106489048808,9.052034684106554
453,0.07,True,906.4480307096412,795.4457102307584,0.08675607607418,0.1,anisotropic,0.0125,0.0021544346900318,500000,368.4382755756378,29.028096175469564,0.9166975122016064,1021.6385067807564,27.798684485859056,0.9539223983602818,1355.9335997875935,27.200120752025622
454,0.07,True,112.0862848238452,120.91343276680486,0.0580429291911349,0.1,anisotropic,0.0125,0.01,500000,366.5971758365631,33.78167950436606,0.9669862424934748,5.1399234877504,30.52569689251145,0.9497944450740032,10.878146801931306,2.752877525107849
455,0.07,True,493.1324791865683,472.615388017879,0.0649188936652522,0.1,anisotropic,0.0125,0.1,500000,368.5986342430115,24.836604621473185,0.9312777608633204,794.8313806338554,24.62600708203917,0.9295196779678804,834.3240431291839,9.666323008351249
456,0.07,True,12.34229112265165,11.36308413673465,0.0695402049165439,0.1,anisotropic,0.0125,0.0021544346900318,500000,368.7200093269348,20.95852636272603,0.8474615587158121,1.2086725162413636,21.243549528814743,0.8545192200187388,1.1318954920468365,0.373235707415363
457,0.07,True,469.1919813521321,402.99154992673976,0.0730751294840511,0.1,anisotropic,0.0125,0.0004641588833612,500000,369.8267426490784,32.11677496903108,0.9251641587308136,115.81540085658744,30.736296853036627,0.9460846828910164,159.15274233478607,12.385333944819674
458,0.07,True,57.24697240615552,59.35254150004508,0.0665190870513332,0.1,anisotropic,0.0125,0.0215443469003188,500000,371.6482031345368,38.440477857051015,0.9893230453127978,0.4684504045606597,35.63569480909227,0.9821341267239238,0.8935974548418354,1.611500160037027
459,0.07,True,119.69909835180384,112.77856104250228,0.0659532033586064,0.1,anisotropic,0.0125,0.0464158883361277,500000,368.5557951927185,24.842630284927463,0.928120484555002,46.90511518120835,24.31702195282225,0.920227650033002,52.939646861167375,2.5486987590973453
460,0.07,True,118.40872053032776,93.88301159409696,0.0787833105116299,0.1,anisotropic,0.0125,0.001,500000,368.9127633571625,24.68507137687378,0.8953240230511552,47.29718979826089,24.09294910281429,0.9306424001372016,54.20602548529276,3.942308524278132
461,0.07,True,649.5610918139475,715.6006626296821,0.0449878658946116,0.1,anisotropic,0.0125,0.0215443469003188,500000,369.1082000732422,24.909643683942164,0.929175398642387,1360.902662246576,23.404784586886542,0.8942953877914085,1924.478100226645,20.947741953913116
462,0.07,True,746.2988343861579,767.4164731417164,0.0387435039115131,0.1,anisotropic,0.0125,0.0002154434690031,500000,368.64836072921753,23.130663727670687,0.8880279387741071,2658.330611119155,22.46123498111272,0.8825174730791566,3101.357755462545,30.11588090016173
463,0.07,True,583.7853963320624,485.3621019689761,0.0691644643978856,0.1,anisotropic,0.0125,0.001,500000,370.8332598209381,20.885034312201935,0.8557457746096665,2757.0946760432603,19.99911972630533,0.7957473521381101,3380.9841765581527,21.8976032263782
464,0.07,True,962.2103759260674,954.8223015177336,0.0418423933536343,0.1,anisotropic,0.0125,0.01,500000,368.9451780319214,29.858316369072448,0.9143934232344976,800.978503657897,27.767975410547187,0.9221051063796172,1296.1490822078056,25.75034529975118
465,0.07,True,375.4957089441804,349.6857109313325,0.0409782574962239,0.1,anisotropic,0.0125,0.0046415888336127,500000,369.0871093273163,32.94047794839808,0.972534206700054,70.13248055784578,30.33187794575625,0.96481334891791,127.8731018977082,8.240717880386907
466,0.07,True,286.4263741955789,299.2503268606477,0.0553584928703956,0.1,anisotropic,0.0125,0.0021544346900318,500000,368.8469047546387,26.4732449971601,0.911811213265136,181.9207621768556,26.268577827430995,0.937981635816666,190.69924948597864,8.521668632495306
467,0.07,True,868.7305290612708,775.7731547561679,0.0738386298433626,0.1,anisotropic,0.0125,0.0215443469003188,500000,369.2303898334503,23.5459377450758,0.9145215980477728,3329.9556607455256,23.543682581942104,0.9160787396923196,3331.6852575165176,17.107993166448026
468,0.07,True,224.3722426809332,262.88021138371033,0.0677347986482694,0.1,anisotropic,0.0125,0.0464158883361277,500000,368.917368888855,22.01915827001381,0.8585601956125369,313.6151691078847,22.217735176163185,0.8885381345533496,299.5983174966176,6.68133844548159
469,0.07,True,963.2593169011708,592.3201222217288,0.1002264344734944,0.1,anisotropic,0.0125,0.0215443469003188,500000,371.2378222942352,36.9521563906163,0.9402377341566532,173.82073116139995,34.122005402703806,0.935081828079858,333.5159982594017,21.009604843872133
470,0.07,True,13.142320215126524,10.42766326348574,0.0668506886118697,0.1,anisotropic,0.0125,0.001,500000,369.5302007198334,34.342143460706815,0.9234927820972524,0.0626468066544287,30.9503627564734,0.939820116416872,0.1367971371457071,0.3397743463633222
471,0.07,True,969.9089478809314,768.4196367622667,0.0856632469075219,0.1,anisotropic,0.0125,0.01,500000,369.665821313858,33.259061784600846,0.976818280609592,442.62386206636575,31.980867505289503,0.964474030899457,594.0927481870432,19.477014847580843
472,0.07,True,44.116752038625535,34.52007074516193,0.0817269899429836,0.1,anisotropic,0.0125,0.0021544346900318,500000,368.3491771221161,33.497311248518955,0.9549539931245252,0.8090310265632348,30.75505286329402,0.9542476533371222,1.521216459338502,1.0225210260088666
473,0.07,True,891.251970584373,1121.1405544577178,0.040173033708361,0.1,anisotropic,0.0125,0.01,500000,380.3285059928894,27.751688536828382,0.9278470900339898,1320.9031185468612,26.13422172543369,0.9372757807853564,1916.980285942072,32.12326747678327
474,0.07,True,528.1734079772135,518.3658963637947,0.0546227977488997,0.1,anisotropic,0.0125,0.0464158883361277,500000,370.6038997173309,31.031207820823333,0.9663546442777644,219.55375100303328,30.870962159215143,0.976636579974994,227.8061411089321,10.076229997445433
475,0.07,True,992.971831323181,1447.6517634184938,0.0471691952735407,0.1,anisotropic,0.0125,0.01,500000,377.5388331413269,32.507951376044375,0.9509067522994012,519.8497336099755,27.03664832837898,0.9289552102410964,1832.3487258696125,36.69380419089811
476,0.07,True,74.72276817066346,54.69348994858385,0.061315061867264,0.1,anisotropic,0.0125,0.1,500000,368.4765655994415,19.61513867863017,0.7826330470209363,60.23016595428257,19.721907233099927,0.8127686136914082,58.76749842459634,1.218068201242262
477,0.07,True,554.3004301169194,751.1540775416993,0.0374279987038291,0.1,anisotropic,0.0125,0.1,500000,371.0640914440155,28.50626346729527,0.9216088446331006,389.93625845511286,27.695163542452946,0.9414261150702932,470.0062279126592,15.804138023809433
478,0.07,True,969.33323308348,865.6883545538774,0.0847409011575831,0.1,anisotropic,0.0125,0.0215443469003188,500000,372.2847340106964,35.99094657635551,0.989392306289706,236.3194803597162,35.05740927821816,0.982653481968684,292.9903069948716,22.18603113711028
479,0.07,True,523.5747463259787,480.6299817646754,0.0688540333108048,0.1,anisotropic,0.0125,0.0215443469003188,500000,372.41200947761536,23.6785994388665,0.9237770327579368,1173.2313040150998,24.20868467161377,0.9415774428192556,1038.4249612490505,11.8358725534932
480,0.07,True,629.7692394971273,560.4820350979211,0.0633307762089819,0.1,anisotropic,0.0125,0.0021544346900318,500000,371.3163549900055,35.93172472111606,0.9515829279694922,101.02718842306533,31.16386456275834,0.9610195095938424,302.8477020155061,16.55458870986935
481,0.07,True,696.0529402956325,619.9127490568536,0.0633299237509432,0.1,anisotropic,0.0125,0.1,500000,369.158652305603,28.993861010463185,0.9349739683113464,604.6896832960515,29.291081396815,0.9628374444366068,564.6905506698726,11.97645939342395
482,0.07,True,455.0865237030055,500.1259719401613,0.0484502371047501,0.1,anisotropic,0.0125,0.0464158883361277,500000,369.09535670280457,35.82796354539076,0.9788046830504296,54.045675583393816,34.55536433491255,0.9851481453271772,72.44707753826043,10.928057989724817
483,0.07,True,627.9305220039794,523.0476009632838,0.0785264683620598,0.1,anisotropic,0.0125,0.001,500000,370.54177069664,26.660417728783237,0.905950184848824,840.406693044735,26.557983588551384,0.9356995618557838,860.4644189200854,17.523874496884215
484,0.07,True,584.7299976111772,634.1810741986668,0.0632097793828569,0.1,anisotropic,0.0125,0.01,500000,376.3581218719482,24.72638417857144,0.9394572668251188,1148.468316597996,24.765735041917075,0.9362243047210276,1138.10919538448,16.58450170632284
485,0.07,True,901.256852480498,584.8760610018599,0.1183210745836014,0.1,anisotropic,0.0125,0.0046415888336127,500000,368.61455607414246,22.756557068206725,0.8399859960716091,4239.347286690356,22.96522987634185,0.8693866073051144,4040.468399984864,22.96795609883909
486,0.07,True,46.400933961116415,37.37144174044407,0.0545776254468157,0.1,anisotropic,0.0125,0.001,500000,368.1453711986542,27.717411601684795,0.9366672715858022,3.5540392908395826,25.980243588803027,0.9136572411416992,5.301991486260122,1.0987222574465358
487,0.07,True,281.6822264026381,159.6452152328085,0.0692522878083707,0.1,anisotropic,0.0125,0.0021544346900318,500000,368.3950057029724,30.989312727990868,0.9731933723794752,62.35184097072145,29.348123459095245,0.9457128042880756,90.98466652729502,4.172903397725538
488,0.07,True,950.4610725924822,942.906329419984,0.0548822655277141,0.1,anisotropic,0.0125,0.0046415888336127,500000,367.5057146549225,27.923585809548687,0.9436607137865028,1453.4819518727193,24.64243488826837,0.9050504452465647,3094.031533271108,27.478282540316677
489,0.07,True,890.3735201070255,1007.9387321689406,0.0479839194718567,0.1,anisotropic,0.0125,0.01,500000,368.5938823223114,24.745803998250725,0.8731326624524456,2608.2117928079165,22.423583380894,0.8276474692993477,4452.100054791264,29.241057676491508
490,0.07,True,456.2010960329272,419.7931983138166,0.0644616055250417,0.1,anisotropic,0.0125,0.001,500000,371.6940977573395,25.201914265828357,0.8927138053232619,567.8786707041609,25.50166217388356,0.9166561493993206,530.0059757667003,13.843914156573152
491,0.07,True,620.5124652037352,581.2569665511327,0.078983676980861,0.1,anisotropic,0.0125,0.0464158883361277,500000,370.4984679222107,20.87396897045773,0.8858470624569121,3138.8178718799595,20.964746451943917,0.889187759805961,3073.890329109662,13.564526953855154
492,0.07,True,278.10380179815155,323.2591042821886,0.0426041303225287,0.1,anisotropic,0.0125,0.0215443469003188,500000,369.2696285247803,25.385839602114096,0.9343400417407411,223.53514353780764,25.039014827600763,0.9192098943798258,242.11867512695235,8.431904775586045
493,0.07,True,188.9330385640376,181.78508490150887,0.0606188010421589,0.1,anisotropic,0.0125,0.0215443469003188,500000,368.9319517612457,32.24955993121616,0.9597377756868825,21.2500882595203,32.39353303492775,0.979153983931242,20.557174755134085,5.635431026168699
494,0.07,True,464.23470653504216,486.7775377246604,0.0451279166744466,0.1,anisotropic,0.0125,0.0215443469003188,500000,369.8399589061737,39.18303342967815,0.9816112042287248,25.97662636490677,36.90447441280016,0.984614176957,43.89738496463722,11.6953389149742
495,0.07,True,353.99887579802675,234.32147285014292,0.0680548683604211,0.1,anisotropic,0.0125,0.01,500000,367.7250237464905,36.809670753115725,0.9813135379211048,26.062031726530854,34.15365633559717,0.9597931840131692,48.04074247902312,5.637569460714264
496,0.07,True,584.0724557390212,387.5469038621321,0.0659934374748789,0.1,anisotropic,0.0125,0.001,500000,368.5052082538605,30.361588655343084,0.9471361377384484,271.80518938215715,27.10116728060344,0.8899394979076802,575.8374175298727,13.300186142824684
497,0.07,True,78.65690232801985,81.48015755562115,0.0486192571391329,0.1,anisotropic,0.0125,0.0046415888336127,500000,372.4608070850372,32.579891971160706,0.9653635604155456,3.30352498074343,29.58184457024185,0.9543080793324068,6.58843605695854,1.8645589069751052
498,0.07,True,974.4204128585004,1496.3618967850175,0.0426029324099149,0.1,anisotropic,0.0125,0.01,500000,369.8792469501496,34.555127772549774,0.9410980017256048,332.0084228805209,28.110669022682195,0.9460095277487708,1464.1817071172125,45.19261757910791
499,0.07,True,986.2245337351231,745.4983684006983,0.0829335090667431,0.1,anisotropic,0.0125,0.001,500000,367.72289514541626,31.21288287727642,0.9247081180438748,727.6211691489639,28.68405492042668,0.93690560377775,1302.5311596886734,28.5661006357418
500,0.07,True,698.4635523057254,444.1103140371233,0.0515467915884164,0.1,anisotropic,0.0125,0.01,500000,387.39323234558105,24.75621248337144,0.8542757768946074,1582.7966801752254,24.8852301415876,0.8835221926085591,1536.4674524292784,13.42933075936139
501,0.07,True,536.5602699777762,487.7534990922858,0.0651808625209932,0.1,anisotropic,0.0125,0.0215443469003188,500000,384.3737607002258,27.18342965621774,0.952354105639152,550.2204702366001,27.35604177103687,0.9608529340826572,528.7806230599194,10.491595289384792
502,0.07,True,310.2180886700414,230.07939194615997,0.0660201120360796,0.1,anisotropic,0.0125,0.0001,500000,383.5063555240631,30.116219784909717,0.9229247727054468,86.8005147359913,30.310277510267003,0.931176596429432,83.00734594387039,6.986960329000188
503,0.07,True,813.9812246872417,755.8623262052166,0.0845157952358948,0.1,anisotropic,0.0125,0.0215443469003188,500000,383.8773219585418,23.50500408509364,0.912738080743596,2951.5750430236176,23.582818685875505,0.9240709668218852,2899.161237711689,17.866598393473637
504,0.07,True,685.0464413813254,486.99744256071216,0.0666085806384088,0.1,anisotropic,0.0125,0.0046415888336127,500000,383.6748361587525,29.809338134754665,0.9532107768768584,484.3306322304055,29.747535228762064,0.9700618168431544,491.27224418426727,12.429155833275946
505,0.07,True,163.4543224055464,170.46546650685988,0.0612939174739452,0.1,anisotropic,0.0125,0.01,500000,383.305680513382,30.05935989741173,0.9677157791997076,26.30541912090178,30.46855116661054,0.9778848946119306,23.940107643790203,4.459349938095192
506,0.07,True,911.0162573093486,606.2196119920873,0.0844185506300738,0.1,anisotropic,0.0125,0.0215443469003188,500000,387.3994090557098,23.99991098215104,0.8947453676995845,3279.6391817216586,23.981152944141307,0.903441453664988,3293.835227984985,14.964464281264942
507,0.07,True,822.7147056802459,596.065657578147,0.0643815226375552,0.1,anisotropic,0.0125,0.001,500000,385.32416558265686,36.242269761686096,0.9434419997497534,154.5916900746511,32.99664530892696,0.940857534118944,326.3988278091388,17.498648783695074
508,0.07,True,949.8501133786322,690.4115884344503,0.0888939566083512,0.1,anisotropic,0.0125,0.0001,500000,388.9873652458191,28.57431590172041,0.8955308086050289,1230.233527428719,26.300460884354223,0.8955764906777998,2076.696640642072,25.996842094613523
509,0.07,True,725.9937888799716,763.889213384326,0.0621963497046297,0.1,anisotropic,0.0125,0.0215443469003188,500000,387.6269450187683,34.70280048972289,0.938110304756099,176.8084288207615,31.7159776470603,0.9621174544170444,351.7104312973343,23.503076824564737
510,0.07,True,613.801780739854,592.320123418148,0.0494236127584077,0.1,anisotropic,0.0125,0.0004641588833612,500000,386.6999921798706,27.93889256014864,0.8814373184819813,545.21577294072,23.81384609231856,0.8619972158633623,1409.5258925864607,19.244676514629948
511,0.07,True,418.82479325432826,585.6624427253986,0.0474186801567145,0.1,anisotropic,0.0125,0.001,500000,385.73473024368286,27.42944122003301,0.9031817734749104,315.54440514227315,23.53209430278409,0.8701710410552063,774.0966284578816,20.687577013180054
512,0.07,True,932.7957548706592,867.2368379369515,0.0726098176026544,0.1,anisotropic,0.0125,0.001,500000,387.15464520454407,31.46355045842187,0.9245467947371632,528.9147879488854,28.62361997719237,0.9352124549777868,1017.1353722931495,27.4657954200202
513,0.07,True,866.1978256109079,681.7140073997724,0.0708736326771227,0.1,anisotropic,0.0125,0.0021544346900318,500000,384.684198141098,24.209731987245053,0.8587378845869358,2831.851373457069,23.535135947355784,0.8578917760128161,3307.7300606592107,25.56391912121205
514,0.07,True,46.17345143608322,66.76537470753829,0.042983985368516,0.1,anisotropic,0.0125,0.0215443469003188,500000,384.96724247932434,33.36742753331663,0.947869937643502,0.9800989116021422,26.92871256656117,0.9148371241842084,4.316595996363045,1.889867032849688
515,0.07,True,27.340607522754752,19.702497681604275,0.0538876545551246,0.1,anisotropic,0.0125,0.001,500000,385.54133343696594,33.9280871853105,0.937041130754572,0.29285831131024,30.240619323593965,0.9173786937022506,0.6845486841302112,0.6646249098344515
516,0.07,True,377.0869035111716,408.2021758336492,0.0605802710527799,0.1,anisotropic,0.0125,0.001,500000,385.0837562084198,26.41470712221055,0.9219118665803462,311.3182965845599,24.07184010381636,0.8664488758665412,533.9386355348638,12.611015043649578
517,0.07,True,810.7427774510511,884.0904731273029,0.0573023005825855,0.1,anisotropic,0.0125,0.001,500000,383.2285964488983,36.05277943220547,0.9653844344530224,151.54527125382575,27.657227283751293,0.9105628659857332,1047.363908340576,23.930071760435432
518,0.07,True,987.2888531856296,1137.104102191648,0.0605441839868209,0.1,anisotropic,0.0125,0.01,500000,382.69393944740295,26.59905269456836,0.8870226743388968,2056.1982675358145,25.71829807624876,0.9091609875230912,2518.491275525965,29.321143857359893
519,0.07,True,151.26647421242467,164.6704164557633,0.0471538098590957,0.1,anisotropic,0.0125,0.001,500000,386.9937918186188,30.431041063377027,0.9284872975693024,17.318534392661213,25.10043949598267,0.8985813538724299,59.09779716879696,4.767958728577197
520,0.07,True,594.536584636783,374.2026567409182,0.087621969932509,0.1,anisotropic,0.0125,0.0046415888336127,500000,391.0796732902527,24.23093813404412,0.858734605421975,1322.2456360619717,24.99519243036702,0.8986982539778477,1108.8855207397887,11.347635196391106
521,0.07,True,381.5099657743905,337.84558934737964,0.0843744770135693,0.1,anisotropic,0.0125,0.0215443469003188,500000,385.4892683029175,26.78987361901469,0.9643449152111409,304.63577801536053,26.513053423881946,0.9540768041816078,324.6855248533657,11.219792320036264
522,0.07,True,969.9444834167886,1096.646236238652,0.056521101820294,0.1,anisotropic,0.0125,0.01,500000,385.9149994850159,31.020829946006355,0.9666552341452304,742.6668813874815,31.15700944298758,0.968766572761721,719.7407757690794,28.25067139117828
523,0.07,True,842.276804212573,490.8804152392023,0.0754361605898837,0.1,anisotropic,0.0125,0.01,500000,385.6878614425659,27.76966783811882,0.887815988085407,713.6906004075893,28.86563820327812,0.9209392575617578,554.514542703441,15.588419310486463
524,0.07,True,838.4903760064267,1292.264897862478,0.0340041834077612,0.1,anisotropic,0.0125,0.0464158883361277,500000,389.18203687667847,28.09092173706621,0.9644244574362636,1090.8198231184672,25.334687372624817,0.909079609750358,2057.673469582801,41.49572067018641
525,0.07,True,469.2244666351753,393.1047334576408,0.0686803181418309,0.1,anisotropic,0.0125,0.0046415888336127,500000,389.0797393321991,32.49591165693394,0.9577484464916184,117.5922032443548,31.71624102449983,0.9626029636460012,140.71668347463967,11.435959171040214
526,0.07,True,415.4046828353275,493.5289494695605,0.0371396654980299,0.1,anisotropic,0.0125,0.0046415888336127,500000,387.6127645969391,26.53223480667172,0.9320541241944288,381.1701539735175,25.62060794226027,0.9243086212676213,470.19886236081135,13.875726166431123
527,0.07,True,274.13366485877555,266.33305951627943,0.052296021322052,0.1,anisotropic,0.0125,0.0021544346900318,500000,386.9848992824554,31.474624081796417,0.9356569887646964,52.9394879831498,27.532698520406672,0.9429254538675425,131.21161855422633,7.963214740836532
528,0.07,True,57.31912115427619,80.2396442960476,0.0307908181337135,0.1,anisotropic,0.0125,0.0046415888336127,500000,386.2205910682678,28.550781470187392,0.9324174933487798,4.502664000827899,23.16823675907168,0.8715277137181403,15.549771488067918,2.433621260980237
529,0.07,True,864.8576538787981,872.0214088483755,0.0539432626300704,0.1,anisotropic,0.0125,0.0464158883361277,500000,384.08225083351135,33.70228610981113,0.984407078004499,318.65908388175967,32.62983662881679,0.9828232114164528,407.9164799902218,23.519654861941916
530,0.07,True,813.0881081209475,696.9991245701774,0.0650453095666782,0.1,anisotropic,0.0125,0.001,500000,386.5585832595825,29.574163983983244,0.9096429700092066,716.2559545412315,24.961205011764143,0.832023143430139,2071.877827113198,28.16233565696306
531,0.07,True,999.7179556128444,867.2553191290868,0.0377040870770391,0.1,anisotropic,0.0125,0.0464158883361277,500000,383.5821394920349,37.75350380273461,0.9871252106531028,167.49802427774586,34.84558421675984,0.9885155497727696,327.19122465926085,18.737000903929008
532,0.07,True,996.6402002368314,1183.036188497935,0.0349720081798471,0.1,anisotropic,0.0125,0.001,500000,389.9959456920624,24.15833565715173,0.8044604266907269,3795.068333636395,23.38050704888339,0.8298125518730125,4539.441889843884,41.2961186247034
533,0.07,True,555.8762738970248,528.8669543597854,0.050421889086904,0.1,anisotropic,0.0125,0.001,500000,385.1677746772766,27.6900230584084,0.9489607944997582,520.8771977055558,27.92783520735838,0.9502947243639284,493.1217189939613,16.133758466074603
534,0.07,True,769.21842776533,901.8584391922412,0.0334090140377015,0.1,anisotropic,0.0125,0.0215443469003188,500000,385.51615357398987,21.86321963892905,0.8556338769174158,3838.572503369776,22.199578480956816,0.8871112924676074,3552.4981776656955,25.60620336304562
535,0.07,True,944.8209641525456,307.49210195271587,0.2290450794700488,0.1,anisotropic,0.0125,0.0002154434690031,500000,386.46879982948303,33.68459441922455,0.9111969763402152,318.22225109199485,35.09779083898304,0.9538469359510414,229.83221449366263,13.92059756358091
536,0.07,True,849.7977432867341,779.6588484534154,0.0546879676459596,0.1,anisotropic,0.0125,0.0046415888336127,500000,385.9839179515839,21.6908519556182,0.8489228971248362,4882.048493313552,21.046429738791296,0.8480543378811567,5662.970648063137,25.69794221864499
537,0.07,True,248.10075364145445,216.88769176953195,0.05548650221999,0.1,anisotropic,0.0125,0.0215443469003188,500000,384.03443241119385,29.63207747019497,0.957968598462272,66.96177469048735,28.40347968366779,0.9649700977922162,88.85599489614079,6.1861750297051765
538,0.07,True,451.0935911747834,427.1358945705884,0.0732841680432945,0.1,anisotropic,0.0125,0.0021544346900318,500000,385.90494108200073,36.65165723083452,0.9786428058897304,43.70724373033138,28.02069587227677,0.8896543942591447,318.8963553160903,12.124150063566129
539,0.07,True,130.0302557363435,144.96080543455153,0.0558524091984376,0.1,anisotropic,0.0125,0.0021544346900318,500000,386.92294454574585,32.40190909648463,0.9162919588483256,9.682307294594423,26.148920918405302,0.8975024107365502,40.85805416758954,5.341453336397738
540,0.07,True,954.0969762314636,686.028906296773,0.1108936900529591,0.1,anisotropic,0.0125,0.0046415888336127,500000,384.18025732040405,25.2847265722091,0.8898578009401179,2613.00369477358,25.25173711087282,0.908222830209269,2632.927920531451,21.42359277293466
541,0.07,True,606.5684598164291,724.4976332656496,0.0400450614114649,0.1,anisotropic,0.0125,0.001,500000,383.30100274086,34.251841902031984,0.928663131456703,137.466653043358,26.5222083425968,0.9029585570974804,815.005828866117,23.806650542657977
542,0.07,True,229.41416269795928,197.8790127241376,0.0556865502091307,0.1,anisotropic,0.0125,0.0215443469003188,500000,385.4807698726654,21.8268694263317,0.8353228613152002,343.09167939448344,21.854797422379093,0.8457161213159258,340.89245270553295,5.6733123316186
543,0.07,True,672.0289837214509,676.3307003873728,0.0530857039238083,0.1,anisotropic,0.0125,0.0215443469003188,500000,386.72192430496216,27.732402852332942,0.893996990163231,752.0713722367962,27.81777009157554,0.9530228879713948,737.4326013844349,17.217519627592793
544,0.07,True,618.510112217438,646.396329598803,0.0453304724393224,0.1,anisotropic,0.0125,0.0215443469003188,500000,389.1330807209015,32.997638198234505,0.9632156947143736,191.66087917958384,29.936100106831468,0.9677640828048608,387.8709779160658,19.154526943560256
545,0.07,True,358.80455531480766,311.6442984932936,0.0666294340706982,0.1,anisotropic,0.0125,0.0215443469003188,500000,385.4170835018158,20.42620948617312,0.7905680737374572,1155.8547158355532,19.93226560167657,0.7730312343990431,1295.0831046026149,10.883011881187764
546,0.07,True,114.4440346074294,111.99287919960246,0.071972838036856,0.1,anisotropic,0.0125,0.01,500000,385.9863004684448,31.89190927821524,0.924120241901652,8.367534470979255,30.40731138077406,0.9568659839616536,11.777613546290391,3.5538209264086777
547,0.07,True,671.9016223972068,499.5581709820698,0.0699178988225661,0.1,anisotropic,0.0125,0.0004641588833612,500000,385.3571066856384,23.605148868331423,0.8768296413389841,1883.036097408487,23.280801412351888,0.8941283102390524,2029.05299921714,15.557697745789625
548,0.07,True,520.7873932028895,370.96003323976873,0.0743263246109384,0.1,anisotropic,0.0125,0.0021544346900318,500000,394.5181756019592,36.95256157868776,0.9595977555796332,53.37580358626568,34.051373831017685,0.9494273472055847,104.1029895108496,9.625705054665977
549,0.07,True,772.5460733439037,485.1162978110163,0.0847714923590498,0.1,anisotropic,0.0125,0.0215443469003188,500000,385.25754261016846,24.577227024900942,0.8565605310658264,2047.942570483351,24.594909545259288,0.8834153045150288,2039.6212202121449,15.457098676126476
550,0.07,True,520.6433376108814,501.456560507698,0.0415963352093518,0.1,anisotropic,0.0125,0.001,500000,367.8551661968231,33.2922535796716,0.9218631631946568,123.78763012752712,30.2202333956824,0.9256731443557666,251.11882291121492,14.04763850012582
551,0.07,True,852.3293188182216,1135.7908882309946,0.0354957254736659,0.1,anisotropic,0.0125,0.001,500000,370.9752597808838,29.68521477992441,0.9150291300429194,631.5603050741994,27.218361435230825,0.909173625581712,1114.5515503676208,25.85641261593394
552,0.07,True,552.3549319357111,590.8070931356477,0.062913093717509,0.1,anisotropic,0.0125,0.0215443469003188,500000,370.5006144046784,32.52521452206118,0.976295619951656,170.54185423569024,29.96380156915716,0.9695004761916516,307.59004517648594,14.620514982912422
553,0.07,True,561.3770335638509,446.12770401754506,0.0854181934719994,0.1,anisotropic,0.0125,0.0021544346900318,500000,371.859765291214,37.79354742226965,0.9500596976953468,42.27448017201665,31.62398805797279,0.9172379941005324,174.9984541789321,13.180945516075656
554,0.07,True,876.7769490556867,634.4185226471817,0.0978770155450061,0.1,anisotropic,0.0125,0.001,500000,368.7921123504639,29.18186589470814,0.935150299245736,853.2755643204798,28.851940099057487,0.9469153982897902,920.6231432126316,21.45456004272329
555,0.07,True,404.0793833461847,462.0514333513263,0.0592971228305508,0.1,anisotropic,0.0125,0.0464158883361277,500000,370.48364305496216,26.03212976310996,0.9433175219298224,406.55621585081576,25.467350261700823,0.9406844917473924,463.0187258550053,9.98650323734072
556,0.07,True,134.8812132221901,117.62599226682296,0.0633392400597018,0.1,anisotropic,0.0125,0.0046415888336127,500000,370.96085476875305,31.12583798045309,0.9648981657560558,13.972197824719728,29.21917734139112,0.9539496964301226,21.67358682138445,3.174410722078074
557,0.07,True,29.753893637025637,20.946146770840024,0.1002841922060765,0.1,anisotropic,0.0125,0.01,500000,369.2780916690826,29.07131977163132,0.8955970620294866,1.0713268895250725,29.10012145993325,0.932193557061329,1.0642455347714004,0.6706526096786092
558,0.07,True,755.3821184179454,796.230253582758,0.0663229968730383,0.1,anisotropic,0.0125,0.0464158883361277,500000,369.509881734848,36.55356234967395,0.9815758247167624,126.05182617774268,36.56429313522749,0.989506705951843,125.74075489668414,16.44278635296786
559,0.07,True,620.6892418021112,657.6477053590512,0.057246981347534,0.1,anisotropic,0.0125,0.0215443469003188,500000,367.6406154632568,35.4535275092968,0.9775680886746017,109.66829443539956,33.67283078208751,0.9787563554784776,165.25353639657055,17.03389972241773
560,0.07,True,704.3756883311244,655.1725217648748,0.0607434715391031,0.1,anisotropic,0.0125,0.0464158883361277,500000,367.2533800601959,36.28196072693869,0.9887937239820046,116.67055851287812,34.77219462986514,0.987980648214356,165.1725549206405,13.783215959827976
561,0.07,True,213.7511973474018,207.18565764385897,0.0653160387287926,0.1,anisotropic,0.0125,0.0021544346900318,500000,368.3910038471222,28.28164175520516,0.9238289092348482,66.85449086945448,25.266647330386668,0.8578052535546811,133.85359143527947,7.728687000484271
562,0.07,True,137.235104111183,125.24383011412016,0.0490575049837144,0.1,anisotropic,0.0125,0.0021544346900318,500000,369.3979289531708,28.29975971902238,0.9004144967748955,26.76392045594619,27.769502685740623,0.9245519636702754,30.23955763980814,3.4788945152923056
563,0.07,True,15.530121002214049,16.59684423369556,0.0623346372964233,0.1,anisotropic,0.0125,0.01,500000,368.30124282836914,31.16275003845956,0.9575738161431888,0.1843591482210665,27.170094419216824,0.927434084201234,0.4623067716749951,0.5346176239121179
564,0.07,True,351.2369712477904,305.06621012175486,0.0494444570912744,0.1,anisotropic,0.0125,0.0046415888336127,500000,371.10370349884033,36.41270154028796,0.976810807834222,28.154318160241527,30.89116144222598,0.9423648098024708,100.3919809518653,7.490412942003782
565,0.07,True,590.3277691677785,426.3609850648062,0.0361516299270603,0.1,anisotropic,0.0125,0.0046415888336127,500000,370.34839820861816,27.30092962814733,0.923986925529866,625.9212516636558,25.32320070792963,0.906847685218189,986.9441775069472,10.519342307124326
566,0.07,True,392.8518010546326,274.75412844362404,0.0620825336105759,0.1,anisotropic,0.0125,0.0464158883361277,500000,367.801397562027,29.920027046733104,0.9334881844333024,110.1970596297937,29.796542598267383,0.944180568089614,113.3753005379808,6.018066100337513
567,0.07,True,438.0374471017053,506.3687448083968,0.0506602704276435,0.1,anisotropic,0.0125,0.0215443469003188,500000,372.7425422668457,35.71787785252876,0.9811440282297784,51.41848862238224,34.09683090720911,0.984071262429499,74.68338629716318,10.698787051380211
568,0.07,True,904.2545357992548,928.3303222564105,0.050060133188476,0.1,anisotropic,0.0125,0.0464158883361277,500000,369.10828471183777,24.62673336960119,0.862860695855393,2731.117852863694,24.59270805610541,0.8964810692397863,2752.599156881696,24.85104931648625
569,0.07,True,348.90721155627705,370.4335326562541,0.0746359757023439,0.1,anisotropic,0.0125,0.01,500000,371.53573656082153,27.61038665151405,0.9466321192654994,211.0168467192518,27.238641785039807,0.949009898856683,229.87493297530037,14.958713289519975
570,0.07,True,514.475499670651,505.4716001077378,0.0509703467810839,0.1,anisotropic,0.0125,0.0046415888336127,500000,371.49239325523376,26.30471330036351,0.915410803579902,605.9121586763046,24.346654205422155,0.8921709413550362,951.076776053912,14.156603324354943
571,0.07,True,783.869359728402,1065.3375695916586,0.0398462297749084,0.1,anisotropic,0.0125,0.0046415888336127,500000,372.08721470832825,35.005924713283555,0.9654308831155436,193.4242552831748,24.01482090179471,0.8340653261153499,2430.0841599483424,30.170387503553805
572,0.07,True,397.14623953894886,339.07167813668354,0.0914664490555596,0.1,anisotropic,0.0125,0.0004641588833612,500000,369.86628699302673,30.45282890940952,0.8884452476981591,122.6998987508412,29.692388966825256,0.9158919947072216,146.1800811414618,12.112292997168398
573,0.07,True,622.4646135276456,741.3122617726411,0.047248681896737,0.1,anisotropic,0.0125,0.0215443469003188,500000,368.4294362068176,33.11190948330157,0.9557532357621376,188.67134508175755,28.678053273037243,0.9557823502481796,523.710844168479,21.2326137008868
574,0.07,True,862.5013450379985,874.9541464838786,0.0618050186929105,0.1,anisotropic,0.0125,0.0021544346900318,500000,373.1963801383972,35.32273315903327,0.9706597782430254,214.5422582316216,28.0950151937686,0.911654619473406,1133.14280135977,23.3040088542213
575,0.07,True,949.5711030339844,1258.8369608476924,0.0599446188428282,0.1,anisotropic,0.0125,0.0215443469003188,500000,369.4079995155335,27.38755362698536,0.9378183358717124,1644.9909331014535,24.98082703265276,0.9327709866039255,2863.097699240076,40.87094860571152
576,0.07,True,147.9264074481089,123.39474215747542,0.0546767177422959,0.1,anisotropic,0.0125,0.0046415888336127,500000,370.69879603385925,38.36897206804132,0.960647033042682,3.181874329177804,34.457045437131725,0.9618717459977706,7.83205423006828,3.1527026783821537
577,0.07,True,926.6610375363329,714.4252912228853,0.0839234558431875,0.1,anisotropic,0.0125,0.01,500000,371.54628109931946,30.86330484472657,0.9034004280028438,673.7965303551888,30.82165870188904,0.9482705417017327,680.2888996402585,21.143984882825663
578,0.07,True,492.6241767864586,491.6319800381331,0.0413401409006089,0.1,anisotropic,0.0125,0.01,500000,370.1891748905182,28.510148527755938,0.9463775084339971,340.0456607476391,25.94217384826711,0.906383898725373,614.2352060444703,13.174658446336524
579,0.07,True,258.9861439106594,206.78975746632,0.0743959006272685,0.1,anisotropic,0.0125,0.001,500000,373.6803131103516,28.109655928378587,0.9343296939935848,102.91736086108158,25.41719208055117,0.909768620661947,191.3088344298149,6.988549399020021
580,0.07,True,459.6766204820231,401.29374455588976,0.0789100828439703,0.1,anisotropic,0.0125,0.0046415888336127,500000,366.82017827034,29.29503857047766,0.9746152426940088,248.2093362401748,27.79056679503313,0.9629757273199824,350.9661977613875,10.768019979827924
581,0.07,True,980.0525427101916,1139.8831831406785,0.047779957842403,0.1,anisotropic,0.0125,0.0215443469003188,500000,369.4706070423126,32.397212495817094,0.9623563866504544,552.9201899676268,31.538906141173992,0.9726205879412704,673.7411663106749,32.54486628594922
582,0.07,True,493.1254758988768,527.8993432966561,0.0537089721458887,0.1,anisotropic,0.0125,0.0464158883361277,500000,367.0677282810211,24.75548132897826,0.899549760535466,804.6807727284423,24.789224102090497,0.9087466990904242,798.4529816010491,12.979766584336383
583,0.07,True,329.4228586772207,328.87898647821453,0.044960208817337,0.1,anisotropic,0.0125,0.0464158883361277,500000,367.7121980190277,33.33552727621046,0.9776727751706742,50.30963361897151,32.70521171296203,0.9810113936629256,58.16780971192959,8.094713441858518
584,0.07,True,633.7674534624091,825.9864505020992,0.0452384048167117,0.1,anisotropic,0.0125,0.0046415888336127,500000,369.1661732196808,26.088398421819967,0.929161805536568,980.6241751012428,25.2503421932564,0.9208809156778116,1189.346005933448,20.58720599082209
585,0.07,True,240.90547315941487,222.42605059911443,0.0641178525432521,0.1,anisotropic,0.0125,0.0046415888336127,500000,370.4531235694885,34.41631929108176,0.9605827330318888,19.912661577458767,29.929010268594908,0.9460325779913178,55.95774631586129,6.352635156287235
586,0.07,True,76.78746478055525,78.730512220904,0.0578694151276084,0.1,anisotropic,0.0125,0.0002154434690031,500000,371.90575981140137,18.033589130154585,0.6851096372576324,92.465796705824,19.02258377659021,0.7616747721073299,73.63455242017233,3.9093844602909575
587,0.07,True,129.75084218873857,142.39740225843587,0.0537875148974477,0.1,anisotropic,0.0125,0.0215443469003188,500000,368.1319842338562,34.203386743883485,0.971792203381721,6.388341933379468,31.596789528928586,0.978381561120764,11.642543654332302,3.421107056904475
588,0.07,True,128.91779311881467,111.83598549010487,0.0600040286915382,0.1,anisotropic,0.0125,0.0021544346900318,500000,371.3479816913605,24.437080176135662,0.919859510476036,59.66924252571652,25.000147874002263,0.945601909472306,52.41357162752652,3.3051750372220075
589,0.07,True,152.75079081878206,142.76627356910666,0.0568777257434992,0.1,anisotropic,0.0125,0.0046415888336127,500000,367.71224880218506,28.735264646648293,0.9219700570527966,29.773425678574323,28.410368711226926,0.9480346326023374,32.08620842320853,3.724817464090199
590,0.07,True,139.68834547676073,98.28123030260508,0.1266636788138306,0.1,anisotropic,0.0125,0.001,500000,372.67007994651794,27.33053430954898,0.9085674798523532,34.89735672899797,28.01704903618614,0.9549623305134344,29.794840184501545,3.41162081503898
591,0.07,True,641.2338700584114,455.16155778387815,0.0806131304075191,0.1,anisotropic,0.0125,0.4641588833612777,500000,368.119101524353,26.289842843936547,0.8960432921651401,929.6960953269862,26.31393968512668,0.901356344112824,924.5519583291366,8.412655199172981
592,0.07,True,182.69820431474568,122.2233793296684,0.0923551926862055,0.1,anisotropic,0.0125,0.001,500000,377.31832456588745,25.247989378413585,0.8646863634628967,94.52849437535446,24.74553276148081,0.8499423917288925,106.12272723031494,4.474081694439207
593,0.07,True,346.32161604053937,416.5347599701344,0.0627264456648872,0.1,anisotropic,0.0125,0.01,500000,370.4646670818329,28.16693353596812,0.9608846351154176,182.67889683645544,26.92020128790016,0.9499771780272254,243.42299700843037,11.438426285386418
594,0.07,True,896.8916214961058,1049.486354235076,0.0494445388137049,0.1,anisotropic,0.0125,0.0021544346900318,500000,372.99147725105286,35.071688934944405,0.9268803506774308,247.9386270322561,25.844332143082035,0.8586644766217937,2075.295150102292,37.04067294851943
595,0.07,True,474.4876786226095,551.7576474428215,0.0736101220980171,0.1,anisotropic,0.0125,0.01,500000,373.0438265800476,25.31427522665032,0.8601956893345359,645.9806926870027,25.13181043337363,0.8863070990359924,673.6991775390829,15.473047888262336
596,0.07,True,667.8901807825061,700.5938723385157,0.0507938983565086,0.1,anisotropic,0.0125,0.0004641588833612,500000,370.2509500980377,29.03186965831185,0.8855845459716256,551.8087062341197,24.43609406237861,0.8527997390216817,1589.8864496232147,26.61668513291864
597,0.07,True,173.1475513304282,183.2780101458064,0.0507335858648353,0.1,anisotropic,0.0125,0.0464158883361277,500000,371.25655913352966,36.16586547182578,0.9812519602981824,7.235604304417891,34.008321742220595,0.9855684673644468,11.891295771033784,4.223241715709071
598,0.07,True,193.0967297898621,174.14225376605182,0.0743231439268016,0.1,anisotropic,0.0125,0.0464158883361277,500000,370.3481786251068,29.143286469284657,0.9584011448626764,45.381888970287015,28.253440025875545,0.9524028934950696,55.701541392344346,3.81406954536476
599,0.07,True,41.82774765021239,38.29511754135901,0.0735213540414012,0.1,anisotropic,0.0125,0.01,500000,372.0133490562439,35.70987640138765,0.973861336782333,0.4697136930828695,32.4554507367057,0.964276289978188,0.9937469011364904,1.0947037337926888
600,0.07,True,169.7661280090924,151.1951907852992,0.0640523880658332,0.1,anisotropic,0.0125,0.0046415888336127,500000,385.333087682724,32.6941574170409,0.9729340870821952,15.454826693471398,28.42241949530013,0.9437540525675696,41.32738552016932,4.384661596275438
601,0.07,True,279.31174869292664,293.36342842958817,0.0637548781314542,0.1,anisotropic,0.0125,0.0215443469003188,500000,385.06923627853394,40.11716619584979,0.9820097642522267,7.593095329069555,39.74211649354806,0.9883529088386592,8.27796951262286,7.604243530003871
602,0.07,True,177.83347379247007,164.99418217683842,0.0471470734542594,0.1,anisotropic,0.0125,0.0215443469003188,500000,383.3003363609314,30.183450993662944,0.9237314301390838,25.984096624710254,29.09889554400089,0.9244973101380158,33.35517069551644,3.2740910826591123
603,0.07,True,89.61383122329856,91.23439617796824,0.0717775532824638,0.1,anisotropic,0.0125,0.0215443469003188,500000,386.2678656578064,32.11082417590394,0.9781664022113776,4.932554253034238,30.676465196560727,0.962702695936446,6.862901546894941,2.9026005888111257
604,0.07,True,121.5152352295002,119.27184524296324,0.0841437447697714,0.1,anisotropic,0.0125,0.0021544346900318,500000,383.2328126430512,33.652765819627625,0.9401528122967594,6.17639588545879,28.657837099847384,0.9277184455906224,19.508685026053943,3.987167643487216
605,0.07,True,461.317989264693,572.5757758429445,0.0640790033467476,0.1,anisotropic,0.0125,0.01,500000,382.5597972869873,30.590421484220716,0.8900421060020162,184.65537780666037,28.054244557349733,0.9386166131098542,331.1156081395748,17.053687894595587
606,0.07,True,207.12738468738672,187.1852938852188,0.0668715348483527,0.1,anisotropic,0.0125,0.0215443469003188,500000,381.6050355434418,35.37089336537594,0.9875294937578528,12.431805109896535,33.89964185856282,0.9790843618407492,17.4445328490177,4.692533912838555
607,0.07,True,364.90559118702737,295.5637138921643,0.0608400844259488,0.1,anisotropic,0.0125,0.0021544346900318,500000,383.20781922340393,23.664711003121667,0.9103725590231884,569.7587186918613,23.754429566567502,0.9069558019295274,558.1091251218472,10.589383031777908
608,0.07,True,503.913853584002,631.5244680433057,0.0535035419668091,0.1,anisotropic,0.0125,0.0004641588833612,500000,384.573276758194,37.06975161487462,0.9471889050872968,49.74830473773717,26.13491608994065,0.8595465155489485,616.9668623756495,17.988877375552892
609,0.07,True,690.704433800736,864.2618418609142,0.0381533035861441,0.1,anisotropic,0.0125,0.0215443469003188,500000,385.39746260643005,31.764618751390756,0.9679041266409416,317.3370091861537,27.21201642876061,0.9461881403400592,905.2758952476304,24.98782001992468
610,0.07,True,40.27282770125784,26.715329617876503,0.1043971076180068,0.1,anisotropic,0.0125,0.0215443469003188,500000,384.7552387714386,19.924559543005014,0.834453522944048,16.49598067209098,19.72481878746433,0.827659375529526,17.272381214623874,0.8415921301736328
611,0.07,True,799.6109885101336,828.0296014756057,0.0519768531614564,0.1,anisotropic,0.0125,0.0046415888336127,500000,384.0886924266815,34.339092917815634,0.9637220073317936,231.77189264915728,31.991992146733725,0.9619754250029224,397.8971645505186,19.39131304555724
612,0.07,True,628.2724891014169,473.904373353768,0.0722042399110678,0.1,anisotropic,0.0125,0.0046415888336127,500000,383.59113907814026,30.831679318298622,0.9696343598835429,323.9058202126777,29.19040790517123,0.9575775712521132,472.65678127744616,12.331718132046568
613,0.07,True,82.67727291692303,140.48361865997182,0.0313845857434806,0.1,anisotropic,0.0125,0.01,500000,386.0919148921967,31.314810218919675,0.8859373519995501,5.011835091003924,25.127226535454923,0.862466008618538,20.83315959876106,3.8353991039730175
614,0.07,True,873.7050454826705,1391.0857427082924,0.0295783107299099,0.1,anisotropic,0.0125,0.01,500000,383.81746554374695,21.2577014876468,0.8223062760555737,5680.267139614024,20.134372922328478,0.7685534079869712,7357.014590437495,39.78560793110295
615,0.07,True,920.9515281312814,1149.2958280759271,0.0464054280868156,0.1,anisotropic,0.0125,0.0004641588833612,500000,385.7864603996277,28.63556619284989,0.9382235517314484,1136.413724622941,27.80546244120957,0.9422242948596604,1375.77320038342,35.86919666577589
616,0.07,True,62.016881895008886,43.89826227486061,0.0578153390696022,0.1,anisotropic,0.0125,0.0021544346900318,500000,383.62926149368286,33.996658475971486,0.9629863360739888,1.439708970011183,30.648810747806827,0.9384228825824448,3.112142563785161,1.1950337679963
617,0.07,True,277.6007704990565,183.06844078641032,0.0881308799497616,0.1,anisotropic,0.0125,0.0021544346900318,500000,384.5913944244385,27.565497857567543,0.9170271495116706,133.91701643429374,25.27546942142221,0.8959652253906538,226.9021487420158,6.525388344874974
618,0.07,True,806.3950785132682,562.6380039811064,0.0610602590058395,0.1,anisotropic,0.0125,0.0004641588833612,500000,382.5494887828827,24.19272632352741,0.8911022515756728,2406.500403430194,22.87649758836782,0.8413499876299553,3258.4331267106304,21.88891105225606
619,0.07,True,748.5114306932747,727.6895498563978,0.0758616106899164,0.1,anisotropic,0.0125,0.0215443469003188,500000,382.3582878112793,33.61497467157466,0.95596986968578,237.85598413573436,33.17408893394269,0.972102027866936,263.27077744453857,15.92968740222479
620,0.07,True,185.3364983370209,159.0836701639192,0.0741398141496689,0.1,anisotropic,0.0125,0.0215443469003188,500000,385.99850702285767,20.376814696541075,0.8393223334630671,314.3851172732212,20.150350378090284,0.8312226540393609,331.2137902568937,4.452361243404209
621,0.07,True,210.1399740133736,129.14241912978267,0.1002467061495485,0.1,anisotropic,0.0125,0.2154434690031882,500000,383.5943715572357,27.675712986244346,0.9182886907403006,70.25249353219597,27.67942939574272,0.9242565717451434,70.19240173588369,2.7656043870303595
622,0.07,True,371.1016306885906,336.34047950142525,0.0835364978137893,0.1,anisotropic,0.0125,0.0215443469003188,500000,382.99817657470703,35.81229488932686,0.9755581665665626,36.11446504885673,34.90513597165995,0.980095122113868,44.503798231038495,9.081436122560843
623,0.07,True,485.0384622058303,459.53882890383466,0.06637075302065,0.1,anisotropic,0.0125,0.0021544346900318,500000,382.936752319336,33.157169462327005,0.9234037528500952,112.04592717602914,27.64949000701103,0.9248394672719552,398.25755232664136,15.249183147225962
624,0.07,True,618.6365167587657,701.7388423237646,0.0629111179356656,0.1,anisotropic,0.0125,0.0021544346900318,500000,383.3925058841705,28.376710898208163,0.9648479487414636,553.2959907419245,26.88829188488424,0.9378469887742048,779.4700354401031,19.99566314033599
625,0.07,True,369.5447259302026,475.9142221794123,0.0442617153504891,0.1,anisotropic,0.0125,0.0464158883361277,500000,384.3071479797363,33.45406779671441,0.9367065262310912,60.86735784040396,33.87608130402321,0.9816615184105032,55.23102452356697,9.813390347842514
626,0.07,True,463.0721814170148,433.8436430615431,0.0538590294905963,0.1,anisotropic,0.0125,0.0215443469003188,500000,387.5267777442932,30.25148545321173,0.9670474466087564,202.23566395691145,28.866837357682627,0.9691294111399954,278.1778554752456,9.568091700655692
627,0.07,True,747.7234671956228,643.2652642256097,0.0675783776971368,0.1,anisotropic,0.0125,0.0215443469003188,500000,384.24121260643005,36.26752570438328,0.9751702814633274,131.78802215349103,36.875250434336415,0.9876037548117704,114.57858833932872,13.97621548179134
628,0.07,True,37.6465196877073,44.26449863916833,0.0656656004066792,0.1,anisotropic,0.0125,0.0021544346900318,500000,382.2573091983795,32.47101572487632,0.9525015596454656,0.6420721446897237,24.04965245343208,0.8309143542118115,4.463958580400544,1.2494325458571842
629,0.07,True,253.18450739967676,217.64698067750584,0.0627839848057025,0.1,anisotropic,0.0125,0.0464158883361277,500000,384.6475245952606,30.7686365549746,0.948867029405766,52.81057823581468,30.598793275485797,0.9633558196957754,54.91680350028725,4.55362420503316
630,0.07,True,713.6362362986679,760.2525970026218,0.0549963381100142,0.1,anisotropic,0.0125,0.0215443469003188,500000,385.6001155376434,35.6567646109447,0.9617873427716072,138.14014653785446,32.97278442370972,0.9719239762370376,256.28189765372383,17.274223020517493
631,0.07,True,895.3116308495121,808.0864098215015,0.0601000834053909,0.1,anisotropic,0.0125,0.001,500000,384.7903575897217,34.70252760766389,0.9396248277411604,266.68797347430905,29.271192466019738,0.9051669052659084,931.401526574024,22.176209445241145
632,0.07,True,512.1657646735505,435.5555399520825,0.0686791124430823,0.1,anisotropic,0.0125,0.001,500000,387.414502620697,35.113372245510696,0.921172211571618,79.59210752574705,30.811839619632675,0.916058915229341,214.30054087369217,15.368616467092016
633,0.07,True,532.5813717800503,542.1821800996722,0.0569540172579532,0.1,anisotropic,0.0125,0.0464158883361277,500000,387.1339483261109,24.755745527062984,0.9102389011635078,943.839397836304,24.975373066143327,0.9337551484140296,897.2952068223096,11.637150429217735
634,0.07,True,108.06483932843628,91.96581812766172,0.063895036033507,0.1,anisotropic,0.0125,0.0046415888336127,500000,390.2537734508514,28.540358479337723,0.9684418898014324,16.285375672031222,27.322090086172945,0.9547530067944544,21.558801839542607,2.3336923975770665
635,0.07,True,447.9649544566312,401.2400450217492,0.086952248710573,0.1,anisotropic,0.0125,0.0215443469003188,500000,388.3151307106018,37.87261152448352,0.988402891780031,32.73076931657461,37.8838995297232,0.9937406990192668,32.64580729717713,9.239383987457911
636,0.07,True,533.0846491885682,514.1630327577195,0.0466215400068809,0.1,anisotropic,0.0125,0.0464158883361277,500000,381.8768577575684,39.169257088753085,0.9880499924465465,34.388313297447255,39.29389030344953,0.9941051866147907,33.415468406216704,9.905576069684956
637,0.07,True,243.2280331310949,378.3121207018792,0.0378744571637442,0.1,anisotropic,0.0125,0.001,500000,384.3671295642853,27.483340570253883,0.871863483639644,99.71839456263773,23.3385943245911,0.7716016896920295,258.970265742048,9.552977734750922
638,0.07,True,269.9739877184316,273.07133440876925,0.0503643814925804,0.1,anisotropic,0.0125,0.0215443469003188,500000,389.1150050163269,30.535701749960182,0.96377606772889,64.4198537038976,28.79465973783123,0.9599506609450988,96.18867346277064,8.974859974760408
639,0.07,True,377.906878941518,313.7983545574328,0.052360232572634,0.1,anisotropic,0.0125,0.0046415888336127,500000,386.5601658821106,31.767387953314827,0.9514311840139912,93.97352226604144,29.368776961773392,0.9272646637899596,163.2550424974176,9.252591294115188
640,0.07,True,21.051126579948644,25.490795244589407,0.0528092660088637,0.1,anisotropic,0.0125,0.001,500000,385.6884987354279,25.32482828815308,0.8694075914370312,1.2787681903510304,22.40468858058189,0.8506499576620165,2.5049888396498714,1.0124699823130792
641,0.07,True,322.75708641759513,234.4522113503077,0.0997277348927742,0.1,anisotropic,0.0125,0.0464158883361277,500000,384.3989346027374,24.82355797643535,0.8781173189931091,333.020592516302,25.07872007219433,0.8987533635287621,314.0182432232312,6.234264213731393
642,0.07,True,212.2365589895481,243.97369260125805,0.0603723705794576,0.1,anisotropic,0.0125,0.001,500000,386.2533705234528,28.63481765218085,0.9103099672133524,60.561051737870656,27.51283722296815,0.9156228800885874,78.41361060509976,7.448933873544015
643,0.07,True,328.1698548257367,318.36457726942314,0.0774713415822014,0.1,anisotropic,0.0125,0.0021544346900318,500000,382.7691893577576,29.11408416010973,0.940699185166302,130.25057109744154,28.411339066904272,0.9513962889717114,153.1278361354086,9.78681530781004
644,0.07,True,120.64236968743197,65.41883976580273,0.1235042300744479,0.1,anisotropic,0.0125,0.0004641588833612,500000,383.7399764060974,29.31208928929322,0.9203216081930332,15.416816454845335,29.30123244051623,0.9360061346882592,15.455404887111012,2.3155460484609174
645,0.07,True,890.6367534591551,924.575437659911,0.0553418829265724,0.1,anisotropic,0.0125,0.0215443469003188,500000,385.3150403499603,36.334161335850425,0.9779618598235132,184.3985222096593,35.024917632369494,0.985018995682446,249.2767688121379,22.831535747151005
646,0.07,True,593.9988611004947,536.3342506062374,0.044203770759223,0.1,anisotropic,0.0125,0.0046415888336127,500000,385.39204812049866,22.328370865384915,0.8920653501189539,2055.1673236951647,22.6862158197791,0.903644415326087,1892.6167997481923,13.941417590891254
647,0.07,True,679.4232168253451,638.8744861826902,0.0570688683320134,0.1,anisotropic,0.0125,0.001,500000,390.9064521789551,31.97618730751801,0.938587624538034,260.92220900089075,25.804482870463463,0.8714139989056728,1080.6411232259093,18.38880794085013
648,0.07,True,789.382067368731,740.2354899042773,0.0709887093785716,0.1,anisotropic,0.0125,0.0004641588833612,500000,383.8305082321167,31.28175607696608,0.8711213341572409,391.0533409298242,29.266695882132545,0.9089200060617656,621.9307356776808,29.322570460777765
649,0.07,True,498.9437567301282,538.0015734427219,0.0666673829693213,0.1,anisotropic,0.0125,0.0215443469003188,500000,383.99206161499023,37.34521831881488,0.9808585446458312,45.856278119422974,37.36958029860209,0.9900878459942284,45.59976502464141,12.367005525900243
650,0.07,True,87.83336779933627,41.34366656941794,0.1240435574164553,0.1,anisotropic,0.0125,0.0021544346900318,500000,381.1874063014984,30.282603892779004,0.935008104126292,4.025294029618545,28.70299233332929,0.9242594505672902,5.791069340382241,1.3333243903664056
651,0.07,True,537.5694352767292,666.9900584559272,0.0445601081173608,0.1,anisotropic,0.0125,0.0046415888336127,500000,377.3340129852295,30.426134602351038,0.9374502533362584,261.40426313414014,28.517750337497525,0.9515490068467513,405.649637780892,21.647555715317047
652,0.07,True,587.2542769028582,524.662992447294,0.0764558441438077,0.1,anisotropic,0.0125,0.01,500000,375.2938358783722,35.528094115706985,0.9634567145835364,91.92838406667204,33.45977644529858,0.9687226930232428,148.00670597801292,12.84844950882181
653,0.07,True,745.6940347101456,654.4198568521115,0.0588824476593085,0.1,anisotropic,0.0125,0.0002154434690031,500000,382.4673945903778,22.894703211968665,0.8531453983978798,2792.1894620506087,22.20374919906254,0.8694681147627289,3273.710602832477,25.12099684952483
654,0.07,True,432.2278866834497,381.20547741370433,0.066436117891452,0.1,anisotropic,0.0125,0.001,500000,376.6415159702301,24.02890108112199,0.9058757642335944,735.9512045998432,24.30774599995258,0.9287673175368308,690.183430176484,11.623670056366793
655,0.07,True,128.4527224927682,111.83874242470374,0.0738915489509024,0.1,anisotropic,0.0125,0.0215443469003188,500000,373.787942647934,32.31339921412577,0.9760255718996296,9.660724987738536,31.08994337633686,0.964333622512665,12.80428413920224,3.433056086798539
656,0.07,True,284.49212989292573,291.36495311422294,0.0682078382105728,0.1,anisotropic,0.0125,0.01,500000,374.2490909099579,33.84545907921918,0.931164391571316,27.592950558566603,30.14471041654189,0.9362819180876408,64.69534140589285,9.633690100891856
657,0.07,True,363.7192141022365,273.62962277909645,0.0918139471323699,0.1,anisotropic,0.0125,0.0004641588833612,500000,377.0079894065857,36.71479361973255,0.9526061781705004,22.661710695747136,31.44582562453587,0.9168657368105078,76.2411591312736,8.017055696483881
658,0.07,True,646.2713240902697,316.7578867224372,0.1567259246835367,0.1,anisotropic,0.0125,0.01,500000,375.31848335266113,34.34060887067522,0.9613238897207044,104.5276576199124,33.94727656199478,0.9713106420102162,114.43646906324312,9.018232456437325
659,0.07,True,571.207526364243,548.0652688373908,0.0527410095560239,0.1,anisotropic,0.0125,0.0021544346900318,500000,379.0994737148285,36.71977324373917,0.968631305358964,64.1361830282468,28.63463683684476,0.8977459835699068,412.6831631178193,15.334206726777271
660,0.07,True,356.7406291719484,274.75094717686244,0.0605378036070226,0.1,anisotropic,0.0125,0.01,500000,374.652544260025,26.29235222339839,0.8637572311625863,289.7166646826793,26.02927755497972,0.8923949545855148,307.8087375290827,8.211772924074861
661,0.07,True,986.5287335441868,1110.7344388847837,0.043092389300448,0.1,anisotropic,0.0125,0.0046415888336127,500000,373.3840999603272,31.28054091543772,0.9459805981201344,692.4760967524792,26.20001045964965,0.9282898609348692,2230.785599842986,29.20521153478602
662,0.07,True,606.1690445375302,499.1711482893804,0.0669720705331098,0.1,anisotropic,0.0125,0.0464158883361277,500000,371.913293838501,23.56880464011935,0.8824198244317718,1599.985658328298,23.68798730191021,0.8883258354893475,1556.674544369116,11.03723216645078
663,0.07,True,237.9895649442585,261.70212886102246,0.0447879547136797,0.1,anisotropic,0.0125,0.0215443469003188,500000,372.9900040626526,33.30699773533823,0.9737088661235112,26.35021828312336,31.42481417733752,0.9680657317320942,40.64457371898402,5.484340019622833
664,0.07,True,102.68069014778334,108.2421715943274,0.0643148426790033,0.1,anisotropic,0.0125,0.0046415888336127,500000,384.89843678474426,24.92169629467459,0.9316937257878622,33.83314218474147,23.16545137942452,0.8713588551874081,50.69519820928498,3.316384198813658
665,0.07,True,153.7062800451477,177.8954486351923,0.0557537177474904,0.1,anisotropic,0.0125,0.0215443469003188,500000,372.80222630500793,25.699395274296236,0.9393053331575468,63.54848960146453,26.283900223740737,0.963640150369925,55.54624915958865,4.091163435301632
666,0.07,True,246.71177065612363,367.8175901660287,0.030803863732644,0.1,anisotropic,0.0125,0.0215443469003188,500000,376.5200905799866,24.54581524149152,0.8284138959893842,210.34555960848067,22.256061900678368,0.8008291888777744,356.3761917060568,12.206027815262832
667,0.07,True,161.5206918862961,160.78190962321105,0.0355545446441107,0.1,anisotropic,0.0125,0.0464158883361277,500000,371.9890177249909,27.274226964651263,0.967188532371086,48.82861192337769,27.73115415204055,0.972946979160246,43.95230540471248,3.6704146775886457
668,0.07,True,187.3804570272545,199.0851266143273,0.0318697208719756,0.1,anisotropic,0.0125,0.0215443469003188,500000,376.2580754756928,23.86738319877975,0.8633872379941767,142.16722056359762,23.806251697289834,0.8836316302449675,144.18252371905112,4.995110972007743
669,0.07,True,285.81007352515326,359.3055559887532,0.0464175672974533,0.1,anisotropic,0.0125,0.0215443469003188,500000,377.62406873703,22.690165838917533,0.9122628187104852,439.0231496124932,22.6811744909889,0.9029674273760856,439.93301586733656,8.904780922843889
670,0.07,True,174.20022169946006,150.45436079671896,0.0833007189988092,0.1,anisotropic,0.0125,0.01,500000,381.2456660270691,35.72178933783659,0.957994023703124,7.551464577668244,35.47905022407995,0.97549101993463,7.9855549213727635,3.560209937409417
671,0.07,True,896.8686592017988,620.1702749743724,0.0794555712911104,0.1,anisotropic,0.0125,0.1,500000,374.9479224681854,22.082607358627357,0.8667354712426057,4964.066985221535,22.25762819200197,0.9012292525688176,4767.992349758017,12.08946071290921
672,0.07,True,81.15351191598057,60.67533954167295,0.0739730812875903,0.1,anisotropic,0.0125,0.0215443469003188,500000,372.3425402641296,36.99829752535188,0.9862655546662236,1.3137709387972116,36.441666823509394,0.98889660524326,1.4934226061987228,1.3695888467644584
673,0.07,True,524.9868781806845,578.1892751595482,0.0624683966928893,0.1,anisotropic,0.0125,0.0215443469003188,500000,374.5428967475891,32.626546797784584,0.9721315111434756,150.3849489552795,31.393223831622883,0.9782051865724734,199.77294382339812,13.453497786107349
674,0.07,True,410.9864301626719,234.8950552245046,0.0917567369858335,0.1,anisotropic,0.0125,0.01,500000,377.5457608699799,37.35021150373268,0.954156491801936,30.5426176357256,38.062909750852974,0.9760700694543882,25.920085546107494,6.208799246130967
675,0.07,True,982.3962382916978,878.2803759449449,0.0620741787913812,0.1,anisotropic,0.0125,0.01,500000,376.37362003326416,27.751492910846583,0.9206458202417726,1529.3602117432324,26.947667705303168,0.92196818051493,1840.3156011127676,22.24048813558497
676,0.07,True,112.9268632658843,88.01897526888757,0.0720641650524926,0.1,anisotropic,0.0125,0.0021544346900318,500000,376.1184210777282,35.42002523664034,0.9595331927207132,3.2339289278946564,31.21122491611056,0.944008543455746,8.523353546358967,2.583153338232248
677,0.07,True,398.4577434466959,469.906912262356,0.0490475180589407,0.1,anisotropic,0.0125,0.0464158883361277,500000,372.4490838050842,22.368320006236026,0.868241570460054,918.5997997761172,22.318313166439925,0.9006669700385379,929.2381476165322,13.592805374487115
678,0.07,True,969.5009628420936,1212.5411647913666,0.0496182434317027,0.1,anisotropic,0.0125,0.0215443469003188,500000,374.3671436309815,23.606978947718872,0.9010988867035938,4065.745540139987,22.710656355186654,0.8831231205383452,4997.726129532583,27.42232030045512
679,0.07,True,865.6416187680862,795.6710297444699,0.0824781248907711,0.1,anisotropic,0.0125,0.01,500000,377.1489253044128,37.3613222418014,0.9701940834826128,136.9807432559554,32.48162202553608,0.960053802279318,421.33694306299714,19.103490452373823
680,0.07,True,817.2549988783306,708.3705538511631,0.0703228620034684,0.1,anisotropic,0.0125,0.01,500000,375.39915442466736,34.26804892982243,0.9470351458770466,249.8204134417308,33.197989801373,0.9729338222786597,319.6199178950373,23.15808105634716
681,0.07,True,258.64492421789487,339.4116969046641,0.0477920842528119,0.1,anisotropic,0.0125,0.0215443469003188,500000,375.7980010509491,21.315543758964075,0.8757032741174113,490.398311957329,20.98042105711373,0.8714771373734451,529.7381332312476,8.383290933463133
682,0.07,True,171.71669980267575,154.12362128670574,0.0494955205747736,0.1,anisotropic,0.0125,0.0021544346900318,500000,378.0859498977661,30.39254506531371,0.9035440678069168,25.68750050802784,27.954781677338765,0.9168132043649626,45.02961010763124,5.07081914885168
683,0.07,True,668.9745767045066,559.4108760832779,0.0568465332403681,0.1,anisotropic,0.0125,0.0215443469003188,500000,375.4346749782562,39.69401062275538,0.9827014938701928,47.96964579412597,40.0322229628306,0.9900693936450836,44.375706213099775,11.626922573181648
684,0.07,True,929.4466131384582,1197.8909220096452,0.0524645366254684,0.1,anisotropic,0.0125,0.0215443469003188,500000,378.7989430427551,35.47380387630846,0.9404811520768124,215.6795679221269,30.87324975220494,0.9417716860679628,622.1060390276407,29.462834409626534
685,0.07,True,557.2061301209159,625.5768860864351,0.0580235767039518,0.1,anisotropic,0.0125,0.0464158883361277,500000,377.2450995445252,36.31317795037987,0.982824507124912,72.51838527290187,35.85747495026032,0.989144807952666,80.54126108511208,15.48927206120598
686,0.07,True,572.04107678043,524.8121049863985,0.0423514143735326,0.1,anisotropic,0.0125,0.01,500000,377.162499666214,28.97454569580484,0.9688767977517788,412.6293051256413,27.73846863039836,0.9565470835837624,548.4888142079363,12.944739077235036
687,0.07,True,280.6991145666239,330.82553660945274,0.0663490040430439,0.1,anisotropic,0.0125,0.0215443469003188,500000,375.8761625289917,34.84204111257287,0.9787715756761848,25.836077165950996,36.02921538878616,0.9883525214236848,19.656633731217084,8.081214996574854
688,0.07,True,769.723440258745,798.1647437706328,0.0573040025917973,0.1,anisotropic,0.0125,0.0464158883361277,500000,373.86683917045593,36.090513002765874,0.9817584084239928,145.67271839488154,35.13807360004926,0.9874498373678788,181.39368557517213,18.3693725616146
689,0.07,True,187.85670480896584,187.97386171464356,0.0482128556840521,0.1,anisotropic,0.0125,0.0215443469003188,500000,378.3609049320221,35.76664940581995,0.974972595127276,9.351531821880512,35.017975642357115,0.9814929163822498,11.110922859078636,4.595269480529672
690,0.07,True,324.35555716783944,300.1667779452921,0.0593772389255904,0.1,anisotropic,0.0125,0.0464158883361277,500000,377.41348338127136,38.24389801980725,0.983798322523282,15.743837162652186,38.35631030973607,0.991128740413424,15.341554253778876,6.360565635145579
691,0.07,True,426.0110021778004,563.0063631425029,0.0364171486852846,0.1,anisotropic,0.0125,0.0021544346900318,500000,374.0576057434082,31.28713290161681,0.9341088033029104,133.9173592762613,26.32745152375128,0.9310921970776572,419.5705669424696,14.879482456053884
692,0.07,True,508.10276830577055,467.0077381939839,0.0697519519933015,0.1,anisotropic,0.0125,0.0046415888336127,500000,374.66973328590393,26.10684559368129,0.9075501879108676,630.0372740696632,27.08750151576714,0.9580549368555196,502.6904695878852,15.121864148645132
693,0.07,True,243.16732268266517,249.83480225853293,0.0527843232220403,0.1,anisotropic,0.0125,0.001,500000,377.1777837276459,27.828892887520425,0.9081303557738896,96.931326206367,24.530817005986147,0.8954385136249423,207.14370647055745,9.12111693753278
694,0.07,True,115.72198791446434,78.55932922444866,0.072393373387368,0.1,anisotropic,0.0125,0.01,500000,374.48460936546326,35.34986608420101,0.9781538298417104,3.9016369212755393,34.07860465477486,0.9742731689041872,5.228450434542999,1.954324509605982
695,0.07,True,611.009422399191,466.730741032035,0.0489826582777213,0.1,anisotropic,0.0125,0.0004641588833612,500000,375.9008462429047,26.597207019761147,0.8941646626857678,802.2935472244774,24.97282117179975,0.8697993723877074,1166.1969037100246,14.83924802343403
696,0.07,True,289.34192268701554,271.73556671315106,0.0930895099692129,0.1,anisotropic,0.0125,0.0004641588833612,500000,374.5454273223877,29.870807521258715,0.875124445789711,84.29266182316368,26.31681892920616,0.9148675006053504,191.0682947230617,11.735164040895553
697,0.07,True,581.6569832011896,383.0412145216925,0.0857100304146995,0.1,anisotropic,0.0125,0.0021544346900318,500000,380.1143908500672,24.56753141993139,0.8543217069749002,1133.2829131066585,23.728141419516056,0.8626600235403732,1374.9197197058131,13.44419304502133
698,0.07,True,155.2083525589281,128.67455387997109,0.0653793979913327,0.1,anisotropic,0.0125,0.001,500000,376.05008029937744,30.543709659127675,0.9344868308914556,20.695820724536397,27.947954276866444,0.9290529080679796,37.62341317193226,3.8074862866047
699,0.07,True,481.6589617529627,363.3870274642156,0.0929434293728351,0.1,anisotropic,0.0125,0.0021544346900318,500000,374.178925037384,23.244526909307737,0.8668854574882704,1090.7067119965066,23.013945451751447,0.8818374647037223,1150.1808472223618,15.012215371099972
700,0.07,True,533.0568431190343,485.9984390856404,0.0696047689367549,0.1,anisotropic,0.0125,0.0215443469003188,500000,371.0001494884491,34.5674259226248,0.9676144116376664,98.379391410137,35.304106623184175,0.9866865208714348,83.03019570360172,10.711338479922713
701,0.07,True,52.77171328560448,44.20833624140947,0.0720226569816565,0.1,anisotropic,0.0125,0.0021544346900318,500000,371.5859558582306,31.8498386739072,0.9329470915312726,1.6290981544698135,30.64458682509237,0.9537872574789558,2.1501682099713704,1.3560756823171505
702,0.07,True,337.2676739157267,520.3201419310376,0.0357193087967707,0.1,anisotropic,0.0125,0.0021544346900318,500000,369.3418068885803,26.592082243335824,0.8721243999043286,247.64072201305737,23.65365757809326,0.8462281358033102,487.1520428473704,15.200922078475724
703,0.07,True,135.28026226203528,139.52886488837507,0.0576281534058588,0.1,anisotropic,0.0125,0.0021544346900318,500000,368.7837679386139,27.41126286348093,0.9164475913466176,32.794123685178576,25.39164094163557,0.9340035899329504,52.21054450354647,4.415259279140444
704,0.07,True,64.31159550229498,108.06854174570611,0.0348479495350141,0.1,anisotropic,0.0125,0.0046415888336127,500000,370.8124423027039,28.228283525832737,0.9135221567576436,6.041989438328129,25.66769413151805,0.904852227804708,10.895292680530204,2.4180174292799053
705,0.07,True,989.9702721575552,888.7297160135257,0.0648819735768704,0.1,anisotropic,0.0125,0.0464158883361277,500000,370.3087797164917,33.54556099499403,0.9729029297959896,431.56443928099714,33.57703683253247,0.9816490753181376,428.4479488755372,17.30225328451982
706,0.07,True,323.03149112974825,336.5133007673253,0.0627583975667286,0.1,anisotropic,0.0125,0.0021544346900318,500000,376.5616886615753,34.710566371359675,0.9032317495156024,31.74426122550225,25.09282035211388,0.784722640120973,290.6965156457919,15.03348930828914
707,0.07,True,810.0645714087802,887.7684962553376,0.0476630226325518,0.1,anisotropic,0.0125,0.0464158883361277,500000,368.8314793109894,19.136844281743887,0.7748290656624004,7988.875550584042,19.426730040871,0.844361981522659,7473.036095203979,24.89808038101326
708,0.07,True,255.3860141090001,213.48789259638104,0.0662357953560666,0.1,anisotropic,0.0125,0.0046415888336127,500000,370.0126686096192,33.11654968033894,0.9620653122032954,26.389902397028507,30.80340810115032,0.958289260697248,44.95230252967474,5.449950808275469
709,0.07,True,681.8212195017053,737.016110331484,0.0541952282299769,0.1,anisotropic,0.0125,0.0215443469003188,500000,370.5362043380737,25.234360247518502,0.9147101721390124,1391.8878169297209,23.95039609213041,0.9125959046213268,1870.684936097872,28.06930879033435
710,0.07,True,760.4676320297968,664.3275552828829,0.0536104287025014,0.1,anisotropic,0.0125,0.0021544346900318,500000,369.76603627204895,29.774716262386267,0.9474417056976732,600.9359015771396,26.40896924597824,0.8953342288669517,1304.3761592547862,19.5990041998248
711,0.07,True,596.0431018672365,867.9784644590256,0.0361411130200684,0.1,anisotropic,0.0125,0.0021544346900318,500000,371.2143921852112,29.67094304970241,0.9247162690569024,374.8753138959054,24.55706239233684,0.8523522028093368,1216.9560893830158,26.044618608531923
712,0.07,True,472.1046123616082,506.9381377616828,0.0861311680768951,0.1,anisotropic,0.0125,0.0215443469003188,500000,370.6288566589356,33.50945940543709,0.9753382791526458,99.2555105566526,30.89285479191813,0.9628730728575412,181.3072158802252,17.423404783243942
713,0.07,True,412.4290732331213,163.41041925671522,0.1627256283182127,0.1,anisotropic,0.0125,0.0464158883361277,500000,370.98436880111694,27.297905120075143,0.8959742432231275,283.1917584396639,27.42542869889988,0.909401665918307,274.9971875932222,4.473020903527196
714,0.07,True,349.5193982764523,382.5782381520707,0.063146195030927,0.1,anisotropic,0.0125,0.0215443469003188,500000,369.09148812294006,31.65667620842996,0.9614950327316863,83.40388331151819,29.573645927223858,0.96882026160845,134.73775290753977,10.10259554215089
715,0.07,True,929.599615103578,1312.922873085891,0.0403229643411212,0.1,anisotropic,0.0125,0.0215443469003188,500000,370.4298458099365,26.04819383359078,0.941421522772622,2146.0899995048435,25.33022541972061,0.9205031735493262,2531.8896426744923,37.58147159549798
716,0.07,True,830.7887883799414,904.4608120031978,0.0489619021776836,0.1,anisotropic,0.0125,0.0046415888336127,500000,370.4015264511109,26.93850320971295,0.9279717353718222,1391.7026749103368,25.05512593494007,0.931521869639519,2147.257802176803,26.1960919008068
717,0.07,True,965.061883755846,1074.1500940049443,0.0577381566190034,0.1,anisotropic,0.0125,0.0215443469003188,500000,370.61117005348206,29.12159148497945,0.9699843231762594,1140.000388900899,29.146024616145475,0.9697565561286088,1133.604826644813,31.34719033260421
718,0.07,True,125.17292626205918,272.5434423756508,0.0295323307202568,0.1,anisotropic,0.0125,0.01,500000,380.6365413665772,33.57293418355147,0.9527972416096876,6.8717992608138925,23.62339087392872,0.8520596212523976,67.92424117688984,6.980862211662562
719,0.07,True,731.1366077284406,718.8258032116839,0.0505861785329481,0.1,anisotropic,0.0125,0.0215443469003188,500000,369.33922266960144,36.98816379461013,0.9774979635862154,106.76480297468882,36.42956810193471,0.9850605463396812,121.41928530471918,18.68966433123609
720,0.07,True,938.4021163642168,806.0808445524408,0.0511708894277463,0.1,anisotropic,0.0125,0.0215443469003188,500000,370.429455280304,21.008277580262696,0.8674609093849485,6949.852970885086,20.744285792408327,0.8554079053957457,7385.413155337113,20.44972055366699
721,0.07,True,182.0518330994945,135.4196404892765,0.0834804976432176,0.1,anisotropic,0.0125,0.0021544346900318,500000,372.0367913246155,31.86216347599988,0.9390661357772296,21.459748500080934,30.02165852348382,0.9526911046694728,32.78499510416679,4.658047995735784
722,0.07,True,67.42977109941071,71.85043372694193,0.0531107890008465,0.1,anisotropic,0.0125,0.0046415888336127,500000,377.4758176803589,31.347913968644136,0.9285013348653898,3.27377690922604,31.1369774420521,0.9629615250727102,3.4367087912134595,2.1095025897735207
723,0.07,True,741.379528640769,641.5842079467304,0.0628515319821636,0.1,anisotropic,0.0125,0.01,500000,371.8941214084625,29.766030074362888,0.9138925586698158,456.0091838326765,28.498540049126817,0.9146950096266576,610.5519066158245,17.163492000297143
724,0.07,True,574.898640066732,483.7748175743536,0.0726280576047442,0.1,anisotropic,0.0125,0.0021544346900318,500000,370.12137246131897,26.61080887589852,0.8520520106117052,680.4537168286879,27.33016156652461,0.9166651327390656,576.5849756677367,16.745485342012632
725,0.07,True,841.9869479815138,750.6633505564706,0.0524886213598375,0.1,anisotropic,0.0125,0.0001,500000,372.3981711864472,25.574792417766357,0.7775950471435837,1167.823312422817,25.431700229813156,0.8262873310640574,1206.9418857100045,30.32980844853509
726,0.07,True,140.63260424966322,149.49874360512382,0.0603786110726277,0.1,anisotropic,0.0125,0.001,500000,373.0446064472199,21.100428139416007,0.8488940177919887,153.1335603986615,21.33395113711782,0.8776756440324178,145.11692939137723,4.8458727948352855
727,0.07,True,795.4720445480303,846.7851986215136,0.0539748572923232,0.1,anisotropic,0.0125,0.0464158883361277,500000,370.4193367958069,28.872613748532338,0.9642575447997158,819.742891363403,29.64053802036922,0.9779678733144718,686.8868972783855,21.71096725235212
728,0.07,True,202.4256927276968,192.7056236231932,0.0651411308400471,0.1,anisotropic,0.0125,0.0464158883361277,500000,370.3619861602783,23.69581847571189,0.8945932845500867,174.70322751018224,23.439449174607105,0.9134280041758676,185.3266427494189,4.821212388211648
729,0.07,True,164.49228692283882,225.84064912442295,0.0458867199146074,0.1,anisotropic,0.0125,0.001,500000,372.5017688274384,27.56275741914214,0.9544832871166524,46.799738915390215,24.297470339865008,0.9069821837556186,99.25951256776769,6.191452160633956
730,0.07,True,165.10153213306194,177.228228697369,0.0521743886640508,0.1,anisotropic,0.0125,0.0002154434690031,500000,368.00264716148376,29.54342985865655,0.8846144213089413,29.10221881133668,23.619314024550203,0.8390448823837788,113.85121904988708,7.006769473821157
731,0.07,True,814.7601455111508,783.2397240798736,0.0467869084763742,0.1,anisotropic,0.0125,0.0464158883361277,500000,368.1978144645691,35.0990367045482,0.9830924604682534,205.04920714635364,34.87665066082658,0.986853976126371,215.82248996761413,14.941034563756482
732,0.07,True,665.5320234755039,545.1433221831222,0.064269741176148,0.1,anisotropic,0.0125,0.0215443469003188,500000,370.2478933334351,32.45499974114404,0.9836192011532464,251.2399702103152,31.46770913380534,0.9680292996815244,315.3681234951106,16.20113081634795
733,0.07,True,523.5423593443502,804.7113147983468,0.0363063442322136,0.1,anisotropic,0.0125,0.0021544346900318,500000,371.5168817043304,29.871480588770204,0.916931256832477,279.72205359642123,23.659331821752005,0.8858268971679351,1169.3420966296935,21.597983251592574
734,0.07,True,359.471653639379,329.1527588250394,0.0477178541272899,0.1,anisotropic,0.0125,0.0021544346900318,500000,371.7289938926697,22.47508130311177,0.8543592809696842,730.4127813548586,22.6192920380413,0.8693499912890896,706.5571421019388,12.46005763589567
735,0.07,True,877.3233402722951,686.8741944216025,0.0732193400590195,0.1,anisotropic,0.0125,0.0046415888336127,500000,371.4629349708557,25.2756107115144,0.8974768942788592,2247.2168649148853,24.808277453888117,0.8997458945857811,2502.524346131781,25.96438433861505
736,0.07,True,393.05266231521273,465.19518612019823,0.047959663643392,0.1,anisotropic,0.0125,0.0021544346900318,500000,372.09192156791687,28.317465650082863,0.915141999814336,225.07115812020947,24.085724190584244,0.8577377496845433,596.3400694819712,14.69058820560195
737,0.07,True,816.7828400321055,1109.6529230976023,0.043904588312871,0.1,anisotropic,0.0125,0.0021544346900318,500000,368.7653968334198,28.77945432485498,0.9402487388378018,866.9330348814008,25.270097632942942,0.9220763465940922,1945.0072363603813,29.18443642135276
738,0.07,True,439.6957736616482,384.83094786346993,0.0546139209020923,0.1,anisotropic,0.0125,0.0046415888336127,500000,367.768907546997,18.40572743800984,0.7632414695336989,2782.4770066626443,18.52953112957345,0.7492371170615455,2704.2772524507477,15.251793655033152
739,0.07,True,377.5674849954827,440.9779047529289,0.0465839096703704,0.1,anisotropic,0.0125,0.0021544346900318,500000,367.77550745010376,19.94966807331895,0.8151706442481148,1437.8195716757618,19.392144027876693,0.7447935199888523,1634.770512736004,20.76772353160161
740,0.07,True,463.2171058839368,546.5917795587683,0.0609982837659994,0.1,anisotropic,0.0125,0.0021544346900318,500000,367.202285528183,23.017867245005583,0.8772693250832099,1070.6146432852777,21.6171836875432,0.8748633900655431,1478.0922329490488,21.501528944519897
741,0.07,True,302.0764962899779,398.06852122166697,0.0514473330596946,0.1,anisotropic,0.0125,0.0464158883361277,500000,369.22042775154114,22.944350771844302,0.8921006254722921,462.7876069348515,22.228783554464854,0.8717255706572055,545.6805096353943,10.362049199519426
742,0.07,True,747.8617707960749,917.9585231581968,0.0665460902129093,0.1,anisotropic,0.0125,0.0215443469003188,500000,375.38490319252014,29.897374194120545,0.9690228632416592,571.8632490561027,26.71586898210929,0.9427038437629256,1189.7143736657724,28.25823506983696
743,0.07,True,503.2176697023867,581.6078783666082,0.0514159815992118,0.1,anisotropic,0.0125,0.0464158883361277,500000,368.0174560546875,21.148914935287824,0.8976187288738637,1941.111642304589,21.345631897017405,0.9005331938786735,1855.1490924207567,16.68565760657275
744,0.07,True,232.9804824516705,243.06997525197747,0.0481339377429417,0.1,anisotropic,0.0125,0.0021544346900318,500000,371.191380739212,33.332740231434066,0.9582268720498184,23.757790449193863,27.57978197875461,0.9056534174467123,89.35150514254411,6.349313864258999
745,0.07,True,899.6749987012939,617.5363085008986,0.0938231119765088,0.1,anisotropic,0.0125,0.0464158883361277,500000,370.9492428302765,24.713234215889383,0.8858854290628515,2618.88350765384,25.015921327822287,0.9041184930085304,2442.57253531363,14.8794256524762
746,0.07,True,384.5073301518382,303.73204207942314,0.0754455986049062,0.1,anisotropic,0.0125,0.0215443469003188,500000,371.3205392360687,33.5979284190594,0.97655633349735,64.4483475741989,32.46043871785227,0.9812864967614136,83.7453605807594,8.962680778055173
747,0.07,True,544.0093082528746,544.1030484819662,0.0822933165785429,0.1,anisotropic,0.0125,0.0215443469003188,500000,372.1172368526459,32.32585354274058,0.9729625197037614,173.01194491272196,31.912548220104764,0.978082116954566,190.28590519625533,15.525829188362277
748,0.07,True,906.5656388535824,695.5513957196254,0.0609366152893307,0.1,anisotropic,0.0125,0.0004641588833612,500000,368.7867991924286,34.12348087223886,0.9205151861396816,295.1724823366124,31.186248319658677,0.9211574494732198,580.4958548090165,21.753048368545866
749,0.07,True,624.6137579180781,482.52114687200304,0.0710966003946077,0.1,anisotropic,0.0125,0.0464158883361277,500000,366.53528809547424,19.31666392507074,0.7552855517608177,4486.521875254595,19.501480251916743,0.7923953877533871,4299.601016892658,15.212684729202936
750,0.07,True,117.7811426676557,150.00478198675108,0.0347803422048613,0.1,anisotropic,0.0125,0.001,500000,368.50541639328,31.71589219565892,0.8826752333136283,8.22673139563269,26.124137155793107,0.8817058235441734,29.81280378273134,4.097481025274658
751,0.07,True,939.8922914898616,1609.046177766077,0.0318641357506222,0.1,anisotropic,0.0125,0.0215443469003188,500000,367.10813331604,21.41762089145152,0.8751874382622541,6360.551782149777,21.50631097560604,0.8851122540244922,6231.976172946418,43.73046016606646
752,0.07,True,628.0803450183464,854.0604151156555,0.0358185853689533,0.1,anisotropic,0.0125,0.01,500000,366.58716583251953,25.905174001158255,0.9057098970809822,999.0659806585924,24.705328784137,0.8667215463355359,1316.978523185656,22.26646910870785
753,0.07,True,335.57070904242903,241.8323798110488,0.0568397293094609,0.1,anisotropic,0.0125,0.0021544346900318,500000,366.4307770729065,28.975748951356948,0.9197917695078176,141.72346560474278,28.614784760773485,0.943197460165601,154.00619209565355,6.524629598559694
754,0.07,True,140.13280059072386,109.31853604536045,0.0680869872556393,0.1,anisotropic,0.0125,0.0215443469003188,500000,365.67541313171387,33.38889171515159,0.9393329611290516,8.962425306361478,32.238063035753335,0.9711134595719132,11.681763703939218,3.157432177551659
755,0.07,True,794.2311640810257,650.2878242562201,0.078062140507513,0.1,anisotropic,0.0125,0.0215443469003188,500000,364.9742667675018,30.03615381480428,0.9612109870988064,625.2150395939784,29.800995908676555,0.9668830847789928,660.0019323541385,21.082854497362387
756,0.07,True,620.452683172585,738.5182568256174,0.0338224260758656,0.1,anisotropic,0.0125,0.0464158883361277,500000,367.7446882724762,28.667706729540043,0.9660517039090346,522.6540159376334,27.69095917603262,0.9565951357587008,654.4689499677446,15.148400262919411
757,0.07,True,533.9276308843451,906.3125633185384,0.0308525953716952,0.1,anisotropic,0.0125,0.01,500000,370.102566242218,27.90606978069693,0.8945871116537492,446.0243543850052,26.166002095488192,0.9043887373527756,665.8330397525091,19.12961241629065
758,0.07,True,893.9986904679067,794.9114409172611,0.0603956219205266,0.1,anisotropic,0.0125,0.0464158883361277,500000,369.24482560157776,29.26989008782857,0.944074646163697,943.476284209775,29.66051639169052,0.9660058368150266,862.319798757169,18.73821318766096
759,0.07,True,788.8086140133062,765.9982350204829,0.0609030289986423,0.1,anisotropic,0.0125,0.01,500000,365.7410552501679,24.83564712201277,0.8398612260286957,1922.4727213906383,23.44694043972747,0.8246538530195239,2646.859290372985,25.24907272610369
760,0.07,True,152.52320485301843,135.03387372093482,0.0662367614443791,0.1,anisotropic,0.0125,0.01,500000,367.2817327976227,33.11222742478665,0.9410484524201008,11.346841861225682,30.025037236841825,0.9584388495920352,23.099044792443834,4.109098668775434
761,0.07,True,312.41034572775266,305.6012646583455,0.0488472634840061,0.1,anisotropic,0.0125,0.001,500000,366.0966606140137,27.422626202322142,0.8870541743572107,164.44271600520747,25.268665955560824,0.8596087078502258,270.02916025118213,9.028194097295156
762,0.07,True,249.24065067465128,239.0867204513156,0.06257383131048,0.1,anisotropic,0.0125,0.0021544346900318,500000,365.53077244758606,26.44719473349321,0.8970659124267321,139.36411386235716,24.701706488680607,0.8919602579985884,208.3050420312561,7.633137519329234
763,0.07,True,744.2023462801043,751.7848396856544,0.0753559555619281,0.1,anisotropic,0.0125,0.0464158883361277,500000,371.719911813736,20.040885177654708,0.858215352364427,5466.157820752316,20.182669279694387,0.869743216804699,5290.585732823356,18.65481570933325
764,0.07,True,34.4989023010436,36.42530721255456,0.0692498884475933,0.1,anisotropic,0.0125,0.0215443469003188,500000,370.3924248218536,34.31223235139902,0.9780917293431016,0.4407079124089555,32.761367081071434,0.97430689556432,0.6298503497825415,1.0927858932329382
765,0.07,True,570.3197951864452,583.524094417314,0.0599947735927352,0.1,anisotropic,0.0125,0.001,500000,370.1862246990204,34.79516641679241,0.9149705811102136,105.13118755609622,27.344096375192542,0.854700806621469,584.5727602526263,21.821026199780395
766,0.07,True,762.6962270549499,594.1229539312861,0.0622374297794255,0.1,anisotropic,0.0125,0.0004641588833612,500000,368.0130848884583,23.32330859915725,0.821026870928041,2593.8071373498806,23.299112134740557,0.8694514856876786,2608.298714930548,26.58712790995213
767,0.07,True,876.8888711249878,605.0317313901296,0.0803791763443763,0.1,anisotropic,0.0125,0.0021544346900318,500000,367.6311531066895,34.20546379135524,0.9478283193393744,279.9748528715519,33.67388294890367,0.9652228028102124,316.4296051688787,19.26636179776696
768,0.07,True,342.7396669671916,351.4462888343985,0.0659933488988024,0.1,anisotropic,0.0125,0.0021544346900318,500000,367.7172179222107,25.07291079012635,0.9426128633921388,364.20005442215535,24.525764497808108,0.9356764526041867,413.0994679101858,10.987821617987995
769,0.07,True,821.4360473673408,424.05069430784937,0.1023402417210217,0.1,anisotropic,0.0125,0.0215443469003188,500000,366.26685905456543,28.442566108068256,0.9040132380095282,818.1622216798824,28.47380366405764,0.9189952778608806,812.2985287796761,11.130836220632746
770,0.07,True,111.52110521825202,89.38570893129189,0.0735192519892939,0.1,anisotropic,0.0125,0.0464158883361277,500000,365.9170436859131,21.52559641956712,0.8282239001420321,86.05061045381643,21.57159219017306,0.849034505085873,85.1440645813662,2.3662726406829484
771,0.07,True,846.6058394427837,765.4597036219222,0.0497196803568975,0.1,anisotropic,0.0125,0.0215443469003188,500000,366.8789536952973,40.994870823679335,0.9893435764083064,56.94989347734192,39.17643745989568,0.9900274700440048,86.5637879432064,16.139382961819745
772,0.07,True,128.36117366965044,212.17775265782507,0.0386304858772269,0.1,anisotropic,0.0125,0.0215443469003188,500000,367.38450932502747,34.01573868872671,0.9604543934932296,6.534686464810693,26.78035991461835,0.9292654540551352,34.57503531064893,5.841778786211035
773,0.07,True,397.8900032698069,433.2815564364426,0.0578717186726809,0.1,anisotropic,0.0125,0.0021544346900318,500000,366.6911001205444,30.16602630187702,0.9190607583480068,150.4578118105073,28.510234237143493,0.9441293145354376,220.2895764046808,14.577757629498516
774,0.07,True,797.498070413774,914.1120481713916,0.0533589249533222,0.1,anisotropic,0.0125,0.0046415888336127,500000,365.4226233959198,33.30425535500779,0.9261868119629928,296.48702960441983,27.8806221240396,0.9209471084134212,1033.6393211572288,30.68213371313456
775,0.07,True,150.76750992142502,124.4171510934183,0.0744277889389262,0.1,anisotropic,0.0125,0.0215443469003188,500000,365.42842626571655,31.00991448972451,0.929420022314136,13.806404639239808,30.754828637042507,0.94849547736915,14.64162173980174,2.8743403823593
776,0.07,True,230.02214383740883,195.33514845323188,0.0747979252418076,0.1,anisotropic,0.0125,0.0215443469003188,500000,366.6435990333557,29.19550007618647,0.9675342847038032,63.57611334126748,28.357844175927912,0.951682803825618,77.1009207132301,5.884622698513218
777,0.07,True,722.5303158246733,562.0477246933715,0.1112013401970319,0.1,anisotropic,0.0125,0.0215443469003188,500000,370.2900824546814,24.36692796419481,0.8897180482968385,1905.764758281642,23.898140866909063,0.8862939487422227,2122.990258457612,19.777457593895356
778,0.07,True,720.3165000095282,738.6626110858462,0.1091507804848253,0.1,anisotropic,0.0125,0.0464158883361277,500000,366.7355222702026,25.368246218676116,0.9394000029990904,1505.993070240312,25.20541819916104,0.941386482461719,1563.528404461037,17.905963056766794
779,0.07,True,641.506485252412,605.2621061813437,0.0863956275754038,0.1,anisotropic,0.0125,0.0215443469003188,500000,366.87008237838745,37.91818134081754,0.9808131755264908,66.35603803861981,37.65726179548638,0.9900564722478068,70.46482893881466,14.258113804812035
780,0.07,True,694.2544960226329,495.29217230553576,0.058894771250721,0.1,anisotropic,0.0125,0.0002154434690031,500000,367.0898184776306,37.67172074440828,0.9370809233984628,80.69914493592488,32.35792136995463,0.9310139532995404,274.31456691395874,16.82681045249651
781,0.07,True,543.1817189042486,532.7296784121692,0.0697696274339313,0.1,anisotropic,0.0125,0.0215443469003188,500000,369.19346594810486,38.99648646134581,0.984207816226978,37.17250278071615,34.86876312846391,0.9830072409307354,96.15992942222375,14.090790550318282
782,0.07,True,252.5472598480458,164.0619231325232,0.1118741596844361,0.1,anisotropic,0.0125,0.001,500000,372.4790394306183,31.03045971194041,0.95381172001172,49.84712428201173,28.172944151353757,0.9036947273090932,96.24798911157468,5.182926356851458
783,0.07,True,346.35029751041554,332.3637500628108,0.0647917580496468,0.1,anisotropic,0.0125,0.0046415888336127,500000,366.0663423538208,35.37470998671611,0.958341942086644,33.710910874690335,31.30968666009274,0.9618957391035744,85.9553315933301,9.601863318287435
784,0.07,True,182.41611908462423,177.49393562465195,0.0586765373579385,0.1,anisotropic,0.0125,0.0215443469003188,500000,366.20536947250366,33.21638432968216,0.9791183684886628,15.854844135599087,32.065232284248275,0.979591476875868,20.666987723937574,4.374529821083484
785,0.07,True,908.5421107722948,912.9381023647868,0.0379001009704465,0.1,anisotropic,0.0125,0.001,500000,368.45510625839233,28.62911018826184,0.8821468536702367,1034.1785867621734,28.335285791885223,0.9368186111183772,1106.567678530292,29.05228296119026
786,0.07,True,583.8084029713543,554.8562233602435,0.0809471662522047,0.1,anisotropic,0.0125,0.0046415888336127,500000,365.7200918197632,32.32444384423997,0.9656297136784976,198.9564960919404,31.09109531401832,0.9723430363113748,264.2974523260387,15.184773683326704
787,0.07,True,401.45056534687626,629.2110077526485,0.0366617704999122,0.1,anisotropic,0.0125,0.0021544346900318,500000,367.4054236412048,26.80537760467009,0.9034222417244712,327.5078499007167,22.231563496723613,0.8541374274374799,938.8649468175876,20.11197300461436
788,0.07,True,462.5437978404885,457.65618026218107,0.0533653222399206,0.1,anisotropic,0.0125,0.0021544346900318,500000,366.0690360069275,30.53076091461395,0.9655999764944152,184.7266090428824,30.055800880442032,0.9700963101814694,206.0750726125595,11.052455744166531
789,0.07,True,947.3360562722036,907.4261923740796,0.0652838283840994,0.1,anisotropic,0.0125,0.0215443469003188,500000,366.7219398021698,35.60915805036806,0.9672984301477564,246.4463939230019,33.76799308063972,0.9784893805913186,376.564144130297,19.85828492426722
790,0.07,True,154.19805171296412,157.94829702229848,0.0658359298348107,0.1,anisotropic,0.0125,0.001,500000,366.79684114456177,33.67257868038238,0.9202781257028244,9.138316229490082,25.11221633188377,0.8120269450354222,65.59978522629342,6.289727981982568
791,0.07,True,586.6436021847804,606.2754202743846,0.0567353436950282,0.1,anisotropic,0.0125,0.0215443469003188,500000,370.00969791412354,27.825954809937773,0.9454523357172132,567.4859657579938,27.059720734528216,0.9601644109766854,676.9842004760555,16.75367720764412
792,0.07,True,506.3827902055815,465.4201380546713,0.0743923911202174,0.1,anisotropic,0.0125,0.0021544346900318,500000,367.39823293685913,22.21737371257628,0.9091096567381644,1534.0674529020798,22.35258172254329,0.8965083003022233,1487.0434382611097,14.9584843066685
793,0.07,True,611.8427811992132,776.6041330019233,0.0657877776246479,0.1,anisotropic,0.0125,0.0046415888336127,500000,366.5397236347199,27.354362405707224,0.9394296745613226,684.0909243835721,24.5087229612645,0.8911846199754856,1317.2790148122954,22.662369772780053
794,0.07,True,19.092073637019663,13.4131200877636,0.0535827661752012,0.1,anisotropic,0.0125,0.1,500000,366.6960341930389,19.838010464134943,0.8450540189550502,3.763883676341196,20.036427639400813,0.855440443589345,3.5957912847729867,0.3052180660143243
795,0.07,True,872.2517850352074,1028.113847740888,0.0412523024406318,0.1,anisotropic,0.0125,0.0215443469003188,500000,367.2091884613037,35.19542035649684,0.9697246473206044,229.96768472281636,32.592915453809354,0.9761844642811568,418.7138274436685,29.101668209901376
796,0.07,True,932.1861642011288,1028.058799830787,0.0527534912915203,0.1,anisotropic,0.0125,0.0046415888336127,500000,365.7461156845093,27.363921849884957,0.8971952788700425,1411.2920710368494,25.8311001037078,0.901543055410054,2008.62598250008,29.024573729338552
797,0.07,True,565.5680504056197,565.1221668145798,0.0468874837368313,0.1,anisotropic,0.0125,0.01,500000,369.0855665206909,30.282196237497185,0.955980555454068,298.7079838169823,26.894394964366608,0.9373235054364112,651.6688436371938,16.474505505738016
798,0.07,True,696.9541730530153,593.5274068851643,0.0586826732851773,0.1,anisotropic,0.0125,0.0215443469003188,500000,368.6145987510681,30.667901248778104,0.9524459352997834,415.31420753743896,30.75068271894788,0.9745050376662352,407.4728164804002,14.108517033715774
799,0.07,True,922.5768817961184,909.0936991107984,0.0549286339278753,0.1,anisotropic,0.0125,0.2154434690031882,500000,365.2210695743561,31.45236367867117,0.93411174139001,443.66254222040607,31.69818744733121,0.9561521186281332,419.2474082824435,16.99960189963575
800,0.07,True,707.5313956790852,1027.8231062815655,0.0466364300709226,0.1,anisotropic,0.0125,0.001,500000,381.6980962753296,31.948752145352707,0.9045567441582484,297.09147022262323,23.20830444948788,0.8357180225926447,2222.976914329412,38.77082169113661
801,0.07,True,153.3865038713471,121.0255969819488,0.0839041641978486,0.1,anisotropic,0.0125,0.0215443469003188,500000,378.0328521728516,36.35917070782088,0.9895379764107312,5.433482305602829,35.88771105425059,0.9850072759469184,6.056534876631514,3.084211651623365
802,0.07,True,576.7120718066463,561.9825595498759,0.062650366171527,0.1,anisotropic,0.0125,0.0046415888336127,500000,379.1305661201477,29.19834581340776,0.9307740768106616,393.7873524631754,27.71594946396209,0.9458177207548248,553.9893277947702,14.855739831913969
803,0.07,True,607.108331336473,512.022315855591,0.0593209513257408,0.1,anisotropic,0.0125,0.0464158883361277,500000,381.722882270813,31.38533685274467,0.9711333415662832,267.63845249193173,29.82467430752824,0.9729744559121676,383.3670337778625,12.062352245588118
804,0.07,True,424.7065406310836,563.791394716953,0.04250148351915,0.1,anisotropic,0.0125,0.0046415888336127,500000,379.8065195083618,34.19064282972485,0.9808287445342354,67.9609397965308,29.691405654115357,0.957506065314384,191.5063122886268,12.694949831079963
805,0.07,True,736.7077913890981,771.040364921134,0.0512812500607802,0.1,anisotropic,0.0125,0.01,500000,381.809978723526,31.705482988641464,0.9489920979536388,366.0871267090538,26.469596765774405,0.903298380291976,1222.2866818242508,27.47742350615242
806,0.07,True,934.432647754246,754.9321600997225,0.0745745948109711,0.1,anisotropic,0.0125,0.0215443469003188,500000,378.5735321044922,37.05916068496331,0.974260582810141,171.69363381607536,37.8163478460582,0.9816127437586246,144.2233158558088,17.278258560427386
807,0.07,True,925.6429443938696,981.1403400329932,0.0680019074332382,0.1,anisotropic,0.0125,0.0021544346900318,500000,377.902458190918,32.9375801693495,0.9538468572088312,433.3573860289927,27.823730492480408,0.9282065434960594,1406.796148523306,29.969030407398545
808,0.07,True,451.388532032728,457.487161813172,0.0790626105831122,0.1,anisotropic,0.0125,0.0215443469003188,500000,380.2774107456207,33.696554627427524,0.978321190134782,86.90426479765553,32.202398906052004,0.97940954450084,122.5904564154878,11.760557632003987
809,0.07,True,114.1248077949145,173.52182698153518,0.0518418824259426,0.1,anisotropic,0.0125,0.0021544346900318,500000,379.9208188056946,28.260830511951976,0.8643548441626286,19.02592536089207,22.026345075187344,0.8156753144643549,79.9455569349195,6.939333688864116
810,0.07,True,984.8563577633722,1150.583270191877,0.0544673034232413,0.1,anisotropic,0.0125,0.001,500000,381.93005299568176,26.50145170341039,0.9183616901114168,2164.774181385118,24.053150448735877,0.8953828508312243,3804.019416952656,39.4751202210782
811,0.07,True,839.0591883594882,802.4891887685679,0.0632116513319508,0.1,anisotropic,0.0125,0.0215443469003188,500000,379.2621166706085,35.378354781450696,0.9761068765955868,203.93268055414703,34.81272280119918,0.9829457095453,232.3004364707289,20.525110236058293
812,0.07,True,125.53801852206358,143.0293668561891,0.0426806458604682,0.1,anisotropic,0.0125,0.0215443469003188,500000,381.8095469474793,34.785022517677035,0.9823236136870266,5.232364925087635,33.437343106131166,0.9802387150868924,7.136182808391541,3.37299665727186
813,0.07,True,920.9210407347548,1009.570718810948,0.0451424530325388,0.1,anisotropic,0.0125,0.0046415888336127,500000,378.2054581642151,29.76103566978919,0.8730087269968184,879.1962009528312,26.569091721824325,0.9075415611622376,1833.496974300436,38.32140980129016
814,0.07,True,870.0264657000662,675.4214330913002,0.0857688565440812,0.1,anisotropic,0.0125,0.0046415888336127,500000,379.73782777786255,31.90927461887575,0.9483112537635768,461.2721920374736,30.34667372260394,0.9561305299877644,661.0242063752557,21.135183868946942
815,0.07,True,519.319219068946,499.52771648163815,0.057691575284756,0.1,anisotropic,0.0125,0.0215443469003188,500000,383.8474779129028,30.12546463500504,0.9714464748208858,261.881976125431,28.636707930212157,0.9680664530834312,368.9616942455019,11.78933420631642
816,0.07,True,591.6841603091843,539.7268715370828,0.0616100778443948,0.1,anisotropic,0.0125,0.001,500000,388.0952861309052,27.3445326703995,0.9390713762856068,638.139034963287,25.690629066567485,0.9032817760130436,933.9113889524314,15.852591695443946
817,0.07,True,399.6037011662601,474.6799543748814,0.0374845645896713,0.1,anisotropic,0.0125,0.0215443469003188,500000,382.9773728847504,27.040172060521144,0.9518156151244552,315.55413133794826,25.59155111598798,0.9369757477099208,440.489910152531,11.93234873317062
818,0.07,True,55.7068771832093,52.14429370324553,0.0516944496615624,0.1,anisotropic,0.0125,0.0046415888336127,500000,383.6309311389923,32.11752753548931,0.9207301497034356,1.9052266063531924,28.296863772409782,0.9395356519610076,4.592117733841906,1.6079192335015766
819,0.07,True,335.862044404255,246.7024005950496,0.0801311869910713,0.1,anisotropic,0.0125,0.0215443469003188,500000,377.9342970848084,33.5655292233985,0.984184637313463,49.600262493685605,33.162794805250684,0.9816789815259204,54.41985956063464,6.298388226370335
820,0.07,True,803.0505951494134,724.2609615725733,0.0802361521900772,0.1,anisotropic,0.0125,0.0464158883361277,500000,384.52180767059326,36.17478861135229,0.9775171809330836,155.39265886427,35.667899600934724,0.9867167715100064,174.63021907858413,18.990078899583605
821,0.07,True,5.627390981598256,4.751254844408591,0.0755435167503042,0.1,anisotropic,0.0125,0.0215443469003188,500000,382.6306734085083,28.20148175361088,0.8889487591834409,0.0418558364159623,28.430622006940528,0.933441892227011,0.0397047073780064,0.1177370633929389
822,0.07,True,334.16567251945304,347.9678468168648,0.0568669989071771,0.1,anisotropic,0.0125,0.0021544346900318,500000,382.213436126709,32.4577371294045,0.9665069087236876,62.57411213189218,28.346756065135487,0.9437506603775556,161.24743038802154,10.616959352266832
823,0.07,True,398.7705248973524,599.8963636185741,0.0478163333750742,0.1,anisotropic,0.0125,0.0215443469003188,500000,393.1187529563904,25.036263917884423,0.9441640131192076,498.1324316721911,26.718434259099396,0.9551874102750122,338.1643208029396,15.437601305811429
824,0.07,True,537.858207334985,571.0271322990785,0.0461237961571246,0.1,anisotropic,0.0125,0.0215443469003188,500000,384.5497932434082,35.22456527808832,0.9865426512994212,86.83071175049626,33.91684216786013,0.9789324816477828,117.33988870730968,12.609324281574336
825,0.07,True,919.9357607963476,547.496278047303,0.1052132187102028,0.1,anisotropic,0.0125,0.0046415888336127,500000,380.5567080974579,26.37308996168036,0.9146165966630218,1937.57994121686,26.27042680924307,0.9395215674478452,1983.9281744580785,16.579847618224136
826,0.07,True,346.9996483715953,371.12165097081424,0.0584093952179243,0.1,anisotropic,0.0125,0.0046415888336127,500000,381.0975124835968,29.849459883476985,0.946101048589787,124.17710962485825,26.098260550451226,0.9195412923036632,294.5516637750696,11.3449668863097
827,0.07,True,347.60624869433144,748.3703939204601,0.0245706713476848,0.1,anisotropic,0.0125,0.0215443469003188,500000,383.7834565639496,25.233731720314736,0.8985246803970126,356.71832596591,22.36646640571431,0.8418158554922228,690.3223790968202,15.344911469536385
828,0.07,True,737.7637468616387,892.3691115369206,0.058493832890077,0.1,anisotropic,0.0125,0.0021544346900318,500000,379.5442881584168,26.886216842534072,0.9433978540550014,1093.7648982137111,24.796671284033167,0.8990546790545776,1769.6139673108146,22.79731394154734
829,0.07,True,452.76572294891736,501.1699536030783,0.0513039153964455,0.1,anisotropic,0.0125,0.0021544346900318,500000,380.7100462913513,35.35461713472114,0.9347146116377192,48.80984583574588,27.10693662426448,0.8561164416461692,326.0434553012103,14.953296824081084
830,0.07,True,225.380218117042,246.90990354646863,0.0329157933698459,0.1,anisotropic,0.0125,0.01,500000,382.1040136814117,25.150232069719177,0.9273231247179567,154.92790720171195,24.153762380949257,0.9190104396394012,194.88419668246615,7.629798668975316
831,0.07,True,452.9870766165607,674.6427575341992,0.0357903101610841,0.1,anisotropic,0.0125,0.01,500000,383.50790143013,30.05842455774427,0.9316102307977574,202.15726858122545,21.652706774826456,0.7136871862287562,1400.4291412563496,24.007717036847097
832,0.07,True,141.71616335942005,133.9989132753705,0.0568138457819399,0.1,anisotropic,0.0125,0.0046415888336127,500000,382.9109115600586,29.77731197495656,0.9634418729005058,21.07912574527675,28.63748206651996,0.9667922603676208,27.40536467260329,3.969082173564993
833,0.07,True,177.21059951971708,244.5024997921297,0.0504213213252716,0.1,anisotropic,0.0125,0.1,500000,378.786096572876,29.445086765060232,0.911347374796568,31.525462570259133,28.2660672237483,0.9327207570730384,41.358370724595794,5.936439183245266
834,0.07,True,498.86940496674026,535.2619751026343,0.0570971429349056,0.1,anisotropic,0.0125,0.001,500000,375.9475679397583,24.7083839336164,0.8689480153148905,829.4972034197128,24.13665173912413,0.9088352857079132,946.2113335050316,18.138276729425936
835,0.07,True,419.50652405504337,340.1031494672966,0.0731016879606091,0.1,anisotropic,0.0125,0.0464158883361277,500000,378.6087892055512,33.14282717483481,0.9596484836391912,84.41413021294451,32.98512725194168,0.9716370744920992,87.53568653537093,6.7270394090271335
836,0.07,True,914.931055167032,843.6858807806788,0.0557606379072101,0.1,anisotropic,0.0125,0.0001,500000,379.1715800762177,33.435572619475494,0.9220356162756036,370.7664582793176,29.751099234456586,0.9092926189628304,866.0595936845617,27.175237830918075
837,0.07,True,363.0315052175165,321.6278500701809,0.06570935837623,0.1,anisotropic,0.0125,0.0215443469003188,500000,382.0005607604981,24.74773104938044,0.88204338867264,435.9182016962208,24.5307292000131,0.8950130184548734,458.2528643418965,9.1940333302314
838,0.07,True,581.0077619277654,522.9463255181424,0.0565308004942183,0.1,anisotropic,0.0125,0.1,500000,379.6112096309662,24.89448133421286,0.917257085767616,1091.5690015217183,24.84595509302575,0.9213776530226698,1103.834130130067,11.91047795336483
839,0.07,True,632.6320236316109,529.2013834072181,0.0754630093837412,0.1,anisotropic,0.0125,0.0004641588833612,500000,378.455014705658,29.926153876897395,0.8808293352983039,367.5001077997383,25.65057389160987,0.8822838846937159,983.5930906730596,21.89456773820869
840,0.07,True,14.081362131745305,14.714287036858645,0.0399848404962442,0.1,anisotropic,0.0125,0.0215443469003188,500000,379.8827123641968,36.39475554475937,0.9833365851096044,0.0453820112577415,33.7295053235417,0.9803584211745658,0.0838317942262357,0.3229278400048138
841,0.07,True,663.8738346446938,544.7341684231548,0.0694800319395144,0.1,anisotropic,0.0125,0.0021544346900318,500000,379.8616878986359,28.32224915063311,0.9531476525781184,641.5729751312874,26.803689843813416,0.9264248385464724,910.1269878668222,16.74830845523505
842,0.07,True,178.85793090288166,234.41320889970245,0.0392461575705816,0.1,anisotropic,0.0125,0.0001,500000,378.390620470047,32.69402555489382,0.9396282675679954,16.923843603609704,25.434982135533765,0.9073836971890588,90.03333659842278,7.297369666571285
843,0.07,True,961.1092471519856,1055.2849722340077,0.0484674921849801,0.1,anisotropic,0.0125,0.0215443469003188,500000,377.1579954624176,29.91885128288537,0.9676819517049448,940.6447774775202,28.80457661160042,0.9629521947997012,1215.7747396483796,24.96944037703739
844,0.07,True,149.51406502535986,152.18430610789557,0.0479975424134879,0.1,anisotropic,0.0125,0.0046415888336127,500000,379.02626037597656,36.795655903119865,0.948539737851182,4.661667080735946,30.25635173761949,0.9250194940980812,21.0122070264124,4.366974344908588
845,0.07,True,415.2094996032967,344.94033317203497,0.0863495856887059,0.1,anisotropic,0.0125,0.0464158883361277,500000,380.6351490020752,33.3015150874394,0.9544080483693094,80.51752928667061,33.78875377002933,0.976825751561786,71.97249722868592,8.367204943332379
846,0.07,True,86.26431841056521,88.2155459686039,0.0425767239225237,0.1,anisotropic,0.0125,0.0215443469003188,500000,378.5495851039887,32.96877681070316,0.9627847194874156,3.753497904631671,28.872383395263384,0.9513478179018384,9.639966380631018,2.3748740816215133
847,0.07,True,996.8773775941014,695.2778863173633,0.0972477716797984,0.1,anisotropic,0.0125,0.0004641588833612,500000,380.2472507953644,26.812390216489792,0.8713434028339759,1993.451737843377,26.1577241059484,0.9121785722145156,2317.7806709500355,25.114932367721952
848,0.07,True,502.69281532091134,414.0519875302628,0.050065095132504,0.1,anisotropic,0.0125,0.0046415888336127,500000,380.0029740333557,37.328143860228266,0.966790130487279,46.68671566023624,30.74267124955127,0.9234606376550788,212.68682303305425,11.407137215096844
849,0.07,True,595.7896323027237,693.1100481962559,0.0589599468332353,0.1,anisotropic,0.0125,0.01,500000,381.0095736980438,29.73535548884456,0.9445233490168736,369.6288898262912,29.00536597654272,0.9587192530761932,437.2852808675444,17.206599913344963
850,0.07,True,68.00940091103905,76.58224210250285,0.0509879055398824,0.1,anisotropic,0.0125,0.0021544346900318,500000,375.7472116947174,32.48241334313201,0.9445669572404636,2.533787386606112,28.25989211193294,0.940258236274086,6.699189964722525,2.232263882748736
851,0.07,True,750.2105099287786,622.2048279277991,0.0997881024735624,0.1,anisotropic,0.0125,0.01,500000,375.9544348716736,36.14595856350079,0.9506930347302218,136.47737601430552,34.955957544109985,0.9710615874490408,179.49847609894096,19.29516499706409
852,0.07,True,210.6956875024902,342.63821392767414,0.0276746937593765,0.1,anisotropic,0.0125,0.0464158883361277,500000,376.9090948104858,30.733050952521506,0.8892666601413314,16.85919839231988,26.3230667692199,0.9090293654290812,46.540960256264064,8.167406099121045
853,0.07,True,898.156235151273,875.7980960564397,0.0523751870365231,0.1,anisotropic,0.0125,0.0046415888336127,500000,372.0673642158508,28.016457318007223,0.8966205860538066,1250.6236867839991,26.76697526076733,0.922374070782226,1667.534606647435,27.39168317664292
854,0.07,True,205.9345008415252,180.24400955127385,0.0799247019894582,0.1,anisotropic,0.0125,0.01,500000,376.21252703666687,36.72212727621537,0.9780696740647452,9.004475174010354,35.06146833152269,0.983711060839191,13.198491574045692,4.574241514151957
855,0.07,True,191.4970329430029,239.2955401708438,0.0562760015515667,0.1,anisotropic,0.0125,0.0046415888336127,500000,376.8471326828003,24.09440877280033,0.8914382523865816,142.297647695184,22.172721957214947,0.8101482254848849,221.49626252202967,7.870786807091244
856,0.07,True,37.51311818024679,43.98694629061505,0.0471237840122794,0.1,anisotropic,0.0125,0.0215443469003188,500000,377.7361478805542,29.46167848256803,0.9603452111708144,1.58933437604306,27.897051224816213,0.9638245364613766,2.2786519933675127,0.957927895282117
857,0.07,True,472.5948781648892,371.3556531764352,0.0853036764950606,0.1,anisotropic,0.0125,0.0046415888336127,500000,374.6344540119171,31.456409680033342,0.9518181938226272,158.5495689823607,28.770527780640936,0.9195412041024354,294.27492363383607,10.647531210866402
858,0.07,True,565.2762921293538,589.1545106513086,0.0570982563872722,0.1,anisotropic,0.0125,0.0464158883361277,500000,378.80575609207153,34.28502299200172,0.9708221770984936,118.97148605595632,34.93785068367501,0.9830886438831808,102.3670332968021,13.803448348385617
859,0.07,True,66.64293078892402,52.4779137521018,0.0691044083072734,0.1,anisotropic,0.0125,0.0021544346900318,500000,377.7830858230591,26.06629270855948,0.9099715762513428,10.954536339271694,26.413930267579637,0.9576663786037688,10.111841288464284,1.6558154976239154
860,0.07,True,775.7520890783155,707.3611562033466,0.0698385029002842,0.1,anisotropic,0.0125,0.0021544346900318,500000,375.0832238197327,21.44548100102872,0.8731356211730562,4305.485432192795,21.89481160263924,0.9054597024855656,3882.2997499447742,21.288380097820628
861,0.07,True,453.8355459132796,385.7279293417459,0.0799087088405992,0.1,anisotropic,0.0125,0.0046415888336127,500000,376.32238030433655,30.368813375469127,0.9540988753389544,177.3570372414186,27.43885428891567,0.9170311232822812,348.2124813270791,10.807734301241515
862,0.07,True,524.8658790582524,329.7558132564181,0.0842557721344138,0.1,anisotropic,0.0125,0.0021544346900318,500000,374.09620213508606,36.289710135558494,0.9194166829429754,62.63132535846344,34.181140052934694,0.946564405312993,101.77675742737102,11.505124082147562
863,0.07,True,441.3219841912899,392.7453217580512,0.0610454450211196,0.1,anisotropic,0.0125,0.0046415888336127,500000,376.6754777431488,26.20671997980647,0.8899844583236527,458.24122458914655,24.5954587898288,0.8707668987161405,664.0798089131168,12.749948898884591
864,0.07,True,401.3622978144506,337.3430088138158,0.0713953408945593,0.1,anisotropic,0.0125,0.0021544346900318,500000,378.23861479759216,24.033293242485104,0.8727102581909489,622.0094960709321,24.61653170230935,0.9141031515671978,543.8425317685497,11.289729893410028
865,0.07,True,560.0806909769096,649.7272683087035,0.0635614746712984,0.1,anisotropic,0.0125,0.1,500000,376.24813747406006,26.93111052961125,0.9527334605868378,635.3703931146765,26.819721701756816,0.9566157727507868,651.877297722932,14.72223148102255
866,0.07,True,156.0850056847818,143.75395863128202,0.0510491997513936,0.1,anisotropic,0.0125,0.0215443469003188,500000,376.0826530456543,22.006127947197143,0.8656824373025943,153.43182474315577,21.922910951186903,0.8488356161307059,156.40014439260622,4.7757345157354605
867,0.07,True,182.74620236477583,168.82895557915194,0.0718294296049732,0.1,anisotropic,0.0125,0.0215443469003188,500000,376.116774559021,33.9938986725239,0.9847485404906652,13.297479204664077,32.63658374346056,0.9734644888776292,18.17610457514023,4.840138853855329
868,0.07,True,861.9238353925037,816.8372425152386,0.0480254180508138,0.1,anisotropic,0.0125,0.0464158883361277,500000,377.2592730522156,23.057865061806663,0.8570673911058638,3587.748627193345,23.212771348249497,0.8810585405460291,3462.034395418404,19.36314551764896
869,0.07,True,946.169346671499,987.0654905888558,0.0545171609639986,0.1,anisotropic,0.0125,0.0215443469003188,500000,378.1118149757385,33.3094887961332,0.9831164605779926,417.208195211408,30.3797787595743,0.9594410736486016,819.0753089905464,26.331013805649302
870,0.07,True,373.9360069634732,358.0318150661877,0.067859186744593,0.1,anisotropic,0.0125,0.0215443469003188,500000,378.3849537372589,36.1673970341808,0.970583747843208,33.782583294462526,36.061244198582784,0.9827594545558072,34.6184915173081,9.325665203192028
871,0.07,True,271.4739284704102,543.8232499022951,0.0231799047895696,0.1,anisotropic,0.0125,0.01,500000,378.4715008735657,24.11424958795426,0.8626159722534573,284.39638022846924,21.18237339874733,0.8029980286502825,558.6138296359618,13.439282646816794
872,0.07,True,644.3555436957768,768.0772253105769,0.0529987680913747,0.1,anisotropic,0.0125,0.0215443469003188,500000,380.75058102607727,20.68993256189515,0.8756839573607257,3533.8479903171474,20.70040491919101,0.8767413783055314,3525.336913870908,21.541912805048334
873,0.07,True,409.3254369269983,333.3129777364442,0.0808001171249108,0.1,anisotropic,0.0125,0.0021544346900318,500000,379.8031373023987,35.65403269324028,0.9705286815236936,45.4506292594914,31.041259539237053,0.9481762893145028,131.46714017596787,10.365054328325488
874,0.07,True,26.36096930468452,30.02680419663381,0.0500535979825835,0.1,anisotropic,0.0125,0.0001,500000,376.5411262512207,33.09130684738928,0.890136811065461,0.3161542795077293,27.39689999846317,0.8395546929866479,1.173112735946463,0.8213306093856675
875,0.07,True,156.99644476882418,145.76389813541806,0.0502027628109111,0.1,anisotropic,0.0125,0.01,500000,376.3663909435272,18.34682755079368,0.7628713139989044,359.5692770928393,18.2065947546415,0.7522062799444746,371.36917815708944,4.378241962102164
876,0.07,True,716.2562566185501,892.2204401729067,0.0582249962825249,0.1,anisotropic,0.0125,0.0021544346900318,500000,374.8919987678528,25.49956748548842,0.9160452836655744,1437.212232432026,23.11690089721725,0.8970050450280597,2487.640185115543,29.43347289220898
877,0.07,True,659.2650179682412,602.2025716864451,0.0800343042456136,0.1,anisotropic,0.0125,0.0215443469003188,500000,376.9713611602783,34.83648461244337,0.9738218240551678,142.65253785911298,34.5721076217521,0.983822556444968,151.6062834761736,17.360698800084222
878,0.07,True,28.068896510980007,22.20009210039543,0.075655120409775,0.1,anisotropic,0.0125,0.001,500000,376.6541488170624,33.23553472332791,0.9502114378214946,0.3440262103902452,30.76905395761546,0.9547238289257532,0.6070711692979509,0.6780697677117294
879,0.07,True,222.7501897710165,208.6247122127042,0.0697703193290817,0.1,anisotropic,0.0125,0.0215443469003188,500000,376.1597363948822,31.123119806977165,0.9740759613807686,38.29433078359296,31.16409201721412,0.982773306758115,37.93475323637228,4.854799597677755
880,0.07,True,231.8437217914833,426.2637110185769,0.0201125170138219,0.1,anisotropic,0.0125,0.0021544346900318,500000,379.71619844436646,30.84961432232751,0.9365225574475856,42.447602931839285,25.47359943136361,0.8995268919172202,146.37087169377705,9.14243476480138
881,0.07,True,672.2208508551297,454.2017762167807,0.0989000312514305,0.1,anisotropic,0.0125,0.01,500000,378.0617277622223,29.681252218392324,0.9063035341641804,407.6127037849931,29.22149189461804,0.92001921713748,453.1309673898216,12.620423284241635
882,0.07,True,20.69082721660979,15.510957405011329,0.0753750334699007,0.1,anisotropic,0.0125,0.0021544346900318,500000,375.81304121017456,32.04335479498234,0.9522697454185428,0.2439781723553659,28.7973926228807,0.9251068982476424,0.5151659978869965,0.4128937244301255
883,0.07,True,105.00447340258928,133.27531716575004,0.0326759441685444,0.1,anisotropic,0.0125,0.0215443469003188,500000,377.3185036182404,21.56893867994928,0.8291502985147541,76.53081028710857,20.47664434901576,0.792911764393216,98.41600792179588,4.467107396859583
884,0.07,True,800.1161692878162,732.2983703393254,0.0650206613730686,0.1,anisotropic,0.0125,0.0464158883361277,500000,383.08418798446655,21.674132234636005,0.9007082919404997,4346.0558219598215,21.726265053701823,0.9101821601971842,4294.197535142935,21.10915810999405
885,0.07,True,179.36611739227928,125.63939220580112,0.0715489831086779,0.1,anisotropic,0.0125,0.0004641588833612,500000,376.655234336853,23.41750956852865,0.812473788448679,141.10663024931787,22.095001147385425,0.7578201518836182,191.33669268068897,6.0192600236250735
886,0.07,True,653.0933617440228,729.1681872670536,0.0379874550684832,0.1,anisotropic,0.0125,0.01,500000,376.3483204841614,27.46153976878293,0.9095615783473336,762.2167092992687,26.632410816677037,0.9191358160372156,922.5530741269628,18.0004314485979
887,0.07,True,238.9445982656798,285.12730798048744,0.0428167307719021,0.1,anisotropic,0.0125,0.0215443469003188,500000,379.1141662597656,34.484390241387864,0.9701016517305592,20.31669426468726,31.922135152610554,0.966204721918106,36.65038609165662,6.939627601305953
888,0.07,True,100.34195136658582,107.75362034609395,0.0618322743729839,0.1,anisotropic,0.0125,0.0215443469003188,500000,378.75362849235535,28.98577774556761,0.9645677001551732,12.703812396659211,27.1666335849038,0.9334876041988768,19.312944291248154,3.3775143835954125
889,0.07,True,243.92901880845463,137.36841660558937,0.0902589053986297,0.1,anisotropic,0.0125,0.0215443469003188,500000,376.4259617328644,25.013442117484843,0.8716380943461596,184.7705070336285,24.869167173443746,0.8883423975759578,191.0117770400712,4.188243896999399
890,0.07,True,722.5446649238035,784.9356859482065,0.0393598430577905,0.1,anisotropic,0.0125,0.0215443469003188,500000,376.7507438659668,35.0034137534037,0.9834916903883236,164.47268390328043,30.539972529281872,0.967737698405274,459.6612585381753,16.304179928884675
891,0.07,True,855.8407716381795,850.7307258004793,0.047241580207631,0.1,anisotropic,0.0125,0.0215443469003188,500000,378.7599868774414,37.48791347415765,0.982556333681014,130.41685347292588,34.190748514065234,0.9849389849065128,278.6443323654182,17.238392550982006
892,0.07,True,830.3896447024246,1023.915597678177,0.0517412630999084,0.1,anisotropic,0.0125,0.0021544346900318,500000,384.5250639915466,31.17239099988449,0.9550931226768586,520.915882997404,24.58854242736376,0.8742922394005586,2372.206309834708,28.72522257532594
893,0.07,True,397.7863460888364,425.1854454653817,0.0620886567084076,0.1,anisotropic,0.0125,0.0464158883361277,500000,377.3939845561981,23.328098199409236,0.9181611201685868,733.2627287412065,23.568133266301157,0.9265090243054293,693.8348406218882,10.040066504022988
894,0.07,True,668.4170514340756,655.6234426197442,0.0662646083363,0.1,anisotropic,0.0125,0.0215443469003188,500000,376.3160059452057,34.465868354807164,0.9759735887727146,159.63458999433888,33.44463324486093,0.9813242882738082,201.9530944777402,17.797963028375822
895,0.07,True,205.77931112040517,203.845581084164,0.062791307747355,0.1,anisotropic,0.0125,0.0215443469003188,500000,376.51893615722656,32.581968796965405,0.949929440738579,23.345303818172468,31.02134757785805,0.9687809444978528,33.439644530879704,6.980741032325347
896,0.07,True,293.8545825307522,400.1054018734566,0.0399049790136816,0.1,anisotropic,0.0125,0.0046415888336127,500000,379.156973361969,29.16920700281763,0.875205629910502,98.05321889247774,25.209762139293947,0.8684098835790837,244.0092789670729,13.681886887215017
897,0.07,True,896.4394827025986,619.2894209628353,0.0699196886088737,0.1,anisotropic,0.0125,0.0004641588833612,500000,380.11630845069885,35.15083757131563,0.9434735799758408,181.85234378900637,32.4115123788174,0.9553795233243187,341.7050695410653,19.551753033398853
898,0.07,True,13.9889215872253,15.304130129252544,0.0316941141565602,0.1,anisotropic,0.0125,0.0464158883361277,500000,376.25840735435486,35.972535523023026,0.9794397995860626,0.049381537546208,34.94280731252467,0.9839690480375805,0.0625946807961595,0.2935879099387453
899,0.07,True,86.42302232361361,98.67975871466518,0.0446046496008301,0.1,anisotropic,0.0125,0.0215443469003188,500000,380.767094373703,33.04749771151661,0.964961485003159,3.70103609766384,31.88675392927646,0.9724630000485044,4.8350135908059455,2.923000931436869
900,0.07,True,208.6783688908813,189.97974671187373,0.0626781912219369,0.1,anisotropic,0.0125,0.0215443469003188,500000,386.12900710105896,39.76098997279048,0.9922072470551804,4.590437168668,37.37509450063224,0.9870998057279842,7.951399874587788,4.410471066860717
901,0.07,True,27.50567166994589,27.11432488936932,0.0768489750591828,0.1,anisotropic,0.0125,0.01,500000,387.4074935913086,28.70612525581,0.9593170889029368,1.0170295629563555,27.91106679931967,0.9644048177898198,1.2213479922114217,0.7271676393934857
902,0.07,True,182.2539996547075,185.23103965148704,0.0802075825985953,0.1,anisotropic,0.0125,0.0004641588833612,500000,382.4813079833984,32.98919690066394,0.9282306632835942,15.6643349113481,26.326098909982637,0.824780364624582,72.64768156864746,6.148077231001296
903,0.07,True,583.4585194087225,570.9961805912933,0.0591313490429066,0.1,anisotropic,0.0125,0.01,500000,383.1354103088379,36.31820709446093,0.9540092446077169,71.91290762343553,33.573020186007604,0.9623437630450123,135.3086433226685,14.394488230507848
904,0.07,True,422.00312604190543,312.5884736660532,0.0653850057876379,0.1,anisotropic,0.0125,0.0004641588833612,500000,378.9015300273895,37.01589878697387,0.9442607663772536,35.24709350140494,30.366824494345988,0.9190407452528364,162.94113601461945,11.479153229054278
905,0.07,True,892.7790393658979,834.7193055509393,0.0662042181084071,0.1,anisotropic,0.0125,0.001,500000,382.71980261802673,31.08435285516848,0.9518380889427784,618.2295286675819,25.72181785949649,0.8965456611535062,2125.216818277104,28.336610005938372
906,0.07,True,817.6261181767024,808.1918000269283,0.0475788501262336,0.1,anisotropic,0.0125,0.0046415888336127,500000,381.7561752796173,27.39237130817365,0.96360283040991,1216.7644258076832,26.44520023372308,0.932759309054894,1513.2950494302308,21.37665196641893
907,0.07,True,342.4755343461781,349.2974696919922,0.0555104349009045,0.1,anisotropic,0.0125,0.01,500000,383.1881091594696,35.53188728589548,0.9764204140900152,32.71822539774964,31.18644986334845,0.9678507921212492,88.9884171982805,9.180442870874662
908,0.07,True,260.1640099978612,232.9551626074721,0.0608611209292155,0.1,anisotropic,0.0125,0.0215443469003188,500000,382.4221270084381,33.91638086552602,0.9779816833716948,27.457787981344083,32.8543025766642,0.9793148236600122,35.064962285756955,6.226221996644455
909,0.07,True,380.31271575909966,342.87818242403864,0.0531374295527184,0.1,anisotropic,0.0125,0.0046415888336127,500000,382.1233477592468,21.84118657159888,0.8711261961853597,944.4214370555892,21.528925889123578,0.8738430097791662,1014.826746030799,9.7862996140223
910,0.07,True,590.704647572293,628.8506418181389,0.0681860439025206,0.1,anisotropic,0.0125,0.0215443469003188,500000,379.5324900150299,36.38456774187338,0.9855833397695845,80.06186242079079,32.60406540228069,0.972032455516164,191.19473224619725,17.492601295871676
911,0.07,True,268.79557718205336,210.7714846710215,0.0968820848274714,0.1,anisotropic,0.0125,0.0002154434690031,500000,383.2388548851013,30.39239902766261,0.8913278800960315,54.9367011849867,29.95102035485692,0.9380298583372952,60.81356241567759,7.712848684191664
912,0.07,True,624.5247589412849,505.7996591697996,0.0842436896422513,0.1,anisotropic,0.0125,0.0004641588833612,500000,381.96701860427856,35.39627292544453,0.9428002287212862,87.55086767663822,31.546050682665214,0.9401640801849028,212.46269147432253,15.319911981578583
913,0.07,True,410.0022405390492,410.56709451269626,0.0566440147487575,0.1,anisotropic,0.0125,0.0046415888336127,500000,383.6104118824005,31.543978707161507,0.9065275181699298,85.4740613562828,28.639832099962376,0.9199976745944924,166.82033959784525,14.6147654337644
914,0.07,True,552.4951336711282,449.2515655465473,0.0713450264053343,0.1,anisotropic,0.0125,0.0215443469003188,500000,380.6389174461365,33.69472316526211,0.9721603745035382,130.268825449049,31.96770489233249,0.9756677868862604,193.88415789193212,13.000090661302426
915,0.07,True,436.69040260618135,311.1467361396137,0.0889299136417326,0.1,anisotropic,0.0125,0.0215443469003188,500000,381.1065459251404,21.44054572437942,0.8646740652987559,1367.874742205544,21.48135794966298,0.88520621576315,1355.08053791099,8.022076481719035
916,0.07,True,295.17129378237576,183.0722507443996,0.0965776307470637,0.1,anisotropic,0.0125,0.0046415888336127,500000,379.8193778991699,19.276710019385057,0.8035979404097233,1027.2886323913986,19.37827101274592,0.8206706728123726,1003.543917603587,5.389087658090793
917,0.07,True,948.5048536551946,811.823957739787,0.0586911348911014,0.1,anisotropic,0.0125,0.0464158883361277,500000,381.3963451385498,30.80042744629108,0.9740467100176048,747.5432596500592,31.09592726287461,0.9822905672881096,698.3712434424324,20.349923155521253
918,0.07,True,763.842188365601,540.186116198282,0.0834878502845839,0.1,anisotropic,0.0125,0.001,500000,389.3153614997864,27.64326222436551,0.9296095583741564,981.868044876435,26.651883900054315,0.9178307809785208,1233.6471463433943,17.77397639008222
919,0.07,True,140.97306259068608,152.05891800142834,0.0457412210932568,0.1,anisotropic,0.0125,0.0046415888336127,500000,382.4080498218536,31.909811497206498,0.9569753678366778,12.75601282869308,26.400910009218222,0.8695375271090945,45.3529035263058,5.335553421410691
920,0.07,True,868.5995079220149,1078.8910126905523,0.0390979823528272,0.1,anisotropic,0.0125,0.0021544346900318,500000,382.4988942146301,28.6652852413852,0.8398486160416253,988.3052290581644,25.69359514326269,0.8862456788186114,1959.1157812607,40.04878294385383
921,0.07,True,487.9437670512641,364.3305815646089,0.0808394887518763,0.1,anisotropic,0.0125,0.01,500000,378.3884227275848,30.424027689454952,0.9303596750201966,159.92328640103835,28.785483085600426,0.9107146989596712,233.22020151955613,9.275442566492266
922,0.07,True,894.6576746671973,902.7958055674084,0.0288765183416829,0.1,anisotropic,0.0125,0.0215443469003188,500000,386.3916411399841,34.72172744044264,0.9771165789945316,269.7179077776714,33.172020050858464,0.9785983739632657,385.3723231906947,18.222644025466845
923,0.07,True,800.0554006913679,709.8349364339782,0.052495208696074,0.1,anisotropic,0.0125,0.0464158883361277,500000,379.96597719192505,27.510481638323565,0.9375703669829848,1125.2218763985604,26.599165677476915,0.9366479119171468,1387.9370309726144,16.041200573352725
924,0.07,True,425.7882909647642,536.8079173733627,0.0520238716315454,0.1,anisotropic,0.0125,0.0215443469003188,500000,381.9937069416046,29.96401285082619,0.9550193528158922,182.4872180898041,25.89317435897817,0.9195931808772608,465.92530679798045,16.020897730098707
925,0.07,True,23.44683901179728,30.682817987252463,0.0373967217753534,0.1,anisotropic,0.0125,0.0215443469003188,500000,379.2521858215332,30.98645506305085,0.9623426289045356,0.437927619762248,27.936029982862813,0.9622956274479852,0.8839848961867908,0.7345240252127634
926,0.07,True,269.4086820255611,298.62649815845174,0.0579845920716374,0.1,anisotropic,0.0125,0.1,500000,386.8755207061768,25.578972372242728,0.9390063137650908,200.361271705057,25.351007448886417,0.9324243204845998,211.15932830933045,6.1939048440398485
927,0.07,True,542.0925804462061,709.2716979433875,0.0443570196158162,0.1,anisotropic,0.0125,0.0046415888336127,500000,379.8633842468262,26.454278136180804,0.9181438157697313,664.2749973628736,22.661756883160848,0.8824219056027054,1590.7430396688897,23.471323145931947
928,0.07,True,633.8447416063211,650.7231161549237,0.0448396182747367,0.1,anisotropic,0.0125,0.0046415888336127,500000,382.3515207767487,31.352561587344987,0.957169282579449,291.50253760729714,28.894535847757936,0.95533050372532,513.3870549233136,16.113663300951455
929,0.07,True,258.6297977477691,310.4654526472065,0.0699268878742016,0.1,anisotropic,0.0125,0.0215443469003188,500000,379.1565845012665,30.99940154695581,0.9733735416200195,53.13101096709409,30.926733378917177,0.9714486799361098,54.02750304233236,9.819184900490022
930,0.07,True,140.2167179987513,165.00075851786212,0.0486348499110327,0.1,anisotropic,0.0125,0.0046415888336127,500000,385.3375623226166,29.75129875897984,0.9474060218899166,20.719609794724807,26.434980504156425,0.9357828232046972,44.464498427822825,4.529583027030945
931,0.07,True,835.0953065624998,846.0310607006379,0.051572299520365,0.1,anisotropic,0.0125,0.0021544346900318,500000,383.3183350563049,23.756563235756225,0.8705731795964413,2900.508321402373,22.1706550816096,0.8426732811260125,4178.928409613038,28.6932510385176
932,0.07,True,984.4177785228486,943.644038136051,0.0642710768149089,0.1,anisotropic,0.0125,0.0464158883361277,500000,381.71818470954895,28.054381235028067,0.9570520898050848,1511.7595426231817,27.859585374147997,0.9672024086757088,1581.110798418088,20.97850470586313
933,0.07,True,526.1644921203831,204.4659703024369,0.1307740925419361,0.1,anisotropic,0.0125,0.01,500000,384.0011389255524,28.02698174312932,0.9116354629566912,405.2902454360741,27.97661160386179,0.922199552964443,410.0182287231303,5.269394275489049
934,0.07,True,172.50760656245518,206.0669697655649,0.0588073207335731,0.1,anisotropic,0.0125,0.01,500000,383.5278015136719,27.328224459376692,0.8868218830613704,51.05872106946522,25.78373562212485,0.8888017124171942,72.86497429378765,5.498936130559016
935,0.07,True,273.0350191928496,289.923413183593,0.0451865116079665,0.1,anisotropic,0.0125,0.01,500000,387.2032220363617,32.814698676023184,0.9574838661301712,38.72298914944597,35.647935654893615,0.9841478600090536,20.16718009477439,7.171182776814215
936,0.07,True,19.372285870919267,19.021360619628133,0.0630463914060723,0.1,anisotropic,0.0125,0.0215443469003188,500000,379.72766876220703,24.531313150881417,0.8756841986237419,1.2994250768786129,24.297755999369777,0.8970341950257044,1.371219431102644,0.502181515921679
937,0.07,True,914.3845077539384,1111.307237996225,0.0477638833502195,0.1,anisotropic,0.0125,0.01,500000,382.5220379829407,30.417316103037727,0.9531636647375418,746.6666538156719,27.36916869805591,0.9396147421190776,1506.404126370939,28.021174623704848
938,0.07,True,118.633331807251,127.4469547600178,0.053987463127105,0.1,anisotropic,0.0125,0.01,500000,383.0009694099426,27.2348601885825,0.946508539138002,26.590519705909333,28.422622146624093,0.9566872115894256,20.227892167832056,3.5725694561326007
939,0.07,True,576.9399590387393,541.9241012981086,0.0485664111489773,0.1,anisotropic,0.0125,0.0021544346900318,500000,380.56287145614624,33.20917225492963,0.9437329258852784,156.65731972560528,30.254683152757558,0.9445737818514168,309.31401768436564,16.236297433136322
940,0.07,True,274.7811654665188,204.84073862375,0.0860337639439398,0.1,anisotropic,0.0125,0.0046415888336127,500000,381.2657539844513,25.564353273427987,0.886257312012855,207.50189816114627,25.783100783221688,0.9204497328630176,197.30919416670037,6.548175949045399
941,0.07,True,554.6238245132777,405.8058912760829,0.0930363903811862,0.1,anisotropic,0.0125,0.0002154434690031,500000,380.86720633506775,31.43594607585041,0.8688128325481146,175.580750304435,28.68679819286806,0.9022335355940584,330.6676347087392,14.782607905325216
942,0.07,True,651.7689679635124,622.6055761483947,0.0484651113199517,0.1,anisotropic,0.0125,0.0021544346900318,500000,383.44058418273926,24.76072776804592,0.8907560435939174,1378.3727153139782,23.298321322673715,0.86460218360944,1930.22222673672,18.59671590526502
943,0.07,True,829.9120619034944,887.2553856589882,0.0622910043342752,0.1,anisotropic,0.0125,0.0464158883361277,500000,381.0854465961456,28.06080074547168,0.908896632241078,1017.3222145959334,27.076955655461123,0.9267321059675871,1275.977560822261,27.842563068756032
944,0.07,True,207.2148504888426,192.78752456608717,0.0708559499140799,0.1,anisotropic,0.0125,0.0046415888336127,500000,379.229572057724,29.750869387119835,0.9551788020633192,43.07532615226072,26.98625194640525,0.9325210637253832,81.41235516115879,5.624138118283731
945,0.07,True,11.984832829821997,5.892485362280036,0.117118024217338,0.1,anisotropic,0.0125,0.0046415888336127,500000,383.5361173152924,22.871531416897128,0.8720999909379525,0.7346346807321893,22.970031459993717,0.9064126440566316,0.718160347658304,0.1985110360265265
946,0.07,True,137.74874443873847,328.774273467927,0.023039754073685,0.1,anisotropic,0.0125,0.0215443469003188,500000,382.9579348564148,25.397097660394834,0.8815381322518809,54.09650929817681,20.039063155641685,0.7466017805551294,185.7687644603949,7.0609692109439885
947,0.07,True,900.118623206257,729.4692914680851,0.0794513162804711,0.1,anisotropic,0.0125,0.0004641588833612,500000,383.99877095222473,28.855427006592137,0.91527160401503,985.8682477292532,25.596656455387382,0.8672967420406007,2087.8338497270543,24.12219609558545
948,0.07,True,874.0161874849528,679.9830226419364,0.0669532552186587,0.1,anisotropic,0.0125,0.1,500000,380.19575715065,24.109523149425183,0.914752032381686,2951.2076560627816,23.936270670279846,0.9186699165432094,3071.319639062576,15.80913083285706
949,0.07,True,597.815689068138,589.6086206121429,0.0526549282440246,0.1,anisotropic,0.0125,0.001,500000,385.26144433021545,35.12779925575887,0.9584704050217482,109.50506639897309,29.086610616098127,0.9478984704375988,440.1017311005389,17.129487025194067
950,0.07,True,600.9163435732197,487.0977685591555,0.0841908819630124,0.1,anisotropic,0.0125,0.0046415888336127,500000,377.77940487861633,32.19950493863318,0.9594393025448826,215.23243894454052,31.393722925821525,0.9729160777581078,259.1110464560836,13.839055145528704
951,0.07,True,665.3716378717093,668.1278018187035,0.0609507846036279,0.1,anisotropic,0.0125,0.0464158883361277,500000,376.71479296684265,38.107732328929565,0.9807140772620964,68.37153573383789,38.60619772123767,0.9906434833286484,60.95773136861501,14.342767697178669
952,0.07,True,176.19590734482614,181.0825933810307,0.050550864490288,0.1,anisotropic,0.0125,0.0046415888336127,500000,377.3449161052704,31.38206271617793,0.8728235371188939,19.178911553511387,27.71623928919975,0.8958153690731349,44.60733718905696,6.175189123626472
953,0.07,True,914.4975339790348,1009.6270945083946,0.0683237922696332,0.1,anisotropic,0.0125,0.4641588833612777,500000,378.8415036201477,24.948854679313275,0.8868597108165623,2599.765135680588,25.000814261818096,0.8960730033274368,2568.846518080902,19.546343951525373
954,0.07,True,419.35175436718106,822.7791514948726,0.0326306504326069,0.1,anisotropic,0.0125,0.01,500000,376.2317979335785,23.0914224527374,0.8467871466058967,853.4389126334494,23.242691949474388,0.8502979805749296,824.2244454492549,22.399009627962396
955,0.07,True,383.755389721248,303.77392919512374,0.0823136591725532,0.1,anisotropic,0.0125,0.001,500000,377.3386471271515,33.68971186251987,0.95607445508144,62.17658588179608,30.62515931249829,0.9384401639081186,125.91635004468304,8.915036845631994
956,0.07,True,519.3987875775547,507.1405131007236,0.0422900884245629,0.1,anisotropic,0.0125,0.0215443469003188,500000,380.474417924881,38.4983641099415,0.9804056875333296,38.06461551775735,38.34589794349876,0.9878575331799586,39.4246697533558,11.062968726964169
957,0.07,True,47.91900080827999,49.84611717663407,0.061796680698504,0.1,anisotropic,0.0125,0.0215443469003188,500000,373.9717524051666,32.81326889490338,0.975367540587196,1.2013500120433127,33.18685141437169,0.9867925650544443,1.1023291831838449,1.1546545742924617
958,0.07,True,167.11708538732333,130.01122927065512,0.0632191555778694,0.1,anisotropic,0.0125,0.0021544346900318,500000,376.6121399402618,31.75840612261053,0.9487487739289312,17.822869981296733,30.882844934186654,0.9625424931377832,21.803878723536045,3.5429231097967406
959,0.07,True,738.2955828099441,591.0468038204008,0.0635110817470322,0.1,anisotropic,0.0125,0.0046415888336127,500000,379.5627250671387,29.87352716186979,0.9257346536414094,557.6842877445482,30.34031941666065,0.9731087094597184,500.8517358937016,16.031845436591777
960,0.07,True,83.71586925720135,62.74963081518379,0.0551035934656488,0.1,anisotropic,0.0125,0.0046415888336127,500000,382.1388120651245,32.47395860026225,0.9347884895140256,3.037651696445781,31.638890010142116,0.9558511771970396,3.68166979297811,1.9076262734445968
961,0.07,True,603.5489573569218,807.6589572059578,0.0350275535482486,0.1,anisotropic,0.0125,0.0464158883361277,500000,377.8941116333008,23.893194339073844,0.8728453879862719,1456.65312170711,23.625816964756595,0.8797574456990365,1549.1514624175236,16.213800277103413
962,0.07,True,246.10376057163964,269.19734971072774,0.051580620135214,0.1,anisotropic,0.0125,0.0215443469003188,500000,386.4542751312256,33.93482929092602,0.9770437347707916,24.447050722440885,31.386808272671697,0.9771180103425806,43.95705370556204,6.131687349227515
963,0.07,True,389.9063184279346,364.8633843833091,0.0594769281230673,0.1,anisotropic,0.0125,0.0002154434690031,500000,379.7961883544922,28.85494082075198,0.8965099181410522,193.01187135800063,27.581430901299957,0.9177169930340334,258.78256513929324,11.55470924433363
964,0.07,True,289.4050430339292,321.557339750076,0.0375789307472264,0.1,anisotropic,0.0125,0.0215443469003188,500000,378.8136425018311,29.632730168963057,0.9075644141154238,39.66388125710322,28.36091919417661,0.922587688927332,53.15893930317981,8.367612724414306
965,0.07,True,356.3170437484842,250.9420999197036,0.0864495655423327,0.1,anisotropic,0.0125,0.01,500000,379.20560359954834,28.94523609363543,0.9499337830908202,159.49839916395408,28.026133159586585,0.9327168541142412,197.09092235720357,7.703018610754552
966,0.07,True,719.3268592790613,635.3746621311653,0.0760131963155306,0.1,anisotropic,0.0125,0.01,500000,380.1148955821991,35.45852849371294,0.9739694219128416,147.06377340850227,33.26286265935976,0.9754504496846867,243.82166266599447,17.082317236540383
967,0.07,True,297.82459390755184,324.638591698853,0.0543756023366671,0.1,anisotropic,0.0125,0.01,500000,379.55009508132935,23.258018201759697,0.8981960397048205,412.3365885521775,22.83569562567033,0.869112875627873,454.44793160808456,8.70597908690427
968,0.07,True,566.8382356566003,583.3736201853774,0.0636430152511497,0.1,anisotropic,0.0125,0.0215443469003188,500000,377.80816745758057,36.05485789754704,0.9732689453257048,79.65147138880174,35.28957967629954,0.9838916642058738,94.99956681892586,13.220542252401822
969,0.07,True,476.5743517969005,544.8920576748337,0.0480880600023777,0.1,anisotropic,0.0125,0.0046415888336127,500000,378.788051366806,29.306748655234337,0.9542945046756788,265.6013767913101,27.913045791605864,0.9534338545649076,366.1007413350475,15.309775654256216
970,0.07,True,664.0074941972855,697.8672615483691,0.0655288911366678,0.1,anisotropic,0.0125,0.0215443469003188,500000,379.5895321369171,28.88052289310446,0.9529258504068456,570.294982543604,29.004792446195918,0.9612936561554352,554.2077509425399,20.69914913102766
971,0.07,True,936.8929095854332,1085.4527692189165,0.0486309746613288,0.1,anisotropic,0.0125,0.01,500000,379.7243883609772,28.809604410092334,0.9260113708329598,1153.2177373160002,26.197752317729,0.9107057577886366,2104.2460604400017,34.79360826589397
972,0.07,True,732.83952511304,544.0979002437257,0.0650544760862052,0.1,anisotropic,0.0125,0.0464158883361277,500000,378.4219388961792,24.24354192616514,0.932193536931516,2019.2454915521769,24.09571451953145,0.928811311308192,2089.160772105429,10.955102856907503
973,0.07,True,215.725438212166,179.04381199259043,0.0594745483959344,0.1,anisotropic,0.0125,0.001,500000,380.3438231945038,36.0094346427075,0.966349503096258,11.388172062630831,31.321909970632245,0.9185984433735968,33.512473798374884,4.070154593003256
974,0.07,True,32.15195192622339,31.820008193107952,0.0875869661477016,0.1,anisotropic,0.0125,0.0215443469003188,500000,379.4735922813416,36.399652892054576,0.9763335935523572,0.2366560355128731,36.49946947365576,0.9864960254139494,0.2312788540102586,0.7666573800464764
975,0.07,True,263.00178025552526,277.7431300036321,0.0498521092679352,0.1,anisotropic,0.0125,0.0464158883361277,500000,380.5499906539917,27.61843951410837,0.9626053216088296,119.58115291588324,28.189266617030864,0.97443873636635,104.85279844703189,7.19961099548748
976,0.07,True,595.4828527695546,568.5335767719771,0.0672472535772481,0.1,anisotropic,0.0125,0.0046415888336127,500000,377.9436893463135,26.79879860517658,0.9335263841035232,740.1145337534003,25.021637890019413,0.9283742702047996,1114.333031203892,19.401403406083915
977,0.07,True,52.3743876707661,51.65993305341018,0.0777477566679356,0.1,anisotropic,0.0125,0.0215443469003188,500000,379.4284961223602,33.18003330523756,0.9611343175141802,1.3185038425512747,32.46273653602855,0.9765672029984528,1.5552889152256648,1.6693008799281184
978,0.07,True,496.8698809540351,769.5588460727619,0.0441870290134153,0.1,anisotropic,0.0125,0.01,500000,383.0434908866882,32.45386455351756,0.9419612889640266,140.07178561633472,23.6633867784602,0.8245971974107725,1060.225981111594,21.3537342505159
979,0.07,True,597.2460060679723,648.3771170179233,0.0702091643992621,0.1,anisotropic,0.0125,0.0215443469003188,500000,381.4179043769837,31.342766491905497,0.9648263230297566,261.57489481757153,31.343742688564816,0.9762272418622744,261.5161052512846,18.84746195779824
980,0.07,True,334.90964692614386,346.8047820282484,0.0652470503842635,0.1,anisotropic,0.0125,0.001,500000,378.70817160606384,33.23375970472166,0.9290614301742456,50.07700503117867,24.937439528423223,0.8037240537462127,338.27535979907213,13.539130910918251
981,0.07,True,771.1412915420761,954.9482866040591,0.047969350864369,0.1,anisotropic,0.0125,0.0002154434690031,500000,382.36172580718994,28.5299235024482,0.8875875638412029,806.8956423472197,21.595580340386668,0.7218475506231208,3983.3795208624138,38.0779452106191
982,0.07,True,107.49165488063804,120.99828121281573,0.0380504686712656,0.1,anisotropic,0.0125,0.01,500000,382.3404350280762,32.39639226895568,0.932132735944283,6.523360475037248,29.33645394413404,0.929327256923708,13.196695939726034,4.001817705428605
983,0.07,True,76.06264395407295,62.76055375029798,0.05583279848615,0.1,anisotropic,0.0125,0.0215443469003188,500000,377.1813259124756,35.81099130874097,0.9843846915774096,1.5174982797807324,34.30065226275589,0.9855870248517006,2.148632358972103,1.5331194306600082
984,0.07,True,728.4605674473997,784.1115962509194,0.0417883474173211,0.1,anisotropic,0.0125,0.0046415888336127,500000,381.2059018611908,27.879419614091145,0.9588381467077052,859.8946053263386,26.264518174315864,0.9423387394228926,1247.1978925279752,22.09133360006777
985,0.07,True,495.99582488999226,436.61897544187576,0.0609221418685808,0.1,anisotropic,0.0125,0.0464158883361277,500000,377.2905285358429,28.960516411290943,0.9469411528132248,310.7582976845212,28.825193295628463,0.9558756260164576,320.5937454331053,9.150936731364911
986,0.07,True,688.7139940313083,401.88373698643727,0.0774187500911725,0.1,anisotropic,0.0125,0.0215443469003188,500000,379.4205071926117,22.09595550050365,0.8964382138038033,2919.026637513237,22.03452162265309,0.9019844970901638,2960.611664871857,8.938659430375536
987,0.07,True,435.3925112651425,292.0229149248999,0.0798563174661412,0.1,anisotropic,0.0125,0.0215443469003188,500000,379.4210674762726,34.646014640995745,0.968960035849058,64.95731591086191,35.0814382670045,0.9829666830344852,58.76053057871708,7.162710084833725
988,0.07,True,247.1556312058677,176.45166764643017,0.0586865960999826,0.1,anisotropic,0.0125,0.0002154434690031,500000,378.62796664237976,24.14983057874025,0.8361441178260764,224.2880521993655,22.65141915240942,0.8207457174505586,316.69943021004894,5.919658703938112
989,0.07,True,819.2832153565255,671.5588190855198,0.05153675981248,0.1,anisotropic,0.0125,0.0215443469003188,500000,378.135351896286,32.6192945940181,0.9843270333252032,367.07171573494367,31.19999192368098,0.9734763612489687,508.9571135952279,19.445888599731504
990,0.07,True,799.6164630900103,581.2241787893549,0.0563169336324694,0.1,anisotropic,0.0125,0.0021544346900318,500000,383.7349705696106,24.012485890893608,0.9322172230232222,2519.630480932284,24.21623742341163,0.9381673486888784,2404.1507725559795,19.12322393628138
991,0.07,True,695.0017743835723,617.5815814886513,0.1032195480337147,0.1,anisotropic,0.0125,0.0004641588833612,500000,379.8872253894806,32.00247016558302,0.907069283304502,272.03067565405104,25.95896180911887,0.8611385694120182,1093.8775665825435,27.051735789747816
992,0.07,True,272.8729920927327,247.6838077299096,0.0750315403035455,0.1,anisotropic,0.0125,0.001,500000,379.62469935417175,35.640408102713,0.9240915190897576,20.22719016910889,28.59520190901086,0.874223195662983,102.43684098451126,8.29923806417196
993,0.07,True,590.640436202218,531.3881066017234,0.0495189921153517,0.1,anisotropic,0.0125,0.0464158883361277,500000,377.5222780704498,37.5896900131768,0.983208597830452,60.735386008572966,37.88872680811305,0.990195622782065,56.6941327829276,10.624131933729126
994,0.07,True,361.6129230430868,401.0639564445045,0.0461319095257673,0.1,anisotropic,0.0125,0.01,500000,378.5400860309601,30.705109335832372,0.9466663984256284,110.55020598394884,25.59680427485757,0.8893984664353869,358.41820641280367,12.688917280492914
995,0.07,True,92.49049125330752,88.973699567712,0.0626117459045226,0.1,anisotropic,0.0125,0.01,500000,378.8821880817413,27.987410140571903,0.8921531432734682,13.318242960539166,27.33672580057243,0.9215567804054084,15.470892460799153,2.350329050063557
996,0.07,True,917.3962618867804,897.4168146641969,0.080643770214506,0.1,anisotropic,0.0125,0.0046415888336127,500000,378.2657933235169,28.56065506347975,0.9092749053015368,1155.2724859704194,27.310444998328087,0.9267952823941048,1540.65513862109,26.265480297623707
997,0.07,True,137.68181228804244,149.11861568182425,0.0690900187031793,0.1,anisotropic,0.0125,0.01,500000,379.29931926727295,26.795298381876265,0.9581282257138556,39.55547093528617,26.843169278161437,0.9634941803483856,39.12185776891911,3.72730678978769
998,0.07,True,950.2871164669816,871.0091186235254,0.0824701785880954,0.1,anisotropic,0.0125,0.01,500000,378.21592903137207,21.837541349160603,0.9159881938394652,5902.825014923574,22.1503297850842,0.9253760072342015,5492.639116604134,23.6733622238396
999,0.07,True,446.5597671849978,463.7278046019307,0.0614786506497484,0.1,anisotropic,0.0125,0.0215443469003188,500000,376.9112296104431,34.283336880902404,0.9557034463458756,74.17590114312183,32.65604267881994,0.9734242867519648,107.89274719296962,11.876255431222592
