sample_idx,sigma_y_tomo,procedure,scale,alpha_norm,sigma_used,reg_param,reg_fct_type,sampling_param,best_anis_param,ula_samples,time_ula,psnr_map,ssim_map,mse_map,psnr_mean,ssim_mean,mse_mean,post_std_mean
0,0.35,False,1.0,1.0,0.35,0.1,anisotropic,0.0125,0.0046415888336127,500000,400.0750484466553,27.742343416205976,0.8885137959573949,0.0016449425936946,26.825817745533705,0.8906770548332069,0.0020314367895939,0.0328830481887029
1,0.35,False,1.0,1.0,0.35,0.1,anisotropic,0.0125,0.0464158883361277,500000,402.35428953170776,24.918072945786463,0.9009539422624412,0.0032185745139619,24.757781521687946,0.9071472341365954,0.0033395866050187,0.0300318560152762
2,0.35,False,1.0,1.0,0.35,0.1,anisotropic,0.0125,0.001,500000,415.5008301734924,32.34762268478204,0.9129616773872028,0.000542920302136,28.760085478450463,0.8673723247384886,0.0012401945049362,0.0336172216468733
3,0.35,False,1.0,1.0,0.35,0.1,anisotropic,0.0125,0.01,500000,410.9273364543915,32.76851529236845,0.94174793146373,0.0004881076401055,31.18840515168543,0.9541151703091736,0.0007023063894663,0.0317887190748079
4,0.35,False,1.0,1.0,0.35,0.1,anisotropic,0.0125,0.0046415888336127,500000,399.67371940612793,29.20657770989662,0.9315719884016652,0.0011830298639793,28.09678105794013,0.9434162488390778,0.0015274794393708,0.0307031133928161
5,0.35,False,1.0,1.0,0.35,0.1,anisotropic,0.0125,0.0046415888336127,500000,404.5985469818115,31.74343023535364,0.9464976601039844,0.0006190465933511,28.883681984394897,0.9315948322317202,0.0011959090794114,0.03398757894776
6,0.35,False,1.0,1.0,0.35,0.1,anisotropic,0.0125,0.0021544346900318,500000,401.4749674797058,28.831897218007345,0.9271618255841424,0.0010710309181762,24.68411772716262,0.8360492104681824,0.0027834277785311,0.0362023825582375
7,0.35,False,1.0,1.0,0.35,0.1,anisotropic,0.0125,0.01,500000,404.3692510128021,34.43285905029468,0.9620750335095334,0.0003567191017695,32.90157198848761,0.9615399446483804,0.0005075222328108,0.0266958570029633
8,0.35,False,1.0,1.0,0.35,0.1,anisotropic,0.0125,0.0046415888336127,500000,403.79038524627686,30.005084649557496,0.9242605892318478,0.0009903461685417,28.459450626120088,0.941185805711621,0.0014136777676074,0.0352371698404497
9,0.35,False,1.0,1.0,0.35,0.1,anisotropic,0.0125,0.0215443469003188,500000,406.8478496074677,19.90550241087699,0.7710509021131366,0.0100775402006831,19.9651653046878,0.7876486087813142,0.0099400426973195,0.0364617407205194
10,0.35,False,1.0,1.0,0.35,0.1,anisotropic,0.0125,0.01,500000,414.5921628475189,24.25596835791349,0.892108702771408,0.0037091654157989,22.33201342997601,0.8333627008947785,0.0057765920014772,0.0354087175730996
11,0.35,False,1.0,1.0,0.35,0.1,anisotropic,0.0125,0.1,500000,405.20501613616943,32.80742680761145,0.9686443155272024,0.0005231461858187,32.88004736265041,0.980502360099633,0.0005144711286033,0.0284031357293021
12,0.35,False,1.0,1.0,0.35,0.1,anisotropic,0.0125,0.01,500000,395.0986433029175,25.891050668346395,0.9399410044131352,0.0025581669358122,25.52322419743065,0.9461132673747996,0.0027842711573076,0.0291022150653392
13,0.35,False,1.0,1.0,0.35,0.1,anisotropic,0.0125,0.0215443469003188,500000,392.08234190940857,24.35621863989201,0.8973758422831227,0.0036565882964744,24.0146327728826,0.9223430137557308,0.0039558029645545,0.0313290014832316
14,0.35,False,1.0,1.0,0.35,0.1,anisotropic,0.0125,0.0021544346900318,500000,394.3048658370972,32.78831949339826,0.9415881858602084,0.0005255426423973,31.03427997939932,0.9472610458219014,0.0007870673769189,0.0437176128583364
15,0.35,False,1.0,1.0,0.35,0.1,anisotropic,0.0125,0.01,500000,399.4717881679535,35.4238809926271,0.9551658378015286,0.0002863550473092,30.5558970213808,0.9371225801331629,0.0008784220716633,0.0292098049353837
16,0.35,False,1.0,1.0,0.35,0.1,anisotropic,0.0125,0.0464158883361277,500000,400.1397969722748,33.633582377626695,0.979896355851528,0.0004317303513139,32.18321016157384,0.9768811524267086,0.000602906273501,0.0248680308237236
17,0.35,False,1.0,1.0,0.35,0.1,anisotropic,0.0125,0.0464158883361277,500000,396.13673067092896,33.189225295385505,0.9747082962943954,0.0004793127590829,32.45317151530085,0.9806063273522692,0.0005678378895263,0.0296859275664432
18,0.35,False,1.0,1.0,0.35,0.1,anisotropic,0.0125,0.01,500000,402.966187953949,32.761674026402,0.9520812457541882,0.0005109429895753,31.204169875533047,0.9572557629506236,0.0007313459485257,0.0306547697641391
19,0.35,False,1.0,1.0,0.35,0.1,anisotropic,0.0125,0.0046415888336127,500000,399.8082444667816,30.332317905894115,0.9066840542232012,0.000895465334462,29.6908992609239,0.949895530389036,0.0010379839601536,0.0299082450220807
20,0.35,False,1.0,1.0,0.35,0.1,anisotropic,0.0125,0.01,500000,396.38673973083496,31.047594040704173,0.8798178051415486,0.0006722619627529,29.39315681189999,0.918755556031696,0.0009839709164084,0.0376909519797311
21,0.35,False,1.0,1.0,0.35,0.1,anisotropic,0.0125,0.0464158883361277,500000,395.7429692745209,35.90411308646241,0.986378321668547,0.0002565173664647,35.045582699347406,0.98855432756629,0.0003125862074458,0.0255605001633132
22,0.35,False,1.0,1.0,0.35,0.1,anisotropic,0.0125,0.0021544346900318,500000,391.9660942554474,28.5912860665311,0.890785542992631,0.0013568509298696,25.675455195547062,0.8728675883699261,0.002655309955183,0.0400977794377373
23,0.35,False,1.0,1.0,0.35,0.1,anisotropic,0.0125,0.0464158883361277,500000,393.95583033561707,33.28467871048165,0.9604396491814848,0.0004684704136467,33.18309802821908,0.9797128604596804,0.0004795570018396,0.0314419963395972
24,0.35,False,1.0,1.0,0.35,0.1,anisotropic,0.0125,0.001,500000,395.4411280155182,28.83678953012556,0.9049878311810534,0.0013017640989632,26.99071231655366,0.9257532262530124,0.0019913152120864,0.0394860873010002
25,0.35,False,1.0,1.0,0.35,0.1,anisotropic,0.0125,0.01,500000,393.69264340400696,36.62464180207199,0.9496701234427878,0.000216480128418,31.2270812716096,0.9220328405627434,0.0007501948698361,0.0320001302170931
26,0.35,False,1.0,1.0,0.35,0.1,anisotropic,0.0125,0.0215443469003188,500000,394.35357427597046,28.67810667981296,0.8916277507498399,0.0011293434022968,28.748049597180596,0.9250540829530122,0.0011113010566585,0.0294326553923797
27,0.35,False,1.0,1.0,0.35,0.1,anisotropic,0.0125,0.0215443469003188,500000,398.8432068824768,37.67163839979716,0.9838927515940036,0.0001707332566462,37.33564392891244,0.9899148511473366,0.0001844665270713,0.0292848736316979
28,0.35,False,1.0,1.0,0.35,0.1,anisotropic,0.0125,0.0046415888336127,500000,396.9437620639801,28.365362742591167,0.8470144650370481,0.0012712641986062,27.993859154312165,0.9126236682876676,0.0013847971956259,0.0368633145541525
29,0.35,False,1.0,1.0,0.35,0.1,anisotropic,0.0125,0.01,500000,404.0259346961975,34.43873058474484,0.9737191715134584,0.0003594201571802,34.77442165394476,0.9869402668585138,0.0003326850788116,0.0291177641933255
30,0.35,False,1.0,1.0,0.35,0.1,anisotropic,0.0125,0.0464158883361277,500000,399.3091633319855,23.23364465906248,0.908170024779104,0.0047421314655587,23.00989508108841,0.8988757640720807,0.0049928503304442,0.0252343952461164
31,0.35,False,1.0,1.0,0.35,0.1,anisotropic,0.0125,0.0215443469003188,500000,398.6823663711548,18.22193774101237,0.771358589678639,0.0149162265809027,18.462031995275595,0.7733338280059006,0.0141139815813077,0.0319511455000587
32,0.35,False,1.0,1.0,0.35,0.1,anisotropic,0.0125,0.0464158883361277,500000,395.7785153388977,36.00581185955135,0.9772852661110532,0.0002505852761221,35.36303710071535,0.9874100138925956,0.0002905581254893,0.0277725969976253
33,0.35,False,1.0,1.0,0.35,0.1,anisotropic,0.0125,0.0021544346900318,500000,396.5909862518311,27.295333327831067,0.9496064742418722,0.0018623717854566,27.35457275052571,0.9542901009053982,0.0018371407958019,0.0347467539467601
34,0.35,False,1.0,1.0,0.35,0.1,anisotropic,0.0125,0.0464158883361277,500000,399.3689749240875,33.804986012305555,0.9719953693220522,0.0004157731781663,33.70307649066974,0.9831264944307674,0.0004256448875375,0.0286333923012098
35,0.35,False,1.0,1.0,0.35,0.1,anisotropic,0.0125,0.0215443469003188,500000,403.97013807296753,21.33615893651198,0.8362275229079421,0.0073419138336409,21.0562070870689,0.8426174755734583,0.007830769996549,0.036646629368983
36,0.35,False,1.0,1.0,0.35,0.1,anisotropic,0.0125,0.0046415888336127,500000,398.4675800800324,29.48468230565976,0.9523749455598456,0.0011030235592019,26.98632876053956,0.91979863084326,0.0019607406063413,0.0310916520359831
37,0.35,False,1.0,1.0,0.35,0.1,anisotropic,0.0125,0.0215443469003188,500000,404.2652325630188,24.72187628662043,0.930241961668678,0.0033568966466955,24.46786791996785,0.9282309179631636,0.0035590886609552,0.0284884662227017
38,0.35,False,1.0,1.0,0.35,0.1,anisotropic,0.0125,0.0046415888336127,500000,396.70791125297546,30.77572491647898,0.9025208471853416,0.0008273642939481,30.181526421407053,0.9332477756960224,0.0009486731824118,0.0312142832955991
39,0.35,False,1.0,1.0,0.35,0.1,anisotropic,0.0125,0.0004641588833612,500000,397.7867727279663,27.166290770391036,0.903319670279784,0.0019080241737568,26.531667696734598,0.9108427369650516,0.0022082395304769,0.0427315804449205
40,0.35,False,1.0,1.0,0.35,0.1,anisotropic,0.0125,0.0215443469003188,500000,399.37706208229065,24.78221054384548,0.9291839525164364,0.0033197266965856,24.82361619575112,0.9411526063224248,0.003288226808657,0.0308782644566261
41,0.35,False,1.0,1.0,0.35,0.1,anisotropic,0.0125,0.0046415888336127,500000,400.45611548423767,25.86297374130231,0.910952777790581,0.0025775686486531,24.99025924431527,0.9334367318669464,0.0031512415230467,0.0381344536943657
42,0.35,False,1.0,1.0,0.35,0.1,anisotropic,0.0125,0.0215443469003188,500000,396.5261158943176,31.758746468171125,0.9321288863455852,0.0006623462977614,27.008304550326685,0.8618611439077752,0.0019775583419337,0.0365609119708435
43,0.35,False,1.0,1.0,0.35,0.1,anisotropic,0.0125,0.0464158883361277,500000,401.4474513530731,32.45614659924582,0.9511487643793624,0.0005668822742245,31.762618515482576,0.9735690860915625,0.0006650368120971,0.0328298269692538
44,0.35,False,1.0,1.0,0.35,0.1,anisotropic,0.0125,0.01,500000,395.44300532341,25.40527194513573,0.8835894192213379,0.0027874937775962,23.560938441533736,0.848280232099521,0.0042623318268575,0.0388767789638062
45,0.35,False,1.0,1.0,0.35,0.1,anisotropic,0.0125,0.0021544346900318,500000,398.6531150341034,31.410293338672304,0.9604681880191293,0.0007030599449651,28.378801735456413,0.926865507123412,0.0014129978991837,0.0314146607631534
46,0.35,False,1.0,1.0,0.35,0.1,anisotropic,0.0125,0.0004641588833612,500000,395.2182586193085,30.25215196865694,0.8690041344658939,0.0009149211747298,24.900512267147057,0.781605065096417,0.0031372393167881,0.036671767771389
47,0.35,False,1.0,1.0,0.35,0.1,anisotropic,0.0125,0.0046415888336127,500000,395.3612105846405,26.17528014586793,0.914112090354258,0.0023783270544732,24.875816975179195,0.9046897023727084,0.003207878370344,0.0333317957428019
48,0.35,False,1.0,1.0,0.35,0.1,anisotropic,0.0125,0.0021544346900318,500000,396.1145250797272,28.3911419556011,0.9397966983374212,0.0014415398314084,24.140863186683603,0.8677066755784322,0.0038357873612549,0.0399930581979089
49,0.35,False,1.0,1.0,0.35,0.1,anisotropic,0.0125,0.01,500000,395.4668529033661,25.84427570858307,0.9246028119221088,0.002594444534431,24.43221322260844,0.9034388492493152,0.0035912913470527,0.0364854624831123
50,0.35,False,1.0,1.0,0.35,0.1,anisotropic,0.0125,0.0046415888336127,500000,409.3705585002899,30.232166329014788,0.8996206344261741,0.0008468753046126,26.762977615652886,0.8950613139915691,0.0018825145436887,0.0429564254067703
51,0.35,False,1.0,1.0,0.35,0.1,anisotropic,0.0125,0.0464158883361277,500000,407.7809863090515,30.44805954587495,0.9484673901158032,0.0008970415734891,30.36020606766776,0.9706035002147516,0.0009153726216656,0.0269722410274285
52,0.35,False,1.0,1.0,0.35,0.1,anisotropic,0.0125,0.001,500000,405.4366035461426,32.38895214218352,0.934206890569854,0.0004505366703601,27.710211358661372,0.9125826308614357,0.0013231352004125,0.0360074880833228
53,0.35,False,1.0,1.0,0.35,0.1,anisotropic,0.0125,0.0464158883361277,500000,406.40005707740784,28.69144399741757,0.9464610027072072,0.0013500854105667,29.407969547839315,0.9753125177386938,0.0011447448255876,0.0298393690870904
54,0.35,False,1.0,1.0,0.35,0.1,anisotropic,0.0125,0.0215443469003188,500000,406.26229071617126,29.938924100022565,0.9651736586898836,0.0010132206290473,29.175653121520728,0.9729807388745462,0.0012079003893084,0.0304857885916942
55,0.35,False,1.0,1.0,0.35,0.1,anisotropic,0.0125,0.01,500000,405.7085692882538,31.9466021457033,0.9347637536235052,0.0006332372001724,30.0530504725825,0.9491436125655472,0.0009793131526467,0.0342421704427269
56,0.35,False,1.0,1.0,0.35,0.1,anisotropic,0.0125,0.0046415888336127,500000,405.81507086753845,30.357163920575573,0.9139991410396182,0.0009149596155353,27.733772822966465,0.9308436314855634,0.001673944425244,0.0312693204690466
57,0.35,False,1.0,1.0,0.35,0.1,anisotropic,0.0125,0.001,500000,403.4487371444702,31.38788753438103,0.903772222003556,0.0005446281033096,26.699386021223628,0.8915867680968664,0.0016030615550132,0.0387212898746008
58,0.35,False,1.0,1.0,0.35,0.1,anisotropic,0.0125,0.0464158883361277,500000,403.9015316963196,25.47957443662261,0.9436507803349116,0.0028308460077173,25.91527004600401,0.9612675900292657,0.0025606291451265,0.036046769972619
59,0.35,False,1.0,1.0,0.35,0.1,anisotropic,0.0125,0.01,500000,405.2349328994751,29.13918353319843,0.9596115225107458,0.0012186746614908,28.31038566137607,0.9329196025345864,0.0014749169567271,0.0343854073158471
60,0.35,False,1.0,1.0,0.35,0.1,anisotropic,0.0125,0.01,500000,410.4872300624848,32.066705979221695,0.929492081572323,0.0005880578016883,30.91283566988318,0.9514146814768986,0.0007670206335318,0.034283155726878
61,0.35,False,1.0,1.0,0.35,0.1,anisotropic,0.0125,0.0021544346900318,500000,404.2610785961151,25.022386364913377,0.8512931844992007,0.0028883649921088,23.43428821573406,0.8087740697383788,0.0041635318138897,0.0370324709483219
62,0.35,False,1.0,1.0,0.35,0.1,anisotropic,0.0125,0.01,500000,404.8747856616974,26.277474514004137,0.9386665070294962,0.0023529380320694,26.24020549849901,0.9531328442625518,0.0023732166747248,0.0324339710968065
63,0.35,False,1.0,1.0,0.35,0.1,anisotropic,0.0125,0.0464158883361277,500000,409.0203788280487,21.907919701389304,0.8399627683729011,0.006393962410308,22.267391541745383,0.8667347209485541,0.0058860357387983,0.0287789487569749
64,0.35,False,1.0,1.0,0.35,0.1,anisotropic,0.0125,0.0215443469003188,500000,407.4185409545898,19.70777297301355,0.8293710734336075,0.0106882870662606,19.77725061174552,0.8298869481762481,0.010518658263194,0.0362828326761842
65,0.35,False,1.0,1.0,0.35,0.1,anisotropic,0.0125,0.01,500000,409.87421131134033,29.786502761716648,0.9566692916895874,0.0010292931583298,28.24018970081284,0.9464882444520862,0.0014695027127728,0.0304252219948407
66,0.35,False,1.0,1.0,0.35,0.1,anisotropic,0.0125,0.0464158883361277,500000,412.3798429965973,27.89443849739144,0.9597647197483488,0.001622754630081,28.27076824750004,0.9734806130271048,0.0014880580784917,0.028605284108976
67,0.35,False,1.0,1.0,0.35,0.1,anisotropic,0.0125,0.0046415888336127,500000,403.2738282680512,28.04306923547085,0.8863884512798755,0.0014190906248336,26.55972539553577,0.9010311449169262,0.0019968457344091,0.0329809891000317
68,0.35,False,1.0,1.0,0.35,0.1,anisotropic,0.0125,0.0021544346900318,500000,404.1965274810791,30.54895504902123,0.9016402627455884,0.0007541100024949,27.458302774261085,0.9036580278398224,0.0015363845413543,0.0380974680074099
69,0.35,False,1.0,1.0,0.35,0.1,anisotropic,0.0125,0.0004641588833612,500000,408.5930991172791,23.787027118424938,0.8930564263185474,0.0041536547061886,23.99917796302361,0.9094471562802972,0.0039556267603262,0.0424499816988991
70,0.35,False,1.0,1.0,0.35,0.1,anisotropic,0.0125,0.0464158883361277,500000,403.69137048721313,27.933661973956173,0.9680598814598312,0.0016074464998259,28.05832070152861,0.9756894663001772,0.0015619626854763,0.0268006695011791
71,0.35,False,1.0,1.0,0.35,0.1,anisotropic,0.0125,0.0046415888336127,500000,404.5147371292114,21.868280698557676,0.7694143585812631,0.0062539403933243,22.14818898517114,0.8252498508292586,0.0058635807309054,0.0424512753039059
72,0.35,False,1.0,1.0,0.35,0.1,anisotropic,0.0125,0.0215443469003188,500000,406.1613428592682,38.15244759162462,0.978665183441338,0.000152939060633,36.51604929809264,0.9745616976432344,0.0002229247291915,0.0277598319960923
73,0.35,False,1.0,1.0,0.35,0.1,anisotropic,0.0125,0.0215443469003188,500000,412.1455712318421,21.19198362396518,0.8503199982287168,0.0074720082345216,21.58249370518284,0.8755220544158965,0.0068294594967329,0.0297200821743992
74,0.35,False,1.0,1.0,0.35,0.1,anisotropic,0.0125,0.0021544346900318,500000,404.706639289856,22.6916442843693,0.7673475183400658,0.0052457115188259,21.61048928326052,0.7785022939560985,0.0067285255139642,0.0468786688436058
75,0.35,False,1.0,1.0,0.35,0.1,anisotropic,0.0125,0.0215443469003188,500000,399.7021861076355,30.3462108682562,0.943335335619387,0.0009214831129002,30.45689625637176,0.955807467028598,0.0008982947095438,0.0409317383516911
76,0.35,False,1.0,1.0,0.35,0.1,anisotropic,0.0125,0.01,500000,402.6481544971466,24.531333652871268,0.9235163062037856,0.0035132493202113,24.728321488484944,0.950591683295253,0.0033574548980388,0.0276113577903512
77,0.35,False,1.0,1.0,0.35,0.1,anisotropic,0.0125,0.0215443469003188,500000,407.5035719871521,29.13775146116448,0.9551446910743772,0.0012182787711446,27.63432172709709,0.946592914957231,0.0017222240513237,0.0278744999359244
78,0.35,False,1.0,1.0,0.35,0.1,anisotropic,0.0125,0.0215443469003188,500000,406.44920682907104,27.23461017682203,0.9221998928815855,0.0018857376621187,26.100942149621854,0.9248733777893988,0.0024482066746898,0.031956374419432
79,0.35,False,1.0,1.0,0.35,0.1,anisotropic,0.0125,0.01,500000,409.8315398693085,27.93894169742249,0.8869228599131362,0.0014946546061953,26.962692140080044,0.9131063053338424,0.0018713964470071,0.0353596998474144
80,0.35,False,1.0,1.0,0.35,0.1,anisotropic,0.0125,0.0021544346900318,500000,405.868750333786,24.3102816118763,0.8224714294168826,0.0035327780411055,22.09640405394662,0.769428102417199,0.0058817167770495,0.0389069131487145
81,0.35,False,1.0,1.0,0.35,0.1,anisotropic,0.0125,0.01,500000,406.08394622802734,27.12028080956152,0.9129554240734958,0.0019262844074595,27.047464467434708,0.9400860469469062,0.0019588538901565,0.0307250150226688
82,0.35,False,1.0,1.0,0.35,0.1,anisotropic,0.0125,0.0464158883361277,500000,405.46289443969727,36.52203597422304,0.9842180728907254,0.0002223030439526,36.014654736327486,0.9871565205427848,0.0002498524044592,0.0263798814491424
83,0.35,False,1.0,1.0,0.35,0.1,anisotropic,0.0125,0.0215443469003188,500000,404.60148429870605,34.118706100961454,0.946179133797826,0.0003835263122667,30.6431323262606,0.939811648582887,0.0008537929060763,0.0327024847644409
84,0.35,False,1.0,1.0,0.35,0.1,anisotropic,0.0125,0.01,500000,406.546130657196,31.230397200564497,0.945414895530038,0.0007518522213622,30.414999122194597,0.9676657636931488,0.0009071357757158,0.0285575427307273
85,0.35,False,1.0,1.0,0.35,0.1,anisotropic,0.0125,0.0215443469003188,500000,400.2685322761536,22.639020880963628,0.8717547111005369,0.0054104996897,21.316683686827638,0.7787520221878768,0.0073361988731228,0.0328251788894638
86,0.35,False,1.0,1.0,0.35,0.1,anisotropic,0.0125,0.0046415888336127,500000,402.8438699245453,26.503320284519987,0.8710891714599402,0.002136307865754,25.73526558083748,0.9105324489127524,0.0025495839111278,0.0375765268879767
87,0.35,False,1.0,1.0,0.35,0.1,anisotropic,0.0125,0.0046415888336127,500000,406.3271851539612,27.17519582027812,0.844182500926218,0.0018375084733842,25.073228854711594,0.8749683811300187,0.0029814398159492,0.0377376933469289
88,0.35,False,1.0,1.0,0.35,0.1,anisotropic,0.0125,0.0215443469003188,500000,403.6831786632538,36.35087971933982,0.9756714712228391,0.0002314642258453,36.448961477838935,0.987884943510598,0.0002262953874778,0.0274368570510292
89,0.35,False,1.0,1.0,0.35,0.1,anisotropic,0.0125,0.01,500000,404.50895071029663,28.1162137393259,0.9440948031485964,0.0015276882717522,26.59550297189452,0.9333630052456212,0.0021682323572381,0.0286641977634126
90,0.35,False,1.0,1.0,0.35,0.1,anisotropic,0.0125,0.0021544346900318,500000,404.9913878440857,33.048239156283785,0.9408981263287964,0.000487718671986,30.065961672540364,0.9443037772470616,0.0009691636814297,0.0355218394968222
91,0.35,False,1.0,1.0,0.35,0.1,anisotropic,0.0125,0.0215443469003188,500000,404.2183139324188,33.2777311348291,0.9577363828962064,0.0004694865610482,32.57377987594998,0.9719204346787894,0.0005521006914903,0.0271575744358498
92,0.35,False,1.0,1.0,0.35,0.1,anisotropic,0.0125,0.0464158883361277,500000,402.6908085346222,32.25335040236968,0.974333703177408,0.0005948338517235,31.239922633455457,0.9806215616907492,0.0007511703771688,0.0267582737954597
93,0.35,False,1.0,1.0,0.35,0.1,anisotropic,0.0125,0.0464158883361277,500000,402.9506452083588,33.64875448536366,0.963992217671511,0.0004314037078318,33.800935797638346,0.9817779715393524,0.0004165486604903,0.029924575924814
94,0.35,False,1.0,1.0,0.35,0.1,anisotropic,0.0125,0.01,500000,401.4442481994629,26.40671310452756,0.8470803891690524,0.0022223220991095,24.49692461711114,0.8219554989941004,0.0034497359434951,0.0382064626214439
95,0.35,False,1.0,1.0,0.35,0.1,anisotropic,0.0125,0.0215443469003188,500000,402.2091398239136,34.164281844146494,0.9636762732920788,0.0003825424595852,33.78569171166406,0.9796740762181771,0.0004173867508721,0.0259854251470545
96,0.35,False,1.0,1.0,0.35,0.1,anisotropic,0.0125,0.0215443469003188,500000,402.9598515033722,31.59351714129809,0.9542822431875876,0.0006922662495508,28.457059623655077,0.902644694909872,0.0014253414354094,0.0301573440580359
97,0.35,False,1.0,1.0,0.35,0.1,anisotropic,0.0125,0.0464158883361277,500000,406.4006063938141,37.01602203834768,0.9884957983837076,0.0001985504667107,36.2068054065914,0.9896856355540988,0.0002392172951254,0.0248125219886737
98,0.35,False,1.0,1.0,0.35,0.1,anisotropic,0.0125,0.0215443469003188,500000,402.9216136932373,22.45181055961489,0.8186866818231047,0.0056105843001804,21.82005119430582,0.8230545161678449,0.0064890934519664,0.034940316264547
99,0.35,False,1.0,1.0,0.35,0.1,anisotropic,0.0125,0.0464158883361277,500000,406.9869556427002,29.71717834102468,0.954269613260792,0.0010666883432953,29.894207711701,0.9751280941949444,0.001024081715551,0.0361389887174363
100,0.35,False,1.0,1.0,0.35,0.1,anisotropic,0.0125,0.1,500000,386.1543879508972,32.47626435973693,0.9667477944905256,0.00056509051091,31.969712675483308,0.9770648087590909,0.0006349992071547,0.0255548350165586
101,0.35,False,1.0,1.0,0.35,0.1,anisotropic,0.0125,0.0021544346900318,500000,389.5301580429077,31.37347918078556,0.875601228942495,0.0003297360554334,27.5789355019316,0.8663219581053391,0.0007899885671299,0.0276485513418125
102,0.35,False,1.0,1.0,0.35,0.1,anisotropic,0.0125,0.0464158883361277,500000,387.7874255180359,25.374825731348352,0.8780451615466733,0.0024559762688779,24.637359503981443,0.8635537836538374,0.0029105213461851,0.0288886479519673
103,0.35,False,1.0,1.0,0.35,0.1,anisotropic,0.0125,0.0215443469003188,500000,387.82590532302856,26.89052235054428,0.9392073731430068,0.0020458116585919,25.255133359347383,0.9090639947899196,0.0029812922309016,0.0318619652255472
104,0.35,False,1.0,1.0,0.35,0.1,anisotropic,0.0125,0.0046415888336127,500000,387.4147295951843,24.86349262335597,0.8510958795269018,0.003102196456863,23.81303921031403,0.8543728116575314,0.0039510692245651,0.0376246434993565
105,0.35,False,1.0,1.0,0.35,0.1,anisotropic,0.0125,0.0215443469003188,500000,389.6297924518585,22.409890813374204,0.909270514788752,0.0057204646353251,22.40064070017059,0.9104099585700602,0.0057326617365823,0.0281672182587669
106,0.35,False,1.0,1.0,0.35,0.1,anisotropic,0.0125,0.0215443469003188,500000,386.35993099212646,25.663526828475117,0.94660388636292,0.0027095258752127,25.559910988598254,0.944957505675032,0.0027749482395754,0.0269248559020145
107,0.35,False,1.0,1.0,0.35,0.1,anisotropic,0.0125,0.0004641588833612,500000,390.2079463005066,32.00266319919756,0.9538880935534572,0.0006305350484419,29.09914005761547,0.9423678019797608,0.0012304431308721,0.0329978005219576
108,0.35,False,1.0,1.0,0.35,0.1,anisotropic,0.0125,0.0464158883361277,500000,388.7518174648285,25.382126640252608,0.9206975706125228,0.0028929638996558,24.722234431293284,0.9060989459013256,0.0033676909912654,0.0349470710379151
109,0.35,False,1.0,1.0,0.35,0.1,anisotropic,0.0125,0.01,500000,388.2165951728821,24.8076260251996,0.9240733137244924,0.0033021058589147,24.58858575952715,0.93141455186034,0.0034729219115207,0.0316542457643456
110,0.35,False,1.0,1.0,0.35,0.1,anisotropic,0.0125,0.01,500000,386.72487449646,33.676259325979245,0.9605593457771872,0.0004282804744758,31.46933505984663,0.9662854593514324,0.0007119028011182,0.0380315653903291
111,0.35,False,1.0,1.0,0.35,0.1,anisotropic,0.0125,0.0046415888336127,500000,387.1313791275024,32.13430775738922,0.9483389533907752,0.0004818152782015,27.11231767590627,0.874621449112692,0.0015313680270742,0.0316453434036379
112,0.35,False,1.0,1.0,0.35,0.1,anisotropic,0.0125,0.0046415888336127,500000,388.2007577419281,21.9223436662274,0.7900006917385953,0.0063530884822777,21.068222293680165,0.792389225912866,0.0077338730910724,0.044383702736167
113,0.35,False,1.0,1.0,0.35,0.1,anisotropic,0.0125,0.0464158883361277,500000,392.3889775276184,34.95193823632257,0.9763218341613864,0.000319684291564,34.45423681551057,0.984124048033101,0.0003585018810992,0.0286153247034436
114,0.35,False,1.0,1.0,0.35,0.1,anisotropic,0.0125,0.0021544346900318,500000,390.0905890464783,24.523313685912814,0.8077981119219358,0.0034689674644467,24.64193723347647,0.8574829340489628,0.0033754981308884,0.0484407950815075
115,0.35,False,1.0,1.0,0.35,0.1,anisotropic,0.0125,0.0215443469003188,500000,389.5578322410584,21.903752791550268,0.8471517299799071,0.006435142974402,21.85970723149574,0.8688893667926035,0.0065007393984834,0.0413619239135928
116,0.35,False,1.0,1.0,0.35,0.1,anisotropic,0.0125,0.0046415888336127,500000,388.04117369651794,28.292445192588342,0.894128803123225,0.0014759909789679,27.42111523373593,0.9223183955405904,0.0018039176134576,0.0367000440867237
117,0.35,False,1.0,1.0,0.35,0.1,anisotropic,0.0125,0.0215443469003188,500000,386.48996591567993,35.261362744691326,0.9741677833799658,0.0002977157202403,35.482606213686275,0.9853031049050504,0.0002829289711792,0.0279237060019587
118,0.35,False,1.0,1.0,0.35,0.1,anisotropic,0.0125,0.01,500000,386.9354164600372,30.29735832256124,0.9603830728177318,0.0009252212680174,29.04336418730865,0.9689925146334024,0.0012349376202008,0.0298274794602184
119,0.35,False,1.0,1.0,0.35,0.1,anisotropic,0.0125,0.0021544346900318,500000,392.2936210632324,30.345182713452964,0.946297188279962,0.0009168824138267,27.2238294556062,0.9250756781943512,0.001881260637538,0.0330601188410819
120,0.35,False,1.0,1.0,0.35,0.1,anisotropic,0.0125,0.01,500000,387.634471654892,32.5591893980086,0.9554657963112034,0.0005522366336067,30.271534940022555,0.9550999466725196,0.000935170199035,0.0386674809723925
121,0.35,False,1.0,1.0,0.35,0.1,anisotropic,0.0125,0.0046415888336127,500000,388.4075925350189,29.95090838968771,0.9196838119084078,0.0009820048387456,28.456281721955904,0.9373408023623062,0.0013854035447782,0.0332779116355154
122,0.35,False,1.0,1.0,0.35,0.1,anisotropic,0.0125,0.0215443469003188,500000,396.8884298801422,33.18952314001094,0.9415973286030286,0.0004395829950408,32.286423371509464,0.9632363452400604,0.0005411913674568,0.028837964873386
123,0.35,False,1.0,1.0,0.35,0.1,anisotropic,0.0125,0.0464158883361277,500000,391.0586223602295,21.50542771426692,0.8843512244771966,0.0070616705646098,21.85616232545613,0.910228984387078,0.0065137935864031,0.0287277591711806
124,0.35,False,1.0,1.0,0.35,0.1,anisotropic,0.0125,0.1,500000,389.3444015979767,25.339486498119843,0.9358007213065404,0.0029221709592614,25.046300601408827,0.929672223356542,0.0031262536375507,0.0280911775867628
125,0.35,False,1.0,1.0,0.35,0.1,anisotropic,0.0125,0.0046415888336127,500000,390.0808391571045,25.01593968787762,0.9049817398459494,0.003134273957374,23.57582426892857,0.877049717246856,0.0043666511334406,0.0385871190571531
126,0.35,False,1.0,1.0,0.35,0.1,anisotropic,0.0125,0.1,500000,388.5920491218567,28.834613622414796,0.9099427718913512,0.0012296590467969,29.01002732931846,0.9309053522489122,0.0011809821639101,0.0257419874692877
127,0.35,False,1.0,1.0,0.35,0.1,anisotropic,0.0125,0.0021544346900318,500000,391.1136677265167,26.155763266466245,0.9225651342317857,0.0023956294171107,24.635030738469304,0.9090523006094444,0.0034001093943543,0.0352170281578414
128,0.35,False,1.0,1.0,0.35,0.1,anisotropic,0.0125,0.0046415888336127,500000,388.6974887847901,33.44683600450931,0.9448277083880776,0.0004488143479129,28.89409473535158,0.933994581779748,0.0012803858298491,0.0307983632460579
129,0.35,False,1.0,1.0,0.35,0.1,anisotropic,0.0125,0.0021544346900318,500000,389.3123066425324,27.351640944408157,0.8453611093455097,0.0016771119015413,26.189530688332532,0.8856825015853566,0.0021916594202413,0.0376685602006217
130,0.35,False,1.0,1.0,0.35,0.1,anisotropic,0.0125,0.001,500000,389.3897337913513,30.55101713339824,0.9483258917999656,0.0008633670115852,25.46495495762487,0.8837733566126031,0.0027848491051545,0.0378446018640098
131,0.35,False,1.0,1.0,0.35,0.1,anisotropic,0.0125,0.0046415888336127,500000,391.360267162323,29.90189005834358,0.9447507321513392,0.0009185195847463,25.24798960385116,0.8549408537398652,0.0026821216158971,0.0357508382609837
132,0.35,False,1.0,1.0,0.35,0.1,anisotropic,0.0125,0.0215443469003188,500000,383.9622116088867,25.236621223863864,0.9299431314729166,0.0029878327981495,25.540231923028458,0.9484278196420084,0.0027860905062653,0.0303671139235444
133,0.35,False,1.0,1.0,0.35,0.1,anisotropic,0.0125,0.0215443469003188,500000,385.8946361541748,22.740718380528527,0.8486581756188717,0.005284306293034,22.12336241988384,0.8469608479836637,0.0060914906038899,0.0377448227818027
134,0.35,False,1.0,1.0,0.35,0.1,anisotropic,0.0125,0.0021544346900318,500000,385.8701555728912,25.20583238069865,0.8826376179065553,0.0029422309695684,25.070994795369757,0.9063603989156718,0.0030350127581127,0.0389634305024415
135,0.35,False,1.0,1.0,0.35,0.1,anisotropic,0.0125,0.0021544346900318,500000,387.0608081817627,31.60322961973187,0.9259106989197956,0.000613234537799,24.37370516810268,0.7780422248629685,0.0032402539730575,0.0365510349665045
136,0.35,False,1.0,1.0,0.35,0.1,anisotropic,0.0125,0.01,500000,387.1126425266266,28.79761194238824,0.8684209731061509,0.0012925034415638,28.286751109062237,0.932714442011104,0.0014538439432058,0.0348631752695882
137,0.35,False,1.0,1.0,0.35,0.1,anisotropic,0.0125,0.0464158883361277,500000,387.2957081794739,31.8169767142385,0.9703943134691936,0.0006574430738216,30.97298588882324,0.9779098180681354,0.0007984674875243,0.028991844924049
138,0.35,False,1.0,1.0,0.35,0.1,anisotropic,0.0125,0.1,500000,388.6458191871643,33.03891216060797,0.9731298079427648,0.0004965413782884,32.66967300078534,0.9820498495071496,0.0005406041327095,0.0262194809905768
139,0.35,False,1.0,1.0,0.35,0.1,anisotropic,0.0125,0.1,500000,388.4743418693543,31.183894230655525,0.9627240760445728,0.0007612179092879,31.087417884221423,0.9773335995929426,0.0007783172073104,0.0286126624015101
140,0.35,False,1.0,1.0,0.35,0.1,anisotropic,0.0125,0.0046415888336127,500000,387.8163516521454,31.368906539018457,0.9306239964652272,0.0006603966442821,26.26633456790549,0.8756003747313605,0.0021382675976395,0.0389729005022667
141,0.35,False,1.0,1.0,0.35,0.1,anisotropic,0.0125,0.0215443469003188,500000,388.2220118045807,34.85651421456524,0.9603268505380992,0.0003254979318074,33.84547840715488,0.9759962943352974,0.0004108202231722,0.0262802549078474
142,0.35,False,1.0,1.0,0.35,0.1,anisotropic,0.0125,0.0215443469003188,500000,387.4901974201202,22.947873903755934,0.8978762992633793,0.0050604036163798,23.62315105434304,0.9231777508162984,0.0043316907365824,0.0300542175463271
143,0.35,False,1.0,1.0,0.35,0.1,anisotropic,0.0125,0.0215443469003188,500000,395.2103853225708,22.720004558315004,0.888658001801441,0.0053342033539104,22.593334984591063,0.8978247998735591,0.0054920758364725,0.0297039913606006
144,0.35,False,1.0,1.0,0.35,0.1,anisotropic,0.0125,0.1,500000,387.53080582618713,29.71548399463916,0.9792107185532928,0.0010664613271321,29.65653306939457,0.9800203395964944,0.0010810361171418,0.0253905188056432
145,0.35,False,1.0,1.0,0.35,0.1,anisotropic,0.0125,0.01,500000,388.377010345459,19.66712015204788,0.8133486220051145,0.0107639354159588,19.640451077342817,0.8302426444853374,0.0108302377559381,0.0321670713491755
146,0.35,False,1.0,1.0,0.35,0.1,anisotropic,0.0125,0.01,500000,388.7758705615997,21.07230477700501,0.8561051209599165,0.0077946789709604,20.78797182003855,0.8501971419797099,0.0083220731502649,0.0327900714512883
147,0.35,False,1.0,1.0,0.35,0.1,anisotropic,0.0125,0.0215443469003188,500000,387.5031781196594,23.253507606291176,0.9299129874800528,0.0047156537540782,23.08742055537158,0.9186980441144134,0.0048994870567045,0.0319592568680928
148,0.35,False,1.0,1.0,0.35,0.1,anisotropic,0.0125,0.0215443469003188,500000,390.75191736221313,26.111512705688668,0.866135333787343,0.0020887861622847,25.442719101249715,0.8625126712031347,0.0024365388594306,0.0287199507270633
149,0.35,False,1.0,1.0,0.35,0.1,anisotropic,0.0125,0.01,500000,391.8018970489502,27.985942902175488,0.8883679156856363,0.0014345901228725,27.497231349534367,0.9137037628157716,0.001605458159277,0.029965849259812
150,0.35,False,1.0,1.0,0.35,0.1,anisotropic,0.0125,0.0215443469003188,500000,372.5041916370392,27.626102070450195,0.9399392476134713,0.0017246944103847,26.949270420056564,0.9389391567955998,0.0020155580969815,0.0307776614721452
151,0.35,False,1.0,1.0,0.35,0.1,anisotropic,0.0125,0.01,500000,372.3909792900085,27.272588507873905,0.8997435538863179,0.001682680400821,26.73225261575245,0.919428312827314,0.0019056152755329,0.0291405910920605
152,0.35,False,1.0,1.0,0.35,0.1,anisotropic,0.0125,0.1,500000,373.4736707210541,28.89522180470965,0.9593440441222592,0.001288941645656,29.17855756313073,0.9733833073509915,0.0012075348682771,0.030328695900519
153,0.35,False,1.0,1.0,0.35,0.1,anisotropic,0.0125,0.0464158883361277,500000,372.5672929286957,28.85645946082811,0.9529694532448642,0.0013002558758422,28.286167240590995,0.965132504478286,0.0014827162491843,0.0296788675038666
154,0.35,False,1.0,1.0,0.35,0.1,anisotropic,0.0125,0.0464158883361277,500000,377.68436551094055,32.429815565386534,0.9776237353718084,0.0005707771872559,31.102553241820694,0.969672615844356,0.0007748057576219,0.024042563031867
155,0.35,False,1.0,1.0,0.35,0.1,anisotropic,0.0125,0.01,500000,372.8840420246124,20.809053352355026,0.8801369891831398,0.0082814799896646,20.92073453178424,0.8921042621466756,0.0080712321487312,0.0334039018647674
156,0.35,False,1.0,1.0,0.35,0.1,anisotropic,0.0125,0.1,500000,371.3292427062988,32.93134019697364,0.9845795265083994,0.0005078581554714,32.07581184119162,0.9831026854998188,0.0006184367177665,0.0249086529566559
157,0.35,False,1.0,1.0,0.35,0.1,anisotropic,0.0125,0.01,500000,376.28953289985657,20.44184670277488,0.8262685874598905,0.0090011252461184,20.365778900193465,0.838044879491723,0.0091601710830045,0.0321803120052913
158,0.35,False,1.0,1.0,0.35,0.1,anisotropic,0.0125,0.0004641588833612,500000,371.32303762435913,25.84766281621745,0.9038644227156548,0.0024280090368071,23.490775515370057,0.8412197621130452,0.0041777171107205,0.0345378627568546
159,0.35,False,1.0,1.0,0.35,0.1,anisotropic,0.0125,0.0046415888336127,500000,374.08947014808655,25.601697298050983,0.8937127778793768,0.0027357627765432,25.384005660050125,0.9232063491504502,0.0028763888721741,0.0290835246254561
160,0.35,False,1.0,1.0,0.35,0.1,anisotropic,0.0125,0.0464158883361277,500000,373.3749837875366,35.89613439088597,0.9761686732199224,0.0002571999587695,35.863663809987486,0.986962583651466,0.0002591301537511,0.0268646182306308
161,0.35,False,1.0,1.0,0.35,0.1,anisotropic,0.0125,0.01,500000,372.2429170608521,26.948311415049663,0.9002470644712708,0.0020138027682354,25.65232668294476,0.9179154131040312,0.0027140347671266,0.0414399350338915
162,0.35,False,1.0,1.0,0.35,0.1,anisotropic,0.0125,0.0464158883361277,500000,374.1836836338043,31.45379647938406,0.9639601933451206,0.0007140629518475,29.85257738845673,0.9602421668373456,0.0010324247566304,0.0306129240006809
163,0.35,False,1.0,1.0,0.35,0.1,anisotropic,0.0125,0.01,500000,372.5060620307922,24.68403669341452,0.9300914329380447,0.0033798534723036,23.823343341414688,0.9095802780489156,0.0041206640409465,0.0319910085374348
164,0.35,False,1.0,1.0,0.35,0.1,anisotropic,0.0125,0.0046415888336127,500000,372.373131275177,28.459917687900933,0.9240432175972896,0.0014199378722526,28.03081749046031,0.9415284648914022,0.0015673982678474,0.0329997383047739
165,0.35,False,1.0,1.0,0.35,0.1,anisotropic,0.0125,0.0046415888336127,500000,373.0221257209778,32.72889507690924,0.9656138633070128,0.0005048947437597,29.453486789694622,0.928003806789198,0.0010733507848483,0.0293660664207718
166,0.35,False,1.0,1.0,0.35,0.1,anisotropic,0.0125,0.0464158883361277,500000,373.5114524364472,36.82958694990644,0.9717104400160465,0.0002074545266388,37.05484723170186,0.9842705169788634,0.0001969685497856,0.0289576978671751
167,0.35,False,1.0,1.0,0.35,0.1,anisotropic,0.0125,0.01,500000,369.4859685897827,31.04779511632428,0.9761948490960384,0.000782707272943,31.22207067817041,0.9806855481260818,0.0007519203056543,0.0270156724993394
168,0.35,False,1.0,1.0,0.35,0.1,anisotropic,0.0125,0.0046415888336127,500000,372.5378396511078,28.364301739996804,0.9339735737447776,0.0014563388864067,29.01561245397941,0.959090157907622,0.0012535203089157,0.041108753909534
169,0.35,False,1.0,1.0,0.35,0.1,anisotropic,0.0125,0.1,500000,372.10586810112,28.225720028845668,0.9618673153144572,0.0015031373366739,28.1807312135351,0.9720323673980478,0.0015187893529485,0.0273398373264709
170,0.35,False,1.0,1.0,0.35,0.1,anisotropic,0.0125,0.0464158883361277,500000,372.1762156486511,38.05884178838642,0.9904726013679208,0.000156061357654,36.08473523732157,0.9878388448645072,0.0002458702800205,0.0281157247384183
171,0.35,False,1.0,1.0,0.35,0.1,anisotropic,0.0125,0.0004641588833612,500000,377.2929034233093,26.03298274424173,0.8706519154874184,0.0024226546868987,25.95088894384859,0.9061959965547456,0.0024688852008929,0.0447362154263769
172,0.35,False,1.0,1.0,0.35,0.1,anisotropic,0.0125,0.01,500000,372.6639540195465,31.729666848332787,0.9510537320422332,0.0006697795580005,30.34322453070342,0.9598000224884452,0.0009216714191016,0.0329040535008029
173,0.35,False,1.0,1.0,0.35,0.1,anisotropic,0.0125,0.0021544346900318,500000,372.64627861976624,33.699499274241134,0.974040999129724,0.0004245759156904,29.86741798108344,0.9567950557457364,0.0010260380916309,0.0320587484239559
174,0.35,False,1.0,1.0,0.35,0.1,anisotropic,0.0125,0.01,500000,372.0758953094482,27.664517091267,0.9508807643180004,0.0017030012163797,26.52483502777556,0.9294227171268228,0.0022140282832905,0.0326001541339476
175,0.35,False,1.0,1.0,0.35,0.1,anisotropic,0.0125,0.0464158883361277,500000,373.0516896247864,27.194860730648177,0.8723009273144754,0.0014375532100527,26.965423336958334,0.8944377610192871,0.0015155409242447,0.0297248147806818
176,0.35,False,1.0,1.0,0.35,0.1,anisotropic,0.0125,0.0215443469003188,500000,370.4596228599548,24.355189719229674,0.9249815892292016,0.0036660588681741,24.689077668156443,0.9407089629306326,0.0033947722193058,0.029072336778538
177,0.35,False,1.0,1.0,0.35,0.1,anisotropic,0.0125,0.001,500000,371.7773277759552,32.32485991299125,0.9636189675439416,0.0005850610607151,28.574662746816067,0.9325953576570224,0.00138746140378,0.0398270205240854
178,0.35,False,1.0,1.0,0.35,0.1,anisotropic,0.0125,0.0046415888336127,500000,371.89162945747375,30.340428956763372,0.9147087475660148,0.0008694913526346,29.69948454063679,0.9450168764783888,0.0010077660156255,0.0305967854117635
179,0.35,False,1.0,1.0,0.35,0.1,anisotropic,0.0125,0.0215443469003188,500000,371.17562460899353,21.26941773578597,0.861519236050417,0.007431699700032,21.16350130234277,0.8512191840725262,0.0076151733808755,0.0302948503354404
180,0.35,False,1.0,1.0,0.35,0.1,anisotropic,0.0125,0.01,500000,373.28532004356384,34.34341412446561,0.9422756796853338,0.000361245900921,31.47693468054709,0.9440372635123632,0.000698957665572,0.0320851261941554
181,0.35,False,1.0,1.0,0.35,0.1,anisotropic,0.0125,0.0046415888336127,500000,373.9017198085785,30.83279654863379,0.9433866567838582,0.0008214514438801,27.56223540156163,0.9322825916292145,0.0017443676022589,0.0357359992291363
182,0.35,False,1.0,1.0,0.35,0.1,anisotropic,0.0125,0.0464158883361277,500000,373.5454785823822,31.456995318656062,0.970491154849558,0.0007145028062136,30.46447361957258,0.9770840052328182,0.0008979581752402,0.0300085683985649
183,0.35,False,1.0,1.0,0.35,0.1,anisotropic,0.0125,0.01,500000,372.9814715385437,31.45215862479084,0.9790930513376442,0.0007148335824615,31.060032374499837,0.9734592733891224,0.0007823796977107,0.0300723474079983
184,0.35,False,1.0,1.0,0.35,0.1,anisotropic,0.0125,0.01,500000,375.8784573078156,25.91772320882801,0.9336141271441716,0.0025395956584619,24.438066042615404,0.9024651145117444,0.0035705103192447,0.0309610298925751
185,0.35,False,1.0,1.0,0.35,0.1,anisotropic,0.0125,0.0046415888336127,500000,370.31200790405273,21.060785677241075,0.8018317465082412,0.0078129871015243,21.239827871644813,0.8519362067015037,0.0074974380835606,0.0418171081995297
186,0.35,False,1.0,1.0,0.35,0.1,anisotropic,0.0125,0.0464158883361277,500000,373.6483161449432,31.748957641340667,0.9629145437606162,0.0006681596778974,31.34597555694392,0.976056045602604,0.0007331257465854,0.0293234158180133
187,0.35,False,1.0,1.0,0.35,0.1,anisotropic,0.0125,0.0046415888336127,500000,374.4462041854858,24.553855126460267,0.8582394589262449,0.0034882887106811,23.811909344314984,0.8797450249400066,0.0041381573530624,0.0417270063283466
188,0.35,False,1.0,1.0,0.35,0.1,anisotropic,0.0125,0.0464158883361277,500000,369.8164255619049,37.77128198495657,0.9844291182507138,0.0001667289713887,37.75002091506993,0.9901188305438284,0.0001675472013193,0.0239218570397982
189,0.35,False,1.0,1.0,0.35,0.1,anisotropic,0.0125,0.0021544346900318,500000,375.6510517597199,30.46696421311408,0.9197828091950796,0.0008875535595429,26.42594902057313,0.916100154817916,0.0022505884685948,0.0413656185838392
190,0.35,False,1.0,1.0,0.35,0.1,anisotropic,0.0125,0.0464158883361277,500000,378.21485781669617,30.193667094893726,0.9614561813533016,0.0009544146413616,29.34303955186525,0.9600855413602706,0.0011609134621714,0.0287108927411559
191,0.35,False,1.0,1.0,0.35,0.1,anisotropic,0.0125,0.0215443469003188,500000,373.5205454826355,31.94254136470914,0.9722096033788346,0.0006390198536771,31.01898729256132,0.9775379042127212,0.0007904415455343,0.0309839548089489
192,0.35,False,1.0,1.0,0.35,0.1,anisotropic,0.0125,0.1,500000,373.3853814601898,28.672752683263276,0.9606545492685202,0.0013530228533771,28.44749437589397,0.9640716296969796,0.0014250528232776,0.0277539724571902
193,0.35,False,1.0,1.0,0.35,0.1,anisotropic,0.0125,0.01,500000,373.2476801872253,27.69568855000678,0.852679902461722,0.001661537051481,26.69550593641689,0.923357010933664,0.0020918391732479,0.0381818634347675
194,0.35,False,1.0,1.0,0.35,0.1,anisotropic,0.0125,0.0215443469003188,500000,372.4644865989685,22.22292994872509,0.8872928916260829,0.0059839550291059,22.486576105579697,0.9078589031635584,0.0056314950323938,0.0336002370746512
195,0.35,False,1.0,1.0,0.35,0.1,anisotropic,0.0125,0.01,500000,372.2588164806366,27.73980655665245,0.9169176913170206,0.0016769254399746,26.56368016642364,0.9319546279909244,0.0021984996069406,0.0350389494768911
196,0.35,False,1.0,1.0,0.35,0.1,anisotropic,0.0125,0.0215443469003188,500000,371.2948017120361,23.70968295094653,0.8609973463405955,0.0041702477572733,23.25741839989989,0.8693024179087719,0.0046279463167216,0.0314085965664644
197,0.35,False,1.0,1.0,0.35,0.1,anisotropic,0.0125,0.0046415888336127,500000,372.9223265647888,27.42573931205217,0.8814834848095113,0.0018025225718093,26.0715781595562,0.9125192692055664,0.00246204976531,0.046722704556271
198,0.35,False,1.0,1.0,0.35,0.1,anisotropic,0.0125,0.0464158883361277,500000,375.3781578540802,20.081005966993875,0.8446888372577015,0.0097877211056227,20.33982603363089,0.8597446668636157,0.0092214577177969,0.0273352861275525
199,0.35,False,1.0,1.0,0.35,0.1,anisotropic,0.0125,0.01,500000,371.20713925361633,26.962016976566872,0.8945362491584062,0.001912979543672,26.08081047604735,0.9146347210799048,0.0023433166374181,0.0307353024715011
200,0.35,False,1.0,1.0,0.35,0.1,anisotropic,0.0125,0.0046415888336127,500000,380.2278933525085,27.124594645582963,0.9055431487021756,0.0019053149475934,27.10733414464324,0.9382251442518894,0.0019129024557329,0.0342287533049965
201,0.35,False,1.0,1.0,0.35,0.1,anisotropic,0.0125,0.1,500000,374.584689617157,23.506993083288,0.8701362618805047,0.0043595770542397,23.340031684673672,0.8750913972176411,0.004530441198219,0.0269258259829018
202,0.35,False,1.0,1.0,0.35,0.1,anisotropic,0.0125,0.01,500000,376.43111848831177,32.16280926371942,0.9546769019600404,0.0006052791883713,30.010239647100647,0.9608493838661832,0.0009936025633681,0.03082836285942
203,0.35,False,1.0,1.0,0.35,0.1,anisotropic,0.0125,0.0046415888336127,500000,376.0597198009491,25.87741452707238,0.8586217843646691,0.0025310670101876,23.739924255690923,0.8787244523302763,0.0041404988697538,0.0404500207091492
204,0.35,False,1.0,1.0,0.35,0.1,anisotropic,0.0125,0.0464158883361277,500000,377.1774125099182,33.4459111544225,0.9712288632042936,0.0004516449338348,33.47386383252281,0.9823754276300052,0.000448747327578,0.0246637338449062
205,0.35,False,1.0,1.0,0.35,0.1,anisotropic,0.0125,0.0215443469003188,500000,381.0191407203674,22.38024532666564,0.8717672798802254,0.0057652451199053,22.165545148105576,0.8782502653096769,0.006057421500159,0.0328810340474568
206,0.35,False,1.0,1.0,0.35,0.1,anisotropic,0.0125,0.0464158883361277,500000,375.821515083313,30.996134916193935,0.980471559450416,0.0007937979710733,30.09890072395812,0.9672898088875858,0.0009759631133257,0.0283730742612319
207,0.35,False,1.0,1.0,0.35,0.1,anisotropic,0.0125,0.0464158883361277,500000,374.9817695617676,28.620551325052176,0.957223073128618,0.001373399980046,28.99457624179512,0.9747461576526952,0.001260069631971,0.0306875778165867
208,0.35,False,1.0,1.0,0.35,0.1,anisotropic,0.0125,0.0464158883361277,500000,376.4402539730072,22.9103414224288,0.874710078339897,0.0051108447283285,22.80084955400394,0.904319796579164,0.0052413344598876,0.0350383336688198
209,0.35,False,1.0,1.0,0.35,0.1,anisotropic,0.0125,0.0464158883361277,500000,375.6005065441132,33.527049866642926,0.971725355270455,0.0004434036181288,33.50449770028726,0.9817913532808114,0.0004457121255978,0.0280226024570821
210,0.35,False,1.0,1.0,0.35,0.1,anisotropic,0.0125,0.01,500000,380.3516104221344,21.63655006106896,0.8063951691763867,0.0067938093013755,21.77806683367419,0.8565342286655082,0.0065759980390883,0.0387361651218931
211,0.35,False,1.0,1.0,0.35,0.1,anisotropic,0.0125,0.0046415888336127,500000,380.36734199523926,33.2130626509348,0.9633018870316554,0.0004699635048017,26.754740804510284,0.862639875985827,0.0020792002493739,0.033519780435699
212,0.35,False,1.0,1.0,0.35,0.1,anisotropic,0.0125,0.0215443469003188,500000,378.1513106822968,24.00002120153204,0.9106409063006228,0.0039777610288966,23.68841087372417,0.9221803426809008,0.0042736575727833,0.031807156921642
213,0.35,False,1.0,1.0,0.35,0.1,anisotropic,0.0125,0.0215443469003188,500000,376.2960662841797,27.557253108971025,0.9051250296240004,0.0015627587078095,27.550500476951903,0.923807990424733,0.001565190454734,0.0257140974185841
214,0.35,False,1.0,1.0,0.35,0.1,anisotropic,0.0125,0.0464158883361277,500000,378.9351129531861,28.687792360463757,0.9736199161026682,0.0013507863016933,28.709673541766477,0.9744059401928904,0.0013439977129225,0.0295818199745048
215,0.35,False,1.0,1.0,0.35,0.1,anisotropic,0.0125,0.0046415888336127,500000,376.331258058548,30.88493493136704,0.9072716045080228,0.0007571101158321,28.60138493439464,0.9237088591493338,0.0012808965283632,0.0327935907376534
216,0.35,False,1.0,1.0,0.35,0.1,anisotropic,0.0125,0.01,500000,374.7862191200256,29.660387201903173,0.9138360371853336,0.0009337622750418,28.671808710498222,0.9331723916101592,0.001172449573921,0.0313969921614421
217,0.35,False,1.0,1.0,0.35,0.1,anisotropic,0.0125,0.0046415888336127,500000,374.988632440567,32.66901242275545,0.9509401948041684,0.0005382289764484,30.87935681184605,0.960524161457986,0.0008127044469167,0.0294288920623994
218,0.35,False,1.0,1.0,0.35,0.1,anisotropic,0.0125,0.0215443469003188,500000,374.8774530887604,24.61278152350009,0.8662411502142747,0.0034492762244862,22.66710705300597,0.7732007333517582,0.0053987774089586,0.0378680384372105
219,0.35,False,1.0,1.0,0.35,0.1,anisotropic,0.0125,0.0464158883361277,500000,372.70305824279785,29.78391965415433,0.9508556493596364,0.0010501449036644,29.834187673418203,0.9733556773505022,0.001038059929843,0.0370880172876188
220,0.35,False,1.0,1.0,0.35,0.1,anisotropic,0.0125,0.0021544346900318,500000,370.9327206611633,24.82933682920369,0.8860850192889342,0.0032602962881345,24.84186086404495,0.9206850567922272,0.0032509079013356,0.0384722221105792
221,0.35,False,1.0,1.0,0.35,0.1,anisotropic,0.0125,0.0464158883361277,500000,373.8356306552887,27.7491905629594,0.9397936358928944,0.0016765804110348,26.883252901600628,0.9388568116877952,0.0020465301810012,0.0306096466386965
222,0.35,False,1.0,1.0,0.35,0.1,anisotropic,0.0125,0.01,500000,376.610767364502,29.78226950856793,0.9237329119232546,0.0010163629879986,27.03547229940428,0.845176943238725,0.0019130598726218,0.0285815741241577
223,0.35,False,1.0,1.0,0.35,0.1,anisotropic,0.0125,0.0464158883361277,500000,369.5320503711701,34.88050187648206,0.9706086722002326,0.0003247779682674,33.731394387940185,0.9827713962926696,0.0004231528882279,0.029467217282812
224,0.35,False,1.0,1.0,0.35,0.1,anisotropic,0.0125,0.01,500000,376.39186215400696,25.853395754525245,0.8822656747404162,0.0024701433301926,24.570223031665968,0.878713113554414,0.0033192458905046,0.0359270357923515
225,0.35,False,1.0,1.0,0.35,0.1,anisotropic,0.0125,0.0004641588833612,500000,375.8355917930603,31.847536697761957,0.9506046553680392,0.0006532432122335,29.99849036684642,0.9560067344215925,0.0009999528874928,0.0379442499527556
226,0.35,False,1.0,1.0,0.35,0.1,anisotropic,0.0125,0.0464158883361277,500000,378.0491721630096,27.488765588843304,0.9641733397192312,0.0017821343231967,26.90591648532606,0.9583684968014112,0.002038099324158,0.0269674648634684
227,0.35,False,1.0,1.0,0.35,0.1,anisotropic,0.0125,0.0464158883361277,500000,375.8210709095001,33.526466563959886,0.9702720446284372,0.0004432425273937,32.95821169404545,0.9807884641242688,0.0005052041501909,0.0289205058688178
228,0.35,False,1.0,1.0,0.35,0.1,anisotropic,0.0125,0.0215443469003188,500000,377.9920938014984,24.426464885224703,0.8953439612598947,0.0035997620451167,24.64717384323937,0.9201978605542211,0.0034213924900394,0.0347102781803214
229,0.35,False,1.0,1.0,0.35,0.1,anisotropic,0.0125,0.1,500000,374.4377954006195,27.323889458513104,0.8897247588602556,0.0011961924249444,26.815264547510637,0.908465745414673,0.0013448180792045,0.0268117428154003
230,0.35,False,1.0,1.0,0.35,0.1,anisotropic,0.0125,0.0021544346900318,500000,374.3164036273956,26.543720072842746,0.8498881278622484,0.0020062058399806,25.11663271913465,0.862044433588768,0.0027866615523178,0.0396689321340379
231,0.35,False,1.0,1.0,0.35,0.1,anisotropic,0.0125,0.0464158883361277,500000,379.74226331710815,35.30348849923852,0.9781850033759262,0.0002941843259556,34.542339922001915,0.986072755648292,0.0003505374214441,0.0269985493021364
232,0.35,False,1.0,1.0,0.35,0.1,anisotropic,0.0125,0.0464158883361277,500000,377.1056926250458,36.94865482977599,0.975731364654404,0.0002014706275118,37.188444227416014,0.9885658147326496,0.0001906482395535,0.0257844459206043
233,0.35,False,1.0,1.0,0.35,0.1,anisotropic,0.0125,0.0215443469003188,500000,377.0557842254639,29.971429636848768,0.9635709419363084,0.0010053990362338,29.973189379801525,0.9657950032186216,0.0010049917353018,0.032969637179768
234,0.35,False,1.0,1.0,0.35,0.1,anisotropic,0.0125,0.0004641588833612,500000,383.0970823764801,23.39983780756127,0.8883791872553755,0.0043888566914455,23.367308639789243,0.8946908797915476,0.0044218531640126,0.0396097462096954
235,0.35,False,1.0,1.0,0.35,0.1,anisotropic,0.0125,0.0001,500000,376.84732007980347,22.30839457978765,0.7753292638789745,0.0058566975133996,23.48570455842997,0.8423254057215377,0.0044660316478725,0.0486652099904757
236,0.35,False,1.0,1.0,0.35,0.1,anisotropic,0.0125,0.0215443469003188,500000,375.4030809402466,33.87453449618381,0.964572358375362,0.0004092580176692,31.414818505478543,0.9666563844110092,0.0007210556685563,0.0268299731662064
237,0.35,False,1.0,1.0,0.35,0.1,anisotropic,0.0125,0.0021544346900318,500000,377.3763818740845,29.55261303338883,0.9234086454297163,0.0010967080336368,27.52147721219238,0.9193905364653728,0.0017506712790494,0.0330685429685815
238,0.35,False,1.0,1.0,0.35,0.1,anisotropic,0.0125,0.0046415888336127,500000,380.4803924560547,25.70704013944331,0.824068094995409,0.0026540088876262,25.078103567047904,0.8635360616597835,0.0030675809360478,0.0407006075976014
239,0.35,False,1.0,1.0,0.35,0.1,anisotropic,0.0125,0.0464158883361277,500000,378.8859329223633,33.62542265723638,0.9760020563401924,0.0004336365440821,32.327798183873995,0.9816553672076792,0.0005846397257357,0.0292103025125065
240,0.35,False,1.0,1.0,0.35,0.1,anisotropic,0.0125,0.0046415888336127,500000,376.207316160202,32.685550922806435,0.9319049274047946,0.0005370969655882,30.62937243598996,0.9503509765325144,0.0008623241469312,0.0361219662831247
241,0.35,False,1.0,1.0,0.35,0.1,anisotropic,0.0125,0.0464158883361277,500000,374.7909679412842,27.226570179491013,0.9599351012637848,0.0018909909518288,26.745015181557964,0.9582563195590722,0.0021127346283876,0.0263358978407084
242,0.35,False,1.0,1.0,0.35,0.1,anisotropic,0.0125,0.01,500000,379.3964343070984,26.663507702300585,0.9442661383428834,0.0021521071854588,25.713932915319788,0.9368849963620084,0.0026780666189656,0.0310347730450794
243,0.35,False,1.0,1.0,0.35,0.1,anisotropic,0.0125,0.0046415888336127,500000,374.3350074291229,32.293810392868004,0.959140040076669,0.0005581193741598,28.88185467859178,0.9303983166674936,0.001224398164847,0.0313721831518236
244,0.35,False,1.0,1.0,0.35,0.1,anisotropic,0.0125,0.0215443469003188,500000,376.6820318698883,33.60000920720695,0.9520848689648066,0.0004359461929441,32.58957568026289,0.9750516881850716,0.0005501438242703,0.0295030416421376
245,0.35,False,1.0,1.0,0.35,0.1,anisotropic,0.0125,0.1,500000,374.0507872104645,33.65193558577586,0.9431423873337949,0.0003764225320504,33.59862620307185,0.9651485991889844,0.0003810715706254,0.0253631636981911
246,0.35,False,1.0,1.0,0.35,0.1,anisotropic,0.0125,0.0021544346900318,500000,374.0677819252014,26.714484413703392,0.9107456668614876,0.0020979839901956,25.862558145560737,0.9237438300415536,0.0025526707180315,0.0373876987735359
247,0.35,False,1.0,1.0,0.35,0.1,anisotropic,0.0125,0.01,500000,380.5389256477356,29.690287578765712,0.9645938051835644,0.0010723809092387,27.769085068031423,0.9268055753431174,0.0016690499152323,0.0347249145490299
248,0.35,False,1.0,1.0,0.35,0.1,anisotropic,0.0125,0.0046415888336127,500000,375.0527799129486,31.13266158830005,0.9214818553269104,0.0006575065718252,24.862738809669025,0.7952175284535256,0.002785430815007,0.0438709243981113
249,0.35,False,1.0,1.0,0.35,0.1,anisotropic,0.0125,0.001,500000,376.3454613685608,33.284152084685495,0.947168566867958,0.0004681845528774,29.2772626657106,0.9476652454046908,0.001177893492728,0.0378672347449233
250,0.35,False,1.0,1.0,0.35,0.1,anisotropic,0.0125,0.0464158883361277,500000,375.1915166378021,38.00802997330601,0.9780599015845308,0.000157990568307,38.67493283159487,0.9891310270701786,0.0001355004930405,0.0267275913292599
251,0.35,False,1.0,1.0,0.35,0.1,anisotropic,0.0125,0.001,500000,374.19817423820496,31.581058237100017,0.8976194480585362,0.000601111388627,26.417904342357488,0.8583250016329241,0.0019736509393671,0.0373991808625079
252,0.35,False,1.0,1.0,0.35,0.1,anisotropic,0.0125,0.01,500000,374.0788373947144,22.25938145319881,0.8099956809075972,0.0058768593605963,21.12187677152771,0.7456984688587921,0.0076365247893651,0.0406344183881034
253,0.35,False,1.0,1.0,0.35,0.1,anisotropic,0.0125,0.0046415888336127,500000,371.2530093193054,36.6414179780939,0.9490300449433514,0.0002125364417241,31.367026497047423,0.914644644736102,0.0007159332841197,0.0293733810023035
254,0.35,False,1.0,1.0,0.35,0.1,anisotropic,0.0125,0.0046415888336127,500000,373.3536922931671,27.68008571243649,0.9635009820585956,0.0016953889002731,26.70717024529147,0.9408316117478688,0.0021210987216144,0.0314102533516023
255,0.35,False,1.0,1.0,0.35,0.1,anisotropic,0.0125,0.1,500000,373.179563999176,25.73027994357384,0.8803702133861366,0.0020643823439472,26.38130016224741,0.9110255509092344,0.0017770028083306,0.0272439415652371
256,0.35,False,1.0,1.0,0.35,0.1,anisotropic,0.0125,0.0046415888336127,500000,371.7682671546936,31.82063187275613,0.9445661768213476,0.0005371475934836,27.927415922071148,0.8807159384564222,0.0013164829214124,0.0287737354038119
257,0.35,False,1.0,1.0,0.35,0.1,anisotropic,0.0125,0.0464158883361277,500000,375.2701189517975,34.606767550307296,0.9774152807360116,0.0003459547761365,34.53054565551589,0.9862924060722874,0.0003520801334648,0.0258409641075901
258,0.35,False,1.0,1.0,0.35,0.1,anisotropic,0.0125,0.0046415888336127,500000,375.9207127094269,29.13472786263181,0.8965324488074803,0.0011572766685089,27.601195381071776,0.9356652825333488,0.0016473673176062,0.0380188976000017
259,0.35,False,1.0,1.0,0.35,0.1,anisotropic,0.0125,0.0215443469003188,500000,372.7557771205902,25.91681182842541,0.8781673070335516,0.0024901519426086,25.54717581500448,0.8977798082822566,0.0027113741347593,0.0316448997558891
260,0.35,False,1.0,1.0,0.35,0.1,anisotropic,0.0125,0.0464158883361277,500000,373.8960132598877,35.887487600286455,0.9785630622101424,0.0002574024460441,35.409779966942175,0.9866858251997156,0.0002873316275975,0.0273090802943875
261,0.35,False,1.0,1.0,0.35,0.1,anisotropic,0.0125,0.0215443469003188,500000,376.8805284500122,35.765680842130536,0.952291071072727,0.0002640732371294,31.01071623363774,0.923364033336606,0.0007892613756435,0.0277213147656956
262,0.35,False,1.0,1.0,0.35,0.1,anisotropic,0.0125,0.0021544346900318,500000,371.9824392795563,34.352942574648345,0.9268850235592208,0.0003265734192072,26.93590480549863,0.853054640450437,0.0018017088434163,0.0410921459752002
263,0.35,False,1.0,1.0,0.35,0.1,anisotropic,0.0125,0.0215443469003188,500000,376.56771755218506,27.959075466446905,0.9434558225824063,0.0015981436041069,27.30071312180944,0.9564064814809884,0.0018597391580056,0.0336749901823018
264,0.35,False,1.0,1.0,0.35,0.1,anisotropic,0.0125,0.0464158883361277,500000,376.2192313671112,28.87120876524493,0.9681624329177712,0.0012952076480747,28.88724437032769,0.9746844342108344,0.0012904341263053,0.0274786258004476
265,0.35,False,1.0,1.0,0.35,0.1,anisotropic,0.0125,0.0215443469003188,500000,378.6209914684296,33.705321330867804,0.9472256146566906,0.0004207637579847,31.845621762810616,0.9523849509699992,0.0006456665419232,0.0283433862999976
266,0.35,False,1.0,1.0,0.35,0.1,anisotropic,0.0125,0.01,500000,383.6906952857971,30.52254712432372,0.949860332311957,0.0008857326373833,29.363921010653048,0.9663726822292352,0.0011565522535704,0.0355959793746549
267,0.35,False,1.0,1.0,0.35,0.1,anisotropic,0.0125,0.01,500000,373.3302192687988,25.339926121678424,0.8710553934016185,0.0027880804418288,25.322084260182063,0.8934013509771503,0.0027995581069866,0.0294522594505907
268,0.35,False,1.0,1.0,0.35,0.1,anisotropic,0.0125,0.0464158883361277,500000,374.3062961101532,30.74230031036161,0.9733254214219692,0.0008424042993309,31.116850774464808,0.9822994289399242,0.0007727971793282,0.0286188084338486
269,0.35,False,1.0,1.0,0.35,0.1,anisotropic,0.0125,0.01,500000,382.27737164497375,25.837077798764607,0.8819332194918792,0.0023652270746525,24.89012674358832,0.887595537786388,0.0029414938670054,0.0339504091776336
270,0.35,False,1.0,1.0,0.35,0.1,anisotropic,0.0125,0.0046415888336127,500000,372.22959089279175,26.44909339716768,0.9162336891265708,0.0022577662290512,26.096200431160213,0.938646684209826,0.0024488843134431,0.0358988091427646
271,0.35,False,1.0,1.0,0.35,0.1,anisotropic,0.0125,0.001,500000,374.2699081897736,30.499940008385718,0.90411137736626,0.0008843504054026,25.250825116185997,0.8411598630717683,0.002961664559732,0.0482022427001591
272,0.35,False,1.0,1.0,0.35,0.1,anisotropic,0.0125,0.0046415888336127,500000,373.62407064437866,22.327726038815456,0.7570488571346016,0.0057164639777949,21.11515173143667,0.7592197657853558,0.0075576173937984,0.0463147243383993
273,0.35,False,1.0,1.0,0.35,0.1,anisotropic,0.0125,0.01,500000,373.8796591758728,31.35553963077094,0.954754744240756,0.0007300323785563,27.9252141469402,0.9166248453516032,0.0016083281779242,0.0326382425390804
274,0.35,False,1.0,1.0,0.35,0.1,anisotropic,0.0125,0.001,500000,377.5872383117676,26.276559078751923,0.8726518813484724,0.0023266635805647,23.7233164073211,0.8728686258463264,0.0041884936271687,0.0436032738507107
275,0.35,False,1.0,1.0,0.35,0.1,anisotropic,0.0125,0.0464158883361277,500000,374.1459083557129,18.4161091377483,0.8118398445711413,0.0143454948739732,18.655661102970257,0.8256373417579864,0.0135756407906616,0.026935144561533
276,0.35,False,1.0,1.0,0.35,0.1,anisotropic,0.0125,0.0046415888336127,500000,375.4341557025909,35.04541890632888,0.9515720227481784,0.0003098879030407,30.61532770403311,0.9279018783189052,0.0008594363997562,0.0330990523001836
277,0.35,False,1.0,1.0,0.35,0.1,anisotropic,0.0125,0.01,500000,380.7498733997345,27.278607191482426,0.8893818721206284,0.0018526929662285,27.219085490471496,0.9175099727012808,0.0018782596240789,0.0301466467922643
278,0.35,False,1.0,1.0,0.35,0.1,anisotropic,0.0125,0.0004641588833612,500000,376.1964406967163,30.6345575289742,0.9131651885650932,0.0008348002507769,28.565958399139785,0.9075151683081994,0.0013441337433864,0.038606411176448
279,0.35,False,1.0,1.0,0.35,0.1,anisotropic,0.0125,0.0464158883361277,500000,374.3546891212464,23.74989282535242,0.8950516212189785,0.0042037576263795,23.259287032661945,0.8962340311817095,0.0047065019989872,0.0309688968966058
280,0.35,False,1.0,1.0,0.35,0.1,anisotropic,0.0125,0.0021544346900318,500000,375.3615982532501,31.6048892391044,0.94281505549914,0.0006338330209282,26.87502461062609,0.887375679024338,0.0018834813482201,0.0341568894619568
281,0.35,False,1.0,1.0,0.35,0.1,anisotropic,0.0125,0.0215443469003188,500000,375.2896375656128,22.690823239682626,0.911996523515242,0.0053712826850175,22.917734065921405,0.9221704848988664,0.0050978485239487,0.0271103414248314
282,0.35,False,1.0,1.0,0.35,0.1,anisotropic,0.0125,0.0215443469003188,500000,376.2922115325928,27.769122273299352,0.911132198534526,0.0016709715448621,24.88475480456202,0.8182488430547833,0.0032464281924904,0.0359907319731666
283,0.35,False,1.0,1.0,0.35,0.1,anisotropic,0.0125,0.0464158883361277,500000,377.6746084690094,34.194760382300245,0.9851711943124052,0.0003803411620904,32.55584633305636,0.9808967318420376,0.0005547083891831,0.0277305700497109
284,0.35,False,1.0,1.0,0.35,0.1,anisotropic,0.0125,0.0046415888336127,500000,380.0586824417114,26.521743758461955,0.8794062935437438,0.0021951072385771,26.47575831767321,0.9119458207460804,0.0022184737073505,0.0364422143676721
285,0.35,False,1.0,1.0,0.35,0.1,anisotropic,0.0125,0.0021544346900318,500000,381.1350779533386,25.799728392248426,0.89322655098328,0.0025769789747528,24.13432093608547,0.8802273422828496,0.0037813913013903,0.0341524617866672
286,0.35,False,1.0,1.0,0.35,0.1,anisotropic,0.0125,0.0464158883361277,500000,381.0569009780884,29.567546778100425,0.9365214843671412,0.0011013277563955,28.449835828562307,0.9539986407832473,0.0014245827448912,0.0304949652317558
287,0.35,False,1.0,1.0,0.35,0.1,anisotropic,0.0125,0.0215443469003188,500000,382.1334354877472,31.15732531594628,0.9532963542362044,0.0007616937134921,30.016094806317312,0.9505853278888128,0.0009906116295588,0.026228621075725
288,0.35,False,1.0,1.0,0.35,0.1,anisotropic,0.0125,0.0464158883361277,500000,381.34359312057495,30.17119898718872,0.9499256327050368,0.0009558032107509,28.918491578731302,0.9459012066806964,0.0012753788947863,0.0277717683581798
289,0.35,False,1.0,1.0,0.35,0.1,anisotropic,0.0125,0.0046415888336127,500000,378.5091910362244,27.855317175488025,0.8868354847045782,0.0016065774332098,26.11690675270999,0.9220067654907528,0.0023974121645933,0.0415464343208411
290,0.35,False,1.0,1.0,0.35,0.1,anisotropic,0.0125,0.0464158883361277,500000,383.0516953468323,35.84920085891191,0.9744737582630536,0.0002598717740344,35.9149879276047,0.9853036329569336,0.000255964893473,0.0252719804406247
291,0.35,False,1.0,1.0,0.35,0.1,anisotropic,0.0125,0.0046415888336127,500000,375.3560245037079,21.94439527667091,0.7951256016923473,0.0063321082324775,22.37077103016162,0.8563213021092204,0.0057399849559279,0.0399258620475384
292,0.35,False,1.0,1.0,0.35,0.1,anisotropic,0.0125,0.0021544346900318,500000,380.3766436576843,24.652216171794315,0.8838411419913507,0.0033336857462152,24.21513455210032,0.9081447591554797,0.0036866577352444,0.0346635648004805
293,0.35,False,1.0,1.0,0.35,0.1,anisotropic,0.0125,0.0021544346900318,500000,381.31678891181946,28.73590549406307,0.8844596766928937,0.0013238795574282,24.84700470739312,0.8263207210440787,0.00324144423691,0.0348704018047282
294,0.35,False,1.0,1.0,0.35,0.1,anisotropic,0.0125,0.0046415888336127,500000,378.67099928855896,32.00671114677328,0.9280810902296776,0.000487847817296,29.91809848318472,0.9341505804601492,0.0007891246915694,0.0339400337222802
295,0.35,False,1.0,1.0,0.35,0.1,anisotropic,0.0125,0.01,500000,382.10479974746704,23.112298006467757,0.8571876538264217,0.0048190123865439,22.761331894137665,0.8684781313375507,0.0052246193412637,0.0342105054964901
296,0.35,False,1.0,1.0,0.35,0.1,anisotropic,0.0125,0.0046415888336127,500000,378.9120554924011,27.124974417710884,0.9106257677923444,0.0019142612151742,25.63863729258867,0.9189846513248168,0.0026954725454312,0.0356412678388241
297,0.35,False,1.0,1.0,0.35,0.1,anisotropic,0.0125,0.001,500000,389.8493266105652,28.87828817423841,0.8895593540724914,0.0012566452728838,24.608414827008964,0.8645595562086525,0.0033589229105471,0.0474882357698695
298,0.35,False,1.0,1.0,0.35,0.1,anisotropic,0.0125,0.0215443469003188,500000,380.3012192249298,32.46632890956255,0.9517038248241062,0.0005662284224181,30.65037505615022,0.9630235126659058,0.0008601754647448,0.0300857796920517
299,0.35,False,1.0,1.0,0.35,0.1,anisotropic,0.0125,0.0215443469003188,500000,380.0307583808899,34.0932774614856,0.966396705359672,0.0003890718270992,33.85739520520638,0.9690272015983976,0.0004107882474757,0.0312183619331787
300,0.35,False,1.0,1.0,0.35,0.1,anisotropic,0.0125,0.01,500000,377.1221590042114,37.297539364956776,0.9581723899268068,0.000185142845346,32.93817361948233,0.954046620477186,0.0005051769289053,0.0276578704011294
301,0.35,False,1.0,1.0,0.35,0.1,anisotropic,0.0125,0.0004641588833612,500000,375.6027138233185,24.203060124491085,0.8764410698220761,0.003663317363268,24.034603827916587,0.8969652509643982,0.0038082037300402,0.0375926666050801
302,0.35,False,1.0,1.0,0.35,0.1,anisotropic,0.0125,0.0464158883361277,500000,373.82123827934265,30.3786602856589,0.9551402935172038,0.0009163859916832,29.08447049922689,0.9610350770251876,0.0012345179823574,0.0346760049242245
303,0.35,False,1.0,1.0,0.35,0.1,anisotropic,0.0125,0.0215443469003188,500000,374.234500169754,22.205995672688022,0.8265294661194527,0.0059799566876165,22.013059351325225,0.844133612259909,0.0062516070256997,0.0340474711434657
304,0.35,False,1.0,1.0,0.35,0.1,anisotropic,0.0125,0.1,500000,374.64835381507874,20.49176225446615,0.8202445586255332,0.0088696340839642,20.560195176993048,0.8384100888073859,0.0087309682951486,0.0273305599453573
305,0.35,False,1.0,1.0,0.35,0.1,anisotropic,0.0125,0.0046415888336127,500000,373.7021400928497,27.37295393211745,0.9223415761027076,0.0018144039200035,24.39585027309229,0.8853943457023049,0.0036011759525252,0.0390429023376213
306,0.35,False,1.0,1.0,0.35,0.1,anisotropic,0.0125,0.01,500000,374.37817645072937,30.939485194363694,0.944789493445556,0.0007938272440896,31.19888959901681,0.9649426264282112,0.0007478001695984,0.0308659354510904
307,0.35,False,1.0,1.0,0.35,0.1,anisotropic,0.0125,0.0046415888336127,500000,374.022598028183,26.194115935638894,0.8560268612014019,0.0022891705629056,24.17060848869492,0.8629738113415599,0.0036477821786921,0.0399155116492402
308,0.35,False,1.0,1.0,0.35,0.1,anisotropic,0.0125,0.0046415888336127,500000,374.7655048370361,28.60384041914722,0.9248021317458226,0.001313913428826,26.870797615461044,0.906917097801956,0.0019582630605166,0.0322728817241477
309,0.35,False,1.0,1.0,0.35,0.1,anisotropic,0.0125,0.0464158883361277,500000,374.40617513656616,35.12200944326443,0.9887727909560574,0.0003071487308538,33.61699672360754,0.9839465261799334,0.0004343601726798,0.0249738929000416
310,0.35,False,1.0,1.0,0.35,0.1,anisotropic,0.0125,0.0021544346900318,500000,372.52789974212646,28.866027139094985,0.9130947535349628,0.0012555269593848,25.250397422723005,0.8939926146189036,0.0028866159979586,0.038484792798544
311,0.35,False,1.0,1.0,0.35,0.1,anisotropic,0.0125,0.0215443469003188,500000,373.3213422298432,35.868176504987545,0.9540441481311792,0.0002555231782958,33.72196509353914,0.9658226715008916,0.0004188431738776,0.0265327899537635
312,0.35,False,1.0,1.0,0.35,0.1,anisotropic,0.0125,0.0215443469003188,500000,374.4785261154175,24.14567746653192,0.881241258327116,0.0038284200546032,23.95486844716727,0.925321160217642,0.0040003729731594,0.0279896039306005
313,0.35,False,1.0,1.0,0.35,0.1,anisotropic,0.0125,0.0464158883361277,500000,376.2833483219147,28.218813502542307,0.9535210985180356,0.0015053570861008,27.812414949344166,0.9647837600845084,0.0016530248658887,0.0294383700751261
314,0.35,False,1.0,1.0,0.35,0.1,anisotropic,0.0125,0.01,500000,372.9586775302887,31.613939957131624,0.936910060669698,0.0006793947458446,30.510440912058023,0.9547959027710768,0.0008759354204801,0.0341876767659998
315,0.35,False,1.0,1.0,0.35,0.1,anisotropic,0.0125,0.0464158883361277,500000,381.8806273937225,37.87575703705479,0.9928235721404792,0.0001627056543081,37.14568481994404,0.9906477337666648,0.0001924907512239,0.0238498190728276
316,0.35,False,1.0,1.0,0.35,0.1,anisotropic,0.0125,0.0046415888336127,500000,374.1005961894989,32.58404790043657,0.9653884313359912,0.0005362898237647,27.67501024156218,0.9068918998212782,0.0016607464091256,0.0305743902915371
317,0.35,False,1.0,1.0,0.35,0.1,anisotropic,0.0125,0.001,500000,377.2437119483948,30.61503069658951,0.930091644140748,0.0008175356475401,27.397903395241908,0.9303427690873411,0.0017148235088436,0.0400414143704677
318,0.35,False,1.0,1.0,0.35,0.1,anisotropic,0.0125,0.0215443469003188,500000,374.4232392311096,31.505646157796463,0.9358430088668164,0.0007016569112582,28.81867797358233,0.9312009531776,0.0013026316492354,0.0363749177166402
319,0.35,False,1.0,1.0,0.35,0.1,anisotropic,0.0125,0.0464158883361277,500000,375.0515916347504,27.990504340137058,0.9574492238015652,0.0015881005506431,28.517001942345527,0.9740752154069235,0.0014067866427974,0.0313324445291414
320,0.35,False,1.0,1.0,0.35,0.1,anisotropic,0.0125,0.0046415888336127,500000,372.2385277748108,29.156430243712776,0.924895700332828,0.0012027176819848,29.7319939531734,0.957356798230321,0.0010534339846227,0.029648254673378
321,0.35,False,1.0,1.0,0.35,0.1,anisotropic,0.0125,0.0464158883361277,500000,374.0658445358277,33.17570965632732,0.975350372157931,0.0004808455296438,32.33214893134067,0.9831131940845492,0.0005839311659603,0.0276939378031312
322,0.35,False,1.0,1.0,0.35,0.1,anisotropic,0.0125,0.0215443469003188,500000,374.2188754081726,21.235027387045857,0.8341258995346673,0.0074581811071653,21.60544810575867,0.8583753041551955,0.0068484273540647,0.030711706520291
323,0.35,False,1.0,1.0,0.35,0.1,anisotropic,0.0125,0.0046415888336127,500000,373.072035074234,27.726210753418137,0.9392426485859798,0.0016699268229662,26.04329753586747,0.9230851730763135,0.0024603039411839,0.0335545505750174
324,0.35,False,1.0,1.0,0.35,0.1,anisotropic,0.0125,0.01,500000,373.6268668174744,28.54996395468216,0.9661150675590164,0.0013890298377097,27.84288730702472,0.957654020234174,0.0016346291512653,0.0323766026112922
325,0.35,False,1.0,1.0,0.35,0.1,anisotropic,0.0125,0.0021544346900318,500000,372.9138412475586,33.25136869886423,0.952730801797493,0.0003763474389079,27.48031955732245,0.8804281731652979,0.0014213265843248,0.0285429607544211
326,0.35,False,1.0,1.0,0.35,0.1,anisotropic,0.0125,0.0464158883361277,500000,374.379198551178,27.611543225677053,0.9479473572134728,0.0017323861155701,27.32823458118133,0.9559829075534252,0.0018491645489271,0.0294596557183977
327,0.35,False,1.0,1.0,0.35,0.1,anisotropic,0.0125,0.0215443469003188,500000,372.2627353668213,26.839133060988743,0.8912357775455947,0.0020592874025145,25.74151989817986,0.9146768985932158,0.0026514184806424,0.0281693059249325
328,0.35,False,1.0,1.0,0.35,0.1,anisotropic,0.0125,0.0046415888336127,500000,373.2883639335632,32.18294859566322,0.9538656929279468,0.0005763904969775,28.99046708716405,0.9390727699972048,0.0012021674444364,0.0306034914833194
329,0.35,False,1.0,1.0,0.35,0.1,anisotropic,0.0125,0.0215443469003188,500000,374.4369096755981,32.00113681343624,0.9721472793081348,0.0006304473815926,30.91439434945256,0.973266724270523,0.000809698046951,0.0294170623296047
330,0.35,False,1.0,1.0,0.35,0.1,anisotropic,0.0125,0.0046415888336127,500000,373.3296389579773,27.44776833934223,0.9148685356967312,0.0017665418646622,27.584578815431342,0.9467520490626636,0.0017117600504854,0.0304508437222042
331,0.35,False,1.0,1.0,0.35,0.1,anisotropic,0.0125,0.0215443469003188,500000,371.27276730537415,35.91043287002434,0.97987429147893,0.0002561052625279,33.79130452937628,0.9807423610392308,0.0004171875473175,0.0259871805766494
332,0.35,False,1.0,1.0,0.35,0.1,anisotropic,0.0125,0.0215443469003188,500000,373.729407787323,29.8820654744558,0.9573698332330812,0.0010240682528706,29.34070208394765,0.9641706653430908,0.0011600193718827,0.02703549061825
333,0.35,False,1.0,1.0,0.35,0.1,anisotropic,0.0125,0.0215443469003188,500000,372.9105746746063,32.993622717822404,0.9705405938952092,0.000501341058025,31.86020455274322,0.9648194845555836,0.0006508412788045,0.0268958537012793
334,0.35,False,1.0,1.0,0.35,0.1,anisotropic,0.0125,0.01,500000,380.451498746872,29.41165657235956,0.9355129286117302,0.0011443159117292,26.85487000241804,0.928439230971656,0.0020616958362973,0.0347572916174465
335,0.35,False,1.0,1.0,0.35,0.1,anisotropic,0.0125,0.001,500000,375.2649474143982,25.283144705944217,0.8150068984799471,0.0028902303572832,24.800430803738088,0.86834352881564,0.0032300098633233,0.0423750429373036
336,0.35,False,1.0,1.0,0.35,0.1,anisotropic,0.0125,0.01,500000,372.6753716468811,31.33057307164199,0.9191788579546032,0.0007065339806163,28.851141293231706,0.9259995857280195,0.0012504785078138,0.0364056982568079
337,0.35,False,1.0,1.0,0.35,0.1,anisotropic,0.0125,0.1,500000,372.07370376586914,21.666305971448864,0.8792528027415847,0.0067861135498448,21.74971578535208,0.8889564968033108,0.0066570242791217,0.0250877275876853
338,0.35,False,1.0,1.0,0.35,0.1,anisotropic,0.0125,0.0046415888336127,500000,375.8078782558441,32.41285308631528,0.9689336371414178,0.0005636964649039,30.22721634577045,0.9598566084365716,0.0009324144284585,0.0286593450700309
339,0.35,False,1.0,1.0,0.35,0.1,anisotropic,0.0125,0.01,500000,376.3083801269531,36.81403878860532,0.9728950574346588,0.0002079696723,35.30835006872225,0.9827027355771452,0.0002941500181253,0.0285486458615483
340,0.35,False,1.0,1.0,0.35,0.1,anisotropic,0.0125,0.0046415888336127,500000,373.71711564064026,31.98116361503864,0.9373573564790768,0.0006106221898362,29.54689295073128,0.94180284288281,0.0010695464457018,0.035212493816485
341,0.35,False,1.0,1.0,0.35,0.1,anisotropic,0.0125,0.0464158883361277,500000,372.3563890457153,20.61802919832354,0.7938974639643909,0.0085781048390382,20.927815464703656,0.8169998486439574,0.0079875340609235,0.0293490151908
342,0.35,False,1.0,1.0,0.35,0.1,anisotropic,0.0125,0.0021544346900318,500000,377.522971868515,29.561685154635377,0.9154495661596644,0.0007800995078327,26.182171336621906,0.8903305007928464,0.0016986401523854,0.0403746879908565
343,0.35,False,1.0,1.0,0.35,0.1,anisotropic,0.0125,0.001,500000,372.7055110931397,30.80744449747292,0.8914108005905538,0.0006228146158549,26.664336495554785,0.880898239337835,0.0016168494974055,0.036970302055605
344,0.35,False,1.0,1.0,0.35,0.1,anisotropic,0.0125,0.0464158883361277,500000,372.4456224441528,31.545621343519183,0.959414066646546,0.0006994609626019,31.13891763762676,0.9735224691199976,0.0007681284517304,0.025927765804864
345,0.35,False,1.0,1.0,0.35,0.1,anisotropic,0.0125,0.01,500000,377.6542317867279,29.570748586052503,0.9101105315370234,0.0010535976088633,29.22251566601517,0.9275518788731948,0.0011415582271415,0.0281314754764285
346,0.35,False,1.0,1.0,0.35,0.1,anisotropic,0.0125,0.001,500000,374.45204877853394,25.825562581635985,0.7949955129892533,0.0025424199334723,24.16243292410538,0.8424643977339753,0.0037287241078469,0.045792258125002
347,0.35,False,1.0,1.0,0.35,0.1,anisotropic,0.0125,0.0046415888336127,500000,375.41676902771,27.855224487832253,0.9415138368892796,0.0015969824946104,26.29850713224336,0.9271510206801248,0.0022854508775002,0.0327910902849819
348,0.35,False,1.0,1.0,0.35,0.1,anisotropic,0.0125,0.0464158883361277,500000,374.0646734237671,33.76630460832375,0.9788916251750392,0.0004195565518859,32.561527882765155,0.9819682871731938,0.000553691912546,0.0297893874119439
349,0.35,False,1.0,1.0,0.35,0.1,anisotropic,0.0125,0.1,500000,373.82221388816833,31.751922338733955,0.9686981703774128,0.0006677432557734,31.679401471198595,0.9801661929562204,0.0006789872154362,0.0279560688698421
350,0.35,False,1.0,1.0,0.35,0.1,anisotropic,0.0125,0.0215443469003188,500000,374.117481470108,31.6712197681659,0.9503218602212156,0.0006799506100813,31.113522030800343,0.967416040772539,0.0007731204152259,0.0302552097673484
351,0.35,False,1.0,1.0,0.35,0.1,anisotropic,0.0125,0.0215443469003188,500000,374.7383692264557,25.819915127297968,0.9421013132844328,0.0026158276750175,26.047734509324943,0.957575929214707,0.0024821452506008,0.0308240017732824
352,0.35,False,1.0,1.0,0.35,0.1,anisotropic,0.0125,0.0464158883361277,500000,372.0031847953797,30.939251740375312,0.963402436743858,0.0008055090813874,32.07097858564228,0.9804110577042252,0.0006207228837889,0.0289617238148875
353,0.35,False,1.0,1.0,0.35,0.1,anisotropic,0.0125,0.01,500000,374.5408029556274,22.46767068171052,0.8826671295997123,0.0056458973081432,21.849013703455995,0.8677554447918912,0.0065102650834786,0.032307319233987
354,0.35,False,1.0,1.0,0.35,0.1,anisotropic,0.0125,0.0464158883361277,500000,375.92320489883423,28.918500810767547,0.9694629674614288,0.0012821097515273,29.00314977003504,0.9767277184882248,0.0012573619319216,0.0275608114830181
355,0.35,False,1.0,1.0,0.35,0.1,anisotropic,0.0125,0.0464158883361277,500000,373.1197340488434,22.482056329076983,0.8970280805677117,0.0056363081797195,22.628920437456365,0.9058795876695024,0.0054488935104179,0.0266017078884416
356,0.35,False,1.0,1.0,0.35,0.1,anisotropic,0.0125,0.0215443469003188,500000,382.0128984451294,20.4714631809969,0.8358489137368873,0.0089484035296516,20.345017530265626,0.8396784150426384,0.0092127678050937,0.0283711457522941
357,0.35,False,1.0,1.0,0.35,0.1,anisotropic,0.0125,0.01,500000,379.7249960899353,23.52650164842684,0.859307021297296,0.0043783409405256,22.58260256984892,0.8447203917891906,0.0054412600816061,0.0349023965115987
358,0.35,False,1.0,1.0,0.35,0.1,anisotropic,0.0125,0.01,500000,371.7342014312744,30.1056962423354,0.9387990357849412,0.0009319726403249,29.968308195716897,0.9611214350655628,0.0009619266738871,0.0279122197464999
359,0.35,False,1.0,1.0,0.35,0.1,anisotropic,0.0125,0.0215443469003188,500000,371.8573663234711,34.21586860553798,0.96918139676673,0.0003787104279099,33.392084018724745,0.9797182748511986,0.000457810471848,0.0333645050751912
360,0.35,False,1.0,1.0,0.35,0.1,anisotropic,0.0125,0.0464158883361277,500000,371.9806258678436,30.969671094377347,0.9375328308737908,0.0007994122122496,30.28947971633581,0.9654202652885754,0.000934953294539,0.030401348502157
361,0.35,False,1.0,1.0,0.35,0.1,anisotropic,0.0125,0.0215443469003188,500000,371.2518048286438,33.22276917549564,0.9232773258145412,0.0004336603907463,32.081735635510995,0.9508095056176136,0.0005639662447406,0.0335119305074329
362,0.35,False,1.0,1.0,0.35,0.1,anisotropic,0.0125,0.0464158883361277,500000,370.6373453140259,23.052799024685115,0.9051683294470994,0.0049503950873497,22.918312637955932,0.9104448229078468,0.0051060904032029,0.0292814775298295
363,0.35,False,1.0,1.0,0.35,0.1,anisotropic,0.0125,0.0215443469003188,500000,373.4155230522156,35.985812236260685,0.9785110252609844,0.0002517905960889,35.11926696222388,0.9805010469461776,0.0003073930424182,0.0274542925214508
364,0.35,False,1.0,1.0,0.35,0.1,anisotropic,0.0125,0.0464158883361277,500000,373.992431640625,28.65918455182473,0.9466882537881736,0.0013609588009335,27.140768535568085,0.9245848752290052,0.0019305745645228,0.0315847571627715
365,0.35,False,1.0,1.0,0.35,0.1,anisotropic,0.0125,0.0046415888336127,500000,373.34930062294006,31.458813711404048,0.9387606962324988,0.0006729113274543,29.92808374364301,0.9506385395054032,0.0009572620365346,0.0332247928370966
366,0.35,False,1.0,1.0,0.35,0.1,anisotropic,0.0125,0.01,500000,373.8884162902832,26.75714651754297,0.8830242896510824,0.0020927974425249,25.959029145107703,0.8988330861055827,0.0025150054653929,0.0348153749118281
367,0.35,False,1.0,1.0,0.35,0.1,anisotropic,0.0125,0.0215443469003188,500000,375.0003416538239,31.858922979589693,0.9304922335371194,0.0006497766374517,32.36166981325383,0.9777219340110944,0.0005787478744109,0.0274293937915435
368,0.35,False,1.0,1.0,0.35,0.1,anisotropic,0.0125,0.0215443469003188,500000,371.9272866249085,30.519183794228617,0.9630152519848828,0.0008858041086662,29.293922740201676,0.9590342437980988,0.0011745291391779,0.0332904326039205
369,0.35,False,1.0,1.0,0.35,0.1,anisotropic,0.0125,0.0215443469003188,500000,376.74678444862366,24.50460401502028,0.9241570028066524,0.0035318499418293,24.1512852990277,0.9245939321782284,0.0038311937448783,0.0296933650419131
370,0.35,False,1.0,1.0,0.35,0.1,anisotropic,0.0125,0.0464158883361277,500000,372.9534819126129,32.02823092647545,0.9716832094909656,0.0006261307778859,31.796525581314743,0.979666497727444,0.0006604433731743,0.0309059767187506
371,0.35,False,1.0,1.0,0.35,0.1,anisotropic,0.0125,0.0004641588833612,500000,371.6566994190216,28.44938352935696,0.8877851380227175,0.0012195934269707,27.370090748419827,0.9082497813049928,0.0015636672964796,0.0345396185594265
372,0.35,False,1.0,1.0,0.35,0.1,anisotropic,0.0125,0.01,500000,370.8409214019776,29.21355450881797,0.9214076427770198,0.0011058878340319,28.132026903230937,0.93070954119314,0.0014186126915839,0.0287924083022017
373,0.35,False,1.0,1.0,0.35,0.1,anisotropic,0.0125,0.0215443469003188,500000,372.5668227672577,35.75537661636024,0.9744077309822556,0.0002652256231685,33.67566606005094,0.9782921889318008,0.0004281407190608,0.0304207422802341
374,0.35,False,1.0,1.0,0.35,0.1,anisotropic,0.0125,0.0021544346900318,500000,373.27995014190674,35.118959803180815,0.9556028022197104,0.0002917631495062,30.291974180569024,0.932847174700331,0.0008866026002742,0.0319827993441978
375,0.35,False,1.0,1.0,0.35,0.1,anisotropic,0.0125,0.0046415888336127,500000,374.00461411476135,29.39268851428612,0.9552898294759924,0.0011390792019733,27.632534738986458,0.934242786500142,0.0017083202928914,0.0302072973495626
376,0.35,False,1.0,1.0,0.35,0.1,anisotropic,0.0125,0.0021544346900318,500000,371.5593719482422,35.07356654432509,0.9517418861242832,0.0003067357087859,28.150709146787925,0.887539663866904,0.0015102542873206,0.031063274775322
377,0.35,False,1.0,1.0,0.35,0.1,anisotropic,0.0125,0.01,500000,373.7769103050232,27.110426942720576,0.9199956745868708,0.0019010321933452,26.65886585176553,0.9409920031614744,0.0021093351055523,0.0311913718943747
378,0.35,False,1.0,1.0,0.35,0.1,anisotropic,0.0125,0.0046415888336127,500000,374.1686210632324,27.052475189787817,0.8913121833682424,0.0018794047748923,25.165409951094343,0.8807854126482254,0.0029021967389397,0.0364943399496002
379,0.35,False,1.0,1.0,0.35,0.1,anisotropic,0.0125,0.0215443469003188,500000,371.8619976043701,22.27149471614688,0.8955386768965442,0.0059194529088646,22.08144579582624,0.8987807318991163,0.0061842418015032,0.0301202769028508
380,0.35,False,1.0,1.0,0.35,0.1,anisotropic,0.0125,0.0021544346900318,500000,371.3402261734009,21.70361009796618,0.8312345376026996,0.0066450233282191,21.37378293579041,0.8089409341968204,0.0071693408124663,0.0394317822757495
381,0.35,False,1.0,1.0,0.35,0.1,anisotropic,0.0125,0.0215443469003188,500000,373.0801155567169,23.352694796731697,0.8396540450253246,0.0045427079950024,23.764130625764224,0.8719196395198717,0.0041321039499501,0.0318805795599726
382,0.35,False,1.0,1.0,0.35,0.1,anisotropic,0.0125,0.0021544346900318,500000,373.2058849334717,27.928034019792182,0.9244249985065016,0.0015999035292394,25.815847407030056,0.9043569533857504,0.0026020309481875,0.034616621551307
383,0.35,False,1.0,1.0,0.35,0.1,anisotropic,0.0125,0.0021544346900318,500000,374.5755865573883,32.02744318749767,0.9395553374911948,0.000580290362817,28.217208122936132,0.9357088680544922,0.0013953040812083,0.0356684723791252
384,0.35,False,1.0,1.0,0.35,0.1,anisotropic,0.0125,0.0464158883361277,500000,375.55121636390686,36.52611370042624,0.9773171509197416,0.0002222683582774,35.804223585001665,0.9860177382433488,0.0002624621325732,0.025530614404348
385,0.35,False,1.0,1.0,0.35,0.1,anisotropic,0.0125,0.01,500000,374.1784300804138,29.235883086354573,0.9259016413787624,0.0011888148181812,27.654753680124955,0.9448491136658702,0.0017109099437211,0.0349266318498503
386,0.35,False,1.0,1.0,0.35,0.1,anisotropic,0.0125,0.0046415888336127,500000,375.1099407672882,26.14710488050291,0.9345660400381232,0.0024026660438821,23.529607779052792,0.8390473473380106,0.0043897836925599,0.0364430290661419
387,0.35,False,1.0,1.0,0.35,0.1,anisotropic,0.0125,0.0215443469003188,500000,374.3557488918304,22.029536518529792,0.8960608366258187,0.0062339299371361,21.788832449462877,0.8841918149855748,0.0065891944485178,0.0300502161563584
388,0.35,False,1.0,1.0,0.35,0.1,anisotropic,0.0125,0.0046415888336127,500000,374.5704662799835,26.223253950331195,0.923472342885687,0.0023622569917389,23.66102424320413,0.8730913582513012,0.0042613785333037,0.0376881131362754
389,0.35,False,1.0,1.0,0.35,0.1,anisotropic,0.0125,0.0046415888336127,500000,375.2243778705597,33.37390052126698,0.9532561499029816,0.0004557419284441,31.10381706548305,0.9631699734604972,0.000768647698717,0.0301582166469664
390,0.35,False,1.0,1.0,0.35,0.1,anisotropic,0.0125,0.1,500000,374.2491018772125,32.439251311780964,0.9859548147303308,0.000569749480532,31.672626631764853,0.9800369022665382,0.0006797456012692,0.0266116978669428
391,0.35,False,1.0,1.0,0.35,0.1,anisotropic,0.0125,0.0464158883361277,500000,373.0152616500855,27.683690477530835,0.9299357550651768,0.0016997974286617,27.259561193587093,0.954625074269649,0.0018741748096372,0.0324690961069611
392,0.35,False,1.0,1.0,0.35,0.1,anisotropic,0.0125,0.0215443469003188,500000,373.9272356033325,17.410137652991352,0.7542257006790383,0.0181176077736863,17.63974048730597,0.7207475992000071,0.0171846452007351,0.0340603549017261
393,0.35,False,1.0,1.0,0.35,0.1,anisotropic,0.0125,0.0021544346900318,500000,374.5253927707672,26.5417177044138,0.9165298605540158,0.002125824661372,25.811599573924937,0.9042702400598016,0.0025150073232412,0.0345949057171757
394,0.35,False,1.0,1.0,0.35,0.1,anisotropic,0.0125,0.01,500000,373.76406240463257,32.034335659166295,0.9139213278582212,0.0006242482848732,29.57592769461585,0.923884048092426,0.0010995073939739,0.0371957798775359
395,0.35,False,1.0,1.0,0.35,0.1,anisotropic,0.0125,0.0046415888336127,500000,374.57227849960327,25.832583767137773,0.8673067718442691,0.0025597717371391,23.796743339980303,0.830872233387139,0.0040905836895947,0.042625238232815
396,0.35,False,1.0,1.0,0.35,0.1,anisotropic,0.0125,0.0215443469003188,500000,377.2698576450348,33.21415780062007,0.9274170325877258,0.0004741445514216,31.724709854482757,0.962148168226034,0.0006681216714004,0.0356701414906204
397,0.35,False,1.0,1.0,0.35,0.1,anisotropic,0.0125,0.0021544346900318,500000,375.154712677002,26.300929858898225,0.8504094869371103,0.0023174968593477,25.28086269008924,0.8633152950117198,0.0029310678452684,0.0398310076524792
398,0.35,False,1.0,1.0,0.35,0.1,anisotropic,0.0125,0.0021544346900318,500000,377.3582971096039,34.118636038155394,0.9604164341314894,0.0003850245880493,28.645610941645863,0.895053850407767,0.0013576598490411,0.0289108329060337
399,0.35,False,1.0,1.0,0.35,0.1,anisotropic,0.0125,0.01,500000,372.9746813774109,33.40577171581162,0.9585643601660055,0.0004559422509537,32.704538268004015,0.9717012718140752,0.0005358375984596,0.0346808048490679
400,0.35,False,1.0,1.0,0.35,0.1,anisotropic,0.0125,0.0215443469003188,500000,368.8337967395783,32.62633191903135,0.9677641602790276,0.0005455999162567,29.8501022018231,0.9274747553249788,0.0010339445936944,0.0250555981647781
401,0.35,False,1.0,1.0,0.35,0.1,anisotropic,0.0125,0.1,500000,369.8572006225586,30.115485595031192,0.9233177247132216,0.0007955730869332,30.418593877920973,0.9426690282216764,0.0007419408015071,0.0247170741727855
402,0.35,False,1.0,1.0,0.35,0.1,anisotropic,0.0125,0.0021544346900318,500000,371.4098935127258,33.27183286811188,0.9634244345005236,0.000448253900224,29.433075233777632,0.9313566813238608,0.001084925308912,0.0292782034321617
403,0.35,False,1.0,1.0,0.35,0.1,anisotropic,0.0125,0.0215443469003188,500000,379.26947927474976,20.32165987542509,0.8092455862679453,0.0092515400202543,20.50406664980283,0.8377280198836026,0.0088710158334184,0.0381080290552168
404,0.35,False,1.0,1.0,0.35,0.1,anisotropic,0.0125,0.0464158883361277,500000,371.8523416519165,31.86725397918348,0.954008336876452,0.0006503422113527,31.114998622842545,0.9695845777664064,0.0007733346668115,0.0292417132200105
405,0.35,False,1.0,1.0,0.35,0.1,anisotropic,0.0125,0.01,500000,368.52963614463806,31.936599573637487,0.9386143992010912,0.0006395950330295,28.50627828103025,0.9187246660372008,0.0014090850646581,0.0388450059515002
406,0.35,False,1.0,1.0,0.35,0.1,anisotropic,0.0125,0.01,500000,368.4595396518707,24.27878764227493,0.9183084770170432,0.003723732069241,24.288479194718,0.9366973708769232,0.0037154315936586,0.0321346341857883
407,0.35,False,1.0,1.0,0.35,0.1,anisotropic,0.0125,0.0215443469003188,500000,371.0050148963928,24.01386234990648,0.915109308625233,0.0039637034644504,24.454329529094828,0.9422565661880864,0.0035814132691905,0.0354422797204423
408,0.35,False,1.0,1.0,0.35,0.1,anisotropic,0.0125,0.0046415888336127,500000,370.27708745002747,29.20406286084077,0.9157947043825924,0.0010954918805965,27.64767153984133,0.9326598541955315,0.0015676470703208,0.0328396151130828
409,0.35,False,1.0,1.0,0.35,0.1,anisotropic,0.0125,0.01,500000,373.6417407989502,36.83777765638175,0.9518390443894482,0.0002050061845817,31.494211311899903,0.9232753448446996,0.0007016549564733,0.0305538521362984
410,0.35,False,1.0,1.0,0.35,0.1,anisotropic,0.0125,0.0464158883361277,500000,369.1965382099152,34.56209064065752,0.9890657146888768,0.0003495007939624,33.12432502018842,0.982193051429292,0.0004866589656352,0.0254572061683452
411,0.35,False,1.0,1.0,0.35,0.1,anisotropic,0.0125,0.01,500000,370.6085889339447,31.136260177592412,0.941053664021532,0.000758968582861,30.070851607961146,0.9613885123970082,0.0009699841903652,0.0299997183248283
412,0.35,False,1.0,1.0,0.35,0.1,anisotropic,0.0125,0.0215443469003188,500000,369.7612340450287,37.54026960826238,0.9741364695044852,0.000176007902583,35.39999022678482,0.975717915767771,0.0002881111764348,0.0279481725908361
413,0.35,False,1.0,1.0,0.35,0.1,anisotropic,0.0125,0.0215443469003188,500000,368.5909647941589,25.70246152607764,0.9196800388977848,0.0026888399832178,25.076591606899044,0.9251789171896826,0.0031056459904701,0.035235196664351
414,0.35,False,1.0,1.0,0.35,0.1,anisotropic,0.0125,0.0464158883361277,500000,368.2274992465973,35.87880203744389,0.977594955632164,0.0002577922355193,34.8406870581133,0.9860005554053808,0.0003274020018943,0.0270195245924243
415,0.35,False,1.0,1.0,0.35,0.1,anisotropic,0.0125,0.0464158883361277,500000,370.1937124729157,35.59367014139129,0.9875232030025562,0.0002756814967897,35.164147351852954,0.989970635113642,0.0003043406031867,0.0245860108767088
416,0.35,False,1.0,1.0,0.35,0.1,anisotropic,0.0125,0.0046415888336127,500000,370.8238482475281,26.56521957892123,0.8908935336107173,0.0021903268282876,25.100750646156783,0.9107150733774114,0.0030687097694657,0.0380812943358504
417,0.35,False,1.0,1.0,0.35,0.1,anisotropic,0.0125,0.01,500000,371.62816309928894,27.246860571544804,0.8989786064857976,0.0018430474067658,25.87171837185453,0.9234259773977666,0.0025295934394069,0.0411108204287415
418,0.35,False,1.0,1.0,0.35,0.1,anisotropic,0.0125,0.01,500000,367.86435174942017,31.281265119335067,0.950385337050654,0.000740337594895,27.126376102746864,0.8794063713088321,0.0019271641379311,0.0311315871507651
419,0.35,False,1.0,1.0,0.35,0.1,anisotropic,0.0125,0.0464158883361277,500000,368.86036467552185,24.30733823023061,0.9236724701823606,0.0037053310627299,24.34009243701421,0.9312737227276716,0.0036774908139766,0.0301406233478313
420,0.35,False,1.0,1.0,0.35,0.1,anisotropic,0.0125,0.01,500000,370.9919073581696,26.335957706021688,0.9158120259375064,0.0023221976590162,26.58551354110508,0.9375094891054668,0.0021925201804855,0.0333752252670063
421,0.35,False,1.0,1.0,0.35,0.1,anisotropic,0.0125,0.01,500000,366.99440002441406,31.641897135589826,0.9438057084299648,0.0006735155823133,28.285439258570356,0.8919847173785144,0.0014587922104076,0.03087468156721
422,0.35,False,1.0,1.0,0.35,0.1,anisotropic,0.0125,0.0215443469003188,500000,369.1947054862976,36.80626716734592,0.9801773527543346,0.0002085169351838,37.20404377638062,0.9890328996033556,0.0001902670882749,0.0271366231969679
423,0.35,False,1.0,1.0,0.35,0.1,anisotropic,0.0125,0.01,500000,371.9860725402832,30.379799912795097,0.9526809199629596,0.0009129886744382,28.944545002639124,0.9491998439697958,0.0012705474274528,0.0328088085435166
424,0.35,False,1.0,1.0,0.35,0.1,anisotropic,0.0125,0.0464158883361277,500000,371.55834889411926,30.74354581581764,0.9530652120491904,0.0008393778521138,29.946846089361514,0.9642448583548292,0.0010083875576639,0.027567522763761
425,0.35,False,1.0,1.0,0.35,0.1,anisotropic,0.0125,0.0046415888336127,500000,370.83499479293823,29.708412866408487,0.9601994634784456,0.0010463176131498,26.36932691168384,0.9062309029329252,0.0022572108622483,0.0309171232253246
426,0.35,False,1.0,1.0,0.35,0.1,anisotropic,0.0125,0.0046415888336127,500000,367.3718247413635,26.26709294274808,0.9073178190802794,0.002274107471103,25.022780674187604,0.890991973231552,0.0030286020490064,0.0360481128260622
427,0.35,False,1.0,1.0,0.35,0.1,anisotropic,0.0125,0.0464158883361277,500000,369.89457607269287,28.050426181131016,0.935309863251026,0.0015630486392034,27.823368844276903,0.93806750899777,0.0016469417018454,0.0270647596252
428,0.35,False,1.0,1.0,0.35,0.1,anisotropic,0.0125,0.0021544346900318,500000,372.8549907207489,32.30111131647911,0.938229209980272,0.0005853963211701,27.815287868030683,0.9257191649424256,0.0016444941530365,0.0378829562004802
429,0.35,False,1.0,1.0,0.35,0.1,anisotropic,0.0125,0.0046415888336127,500000,369.8148829936981,24.644152318093223,0.8249550298922411,0.0033401034558624,22.742741558584505,0.8126987293270844,0.0051748884758992,0.0420151274781866
430,0.35,False,1.0,1.0,0.35,0.1,anisotropic,0.0125,0.0021544346900318,500000,370.8412225246429,36.85946765064854,0.9618591822160456,0.0002044414132923,28.657034578906668,0.8714824350282159,0.0013514879620812,0.0308829202277812
431,0.35,False,1.0,1.0,0.35,0.1,anisotropic,0.0125,0.0046415888336127,500000,370.6415650844574,27.73637862400136,0.9130485125963836,0.0015909755314556,27.13588978454997,0.9245097989851476,0.0018268899402959,0.0318783903663309
432,0.35,False,1.0,1.0,0.35,0.1,anisotropic,0.0125,0.0464158883361277,500000,367.9023907184601,25.84666748593331,0.9371711635001438,0.0025967109837664,25.575742465435187,0.9368536596687168,0.0027638604862936,0.0274346943575406
433,0.35,False,1.0,1.0,0.35,0.1,anisotropic,0.0125,0.0004641588833612,500000,369.7267143726349,32.09000458588484,0.9230504043862128,0.0006052314220678,23.81971034592681,0.7626736063244226,0.0040639737247272,0.0414753460311295
434,0.35,False,1.0,1.0,0.35,0.1,anisotropic,0.0125,0.0215443469003188,500000,367.7841839790344,35.206234259180405,0.9737403486231972,0.0003014625352984,33.83728839518794,0.983112611179868,0.0004131691946594,0.0281395099945861
435,0.35,False,1.0,1.0,0.35,0.1,anisotropic,0.0125,0.0215443469003188,500000,370.8870460987091,23.05613586761438,0.8384541951142881,0.004914046498311,22.83488513893934,0.8698114339945078,0.0051708785140669,0.0360060389836899
436,0.35,False,1.0,1.0,0.35,0.1,anisotropic,0.0125,0.0215443469003188,500000,368.72033286094666,21.30028037925846,0.8643445584306163,0.0073530547792467,21.627738827915188,0.8749592693072762,0.0068190198796,0.0338472896419144
437,0.35,False,1.0,1.0,0.35,0.1,anisotropic,0.0125,0.0046415888336127,500000,369.7307801246643,30.083526787113914,0.9412305144487346,0.0009603904829046,27.54749874126176,0.9212006081591754,0.0017220694103588,0.0297190046479253
438,0.35,False,1.0,1.0,0.35,0.1,anisotropic,0.0125,0.0215443469003188,500000,369.321174621582,29.40849158688831,0.9768325535989568,0.0011449984625277,28.855526818352104,0.9645118664073544,0.001300473121058,0.0268106180818913
439,0.35,False,1.0,1.0,0.35,0.1,anisotropic,0.0125,0.0215443469003188,500000,370.15370178222656,29.24719770629157,0.9532923041371568,0.0011847912185515,28.88125839729807,0.9579761035514954,0.001288949070056,0.0268418375297762
440,0.35,False,1.0,1.0,0.35,0.1,anisotropic,0.0125,0.0215443469003188,500000,369.12570095062256,32.367051259228255,0.9681551343238994,0.0005789975472751,30.89977477423893,0.975474390939661,0.0008117164970131,0.0291104583522047
441,0.35,False,1.0,1.0,0.35,0.1,anisotropic,0.0125,0.0464158883361277,500000,370.3741383552551,34.70000004532747,0.9644101213458434,0.0003387639968995,34.75729529893125,0.9835691491983078,0.0003343241298057,0.0302301127599624
442,0.35,False,1.0,1.0,0.35,0.1,anisotropic,0.0125,0.0215443469003188,500000,371.1542489528656,27.082319365177334,0.9444459495347616,0.0019539953755462,26.95045308089428,0.9510630173929124,0.0020142351013093,0.0285158292180055
443,0.35,False,1.0,1.0,0.35,0.1,anisotropic,0.0125,0.0046415888336127,500000,370.1577572822571,24.522103649295065,0.817779810105926,0.0034709084273142,24.34542497612085,0.8696121797325546,0.0036150226538696,0.0395203150482609
444,0.35,False,1.0,1.0,0.35,0.1,anisotropic,0.0125,0.0464158883361277,500000,369.3124387264252,29.590660930191586,0.9548249539850646,0.001098160866557,28.80665760037793,0.9658892927699252,0.0013154256205368,0.0314681351319159
445,0.35,False,1.0,1.0,0.35,0.1,anisotropic,0.0125,0.0464158883361277,500000,370.52326345443726,31.76180286636955,0.9627203850825274,0.0006649790720442,30.955815969619888,0.973305111144695,0.0008005835593293,0.0297722546920707
446,0.35,False,1.0,1.0,0.35,0.1,anisotropic,0.0125,0.0215443469003188,500000,372.4081711769104,28.648428086836876,0.9594822187761276,0.0013632043009403,28.378206676742664,0.9658306559736768,0.0014507182972531,0.027532281791115
447,0.35,False,1.0,1.0,0.35,0.1,anisotropic,0.0125,0.0046415888336127,500000,373.9068944454193,33.32250140413431,0.9445061927003632,0.0004308021051971,29.749372804284484,0.9314732284895408,0.0009808230802027,0.0314149384894152
448,0.35,False,1.0,1.0,0.35,0.1,anisotropic,0.0125,0.0046415888336127,500000,371.26256918907166,24.633775198713508,0.8221669922094923,0.0030776218913473,23.96381743622571,0.8622187510219622,0.0035909638962448,0.0376026547707306
449,0.35,False,1.0,1.0,0.35,0.1,anisotropic,0.0125,0.0021544346900318,500000,370.4732987880707,26.896723700166618,0.8927785149199002,0.00186804645476,25.35729178741375,0.8666984878146965,0.0026627528818157,0.0366623998640779
450,0.35,False,1.0,1.0,0.35,0.1,anisotropic,0.0125,0.0215443469003188,500000,367.4648153781891,35.939263383567734,0.96333233003516,0.0002546203882821,38.02375145648326,0.9891969518181288,0.000157559418314,0.0266303993712806
451,0.35,False,1.0,1.0,0.35,0.1,anisotropic,0.0125,0.0215443469003188,500000,369.3038902282715,32.33053659757725,0.928541996340016,0.0005810461740308,31.16242893995992,0.9597100409098708,0.0007603637635444,0.0318193984203823
452,0.35,False,1.0,1.0,0.35,0.1,anisotropic,0.0125,0.01,500000,368.5034790039063,23.288104807425302,0.9260644875156911,0.0046751674741978,23.326724127701517,0.9315451383813864,0.0046337781865247,0.0302688596744778
453,0.35,False,1.0,1.0,0.35,0.1,anisotropic,0.0125,0.0046415888336127,500000,368.66767024993896,28.553223678281533,0.917334104633168,0.0013870709741924,27.227880601481505,0.9487262825206304,0.0018820579496401,0.0353441226873684
454,0.35,False,1.0,1.0,0.35,0.1,anisotropic,0.0125,0.01,500000,368.2231030464173,32.49386287227461,0.9619416640718323,0.0005503429007243,30.387448956874824,0.9478830943615418,0.0008938708198748,0.0281099642073232
455,0.35,False,1.0,1.0,0.35,0.1,anisotropic,0.0125,0.0215443469003188,500000,371.520605802536,24.66644069292549,0.917992910930552,0.0033991018910104,24.092877241273456,0.9095738214337524,0.003879006687145,0.0294053077384938
456,0.35,False,1.0,1.0,0.35,0.1,anisotropic,0.0125,0.01,500000,371.7692663669586,22.38545300737627,0.8692049042777166,0.0057124762866663,22.285371578904734,0.8728521553060593,0.0058456465552139,0.0327207283922097
457,0.35,False,1.0,1.0,0.35,0.1,anisotropic,0.0125,0.0046415888336127,500000,365.9666576385498,30.52216339398137,0.9069737593787296,0.0007594974317795,29.605583274428568,0.9296039240798268,0.0009379600078563,0.0302441573779512
458,0.35,False,1.0,1.0,0.35,0.1,anisotropic,0.0125,0.0215443469003188,500000,366.4674050807953,38.16282497380266,0.9876036241963192,0.0001523785582402,35.86417290539011,0.9832890374901788,0.0002586956147801,0.0310641393302244
459,0.35,False,1.0,1.0,0.35,0.1,anisotropic,0.0125,0.0464158883361277,500000,366.719722032547,24.791953248604656,0.9285712395273328,0.0033121206800938,24.267090164932966,0.9196411071699904,0.003737596898191,0.0268755352707169
460,0.35,False,1.0,1.0,0.35,0.1,anisotropic,0.0125,0.01,500000,368.7834341526032,28.10331936382483,0.9102634491885092,0.001535476457734,26.89611643306377,0.937681752161703,0.0020275121022763,0.0353926449087572
461,0.35,False,1.0,1.0,0.35,0.1,anisotropic,0.0125,0.1,500000,367.1468622684479,25.88548715581956,0.9387958631769928,0.0025763372346557,25.47122218709585,0.9303734655146751,0.0028341916036742,0.0281039654541016
462,0.35,False,1.0,1.0,0.35,0.1,anisotropic,0.0125,0.0046415888336127,500000,369.6338949203491,24.88664851310825,0.8928147170715929,0.0031855541149567,24.0426551387712,0.9109330854752604,0.0038688716706697,0.0385520619583594
463,0.35,False,1.0,1.0,0.35,0.1,anisotropic,0.0125,0.0004641588833612,500000,367.5343713760376,20.9471705331296,0.8457265385359829,0.0079750167543944,19.8525761143471,0.7642889647525896,0.0102610320945028,0.0500960323457374
464,0.35,False,1.0,1.0,0.35,0.1,anisotropic,0.0125,0.0215443469003188,500000,370.4024600982666,29.102477080755875,0.90419882078779,0.0010295909537726,28.074129566031367,0.9207986294936352,0.0013046663751787,0.0306929895895593
465,0.35,False,1.0,1.0,0.35,0.1,anisotropic,0.0125,0.0021544346900318,500000,370.4026710987091,31.383097408099108,0.9567266074209654,0.0007119463982635,29.165451467258173,0.9554654587535903,0.0011863474233677,0.031765042492991
466,0.35,False,1.0,1.0,0.35,0.1,anisotropic,0.0125,0.001,500000,368.2183165550232,25.607225280242822,0.900842503665565,0.0027068128390076,25.23275090287989,0.9250957880096616,0.0029505682546885,0.0365727084458125
467,0.35,False,1.0,1.0,0.35,0.1,anisotropic,0.0125,0.0464158883361277,500000,368.4434666633606,23.67066994700557,0.9173745847689688,0.0042874104579274,23.577832454889425,0.9179060287832436,0.0043800474180446,0.0242302053391239
468,0.35,False,1.0,1.0,0.35,0.1,anisotropic,0.0125,0.0215443469003188,500000,367.9247341156006,22.974576534615693,0.8586963633506346,0.0049993895313196,23.06817807519617,0.8980294401782326,0.0048927927747546,0.0319894906367285
469,0.35,False,1.0,1.0,0.35,0.1,anisotropic,0.0125,0.0046415888336127,500000,374.8094811439514,35.083435632890485,0.911356448413574,0.0002880628224122,27.301838180840075,0.7782741524221657,0.0017284107419419,0.0391984311756981
470,0.35,False,1.0,1.0,0.35,0.1,anisotropic,0.0125,0.0021544346900318,500000,368.1036205291748,33.67828381310146,0.9327764882976848,0.0004226110162952,28.086294278228344,0.9045575645442172,0.0015315802845423,0.0350049536413153
471,0.35,False,1.0,1.0,0.35,0.1,anisotropic,0.0125,0.0215443469003188,500000,370.4301402568817,31.180694865838472,0.9599597698927652,0.0007592933272515,29.838131335810367,0.942989062577168,0.001034346230969,0.026870576285115
472,0.35,False,1.0,1.0,0.35,0.1,anisotropic,0.0125,0.0046415888336127,500000,369.309041261673,30.304400720418062,0.9422110167524178,0.000867060031867,27.645750321843888,0.927183844722048,0.0015992420749122,0.0316086895576445
473,0.35,False,1.0,1.0,0.35,0.1,anisotropic,0.0125,0.01,500000,365.8913929462433,27.466410464091737,0.9196780633991124,0.0017758151901909,27.075317363340705,0.9461494490454364,0.001943153354527,0.034906492500381
474,0.35,False,1.0,1.0,0.35,0.1,anisotropic,0.0125,0.0215443469003188,500000,367.03832960128784,31.665492766467707,0.9560090331174648,0.0006800789033378,31.94846079915905,0.9732988468216353,0.0006371805340515,0.0263189536004307
475,0.35,False,1.0,1.0,0.35,0.1,anisotropic,0.0125,0.0046415888336127,500000,371.2870540618897,32.3419341006653,0.945524294335068,0.0005477794001925,30.282363056001884,0.9529099204149132,0.000880162377246,0.0338744754302127
476,0.35,False,1.0,1.0,0.35,0.1,anisotropic,0.0125,0.01,500000,372.3639755249024,22.56293260228079,0.8226497228808946,0.0054717817016619,22.997759229399925,0.8769756895116624,0.004950466204427,0.0335858754680676
477,0.35,False,1.0,1.0,0.35,0.1,anisotropic,0.0125,0.0046415888336127,500000,367.9309594631195,32.538751314677505,0.932773255019671,0.0005014809088522,29.892840479653348,0.9423020846053392,0.0009222432553532,0.0365279220255909
478,0.35,False,1.0,1.0,0.35,0.1,anisotropic,0.0125,0.0464158883361277,500000,364.8529644012451,35.70192091557843,0.9894820505576424,0.0002688164763009,34.76676521627787,0.9843095296273898,0.0003334044974296,0.0265474128717356
479,0.35,False,1.0,1.0,0.35,0.1,anisotropic,0.0125,0.0215443469003188,500000,366.666579246521,23.650675634883505,0.9180319445962548,0.0043074340885931,24.122390955798497,0.9417528519083452,0.0038640888915681,0.0288568174224975
480,0.35,False,1.0,1.0,0.35,0.1,anisotropic,0.0125,0.0464158883361277,500000,367.2404935359955,32.18480341957307,0.951486221989468,0.0006036254035243,31.230298742444504,0.9729606800788902,0.0007520002352409,0.0263234965473547
481,0.35,False,1.0,1.0,0.35,0.1,anisotropic,0.0125,0.01,500000,369.63630270957947,32.381772191310205,0.9308540106609368,0.0005720801728735,32.18366981130998,0.9677566360969168,0.0005987797908927,0.0298091849931808
482,0.35,False,1.0,1.0,0.35,0.1,anisotropic,0.0125,0.0464158883361277,500000,367.4670474529266,35.62301437944792,0.9777405691204,0.0002735696509919,35.33854108888998,0.9861083564857812,0.0002920890293052,0.0268255196978618
483,0.35,False,1.0,1.0,0.35,0.1,anisotropic,0.0125,0.0021544346900318,500000,370.14215064048767,26.684151793766627,0.9016341898409068,0.002119790341817,25.87559701766848,0.922029603227532,0.0025535736408095,0.0353699647973364
484,0.35,False,1.0,1.0,0.35,0.1,anisotropic,0.0125,0.0215443469003188,500000,370.3547649383545,23.47111745269449,0.9223407689210784,0.0044847159615653,23.559598008791667,0.921810425197939,0.0043942715041535,0.028890609451194
485,0.35,False,1.0,1.0,0.35,0.1,anisotropic,0.0125,0.0464158883361277,500000,367.003116607666,20.160763368502725,0.7743927092560495,0.0094881426557348,20.4756008179428,0.8027024080005282,0.0088246494155578,0.0310936910154961
486,0.35,False,1.0,1.0,0.35,0.1,anisotropic,0.0125,0.0001,500000,369.59730768203735,25.733819472873453,0.9149761759721966,0.0026063215402197,24.38616707716458,0.8821825756181773,0.0035546204319669,0.0369802527389415
487,0.35,False,1.0,1.0,0.35,0.1,anisotropic,0.0125,0.001,500000,370.3570358753204,29.50505326529413,0.9571924002969132,0.0011060030830923,25.752726540702323,0.878853045936779,0.0026241521377095,0.0306118321558811
488,0.35,False,1.0,1.0,0.35,0.1,anisotropic,0.0125,0.01,500000,368.6733164787293,26.412893164481545,0.9283470590832787,0.0022782964792971,24.74041148576733,0.9072770063503602,0.0033485624812653,0.0322169253947777
489,0.35,False,1.0,1.0,0.35,0.1,anisotropic,0.0125,0.0046415888336127,500000,368.57447934150696,24.75917820167676,0.8666044514982101,0.0032799027189302,22.747482517259797,0.8288008936928469,0.0052123135283709,0.0372301188139208
490,0.35,False,1.0,1.0,0.35,0.1,anisotropic,0.0125,0.0046415888336127,500000,367.8374092578888,25.78955298524884,0.8772876304530618,0.0023833017749752,25.599310275593044,0.8940593498364708,0.0024900227062511,0.0338351871112801
491,0.35,False,1.0,1.0,0.35,0.1,anisotropic,0.0125,0.0464158883361277,500000,369.3026382923126,20.74636766393313,0.8783659543113979,0.008395087496113,20.860327909371502,0.882232165291236,0.0081776628664986,0.026777227955306
492,0.35,False,1.0,1.0,0.35,0.1,anisotropic,0.0125,0.0464158883361277,500000,369.40888118743896,26.3221407572981,0.9474018674741944,0.0023297098936967,26.06653411397433,0.9404085191018668,0.0024709417551021,0.0283822332702308
493,0.35,False,1.0,1.0,0.35,0.1,anisotropic,0.0125,0.0464158883361277,500000,369.3989028930664,30.168191657246467,0.9571130637585828,0.0009613504789661,30.757006569915784,0.9777950102036536,0.000839460480862,0.0311968544826356
494,0.35,False,1.0,1.0,0.35,0.1,anisotropic,0.0125,0.0464158883361277,500000,370.0461642742157,37.46124453707228,0.9833360229447332,0.0001791787184177,37.24321307671724,0.990626745916041,0.0001884037626792,0.0266775524979572
495,0.35,False,1.0,1.0,0.35,0.1,anisotropic,0.0125,0.0046415888336127,500000,369.20208644866943,36.095234956424605,0.9751083875758592,0.0002451591365772,29.73779294463132,0.9136910893345616,0.0010597228146847,0.0293695796544613
496,0.35,False,1.0,1.0,0.35,0.1,anisotropic,0.0125,0.001,500000,370.1498634815216,28.421900819377377,0.9298096248544112,0.0012453547342296,24.29344600551569,0.8150750136754136,0.0032220966060934,0.0360498685097325
497,0.35,False,1.0,1.0,0.35,0.1,anisotropic,0.0125,0.001,500000,370.3558804988861,32.46360323834118,0.9506859695812216,0.0005484446325249,29.63229826608866,0.953313317464971,0.0010525998111074,0.0321220274679834
498,0.35,False,1.0,1.0,0.35,0.1,anisotropic,0.0125,0.0215443469003188,500000,367.996260881424,33.29846468674222,0.9467502461500544,0.0004670062186393,34.42397070129216,0.9799409122009192,0.000360389444353,0.0332743317777356
499,0.35,False,1.0,1.0,0.35,0.1,anisotropic,0.0125,0.01,500000,370.8856055736542,28.01501192111763,0.9257020155777534,0.0015622150499251,26.077698458378848,0.9178439507263174,0.0024404626400876,0.0340650256197525
500,0.35,False,1.0,1.0,0.35,0.1,anisotropic,0.0125,0.1,500000,389.1085665225983,23.571137139512807,0.8498713949471896,0.0042623113278293,23.691626634254696,0.873552981172869,0.0041456842232504,0.0264341377811659
501,0.35,False,1.0,1.0,0.35,0.1,anisotropic,0.0125,0.0215443469003188,500000,383.7722828388214,27.334617760354053,0.951433731442184,0.0018457841384087,27.527063198750067,0.960791056016169,0.0017657790740134,0.0260632459883917
502,0.35,False,1.0,1.0,0.35,0.1,anisotropic,0.0125,0.0021544346900318,500000,385.9368374347687,30.516504306068136,0.9239234730124156,0.000822544898239,28.160412740016803,0.8977635586343902,0.0014150401729423,0.0313947216722938
503,0.35,False,1.0,1.0,0.35,0.1,anisotropic,0.0125,0.01,500000,384.0946238040924,22.719310046939896,0.893405746469082,0.0053381952956342,22.82599538791157,0.9082504566443196,0.0052086589773737,0.0294196634140483
504,0.35,False,1.0,1.0,0.35,0.1,anisotropic,0.0125,0.01,500000,384.29720854759216,27.83984039453244,0.9412493412452976,0.0016242455376553,27.34366666986865,0.9524657254320636,0.0018208285516301,0.0282025849209818
505,0.35,False,1.0,1.0,0.35,0.1,anisotropic,0.0125,0.01,500000,386.7911469936371,29.958656896244783,0.9645663092006892,0.0010076801570845,30.240789075643622,0.9775699491179928,0.000944298910729,0.0308336151713636
506,0.35,False,1.0,1.0,0.35,0.1,anisotropic,0.0125,0.01,500000,386.2867577075958,24.39777401135711,0.894466930534737,0.0036056827242345,23.761288237715213,0.885634598650197,0.0041748039571316,0.0300743440616277
507,0.35,False,1.0,1.0,0.35,0.1,anisotropic,0.0125,0.001,500000,388.1650252342224,35.043680959271526,0.9429233511914082,0.0003009861452486,29.726563644339784,0.8999252765147323,0.0010239016349042,0.0323149770822555
508,0.35,False,1.0,1.0,0.35,0.1,anisotropic,0.0125,0.0046415888336127,500000,384.4251730442047,28.657738391023905,0.9020200215314434,0.0013376273864855,25.070686587288883,0.849878994055262,0.0030552048323023,0.0344388582321072
509,0.35,False,1.0,1.0,0.35,0.1,anisotropic,0.0125,0.0215443469003188,500000,384.7782323360443,33.8389151070586,0.9279987792984729,0.0004092848722337,32.35387362343826,0.9657817064124332,0.0005761424049688,0.0345405762180826
510,0.35,False,1.0,1.0,0.35,0.1,anisotropic,0.0125,0.0021544346900318,500000,384.550989151001,26.49642398112412,0.8756503307913363,0.0020172465489067,24.012366930551053,0.8575060792706318,0.0035740834313445,0.0366611798420561
511,0.35,False,1.0,1.0,0.35,0.1,anisotropic,0.0125,0.01,500000,386.6383924484253,24.79131869350034,0.8725851268119439,0.0033022349630839,24.25323869471747,0.8966363419796247,0.003737799237954,0.0356555424601768
512,0.35,False,1.0,1.0,0.35,0.1,anisotropic,0.0125,0.0021544346900318,500000,386.22109866142273,29.65820056142596,0.9139783605418084,0.0009211865269038,27.311674743062536,0.9214978507606688,0.0015812486191578,0.0350394046039643
513,0.35,False,1.0,1.0,0.35,0.1,anisotropic,0.0125,0.01,500000,384.9613225460053,24.18812722397213,0.8831813041095246,0.0037931214998623,23.162670615505554,0.8526310835924704,0.0048033298918549,0.0359891470525533
514,0.35,False,1.0,1.0,0.35,0.1,anisotropic,0.0125,0.0004641588833612,500000,384.3196482658386,30.18843533228038,0.906060585229952,0.0009558383451227,25.79107396923712,0.8870813115780323,0.0026309984081355,0.0444391167374851
515,0.35,False,1.0,1.0,0.35,0.1,anisotropic,0.0125,0.0021544346900318,500000,385.1941714286804,32.94948801102024,0.945013288425805,0.0004907961531174,27.876526439447083,0.8944176631219227,0.0015783281675729,0.036059095711177
516,0.35,False,1.0,1.0,0.35,0.1,anisotropic,0.0125,0.0021544346900318,500000,390.9634356498718,25.58400568210407,0.90862410485478,0.0026508911232291,23.88777061602833,0.8584707814146249,0.0039175576616198,0.0357010536482803
517,0.35,False,1.0,1.0,0.35,0.1,anisotropic,0.0125,0.001,500000,386.1382479667664,34.438394148843805,0.955591592728529,0.000334360326685,28.61041354625291,0.9141460867281866,0.0012794190154013,0.033634508400226
518,0.35,False,1.0,1.0,0.35,0.1,anisotropic,0.0125,0.0464158883361277,500000,384.3596272468567,25.060699771026684,0.8747013023110985,0.0030061580760096,24.958153200217392,0.8953589704382103,0.0030779848005328,0.0262165695925348
519,0.35,False,1.0,1.0,0.35,0.1,anisotropic,0.0125,0.0021544346900318,500000,385.2460989952088,29.28987354710283,0.9245784428248998,0.0009843340749841,25.881409563187688,0.9118521994479312,0.0021576893494509,0.0346047634350616
520,0.35,False,1.0,1.0,0.35,0.1,anisotropic,0.0125,0.0464158883361277,500000,386.0826063156128,22.982340832732312,0.8602900109542722,0.0049867167953951,23.484564334377357,0.8918252373186671,0.0044421411516079,0.0265047292061938
521,0.35,False,1.0,1.0,0.35,0.1,anisotropic,0.0125,0.0464158883361277,500000,386.0295450687408,25.93282214910228,0.961532443940315,0.0025496130930267,25.93150041959285,0.953452344090175,0.002550389159003,0.0324485848257281
522,0.35,False,1.0,1.0,0.35,0.1,anisotropic,0.0125,0.0215443469003188,500000,381.7252833843231,33.11907674304389,0.9711914015647036,0.0004869401923863,33.23211390554482,0.9776485003911,0.000474429741582,0.0283163981973845
523,0.35,False,1.0,1.0,0.35,0.1,anisotropic,0.0125,0.0004641588833612,500000,383.2455518245697,25.22849965422258,0.8183336124206214,0.0018059973721382,24.31903677889723,0.8363371712673492,0.0022267086775292,0.044564589726821
524,0.35,False,1.0,1.0,0.35,0.1,anisotropic,0.0125,0.0464158883361277,500000,383.45034289360046,27.42825600922516,0.9628521129273022,0.0018072716246401,26.987137478753084,0.9481408130356755,0.0020004849248029,0.0367468538650555
525,0.35,False,1.0,1.0,0.35,0.1,anisotropic,0.0125,0.01,500000,384.4940831661224,30.605515387971703,0.9466978195405804,0.0008253855392418,29.7018011514071,0.9513527804836132,0.00101631486885,0.0311043881063663
526,0.35,False,1.0,1.0,0.35,0.1,anisotropic,0.0125,0.01,500000,385.7954626083374,27.37432870091635,0.9306507509573392,0.0018195614292007,26.93813452466882,0.9435274960251868,0.0020118061886145,0.0319775841906013
527,0.35,False,1.0,1.0,0.35,0.1,anisotropic,0.0125,0.01,500000,386.3986988067627,27.70586953132242,0.91321983507434,0.0016777623616411,26.67683481671243,0.9319632338571704,0.0021263459230252,0.0310958385604311
528,0.35,False,1.0,1.0,0.35,0.1,anisotropic,0.0125,0.0046415888336127,500000,384.72995471954346,28.43096646022573,0.9341162223765356,0.0014088086035966,26.714673286190155,0.9323484830871354,0.0020916129045061,0.0383204399831601
529,0.35,False,1.0,1.0,0.35,0.1,anisotropic,0.0125,0.0464158883361277,500000,384.0318701267242,34.46418032741131,0.9822540581138932,0.0003574765970254,33.49498906427079,0.9844687307729916,0.0004468551230639,0.0309405395529171
530,0.35,False,1.0,1.0,0.35,0.1,anisotropic,0.0125,0.0046415888336127,500000,386.5779411792755,27.66943192658864,0.8989603094724626,0.0016798334794475,23.74052904932725,0.8111350600982872,0.0041510361958629,0.0403491451016
531,0.35,False,1.0,1.0,0.35,0.1,anisotropic,0.0125,0.0464158883361277,500000,387.5096080303192,37.51620729925276,0.9865135889508404,0.0001770045190016,36.02034076096083,0.9903306694743056,0.0002497876763853,0.0267681904129144
532,0.35,False,1.0,1.0,0.35,0.1,anisotropic,0.0125,0.0215443469003188,500000,384.01418709754944,21.87843159992319,0.8047738409932395,0.0064585229077963,22.075088034403404,0.8398477838953035,0.0061725918469956,0.0325145613025335
533,0.35,False,1.0,1.0,0.35,0.1,anisotropic,0.0125,0.0021544346900318,500000,387.5475332736969,27.72618855383015,0.9413140487083396,0.0016717160837243,27.484595710805696,0.9446770448459706,0.0017673469110162,0.0351471704251039
534,0.35,False,1.0,1.0,0.35,0.1,anisotropic,0.0125,0.0215443469003188,500000,386.2757954597473,21.79069093103193,0.8579639473754377,0.0065966472183339,22.058670787829197,0.8871093643395588,0.0062019073410091,0.033413887782563
535,0.35,False,1.0,1.0,0.35,0.1,anisotropic,0.0125,0.0021544346900318,500000,383.4999170303345,32.89482347387105,0.9130253228726108,0.000427571349024,27.76619445265191,0.8622198372985375,0.0013927446477102,0.0351943433540944
536,0.35,False,1.0,1.0,0.35,0.1,anisotropic,0.0125,0.01,500000,383.72782135009766,22.43728250803436,0.8726591365367381,0.0056928256973219,21.83390681314432,0.872947642965332,0.0065413209195166,0.0350898936595589
537,0.35,False,1.0,1.0,0.35,0.1,anisotropic,0.0125,0.0464158883361277,500000,387.66666746139526,30.86665263948889,0.9689997539253324,0.0008186782853862,29.671242127356276,0.9706295838317068,0.0010780882743513,0.0297964801465408
538,0.35,False,1.0,1.0,0.35,0.1,anisotropic,0.0125,0.0215443469003188,500000,386.59245204925537,32.060056819342094,0.9613930202624732,0.0006182728088871,28.71193053647843,0.91285324409361,0.0013365732818235,0.0281288534328719
539,0.35,False,1.0,1.0,0.35,0.1,anisotropic,0.0125,0.01,500000,384.69282126426697,30.309946603610157,0.937262873010404,0.0009270139678292,27.50579435558833,0.9303580974898356,0.0017680783356446,0.0366985943822578
540,0.35,False,1.0,1.0,0.35,0.1,anisotropic,0.0125,0.0046415888336127,500000,385.99888467788696,24.72931647329129,0.8449074734579045,0.0032620904196322,24.323677500275338,0.8483949473601515,0.003581458243752,0.0336148560812607
541,0.35,False,1.0,1.0,0.35,0.1,anisotropic,0.0125,0.0464158883361277,500000,383.4720969200134,31.682044896826127,0.9366990466522492,0.0006751766445098,31.204305984465837,0.9675525448829748,0.0007536874820147,0.0294372324562857
542,0.35,False,1.0,1.0,0.35,0.1,anisotropic,0.0125,0.01,500000,386.2673213481903,22.15410944349697,0.8372052780940817,0.0060456880394008,21.88857483495244,0.8310768680097429,0.006426865252404,0.0356950718784872
543,0.35,False,1.0,1.0,0.35,0.1,anisotropic,0.0125,0.01,500000,387.1242692470551,27.83468504281073,0.882908897717243,0.0016265028568151,28.42370507231167,0.9551640807990468,0.001420210854122,0.0324990399931692
544,0.35,False,1.0,1.0,0.35,0.1,anisotropic,0.0125,0.0464158883361277,500000,388.4517812728882,33.153461870103925,0.9642684231419671,0.000483345300014,32.45821244485376,0.9803605912406838,0.0005672603681082,0.0310442405605156
545,0.35,False,1.0,1.0,0.35,0.1,anisotropic,0.0125,0.01,500000,383.8889217376709,20.635509945056256,0.784843689858694,0.0085557346563959,19.61881841086193,0.7378480026087685,0.0108125084660365,0.0412383412796052
546,0.35,False,1.0,1.0,0.35,0.1,anisotropic,0.0125,0.01,500000,386.6861445903778,31.047509717068948,0.9167178898692564,0.0007759811047415,29.70556928459154,0.9532227607743644,0.0010569274796119,0.0353532863196845
547,0.35,False,1.0,1.0,0.35,0.1,anisotropic,0.0125,0.001,500000,382.8091917037964,23.54513956546721,0.8637390859304186,0.0042291023541066,23.06229679969096,0.865146675660077,0.0047264217567386,0.0343344100107701
548,0.35,False,1.0,1.0,0.35,0.1,anisotropic,0.0125,0.0046415888336127,500000,385.92561531066895,34.15998940518948,0.9393671394483566,0.0003743524834389,30.913797399897657,0.9126155543028652,0.0007904964412134,0.0282206990296886
549,0.35,False,1.0,1.0,0.35,0.1,anisotropic,0.0125,0.0464158883361277,500000,385.8334984779358,24.126708978475865,0.8537529921491589,0.0038064558725873,24.250219104756532,0.8863583183421971,0.0036997279188067,0.0310258860818725
550,0.35,False,1.0,1.0,0.35,0.1,anisotropic,0.0125,0.0046415888336127,500000,372.99974036216736,33.08386874937295,0.9408887082915868,0.0004791098515083,30.418092280810427,0.9391183010977144,0.0008851415909498,0.0320241556004318
551,0.35,False,1.0,1.0,0.35,0.1,anisotropic,0.0125,0.0004641588833612,500000,371.4018070697784,28.106129679689364,0.886063904720034,0.0012505713654712,28.30107771282493,0.92482909045894,0.0011956764542829,0.0334552194842181
552,0.35,False,1.0,1.0,0.35,0.1,anisotropic,0.0125,0.0215443469003188,500000,370.2565865516663,31.551435042555667,0.9713231371451015,0.0006994754176352,30.137458532261604,0.9694522702368544,0.0009686571918982,0.0293674136552369
553,0.35,False,1.0,1.0,0.35,0.1,anisotropic,0.0125,0.01,500000,370.7451229095459,33.859000604561786,0.9409606657765304,0.0003319125509942,30.01740557137218,0.8995255252749331,0.0008038651082341,0.0296241610570326
554,0.35,False,1.0,1.0,0.35,0.1,anisotropic,0.0125,0.01,500000,370.1728279590607,28.31932929266609,0.9037690585563994,0.0013538318343808,27.74376820192265,0.9067345378282282,0.0015456844259732,0.0301480466307945
555,0.35,False,1.0,1.0,0.35,0.1,anisotropic,0.0125,0.0215443469003188,500000,371.9670042991638,24.836381139469616,0.923851574106644,0.0032791560326915,24.41463225053827,0.9220150964059736,0.0036135741530466,0.0286754492238718
556,0.35,False,1.0,1.0,0.35,0.1,anisotropic,0.0125,0.0046415888336127,500000,368.6524569988251,29.922053709520448,0.9598767298719284,0.0010133050935402,27.77307509735649,0.9395865290290528,0.0016620270467185,0.0319661578545674
557,0.35,False,1.0,1.0,0.35,0.1,anisotropic,0.0125,0.0021544346900318,500000,375.3221173286438,27.685399362389447,0.8837384927183994,0.0016650467586788,25.808474605239763,0.9035641064993188,0.0025651862882334,0.0405536401680669
558,0.35,False,1.0,1.0,0.35,0.1,anisotropic,0.0125,0.0464158883361277,500000,370.9517140388489,36.17567770090783,0.9799696435659666,0.0002409928773478,36.285390072435774,0.9889130005574152,0.0002349811202043,0.0250765544983848
559,0.35,False,1.0,1.0,0.35,0.1,anisotropic,0.0125,0.0464158883361277,500000,371.5633008480072,35.702287731630165,0.979104541077471,0.000268816938804,34.81755601698985,0.9867347306278046,0.0003295564398956,0.0278724385110873
560,0.35,False,1.0,1.0,0.35,0.1,anisotropic,0.0125,0.0464158883361277,500000,369.2497069835663,35.902462286648074,0.9877122260373956,0.000256627034448,34.59602320032587,0.9875247304698336,0.0003466939906426,0.0256428391077043
561,0.35,False,1.0,1.0,0.35,0.1,anisotropic,0.0125,0.01,500000,369.3695182800293,26.704101993132998,0.9129894095565536,0.0021041052001516,24.92164965688416,0.8694097463903653,0.0031718503097686,0.0369659614340825
562,0.35,False,1.0,1.0,0.35,0.1,anisotropic,0.0125,0.01,500000,371.4832861423493,26.794701858457607,0.8704522639213795,0.0020096715491995,26.606023986852115,0.8986557400085662,0.0020989054316331,0.0294839491023088
563,0.35,False,1.0,1.0,0.35,0.1,anisotropic,0.0125,0.0464158883361277,500000,370.5021860599518,28.741105294027584,0.9301387867354332,0.0013349945364069,27.92145771759032,0.925922732434614,0.0016122940302744,0.0304073739332529
564,0.35,False,1.0,1.0,0.35,0.1,anisotropic,0.0125,0.0046415888336127,500000,371.5429220199585,34.7833572338609,0.9699996912575328,0.0003321077403165,29.223251996750065,0.9260314941996792,0.0011947843391425,0.0300276631276522
565,0.35,False,1.0,1.0,0.35,0.1,anisotropic,0.0125,0.0046415888336127,500000,367.0980472564697,26.29765833686728,0.917311116284803,0.0022628741449302,24.435464586258608,0.8890051404142549,0.003474399672185,0.0307244426739553
566,0.35,False,1.0,1.0,0.35,0.1,anisotropic,0.0125,0.0464158883361277,500000,370.4982807636261,29.72089429008408,0.9291028773472412,0.0007475251091267,29.74697480036218,0.948933276595934,0.000743049479035,0.026155492182722
567,0.35,False,1.0,1.0,0.35,0.1,anisotropic,0.0125,0.0464158883361277,500000,369.34326553344727,36.481620863814015,0.9836121694697924,0.0002247618134354,36.17862850021142,0.9899742153461688,0.0002410026199282,0.0246096511913432
568,0.35,False,1.0,1.0,0.35,0.1,anisotropic,0.0125,0.0002154434690031,500000,368.7157881259918,21.22655962223351,0.7103630546327113,0.0073076278814209,20.660091672660293,0.697857472369786,0.0083257471826451,0.047574721371219
569,0.35,False,1.0,1.0,0.35,0.1,anisotropic,0.0125,0.0464158883361277,500000,367.1961596012116,26.25808967159996,0.9487292365245696,0.0023666113065197,26.62082580222797,0.9644966136462012,0.0021769743997937,0.0353976876436913
570,0.35,False,1.0,1.0,0.35,0.1,anisotropic,0.0125,0.0046415888336127,500000,367.3633561134338,25.77707606999308,0.905290832196996,0.0025849014800723,24.07780662845725,0.8863619221072534,0.0038227063623205,0.03365832618061
571,0.35,False,1.0,1.0,0.35,0.1,anisotropic,0.0125,0.01,500000,368.3798124790192,30.745250308427455,0.9501761760944518,0.0008396358940265,26.816081619882468,0.8821842075537085,0.00207495109432,0.0331480293167063
572,0.35,False,1.0,1.0,0.35,0.1,anisotropic,0.0125,0.0002154434690031,500000,369.9956362247467,28.75777329580964,0.855434939866346,0.0011493408859956,27.515922282336824,0.8785767645965091,0.0015297975380676,0.0398689590868101
573,0.35,False,1.0,1.0,0.35,0.1,anisotropic,0.0125,0.0464158883361277,500000,369.98462867736816,31.67163854562629,0.9548760365403915,0.0006784279079792,30.53203922969278,0.9728963045544948,0.0008819899498889,0.0306762173869123
574,0.35,False,1.0,1.0,0.35,0.1,anisotropic,0.0125,0.0021544346900318,500000,369.7109224796295,33.014444624053006,0.9633561473203078,0.00049070687096,28.009879664494743,0.911622885493242,0.0015533833113793,0.0321281677298964
575,0.35,False,1.0,1.0,0.35,0.1,anisotropic,0.0125,0.0464158883361277,500000,367.5349681377411,28.16497195640106,0.9509167030329844,0.001525340128724,27.39878127040964,0.9613068694035284,0.0018196412124075,0.0331567030118801
576,0.35,False,1.0,1.0,0.35,0.1,anisotropic,0.0125,0.001,500000,369.9098248481751,34.23358523342293,0.9432442589976248,0.0003768168251659,29.99736901108273,0.9298303978114164,0.0009994289110583,0.0335124182373669
577,0.35,False,1.0,1.0,0.35,0.1,anisotropic,0.0125,0.0046415888336127,500000,376.415472984314,30.085520796495537,0.8818232651811467,0.000938567191719,28.9182968230871,0.9198805866815328,0.0012279700269628,0.0348546627282307
578,0.35,False,1.0,1.0,0.35,0.1,anisotropic,0.0125,0.0046415888336127,500000,368.8753750324249,28.03614931798579,0.919094099545321,0.0015628083176615,25.61311799726425,0.8892282460864932,0.0027302904251056,0.0341444902919501
579,0.35,False,1.0,1.0,0.35,0.1,anisotropic,0.0125,0.01,500000,370.52808451652527,26.006602965052995,0.9292946390713082,0.0024902381290171,24.1808944561582,0.8879342569751897,0.0037915058410449,0.0321379529767296
580,0.35,False,1.0,1.0,0.35,0.1,anisotropic,0.0125,0.01,500000,373.9460422992706,29.14604181201249,0.9724173976380964,0.0012156623249853,27.841258411729743,0.9589322909567728,0.0016416905472841,0.0290393282512156
581,0.35,False,1.0,1.0,0.35,0.1,anisotropic,0.0125,0.01,500000,370.7479116916657,30.560403832780448,0.9474813291382136,0.0008787080302771,30.22594496613526,0.961693417941504,0.0009490530341842,0.036037500412922
582,0.35,False,1.0,1.0,0.35,0.1,anisotropic,0.0125,0.0046415888336127,500000,370.0984802246094,25.95740653843237,0.907026565072181,0.0025090899101158,24.554921069511284,0.8946079104450899,0.0034654909647405,0.0374196521204813
583,0.35,False,1.0,1.0,0.35,0.1,anisotropic,0.0125,0.0215443469003188,500000,370.58211302757263,35.5908205130976,0.9741480596283562,0.0002758127685667,34.305475044982884,0.9793533242853594,0.000370807845651,0.0317300729196304
584,0.35,False,1.0,1.0,0.35,0.1,anisotropic,0.0125,0.0021544346900318,500000,370.9106998443604,26.774545410467542,0.9311827640412808,0.0020846254305452,26.17943721962729,0.933123543479919,0.0023907757966675,0.0340501073177858
585,0.35,False,1.0,1.0,0.35,0.1,anisotropic,0.0125,0.0046415888336127,500000,372.882257938385,31.950350910720434,0.9536296697629034,0.0006053866185101,28.6395694565701,0.9369958868414002,0.0012975107433457,0.0333083120725743
586,0.35,False,1.0,1.0,0.35,0.1,anisotropic,0.0125,0.01,500000,372.06681537628174,22.19314872187943,0.8040456996349742,0.0060178935123119,22.25254379759712,0.8604213217749747,0.0059361517007416,0.0406175467617505
587,0.35,False,1.0,1.0,0.35,0.1,anisotropic,0.0125,0.0464158883361277,500000,373.2715709209442,34.42639638944734,0.9758642836081056,0.0003604680839334,33.55245314322209,0.9839407955746418,0.0004408198502338,0.0269086157067143
588,0.35,False,1.0,1.0,0.35,0.1,anisotropic,0.0125,0.0215443469003188,500000,366.8054320812225,27.30013896950628,0.9508687343973184,0.0018570300032695,27.518798326089595,0.9642391229548414,0.0017658466461884,0.0276528156464884
589,0.35,False,1.0,1.0,0.35,0.1,anisotropic,0.0125,0.0002154434690031,500000,368.6184175014496,27.04253951931565,0.8950619267442843,0.0018842320415363,26.263114962688785,0.922783702774108,0.002254638093501,0.037063279304521
590,0.35,False,1.0,1.0,0.35,0.1,anisotropic,0.0125,0.0046415888336127,500000,368.4353623390198,27.65506284606761,0.9111135931795672,0.0016596607848566,27.52191598719972,0.9423442419070488,0.0017113310033116,0.0325567738439604
591,0.35,False,1.0,1.0,0.35,0.1,anisotropic,0.0125,0.0001,500000,372.2173936367035,32.438437067902875,0.9211773958464902,0.0005488436918459,27.386322709179936,0.8619191388267784,0.0017565483676648,0.0383438410361444
592,0.35,False,1.0,1.0,0.35,0.1,anisotropic,0.0125,0.0021544346900318,500000,370.2106068134308,24.913231228063523,0.8265645925437474,0.0030589332345318,23.554064879210767,0.7931967455397426,0.0041829881367534,0.0365910343046578
593,0.35,False,1.0,1.0,0.35,0.1,anisotropic,0.0125,0.0215443469003188,500000,367.5172302722931,28.968713960389728,0.9660235521468312,0.0012663423734226,28.370112502592253,0.964546960222534,0.001453487445627,0.0298937591704904
594,0.35,False,1.0,1.0,0.35,0.1,anisotropic,0.0125,0.001,500000,368.45193886756897,32.941786383155176,0.9155596155141664,0.0005033319664511,27.300349813516945,0.8924262310947378,0.0018450076453908,0.0429882113132325
595,0.35,False,1.0,1.0,0.35,0.1,anisotropic,0.0125,0.0464158883361277,500000,368.0270450115204,23.927446782317418,0.8496654871052298,0.0039486851252328,24.150350993649173,0.8754980870614333,0.0037511297166648,0.0274874158657119
596,0.35,False,1.0,1.0,0.35,0.1,anisotropic,0.0125,0.0021544346900318,500000,373.32335901260376,29.11667804694172,0.9002072261934377,0.0012131027641648,25.69998144685411,0.8915142115498926,0.0026642026277482,0.0409947074971254
597,0.35,False,1.0,1.0,0.35,0.1,anisotropic,0.0125,0.0464158883361277,500000,374.2384164333344,36.20964172880656,0.9830516123913297,0.0002389265843587,34.88865256196017,0.9868444105801624,0.0003238645337609,0.0278157262312852
598,0.35,False,1.0,1.0,0.35,0.1,anisotropic,0.0125,0.01,500000,373.45878744125366,29.63074205320516,0.9505064295530968,0.0010878954815124,27.6900831565615,0.9348065537923514,0.0017007992772063,0.0302734086827628
599,0.35,False,1.0,1.0,0.35,0.1,anisotropic,0.0125,0.0464158883361277,500000,371.8634805679321,31.826093984182965,0.9706071411589868,0.0006565722210315,30.513607613834715,0.9650086307588938,0.0008882416656699,0.0274822721540901
600,0.35,False,1.0,1.0,0.35,0.1,anisotropic,0.0125,0.01,500000,384.6449909210205,30.4551260236574,0.9583714719718897,0.0008979769557293,27.89249867263568,0.9385917834582,0.0016200481660883,0.0312325257447216
601,0.35,False,1.0,1.0,0.35,0.1,anisotropic,0.0125,0.0215443469003188,500000,383.81692934036255,38.75552886301523,0.9797017261227764,0.0001331693187356,39.57410081157192,0.9888978969296884,0.0001102927545056,0.030279200409985
602,0.35,False,1.0,1.0,0.35,0.1,anisotropic,0.0125,0.0464158883361277,500000,381.3688099384308,29.628664371823184,0.9208834197121836,0.0009335965982416,28.89163877500045,0.923986392578886,0.0011062717448666,0.0239709172709236
603,0.35,False,1.0,1.0,0.35,0.1,anisotropic,0.0125,0.0464158883361277,500000,385.648517370224,30.696075003919923,0.978406919145599,0.0008507396967205,30.545770144958645,0.972244354473854,0.000880698352601,0.0316937410584762
604,0.35,False,1.0,1.0,0.35,0.1,anisotropic,0.0125,0.0046415888336127,500000,383.6882083415985,31.563107032694862,0.9384583155214504,0.0006767675703339,28.116779951132305,0.9276579593535168,0.0014964845861844,0.0350924958231805
605,0.35,False,1.0,1.0,0.35,0.1,anisotropic,0.0125,0.0046415888336127,500000,383.93813371658325,30.006031193165622,0.8637187865334685,0.0009926592837075,29.8675327802263,0.9432737489597984,0.0010248257992227,0.0369051047168005
606,0.35,False,1.0,1.0,0.35,0.1,anisotropic,0.0125,0.0464158883361277,500000,383.0855770111084,35.265211583870865,0.9894611658449672,0.0002969117113814,33.956284560671136,0.9822932254023328,0.0004013470087897,0.0266650486745367
607,0.35,False,1.0,1.0,0.35,0.1,anisotropic,0.0125,0.0046415888336127,500000,382.4245185852051,24.185216839543333,0.91477341708139,0.0037955905826439,23.340854683933024,0.8891111158342659,0.0046101555174741,0.0371232964378468
608,0.35,False,1.0,1.0,0.35,0.1,anisotropic,0.0125,0.0046415888336127,500000,384.7734680175781,35.183686628193364,0.9433568467616664,0.0003024629533096,29.70525831292505,0.9037856953663432,0.0010678617234902,0.0329925395035965
609,0.35,False,1.0,1.0,0.35,0.1,anisotropic,0.0125,0.0021544346900318,500000,383.29416823387146,29.765357305937165,0.9315494967650128,0.0010540528361293,27.08299602721521,0.9295992962572656,0.001954782799878,0.0430763596367849
610,0.35,False,1.0,1.0,0.35,0.1,anisotropic,0.0125,0.0464158883361277,500000,383.1764237880707,20.419124442214358,0.8480517536701964,0.009076060893934,20.110403451038504,0.8297053428679444,0.0097447230363131,0.0308355374077127
611,0.35,False,1.0,1.0,0.35,0.1,anisotropic,0.0125,0.0021544346900318,500000,387.59144830703735,32.37306320939784,0.947034137198095,0.0005700411803395,31.049752620384407,0.9562244643155547,0.0007731028772273,0.031200623446948
612,0.35,False,1.0,1.0,0.35,0.1,anisotropic,0.0125,0.01,500000,386.60271859169006,28.964667250523984,0.961146218982746,0.0012613159053636,27.163657727604743,0.9345299875088732,0.0019095226957326,0.0283923905262187
613,0.35,False,1.0,1.0,0.35,0.1,anisotropic,0.0125,0.0004641588833612,500000,380.9185993671417,28.876754898741595,0.8460978424139239,0.0012853755017154,27.465639236511507,0.8846383709358935,0.0017788592422715,0.0444219538549526
614,0.35,False,1.0,1.0,0.35,0.1,anisotropic,0.0125,0.0215443469003188,500000,384.0088028907776,20.380339497104444,0.8123605732067056,0.0091069986559892,20.455237897971585,0.8320261155748985,0.008951285979927,0.0333207796929404
615,0.35,False,1.0,1.0,0.35,0.1,anisotropic,0.0125,0.0046415888336127,500000,380.0499067306519,30.20081771894986,0.941183603198454,0.0009344106330424,29.635960348012794,0.9625203972672306,0.0010642006231807,0.0329131390484399
616,0.35,False,1.0,1.0,0.35,0.1,anisotropic,0.0125,0.0046415888336127,500000,382.84511709213257,30.68311867739117,0.9465219375514036,0.0008028027225802,26.91582621192663,0.8986261528257773,0.0019113405919976,0.0302053284314544
617,0.35,False,1.0,1.0,0.35,0.1,anisotropic,0.0125,0.01,500000,382.550699710846,26.029377248676827,0.9083420213428663,0.0024751783149315,23.66226931828461,0.8619581964521937,0.0042689128086551,0.0335482183474973
618,0.35,False,1.0,1.0,0.35,0.1,anisotropic,0.0125,0.0021544346900318,500000,383.7169530391693,23.50296857238675,0.8744957326573262,0.00433776456573,21.41823011173116,0.7798824179999196,0.0070103519639506,0.0395582263266645
619,0.35,False,1.0,1.0,0.35,0.1,anisotropic,0.0125,0.01,500000,386.7732410430908,32.27352496855696,0.9463347846345326,0.0005781788201842,31.436504902079264,0.9624880740409693,0.0007010745230879,0.0277522192589194
620,0.35,False,1.0,1.0,0.35,0.1,anisotropic,0.0125,0.01,500000,382.4539966583252,19.455058303217196,0.8065723081108616,0.0113165933760685,19.12790547966736,0.7889390757199278,0.0122019992399146,0.0343981480902754
621,0.35,False,1.0,1.0,0.35,0.1,anisotropic,0.0125,0.0046415888336127,500000,389.2656862735748,31.809488813806333,0.9255864542984986,0.0006141391908441,28.296983608073564,0.923627853495246,0.0013788509828686,0.0366242103995789
622,0.35,False,1.0,1.0,0.35,0.1,anisotropic,0.0125,0.0464158883361277,500000,384.0800936222077,33.31902009734459,0.975352475394887,0.0004656106869743,32.81958920327249,0.9790919099951456,0.0005223553286036,0.0276305481408666
623,0.35,False,1.0,1.0,0.35,0.1,anisotropic,0.0125,0.01,500000,383.299281835556,29.58033632751623,0.9130776438577152,0.0010852430957826,27.211915390551887,0.9343659452961348,0.0018722727882311,0.0332449577682594
624,0.35,False,1.0,1.0,0.35,0.1,anisotropic,0.0125,0.01,500000,381.237738609314,27.86414094315617,0.9565596959922144,0.001626834654269,27.0213951213786,0.9421692452892466,0.0019752314741223,0.029826364359403
625,0.35,False,1.0,1.0,0.35,0.1,anisotropic,0.0125,0.0046415888336127,500000,384.490149974823,27.89167662562921,0.8808659986863288,0.0016043146532772,28.69248372644082,0.9508285010744428,0.0013341628397413,0.0330863260118513
626,0.35,False,1.0,1.0,0.35,0.1,anisotropic,0.0125,0.0464158883361277,500000,388.6454999446869,30.438978124213115,0.9698353208712676,0.0009032564971018,29.81349025755321,0.9741691190081232,0.0010431815100893,0.0252450940933369
627,0.35,False,1.0,1.0,0.35,0.1,anisotropic,0.0125,0.0215443469003188,500000,383.96592926979065,35.27836346852876,0.9748985713513943,0.0002960125618524,35.36680057790137,0.9855624239700436,0.0002900456995276,0.0260949346922958
628,0.35,False,1.0,1.0,0.35,0.1,anisotropic,0.0125,0.001,500000,384.6971127986908,31.517112314273497,0.9439117242542538,0.0005643187806855,24.677790222145948,0.8350889592091404,0.0027255660637964,0.0349506688825844
629,0.35,False,1.0,1.0,0.35,0.1,anisotropic,0.0125,0.01,500000,383.54651975631714,33.17611645268867,0.9485322241437824,0.0004732587784401,31.975541294500275,0.9617626077588248,0.0006239592023669,0.0293715449087331
630,0.35,False,1.0,1.0,0.35,0.1,anisotropic,0.0125,0.0021544346900318,500000,386.0379350185394,32.4745841876196,0.934381989669646,0.0005643963110646,29.7559976278244,0.9452975005400436,0.0010554625360077,0.0339181899873361
631,0.35,False,1.0,1.0,0.35,0.1,anisotropic,0.0125,0.001,500000,384.05584025383,32.35848136259138,0.924236503822786,0.0005707679822658,27.776335793215186,0.8735006091761277,0.0016393593421891,0.0324709792767003
632,0.35,False,1.0,1.0,0.35,0.1,anisotropic,0.0125,0.0046415888336127,500000,382.7416467666626,35.956130993777656,0.9337448258448272,0.0002499039034081,30.280356305960595,0.9133737320443628,0.0009233163125994,0.0359107796141398
633,0.35,False,1.0,1.0,0.35,0.1,anisotropic,0.0125,0.01,500000,384.0942766666413,28.585763444859992,0.925866157371692,0.0013776039078193,29.52799860662421,0.9680015557816612,0.0011089216178164,0.0305864820074246
634,0.35,False,1.0,1.0,0.35,0.1,anisotropic,0.0125,0.001,500000,385.3478693962097,26.83820761098366,0.9523995839503308,0.0020636880246085,25.83019042731991,0.9361130954332356,0.0026028297521178,0.0348065009014818
635,0.35,False,1.0,1.0,0.35,0.1,anisotropic,0.0125,0.0215443469003188,500000,387.74327063560486,36.4119064996383,0.9837379324098235,0.0002283172039109,36.343440269598005,0.9898751439692632,0.0002319451309942,0.0265368562488102
636,0.35,False,1.0,1.0,0.35,0.1,anisotropic,0.0125,0.0215443469003188,500000,382.9833528995514,38.06887974641954,0.977406244512792,0.0001559036401915,39.40134868352763,0.9923267749679036,0.0001147121347592,0.0267001068725165
637,0.35,False,1.0,1.0,0.35,0.1,anisotropic,0.0125,0.0046415888336127,500000,382.826949596405,27.566603750879175,0.8970040229888667,0.0016535666477272,24.930453934550656,0.8259640241462144,0.0030341474734626,0.0326959176868421
638,0.35,False,1.0,1.0,0.35,0.1,anisotropic,0.0125,0.0464158883361277,500000,383.4628713130951,28.425934542204597,0.96013343735766,0.0014366554083314,28.528973222061577,0.969348018372397,0.0014029711616934,0.0331757411152344
639,0.35,False,1.0,1.0,0.35,0.1,anisotropic,0.0125,0.0021544346900318,500000,382.8676187992096,31.304630014922587,0.9502301926805434,0.0007320010504993,27.17050476218669,0.8907401693053935,0.0018963750359408,0.0353353838706136
640,0.35,False,1.0,1.0,0.35,0.1,anisotropic,0.0125,0.01,500000,386.78638219833374,24.598544704042165,0.8715375646974282,0.003410904010251,23.52207514553855,0.8860669517364242,0.0043703523609524,0.0386577529877137
641,0.35,False,1.0,1.0,0.35,0.1,anisotropic,0.0125,0.0464158883361277,500000,390.18523931503296,24.63859531289097,0.8710878312715437,0.0033359211960033,24.91996916305743,0.8929226881660894,0.0031266437303719,0.0289832656642838
642,0.35,False,1.0,1.0,0.35,0.1,anisotropic,0.0125,0.01,500000,382.7633538246155,26.11328045633197,0.8742927296942304,0.002402739769666,25.977461559254294,0.8917777781197523,0.0024790690675741,0.0299855220165911
643,0.35,False,1.0,1.0,0.35,0.1,anisotropic,0.0125,0.01,500000,382.4505960941314,28.192856778070468,0.9332371871336734,0.0014952196798579,28.0549287798054,0.9570074673060937,0.0015434686200493,0.0310107471319106
644,0.35,False,1.0,1.0,0.35,0.1,anisotropic,0.0125,0.0004641588833612,500000,383.1102135181427,28.726857490210435,0.9039822642879084,0.0012120433792464,26.20487066633448,0.8637164012458608,0.0021662912521936,0.034999692109392
645,0.35,False,1.0,1.0,0.35,0.1,anisotropic,0.0125,0.0215443469003188,500000,380.2675440311432,35.41407360802372,0.9728344571252124,0.0002873194213271,35.02934711596397,0.98479788311441,0.0003139334785516,0.0294038052271372
646,0.35,False,1.0,1.0,0.35,0.1,anisotropic,0.0125,0.01,500000,382.5163848400116,22.96247538547874,0.8992789795279864,0.0050334471110445,22.86760651585538,0.9029387574144984,0.0051446092775698,0.0297113612803158
647,0.35,False,1.0,1.0,0.35,0.1,anisotropic,0.0125,0.0002154434690031,500000,384.0771749019623,29.69151273076517,0.9327680871356832,0.0009565281110711,24.825689107358503,0.8512058656424687,0.0029327841480168,0.0351243225422713
648,0.35,False,1.0,1.0,0.35,0.1,anisotropic,0.0125,0.0464158883361277,500000,380.9706840515137,29.358458476573265,0.8733334776890113,0.000977217528305,29.66419724143062,0.919341715411819,0.0009107881506391,0.0306858008598479
649,0.35,False,1.0,1.0,0.35,0.1,anisotropic,0.0125,0.0464158883361277,500000,381.7507741451264,36.50559545202333,0.9847077128069442,0.000223489901472,36.58158952683649,0.99192423214266,0.0002196132285414,0.0255417784071315
650,0.35,False,1.0,1.0,0.35,0.1,anisotropic,0.0125,0.0046415888336127,500000,375.3687727451325,28.40977529329959,0.9150478478083408,0.0008030847861113,23.94488881557063,0.8052985472716254,0.002245174217499,0.0302744601384186
651,0.35,False,1.0,1.0,0.35,0.1,anisotropic,0.0125,0.01,500000,377.8405034542084,29.066711608281665,0.9359811429061312,0.0012370459436096,28.81142700537401,0.9557411314738996,0.0013119409553814,0.0358326518008536
652,0.35,False,1.0,1.0,0.35,0.1,anisotropic,0.0125,0.0004641588833612,500000,375.4624536037445,33.19354229985851,0.9431722646615444,0.0004563020615643,29.92132349777309,0.9355874492893188,0.0009693359305778,0.0339213382672569
653,0.35,False,1.0,1.0,0.35,0.1,anisotropic,0.0125,0.001,500000,373.08246660232544,22.946527356698844,0.8375371205997652,0.0049618214407528,22.389840187979736,0.865996746355818,0.0056403992775694,0.0409940851677535
654,0.35,False,1.0,1.0,0.35,0.1,anisotropic,0.0125,0.0046415888336127,500000,376.0764055252075,24.948964675928128,0.9094237919350106,0.0031872570767322,25.064561306796517,0.9317114145002194,0.0031035405989606,0.0313569606984354
655,0.35,False,1.0,1.0,0.35,0.1,anisotropic,0.0125,0.0464158883361277,500000,372.9241588115692,31.900083269709476,0.9767202124777504,0.0006439537652963,30.80730979392814,0.9644405798154636,0.000828193913525,0.030713019291732
656,0.35,False,1.0,1.0,0.35,0.1,anisotropic,0.0125,0.0021544346900318,500000,378.4482080936432,33.07547119948212,0.9092390888570898,0.0004070581151854,28.43873504796744,0.9131031738796176,0.0011839409236877,0.0412927379114924
657,0.35,False,1.0,1.0,0.35,0.1,anisotropic,0.0125,0.0004641588833612,500000,375.842809677124,31.626081021684627,0.9131646212564788,0.0005528807418656,28.04718621367141,0.8546651104688012,0.0012604364199756,0.0316431203005199
658,0.35,False,1.0,1.0,0.35,0.1,anisotropic,0.0125,0.01,500000,381.049289226532,31.79678364726933,0.9500009056990104,0.0004495561760172,28.27596635862916,0.8966050067148928,0.0010112666782617,0.0282667563907679
659,0.35,False,1.0,1.0,0.35,0.1,anisotropic,0.0125,0.0046415888336127,500000,373.2544548511505,33.48658461115507,0.9530752093253596,0.0004138415870327,28.654121017608237,0.8999401078893208,0.0012591587571069,0.0321254170531777
660,0.35,False,1.0,1.0,0.35,0.1,anisotropic,0.0125,0.0215443469003188,500000,376.3297872543335,25.46414102718276,0.843348668252122,0.0027547960308095,25.348115210529663,0.8681496278064361,0.0028293848921771,0.031271492993021
661,0.35,False,1.0,1.0,0.35,0.1,anisotropic,0.0125,0.0046415888336127,500000,375.371919631958,29.571223730448363,0.932934555698688,0.0010546710553899,27.173086654960525,0.9381280113302176,0.0018320222118819,0.0328721784756396
662,0.35,False,1.0,1.0,0.35,0.1,anisotropic,0.0125,0.0046415888336127,500000,378.0016024112701,24.45678402537509,0.8752184444816536,0.0035492013877553,23.859348085293806,0.8596718685341886,0.0040726232538581,0.0330030270058002
663,0.35,False,1.0,1.0,0.35,0.1,anisotropic,0.0125,0.0215443469003188,500000,373.1954593658447,34.036443520225525,0.9733491790903492,0.0003932998751468,32.42463944995659,0.9727915162859356,0.0005700385353897,0.0267315141623638
664,0.35,False,1.0,1.0,0.35,0.1,anisotropic,0.0125,0.0021544346900318,500000,377.5766286849976,24.75505169981793,0.9222695092606146,0.0033344885870926,22.97309632492589,0.8610350297560894,0.005026026484825,0.0377968505884839
665,0.35,False,1.0,1.0,0.35,0.1,anisotropic,0.0125,0.0464158883361277,500000,376.9381022453308,25.816084978321005,0.9447837996300954,0.0026185027744856,26.085294084191656,0.9606353758299008,0.0024611162492887,0.0258431105143508
666,0.35,False,1.0,1.0,0.35,0.1,anisotropic,0.0125,0.01,500000,376.75568652153015,25.03203953015705,0.8143885480577925,0.0030898057650051,23.84441627745429,0.8506230195097733,0.0040615659023527,0.0431942860080791
667,0.35,False,1.0,1.0,0.35,0.1,anisotropic,0.0125,0.0215443469003188,500000,373.8325297832489,27.97342917079469,0.9648202077463872,0.0015933009877714,28.331347504424848,0.970092719585414,0.0014672563306962,0.030329372590223
668,0.35,False,1.0,1.0,0.35,0.1,anisotropic,0.0125,0.0046415888336127,500000,376.10170912742615,24.2850713618852,0.8532838482133566,0.0036777488536144,23.68428491990841,0.8581089879929146,0.0042233853875537,0.0369467801648266
669,0.35,False,1.0,1.0,0.35,0.1,anisotropic,0.0125,0.01,500000,374.2666075229645,22.634458356719914,0.9045309330949788,0.0054438118423377,22.68758027195669,0.906449163113891,0.0053776299576047,0.032700591049401
670,0.35,False,1.0,1.0,0.35,0.1,anisotropic,0.0125,0.01,500000,380.6429064273834,34.036770507062975,0.9512201069680728,0.0003668053537652,33.06859439077769,0.964338555071198,0.0004584091497648,0.0273586538748611
671,0.35,False,1.0,1.0,0.35,0.1,anisotropic,0.0125,0.0215443469003188,500000,377.2463846206665,23.70651836534545,0.8756515323524614,0.0042460864936348,24.19766648375244,0.9341056097146307,0.0037920497350872,0.0267488762008328
672,0.35,False,1.0,1.0,0.35,0.1,anisotropic,0.0125,0.0464158883361277,500000,375.3177404403687,34.82212956770416,0.9856171988309724,0.000329246986977,34.216776323206105,0.9870329909618782,0.0003784923741387,0.0245070679964425
673,0.35,False,1.0,1.0,0.35,0.1,anisotropic,0.0125,0.0215443469003188,500000,373.6410877704621,32.19809838520615,0.966217571229534,0.0006022160374653,31.731675612501657,0.9778265801703544,0.0006704935342506,0.0280183698888576
674,0.35,False,1.0,1.0,0.35,0.1,anisotropic,0.0125,0.1,500000,372.5169007778168,34.22454883586185,0.9448375029499018,0.0003713791831389,34.27549033157631,0.9677298377438384,0.0003670484606761,0.0233371890621377
675,0.35,False,1.0,1.0,0.35,0.1,anisotropic,0.0125,0.0046415888336127,500000,375.7200698852539,26.42523409592611,0.8835233852736557,0.0021506131010207,25.428893925934524,0.8811816204978363,0.002705180848151,0.0320314234054633
676,0.35,False,1.0,1.0,0.35,0.1,anisotropic,0.0125,0.0021544346900318,500000,373.3533802032471,32.0674272353177,0.939575238627984,0.0005487767978463,28.44323437797101,0.9148156622008756,0.0012641977904952,0.0331060546630866
677,0.35,False,1.0,1.0,0.35,0.1,anisotropic,0.0125,0.0215443469003188,500000,377.4679017066956,22.694346328304945,0.8455374319487806,0.0053673408026784,22.82351614951172,0.9103263929166088,0.0052100535830231,0.0361249372617408
678,0.35,False,1.0,1.0,0.35,0.1,anisotropic,0.0125,0.01,500000,375.0580801963806,23.32822393893409,0.8955989869063078,0.0046123176098679,22.74331567092731,0.885929383172118,0.0052772787250621,0.0306697968531437
679,0.35,False,1.0,1.0,0.35,0.1,anisotropic,0.0125,0.0215443469003188,500000,375.5007257461548,34.33227258687114,0.9661443421651252,0.0003671877862471,31.33296136780091,0.9600807752713176,0.0007325197672742,0.0261638226256627
680,0.35,False,1.0,1.0,0.35,0.1,anisotropic,0.0125,0.0464158883361277,500000,377.9525420665741,32.39947239510712,0.9530267412024356,0.0005751358042817,31.72299560201188,0.9740282981784928,0.0006720755314675,0.0303558808273727
681,0.35,False,1.0,1.0,0.35,0.1,anisotropic,0.0125,0.01,500000,374.59133553504944,21.912520783221243,0.8780274369819547,0.0063891538225488,21.770791875835947,0.8961975341535796,0.0066010988290442,0.0324344677720971
682,0.35,False,1.0,1.0,0.35,0.1,anisotropic,0.0125,0.0046415888336127,500000,376.4417676925659,30.007649134361827,0.900861720588491,0.0009518891452158,27.16317888282432,0.9103459837575368,0.0018324553425466,0.0359098919791205
683,0.35,False,1.0,1.0,0.35,0.1,anisotropic,0.0125,0.0215443469003188,500000,375.8743472099304,37.64338165985188,0.9761952591312768,0.0001718739987126,38.64750538968767,0.9895851009906994,0.0001363947983676,0.0256763189626238
684,0.35,False,1.0,1.0,0.35,0.1,anisotropic,0.0125,0.01,500000,374.502857208252,33.72478302645058,0.9305610732738056,0.0003734755636643,31.278460311951164,0.9427507961501206,0.0006559858369368,0.0322841732836214
685,0.35,False,1.0,1.0,0.35,0.1,anisotropic,0.0125,0.0464158883361277,500000,374.5434675216675,35.32385473983912,0.9787663504107622,0.0002933247269193,35.55289612928101,0.9890545258033826,0.0002782559989314,0.0289024259193163
686,0.35,False,1.0,1.0,0.35,0.1,anisotropic,0.0125,0.01,500000,376.3308320045471,28.44898542360392,0.96408161623259,0.0014231860062454,27.60971709088683,0.9539530767350016,0.0017265871249588,0.0306416331085368
687,0.35,False,1.0,1.0,0.35,0.1,anisotropic,0.0125,0.0215443469003188,500000,375.69450855255127,34.7902044671376,0.9764092374768576,0.0003318395548638,35.79982018701028,0.9861430971647815,0.0002630065595178,0.0287300962042964
688,0.35,False,1.0,1.0,0.35,0.1,anisotropic,0.0125,0.0464158883361277,500000,373.9427816867829,35.00394214644313,0.9778175492746576,0.0003157663781549,34.81845338934913,0.9866288543982894,0.0003295450263793,0.0274007627603827
689,0.35,False,1.0,1.0,0.35,0.1,anisotropic,0.0125,0.0215443469003188,500000,372.72381138801575,35.25935313182711,0.9696991461446854,0.0002978235137746,34.871302842870016,0.9802408553285018,0.0003256596952284,0.0293364296844331
690,0.35,False,1.0,1.0,0.35,0.1,anisotropic,0.0125,0.0215443469003188,500000,376.32878518104553,36.839794057912826,0.974834458720774,0.000206765606317,37.16817336674572,0.9875639668759988,0.0001917080582533,0.0280286592131296
691,0.35,False,1.0,1.0,0.35,0.1,anisotropic,0.0125,0.0021544346900318,500000,382.1916215419769,30.585914570472127,0.9245085526498448,0.0008671956271497,29.30599566391079,0.954299808889688,0.0011644181598407,0.0345943024847465
692,0.35,False,1.0,1.0,0.35,0.1,anisotropic,0.0125,0.01,500000,375.8395192623138,27.297551027734137,0.9137305124942486,0.001855207871115,27.81892424519816,0.960064961254442,0.0016453384863684,0.0337308439128253
693,0.35,False,1.0,1.0,0.35,0.1,anisotropic,0.0125,0.0046415888336127,500000,378.7676692008972,27.28083009332517,0.9096459864397012,0.0018597732976279,25.19846799664719,0.9136567949590308,0.0030039743327375,0.0378594408419146
694,0.35,False,1.0,1.0,0.35,0.1,anisotropic,0.0125,0.0464158883361277,500000,373.72037076950073,32.36428972146795,0.9736671029670948,0.0005793922978275,31.195963742402885,0.9622118448163274,0.000758237597887,0.024918395162936
695,0.35,False,1.0,1.0,0.35,0.1,anisotropic,0.0125,0.0001,500000,375.8362324237824,25.47799461299581,0.8783421354329797,0.0027807293754996,23.16364213480012,0.814282524908356,0.0047379881761679,0.0372146177617394
696,0.35,False,1.0,1.0,0.35,0.1,anisotropic,0.0125,0.0215443469003188,500000,375.326655626297,26.414433852056764,0.8628082382954082,0.0022315386295835,25.66094119726336,0.910015182503641,0.0026543224156314,0.0342972542543451
697,0.35,False,1.0,1.0,0.35,0.1,anisotropic,0.0125,0.0046415888336127,500000,378.1403489112854,24.413999526677294,0.8465735460419929,0.0034702250240568,22.755954626382675,0.7980421344705658,0.0050834917985307,0.0352907213232394
698,0.35,False,1.0,1.0,0.35,0.1,anisotropic,0.0125,0.0004641588833612,500000,380.5704185962677,30.09981223925971,0.9256512757421744,0.00095157323336,26.12733463270611,0.9030515376021094,0.0023751441797909,0.0351454966388493
699,0.35,False,1.0,1.0,0.35,0.1,anisotropic,0.0125,0.0464158883361277,500000,375.7957715988159,21.38155818890978,0.8375772942901447,0.0072198066545026,21.49366223527989,0.8545383043152897,0.0070358271692029,0.0317512989296537
700,0.35,False,1.0,1.0,0.35,0.1,anisotropic,0.0125,0.01,500000,369.82001876831055,32.009209790560405,0.9493677050504128,0.0006239915360586,33.583720049809806,0.9819665509760768,0.0004342378472392,0.0283715853006638
701,0.35,False,1.0,1.0,0.35,0.1,anisotropic,0.0125,0.0021544346900318,500000,371.95974802970886,31.41844623217398,0.9253409358564764,0.0006460767423278,29.359002935415344,0.9422071278513106,0.0010380742950928,0.0347568691675111
702,0.35,False,1.0,1.0,0.35,0.1,anisotropic,0.0125,0.0021544346900318,500000,371.48086190223694,26.112475506744115,0.8396734791554606,0.0024312706113831,25.40786180399391,0.8627541553355079,0.0028595300892252,0.037989241343674
703,0.35,False,1.0,1.0,0.35,0.1,anisotropic,0.0125,0.0046415888336127,500000,377.9867067337036,27.528289094801345,0.8923008136827444,0.0017443134682614,26.64218013557836,0.9267622146353288,0.0021391213879257,0.0349919910534761
704,0.35,False,1.0,1.0,0.35,0.1,anisotropic,0.0125,0.01,500000,369.1317539215088,28.78805094128125,0.9133266537697424,0.0012841763042978,28.548398016115165,0.938187059876277,0.001357031549165,0.0285118839972214
705,0.35,False,1.0,1.0,0.35,0.1,anisotropic,0.0125,0.0215443469003188,500000,373.310507774353,34.55768990584377,0.9690749376111272,0.0003488096199706,33.831197209805,0.98092179222494,0.0004123231543212,0.0258620571083989
706,0.35,False,1.0,1.0,0.35,0.1,anisotropic,0.0125,0.1,500000,371.1251685619354,31.629851422384103,0.9022858506827274,0.0006183679826501,32.191389964616086,0.9567080969297714,0.0005433668518687,0.0324084873371924
707,0.35,False,1.0,1.0,0.35,0.1,anisotropic,0.0125,0.0215443469003188,500000,371.7067129611969,19.30830276287581,0.7534335511681364,0.0117030896187132,19.76368265741642,0.8508205180131897,0.0105381054801112,0.0351940590521833
708,0.35,False,1.0,1.0,0.35,0.1,anisotropic,0.0125,0.0021544346900318,500000,371.0305018424988,30.92952915617687,0.9422041988434132,0.0006694923462028,28.122782247785008,0.9398580956019263,0.0012776747356057,0.0319570810187687
709,0.35,False,1.0,1.0,0.35,0.1,anisotropic,0.0125,0.1,500000,369.29890179634094,27.82654768168133,0.9410502886874108,0.001648331141959,27.383274122799328,0.9588720743971304,0.0018254578929981,0.0330068658777661
710,0.35,False,1.0,1.0,0.35,0.1,anisotropic,0.0125,0.0002154434690031,500000,370.6418776512146,28.691260749452493,0.9311383756089796,0.0013335589991055,24.780316594968205,0.8609642234111218,0.003281758735122,0.0367571799321711
711,0.35,False,1.0,1.0,0.35,0.1,anisotropic,0.0125,0.0004641588833612,500000,369.97290778160095,27.78491899453975,0.9067081311421994,0.0016290481297947,25.74314446512925,0.8837437679168081,0.0026068219461746,0.0417886354263783
712,0.35,False,1.0,1.0,0.35,0.1,anisotropic,0.0125,0.1,500000,369.03736996650696,29.83406253843728,0.9751039267629862,0.0010380489357437,29.712880670254624,0.9775950048722104,0.001067421667691,0.0300825060684915
713,0.35,False,1.0,1.0,0.35,0.1,anisotropic,0.0125,0.1,500000,369.4512503147125,26.78255102134818,0.8907604240511574,0.0018746382561032,26.880486664089297,0.9099450730764718,0.0018328372858887,0.0254868824802681
714,0.35,False,1.0,1.0,0.35,0.1,anisotropic,0.0125,0.0464158883361277,500000,369.6351094245911,31.759687099229264,0.9658182855371372,0.0006667186670686,30.90366610488012,0.9757512748313508,0.0008119788447208,0.0282965649965715
715,0.35,False,1.0,1.0,0.35,0.1,anisotropic,0.0125,0.0464158883361277,500000,372.4301133155823,28.04077370056959,0.9605234501919394,0.0015696328297651,27.80022197130083,0.9592860826176398,0.0016590262074302,0.0304887992506809
716,0.35,False,1.0,1.0,0.35,0.1,anisotropic,0.0125,0.0046415888336127,500000,372.75031876564026,26.529404261003712,0.9221839042207848,0.0022155170815606,25.228234600748674,0.9356815100218971,0.0029894553331078,0.0345156523476981
717,0.35,False,1.0,1.0,0.35,0.1,anisotropic,0.0125,0.1,500000,370.5847523212433,26.61203092422599,0.9637619738393144,0.0021814774577855,26.80457322519122,0.9698326527803978,0.002086875303139,0.02749111042394
718,0.35,False,1.0,1.0,0.35,0.1,anisotropic,0.0125,0.0464158883361277,500000,370.55306577682495,29.658572356668312,0.9477288020225548,0.0010801543941262,29.15302181065265,0.943915510230616,0.0012135031033597,0.0285954471791344
719,0.35,False,1.0,1.0,0.35,0.1,anisotropic,0.0125,0.0464158883361277,500000,372.3069024085999,35.33654363397214,0.976045654751968,0.0002921413690794,35.53221743704248,0.9874868446594548,0.0002792708969588,0.0279019016861427
720,0.35,False,1.0,1.0,0.35,0.1,anisotropic,0.0125,0.01,500000,368.716548204422,21.53871905119789,0.8722586827372754,0.0069847925605819,21.166405781494525,0.8507286905912919,0.0076100032040223,0.0327428117606935
721,0.35,False,1.0,1.0,0.35,0.1,anisotropic,0.0125,0.01,500000,368.22471022605896,28.53690660354989,0.9302858281511742,0.0013923877784227,26.96922956694323,0.92929482365125,0.0019976891291046,0.0328789545083283
722,0.35,False,1.0,1.0,0.35,0.1,anisotropic,0.0125,0.01,500000,367.6900622844696,30.51715958942488,0.9180670542205284,0.0008718085989656,30.447305753857677,0.9532979208436084,0.0008859445316318,0.0325934155532389
723,0.35,False,1.0,1.0,0.35,0.1,anisotropic,0.0125,0.0215443469003188,500000,368.79147815704346,29.31648562106975,0.9132254974967468,0.0009201250509842,27.770322511220648,0.9058590955133088,0.0013136000786826,0.0292091240864226
724,0.35,False,1.0,1.0,0.35,0.1,anisotropic,0.0125,0.001,500000,369.8101499080658,25.8661399465052,0.8332980386151574,0.002443897127729,25.93072177296015,0.8905816134581285,0.002407823996383,0.0404244629661994
725,0.35,False,1.0,1.0,0.35,0.1,anisotropic,0.0125,0.0046415888336127,500000,376.5221037864685,28.27695535002972,0.8305359469439055,0.0008841992222708,24.76664746432156,0.827675391126181,0.0019841793119178,0.0400344788664544
726,0.35,False,1.0,1.0,0.35,0.1,anisotropic,0.0125,0.0215443469003188,500000,370.612628698349,23.01712862993756,0.8941078605591124,0.0049799879597858,23.00824496949069,0.9129669036994484,0.0049901851422556,0.0287268485909135
727,0.35,False,1.0,1.0,0.35,0.1,anisotropic,0.0125,0.0464158883361277,500000,369.3610439300537,28.825224762289857,0.9626109701661668,0.0013096845804547,29.4689899198741,0.9776834740314024,0.0011292502584465,0.0297675621269453
728,0.35,False,1.0,1.0,0.35,0.1,anisotropic,0.0125,0.0215443469003188,500000,370.1990826129913,22.687338795428147,0.8632593707053766,0.0053779607467082,22.47287934623824,0.8900078189514491,0.0056501967752595,0.0314410688145267
729,0.35,False,1.0,1.0,0.35,0.1,anisotropic,0.0125,0.0046415888336127,500000,370.8933672904968,27.57839168661395,0.9566665258063988,0.0017234112607589,26.13493703870251,0.9312488405125856,0.0024028927722517,0.0318217518321445
730,0.35,False,1.0,1.0,0.35,0.1,anisotropic,0.0125,0.0046415888336127,500000,366.13658571243286,29.93023426493972,0.91405459751671,0.0009766601190134,26.63827778803382,0.9044912993188048,0.0020841986092789,0.0388647532200101
731,0.35,False,1.0,1.0,0.35,0.1,anisotropic,0.0125,0.0464158883361277,500000,368.4757227897644,34.7340910606834,0.9805463358203512,0.0003359642794702,34.577497287722416,0.9862217692634936,0.0003482992039845,0.0245773146955529
732,0.35,False,1.0,1.0,0.35,0.1,anisotropic,0.0125,0.0464158883361277,500000,369.0446791648865,31.453744128295995,0.9812227285923238,0.0007142929766522,30.357769702820665,0.9658977025237308,0.0009193350592707,0.0300675425418411
733,0.35,False,1.0,1.0,0.35,0.1,anisotropic,0.0125,0.01,500000,371.6434998512268,27.91557975904693,0.9172162103535904,0.001601080393672,26.766442086456568,0.9337211950760456,0.0020860605330658,0.0313546899541889
734,0.35,False,1.0,1.0,0.35,0.1,anisotropic,0.0125,0.0464158883361277,500000,365.9663712978363,27.72094505165426,0.9425080821275588,0.0016890896095297,27.21027855686103,0.95257401552269,0.0018998501165649,0.0304612153061168
735,0.35,False,1.0,1.0,0.35,0.1,anisotropic,0.0125,0.0215443469003188,500000,371.68097162246704,24.912042879212063,0.9021696733485828,0.0031745516818448,24.27483869900702,0.9033863265060672,0.003676231227547,0.0350975169330707
736,0.35,False,1.0,1.0,0.35,0.1,anisotropic,0.0125,0.01,500000,370.9753768444061,27.00716219935305,0.930324144882854,0.0019699205291561,24.99998996922615,0.879769271055858,0.0031272739639265,0.033708915773093
737,0.35,False,1.0,1.0,0.35,0.1,anisotropic,0.0125,0.0046415888336127,500000,369.0452711582184,28.3367272257753,0.9280794985098768,0.001438947841928,27.44244411559677,0.9395314418365242,0.0017679637790368,0.0318619748388311
738,0.35,False,1.0,1.0,0.35,0.1,anisotropic,0.0125,0.01,500000,369.7621033191681,19.15577652289661,0.7814139732852041,0.0121093851696756,18.820355370256017,0.7545214834424833,0.0130817006986084,0.0402592082251212
739,0.35,False,1.0,1.0,0.35,0.1,anisotropic,0.0125,0.01,500000,372.1679811477661,23.374869474042104,0.8666771138371534,0.0045834772148043,22.18903990667085,0.8421989475897879,0.0060225169848703,0.0455954703702258
740,0.35,False,1.0,1.0,0.35,0.1,anisotropic,0.0125,0.0464158883361277,500000,369.48366808891296,29.222046106465385,0.949621801395424,0.0011957657649799,28.95911837048877,0.9662046973715204,0.001270395330904,0.0318733299087785
741,0.35,False,1.0,1.0,0.35,0.1,anisotropic,0.0125,0.0464158883361277,500000,371.60638070106506,23.0122204734897,0.8892113359187976,0.0049929921065893,22.66836928483085,0.8846913645562113,0.0054043814961204,0.0306016988830191
742,0.35,False,1.0,1.0,0.35,0.1,anisotropic,0.0125,0.0464158883361277,500000,369.73241662979126,30.8004053367948,0.9717924662697904,0.0008305129450009,29.47608516225456,0.9686166554415128,0.0011266225082203,0.0316175521749099
743,0.35,False,1.0,1.0,0.35,0.1,anisotropic,0.0125,0.0215443469003188,500000,373.20257449150085,21.013900319427425,0.8915237601253424,0.0079075184049735,21.206408869698897,0.8959483846470461,0.0075646590128555,0.0359782387664358
744,0.35,False,1.0,1.0,0.35,0.1,anisotropic,0.0125,0.0021544346900318,500000,372.4900672435761,31.554886095766317,0.9553540113788092,0.000659101622069,27.63946217223339,0.9117517931515206,0.0016236588079141,0.032309876682197
745,0.35,False,1.0,1.0,0.35,0.1,anisotropic,0.0125,0.0046415888336127,500000,373.2007868289948,24.70374222497941,0.8557625994481324,0.0032426052083744,24.469514019104505,0.8433988159315091,0.0034222906955641,0.0332562894371571
746,0.35,False,1.0,1.0,0.35,0.1,anisotropic,0.0125,0.0464158883361277,500000,371.0720689296722,31.20507134542878,0.9745683856442426,0.0007562898068567,30.626518967727563,0.9766735000498374,0.0008640591725156,0.0297446935395572
747,0.35,False,1.0,1.0,0.35,0.1,anisotropic,0.0125,0.0464158883361277,500000,369.8587758541107,33.78305877801389,0.9780571115590624,0.000417967875066,33.32593943161255,0.9841016396391704,0.0004643600378299,0.0289156370187719
748,0.35,False,1.0,1.0,0.35,0.1,anisotropic,0.0125,0.01,500000,372.750821352005,32.89778131448553,0.9384763424574852,0.0004762635173804,30.01973542646464,0.922503701740776,0.0009239573059202,0.0302415710152022
749,0.35,False,1.0,1.0,0.35,0.1,anisotropic,0.0125,0.0046415888336127,500000,372.9100360870361,22.92492983593485,0.7902019653307154,0.0050102581913431,23.89068835557529,0.868434067758848,0.0040112917912235,0.0449437689897146
750,0.35,False,1.0,1.0,0.35,0.1,anisotropic,0.0125,0.0021544346900318,500000,368.2965378761292,31.86225964818104,0.8912017797021061,0.0005733753863305,29.60511429919562,0.9357414959905233,0.0009641699251989,0.0351711588757896
751,0.35,False,1.0,1.0,0.35,0.1,anisotropic,0.0125,0.0046415888336127,500000,367.054473400116,21.52162963338183,0.8571312468766665,0.0070297154011618,21.78174105163494,0.8870359792761792,0.0066210459377525,0.0391845805743023
752,0.35,False,1.0,1.0,0.35,0.1,anisotropic,0.0125,0.0046415888336127,500000,369.2741026878357,25.281524767756803,0.8920783417565907,0.0029236722691141,24.51640985124815,0.8683554121632656,0.0034869055208892,0.0352246809269713
753,0.35,False,1.0,1.0,0.35,0.1,anisotropic,0.0125,0.0021544346900318,500000,369.7367448806762,28.55611935952204,0.9058660416190562,0.0013862342721623,27.308999391794373,0.9151172612696958,0.0018473476334707,0.0326351034751943
754,0.35,False,1.0,1.0,0.35,0.1,anisotropic,0.0125,0.0215443469003188,500000,369.0651195049286,33.355425702290354,0.9359299092168176,0.000459930856755,30.875190743412382,0.9596902782928924,0.0008141717762932,0.0320853027678307
755,0.35,False,1.0,1.0,0.35,0.1,anisotropic,0.0125,0.0464158883361277,500000,365.77400159835815,28.9476370909986,0.9639825227186264,0.0012734656676606,28.68768843929624,0.9671422102117112,0.0013520168560935,0.0317778048484099
756,0.35,False,1.0,1.0,0.35,0.1,anisotropic,0.0125,0.0464158883361277,500000,367.5272467136383,28.791509123484907,0.9649688465159282,0.0013195222516437,28.48797933872379,0.9635527924500158,0.0014150431937953,0.0263741632129417
757,0.35,False,1.0,1.0,0.35,0.1,anisotropic,0.0125,0.0004641588833612,500000,368.3521640300751,24.65551328175813,0.8391838726281268,0.0033071160162905,24.77468554746419,0.880539511159871,0.003217601116932,0.0367916609551942
758,0.35,False,1.0,1.0,0.35,0.1,anisotropic,0.0125,0.0215443469003188,500000,367.7660982608795,30.359818203134136,0.9296508847474289,0.0009184688064441,32.089277445951275,0.9757898646019474,0.0006167632480019,0.0301057983280681
759,0.35,False,1.0,1.0,0.35,0.1,anisotropic,0.0125,0.0046415888336127,500000,366.8280267715454,24.792960897629484,0.8336855878801097,0.0031202221782377,23.03570151763433,0.8048596269850331,0.0046763979068401,0.0393586071118308
760,0.35,False,1.0,1.0,0.35,0.1,anisotropic,0.0125,0.0464158883361277,500000,364.8764734268189,29.11511771906977,0.9428565416110374,0.0012243740839492,28.068139019629864,0.953808222277834,0.0015581598102159,0.0292712644248133
761,0.35,False,1.0,1.0,0.35,0.1,anisotropic,0.0125,0.001,500000,366.9486629962921,26.69467036076716,0.8635875044299587,0.0019923214483456,25.63423726006816,0.8494487470130202,0.0025433300375457,0.036038684385276
762,0.35,False,1.0,1.0,0.35,0.1,anisotropic,0.0125,0.0021544346900318,500000,366.5070865154266,26.37955674432384,0.8935149103494396,0.0022786467527717,24.16305230575208,0.8774475580114673,0.0037960108732979,0.0366453751947982
763,0.35,False,1.0,1.0,0.35,0.1,anisotropic,0.0125,0.0464158883361277,500000,365.3169810771942,19.891346263427828,0.8528426928279735,0.0102153673390482,20.03362928647318,0.8630331535303573,0.0098861156342715,0.0282883734106814
764,0.35,False,1.0,1.0,0.35,0.1,anisotropic,0.0125,0.1,500000,364.7799572944641,31.78029086259988,0.97916267089591,0.0006633373374288,31.53329947212088,0.9837330472622604,0.0007021559530807,0.0274954104889835
765,0.35,False,1.0,1.0,0.35,0.1,anisotropic,0.0125,0.0046415888336127,500000,364.52434396743774,34.95718041183735,0.9173094808926529,0.0003113818389959,29.21523524240325,0.891816567793412,0.0011681209047725,0.0388586171421421
766,0.35,False,1.0,1.0,0.35,0.1,anisotropic,0.0125,0.0046415888336127,500000,369.6960029602051,24.273577202234826,0.8292850780868932,0.0035826767441877,23.153029285416626,0.8540372752501331,0.0046372703563499,0.0416792640483963
767,0.35,False,1.0,1.0,0.35,0.1,anisotropic,0.0125,0.0046415888336127,500000,368.49348163604736,32.2401844061045,0.9411793697083416,0.0005724767415187,30.245264503138923,0.9386540005986148,0.0009062537929313,0.0327512516919957
768,0.35,False,1.0,1.0,0.35,0.1,anisotropic,0.0125,0.0215443469003188,500000,365.7095279693604,27.926954078213765,0.9617224575719768,0.0016069669200036,27.256519973409286,0.9534651606270502,0.0018752118864805,0.0289821771546256
769,0.35,False,1.0,1.0,0.35,0.1,anisotropic,0.0125,0.0215443469003188,500000,366.0079267024994,28.402654326919787,0.8914361673612995,0.0012237228962302,28.15665451319997,0.9127980206377332,0.0012950396557531,0.0285515242925064
770,0.35,False,1.0,1.0,0.35,0.1,anisotropic,0.0125,0.0464158883361277,500000,365.224901676178,21.39181460912681,0.8202688634517392,0.0071353947918363,21.5021227650357,0.8461653297914132,0.0069564423675638,0.0297274304268477
771,0.35,False,1.0,1.0,0.35,0.1,anisotropic,0.0125,0.0464158883361277,500000,367.4219233989716,40.01514114687836,0.9908572859767024,9.95642357331035e-05,39.032269419719526,0.9937220036074736,0.0001248505722043,0.0243859316078864
772,0.35,False,1.0,1.0,0.35,0.1,anisotropic,0.0125,0.0464158883361277,500000,365.5819716453552,31.855917821963985,0.9620950513890892,0.0006521379632556,31.059112269478103,0.9730290487584876,0.0007834657904327,0.0304957683558601
773,0.35,False,1.0,1.0,0.35,0.1,anisotropic,0.0125,0.0046415888336127,500000,368.72771310806274,29.31105597271837,0.9129468308965704,0.0011571394988388,28.52048707364699,0.9497211290314952,0.0013881698523106,0.0365734228797197
774,0.35,False,1.0,1.0,0.35,0.1,anisotropic,0.0125,0.0215443469003188,500000,363.7845685482025,29.31195670359523,0.9324104410756416,0.0011688971031759,28.048583176477145,0.9431059366892852,0.0015635567005852,0.0335284280677127
775,0.35,False,1.0,1.0,0.35,0.1,anisotropic,0.0125,0.0464158883361277,500000,368.4753301143646,30.98118591016064,0.9336233374164832,0.0006114175935217,30.69571200374905,0.9511483402322006,0.0006529581125014,0.0251548284247386
776,0.35,False,1.0,1.0,0.35,0.1,anisotropic,0.0125,0.0464158883361277,500000,364.61696553230286,29.29366573510242,0.96879502270865,0.0011747301485536,28.356726772399718,0.9514374471290497,0.0014575786925909,0.0302534853205688
777,0.35,False,1.0,1.0,0.35,0.1,anisotropic,0.0125,0.0464158883361277,500000,368.09073758125305,23.67313773804014,0.8761872594151475,0.0042828825662827,23.26490140744117,0.8707802357645096,0.0047050018612033,0.0333253142760775
778,0.35,False,1.0,1.0,0.35,0.1,anisotropic,0.0125,0.0464158883361277,500000,364.1327016353607,25.31797023395104,0.9405301271672292,0.0029363231272369,25.12641736314755,0.9408486615988364,0.0030687332065564,0.0266440681556025
779,0.35,False,1.0,1.0,0.35,0.1,anisotropic,0.0125,0.0464158883361277,500000,366.5432183742523,37.79572994114311,0.981626953861468,0.0001658530585953,37.61305265644422,0.9910881001859968,0.0001729781362439,0.0250355751616081
780,0.35,False,1.0,1.0,0.35,0.1,anisotropic,0.0125,0.01,500000,366.17984533309937,37.007957506595815,0.9469303899403884,0.0001950778026147,31.134431703469915,0.92345149814946,0.0007543283589372,0.0318779489349295
781,0.35,False,1.0,1.0,0.35,0.1,anisotropic,0.0125,0.0464158883361277,500000,374.0516345500946,35.97586764749936,0.9837996928391768,0.0002525767634397,34.37919430705597,0.985675298531223,0.0003648049544349,0.0280325466212969
782,0.35,False,1.0,1.0,0.35,0.1,anisotropic,0.0125,0.0046415888336127,500000,366.4400148391724,27.98966107836827,0.9434372607468536,0.001574108450638,24.7047099467327,0.8403026984425046,0.003353742879495,0.0303919938593688
783,0.35,False,1.0,1.0,0.35,0.1,anisotropic,0.0125,0.0046415888336127,500000,366.3509440422058,33.602945780036514,0.942666338679052,0.0004225866548052,31.104062663137388,0.9572363372900852,0.0007512839132864,0.0337005453257288
784,0.35,False,1.0,1.0,0.35,0.1,anisotropic,0.0125,0.0464158883361277,500000,366.70790910720825,33.02460497965811,0.9806905313474152,0.0004979818201931,32.090766971499114,0.982707036876052,0.0006174435938931,0.026916884302033
785,0.35,False,1.0,1.0,0.35,0.1,anisotropic,0.0125,0.0004641588833612,500000,366.4877004623413,28.065462154200333,0.8713761944609589,0.0014264948939205,27.776234916418524,0.932122201068622,0.0015247299994444,0.0409767785666411
786,0.35,False,1.0,1.0,0.35,0.1,anisotropic,0.0125,0.01,500000,368.44417428970337,30.38330752769356,0.9580409880466882,0.0009127063501028,29.57946035968316,0.9647331498202756,0.0010982868631001,0.0294170256904679
787,0.35,False,1.0,1.0,0.35,0.1,anisotropic,0.0125,0.0021544346900318,500000,367.2088642120361,26.611697284901265,0.8953920618880022,0.0021248368922865,25.359661853116272,0.9118776715701944,0.0028348438462425,0.0411889791602007
788,0.35,False,1.0,1.0,0.35,0.1,anisotropic,0.0125,0.0046415888336127,500000,365.5212180614472,30.833545740747997,0.9686992667706754,0.0008052769192793,30.166942633581325,0.9714673515919018,0.0009388702165507,0.0285684459974406
789,0.35,False,1.0,1.0,0.35,0.1,anisotropic,0.0125,0.0215443469003188,500000,366.6337537765503,34.99393659036661,0.961701433494775,0.0003164000033827,33.44385731008352,0.9754203855607244,0.0004521103064866,0.0264891761078059
790,0.35,False,1.0,1.0,0.35,0.1,anisotropic,0.0125,0.0046415888336127,500000,367.34494948387146,31.79579792852328,0.921096547317383,0.000592088307722,26.35945811700723,0.8503013266803193,0.0020702389062634,0.0407339092755469
791,0.35,False,1.0,1.0,0.35,0.1,anisotropic,0.0125,0.0464158883361277,500000,366.3691327571869,29.74002724846342,0.9616083411299176,0.0010612047967999,29.22614960643267,0.973542406616304,0.0011945022402505,0.0290850458138875
792,0.35,False,1.0,1.0,0.35,0.1,anisotropic,0.0125,0.0046415888336127,500000,367.9135012626648,22.82881567148958,0.9094510356028408,0.0051968763674702,22.70049121089913,0.8931321442909375,0.0053527237608697,0.0340525520010199
793,0.35,False,1.0,1.0,0.35,0.1,anisotropic,0.0125,0.0021544346900318,500000,378.9988932609558,27.570333124501573,0.9378518259331234,0.0017387497323189,25.295717165071324,0.9001429490935994,0.0029356121201296,0.0369685154167962
794,0.35,False,1.0,1.0,0.35,0.1,anisotropic,0.0125,0.01,500000,367.8899338245392,20.97480684127067,0.8584432102712695,0.0079478626590267,21.457895999533733,0.8730045666141436,0.0071111761719256,0.0358926373442646
795,0.35,False,1.0,1.0,0.35,0.1,anisotropic,0.0125,0.0464158883361277,500000,367.6062896251679,33.256810700015464,0.9734932413957536,0.000472328383934,33.26963342538215,0.9844833223093992,0.0004709358714554,0.0304386978510988
796,0.35,False,1.0,1.0,0.35,0.1,anisotropic,0.0125,0.0464158883361277,500000,365.01480984687805,27.850447339636368,0.9087084710741496,0.0014519746937593,27.77125392136165,0.9293149782709356,0.0014786942667233,0.0270011988238823
797,0.35,False,1.0,1.0,0.35,0.1,anisotropic,0.0125,0.0464158883361277,500000,371.1580204963684,28.893167444725584,0.953645054066426,0.0012858194013604,27.85736688907765,0.9561656131337394,0.0016321498520369,0.0291835513329136
798,0.35,False,1.0,1.0,0.35,0.1,anisotropic,0.0125,0.0464158883361277,500000,365.22486305236816,30.442906120799822,0.9572063230666824,0.0009004671116077,30.332946660675884,0.9738601869062724,0.0009235572064217,0.0260060823620657
799,0.35,False,1.0,1.0,0.35,0.1,anisotropic,0.0125,0.0464158883361277,500000,367.16876745224,32.5693771765886,0.9297056516827732,0.0004030382627355,31.874021712024568,0.9514543841075582,0.0004730225278258,0.0277576674222767
800,0.35,False,1.0,1.0,0.35,0.1,anisotropic,0.0125,0.0004641588833612,500000,380.849107503891,30.448506828712556,0.8890647922609982,0.0008383459739222,26.59081958608281,0.9040727008134652,0.0020379428798136,0.0472414271013286
801,0.35,False,1.0,1.0,0.35,0.1,anisotropic,0.0125,0.0464158883361277,500000,378.0119559764862,35.550766137680995,0.9891950407128188,0.0002781918590175,34.56046737804173,0.9829910245502332,0.0003494413485067,0.0263459194856132
802,0.35,False,1.0,1.0,0.35,0.1,anisotropic,0.0125,0.0215443469003188,500000,377.474226474762,26.11449936826817,0.8909384656168384,0.0024083983643528,25.75990229449652,0.9062037537545452,0.0026132925535769,0.0275375988064825
803,0.35,False,1.0,1.0,0.35,0.1,anisotropic,0.0125,0.0215443469003188,500000,376.3131458759308,30.569787935195176,0.9608161779096304,0.0008761349726216,28.72435736133988,0.9587808699731886,0.001340028619234,0.0303386893082869
804,0.35,False,1.0,1.0,0.35,0.1,anisotropic,0.0125,0.01,500000,378.65671014785767,32.39517129461526,0.9784850247383656,0.0005696769278667,30.92538403784405,0.9700586670088168,0.0007991114554005,0.0275952118593931
805,0.35,False,1.0,1.0,0.35,0.1,anisotropic,0.0125,0.0464158883361277,500000,378.1488733291626,29.02693846316936,0.9515043321329012,0.0012498226300644,27.743889741019053,0.9422994672046824,0.0016793965482506,0.0332382628595954
806,0.35,False,1.0,1.0,0.35,0.1,anisotropic,0.0125,0.01,500000,375.7667763233185,33.31679642413325,0.938364865088228,0.0004654731249062,34.4878019894399,0.9558208913609406,0.000355462715742,0.0290924734990358
807,0.35,False,1.0,1.0,0.35,0.1,anisotropic,0.0125,0.0046415888336127,500000,378.49211978912354,30.638668339354385,0.9430586974104174,0.0008587176624152,27.69655052757948,0.933177992360818,0.0016906829653213,0.0334399531560385
808,0.35,False,1.0,1.0,0.35,0.1,anisotropic,0.0125,0.0464158883361277,500000,377.6549289226532,33.15008582167001,0.9795624853725308,0.0004837120739858,32.32783593983568,0.9821425885617924,0.0005845368786664,0.0270265268061908
809,0.35,False,1.0,1.0,0.35,0.1,anisotropic,0.0125,0.0046415888336127,500000,379.9809548854828,27.596858432645877,0.8743980630507768,0.0017020914037645,25.91712262227186,0.910012160986964,0.0025058580132814,0.0444410020713463
810,0.35,False,1.0,1.0,0.35,0.1,anisotropic,0.0125,0.0046415888336127,500000,376.701557636261,24.621429230292364,0.8883906781309893,0.0034408763098027,23.94657267344804,0.8971434498871411,0.0040193397382939,0.0364037501906483
811,0.35,False,1.0,1.0,0.35,0.1,anisotropic,0.0125,0.1,500000,378.6349935531616,33.69092303730845,0.9781295716004108,0.0004272133415693,33.68862923842953,0.984784924524154,0.0004274390410329,0.0247937858090489
812,0.35,False,1.0,1.0,0.35,0.1,anisotropic,0.0125,0.0464158883361277,500000,377.6661369800568,33.52581800212336,0.9845032079423912,0.0004436780446619,33.26167931446412,0.9884850650062356,0.0004715001193659,0.0269879758968788
813,0.35,False,1.0,1.0,0.35,0.1,anisotropic,0.0125,0.01,500000,386.86655354499817,28.96501700956273,0.8671209733567736,0.0012452107966407,27.761759334211217,0.9238458769468468,0.0016427392925725,0.0399162288962043
814,0.35,False,1.0,1.0,0.35,0.1,anisotropic,0.0125,0.0046415888336127,500000,377.0972328186035,30.88684344750301,0.9404195086276844,0.0007711439635618,28.46741344657992,0.9354427451732424,0.0013461035308472,0.0346113006699449
815,0.35,False,1.0,1.0,0.35,0.1,anisotropic,0.0125,0.0021544346900318,500000,377.5743200778961,28.155946262760665,0.9430072297314774,0.0015282297714257,26.68411151888156,0.9364086173490012,0.0021447275488717,0.035276754019459
816,0.35,False,1.0,1.0,0.35,0.1,anisotropic,0.0125,0.0001,500000,376.4228858947754,26.516597575090188,0.906945286046648,0.002205611078298,24.542722386260092,0.8759377688598556,0.0034746931120667,0.0367158632744423
817,0.35,False,1.0,1.0,0.35,0.1,anisotropic,0.0125,0.0464158883361277,500000,378.8574931621552,28.55988026521004,0.9606560140954076,0.0013926566135417,28.0609043440009,0.9644742074653144,0.0015622180019979,0.0280588176497392
818,0.35,False,1.0,1.0,0.35,0.1,anisotropic,0.0125,0.0464158883361277,500000,375.9425113201141,30.5661823249808,0.9393489437727116,0.0008775331508136,29.77500167514485,0.9673079765692034,0.0010528865961276,0.0282621817456434
819,0.35,False,1.0,1.0,0.35,0.1,anisotropic,0.0125,0.0464158883361277,500000,379.54857420921326,32.80841515673079,0.9822849622696586,0.0005234479786732,31.971947761843268,0.9750112116329565,0.0006346295156062,0.0266072383555514
820,0.35,False,1.0,1.0,0.35,0.1,anisotropic,0.0125,0.0464158883361277,500000,380.5104193687439,35.7195286315883,0.9748076664374872,0.0002675904926931,35.31233453728995,0.9855600824007088,0.0002938935728577,0.0294771873077045
821,0.35,False,1.0,1.0,0.35,0.1,anisotropic,0.0125,0.0021544346900318,500000,378.063658952713,29.24970461333079,0.8688558349769987,0.0010382921212076,28.454334324195408,0.9141439221095496,0.0012469716716645,0.0343672954848097
822,0.35,False,1.0,1.0,0.35,0.1,anisotropic,0.0125,0.01,500000,378.315007686615,29.917837134262943,0.9588977173773024,0.0010056828092247,28.33057190840973,0.9489813318269676,0.0014493976375577,0.0315949154898361
823,0.35,False,1.0,1.0,0.35,0.1,anisotropic,0.0125,0.0464158883361277,500000,379.6795494556427,24.50395819217749,0.9349019251832028,0.0035410274277282,24.8493150099279,0.9457471434297308,0.0032703452907167,0.0286676799561786
824,0.35,False,1.0,1.0,0.35,0.1,anisotropic,0.0125,0.0464158883361277,500000,376.7632441520691,35.861005675659044,0.9871876838188552,0.0002592350505664,35.2598159354645,0.9868092436168754,0.0002977232115761,0.0252992876352491
825,0.35,False,1.0,1.0,0.35,0.1,anisotropic,0.0125,0.01,500000,379.0952949523926,25.30434591522647,0.8935390022328349,0.0029283233552355,24.980622072218782,0.912383739686093,0.0031549422610476,0.0305064767972415
826,0.35,False,1.0,1.0,0.35,0.1,anisotropic,0.0125,0.0215443469003188,500000,378.6263499259949,27.0206599243998,0.9252311424277524,0.0019781693719684,26.0314168244185,0.9254487809120144,0.0024842070124944,0.0306498487673886
827,0.35,False,1.0,1.0,0.35,0.1,anisotropic,0.0125,0.01,500000,378.31293845176697,25.598357888165868,0.8986739190141408,0.0027144863037338,24.829447782261905,0.9072250560912886,0.0032402510893901,0.031745152667577
828,0.35,False,1.0,1.0,0.35,0.1,anisotropic,0.0125,0.0046415888336127,500000,378.1232280731201,26.586488031302427,0.922691423889082,0.002153090286614,25.453327642686755,0.8967687031008374,0.0027949772712512,0.0305117816066982
829,0.35,False,1.0,1.0,0.35,0.1,anisotropic,0.0125,0.0046415888336127,500000,376.26128339767456,33.99558801048761,0.9385761614525736,0.0003255841592515,28.127674665456407,0.8749130891626207,0.0012573454118852,0.0344298931370325
830,0.35,False,1.0,1.0,0.35,0.1,anisotropic,0.0125,0.0215443469003188,500000,380.49349665641785,26.739530960216108,0.9398224611747804,0.0021152815218978,26.251985364226805,0.9479838505223888,0.0023665884204917,0.0332145748384715
831,0.35,False,1.0,1.0,0.35,0.1,anisotropic,0.0125,0.0046415888336127,500000,378.9134409427643,31.432512738011404,0.9148783452979362,0.0007179743329823,24.66480211848936,0.7950052927214744,0.0034109863446894,0.0454293536479822
832,0.35,False,1.0,1.0,0.35,0.1,anisotropic,0.0125,0.0215443469003188,500000,378.8226735591888,26.40858403667988,0.9449585940750048,0.0022797468055586,26.219015315733447,0.9480619287723115,0.0023814610781356,0.0296242778814547
833,0.35,False,1.0,1.0,0.35,0.1,anisotropic,0.0125,0.0046415888336127,500000,376.8157675266266,33.157148311564924,0.9276944602419392,0.0004270472438901,28.419816564923952,0.904105599756467,0.0012711859906306,0.0401134029823072
834,0.35,False,1.0,1.0,0.35,0.1,anisotropic,0.0125,0.0046415888336127,500000,377.7067494392395,25.222845652867434,0.8713928025168122,0.0029607041620417,25.05428668201453,0.927053423081406,0.0030778745265535,0.0358666681747083
835,0.35,False,1.0,1.0,0.35,0.1,anisotropic,0.0125,0.0215443469003188,500000,378.2331461906433,33.98558469079135,0.9648285743047528,0.0003950589997816,31.963553559355148,0.9474830425659932,0.0006293106376709,0.0251698330542295
836,0.35,False,1.0,1.0,0.35,0.1,anisotropic,0.0125,0.0021544346900318,500000,378.4165630340576,35.09131393323809,0.9309232406775516,0.0003025168496894,30.276613688102167,0.9228311831902636,0.0009166838786642,0.0355420981600494
837,0.35,False,1.0,1.0,0.35,0.1,anisotropic,0.0125,0.0046415888336127,500000,382.9972405433655,27.213780835622067,0.8984860326695692,0.0018746119965601,26.30476775858029,0.9042549232267164,0.0023110678695235,0.0385481002537314
838,0.35,False,1.0,1.0,0.35,0.1,anisotropic,0.0125,0.0215443469003188,500000,381.1806862354279,26.8427151827252,0.9260488061205566,0.0020647331970639,26.32878113518831,0.9302224722180716,0.0023241135635232,0.0326673182432241
839,0.35,False,1.0,1.0,0.35,0.1,anisotropic,0.0125,0.01,500000,380.7497775554657,27.62551288525834,0.8506140481556612,0.0015596215449942,26.34046888257781,0.8667021088381535,0.0020966388375093,0.0351837118678455
840,0.35,False,1.0,1.0,0.35,0.1,anisotropic,0.0125,0.0464158883361277,500000,378.51188135147095,35.66673106447186,0.9855049943391532,0.0002706430333704,34.97311731750082,0.989015327221826,0.0003175105988418,0.0255289963525827
841,0.35,False,1.0,1.0,0.35,0.1,anisotropic,0.0125,0.0046415888336127,500000,380.6365623474121,27.888426444709538,0.9499508842085408,0.0016086339433562,25.623255242923104,0.905506544396668,0.0027100315602575,0.0328983300393405
842,0.35,False,1.0,1.0,0.35,0.1,anisotropic,0.0125,0.0046415888336127,500000,380.8364069461823,33.07432856065323,0.9521831871193236,0.0004846768737872,29.54167664448697,0.9543832924689264,0.0010932449744334,0.0344494527880955
843,0.35,False,1.0,1.0,0.35,0.1,anisotropic,0.0125,0.0215443469003188,500000,380.5563476085663,29.702616840315965,0.9623264196111604,0.0010702952088858,29.177021640297216,0.9680500937123968,0.0012079893386197,0.0287599882599464
844,0.35,False,1.0,1.0,0.35,0.1,anisotropic,0.0125,0.0464158883361277,500000,379.5655472278595,33.28879151678831,0.9393120744942818,0.0004675882556267,33.194897801404785,0.972434358453312,0.0004778075039299,0.0278731492188664
845,0.35,False,1.0,1.0,0.35,0.1,anisotropic,0.0125,0.0464158883361277,500000,383.01019620895386,33.15886672477797,0.9538028295372888,0.0004826371122081,33.163754463853145,0.9779158419644488,0.0004820942369459,0.0272084491518735
846,0.35,False,1.0,1.0,0.35,0.1,anisotropic,0.0125,0.0464158883361277,500000,378.5894114971161,30.562601753559747,0.9598476800614428,0.0008777913422023,29.27519579645455,0.96340015866543,0.0011806791357684,0.0293362926226205
847,0.35,False,1.0,1.0,0.35,0.1,anisotropic,0.0125,0.01,500000,381.2511782646179,24.275744309927223,0.8572251142027217,0.003597384302667,23.789809873296992,0.8572125872475594,0.0040232801908217,0.0313999770563325
848,0.35,False,1.0,1.0,0.35,0.1,anisotropic,0.0125,0.0215443469003188,500000,387.1566171646118,32.57908889426697,0.9477606584731748,0.000551433902524,29.84239387943557,0.932009668075544,0.0010355306666138,0.0285570348053029
849,0.35,False,1.0,1.0,0.35,0.1,anisotropic,0.0125,0.0046415888336127,500000,379.6610925197601,30.69246535518427,0.9315603077134452,0.0008353510795921,31.11117049373972,0.9573134340177528,0.0007585749975563,0.0321570574132614
850,0.35,False,1.0,1.0,0.35,0.1,anisotropic,0.0125,0.0021544346900318,500000,385.32774090766907,31.23731223312581,0.9322723255612364,0.000729696700453,28.787210495865885,0.9461394464983132,0.0012827811106654,0.0357699628993953
851,0.35,False,1.0,1.0,0.35,0.1,anisotropic,0.0125,0.01,500000,384.4143979549408,34.36113413887854,0.94296321785581,0.0003657436699235,31.741996006291405,0.951510911467643,0.0006684834068022,0.0335218558884346
852,0.35,False,1.0,1.0,0.35,0.1,anisotropic,0.0125,0.0464158883361277,500000,406.4118120670319,31.208840976122865,0.8946749654605585,0.0003403663565092,32.08160489980932,0.9461973154393536,0.0002784006425894,0.0304860691686657
853,0.35,False,1.0,1.0,0.35,0.1,anisotropic,0.0125,0.01,500000,386.5531322956085,26.762665944194996,0.8767807106897293,0.0020691978046163,26.14032114843757,0.9042581416995183,0.0023880119103607,0.0338671293524851
854,0.35,False,1.0,1.0,0.35,0.1,anisotropic,0.0125,0.0215443469003188,500000,386.7842431068421,32.81716463213374,0.96900401471597,0.0005217908349588,31.85441453013635,0.9721900512262432,0.0006512855712791,0.027009173991063
855,0.35,False,1.0,1.0,0.35,0.1,anisotropic,0.0125,0.0004641588833612,500000,386.0946605205536,25.708115925681145,0.899178920941733,0.0026761035047129,22.34864976803047,0.8085280791903456,0.0058002875268105,0.0444881076419133
856,0.35,False,1.0,1.0,0.35,0.1,anisotropic,0.0125,0.0464158883361277,500000,386.9574229717255,29.598896973878315,0.961829486161968,0.0010942765620479,29.167256968961635,0.9715370363896138,0.0012086236768741,0.0254109660201641
857,0.35,False,1.0,1.0,0.35,0.1,anisotropic,0.0125,0.0021544346900318,500000,380.3620204925537,30.463427083599694,0.9404502097739657,0.0008922474269714,26.24945456500925,0.8775083099075978,0.0023544125067313,0.0327434919184698
858,0.35,False,1.0,1.0,0.35,0.1,anisotropic,0.0125,0.0464158883361277,500000,386.1677014827728,34.21967865798025,0.9686916521385418,0.0003779686478022,35.04555167375439,0.9837757204043188,0.0003125132787816,0.0277374943130059
859,0.35,False,1.0,1.0,0.35,0.1,anisotropic,0.0125,0.01,500000,383.3827230930328,25.560663104588983,0.916844421592422,0.0027710782191384,25.461038592518808,0.9428787875786104,0.002835379767184,0.0315526733860999
860,0.35,False,1.0,1.0,0.35,0.1,anisotropic,0.0125,0.0464158883361277,500000,387.0194363594055,21.43442689381016,0.8887088663113966,0.0071726828318463,21.655770798830595,0.9083129495708436,0.0068162770902173,0.026340690279837
861,0.35,False,1.0,1.0,0.35,0.1,anisotropic,0.0125,0.0046415888336127,500000,383.4745934009552,29.50388366553349,0.9467068733300372,0.0010508588345848,25.799068798992263,0.8938421425942137,0.0024661862176461,0.0316881131941608
862,0.35,False,1.0,1.0,0.35,0.1,anisotropic,0.0125,0.01,500000,387.1027238368988,36.92253555218771,0.9328801665700446,0.0001965225446811,30.8080825456354,0.9109268312807504,0.0008032628460011,0.0325849189406813
863,0.35,False,1.0,1.0,0.35,0.1,anisotropic,0.0125,0.0021544346900318,500000,385.6134421825409,25.934090975492225,0.8742802881231769,0.0025052203631069,23.692082208155316,0.8426926163618366,0.0041980422958048,0.0388763621891266
864,0.35,False,1.0,1.0,0.35,0.1,anisotropic,0.0125,0.01,500000,386.2821881771088,25.25397919875562,0.8879521767839795,0.0029151121705501,25.279672988591457,0.918138772586204,0.0028979166601693,0.0326597957951709
865,0.35,False,1.0,1.0,0.35,0.1,anisotropic,0.0125,0.0464158883361277,500000,383.750097990036,28.087327952427493,0.953029644845729,0.0015520440050137,28.0945094511107,0.9586206137717408,0.0015494796639966,0.0293217075874977
866,0.35,False,1.0,1.0,0.35,0.1,anisotropic,0.0125,0.0215443469003188,500000,381.92249631881714,21.933832049561577,0.870033278071647,0.0064035775113158,21.542924064174947,0.8410385016922247,0.0070066991324249,0.0365659631634348
867,0.35,False,1.0,1.0,0.35,0.1,anisotropic,0.0125,0.0464158883361277,500000,384.6438407897949,33.603611124525784,0.9858991353198148,0.0004356135229088,32.42250674534922,0.9766023175746372,0.0005717573960213,0.0292147379715385
868,0.35,False,1.0,1.0,0.35,0.1,anisotropic,0.0125,0.0002154434690031,500000,385.95821022987366,23.74276675116652,0.8342341886277355,0.0041247160493419,22.97967672856304,0.8449360246886933,0.0049170322729841,0.042656980617912
869,0.35,False,1.0,1.0,0.35,0.1,anisotropic,0.0125,0.0464158883361277,500000,386.1412506103516,31.99977250861476,0.981603115288084,0.0006300669675152,30.94109828808481,0.9705291028780088,0.0008039964544108,0.0284766822847025
870,0.35,False,1.0,1.0,0.35,0.1,anisotropic,0.0125,0.0464158883361277,500000,376.61993956565857,35.135214765936354,0.9743166562254922,0.0003064195784359,35.13564346596037,0.9851751368429223,0.0003063893326919,0.0274289817381011
871,0.35,False,1.0,1.0,0.35,0.1,anisotropic,0.0125,0.01,500000,385.73863983154297,24.076111000510853,0.8533292460135391,0.0038929754768475,23.518763291119697,0.8671578075877217,0.0044260512551969,0.0339863785670353
872,0.35,False,1.0,1.0,0.35,0.1,anisotropic,0.0125,0.0215443469003188,500000,384.96252250671387,20.772890322632243,0.8772586610470684,0.0083502782915131,20.87151434638951,0.8836476057549358,0.0081627885603994,0.0326210471767475
873,0.35,False,1.0,1.0,0.35,0.1,anisotropic,0.0125,0.01,500000,377.52945947647095,31.58192315157025,0.9556787251079728,0.000692808785584,28.92461934426448,0.9323358305030024,0.0012774495777969,0.0305798196182267
874,0.35,False,1.0,1.0,0.35,0.1,anisotropic,0.0125,0.0001,500000,379.0848412513733,30.45132328710838,0.8822475749700699,0.0008355542836353,27.754781712202032,0.8327925690458954,0.0015546363840778,0.0343520732244326
875,0.35,False,1.0,1.0,0.35,0.1,anisotropic,0.0125,0.0215443469003188,500000,384.4144933223725,18.892771141153265,0.7856788746507541,0.0128649642091758,18.74825801707778,0.774016348263233,0.0133002527688395,0.0324893331334536
876,0.35,False,1.0,1.0,0.35,0.1,anisotropic,0.0125,0.0046415888336127,500000,379.97121238708496,26.600700327586843,0.9202638833717536,0.0021740561846005,25.48797587477809,0.9330767199989674,0.0028089448258555,0.0363948539288543
877,0.35,False,1.0,1.0,0.35,0.1,anisotropic,0.0125,0.0464158883361277,500000,376.60071659088135,32.59254670173558,0.9743974287354894,0.0005502413575295,32.66448780732384,0.9831805461023038,0.0005412016592206,0.0294736348752782
878,0.35,False,1.0,1.0,0.35,0.1,anisotropic,0.0125,0.0021544346900318,500000,376.0242972373962,31.78269699240567,0.9413887183810684,0.0006101331557775,28.550490373824022,0.9364379678368452,0.0012842373243877,0.0331909939389221
879,0.35,False,1.0,1.0,0.35,0.1,anisotropic,0.0125,0.0215443469003188,500000,376.75453519821167,30.80170843542323,0.972152311451833,0.0008310735415314,30.993675038728988,0.9815494794551916,0.0007951385249205,0.0274730125296635
880,0.35,False,1.0,1.0,0.35,0.1,anisotropic,0.0125,0.0046415888336127,500000,377.1569240093231,30.40507818181385,0.9317949033863564,0.0008748147649057,30.35241466612677,0.9502356250977968,0.000885487542953,0.0304462314600078
881,0.35,False,1.0,1.0,0.35,0.1,anisotropic,0.0125,0.001,500000,378.1224780082703,32.494500528491244,0.8949390876944333,0.0004719531851517,28.835536462186937,0.8796059518883188,0.0010959615756209,0.0349550973568967
882,0.35,False,1.0,1.0,0.35,0.1,anisotropic,0.0125,0.0001,500000,375.2558743953705,27.557254326339525,0.9078188189724592,0.0016010515391619,25.480862845933668,0.869083699766492,0.0025825245605732,0.0327482077740222
883,0.35,False,1.0,1.0,0.35,0.1,anisotropic,0.0125,0.01,500000,374.50241565704346,22.545663081850723,0.8290404104035903,0.0055430432699351,21.696171454860547,0.8294383496244457,0.0067405825458932,0.0424107430541395
884,0.35,False,1.0,1.0,0.35,0.1,anisotropic,0.0125,0.0004641588833612,500000,376.7480716705322,21.40183060264931,0.8709830096690633,0.0072280203961545,21.06190883486457,0.8568263230105481,0.0078164858524977,0.0488025166314223
885,0.35,False,1.0,1.0,0.35,0.1,anisotropic,0.0125,0.01,500000,376.9626095294952,21.66282925354119,0.7926687302451059,0.0065695351005057,21.124640726402355,0.7332811947151219,0.0074362415784209,0.0404362537097728
886,0.35,False,1.0,1.0,0.35,0.1,anisotropic,0.0125,0.0046415888336127,500000,383.7145369052887,27.92509449623365,0.905832831007571,0.0016060995242278,27.4041157254932,0.9173495399225876,0.0018107993524691,0.0331973314627972
887,0.35,False,1.0,1.0,0.35,0.1,anisotropic,0.0125,0.0215443469003188,500000,385.5992159843445,33.84681061771072,0.9649574002739876,0.0004121132458063,32.90883230704826,0.971188685704872,0.0005114632153776,0.0297144556831343
888,0.35,False,1.0,1.0,0.35,0.1,anisotropic,0.0125,0.1,500000,375.6530728340149,28.1651219931796,0.9650096108864048,0.0015241740449742,27.812606817568067,0.956490889401949,0.0016530503403782,0.0286148410028194
889,0.35,False,1.0,1.0,0.35,0.1,anisotropic,0.0125,0.0464158883361277,500000,375.14088559150696,24.681351469272176,0.8638669708376105,0.0033520831090813,24.444970041929302,0.880066921685475,0.0035395896816072,0.0298642588100706
890,0.35,False,1.0,1.0,0.35,0.1,anisotropic,0.0125,0.0464158883361277,500000,375.1350667476654,33.57016744761334,0.9823846465587124,0.0004382167893724,32.28799533139921,0.9784741419955312,0.0005887165220639,0.0249424413598856
891,0.35,False,1.0,1.0,0.35,0.1,anisotropic,0.0125,0.0215443469003188,500000,375.7321689128876,37.09260708323728,0.9788412755596962,0.0001950196680016,35.62231139323205,0.9869972083697298,0.000273594890044,0.0260204868291916
892,0.35,False,1.0,1.0,0.35,0.1,anisotropic,0.0125,0.0046415888336127,500000,375.0398869514465,29.38350897495628,0.9508850750487604,0.0011404912366457,25.89136982492998,0.8928284805966951,0.0025486245815825,0.0327346750703807
893,0.35,False,1.0,1.0,0.35,0.1,anisotropic,0.0125,0.0215443469003188,500000,376.2722532749176,23.948490452289867,0.9234388836745608,0.0040171739831831,24.22011214626137,0.933708861655272,0.0037736226674229,0.0305297909913959
894,0.35,False,1.0,1.0,0.35,0.1,anisotropic,0.0125,0.0464158883361277,500000,379.9305176734924,33.81725574054589,0.9749298557335976,0.0004148520323178,33.49449869285746,0.9825659728365702,0.0004468573716825,0.0283060604680681
895,0.35,False,1.0,1.0,0.35,0.1,anisotropic,0.0125,0.0464158883361277,500000,379.2574734687805,31.369837616020764,0.952331974560814,0.0007288014538449,31.057679539745426,0.973805417240548,0.0007831140899309,0.0337864848580445
896,0.35,False,1.0,1.0,0.35,0.1,anisotropic,0.0125,0.01,500000,378.0726606845856,27.664465154620213,0.8539439420973951,0.0016057247616662,27.414596448185375,0.9143636875872676,0.0017008185163991,0.0379557489126103
897,0.35,False,1.0,1.0,0.35,0.1,anisotropic,0.0125,0.0464158883361277,500000,380.7634627819061,32.1231512399664,0.9389467367994032,0.0004544075967928,31.565457489630447,0.961634216923572,0.0005166720379169,0.0253766443261527
898,0.35,False,1.0,1.0,0.35,0.1,anisotropic,0.0125,0.0464158883361277,500000,377.2559850215912,36.04548972626437,0.9797207720774036,0.0002481422501471,35.972864136337975,0.9861490391074303,0.000252326739024,0.0252235196573312
899,0.35,False,1.0,1.0,0.35,0.1,anisotropic,0.0125,0.0021544346900318,500000,378.2686779499054,32.11143699573445,0.9397231814143584,0.0006147103031581,30.02042072929028,0.9506834782911748,0.0009948832498935,0.0437263635138399
900,0.35,False,1.0,1.0,0.35,0.1,anisotropic,0.0125,0.0046415888336127,500000,384.4308111667633,36.03735077695724,0.983343404581242,0.0002484637868631,33.190081715449665,0.9713046935668984,0.0004786190784347,0.0320676968469599
901,0.35,False,1.0,1.0,0.35,0.1,anisotropic,0.0125,0.01,500000,383.0373520851135,28.66146080030685,0.953528978411053,0.00135817431635,28.014582181810592,0.9618526901464391,0.0015763163324382,0.0309100323305568
902,0.35,False,1.0,1.0,0.35,0.1,anisotropic,0.0125,0.0021544346900318,500000,384.5693266391754,31.98313471326948,0.9417626528257084,0.0005945166787115,26.26449739027393,0.8231191326051228,0.0022183382886889,0.0359492398535874
903,0.35,False,1.0,1.0,0.35,0.1,anisotropic,0.0125,0.0021544346900318,500000,384.284059047699,35.83390924066079,0.9426312247532054,0.0002361656133707,31.188590532312304,0.9396725393218576,0.0006882536666384,0.0331440925926615
904,0.35,False,1.0,1.0,0.35,0.1,anisotropic,0.0125,0.0215443469003188,500000,381.5841007232666,34.9911307311766,0.9404094143354762,0.000315477782895,31.995463320244024,0.9530662176497924,0.0006288332845656,0.0312063799042994
905,0.35,False,1.0,1.0,0.35,0.1,anisotropic,0.0125,0.01,500000,384.6179449558258,27.761065813874207,0.9424104518514812,0.0016672106580184,25.171694169436737,0.893870966787173,0.0030264091574629,0.0334797841563578
906,0.35,False,1.0,1.0,0.35,0.1,anisotropic,0.0125,0.01,500000,381.1405336856842,27.080748569476548,0.958805843150564,0.0019555065078389,26.31968153502344,0.9359065662594424,0.0023300539084988,0.0298392239286464
907,0.35,False,1.0,1.0,0.35,0.1,anisotropic,0.0125,0.0464158883361277,500000,384.24181938171387,33.74317158056473,0.9784949533145604,0.0004211164500664,32.31164502123623,0.979118865704245,0.0005855377000677,0.0269020141341512
908,0.35,False,1.0,1.0,0.35,0.1,anisotropic,0.0125,0.0464158883361277,500000,381.5386836528778,34.878414413093296,0.9764102869345056,0.000325063162838,34.07449142283643,0.9811628882947278,0.0003911650602837,0.02809911656455
909,0.35,False,1.0,1.0,0.35,0.1,anisotropic,0.0125,0.0215443469003188,500000,385.15494298934937,22.88563306894773,0.8874895812088938,0.0051338064830976,22.695020043294303,0.887939568209483,0.0053641485540488,0.0291526433183223
910,0.35,False,1.0,1.0,0.35,0.1,anisotropic,0.0125,0.0464158883361277,500000,383.4839780330658,35.036767840942474,0.9860596740549934,0.0003129427560252,33.77647835905495,0.9817908312007216,0.00041830576616,0.02893273632321
911,0.35,False,1.0,1.0,0.35,0.1,anisotropic,0.0125,0.0021544346900318,500000,383.920973777771,30.94062158436309,0.8997922504216667,0.0006701871321108,28.87049500884366,0.9257686615451596,0.0010794654397464,0.0349382008447979
912,0.35,False,1.0,1.0,0.35,0.1,anisotropic,0.0125,0.0046415888336127,500000,383.2334988117218,33.51485904701487,0.9517178408161232,0.000346180436778,29.17882642285182,0.921469820490785,0.0009395194686759,0.0304760635987706
913,0.35,False,1.0,1.0,0.35,0.1,anisotropic,0.0125,0.01,500000,382.1457884311676,30.209599824474115,0.8896798152020381,0.0006913528674749,28.890107949043728,0.9261834209649136,0.0009368044736593,0.0374567728883142
914,0.35,False,1.0,1.0,0.35,0.1,anisotropic,0.0125,0.1,500000,386.40787267684937,29.421187508692604,0.967934229166446,0.0011416609560724,29.095652472039752,0.9725935363861268,0.0012305255977039,0.0267861441964858
915,0.35,False,1.0,1.0,0.35,0.1,anisotropic,0.0125,0.0215443469003188,500000,380.5073685646057,21.260391937246208,0.8580284671531446,0.0074767767728843,21.35717155668848,0.8827612030194304,0.0073120045432807,0.0287661423818854
916,0.35,False,1.0,1.0,0.35,0.1,anisotropic,0.0125,0.01,500000,380.8869893550873,19.6353789432495,0.8067946365874109,0.0108561879181517,19.60486781646436,0.8130515220169061,0.0109327260287275,0.0302136965778734
917,0.35,False,1.0,1.0,0.35,0.1,anisotropic,0.0125,0.001,500000,381.8835356235504,31.361622119898836,0.9458189101995969,0.0007301931381222,30.36762805386953,0.951484401283551,0.0009179883168676,0.0419009148518844
918,0.35,False,1.0,1.0,0.35,0.1,anisotropic,0.0125,0.0046415888336127,500000,379.8579134941101,25.21475363003497,0.9016920519532672,0.0029437213816639,24.03256591105664,0.8705607473754984,0.0038646972155945,0.0326978272113007
919,0.35,False,1.0,1.0,0.35,0.1,anisotropic,0.0125,0.0215443469003188,500000,381.77069783210754,30.009918751661814,0.9585182174679386,0.0009941043001568,27.54108728652735,0.9086133045810412,0.0017551534777056,0.0350738832835877
920,0.35,False,1.0,1.0,0.35,0.1,anisotropic,0.0125,0.0046415888336127,500000,384.6102991104126,28.18670246832502,0.8416511427856088,0.0014625482836637,28.052465978974723,0.9229889974592156,0.0015084602189119,0.0415235930604329
921,0.35,False,1.0,1.0,0.35,0.1,anisotropic,0.0125,0.0464158883361277,500000,382.8574113845825,29.53715506396282,0.9169008857057852,0.0008238713848575,28.064737185048312,0.8947346868460194,0.0011563816909924,0.0252726123421014
922,0.35,False,1.0,1.0,0.35,0.1,anisotropic,0.0125,0.01,500000,382.7811393737793,32.52707923412014,0.9500224661796672,0.0005585484091325,32.88532206680033,0.9652343600843446,0.0005143236986682,0.028491455515972
923,0.35,False,1.0,1.0,0.35,0.1,anisotropic,0.0125,0.01,500000,382.4533910751343,30.45517163581064,0.9509868959048848,0.0008923372955973,28.35885135569488,0.9494955928941748,0.0014459759607071,0.0319739248934997
924,0.35,False,1.0,1.0,0.35,0.1,anisotropic,0.0125,0.0464158883361277,500000,379.722291469574,29.552455242459533,0.952259682876252,0.001106625778828,28.11368417969181,0.9520638462407188,0.0015412670330261,0.0314325189249727
925,0.35,False,1.0,1.0,0.35,0.1,anisotropic,0.0125,0.0464158883361277,500000,382.8425531387329,32.2687588982014,0.967725593241282,0.0005929298983401,31.667471620133885,0.9802347700642252,0.0006809764261566,0.0274058452550637
926,0.35,False,1.0,1.0,0.35,0.1,anisotropic,0.0125,0.0215443469003188,500000,381.6655359268189,26.998613923880733,0.9399129595924516,0.0019907945804192,26.349617999322028,0.927074994965272,0.0023116710928587,0.0301820392285799
927,0.35,False,1.0,1.0,0.35,0.1,anisotropic,0.0125,0.01,500000,383.4946329593658,25.86781885966336,0.9196929637862472,0.0025873007096063,24.73648693568416,0.928599879930186,0.0033572223063012,0.0366277487026784
928,0.35,False,1.0,1.0,0.35,0.1,anisotropic,0.0125,0.0046415888336127,500000,381.6990733146668,30.208875460168745,0.9526117736398484,0.0009441590687924,28.658542777119923,0.9554159684662936,0.0013492065387198,0.0310325809270061
929,0.35,False,1.0,1.0,0.35,0.1,anisotropic,0.0125,0.1,500000,384.50987577438354,27.46980824619944,0.968032502135265,0.0017904009076972,27.642210331625737,0.9746327396781308,0.0017207195018157,0.0286418759408115
930,0.35,False,1.0,1.0,0.35,0.1,anisotropic,0.0125,0.01,500000,382.494651556015,28.395751704306605,0.9460228649621178,0.0014399144255918,26.9910684229375,0.943581382549486,0.0019897797685775,0.0316045731141441
931,0.35,False,1.0,1.0,0.35,0.1,anisotropic,0.0125,0.0046415888336127,500000,382.4078314304352,23.794389173010405,0.8747778999975321,0.0041230579257629,22.480319904666946,0.8515056997191213,0.0055798993237516,0.0376195659406064
932,0.35,False,1.0,1.0,0.35,0.1,anisotropic,0.0125,0.01,500000,382.7476553916931,25.274009649145995,0.9090752228001308,0.0029591091193682,25.05786367040085,0.9316907474766598,0.0031101087726401,0.0310687400328303
933,0.35,False,1.0,1.0,0.35,0.1,anisotropic,0.0125,0.0215443469003188,500000,381.0157482624054,27.47812251528696,0.8875517663530714,0.0016611505744375,27.19817652508112,0.884922726239463,0.0017717547254153,0.0253519034110584
934,0.35,False,1.0,1.0,0.35,0.1,anisotropic,0.0125,0.01,500000,386.09831261634827,26.828158459933245,0.8787069662532606,0.001925129871997,25.90062537170313,0.892643316947808,0.002383490041747,0.0319223245359116
935,0.35,False,1.0,1.0,0.35,0.1,anisotropic,0.0125,0.0046415888336127,500000,382.5889863967896,31.887153394166354,0.9498409390763444,0.0006431121241491,33.99450040591776,0.9794378450846906,0.0003958694574987,0.0330082311259723
936,0.35,False,1.0,1.0,0.35,0.1,anisotropic,0.0125,0.0215443469003188,500000,385.9060111045837,24.4330614545898,0.8696436650969701,0.0035417236786286,24.210029710681656,0.8935695349699109,0.0037283600809128,0.030590187706982
937,0.35,False,1.0,1.0,0.35,0.1,anisotropic,0.0125,0.0046415888336127,500000,383.678822517395,31.2833959706509,0.946883242065397,0.0007315786972484,28.81035394050864,0.94842137944589,0.0012929009478208,0.0332761358094646
938,0.35,False,1.0,1.0,0.35,0.1,anisotropic,0.0125,0.0215443469003188,500000,384.7121031284332,26.09258339498943,0.934557902285586,0.002457768928869,26.630850974215072,0.9453303818361932,0.0021712722987908,0.0306284499991664
939,0.35,False,1.0,1.0,0.35,0.1,anisotropic,0.0125,0.01,500000,382.712265253067,30.766093556299133,0.947823135438747,0.0008260328578467,29.511152915101903,0.9531708067641071,0.0011027863632531,0.0314468470048181
940,0.35,False,1.0,1.0,0.35,0.1,anisotropic,0.0125,0.0464158883361277,500000,390.9652979373932,24.775968009975024,0.8839917668167242,0.0032952371696441,24.82670439175987,0.9064809087965634,0.0032569646098931,0.0280559060895345
941,0.35,False,1.0,1.0,0.35,0.1,anisotropic,0.0125,0.0021544346900318,500000,381.2843344211578,30.341758238773743,0.8667862726763572,0.0007343424628625,25.77735277635115,0.8514817008360202,0.0021005798151972,0.0357860537848674
942,0.35,False,1.0,1.0,0.35,0.1,anisotropic,0.0125,0.0021544346900318,500000,381.53276801109314,24.518510613443137,0.8729308311885251,0.0034308444267938,23.41579811272366,0.8535165952215865,0.0044225451495229,0.0361509596695674
943,0.35,False,1.0,1.0,0.35,0.1,anisotropic,0.0125,0.001,500000,387.3531446456909,31.977951309172997,0.9053064491046178,0.0005993483559041,25.309745794777587,0.83972790854596,0.0027829145393861,0.048357493502888
944,0.35,False,1.0,1.0,0.35,0.1,anisotropic,0.0125,0.0046415888336127,500000,383.8454170227051,28.776320757167856,0.9420622476488444,0.0012555721784261,26.3069793585032,0.9234283262404236,0.0022170517155036,0.0334197600978613
945,0.35,False,1.0,1.0,0.35,0.1,anisotropic,0.0125,0.01,500000,384.422253370285,22.07760252784429,0.8638682170042858,0.0061404521904815,21.648692454715864,0.8107030521764228,0.006777840766199,0.0327564792726403
946,0.35,False,1.0,1.0,0.35,0.1,anisotropic,0.0125,0.01,500000,385.90044260025024,25.289260791297803,0.8875414187049971,0.0029226555266039,23.85977206284633,0.8724413269011702,0.0040618745285312,0.0333438605241245
947,0.35,False,1.0,1.0,0.35,0.1,anisotropic,0.0125,0.0021544346900318,500000,384.1503562927246,28.11958797848479,0.9008692228033544,0.0014414622978598,24.30676011578996,0.8316872076139833,0.0034680557794767,0.0344747085506702
948,0.35,False,1.0,1.0,0.35,0.1,anisotropic,0.0125,0.0464158883361277,500000,383.8439257144928,23.596764832963167,0.9010712763348848,0.0043474705438173,23.213554848327945,0.9018412347527346,0.0047485131671485,0.0297242103661209
949,0.35,False,1.0,1.0,0.35,0.1,anisotropic,0.0125,0.0464158883361277,500000,384.6422040462494,29.62112846871815,0.946498022735587,0.0010888465380027,28.809124306167558,0.958962383554332,0.0013127048531916,0.0256132059192829
950,0.35,False,1.0,1.0,0.35,0.1,anisotropic,0.0125,0.01,500000,378.2361931800842,30.73321716954323,0.9565725104227808,0.000835426932403,29.517295565629095,0.963137835943704,0.0011053520786519,0.0297487917077142
951,0.35,False,1.0,1.0,0.35,0.1,anisotropic,0.0125,0.0464158883361277,500000,384.9528701305389,36.98705946378856,0.978206475805384,0.0001999005790265,37.38386877386128,0.9887652910114164,0.0001824454853282,0.0259635417859114
952,0.35,False,1.0,1.0,0.35,0.1,anisotropic,0.0125,0.0046415888336127,500000,378.58883142471313,30.04903606516057,0.857714346669344,0.0008397209501849,27.239637586165173,0.8943357966120523,0.0016035216813161,0.0395593345898769
953,0.35,False,1.0,1.0,0.35,0.1,anisotropic,0.0125,0.0046415888336127,500000,383.9905033111572,32.793416483918286,0.9271505330940256,0.0005106376790352,29.12217584059174,0.9217230905211972,0.0011891507710142,0.0400173024261396
954,0.35,False,1.0,1.0,0.35,0.1,anisotropic,0.0125,0.0021544346900318,500000,375.0286583900452,24.808958265242097,0.8634447081486332,0.0032678486268089,24.865691199647834,0.88864700508706,0.003225437549133,0.0402348765529562
955,0.35,False,1.0,1.0,0.35,0.1,anisotropic,0.0125,0.0046415888336127,500000,377.68236446380615,30.204728288438,0.9431892304329514,0.0009419248453764,27.746737446898347,0.9109152067863956,0.0016588813961405,0.0302779173854389
956,0.35,False,1.0,1.0,0.35,0.1,anisotropic,0.0125,0.0215443469003188,500000,377.581262588501,38.39778893829784,0.976362931716126,0.0001444032944845,39.07036453487831,0.9893250750185396,0.0001236857144064,0.0272303156489282
957,0.35,False,1.0,1.0,0.35,0.1,anisotropic,0.0125,0.0464158883361277,500000,376.1581106185913,32.59801478267548,0.9774724298223936,0.0005497680042361,32.73656935498291,0.9873465785795758,0.000532505384614,0.025587747316452
958,0.35,False,1.0,1.0,0.35,0.1,anisotropic,0.0125,0.0046415888336127,500000,373.778425693512,29.109368523250502,0.9295917276579868,0.0011744639573519,28.121854444430596,0.9459935048785012,0.0014743177740039,0.0302230908899072
959,0.35,False,1.0,1.0,0.35,0.1,anisotropic,0.0125,0.0004641588833612,500000,387.1627469062805,27.93810218086504,0.9068717231983314,0.0015976085156837,28.832324113086493,0.958312174155897,0.0013003138056597,0.0374267470596626
960,0.35,False,1.0,1.0,0.35,0.1,anisotropic,0.0125,0.0464158883361277,500000,375.402202129364,27.1530839116758,0.8890290530805204,0.0014757400441426,26.767732848161245,0.9033105721697068,0.0016126679999144,0.0278972034410079
961,0.35,False,1.0,1.0,0.35,0.1,anisotropic,0.0125,0.0464158883361277,500000,379.9731957912445,23.793197016028618,0.8700066709953558,0.0040919551803791,23.71692906212999,0.884110424090175,0.0041644501096789,0.0263683697443455
962,0.35,False,1.0,1.0,0.35,0.1,anisotropic,0.0125,0.0215443469003188,500000,379.2782521247864,34.164794345516995,0.9755956447330852,0.0003828189856779,33.04238542149907,0.982615608246539,0.0004957176253487,0.0280834216501367
963,0.35,False,1.0,1.0,0.35,0.1,anisotropic,0.0125,0.01,500000,377.0505316257477,28.762400231599653,0.9268890198329116,0.0012969329807825,27.330985035758445,0.926429092072923,0.001803262926269,0.0307863059169826
964,0.35,False,1.0,1.0,0.35,0.1,anisotropic,0.0125,0.1,500000,378.23977875709534,28.97771939297689,0.9132721480319256,0.0005506607190755,29.14926709746053,0.9414620722925776,0.0005293334353873,0.0267920470000148
965,0.35,False,1.0,1.0,0.35,0.1,anisotropic,0.0125,0.0046415888336127,500000,378.9876475334168,29.509933861877222,0.95349415091697,0.0011030961243132,26.15043776990229,0.8800632733009291,0.0023909085655953,0.0347289683056155
966,0.35,False,1.0,1.0,0.35,0.1,anisotropic,0.0125,0.0215443469003188,500000,380.8366243839264,32.821766874576134,0.9672139245277812,0.0005215900680458,31.61775504331306,0.9681154526230644,0.0006882250820368,0.0283004724937899
967,0.35,False,1.0,1.0,0.35,0.1,anisotropic,0.0125,0.0046415888336127,500000,378.2644603252411,24.3427844057392,0.9015214437201774,0.0036212135480354,23.355203374439512,0.8723851484237726,0.0045458200482072,0.0347019774483911
968,0.35,False,1.0,1.0,0.35,0.1,anisotropic,0.0125,0.0464158883361277,500000,378.93631291389465,34.85673988123169,0.9743202441102696,0.0003266535101119,34.57244037586755,0.9841232653326282,0.0003487524601546,0.0251982698610703
969,0.35,False,1.0,1.0,0.35,0.1,anisotropic,0.0125,0.01,500000,376.8830235004425,29.181414453307596,0.9571952020294352,0.001203656070359,28.39495732240192,0.961127203323768,0.0014426072934203,0.0313985033210751
970,0.35,False,1.0,1.0,0.35,0.1,anisotropic,0.0125,0.0215443469003188,500000,378.2523944377899,28.62520266770124,0.9393624499396052,0.0013717836151604,28.84156913725104,0.9538239115216712,0.0013051155504055,0.0333530767176852
971,0.35,False,1.0,1.0,0.35,0.1,anisotropic,0.0125,0.01,500000,376.961193561554,28.50025365535041,0.9208284399376238,0.0014108033575491,26.880739016944197,0.92301081934393,0.002048415004767,0.0367239533380937
972,0.35,False,1.0,1.0,0.35,0.1,anisotropic,0.0125,0.0021544346900318,500000,378.5275602340698,23.26349386744786,0.9172489515060256,0.0047116840296861,22.408652519330253,0.8917635318889373,0.0057366756189277,0.0330909048184593
973,0.35,False,1.0,1.0,0.35,0.1,anisotropic,0.0125,0.0021544346900318,500000,377.4851973056793,32.63431177783459,0.9325492750988916,0.0005323087278197,29.448274313122905,0.8976552407748729,0.0011085807511963,0.0273820413582265
974,0.35,False,1.0,1.0,0.35,0.1,anisotropic,0.0125,0.0215443469003188,500000,376.6467406749725,36.37791075251766,0.9729973031106988,0.0002300790689126,36.51545337169845,0.9851187007694368,0.0002229065597931,0.0274917740937214
975,0.35,False,1.0,1.0,0.35,0.1,anisotropic,0.0125,0.0215443469003188,500000,376.7621970176697,28.33042622163731,0.9597428659780554,0.0014673938313226,28.72024133061245,0.9711173560953984,0.0013414212384147,0.0330806735315146
976,0.35,False,1.0,1.0,0.35,0.1,anisotropic,0.0125,0.0464158883361277,500000,374.31242990493774,30.687387447480383,0.9684429568710922,0.0008525140159458,29.46984653423028,0.9711967609188058,0.0011283806216825,0.0295344017566939
977,0.35,False,1.0,1.0,0.35,0.1,anisotropic,0.0125,0.0464158883361277,500000,387.94687128067017,31.715783757936524,0.958544482597981,0.0006733927519224,31.706178500959087,0.977475175284974,0.0006748837375807,0.0319847967200965
978,0.35,False,1.0,1.0,0.35,0.1,anisotropic,0.0125,0.0215443469003188,500000,378.9834599494934,30.11340851078438,0.9363444055114946,0.0009725477332259,27.672405929785,0.9194312942058048,0.0017061263250066,0.0325307276166001
979,0.35,False,1.0,1.0,0.35,0.1,anisotropic,0.0125,0.0464158883361277,500000,379.0940327644348,30.420812300419023,0.9673781354183446,0.0009067445837893,30.562403777928655,0.9800419493602393,0.0008776590235953,0.0297053960853292
980,0.35,False,1.0,1.0,0.35,0.1,anisotropic,0.0125,0.0046415888336127,500000,384.0563187599182,30.427859881846626,0.9204218765379382,0.0008518693927458,25.36647136238618,0.8241047762912916,0.0027321960962406,0.0401385620038167
981,0.35,False,1.0,1.0,0.35,0.1,anisotropic,0.0125,0.0001,500000,389.36094784736633,27.348250326223777,0.876549748831731,0.0017812167510786,22.739867867529725,0.7565544784311513,0.0051470100538985,0.0483058974229095
982,0.35,False,1.0,1.0,0.35,0.1,anisotropic,0.0125,0.0046415888336127,500000,378.6185128688812,31.029052304342702,0.9215294699877508,0.0007734920888961,28.4596367285114,0.9249933876954796,0.0013976467976461,0.0414719760127565
983,0.35,False,1.0,1.0,0.35,0.1,anisotropic,0.0125,0.0464158883361277,500000,377.6995687484741,35.362915064580605,0.983611764715898,0.0002907990589892,34.42720148242766,0.9853414506361576,0.0003607151267638,0.0266299095453695
984,0.35,False,1.0,1.0,0.35,0.1,anisotropic,0.0125,0.0046415888336127,500000,381.42806363105774,27.20117030872957,0.9437886330162556,0.0018943405651696,26.61590101329707,0.9448979337575166,0.0021676291805365,0.0342694307885495
985,0.35,False,1.0,1.0,0.35,0.1,anisotropic,0.0125,0.0046415888336127,500000,384.8086905479431,36.40872873024238,0.9668085423338948,0.0002273240895069,30.72925521817906,0.9409212046947204,0.0008406066309125,0.0306604833349443
986,0.35,False,1.0,1.0,0.35,0.1,anisotropic,0.0125,0.0046415888336127,500000,381.5289168357849,21.834584608591957,0.8796323717213909,0.0065357786038072,21.900944333095,0.9023118611049536,0.0064366717170291,0.0298591965784553
987,0.35,False,1.0,1.0,0.35,0.1,anisotropic,0.0125,0.0464158883361277,500000,384.3956582546234,33.573950815938296,0.967434858243536,0.0004386039553713,33.56230878031638,0.9832822053167252,0.0004397812885636,0.0258051904426909
988,0.35,False,1.0,1.0,0.35,0.1,anisotropic,0.0125,0.01,500000,378.80958247184753,23.54264709630798,0.8683179730548523,0.0042226342681258,22.217755550882494,0.8068430713312535,0.0057289182148376,0.0322124068519098
989,0.35,False,1.0,1.0,0.35,0.1,anisotropic,0.0125,0.0464158883361277,500000,378.2219831943512,30.848482301749613,0.9812556880082134,0.0008221745624378,30.226496763160625,0.970999227979241,0.0009487735955018,0.0297580091327179
990,0.35,False,1.0,1.0,0.35,0.1,anisotropic,0.0125,0.01,500000,379.3056535720825,21.97492716984737,0.8999434898199051,0.0062998363997104,22.224883103431843,0.9031876976229206,0.0059474894188579,0.033063667770368
991,0.35,False,1.0,1.0,0.35,0.1,anisotropic,0.0125,0.0046415888336127,500000,375.5343322753906,29.59926356597422,0.9092266901989564,0.0009794149150774,25.50462552748421,0.86561017630993,0.0025143777057255,0.0404221987785467
992,0.35,False,1.0,1.0,0.35,0.1,anisotropic,0.0125,0.0215443469003188,500000,376.5041651725769,35.00263715963001,0.9500527047970168,0.0003146237809581,30.9672883397508,0.934406504743399,0.0007967579909104,0.0301707051246963
993,0.35,False,1.0,1.0,0.35,0.1,anisotropic,0.0125,0.0464158883361277,500000,376.20721411705017,36.797612729752906,0.9800909202489144,0.0002089311391025,36.7352239158047,0.9881136452023748,0.0002119542130132,0.0250574311871533
994,0.35,False,1.0,1.0,0.35,0.1,anisotropic,0.0125,0.01,500000,384.09113097190857,31.175176712809822,0.9409410821560988,0.0007586910018158,27.315715404701336,0.9089689833889496,0.0018450624234945,0.0361574849410335
995,0.35,False,1.0,1.0,0.35,0.1,anisotropic,0.0125,0.0046415888336127,500000,377.3217234611511,26.330087895049445,0.8602719714293828,0.0022802632373069,25.76043169017431,0.895599391433778,0.0025998638539963,0.0334157229034614
996,0.35,False,1.0,1.0,0.35,0.1,anisotropic,0.0125,0.0046415888336127,500000,379.1371994018554,27.363049247205765,0.8893119489347897,0.0018085523303025,26.709670495633723,0.9090093534723594,0.0021021754247495,0.0334908651966072
997,0.35,False,1.0,1.0,0.35,0.1,anisotropic,0.0125,0.0215443469003188,500000,376.2100520133972,25.114120047191303,0.9463484099195564,0.0030730614531115,25.19746352250225,0.9503812163099848,0.0030146499973372,0.0273316741725165
998,0.35,False,1.0,1.0,0.35,0.1,anisotropic,0.0125,0.01,500000,379.1368486881256,21.48445395862607,0.9046411887952626,0.0070902078282161,21.844691752952315,0.9137387965737224,0.0065258214334229,0.0310945505436472
999,0.35,False,1.0,1.0,0.35,0.1,anisotropic,0.0125,0.0464158883361277,500000,378.9495017528534,33.0458022921013,0.9555699470911676,0.0004946034081082,32.47285640103912,0.9749363418165846,0.0005643541119156,0.0274097047804169
