sample_idx,sigma_y_tomo,procedure,scale,alpha_norm,sigma_used,reg_param,alpha_init,reg_fct_type,sampling_param,best_anis_param,best_anis_idx,ula_samples,time_ula,psnr_map,ssim_map,mse_map,psnr_mean,ssim_mean,mse_mean,post_std_mean
0,0.5,False,1.0,1.0,0.5,0.1,0.01,anisotropic,0.0125,0.0046415888336127,5,100000,84.3565320968628,25.84210738410201,0.8557227767669433,0.0025478528942377,24.85587525724717,0.8379030483651347,0.0031974043549632,0.0337529988870681
1,0.5,False,1.0,1.0,0.5,0.1,0.01,anisotropic,0.0125,0.0001,0,100000,83.46632838249207,23.988328190262287,0.8431491022550437,0.0039869247941125,24.593595803974296,0.8731071827814662,0.0034682570856634,0.0482496229996369
2,0.5,False,1.0,1.0,0.5,0.1,0.01,anisotropic,0.0125,0.0021544346900318,4,100000,82.70386552810669,28.62802591540526,0.8689905082315997,0.0012784853593562,27.45148553665465,0.8383324436999464,0.0016762924807176,0.0328627711965329
3,0.5,False,1.0,1.0,0.5,0.1,0.01,anisotropic,0.0125,0.0001,0,100000,84.47096419334412,25.32497161142703,0.8391694258896528,0.0027093803305017,28.454732374253872,0.9079003370767816,0.0013179347139872,0.0401982221572684
4,0.5,False,1.0,1.0,0.5,0.1,0.01,anisotropic,0.0125,0.001,3,100000,82.40347027778625,31.13074159624368,0.9494637906059452,0.0007595901411246,28.7734489963141,0.9394995094580302,0.0013070992916425,0.0360746798574644
5,0.5,False,1.0,1.0,0.5,0.1,0.01,anisotropic,0.0125,0.0021544346900318,4,100000,82.28780508041382,29.96041282967589,0.909662176993216,0.0009333081936064,28.950183784836376,0.9064050562096628,0.0011777360885537,0.0366224829753273
6,0.5,False,1.0,1.0,0.5,0.1,0.01,anisotropic,0.0125,0.0021544346900318,4,100000,84.00603103637695,27.800753287037008,0.8716903289854725,0.0013580520053921,27.216514498054536,0.8622114181457923,0.0015536038188315,0.035433079567941
7,0.5,False,1.0,1.0,0.5,0.1,0.01,anisotropic,0.0125,0.01,6,100000,82.2883369922638,35.65092570939556,0.9642200574408002,0.000269475756544,35.286158753795874,0.9649613758227198,0.0002930868919404,0.0268674963951817
8,0.5,False,1.0,1.0,0.5,0.1,0.01,anisotropic,0.0125,0.0046415888336127,5,100000,83.09115099906921,31.354901545800907,0.8957752788882253,0.0007257805677407,32.072169051323705,0.9545716930129612,0.0006152881989732,0.0357910674808782
9,0.5,False,1.0,1.0,0.5,0.1,0.01,anisotropic,0.0125,0.0004641588833612,2,100000,83.6133542060852,27.20691565092517,0.836956569085089,0.0018759152557474,25.46174448090733,0.8531710377007096,0.0028036921927368,0.0479859265898519
10,0.5,False,1.0,1.0,0.5,0.1,0.01,anisotropic,0.0125,0.001,3,100000,83.17575740814209,30.46796850553146,0.9097065188729676,0.0008873116568787,27.30936862930271,0.8848483142053593,0.0018362684593859,0.041431071256872
11,0.5,False,1.0,1.0,0.5,0.1,0.01,anisotropic,0.0125,0.0215443469003188,7,100000,83.25983953475952,35.282704743705565,0.9636952172020112,0.0002958661426709,35.14884335007747,0.9737487272716324,0.0003051275409608,0.0337047928124286
12,0.5,False,1.0,1.0,0.5,0.1,0.01,anisotropic,0.0125,0.0046415888336127,5,100000,83.70623135566711,30.766060347474617,0.9558263867705116,0.0008325837178324,29.92851407406247,0.9590619631449442,0.0010096771801638,0.0318731097889238
13,0.5,False,1.0,1.0,0.5,0.1,0.01,anisotropic,0.0125,0.0215443469003188,7,100000,83.9370014667511,31.50371528166545,0.9175651941727696,0.0007052228909875,34.26793553244477,0.9791012358738816,0.0003731679834188,0.0309775008314439
14,0.5,False,1.0,1.0,0.5,0.1,0.01,anisotropic,0.0125,0.0464158883361277,8,100000,82.26138114929199,36.96361158963689,0.9689789315629914,0.0002009457154886,37.62225964596077,0.9885893930992165,0.0001726688295363,0.0305660370277507
15,0.5,False,1.0,1.0,0.5,0.1,0.01,anisotropic,0.0125,0.01,6,100000,81.02193641662598,36.473653216824346,0.9407459296744628,0.0002248679807106,33.336436801804126,0.934810623702731,0.0004630727886666,0.029905209086996
16,0.5,False,1.0,1.0,0.5,0.1,0.01,anisotropic,0.0125,0.01,6,100000,81.52435255050659,37.92258828580584,0.9823527555322584,0.0001608096069688,34.866871947800306,0.9684192521146742,0.0003250001970452,0.0290303971380366
17,0.5,False,1.0,1.0,0.5,0.1,0.01,anisotropic,0.0125,0.0464158883361277,8,100000,81.79445934295654,37.50945946377629,0.9758362369028528,0.0001772538075844,37.10665434924944,0.9843535051763086,0.0001944805098919,0.0292000381852792
18,0.5,False,1.0,1.0,0.5,0.1,0.01,anisotropic,0.0125,0.0046415888336127,5,100000,81.488600730896,30.80376877153993,0.9361352326983546,0.0008019789518331,31.77889471157703,0.961282884209138,0.000640693585951,0.032493889258483
19,0.5,False,1.0,1.0,0.5,0.1,0.01,anisotropic,0.0125,0.0046415888336127,5,100000,81.82997059822083,28.73083205944992,0.916474263845092,0.0012947841149047,28.439256418859845,0.9337698427873848,0.0013846975591761,0.0310711494190985
20,0.5,False,1.0,1.0,0.5,0.1,0.01,anisotropic,0.0125,0.0464158883361277,8,100000,81.25488781929016,29.517553501503045,0.8883021719538531,0.0009561864675882,29.57430954803762,0.9225455842393028,0.000943771782547,0.0312169114949173
21,0.5,False,1.0,1.0,0.5,0.1,0.01,anisotropic,0.0125,0.0002154434690031,1,100000,81.93608212471008,25.738130864318848,0.9017760829263692,0.0026651091160471,27.516194375353464,0.9198111202218248,0.0017697366450296,0.0402299012199771
22,0.5,False,1.0,1.0,0.5,0.1,0.01,anisotropic,0.0125,0.0004641588833612,2,100000,84.8080587387085,31.33872033464818,0.9218525755861884,0.0007207567358692,28.25636382823494,0.899175222259472,0.0014656300487572,0.0427828858959435
23,0.5,False,1.0,1.0,0.5,0.1,0.01,anisotropic,0.0125,0.0215443469003188,7,100000,85.29171252250671,34.09279630886543,0.9582496595904966,0.0003889290728184,33.926087212158734,0.9734520622400448,0.0004041488226408,0.0337096774614018
24,0.5,False,1.0,1.0,0.5,0.1,0.01,anisotropic,0.0125,0.0021544346900318,4,100000,82.22760248184204,32.316103070996924,0.9372057220606036,0.0005842529797033,32.393685818131075,0.9511566563729716,0.000573908505627,0.0362398971820846
25,0.5,False,1.0,1.0,0.5,0.1,0.01,anisotropic,0.0125,0.0021544346900318,4,100000,82.87472319602966,34.47695782472267,0.9206474524903135,0.0003549657367792,32.833067644742094,0.919336130496401,0.0005182931303942,0.0357912287808933
26,0.5,False,1.0,1.0,0.5,0.1,0.01,anisotropic,0.0125,0.0001,0,100000,85.57339692115784,23.69910789973945,0.8145313120194457,0.003554069343126,25.44154359408797,0.8587777831407042,0.0023794814726253,0.0414449733237773
27,0.5,False,1.0,1.0,0.5,0.1,0.01,anisotropic,0.0125,0.01,6,100000,82.5961492061615,35.86906774559209,0.9754846978993502,0.0002585682462164,35.34426730042634,0.9828451043684168,0.0002917798080725,0.0321087725129363
28,0.5,False,1.0,1.0,0.5,0.1,0.01,anisotropic,0.0125,0.01,6,100000,81.78433227539062,28.61713290596912,0.8837864758004866,0.001199661717327,28.508341975749897,0.9145424145889838,0.0012300928474192,0.0327903491739942
29,0.5,False,1.0,1.0,0.5,0.1,0.01,anisotropic,0.0125,0.01,6,100000,82.70931506156921,33.89110269461844,0.9696674117056376,0.0004077230072523,33.373841428794655,0.9779649142494912,0.0004592946063369,0.0293668427658746
30,0.5,False,1.0,1.0,0.5,0.1,0.01,anisotropic,0.0125,0.0215443469003188,7,100000,81.66600561141968,30.80320256811724,0.9597632064865956,0.0008298847781921,29.890971502236148,0.9482894291039572,0.0010238607756383,0.0268738948360277
31,0.5,False,1.0,1.0,0.5,0.1,0.01,anisotropic,0.0125,0.0021544346900318,4,100000,81.51861119270325,28.572115362941837,0.9284902946325428,0.0013760721633784,27.10017156359934,0.90477030932373,0.0019312370718636,0.0380903752507056
32,0.5,False,1.0,1.0,0.5,0.1,0.01,anisotropic,0.0125,0.0464158883361277,8,100000,82.77780389785767,36.071748438807326,0.9810468933658976,0.0002468095108079,35.38672874890549,0.9871389080505094,0.000288977387303,0.0274176663684472
33,0.5,False,1.0,1.0,0.5,0.1,0.01,anisotropic,0.0125,0.0046415888336127,5,100000,82.65735173225403,31.745213824696755,0.9409339052323422,0.00066846447789,34.012105091646475,0.9709950179727046,0.0003966333309247,0.0321176433122785
34,0.5,False,1.0,1.0,0.5,0.1,0.01,anisotropic,0.0125,0.0464158883361277,8,100000,84.09648633003235,36.33652114910002,0.962000280448352,0.0002321148657037,37.42182835075436,0.9865474008086068,0.0001807890969295,0.028248222468145
35,0.5,False,1.0,1.0,0.5,0.1,0.01,anisotropic,0.0125,0.0215443469003188,7,100000,81.82248282432556,31.063814332187377,0.9377487443933638,0.000781706536827,31.075660016773927,0.957869092125018,0.000779577282947,0.0353817581109685
36,0.5,False,1.0,1.0,0.5,0.1,0.01,anisotropic,0.0125,0.001,3,100000,83.62204456329346,31.70422853769388,0.9437666311784968,0.0006616528161875,30.366232368023887,0.9452972142989402,0.0009003881741916,0.0337064062377974
37,0.5,False,1.0,1.0,0.5,0.1,0.01,anisotropic,0.0125,0.0046415888336127,5,100000,82.51933264732361,32.040691155763355,0.9530316441382248,0.0006223812253593,31.19969801772533,0.9571087909522096,0.0007553631551421,0.0321053509474271
38,0.5,False,1.0,1.0,0.5,0.1,0.01,anisotropic,0.0125,0.0046415888336127,5,100000,82.91530561447144,30.19538028405578,0.894499804866997,0.000945651765323,30.188304367659903,0.9174645502936324,0.0009471937620899,0.0310631958072877
39,0.5,False,1.0,1.0,0.5,0.1,0.01,anisotropic,0.0125,0.0046415888336127,5,100000,82.97148823738098,31.49315618290215,0.9487108025850608,0.0007045264970597,30.761806200808834,0.9579882122546725,0.000833743247662,0.0340121508530731
40,0.5,False,1.0,1.0,0.5,0.1,0.01,anisotropic,0.0125,0.0215443469003188,7,100000,82.46955919265747,33.63546730826747,0.9583534929483074,0.0004322914584944,33.49013299855414,0.9707626447436668,0.0004470026373466,0.0302462120706072
41,0.5,False,1.0,1.0,0.5,0.1,0.01,anisotropic,0.0125,0.01,6,100000,83.12704253196716,30.94091277662931,0.95151473362282,0.000800601385202,30.68621522356088,0.9628136203770824,0.0008489577797213,0.0340023144803198
42,0.5,False,1.0,1.0,0.5,0.1,0.01,anisotropic,0.0125,0.01,6,100000,84.15409064292908,36.07479633353539,0.9322082010910376,0.000245177225764,30.00212382792748,0.8570698229107531,0.0009925385351037,0.0383447303680336
43,0.5,False,1.0,1.0,0.5,0.1,0.01,anisotropic,0.0125,0.0215443469003188,7,100000,81.9191505908966,34.270107207314695,0.9429750287847032,0.000373333375062,33.956827623169474,0.9692306811499062,0.0004012589893001,0.0351136789786539
44,0.5,False,1.0,1.0,0.5,0.1,0.01,anisotropic,0.0125,0.0021544346900318,4,100000,84.7077465057373,28.080892493854527,0.8874223973813475,0.0015053997921255,27.914589697001865,0.8857982974788683,0.0015641634426372,0.0414501805757168
45,0.5,False,1.0,1.0,0.5,0.1,0.01,anisotropic,0.0125,0.001,3,100000,84.4723756313324,33.40356661543442,0.9234374202072984,0.000444288455068,31.71844959930656,0.9506421406482236,0.0006549026228582,0.0323961790206275
46,0.5,False,1.0,1.0,0.5,0.1,0.01,anisotropic,0.0125,0.0021544346900318,4,100000,82.92878246307373,30.95715155139949,0.8926720640310668,0.0007778282650093,28.58677752447641,0.8469189563314774,0.0013425211100221,0.0343714937559873
47,0.5,False,1.0,1.0,0.5,0.1,0.01,anisotropic,0.0125,0.0046415888336127,5,100000,87.81432056427002,28.66590275255137,0.9329860778012004,0.0013403225227074,27.975459432354164,0.9400176567472524,0.0015712802348044,0.032367549607633
48,0.5,False,1.0,1.0,0.5,0.1,0.01,anisotropic,0.0125,0.0021544346900318,4,100000,84.09662675857544,31.897767692716368,0.9584993985326724,0.0006429305658429,28.865616119402286,0.9127024118739986,0.001292347272455,0.0390139627772702
49,0.5,False,1.0,1.0,0.5,0.1,0.01,anisotropic,0.0125,0.01,6,100000,83.63911747932434,29.840235423014597,0.9441227644399952,0.0010338283064701,29.47750879242048,0.9507171105525136,0.0011238829484301,0.0349532158790395
50,0.5,False,1.0,1.0,0.5,0.1,0.01,anisotropic,0.0125,0.0021544346900318,4,100000,87.2508156299591,29.662954026705272,0.8873949731762636,0.0009654742582732,28.908790021900653,0.8970732102807405,0.0011485690238774,0.0447092490000727
51,0.5,False,1.0,1.0,0.5,0.1,0.01,anisotropic,0.0125,0.0046415888336127,5,100000,86.86097645759583,32.41576683623172,0.9256046402572208,0.0005702192071385,31.90981634781453,0.9523588255755612,0.0006406736917474,0.0335022965774771
52,0.5,False,1.0,1.0,0.5,0.1,0.01,anisotropic,0.0125,0.0464158883361277,8,100000,86.75984644889832,27.343245067743208,0.8895523661470882,0.0014397956349191,27.36061495308042,0.9270136152472568,0.0014340485807841,0.0266297326542873
53,0.5,False,1.0,1.0,0.5,0.1,0.01,anisotropic,0.0125,0.01,6,100000,87.1766345500946,31.579601409112485,0.9356412668435636,0.0006942973425853,33.27481253420868,0.9664638951774818,0.0004699204991568,0.0357844305671333
54,0.5,False,1.0,1.0,0.5,0.1,0.01,anisotropic,0.0125,0.01,6,100000,87.09014415740967,34.4735517063075,0.9777099404766166,0.0003566492070383,34.03109133674229,0.9762430506304318,0.0003949001509261,0.0323241783039599
55,0.5,False,1.0,1.0,0.5,0.1,0.01,anisotropic,0.0125,0.0004641588833612,2,100000,86.96822881698608,29.249626356899427,0.9023603779265994,0.0011783220341698,29.01153877223877,0.9139015956242662,0.0012447231227952,0.0414480269567166
56,0.5,False,1.0,1.0,0.5,0.1,0.01,anisotropic,0.0125,0.001,3,100000,88.05269885063171,30.57418415418391,0.9093308621319092,0.000870361961474,29.63551662515942,0.933727244291302,0.0010803554202001,0.0350909350318127
57,0.5,False,1.0,1.0,0.5,0.1,0.01,anisotropic,0.0125,0.0021544346900318,4,100000,87.45852184295654,28.196148430230075,0.896078551541303,0.0011357270195158,27.36043968804323,0.8935046717299538,0.0013767174976902,0.0371120388520644
58,0.5,False,1.0,1.0,0.5,0.1,0.01,anisotropic,0.0125,0.0215443469003188,7,100000,87.58602023124695,35.43951377921375,0.9659892380567126,0.0002857079407546,34.8573479938502,0.9738957081877098,0.0003266922932958,0.0387149552369067
59,0.5,False,1.0,1.0,0.5,0.1,0.01,anisotropic,0.0125,0.01,6,100000,87.15935277938843,34.36689241434042,0.9716528008493244,0.0003656932071893,32.78192952517068,0.9587428482887224,0.0005267604769702,0.0341972945256834
60,0.5,False,1.0,1.0,0.5,0.1,0.01,anisotropic,0.0125,0.0021544346900318,4,100000,87.10815739631653,32.639614041276886,0.9375761357533866,0.0005153819565255,31.844531618138955,0.9277934555677864,0.0006189241831857,0.0374065220361203
61,0.5,False,1.0,1.0,0.5,0.1,0.01,anisotropic,0.0125,0.0021544346900318,4,100000,87.3905725479126,28.61720962102303,0.8668358830459163,0.0012623208248787,27.454867479329224,0.8435326847370779,0.001649696151007,0.0357275504397515
62,0.5,False,1.0,1.0,0.5,0.1,0.01,anisotropic,0.0125,0.01,6,100000,87.22528171539307,35.01462988758499,0.9660754345158772,0.000314698702419,36.055218679643744,0.9837010323294408,0.0002476487116644,0.0314365888877076
63,0.5,False,1.0,1.0,0.5,0.1,0.01,anisotropic,0.0125,0.0046415888336127,5,100000,87.14538550376892,30.426907807652736,0.9049892805497144,0.0008992309954858,30.95104299358632,0.9275507709909152,0.0007969989505425,0.035694296174073
64,0.5,False,1.0,1.0,0.5,0.1,0.01,anisotropic,0.0125,0.0215443469003188,7,100000,87.75788760185242,30.473895618889525,0.9478512578704524,0.0008959749032223,29.58558378918436,0.9460703189056698,0.0010993273376249,0.0349882795728486
65,0.5,False,1.0,1.0,0.5,0.1,0.01,anisotropic,0.0125,0.0046415888336127,5,100000,87.22193884849548,31.449113340539743,0.951972796025644,0.0007019045023052,30.35274335082137,0.9555542197410928,0.000903472685449,0.0319711830620039
66,0.5,False,1.0,1.0,0.5,0.1,0.01,anisotropic,0.0125,0.0215443469003188,7,100000,86.79405307769775,33.63977788889845,0.965037839686056,0.0004322339918614,34.214610023690256,0.9811428578455964,0.0003786480323196,0.0314557615192171
67,0.5,False,1.0,1.0,0.5,0.1,0.01,anisotropic,0.0125,0.0004641588833612,2,100000,87.39940929412842,29.70313654710917,0.9048888457516986,0.0009682854361703,28.78069844537545,0.9110161822142506,0.0011974219361164,0.0383593326260714
68,0.5,False,1.0,1.0,0.5,0.1,0.01,anisotropic,0.0125,0.0004641588833612,2,100000,88.00017499923706,28.85861585160282,0.8838637647622652,0.0011129319775245,29.48963146810552,0.9265655509497992,0.0009624253626699,0.0405966717798747
69,0.5,False,1.0,1.0,0.5,0.1,0.01,anisotropic,0.0125,0.0046415888336127,5,100000,87.62065029144287,29.940531813924625,0.931158883597837,0.0010071169868638,28.95983629294417,0.9296821963525904,0.0012622618988043,0.0346520913315379
70,0.5,False,1.0,1.0,0.5,0.1,0.01,anisotropic,0.0125,0.01,6,100000,86.97377753257751,34.87825403404689,0.966033360126799,0.0003248458488272,34.56609628537428,0.9728138891858388,0.0003490543833858,0.0317527318680496
71,0.5,False,1.0,1.0,0.5,0.1,0.01,anisotropic,0.0125,0.0021544346900318,4,100000,87.41923785209656,27.730471070863437,0.8697636523049279,0.0016215662637897,27.425324574129554,0.8846097228402334,0.0017395998040863,0.0438549201563573
72,0.5,False,1.0,1.0,0.5,0.1,0.01,anisotropic,0.0125,0.01,6,100000,87.7395088672638,36.08782928965948,0.9754190557225226,0.000246025571082,35.339203819264654,0.9730231494910556,0.000292309409504,0.0297276416557412
73,0.5,False,1.0,1.0,0.5,0.1,0.01,anisotropic,0.0125,0.01,6,100000,88.07946681976318,26.00770925486757,0.8996258436378392,0.0024652716345857,25.524646649039585,0.9083589654109254,0.0027553136220378,0.0328863245682984
74,0.5,False,1.0,1.0,0.5,0.1,0.01,anisotropic,0.0125,0.01,6,100000,87.05014157295227,27.043075847941648,0.7887501553048369,0.0019260220156875,27.59152494908676,0.8494990910069534,0.0016975256174821,0.0391674432701441
75,0.5,False,1.0,1.0,0.5,0.1,0.01,anisotropic,0.0125,0.0215443469003188,7,100000,87.39312052726746,33.23687133171403,0.9430848494421192,0.0004736105133268,33.7153704993538,0.965125463476826,0.0004242007359446,0.0391135459613124
76,0.5,False,1.0,1.0,0.5,0.1,0.01,anisotropic,0.0125,0.01,6,100000,86.92033648490906,31.78152864986092,0.9678648741799862,0.0006617431755688,31.83974911781533,0.9729600351891392,0.0006529312041402,0.0281820634464121
77,0.5,False,1.0,1.0,0.5,0.1,0.01,anisotropic,0.0125,0.01,6,100000,87.33383655548096,34.12820761865238,0.9495613124475628,0.0003861011194635,33.525973767521464,0.9630254249601364,0.000443531476197,0.0304476665506956
78,0.5,False,1.0,1.0,0.5,0.1,0.01,anisotropic,0.0125,0.0046415888336127,5,100000,87.48383116722107,29.75362869223497,0.8925900592401497,0.0010557945683182,29.566162747168026,0.933314879297664,0.0011023665278519,0.0367097627530659
79,0.5,False,1.0,1.0,0.5,0.1,0.01,anisotropic,0.0125,0.0464158883361277,8,100000,86.95613121986389,27.63049385401573,0.8876592348828026,0.0016046696151351,27.532632567208267,0.9147040558971188,0.0016412387336915,0.0295917839639905
80,0.5,False,1.0,1.0,0.5,0.1,0.01,anisotropic,0.0125,0.0021544346900318,4,100000,86.98082542419434,26.18116505684747,0.8684375205510965,0.0022962967320618,25.29804193595192,0.8351897079489107,0.0028141051427481,0.0371823580384016
81,0.5,False,1.0,1.0,0.5,0.1,0.01,anisotropic,0.0125,0.0046415888336127,5,100000,87.64501881599426,31.446331147395128,0.9426321100862258,0.0007114024809568,30.922534917693163,0.9527819922502092,0.0008025923176555,0.0325748292093388
82,0.5,False,1.0,1.0,0.5,0.1,0.01,anisotropic,0.0125,0.0215443469003188,7,100000,87.64196109771729,37.19423146501606,0.9847305278639996,0.0001904258313866,36.670332110576894,0.985675009564929,0.0002148403225914,0.0283773997609758
83,0.5,False,1.0,1.0,0.5,0.1,0.01,anisotropic,0.0125,0.01,6,100000,86.80446267127991,35.97760494341961,0.933280152682932,0.0002499800095626,33.4289901141082,0.9349727584903292,0.0004495383666329,0.0347709112311682
84,0.5,False,1.0,1.0,0.5,0.1,0.01,anisotropic,0.0125,0.0046415888336127,5,100000,86.99560213088989,31.624448647042097,0.9248371141973946,0.0006866372221549,33.163659417512775,0.9676263366618384,0.0004817328533959,0.0308100862371452
85,0.5,False,1.0,1.0,0.5,0.1,0.01,anisotropic,0.0125,0.001,3,100000,87.52184915542603,27.413828280933757,0.8427732432425441,0.0018020076754246,25.20926322851894,0.7984790170669859,0.0029937335314706,0.0390172976497376
86,0.5,False,1.0,1.0,0.5,0.1,0.01,anisotropic,0.0125,0.01,6,100000,87.54377698898315,28.169390612337697,0.8569374689193877,0.0014556494705596,28.302741478200897,0.8994203306431409,0.0014116327327601,0.0333847096862674
87,0.5,False,1.0,1.0,0.5,0.1,0.01,anisotropic,0.0125,0.0021544346900318,4,100000,87.86941909790039,29.415573594909304,0.8653958264876421,0.0010969619737164,28.993218256739578,0.8870447196084185,0.0012090022435853,0.0396961126239776
88,0.5,False,1.0,1.0,0.5,0.1,0.01,anisotropic,0.0125,0.0215443469003188,7,100000,86.93403792381287,34.76415323086005,0.9541641633959504,0.0003335466065952,36.94335094358795,0.9800526458815708,0.0002019466974763,0.0273019701070718
89,0.5,False,1.0,1.0,0.5,0.1,0.01,anisotropic,0.0125,0.0046415888336127,5,100000,86.82592725753784,28.66550088016344,0.9095212443730968,0.0013461889780016,27.820523270347003,0.9402416513034436,0.0016353239281183,0.030746826586153
90,0.5,False,1.0,1.0,0.5,0.1,0.01,anisotropic,0.0125,0.001,3,100000,87.29775738716125,30.278401564160223,0.9279481385957792,0.0009228968035213,30.372908597246383,0.9378206705335684,0.0009030305406772,0.0373085891001015
91,0.5,False,1.0,1.0,0.5,0.1,0.01,anisotropic,0.0125,0.0002154434690031,1,100000,87.3596773147583,29.98027639008725,0.900942876417536,0.0010031563802083,29.432917802153344,0.9424574647887556,0.0011379010507677,0.0361283450135409
92,0.5,False,1.0,1.0,0.5,0.1,0.01,anisotropic,0.0125,0.0215443469003188,7,100000,87.4987678527832,36.24409512353645,0.9656297038604909,0.0002373128220967,36.98792725075067,0.9871239672393756,0.0001999576348736,0.0292614998003452
93,0.5,False,1.0,1.0,0.5,0.1,0.01,anisotropic,0.0125,0.0215443469003188,7,100000,88.5412027835846,34.76265590286971,0.9538713506028146,0.0003338056872228,35.70825693358787,0.977970851487676,0.0002684934087345,0.0319841249002781
94,0.5,False,1.0,1.0,0.5,0.1,0.01,anisotropic,0.0125,0.0046415888336127,5,100000,87.095712184906,26.280170611624374,0.8152684504911161,0.0022880275752987,26.146696686758585,0.8731807578332741,0.0023594384187304,0.0393360146778719
95,0.5,False,1.0,1.0,0.5,0.1,0.01,anisotropic,0.0125,0.0215443469003188,7,100000,86.24469566345215,36.82447143550134,0.9518712940293932,0.0002073293025486,40.815611238604205,0.9874751657610854,8.270784523626196e-05,0.0259360234052871
96,0.5,False,1.0,1.0,0.5,0.1,0.01,anisotropic,0.0125,0.01,6,100000,87.2403826713562,33.4689654502223,0.9260805828055886,0.000449498583858,32.24963948645591,0.9178720494174992,0.0005951972612959,0.0314664857938417
97,0.5,False,1.0,1.0,0.5,0.1,0.01,anisotropic,0.0125,0.0215443469003188,7,100000,86.87403535842896,38.66181855508329,0.9884027907735576,0.0001359224708105,37.54873325457118,0.9876131464956804,0.000175630440516,0.0267623867568484
98,0.5,False,1.0,1.0,0.5,0.1,0.01,anisotropic,0.0125,0.0046415888336127,5,100000,87.19150876998901,26.426834817834592,0.8630425969200316,0.00224649608612,25.81584041276505,0.8743166775552955,0.0025858605869799,0.0393189724752368
99,0.5,False,1.0,1.0,0.5,0.1,0.01,anisotropic,0.0125,0.0464158883361277,8,100000,86.34191107749939,35.998386299664496,0.9563190506140952,0.0002511404992758,36.10855363318768,0.9799508713609474,0.0002448499501626,0.0350829041267511
100,0.5,False,1.0,1.0,0.5,0.1,0.01,anisotropic,0.0125,0.0004641588833612,2,100000,81.0682156085968,27.949933695102093,0.91096505471555,0.001602326742672,28.484968885653807,0.9273496163426576,0.0014166010586733,0.0436597120333681
101,0.5,False,1.0,1.0,0.5,0.1,0.01,anisotropic,0.0125,0.001,3,100000,81.2770676612854,27.956218503810423,0.8404819688225381,0.0007242566740834,27.39417551391286,0.8500242975438764,0.0008243218372072,0.0298812884919995
102,0.5,False,1.0,1.0,0.5,0.1,0.01,anisotropic,0.0125,0.0021544346900318,4,100000,81.4285523891449,30.045539271231547,0.9023667342519454,0.000837824029404,28.455196969776097,0.8822392794739108,0.0012083341291921,0.0353380671677008
103,0.5,False,1.0,1.0,0.5,0.1,0.01,anisotropic,0.0125,0.0215443469003188,7,100000,82.29468059539795,37.33709061665606,0.9644502537555204,0.000184590277463,33.76610555730667,0.9532910628365392,0.0004200561316138,0.0307071418095746
104,0.5,False,1.0,1.0,0.5,0.1,0.01,anisotropic,0.0125,0.0021544346900318,4,100000,81.87467312812805,28.1721464085838,0.884665804889437,0.0014481178904363,27.62381181343486,0.9060861768329496,0.0016429993002756,0.0392379486800869
105,0.5,False,1.0,1.0,0.5,0.1,0.01,anisotropic,0.0125,0.0046415888336127,5,100000,81.7283046245575,32.51294415941453,0.9701704303237956,0.0005586322068349,31.235494943203364,0.9586915772656672,0.0007496713124662,0.0323030198110997
106,0.5,False,1.0,1.0,0.5,0.1,0.01,anisotropic,0.0125,0.01,6,100000,80.7307870388031,32.71538920980856,0.9659939727248784,0.0005342039127009,31.85863728725654,0.9648296444993792,0.0006507021727471,0.0292008737016558
107,0.5,False,1.0,1.0,0.5,0.1,0.01,anisotropic,0.0125,0.01,6,100000,81.48748850822449,36.30023600024904,0.9602288655589988,0.0002343969475953,36.002637841126955,0.9774481828525148,0.0002510219897609,0.0271340894562668
108,0.5,False,1.0,1.0,0.5,0.1,0.01,anisotropic,0.0125,0.0215443469003188,7,100000,81.10077166557312,36.01269091890954,0.9726562117934432,0.000250199585803,33.242508912071195,0.9499105775205142,0.000473483432205,0.0371971140969332
109,0.5,False,1.0,1.0,0.5,0.1,0.01,anisotropic,0.0125,0.0046415888336127,5,100000,82.09067916870117,32.41176812493836,0.953067641851972,0.000573293188488,31.52783068967308,0.9680863213921116,0.0007027009251534,0.0341322535898184
110,0.5,False,1.0,1.0,0.5,0.1,0.01,anisotropic,0.0125,0.01,6,100000,81.34052443504333,32.95999471815544,0.9416945692938106,0.0005050736781775,34.070691159025344,0.9669783780355388,0.0003910975468307,0.0371223247593394
111,0.5,False,1.0,1.0,0.5,0.1,0.01,anisotropic,0.0125,0.0001,0,100000,81.14082527160645,26.40714457212951,0.8977045622282933,0.0018013449474492,28.096859612797168,0.8708293401126816,0.0012207462017096,0.035180675450022
112,0.5,False,1.0,1.0,0.5,0.1,0.01,anisotropic,0.0125,0.001,3,100000,81.23140335083008,30.48643710555225,0.8872811724682599,0.0008842510008665,27.92390813208574,0.8657305754895858,0.001595248913133,0.0455345982728275
113,0.5,False,1.0,1.0,0.5,0.1,0.01,anisotropic,0.0125,0.0215443469003188,7,100000,80.79616594314575,36.11403429536114,0.9634902055380818,0.0002446311127656,35.97516237425127,0.9797941184078716,0.0002525799558075,0.0305163809497241
114,0.5,False,1.0,1.0,0.5,0.1,0.01,anisotropic,0.0125,0.001,3,100000,81.20337724685669,27.72017259069287,0.8610506174062281,0.0016615535249763,26.836544944998373,0.8794684663719705,0.0020364657046359,0.048676613630128
115,0.5,False,1.0,1.0,0.5,0.1,0.01,anisotropic,0.0125,0.01,6,100000,80.73922777175903,30.21103631673109,0.9039580459446352,0.0009502324293963,29.572846758749737,0.9346228269667708,0.0011006488994649,0.0433017162714994
116,0.5,False,1.0,1.0,0.5,0.1,0.01,anisotropic,0.0125,0.0001,0,100000,81.89790964126587,25.06362804220259,0.8605163926933989,0.003104312389479,26.35299198693175,0.8975240914046231,0.0023069013528237,0.0480210206861772
117,0.5,False,1.0,1.0,0.5,0.1,0.01,anisotropic,0.0125,0.01,6,100000,83.33108067512512,33.81902311516874,0.9570540515882512,0.0004149881830592,35.20590334276745,0.98174602976038,0.0003015419280935,0.0299963367573799
118,0.5,False,1.0,1.0,0.5,0.1,0.01,anisotropic,0.0125,0.0046415888336127,5,100000,81.83326983451843,33.325359137785576,0.949343625955438,0.0004607289751455,34.32844446877528,0.9797735237492486,0.0003657101320541,0.033495487374475
119,0.5,False,1.0,1.0,0.5,0.1,0.01,anisotropic,0.0125,0.0004641588833612,2,100000,81.12077140808105,30.77156970928005,0.9079576929915434,0.0008311414531727,30.42236827394432,0.9313861056429884,0.0009007309521415,0.0353234806659247
120,0.5,False,1.0,1.0,0.5,0.1,0.01,anisotropic,0.0125,0.0046415888336127,5,100000,80.70143628120422,34.0068389007582,0.9706584330668504,0.000395694726781,32.04018011183226,0.949737891701707,0.0006223377445487,0.040140299813527
121,0.5,False,1.0,1.0,0.5,0.1,0.01,anisotropic,0.0125,0.0004641588833612,2,100000,81.29808449745178,30.453044566081047,0.9278684010401488,0.0008747823463096,29.33622945628904,0.929025531546024,0.0011313097266781,0.0401966267202232
122,0.5,False,1.0,1.0,0.5,0.1,0.01,anisotropic,0.0125,0.0001,0,100000,82.46431875228882,25.97060204140831,0.8616413844290768,0.0023170371312942,29.644574469269863,0.9067306551386056,0.0009943419240144,0.0400399993428183
123,0.5,False,1.0,1.0,0.5,0.1,0.01,anisotropic,0.0125,0.01,6,100000,80.67106080055237,31.952031305102047,0.9348530006222788,0.0006371579323457,33.74499661466581,0.9637907807115064,0.0004216485035182,0.0330097291266008
124,0.5,False,1.0,1.0,0.5,0.1,0.01,anisotropic,0.0125,0.0215443469003188,7,100000,80.88635540008545,35.79205348032062,0.9774602433750648,0.0002632988256955,33.19317352755878,0.9576252531011898,0.0004790015485635,0.0331652711016561
125,0.5,False,1.0,1.0,0.5,0.1,0.01,anisotropic,0.0125,0.0021544346900318,4,100000,81.10473418235779,29.40434267826935,0.9123726350929408,0.0011410289282155,27.745073144847265,0.9057566240555192,0.0016719512428092,0.0396088647953622
126,0.5,False,1.0,1.0,0.5,0.1,0.01,anisotropic,0.0125,0.0046415888336127,5,100000,82.49319505691528,32.151595524286634,0.8975767904997234,0.0005729101534255,32.853170887740404,0.9312012889679004,0.0004874487744013,0.0348199759579777
127,0.5,False,1.0,1.0,0.5,0.1,0.01,anisotropic,0.0125,0.0002154434690031,1,100000,83.15084528923035,28.27806446200116,0.9240726175920736,0.0014695674288636,28.99933357510985,0.9305256731862612,0.0012446940299275,0.0413039377237286
128,0.5,False,1.0,1.0,0.5,0.1,0.01,anisotropic,0.0125,0.0021544346900318,4,100000,82.44298839569092,34.17013699236031,0.9443162381619102,0.0003799589102538,32.48633898253397,0.9386659623610634,0.0005599076926937,0.0330923777874612
129,0.5,False,1.0,1.0,0.5,0.1,0.01,anisotropic,0.0125,0.01,6,100000,80.88678336143494,27.581599660770465,0.8637548540382267,0.0015906190126509,28.14843141594804,0.9120567059134516,0.0013959922065586,0.0331741832218129
130,0.5,False,1.0,1.0,0.5,0.1,0.01,anisotropic,0.0125,0.0001,0,100000,81.89296913146973,25.33199850351132,0.9176612279922132,0.0028714239184389,26.35192901291361,0.8791771862824812,0.0022704098523237,0.0422742083868372
131,0.5,False,1.0,1.0,0.5,0.1,0.01,anisotropic,0.0125,0.001,3,100000,81.53100180625916,29.88500761045225,0.8875074294932023,0.0009220971200099,27.369956462935622,0.8640610086063096,0.0016454389759556,0.0390276741448748
132,0.5,False,1.0,1.0,0.5,0.1,0.01,anisotropic,0.0125,0.01,6,100000,81.13174343109131,31.238168087191703,0.943944426898976,0.0007502423987642,31.922765315145543,0.9732696066895034,0.0006408285929622,0.0336834643696157
133,0.5,False,1.0,1.0,0.5,0.1,0.01,anisotropic,0.0125,0.0215443469003188,7,100000,81.52655744552612,26.559118615768966,0.8980327930147622,0.0021935521256626,26.141598676303847,0.905278877892114,0.0024149044567504,0.0359572484543447
134,0.5,False,1.0,1.0,0.5,0.1,0.01,anisotropic,0.0125,0.0021544346900318,4,100000,81.67643880844116,28.628480059613675,0.874252750450057,0.0013378640830412,27.70287876303421,0.8660511477926232,0.0016556636892237,0.0401717896712988
135,0.5,False,1.0,1.0,0.5,0.1,0.01,anisotropic,0.0125,0.001,3,100000,81.3869423866272,31.96571111521941,0.9112291365088712,0.0005641290404683,29.529694722077465,0.8730756184549812,0.0009885077905852,0.0359444097615934
136,0.5,False,1.0,1.0,0.5,0.1,0.01,anisotropic,0.0125,0.0046415888336127,5,100000,81.050217628479,30.2490312623691,0.9285129749423624,0.0009253153701522,30.119338395323343,0.9278889545908516,0.0009533646901239,0.0366023698991064
137,0.5,False,1.0,1.0,0.5,0.1,0.01,anisotropic,0.0125,0.0215443469003188,7,100000,81.53317904472351,36.58885486734913,0.962928386202806,0.0002191141069599,37.5551607038938,0.9847128158655448,0.0001754041060012,0.0315164180211784
138,0.5,False,1.0,1.0,0.5,0.1,0.01,anisotropic,0.0125,0.01,6,100000,81.19573450088501,33.12842837419182,0.938920873472084,0.0004864114886212,33.4907193382758,0.9566489365205836,0.0004474811315753,0.034294368290413
139,0.5,False,1.0,1.0,0.5,0.1,0.01,anisotropic,0.0125,0.0215443469003188,7,100000,81.67836833000183,33.92087534776462,0.934157593540016,0.0004053319945133,35.885975685654834,0.9778131291665154,0.0002578106488838,0.0337646248603297
140,0.5,False,1.0,1.0,0.5,0.1,0.01,anisotropic,0.0125,0.001,3,100000,81.29412198066711,31.622079435250253,0.9122311600459064,0.0006229993135932,30.015474451712088,0.8962144997738846,0.0009018785678468,0.041051313275682
141,0.5,False,1.0,1.0,0.5,0.1,0.01,anisotropic,0.0125,0.001,3,100000,81.63700199127197,31.91924666509953,0.9374037721659968,0.0006401400337074,30.473123106436063,0.9383653025955924,0.0008930737908276,0.0333789916490627
142,0.5,False,1.0,1.0,0.5,0.1,0.01,anisotropic,0.0125,0.01,6,100000,81.34579205513,34.845111372541034,0.9703006974773642,0.0003269349955732,35.75653335498187,0.98217710437415,0.0002650447537546,0.0317694030684974
143,0.5,False,1.0,1.0,0.5,0.1,0.01,anisotropic,0.0125,0.0021544346900318,4,100000,81.02972626686096,29.73318624691188,0.91939118029845,0.0010610879907145,29.71152265489204,0.9398456995289708,0.0010663941610342,0.0366977489212766
144,0.5,False,1.0,1.0,0.5,0.1,0.01,anisotropic,0.0125,0.0215443469003188,7,100000,81.38113069534302,36.74503598040806,0.9741719878082122,0.0002113439950983,36.77641409862883,0.9829407671292806,0.0002098225210987,0.0298271838018845
145,0.5,False,1.0,1.0,0.5,0.1,0.01,anisotropic,0.0125,0.01,6,100000,80.87971830368042,28.753291343669623,0.927726410700978,0.001328476768462,29.01496506902508,0.9367248624907104,0.0012507963107659,0.0312347636779864
146,0.5,False,1.0,1.0,0.5,0.1,0.01,anisotropic,0.0125,0.01,6,100000,81.01799988746643,28.44805231868065,0.9343214581420776,0.0014263413707599,28.50988523343521,0.9449513745653008,0.0014061776390913,0.0320859033227434
147,0.5,False,1.0,1.0,0.5,0.1,0.01,anisotropic,0.0125,0.01,6,100000,81.49934482574463,33.55855291607806,0.9821286188443664,0.000439579447304,31.6562865245642,0.9733713006185084,0.0006811833401448,0.0343937924280041
148,0.5,False,1.0,1.0,0.5,0.1,0.01,anisotropic,0.0125,0.01,6,100000,81.15419268608093,27.99209413468773,0.8703663236284814,0.0013546772542344,27.37164222709716,0.87620558948741,0.0015627194933976,0.0303906509179414
149,0.5,False,1.0,1.0,0.5,0.1,0.01,anisotropic,0.0125,0.01,6,100000,81.2323706150055,29.5807115441548,0.9010932494355376,0.0009936901209986,28.701258372915635,0.8944915704237326,0.0012167358079701,0.0296493077522884
150,0.5,False,1.0,1.0,0.5,0.1,0.01,anisotropic,0.0125,0.01,6,100000,81.44575667381287,31.61784224358431,0.9351987091214856,0.0006879203209097,31.959981793482196,0.9411774806594648,0.0006358053581551,0.0326796145395119
151,0.5,False,1.0,1.0,0.5,0.1,0.01,anisotropic,0.0125,0.0004641588833612,2,100000,81.94519209861755,25.596632141727127,0.832550480624155,0.0024751257756983,26.215036459142983,0.882058226736591,0.0021466282534252,0.0388032400983747
152,0.5,False,1.0,1.0,0.5,0.1,0.01,anisotropic,0.0125,0.0215443469003188,7,100000,80.5301148891449,34.0376109645543,0.9477246124047092,0.0003944521612648,34.17149544549116,0.9720971574257832,0.0003824774998875,0.0364676624576407
153,0.5,False,1.0,1.0,0.5,0.1,0.01,anisotropic,0.0125,0.0464158883361277,8,100000,80.58073544502258,36.42538381281948,0.9647008341393684,0.000227581203545,36.88642145709971,0.9829584737202556,0.000204659837705,0.0293794104824645
154,0.5,False,1.0,1.0,0.5,0.1,0.01,anisotropic,0.0125,0.01,6,100000,80.86619234085083,35.79733516524014,0.9766577424011434,0.0002628540342986,33.063698184354074,0.9572414391515284,0.0004932627786561,0.0280154854921457
155,0.5,False,1.0,1.0,0.5,0.1,0.01,anisotropic,0.0125,0.0021544346900318,4,100000,80.85955500602722,30.738939340341787,0.9539566793443685,0.0008416264157386,31.253818612838625,0.9538385851777346,0.0007475348268316,0.0379678270699483
156,0.5,False,1.0,1.0,0.5,0.1,0.01,anisotropic,0.0125,0.0215443469003188,7,100000,80.97718143463135,36.548495910432045,0.9741949300687752,0.0002208141294856,36.93658922670208,0.9796576334096636,0.0002019377569723,0.0290256256781336
157,0.5,False,1.0,1.0,0.5,0.1,0.01,anisotropic,0.0125,0.01,6,100000,80.74715781211853,28.74214717850748,0.8746884418922827,0.0013312718754295,30.45999401701318,0.9416032572331812,0.0008963591855105,0.0319582276419624
158,0.5,False,1.0,1.0,0.5,0.1,0.01,anisotropic,0.0125,0.01,6,100000,81.16177344322205,24.44878626968062,0.8670448486321908,0.0033507185769053,23.212780438177766,0.8140528965701996,0.0044538802549992,0.0301118998414121
159,0.5,False,1.0,1.0,0.5,0.1,0.01,anisotropic,0.0125,0.0046415888336127,5,100000,81.13237833976746,32.3574118568627,0.93392603509877,0.0005774401536249,31.632958631857637,0.9495446047985006,0.0006822637590729,0.0289789166563164
160,0.5,False,1.0,1.0,0.5,0.1,0.01,anisotropic,0.0125,0.0215443469003188,7,100000,80.88207721710205,36.31741783947898,0.9724202964836728,0.0002334224105895,36.70262043615424,0.9831251672287984,0.00021361034926,0.0288158525620778
161,0.5,False,1.0,1.0,0.5,0.1,0.01,anisotropic,0.0125,0.0021544346900318,4,100000,81.53821134567261,31.46458111354409,0.8902614910908128,0.00071185241651,30.467102409480127,0.9251277035576252,0.0008956489767549,0.0440847235145202
162,0.5,False,1.0,1.0,0.5,0.1,0.01,anisotropic,0.0125,0.0215443469003188,7,100000,80.20545029640198,36.15769089155037,0.9455389937348978,0.0002417391883903,35.620637294287505,0.9733176800117176,0.0002735598893584,0.0326486509630222
163,0.5,False,1.0,1.0,0.5,0.1,0.01,anisotropic,0.0125,0.0046415888336127,5,100000,80.4412944316864,28.785154729983766,0.9463320576793068,0.0013145771192668,26.745893564882675,0.9276087408618652,0.0021023846908932,0.034488540753177
164,0.5,False,1.0,1.0,0.5,0.1,0.01,anisotropic,0.0125,0.0021544346900318,4,100000,81.3393223285675,30.270368470412446,0.9226108427702316,0.0009358888312224,29.603841952034283,0.9476152819920544,0.0010911310544916,0.0362222183066357
165,0.5,False,1.0,1.0,0.5,0.1,0.01,anisotropic,0.0125,0.0021544346900318,4,100000,80.76111173629761,33.3807784504884,0.914801836811148,0.000434522742677,33.10767540351717,0.95377505626362,0.0004627248430683,0.0301884421077886
166,0.5,False,1.0,1.0,0.5,0.1,0.01,anisotropic,0.0125,0.0215443469003188,7,100000,80.73927927017212,34.441666651785006,0.9620186505206652,0.0003595132866234,34.06756704254524,0.9689253384540604,0.0003918545611413,0.0312331364304299
167,0.5,False,1.0,1.0,0.5,0.1,0.01,anisotropic,0.0125,0.01,6,100000,80.80872821807861,35.5891736947075,0.98177441094827,0.0002750815808381,34.859890248198475,0.9804716625254356,0.0003253792517682,0.0271396471713409
168,0.5,False,1.0,1.0,0.5,0.1,0.01,anisotropic,0.0125,0.0464158883361277,8,100000,80.33109831809998,35.67086611914106,0.9616895671406656,0.0002707734061048,36.53323362722704,0.9836269973618356,0.0002220083234983,0.0305976316229928
169,0.5,False,1.0,1.0,0.5,0.1,0.01,anisotropic,0.0125,0.0215443469003188,7,100000,82.00295233726501,35.596765483014984,0.966089849708246,0.0002753557291699,35.49258536453785,0.9801166529011838,0.0002820409240447,0.0328521771451031
170,0.5,False,1.0,1.0,0.5,0.1,0.01,anisotropic,0.0125,0.0215443469003188,7,100000,81.06171584129333,37.20343963112352,0.9842269991945404,0.0001900358756978,35.48175451746982,0.9830713472737572,0.0002824906694516,0.0305463681528895
171,0.5,False,1.0,1.0,0.5,0.1,0.01,anisotropic,0.0125,0.0046415888336127,5,100000,81.0872130393982,30.05220552842203,0.8804363761732951,0.0009602166625363,29.508790982882083,0.8955338621235578,0.0010882049385626,0.0378284037292679
172,0.5,False,1.0,1.0,0.5,0.1,0.01,anisotropic,0.0125,0.001,3,100000,81.89150905609131,31.19003326012084,0.930003850963238,0.0007583946267442,31.08879869036336,0.9523129288391388,0.000776280548989,0.0389127920436008
173,0.5,False,1.0,1.0,0.5,0.1,0.01,anisotropic,0.0125,0.0046415888336127,5,100000,81.22485828399658,32.90251314656298,0.9578489347666664,0.0005100984075077,31.158190218490425,0.9656533499640114,0.0007622303908288,0.0306860246379715
174,0.5,False,1.0,1.0,0.5,0.1,0.01,anisotropic,0.0125,0.0002154434690031,1,100000,81.48824381828308,30.24728709989518,0.932583394960823,0.0009395890725952,29.320172819288253,0.9317300417752368,0.0011631865863957,0.0423009857111829
175,0.5,False,1.0,1.0,0.5,0.1,0.01,anisotropic,0.0125,0.0046415888336127,5,100000,80.16112780570984,31.34715096762069,0.8807362467431141,0.0005525796730062,30.417875273956007,0.8833320658187132,0.0006844196572528,0.0355789097170205
176,0.5,False,1.0,1.0,0.5,0.1,0.01,anisotropic,0.0125,0.0046415888336127,5,100000,80.87771224975586,31.284690356576803,0.9295779057505512,0.0007434458999283,31.3705387658143,0.9410469507699012,0.0007288942592624,0.0332936950538546
177,0.5,False,1.0,1.0,0.5,0.1,0.01,anisotropic,0.0125,0.0215443469003188,7,100000,81.04038977622986,38.47980583060051,0.9843434033948084,0.0001418099168703,35.67633804043165,0.9764849553750932,0.0002704290742498,0.0305436879914162
178,0.5,False,1.0,1.0,0.5,0.1,0.01,anisotropic,0.0125,0.0021544346900318,4,100000,81.13047385215759,30.505487824483527,0.92369593313376,0.0008370653799633,29.936641272292363,0.9359207481096524,0.0009542101582254,0.0325480482029348
179,0.5,False,1.0,1.0,0.5,0.1,0.01,anisotropic,0.0125,0.01,6,100000,80.94661021232605,28.01075331237053,0.921964466974284,0.001573818313911,27.296107622418813,0.9110892854491076,0.0018553214418111,0.0315514980545869
180,0.5,False,1.0,1.0,0.5,0.1,0.01,anisotropic,0.0125,0.0046415888336127,5,100000,81.10476541519165,32.70056721903216,0.9301104137375416,0.0005273362401206,32.372612179384454,0.938439110777218,0.0005686998613037,0.0335213801943496
181,0.5,False,1.0,1.0,0.5,0.1,0.01,anisotropic,0.0125,0.0021544346900318,4,100000,81.3127384185791,31.336564671415267,0.9096309056022104,0.0007314844277214,29.816396052071347,0.9302016263795309,0.0010380587820846,0.0392964614300638
182,0.5,False,1.0,1.0,0.5,0.1,0.01,anisotropic,0.0125,0.0215443469003188,7,100000,81.20682430267334,34.3126324562452,0.9403526589423352,0.0003702032482757,36.38160118388716,0.9812717317912047,0.0002299023191736,0.0326284703505552
183,0.5,False,1.0,1.0,0.5,0.1,0.01,anisotropic,0.0125,0.0046415888336127,5,100000,81.05892181396484,33.71504199227729,0.9816618865400564,0.0004245380399325,32.12558305656854,0.9747744062410116,0.0006121565546276,0.0339090421745227
184,0.5,False,1.0,1.0,0.5,0.1,0.01,anisotropic,0.0125,0.0021544346900318,4,100000,81.01672554016113,30.25731772828287,0.9326170084406938,0.000934986034436,28.18931288273661,0.9262208545879907,0.0015052395074806,0.0351776318395232
185,0.5,False,1.0,1.0,0.5,0.1,0.01,anisotropic,0.0125,0.0046415888336127,5,100000,81.53566765785217,31.901670482519734,0.9217705542231236,0.0006437668757207,31.735363618398694,0.9279625764475876,0.0006688971002181,0.0393467291715856
186,0.5,False,1.0,1.0,0.5,0.1,0.01,anisotropic,0.0125,0.0215443469003188,7,100000,81.03491377830505,34.954223989028314,0.9690495747073972,0.000319413765425,34.46689865658269,0.9761996430738884,0.0003573437262543,0.0315573062526014
187,0.5,False,1.0,1.0,0.5,0.1,0.01,anisotropic,0.0125,0.0046415888336127,5,100000,81.43414831161499,28.76022036288758,0.8924770011331417,0.0013242680428011,28.91705694838833,0.9236252974605575,0.001277298023792,0.0401750399550138
188,0.5,False,1.0,1.0,0.5,0.1,0.01,anisotropic,0.0125,0.0215443469003188,7,100000,80.98904585838318,35.830397938273265,0.9700856913759722,0.0002606750560104,37.23340261116503,0.9885216137058974,0.0001887117787664,0.0258958200675041
189,0.5,False,1.0,1.0,0.5,0.1,0.01,anisotropic,0.0125,0.0021544346900318,4,100000,80.9886302947998,30.25533961302478,0.8781755102148667,0.0009318736466743,29.45732945193696,0.9302372017774814,0.0011198453376334,0.0414285572802522
190,0.5,False,1.0,1.0,0.5,0.1,0.01,anisotropic,0.0125,0.0215443469003188,7,100000,81.0487072467804,37.19826237333093,0.9728373549572452,0.0001902293680825,35.87066548862566,0.9694815578788823,0.0002582481705989,0.0306124728500266
191,0.5,False,1.0,1.0,0.5,0.1,0.01,anisotropic,0.0125,0.0215443469003188,7,100000,80.58515286445618,34.15797846466896,0.9535854212470116,0.0003836813075413,35.79076182320086,0.9846992571701066,0.000263446422618,0.0304626670983133
192,0.5,False,1.0,1.0,0.5,0.1,0.01,anisotropic,0.0125,0.0215443469003188,7,100000,81.25477766990662,37.02422216281444,0.9707953445756266,0.0001977689848028,37.419353571870026,0.9763373358033106,0.0001805697693481,0.0326690796524488
193,0.5,False,1.0,1.0,0.5,0.1,0.01,anisotropic,0.0125,0.0021544346900318,4,100000,81.1489953994751,28.55427494190188,0.8807498134429703,0.0013634882229239,28.664006276051985,0.9294326794761968,0.0013294691303711,0.0426566739035048
194,0.5,False,1.0,1.0,0.5,0.1,0.01,anisotropic,0.0125,0.01,6,100000,80.82626533508301,34.44438703223967,0.9514298349294772,0.0003587918857347,35.6566869171775,0.9657848546104056,0.0002714017378311,0.0353754124340664
195,0.5,False,1.0,1.0,0.5,0.1,0.01,anisotropic,0.0125,0.001,3,100000,81.11358547210693,30.31948860260581,0.9217879717469863,0.000925860484035,29.387604092976403,0.9285763415084636,0.0011474506060052,0.041768922557878
196,0.5,False,1.0,1.0,0.5,0.1,0.01,anisotropic,0.0125,0.0001,0,100000,81.34137034416199,24.70930053413586,0.8297214085647721,0.003312837237526,24.895812320958623,0.8427973611508962,0.0031735761265783,0.0412440204761715
197,0.5,False,1.0,1.0,0.5,0.1,0.01,anisotropic,0.0125,0.01,6,100000,81.254154920578,31.810870048831905,0.9181619769720274,0.0006567009402976,33.22978885730134,0.9661690663722862,0.0004736698667526,0.0406517483509763
198,0.5,False,1.0,1.0,0.5,0.1,0.01,anisotropic,0.0125,0.0001,0,100000,80.73426008224487,25.033475561102687,0.8839908000272888,0.0031292094024954,26.166576863090874,0.897220396120939,0.002410596359349,0.047180674080127
199,0.5,False,1.0,1.0,0.5,0.1,0.01,anisotropic,0.0125,0.0046415888336127,5,100000,81.55756068229675,26.43074497084759,0.8784716904740918,0.0021619095825749,25.81257530823609,0.9025133445997592,0.002492610916973,0.0329375987537318
200,0.5,False,1.0,1.0,0.5,0.1,0.01,anisotropic,0.0125,0.001,3,100000,83.94239211082458,28.955014974217367,0.8990215883901369,0.0012500423934157,28.75465325840768,0.9148306231587818,0.0013090641013974,0.0390149437240041
201,0.5,False,1.0,1.0,0.5,0.1,0.01,anisotropic,0.0125,0.0004641588833612,2,100000,84.4800763130188,27.99130925800116,0.8535820563439066,0.0015524325520238,28.138413167891294,0.8750546720278487,0.0015007292582436,0.0409425785325423
202,0.5,False,1.0,1.0,0.5,0.1,0.01,anisotropic,0.0125,0.001,3,100000,83.42976212501526,28.76342955744462,0.9013695953162292,0.001324017459944,28.99605875039736,0.9329867573333052,0.0012549626278163,0.0390409025398112
203,0.5,False,1.0,1.0,0.5,0.1,0.01,anisotropic,0.0125,0.01,6,100000,85.11517596244812,27.986909170721574,0.9002367332553562,0.0015572350813269,28.040448350246585,0.930394412548457,0.0015381555645954,0.0359733476800073
204,0.5,False,1.0,1.0,0.5,0.1,0.01,anisotropic,0.0125,0.01,6,100000,84.10525727272034,34.80824564298912,0.9651611974583392,0.0003300378081379,34.56905924740735,0.970910215197208,0.000348724398424,0.0286516348215147
205,0.5,False,1.0,1.0,0.5,0.1,0.01,anisotropic,0.0125,0.0021544346900318,4,100000,85.7156765460968,29.980010769785338,0.9288587053452978,0.0010019388867045,28.685907344307203,0.9254280867589229,0.0013497445267794,0.0397140688587987
206,0.5,False,1.0,1.0,0.5,0.1,0.01,anisotropic,0.0125,0.0215443469003188,7,100000,84.3783106803894,36.60040921139744,0.9788650336314356,0.000218415047315,35.48851037576788,0.9725306900169742,0.0002821450520998,0.0302973712207208
207,0.5,False,1.0,1.0,0.5,0.1,0.01,anisotropic,0.0125,0.0464158883361277,8,100000,84.27551364898682,35.17947907072339,0.9578011316863854,0.0003033222453358,35.63618676695749,0.9807557029415328,0.0002730445375305,0.0300034808556988
208,0.5,False,1.0,1.0,0.5,0.1,0.01,anisotropic,0.0125,0.0464158883361277,8,100000,83.71037936210632,33.31202014185985,0.9367377410172704,0.0004659344422018,33.45229372823509,0.9659710840422322,0.0004511255830356,0.0339282524594565
209,0.5,False,1.0,1.0,0.5,0.1,0.01,anisotropic,0.0125,0.0215443469003188,7,100000,83.57884192466736,36.77057553002631,0.9724337499856204,0.0002101099726623,36.98969466286173,0.981738089127047,0.0001997720622989,0.0300534227992167
210,0.5,False,1.0,1.0,0.5,0.1,0.01,anisotropic,0.0125,0.0046415888336127,5,100000,84.60226941108704,27.504126037782008,0.8600855733899869,0.001759364216327,27.09329579025715,0.8933600208838616,0.0019339212228273,0.0416027915945117
211,0.5,False,1.0,1.0,0.5,0.1,0.01,anisotropic,0.0125,0.0021544346900318,4,100000,83.85593628883362,32.410354951641,0.9301037471615295,0.0005653727909574,28.87812980006644,0.8748255550488235,0.0012751386776793,0.0352085886370556
212,0.5,False,1.0,1.0,0.5,0.1,0.01,anisotropic,0.0125,0.0215443469003188,7,100000,83.64971995353699,34.34917042244331,0.9632637497096804,0.0003670487644201,34.63825963745922,0.9783845522703551,0.0003434115082615,0.0312289958760534
213,0.5,False,1.0,1.0,0.5,0.1,0.01,anisotropic,0.0125,0.0046415888336127,5,100000,83.67017388343811,30.50490180423322,0.9135119066560344,0.0007927332200186,30.36490140782456,0.940412173889636,0.0008187043494286,0.0296753515503118
214,0.5,False,1.0,1.0,0.5,0.1,0.01,anisotropic,0.0125,0.0215443469003188,7,100000,83.9274172782898,37.60518836718099,0.9767064327664866,0.0001733193482079,36.30974994725112,0.9861761315750578,0.0002335559249468,0.0318199642371563
215,0.5,False,1.0,1.0,0.5,0.1,0.01,anisotropic,0.0125,0.0021544346900318,4,100000,83.79886889457703,29.27982479993365,0.8860950566433838,0.001095645506741,29.13519514179093,0.9180027419650644,0.0011327472795588,0.0341773505605328
216,0.5,False,1.0,1.0,0.5,0.1,0.01,anisotropic,0.0125,0.0021544346900318,4,100000,84.10907125473022,29.249611127290397,0.9075948235742248,0.0010263935907854,29.429258191155885,0.9335291204993694,0.0009848026874467,0.0374447826083642
217,0.5,False,1.0,1.0,0.5,0.1,0.01,anisotropic,0.0125,0.0046415888336127,5,100000,84.33270001411438,35.29832231876528,0.9574279303915147,0.000293789375067,34.07382220131208,0.9625041300228644,0.0003894808392633,0.0295256713538762
218,0.5,False,1.0,1.0,0.5,0.1,0.01,anisotropic,0.0125,0.0046415888336127,5,100000,83.53173065185547,32.737505203402726,0.9405457867730518,0.0005311969917412,28.18246354619596,0.8338235480658304,0.0015162114521617,0.0412813561348502
219,0.5,False,1.0,1.0,0.5,0.1,0.01,anisotropic,0.0125,0.0464158883361277,8,100000,83.85471940040588,34.56221488742785,0.9505620523410824,0.0003494778906443,34.64496164492429,0.9774630651705508,0.0003428822708874,0.0358943409305426
220,0.5,False,1.0,1.0,0.5,0.1,0.01,anisotropic,0.0125,0.0021544346900318,4,100000,83.17824506759644,30.94429688676912,0.9160075668338876,0.0007975557744925,30.41406126715811,0.9269585651680664,0.0009011241434861,0.0371749635007996
221,0.5,False,1.0,1.0,0.5,0.1,0.01,anisotropic,0.0125,0.01,6,100000,84.64638996124268,36.74787221165201,0.967768003819768,0.0002111330505979,33.361264695785295,0.9437853414420108,0.0004604865760652,0.0351036847455036
222,0.5,False,1.0,1.0,0.5,0.1,0.01,anisotropic,0.0125,0.0001,0,100000,84.44084239006042,27.2343878264024,0.8791666604333388,0.0018274142600372,27.8465342076458,0.8199525452059655,0.00158716607276,0.0329874224974797
223,0.5,False,1.0,1.0,0.5,0.1,0.01,anisotropic,0.0125,0.0215443469003188,7,100000,83.5026044845581,35.9110342617213,0.9601439953977016,0.0002561729810421,37.68124903608389,0.980526795175414,0.0001704165797055,0.0313730045128129
224,0.5,False,1.0,1.0,0.5,0.1,0.01,anisotropic,0.0125,0.0002154434690031,1,100000,83.70669674873352,27.47712481215439,0.9010980961078148,0.0016996098845625,28.432952987992685,0.8980494303840898,0.0013638494427911,0.0436635739486492
225,0.5,False,1.0,1.0,0.5,0.1,0.01,anisotropic,0.0125,0.0046415888336127,5,100000,83.29113698005676,35.395845686586256,0.9666758878063048,0.000288565234147,34.14098108462479,0.9663412229997412,0.0003852391953154,0.0324904695777217
226,0.5,False,1.0,1.0,0.5,0.1,0.01,anisotropic,0.0125,0.0215443469003188,7,100000,83.70544219017029,36.83484092421794,0.975056212311774,0.0002071728788926,36.185299881346005,0.9765088347153174,0.0002405952258606,0.0294184292988723
227,0.5,False,1.0,1.0,0.5,0.1,0.01,anisotropic,0.0125,0.01,6,100000,83.78005003929138,33.79771646173096,0.9436452901029924,0.00041640547665,36.24233896785984,0.9765674157802836,0.000237166957459,0.0343200709593132
228,0.5,False,1.0,1.0,0.5,0.1,0.01,anisotropic,0.0125,0.0001,0,100000,84.74062061309814,24.41474881444524,0.8503153786210934,0.0036094863239705,25.20010652545512,0.8772419967541107,0.0030123791260752,0.0504237071863494
229,0.5,False,1.0,1.0,0.5,0.1,0.01,anisotropic,0.0125,0.0464158883361277,8,100000,83.06687331199646,28.25129663204133,0.8903434960325186,0.000966185088345,27.863541001062764,0.9048662181329744,0.0010564182461286,0.0292041528632375
230,0.5,False,1.0,1.0,0.5,0.1,0.01,anisotropic,0.0125,0.0046415888336127,5,100000,83.51565313339233,26.832389332285697,0.877998370266025,0.0018771914364796,26.658449359827387,0.8943794158748835,0.001953901028918,0.0363378712052383
231,0.5,False,1.0,1.0,0.5,0.1,0.01,anisotropic,0.0125,0.0215443469003188,7,100000,83.50784969329834,35.6848908951423,0.9576233976484468,0.0002694506839757,36.01417420786338,0.9860173310693124,0.0002497761453327,0.0286943722255443
232,0.5,False,1.0,1.0,0.5,0.1,0.01,anisotropic,0.0125,0.0046415888336127,5,100000,83.6590747833252,33.72744526313123,0.961445617093205,0.0004229925279823,35.1655840228272,0.9738317360584092,0.000303751771754,0.0320572877218849
233,0.5,False,1.0,1.0,0.5,0.1,0.01,anisotropic,0.0125,0.01,6,100000,82.67665028572083,30.59105601446973,0.9540887629068496,0.0008717176247466,30.38599304733333,0.951536989246361,0.0009138651659779,0.0344849485245673
234,0.5,False,1.0,1.0,0.5,0.1,0.01,anisotropic,0.0125,0.001,3,100000,83.59381031990051,32.367506251579215,0.9501339731254276,0.000556653002252,30.84774565938517,0.9425154949762408,0.0007898790859911,0.0367737401356581
235,0.5,False,1.0,1.0,0.5,0.1,0.01,anisotropic,0.0125,0.0021544346900318,4,100000,84.35221290588379,27.553500962501268,0.8677207440754455,0.001750419552803,27.1879487968987,0.8791017858830472,0.0019041334065557,0.0414886179381462
236,0.5,False,1.0,1.0,0.5,0.1,0.01,anisotropic,0.0125,0.0046415888336127,5,100000,83.41329336166382,33.72844747422631,0.9447504748724346,0.0004232587046822,32.82352204828413,0.9587490317691226,0.0005213128631956,0.0313421590839175
237,0.5,False,1.0,1.0,0.5,0.1,0.01,anisotropic,0.0125,0.001,3,100000,83.84926676750183,31.371227857477223,0.908020610765743,0.0007214887146905,29.481445772363635,0.9264681410378326,0.0011148276996105,0.0355472011672007
238,0.5,False,1.0,1.0,0.5,0.1,0.01,anisotropic,0.0125,0.0002154434690031,1,100000,84.21531891822815,25.51194120792717,0.84765771240844,0.0027759540052899,25.15359172386908,0.8520657823819114,0.0030147216126856,0.0480843140355555
239,0.5,False,1.0,1.0,0.5,0.1,0.01,anisotropic,0.0125,0.0464158883361277,8,100000,84.23491907119751,38.03730357118433,0.980698110014844,0.0001570137851118,37.4949919169909,0.9879109186792208,0.0001778971328359,0.0286978587873063
240,0.5,False,1.0,1.0,0.5,0.1,0.01,anisotropic,0.0125,0.001,3,100000,83.91043186187744,29.893658312295056,0.905602824019201,0.0010215084413395,30.53196352937864,0.937972773285811,0.0008818839488925,0.0387427667265758
241,0.5,False,1.0,1.0,0.5,0.1,0.01,anisotropic,0.0125,0.0464158883361277,8,100000,83.99073624610901,34.9994227323057,0.9621508417183284,0.0003157942335919,35.72927837811629,0.9902036787797434,0.0002669430577931,0.0263990971848235
242,0.5,False,1.0,1.0,0.5,0.1,0.01,anisotropic,0.0125,0.0215443469003188,7,100000,83.39016771316528,36.05855415386029,0.9698045537170557,0.0002473769623725,35.983939540748715,0.9710577457970804,0.0002516637789798,0.0282562890903201
243,0.5,False,1.0,1.0,0.5,0.1,0.01,anisotropic,0.0125,0.001,3,100000,84.23251509666443,31.947791804797006,0.9254322277098236,0.0006044062649815,29.769111308713494,0.9223288930064713,0.000998152748525,0.0339853900665704
244,0.5,False,1.0,1.0,0.5,0.1,0.01,anisotropic,0.0125,0.0464158883361277,8,100000,82.55677819252014,34.01202726227727,0.9615524880269906,0.0003964889460571,34.29375091251009,0.9808832914920612,0.0003715854659726,0.0269186558166676
245,0.5,False,1.0,1.0,0.5,0.1,0.01,anisotropic,0.0125,0.1,9,100000,83.06824469566345,33.30617401634082,0.9307594782741372,0.0004076165122533,34.32527404928036,0.969100000154776,0.0003223604589074,0.0252391163883524
246,0.5,False,1.0,1.0,0.5,0.1,0.01,anisotropic,0.0125,0.0046415888336127,5,100000,84.11376094818115,27.687501522083547,0.8724335165948917,0.001676874107676,28.855686796546163,0.939183733632661,0.0012813917733826,0.0358252287999053
247,0.5,False,1.0,1.0,0.5,0.1,0.01,anisotropic,0.0125,0.0046415888336127,5,100000,83.70109033584595,34.6720219009499,0.9619541480002478,0.0003405458888577,33.365577222803566,0.9539051252756092,0.0004600659687929,0.0356489770612485
248,0.5,False,1.0,1.0,0.5,0.1,0.01,anisotropic,0.0125,0.0004641588833612,2,100000,83.57375192642212,28.86884671269184,0.783638085027412,0.001107341523484,28.29707398728048,0.8399179372368238,0.0012631614353839,0.0463331173842309
249,0.5,False,1.0,1.0,0.5,0.1,0.01,anisotropic,0.0125,0.01,6,100000,83.05190348625183,33.4297116545516,0.9436191226016792,0.0004527527779035,35.678021799194475,0.9804225696796852,0.0002697926470374,0.0315409774909831
250,0.5,False,1.0,1.0,0.5,0.1,0.01,anisotropic,0.0125,0.0464158883361277,8,100000,79.72208714485168,37.42330838250096,0.974929362669389,0.0001807604111023,38.69090651425654,0.9881267781812136,0.0001350030272999,0.0266375184165788
251,0.5,False,1.0,1.0,0.5,0.1,0.01,anisotropic,0.0125,0.0001,0,100000,82.4492540359497,29.43814380583637,0.8795931652742193,0.0009845695481227,30.64532777113457,0.9050509963084016,0.0007456379482804,0.0377606268736521
252,0.5,False,1.0,1.0,0.5,0.1,0.01,anisotropic,0.0125,0.001,3,100000,81.82152700424194,27.923188064481607,0.8342789702111784,0.0015950145039718,27.490807203961467,0.8259579530439433,0.0017619870924699,0.0430705438805539
253,0.5,False,1.0,1.0,0.5,0.1,0.01,anisotropic,0.0125,0.0046415888336127,5,100000,79.9023003578186,35.9892475884309,0.9439968100963468,0.0002469735499969,32.65496569734162,0.907662367980564,0.0005322046116096,0.0295507515820966
254,0.5,False,1.0,1.0,0.5,0.1,0.01,anisotropic,0.0125,0.0002154434690031,1,100000,80.29214930534363,28.337467468843464,0.9412298606079262,0.0014572402553871,28.154907652970248,0.9402939844560082,0.0015198024540851,0.0394016725080738
255,0.5,False,1.0,1.0,0.5,0.1,0.01,anisotropic,0.0125,0.0021544346900318,4,100000,80.27710890769958,30.60628453597531,0.890564476951106,0.0006717221614614,29.479987933783963,0.8771402252681525,0.0008706013514807,0.0384721462052157
256,0.5,False,1.0,1.0,0.5,0.1,0.01,anisotropic,0.0125,0.0004641588833612,2,100000,80.16952919960022,31.605434237101026,0.8948289844032852,0.0005644343006222,30.26481805149219,0.8749885453536935,0.0007685551135692,0.0312150344352582
257,0.5,False,1.0,1.0,0.5,0.1,0.01,anisotropic,0.0125,0.0215443469003188,7,100000,79.67372274398804,36.71481782768492,0.9745286548602194,0.0002129189437077,36.20189299132451,0.9847218750131452,0.0002396110192829,0.0279195516576721
258,0.5,False,1.0,1.0,0.5,0.1,0.01,anisotropic,0.0125,0.0021544346900318,4,100000,80.3532407283783,31.48371000259971,0.927655300338727,0.0006738123761212,31.47591573350352,0.9411411766573023,0.000675022750828,0.0386993890307026
259,0.5,False,1.0,1.0,0.5,0.1,0.01,anisotropic,0.0125,0.0046415888336127,5,100000,79.97536134719849,27.81998153953325,0.9093412817625136,0.0016066041199089,27.51280219193045,0.9154921240784444,0.0017243555177704,0.0358640316152287
260,0.5,False,1.0,1.0,0.5,0.1,0.01,anisotropic,0.0125,0.0215443469003188,7,100000,80.45750522613525,38.147022297203165,0.9739395139513494,0.000152988645617,38.20114312746208,0.984754071622962,0.0001510939645835,0.0293102421515379
261,0.5,False,1.0,1.0,0.5,0.1,0.01,anisotropic,0.0125,0.01,6,100000,79.0063910484314,35.44645584374781,0.9359726384877556,0.0002842149307366,33.85743504153211,0.9284681001021592,0.0004097783121799,0.0294793447347942
262,0.5,False,1.0,1.0,0.5,0.1,0.01,anisotropic,0.0125,0.0021544346900318,4,100000,79.6421058177948,31.91111470030229,0.8684847900753189,0.0005730118729346,30.377611947516,0.8979683913367582,0.0008156688854807,0.0401516164427554
263,0.5,False,1.0,1.0,0.5,0.1,0.01,anisotropic,0.0125,0.01,6,100000,80.08727312088013,29.92324339500284,0.9451656076900534,0.0010167144785846,30.084664071304253,0.961006644858046,0.0009796184152525,0.0352731487244394
264,0.5,False,1.0,1.0,0.5,0.1,0.01,anisotropic,0.0125,0.01,6,100000,79.7491512298584,35.05593879824107,0.969093177815596,0.0003117930259983,34.24810845373855,0.9719601505850602,0.0003755341454497,0.0323194258354431
265,0.5,False,1.0,1.0,0.5,0.1,0.01,anisotropic,0.0125,0.01,6,100000,79.86640000343323,33.09728899809581,0.9352710393826154,0.000483995761672,31.660367068637907,0.9308178549800136,0.0006738042586224,0.0308145275691083
266,0.5,False,1.0,1.0,0.5,0.1,0.01,anisotropic,0.0125,0.0046415888336127,5,100000,80.340980052948,32.552851770233524,0.9346850850347256,0.0005549734197175,35.287640117824544,0.977401553143742,0.0002956605282148,0.0378690043514703
267,0.5,False,1.0,1.0,0.5,0.1,0.01,anisotropic,0.0125,0.0021544346900318,4,100000,80.06027960777283,26.71224267378665,0.8967361828649109,0.0020327016733268,25.059361255476954,0.8835689112172462,0.0029741425923752,0.0348905481677533
268,0.5,False,1.0,1.0,0.5,0.1,0.01,anisotropic,0.0125,0.0002154434690031,1,100000,80.55701112747192,26.29892455060983,0.91126797817453,0.0023434632678253,27.051619128618174,0.9147130796629258,0.0019705555985374,0.0439844815461351
269,0.5,False,1.0,1.0,0.5,0.1,0.01,anisotropic,0.0125,0.0002154434690031,1,100000,80.41387915611267,26.681328452030392,0.8755175180074136,0.0019473668663,26.284207612469963,0.877605151570473,0.0021338302144904,0.0428160274238353
270,0.5,False,1.0,1.0,0.5,0.1,0.01,anisotropic,0.0125,0.0021544346900318,4,100000,80.31925821304321,30.204440812408897,0.918483342016956,0.0009509205462967,29.695367381412726,0.9427698198706754,0.0010691818415062,0.0381791616708343
271,0.5,False,1.0,1.0,0.5,0.1,0.01,anisotropic,0.0125,0.0046415888336127,5,100000,79.90430808067322,29.552782732847177,0.8980277487476639,0.0010998668352967,28.97846702348104,0.8970445067645041,0.0012553698027952,0.0414007082555057
272,0.5,False,1.0,1.0,0.5,0.1,0.01,anisotropic,0.0125,0.0021544346900318,4,100000,80.31436514854431,26.266742368255223,0.8079480984120464,0.0023079470360866,25.91771350935061,0.8276227365379933,0.0025010865692902,0.0480199210043807
273,0.5,False,1.0,1.0,0.5,0.1,0.01,anisotropic,0.0125,0.0046415888336127,5,100000,79.77669024467468,31.829353699368205,0.9296230231173512,0.0006545769612073,30.606853825554403,0.9251178626977772,0.0008673825943945,0.0348505220167529
274,0.5,False,1.0,1.0,0.5,0.1,0.01,anisotropic,0.0125,0.001,3,100000,79.89608931541443,28.988739383797537,0.9147666074556656,0.0012459928820512,27.101254040069275,0.913249357928999,0.001924261522152,0.0436598659763094
275,0.5,False,1.0,1.0,0.5,0.1,0.01,anisotropic,0.0125,0.0046415888336127,5,100000,79.76378655433655,27.188107226936104,0.921172027400901,0.0019033371557182,27.07451971843512,0.93249676855325,0.0019537746777473,0.0349853631202978
276,0.5,False,1.0,1.0,0.5,0.1,0.01,anisotropic,0.0125,0.0021544346900318,4,100000,80.81766080856323,33.575392523811345,0.9166148611030556,0.0004347176380779,31.722802330414595,0.9184862798050104,0.0006659878111087,0.034479201024849
277,0.5,False,1.0,1.0,0.5,0.1,0.01,anisotropic,0.0125,0.0046415888336127,5,100000,80.36863136291504,29.123597444332287,0.9079817274536416,0.001211447024082,28.5500261605273,0.9192658509386258,0.0013824885904781,0.0326757671377597
278,0.5,False,1.0,1.0,0.5,0.1,0.01,anisotropic,0.0125,0.0046415888336127,5,100000,79.8858106136322,31.435070442110952,0.9131629189425072,0.0006942746042158,30.213880360310714,0.9186952784322782,0.0009197086851826,0.0352265256300129
279,0.5,False,1.0,1.0,0.5,0.1,0.01,anisotropic,0.0125,0.0046415888336127,5,100000,79.8254075050354,32.376210260309826,0.9316142771964814,0.0005767743317888,30.52763607493596,0.9296874621151464,0.0008828020708675,0.0377812844046882
280,0.5,False,1.0,1.0,0.5,0.1,0.01,anisotropic,0.0125,0.0002154434690031,1,100000,80.57715892791748,30.34753513394869,0.8830132910094062,0.0008466623964194,30.21167137722875,0.8836329610801139,0.000873567859827,0.0377108714582167
281,0.5,False,1.0,1.0,0.5,0.1,0.01,anisotropic,0.0125,0.01,6,100000,81.24723505973816,31.65668270276815,0.9545396361172128,0.0006815411192397,31.810175389596505,0.971831540818762,0.0006578741084222,0.0297263174254253
282,0.5,False,1.0,1.0,0.5,0.1,0.01,anisotropic,0.0125,0.01,6,100000,79.99274945259094,35.00603809592887,0.9303136071007224,0.0003157021009383,30.508376963933955,0.8788447765981013,0.0008892903614453,0.0366312843298493
283,0.5,False,1.0,1.0,0.5,0.1,0.01,anisotropic,0.0125,0.0215443469003188,7,100000,80.5981605052948,36.977166297128726,0.9836962415916122,0.0002004161604052,35.612098700153226,0.9833486822650932,0.0002744349994342,0.0299825639116973
284,0.5,False,1.0,1.0,0.5,0.1,0.01,anisotropic,0.0125,0.0046415888336127,5,100000,80.23494672775269,28.220698694105984,0.8838904466843899,0.001484431796374,27.82577338061185,0.9117684143803908,0.0016257463201709,0.037324259593916
285,0.5,False,1.0,1.0,0.5,0.1,0.01,anisotropic,0.0125,0.0004641588833612,2,100000,80.49271202087402,27.39201475832381,0.8931571940418346,0.0017860032243486,26.35648045245736,0.8774730669815499,0.0022669172602512,0.0380845879796074
286,0.5,False,1.0,1.0,0.5,0.1,0.01,anisotropic,0.0125,0.0215443469003188,7,100000,80.52729177474976,34.343006266720906,0.9493382343457086,0.0003667504335214,34.51096965276768,0.9730181151667712,0.0003528371433506,0.0325822004057213
287,0.5,False,1.0,1.0,0.5,0.1,0.01,anisotropic,0.0125,0.01,6,100000,79.8798303604126,37.063219061259566,0.959119582428337,0.0001955199136242,35.11184844780859,0.9652962136725692,0.0003064277258234,0.0279536778238454
288,0.5,False,1.0,1.0,0.5,0.1,0.01,anisotropic,0.0125,0.0215443469003188,7,100000,79.99187350273132,38.550813853522776,0.9667074494174732,0.0001388056034232,35.862278122579795,0.959414759878472,0.000257786738295,0.0296183237136043
289,0.5,False,1.0,1.0,0.5,0.1,0.01,anisotropic,0.0125,0.0004641588833612,2,100000,80.05395150184631,31.592876359996552,0.9172016940813332,0.0006794316032763,29.5291578984636,0.9338249598022048,0.0010927418851787,0.0462788892131199
290,0.5,False,1.0,1.0,0.5,0.1,0.01,anisotropic,0.0125,0.0215443469003188,7,100000,79.6521053314209,34.75219868454601,0.9676104254081987,0.0003345486861283,34.77921494005808,0.9811983746014904,0.0003324740111944,0.0271892336815424
291,0.5,False,1.0,1.0,0.5,0.1,0.01,anisotropic,0.0125,0.0046415888336127,5,100000,80.43144512176514,28.06866344821749,0.8241663484801994,0.0015456868506368,29.1457338266408,0.8933594006278174,0.0012061865307999,0.0382670178222569
292,0.5,False,1.0,1.0,0.5,0.1,0.01,anisotropic,0.0125,0.01,6,100000,80.4859619140625,27.44630284206259,0.8981331866987347,0.001751926940563,27.283839079071413,0.9284157849873758,0.0018187054466209,0.0307105389534142
293,0.5,False,1.0,1.0,0.5,0.1,0.01,anisotropic,0.0125,0.0001,0,100000,80.61331391334534,29.26855149152802,0.885082237677518,0.001171072752615,28.801763072397687,0.8851935855753493,0.001303955343132,0.0366471999642179
294,0.5,False,1.0,1.0,0.5,0.1,0.01,anisotropic,0.0125,0.01,6,100000,80.17587661743164,30.73895793450617,0.9096921926412508,0.0006532203221091,30.645828276339397,0.9400906438821937,0.000667379178896,0.0315541793522334
295,0.5,False,1.0,1.0,0.5,0.1,0.01,anisotropic,0.0125,0.001,3,100000,80.83917427062988,29.596213736740577,0.9008746052480758,0.0010828454339168,28.65697179768644,0.900695632602262,0.0013442828667569,0.0403193253013014
296,0.5,False,1.0,1.0,0.5,0.1,0.01,anisotropic,0.0125,0.001,3,100000,81.03095769882202,29.199250661249515,0.9311567546369732,0.0011873358360739,27.67765596654696,0.9237831845163316,0.001685516643606,0.0397532091661678
297,0.5,False,1.0,1.0,0.5,0.1,0.01,anisotropic,0.0125,0.0021544346900318,4,100000,81.17858958244324,29.93015300342166,0.903533190370728,0.0009863390305239,28.38984660315006,0.9064390725493638,0.0014062316197078,0.0436327222349138
298,0.5,False,1.0,1.0,0.5,0.1,0.01,anisotropic,0.0125,0.01,6,100000,80.57647037506104,32.90109354759217,0.9353682204045156,0.0005122892016353,31.67991379689676,0.9547485706174378,0.0006786301910081,0.0328089463756654
299,0.5,False,1.0,1.0,0.5,0.1,0.01,anisotropic,0.0125,0.01,6,100000,79.48771095275879,35.96505517012042,0.966614151878262,0.0002528436281634,35.57478582895294,0.967223805556126,0.0002766170514315,0.0330273588346613
300,0.5,False,1.0,1.0,0.5,0.1,0.01,anisotropic,0.0125,0.0046415888336127,5,100000,82.03594160079956,35.368664686071604,0.9520792993908552,0.0002886651807388,33.68963318527601,0.9448199225594116,0.0004249105867891,0.0294557519865021
301,0.5,False,1.0,1.0,0.5,0.1,0.01,anisotropic,0.0125,0.0021544346900318,4,100000,82.31761240959167,29.21367433946681,0.9097467775092348,0.001155614873682,28.65865217936264,0.933601505122796,0.0013131530264366,0.0344473334391976
302,0.5,False,1.0,1.0,0.5,0.1,0.01,anisotropic,0.0125,0.0215443469003188,7,100000,81.7300329208374,34.29548501648772,0.934097985255896,0.0003718741313783,34.46269404999944,0.9622069807484284,0.0003578286132061,0.0371938878804335
303,0.5,False,1.0,1.0,0.5,0.1,0.01,anisotropic,0.0125,0.0004641588833612,2,100000,81.88694214820862,25.86020941674755,0.8495020149853999,0.0025779629058819,27.101299456093948,0.9101140092949848,0.0019371696671358,0.0452596494819584
304,0.5,False,1.0,1.0,0.5,0.1,0.01,anisotropic,0.0125,0.01,6,100000,83.93918657302856,30.650563949855748,0.9261670562001226,0.0008551169870936,30.40987645493437,0.9473056011356886,0.0009038456732385,0.0350914938828028
305,0.5,False,1.0,1.0,0.5,0.1,0.01,anisotropic,0.0125,0.0046415888336127,5,100000,81.7851939201355,30.38522981834459,0.923916618062549,0.0009067893000337,28.52575715770236,0.9199126742876322,0.0013914052988767,0.0383250693486942
306,0.5,False,1.0,1.0,0.5,0.1,0.01,anisotropic,0.0125,0.0021544346900318,4,100000,81.878347158432,29.355947951215818,0.9393204890027164,0.0011430881539517,30.140884511775734,0.95521731647753,0.0009540828032667,0.0371730718350976
307,0.5,False,1.0,1.0,0.5,0.1,0.01,anisotropic,0.0125,0.0046415888336127,5,100000,81.20287132263184,27.887959646063045,0.8542301018249342,0.0015498646810986,27.662613779187684,0.9037905493913136,0.0016324066984643,0.0383523819214429
308,0.5,False,1.0,1.0,0.5,0.1,0.01,anisotropic,0.0125,0.0464158883361277,8,100000,81.40278053283691,27.289941141291813,0.8856504875543311,0.0017781020355819,27.11025969528025,0.9099730376784056,0.0018532108053615,0.0258419432379801
309,0.5,False,1.0,1.0,0.5,0.1,0.01,anisotropic,0.0125,0.001,3,100000,83.09583854675293,31.283163332118296,0.9625179679964588,0.0007434184519471,28.62884189275149,0.9328805502159814,0.0013698262369107,0.0366158930693674
310,0.5,False,1.0,1.0,0.5,0.1,0.01,anisotropic,0.0125,0.001,3,100000,83.22193241119385,29.194102030875197,0.9171849506446418,0.0011641757628145,27.26059415077736,0.9042583866330056,0.0018170603066267,0.0401707974204642
311,0.5,False,1.0,1.0,0.5,0.1,0.01,anisotropic,0.0125,0.0002154434690031,1,100000,81.96575140953064,27.724939247141,0.9028531586913178,0.0016663031930477,27.511435593451488,0.905021218250591,0.0017502673520017,0.0343473794671275
312,0.5,False,1.0,1.0,0.5,0.1,0.01,anisotropic,0.0125,0.0021544346900318,4,100000,80.45212626457214,29.66192263109338,0.9114819297587644,0.0010749668363331,28.816367574019864,0.9334848309396264,0.001306022237842,0.0344359246740369
313,0.5,False,1.0,1.0,0.5,0.1,0.01,anisotropic,0.0125,0.0215443469003188,7,100000,83.18118953704834,33.845541531219176,0.940357450874506,0.0004120659492091,35.7750862366024,0.980847756232606,0.0002642483339611,0.0315998632422152
314,0.5,False,1.0,1.0,0.5,0.1,0.01,anisotropic,0.0125,0.0021544346900318,4,100000,80.81132626533508,33.43258702330096,0.9343203182696174,0.0004469484929953,32.13502764152439,0.9441882553499646,0.0006025781995647,0.0379127262727241
315,0.5,False,1.0,1.0,0.5,0.1,0.01,anisotropic,0.0125,0.0215443469003188,7,100000,82.4780945777893,36.41306861272795,0.9835446232747274,0.0002278617812969,36.856371810520464,0.9876355697838018,0.0002057506274761,0.0256337198206781
316,0.5,False,1.0,1.0,0.5,0.1,0.01,anisotropic,0.0125,0.001,3,100000,81.05278825759888,33.82209671608544,0.9129737885935272,0.0004032688480144,30.51462188368494,0.9173758654318532,0.0008636587112487,0.0339538828409077
317,0.5,False,1.0,1.0,0.5,0.1,0.01,anisotropic,0.0125,0.001,3,100000,83.56899213790894,31.505528773452877,0.9364652504959228,0.0006659734118936,29.12218453235218,0.9345385901584348,0.0011528991393906,0.0413148367212248
318,0.5,False,1.0,1.0,0.5,0.1,0.01,anisotropic,0.0125,0.0215443469003188,7,100000,81.84691381454468,36.66200689763723,0.943437607554364,0.0002140369399664,34.13372034346976,0.9472175056733816,0.000383104619497,0.0352018647262088
319,0.5,False,1.0,1.0,0.5,0.1,0.01,anisotropic,0.0125,0.0215443469003188,7,100000,81.24700808525085,35.91361923055342,0.969366438126956,0.0002561925563989,36.14669220215688,0.9792220728187552,0.000242805885783,0.033593685525806
320,0.5,False,1.0,1.0,0.5,0.1,0.01,anisotropic,0.0125,0.0046415888336127,5,100000,81.08364295959473,31.773638996421543,0.9279504625585286,0.0006583287484035,33.85951685198597,0.9633098622887372,0.0004072443193531,0.0298520754021924
321,0.5,False,1.0,1.0,0.5,0.1,0.01,anisotropic,0.0125,0.0464158883361277,8,100000,80.69458270072937,37.44312018487355,0.9720106408407826,0.0001799966946137,39.105993306298274,0.9882379712277064,0.0001227374843971,0.0276001745531018
322,0.5,False,1.0,1.0,0.5,0.1,0.01,anisotropic,0.0125,0.0046415888336127,5,100000,81.57942652702332,26.530243934511496,0.8882184054907706,0.0022034909461349,26.59865706106864,0.9070360073924872,0.002169051969977,0.0361181443439456
323,0.5,False,1.0,1.0,0.5,0.1,0.01,anisotropic,0.0125,0.0021544346900318,4,100000,83.1009829044342,32.57829975612577,0.9269235043955694,0.0005463721325947,29.807998750049983,0.9313618398215396,0.0010339954814479,0.0367299003296755
324,0.5,False,1.0,1.0,0.5,0.1,0.01,anisotropic,0.0125,0.0021544346900318,4,100000,81.4347288608551,30.208921135034306,0.958040019484316,0.0009480164141569,29.785120440915705,0.9593680821193764,0.001045191637428,0.0370716078981882
325,0.5,False,1.0,1.0,0.5,0.1,0.01,anisotropic,0.0125,0.001,3,100000,81.13948011398315,31.55059590899694,0.9463743655975192,0.0005567577152117,27.515000898275,0.8695972316966348,0.0014100215330661,0.0301487004288877
326,0.5,False,1.0,1.0,0.5,0.1,0.01,anisotropic,0.0125,0.0215443469003188,7,100000,83.20497417449951,34.62911712359028,0.965481851609227,0.0003442605867123,33.96132859658276,0.9670332189756824,0.0004014820724143,0.0316476688281596
327,0.5,False,1.0,1.0,0.5,0.1,0.01,anisotropic,0.0125,0.0046415888336127,5,100000,80.99732184410095,29.66066069735303,0.9229720897542504,0.0010753855563542,29.78696757349981,0.9307890172051856,0.0010445602895706,0.0314247924387936
328,0.5,False,1.0,1.0,0.5,0.1,0.01,anisotropic,0.0125,0.0021544346900318,4,100000,81.61055541038513,31.260107253736784,0.9425960684424374,0.0007128545831039,31.401647012749223,0.9471911737780748,0.0006899966309724,0.0321657018208006
329,0.5,False,1.0,1.0,0.5,0.1,0.01,anisotropic,0.0125,0.0215443469003188,7,100000,81.01843905448914,37.11542943287752,0.9824886713592514,0.0001941867455924,36.55745733657516,0.981602493573952,0.0002208090112358,0.0287115680323181
330,0.5,False,1.0,1.0,0.5,0.1,0.01,anisotropic,0.0125,0.0046415888336127,5,100000,82.94265651702881,29.74666769421261,0.91412897385181,0.001040480627545,30.09167793436052,0.9414815336053196,0.0009610212140123,0.0301987083157191
331,0.5,False,1.0,1.0,0.5,0.1,0.01,anisotropic,0.0125,0.0001,0,100000,81.58423137664795,23.80315958806857,0.8948053384228404,0.004160502916347,27.53688038042886,0.9317981355261796,0.001761058372862,0.0372030565983666
332,0.5,False,1.0,1.0,0.5,0.1,0.01,anisotropic,0.0125,0.01,6,100000,81.68536353111267,33.2547747118366,0.9473026624932652,0.0004710402068676,33.417589008426944,0.9703164259111944,0.0004537081173904,0.0293648195416235
333,0.5,False,1.0,1.0,0.5,0.1,0.01,anisotropic,0.0125,0.0215443469003188,7,100000,81.45284056663513,37.22510480021349,0.96921673135148,0.0001892278543678,36.23875124091823,0.9786359933926896,0.0002374763804529,0.0271514365046873
334,0.5,False,1.0,1.0,0.5,0.1,0.01,anisotropic,0.0125,0.0021544346900318,4,100000,83.3607850074768,31.78011382159728,0.907150666027116,0.0006632850549278,31.129049874760007,0.9424596103117155,0.0007705602585251,0.04000291625015
335,0.5,False,1.0,1.0,0.5,0.1,0.01,anisotropic,0.0125,0.0004641588833612,2,100000,81.99299168586731,28.692036674269065,0.8845690701831044,0.0013183880608715,27.59257744875857,0.8782723440305626,0.0016982013586955,0.0437631159942288
336,0.5,False,1.0,1.0,0.5,0.1,0.01,anisotropic,0.0125,0.0004641588833612,2,100000,83.02531409263611,29.9797709814567,0.8748946299151721,0.0009643024341062,29.92832765219817,0.8922188923491916,0.0009757927699936,0.0420706784566012
337,0.5,False,1.0,1.0,0.5,0.1,0.01,anisotropic,0.0125,0.0215443469003188,7,100000,81.0941653251648,32.18373504493941,0.9426547654432168,0.0006023906397111,32.91852437536502,0.9679381230467556,0.0005086268492835,0.02935270490218
338,0.5,False,1.0,1.0,0.5,0.1,0.01,anisotropic,0.0125,0.0046415888336127,5,100000,82.64947962760925,31.833947284581782,0.9639557976890464,0.0006440741831926,30.612015749754416,0.9540885463942266,0.0008533536391817,0.0292491362274527
339,0.5,False,1.0,1.0,0.5,0.1,0.01,anisotropic,0.0125,0.0215443469003188,7,100000,81.16814637184143,35.6086817453351,0.97070155222405,0.0002744958050758,35.62041797889665,0.9854653132249296,0.0002737550178841,0.0267692213819251
340,0.5,False,1.0,1.0,0.5,0.1,0.01,anisotropic,0.0125,0.0046415888336127,5,100000,82.49218964576721,30.470292314198694,0.9192854003942456,0.0008646885585246,29.649949710138856,0.924654728741779,0.0010444651960429,0.0345606436179596
341,0.5,False,1.0,1.0,0.5,0.1,0.01,anisotropic,0.0125,0.0021544346900318,4,100000,81.35658693313599,28.00347734291861,0.8829144384499972,0.0015661975320683,28.048220383752277,0.909377214374094,0.0015501446694498,0.0404744242387779
342,0.5,False,1.0,1.0,0.5,0.1,0.01,anisotropic,0.0125,0.0002154434690031,1,100000,81.23925471305847,23.729787882543995,0.774039963429112,0.0029877188773778,26.78891030327865,0.8594748389461272,0.0014771598304692,0.0450532916485539
343,0.5,False,1.0,1.0,0.5,0.1,0.01,anisotropic,0.0125,0.01,6,100000,83.33656525611877,25.2167709554732,0.82865045439687,0.0022564522623364,23.73872030842117,0.8023461724360177,0.0031712553631144,0.032324217425408
344,0.5,False,1.0,1.0,0.5,0.1,0.01,anisotropic,0.0125,0.0215443469003188,7,100000,81.46604204177856,35.16549055819993,0.9452375169801324,0.0003039320922641,35.98831480664693,0.9805075396242362,0.0002514746051492,0.0277947949132128
345,0.5,False,1.0,1.0,0.5,0.1,0.01,anisotropic,0.0125,0.0021544346900318,4,100000,81.81175446510315,28.819427953608116,0.911759267627362,0.0012525839413648,28.08977903066395,0.9099868569105732,0.0014817390682936,0.0328535450639053
346,0.5,False,1.0,1.0,0.5,0.1,0.01,anisotropic,0.0125,0.0021544346900318,4,100000,81.61109018325806,29.01380536232978,0.8490164458480074,0.0012201774844456,27.564445873810318,0.8769442105250717,0.0017035659682321,0.0412241127046162
347,0.5,False,1.0,1.0,0.5,0.1,0.01,anisotropic,0.0125,0.0004641588833612,2,100000,83.61431741714478,30.2185190643416,0.942842061795124,0.0009267672919081,28.648941093873965,0.9288349309596464,0.0013302353816224,0.0402868487009808
348,0.5,False,1.0,1.0,0.5,0.1,0.01,anisotropic,0.0125,0.0464158883361277,8,100000,81.44071221351624,38.93250329092173,0.9825336462377,0.0001276940434723,39.10268130150407,0.98899492433786,0.0001227871271221,0.0291830695018597
349,0.5,False,1.0,1.0,0.5,0.1,0.01,anisotropic,0.0125,0.0215443469003188,7,100000,82.21894669532776,35.76790524479381,0.9596903036035472,0.0002648568561812,35.21172176265879,0.970123246976184,0.0003010437172343,0.0332558646907254
350,0.5,False,1.0,1.0,0.5,0.1,0.01,anisotropic,0.0125,0.01,6,100000,87.45430374145508,37.6804910353878,0.9599675201270502,0.0001704316470597,36.896175643176406,0.9722780263071888,0.0002041652290552,0.0321437347715059
351,0.5,False,1.0,1.0,0.5,0.1,0.01,anisotropic,0.0125,0.01,6,100000,87.4696934223175,33.16969282872642,0.960065960951581,0.0004815388819687,32.83073828609431,0.9715443232901118,0.0005206271525367,0.0328617990651465
352,0.5,False,1.0,1.0,0.5,0.1,0.01,anisotropic,0.0125,0.0464158883361277,8,100000,86.70977711677551,37.81114137977625,0.9725085626868724,0.0001655318150574,39.23299761636071,0.986896267398877,0.0001193152219523,0.0284155762699152
353,0.5,False,1.0,1.0,0.5,0.1,0.01,anisotropic,0.0125,0.0215443469003188,7,100000,87.59104657173157,29.99388299581252,0.9553352728825985,0.0009979568032972,29.530877583434396,0.958508710938314,0.0011102282770443,0.028669018321379
354,0.5,False,1.0,1.0,0.5,0.1,0.01,anisotropic,0.0125,0.0215443469003188,7,100000,86.99396896362305,32.20145270116313,0.9696427402190836,0.0006020464700164,32.15926086127769,0.9792446495546746,0.0006079238729752,0.0305571491260426
355,0.5,False,1.0,1.0,0.5,0.1,0.01,anisotropic,0.0125,0.0046415888336127,5,100000,87.43714785575867,27.00185972517386,0.9155998055666624,0.0019907393070121,26.925497624023286,0.9304485649778456,0.0020260520659435,0.0339820216288793
356,0.5,False,1.0,1.0,0.5,0.1,0.01,anisotropic,0.0125,0.01,6,100000,87.13858413696289,29.32461838864876,0.9344752714799336,0.0011652793213444,28.96377779187947,0.9313136637347044,0.0012662343750986,0.0297134211423234
357,0.5,False,1.0,1.0,0.5,0.1,0.01,anisotropic,0.0125,0.001,3,100000,87.0999825000763,28.54368280260381,0.8901980308104704,0.001379086355234,28.5551060492357,0.9101264185118108,0.0013754637111597,0.0401749574754043
358,0.5,False,1.0,1.0,0.5,0.1,0.01,anisotropic,0.0125,0.0046415888336127,5,100000,87.60804915428162,31.05033196572151,0.938786381253805,0.0007497899081951,30.806843026056413,0.950904963361084,0.0007930279327477,0.0296862940804759
359,0.5,False,1.0,1.0,0.5,0.1,0.01,anisotropic,0.0125,0.0004641588833612,2,100000,87.2208788394928,28.72111516529384,0.9239427356011116,0.0013420929893091,27.838241875357014,0.9157804339405592,0.0016446365464144,0.0470499812496634
360,0.5,False,1.0,1.0,0.5,0.1,0.01,anisotropic,0.0125,0.0001,0,100000,87.3037645816803,25.291401926836635,0.8379799303511485,0.0029552736072767,27.06333453175892,0.9050037984145332,0.0019651894987185,0.0443983162061733
361,0.5,False,1.0,1.0,0.5,0.1,0.01,anisotropic,0.0125,0.0002154434690031,1,100000,87.94873476028442,27.386687104427093,0.8457981118423921,0.0016624858742664,30.0562054867948,0.8984311011872952,0.0008990961244827,0.0426130474191084
362,0.5,False,1.0,1.0,0.5,0.1,0.01,anisotropic,0.0125,0.0215443469003188,7,100000,86.7443459033966,32.50589700125324,0.9424136888576802,0.0005614745340142,32.308543997419115,0.9572136994885044,0.0005875777796368,0.0310783660720774
363,0.5,False,1.0,1.0,0.5,0.1,0.01,anisotropic,0.0125,0.0215443469003188,7,100000,88.07839751243591,37.497725694791,0.9766814556791326,0.0001777657789156,37.73493049341455,0.9884311394518296,0.0001683168831018,0.0274642964713036
364,0.5,False,1.0,1.0,0.5,0.1,0.01,anisotropic,0.0125,0.0215443469003188,7,100000,86.60073637962341,37.452508383968805,0.9632288280078743,0.0001796853190835,34.64866496836484,0.952294087540551,0.0003426864533193,0.0334826749512442
365,0.5,False,1.0,1.0,0.5,0.1,0.01,anisotropic,0.0125,0.0046415888336127,5,100000,87.39773964881897,31.405902493865074,0.9547912828729606,0.0006811597239637,30.755137256227435,0.9501955933128928,0.0007912714289051,0.0330612350636686
366,0.5,False,1.0,1.0,0.5,0.1,0.01,anisotropic,0.0125,0.0004641588833612,2,100000,87.40116357803345,27.64841762370436,0.8855546652069505,0.0017045120872706,27.654826304704297,0.9210865566515118,0.0017019986732468,0.044209225936101
367,0.5,False,1.0,1.0,0.5,0.1,0.01,anisotropic,0.0125,0.0046415888336127,5,100000,86.90159845352173,27.516854985458853,0.8830953988536637,0.0017659194573766,29.765167857032395,0.9563800674978846,0.0010523000828743,0.0325649890888436
368,0.5,False,1.0,1.0,0.5,0.1,0.01,anisotropic,0.0125,0.0001,0,100000,87.44362711906433,23.401560776767663,0.869851797669387,0.0045614192613266,25.312787366063244,0.8868013332471507,0.0029374963333115,0.051009752910389
369,0.5,False,1.0,1.0,0.5,0.1,0.01,anisotropic,0.0125,0.01,6,100000,86.83372378349304,32.8564982816643,0.9623982491594524,0.000516193838956,31.435934000139035,0.9598490145221256,0.000715927829906,0.0319371757253227
370,0.5,False,1.0,1.0,0.5,0.1,0.01,anisotropic,0.0125,0.01,6,100000,87.29567956924438,35.0829157134917,0.963325941340343,0.0003098821593879,35.21005987275406,0.9724804258325092,0.0003009415529434,0.0358889098477466
371,0.5,False,1.0,1.0,0.5,0.1,0.01,anisotropic,0.0125,0.0021544346900318,4,100000,87.44570970535278,28.119372940129885,0.9027508515240644,0.0013158795389352,27.49560490443711,0.9112652459757676,0.0015191229944348,0.0322602881484287
372,0.5,False,1.0,1.0,0.5,0.1,0.01,anisotropic,0.0125,0.0001,0,100000,86.94724941253662,23.69445858068928,0.9040270752095156,0.0039411292076114,26.6718249918722,0.9287049051407256,0.001985564649127,0.0372736895022845
373,0.5,False,1.0,1.0,0.5,0.1,0.01,anisotropic,0.0125,0.0215443469003188,7,100000,86.73317885398865,36.837245062326375,0.9793246311336848,0.0002067419622118,34.784497757838125,0.9797683930011302,0.0003316678414686,0.0300721616215502
374,0.5,False,1.0,1.0,0.5,0.1,0.01,anisotropic,0.0125,0.0464158883361277,8,100000,87.04270505905151,27.944132347674163,0.9240035273734988,0.0015223453463621,28.096189726396933,0.9486966223528908,0.0014699665292969,0.0251288570659569
375,0.5,False,1.0,1.0,0.5,0.1,0.01,anisotropic,0.0125,0.0001,0,100000,87.41528868675232,25.80410156495528,0.9040902107577968,0.0026026311130803,26.327523544507493,0.924892484380027,0.0023071212497996,0.0366624587306123
376,0.5,False,1.0,1.0,0.5,0.1,0.01,anisotropic,0.0125,0.0001,0,100000,87.92210626602173,25.98455554854185,0.9182812545688795,0.0024869407416445,27.334770816339446,0.855678350706015,0.0018224008543165,0.0352418879349929
377,0.5,False,1.0,1.0,0.5,0.1,0.01,anisotropic,0.0125,0.0046415888336127,5,100000,87.54643893241882,28.332552119575205,0.8908766156775668,0.0014347523801224,29.64322651696408,0.9365966575877716,0.0010609856600074,0.0330963560069974
378,0.5,False,1.0,1.0,0.5,0.1,0.01,anisotropic,0.0125,0.0215443469003188,7,100000,86.80262660980225,26.835838529943665,0.8895244453807144,0.0019755316499303,26.524171161249136,0.8983785845234603,0.0021225148076212,0.0311217276502997
379,0.5,False,1.0,1.0,0.5,0.1,0.01,anisotropic,0.0125,0.0215443469003188,7,100000,87.34851908683777,30.608104868327818,0.9311783211406984,0.0008682015457859,31.362892887011007,0.9676925735228,0.0007296956426258,0.0301857950417325
380,0.5,False,1.0,1.0,0.5,0.1,0.01,anisotropic,0.0125,0.0046415888336127,5,100000,87.03713607788086,23.905273932950557,0.8616609656663989,0.0040024888101898,23.32678718558284,0.83653756356061,0.0045727641380688,0.0381811419899885
381,0.5,False,1.0,1.0,0.5,0.1,0.01,anisotropic,0.0125,0.0046415888336127,5,100000,87.18947076797485,27.489244636982274,0.8466653622540664,0.0017525073063939,27.65570096817284,0.8888589728520055,0.0016866081871178,0.0373315236305333
382,0.5,False,1.0,1.0,0.5,0.1,0.01,anisotropic,0.0125,0.001,3,100000,87.33248233795166,28.57554386211133,0.928210751018402,0.0013782970041789,25.684343967111264,0.9054347033586316,0.0026820248762107,0.0382188673359951
383,0.5,False,1.0,1.0,0.5,0.1,0.01,anisotropic,0.0125,0.0021544346900318,4,100000,86.66887712478638,30.341021913970877,0.90948948528352,0.0008556329199295,30.05923396685143,0.9417772053097088,0.0009129905453462,0.0362884235313578
384,0.5,False,1.0,1.0,0.5,0.1,0.01,anisotropic,0.0125,0.0215443469003188,7,100000,86.59246969223022,36.83033043631554,0.9717117203426124,0.0002072315942776,37.47746244543033,0.9850964995142452,0.0001785429750915,0.0277269895498157
385,0.5,False,1.0,1.0,0.5,0.1,0.01,anisotropic,0.0125,0.0021544346900318,4,100000,86.62507820129395,31.99020654696396,0.9461274953906929,0.0006304953148571,30.17303254262398,0.9482804829614396,0.0009580744624342,0.0399815857859436
386,0.5,False,1.0,1.0,0.5,0.1,0.01,anisotropic,0.0125,0.0021544346900318,4,100000,87.94442105293274,33.9013972410585,0.9188195703462302,0.0004029620753959,29.434656536513472,0.8857860055431142,0.001127037184645,0.0362607130118263
387,0.5,False,1.0,1.0,0.5,0.1,0.01,anisotropic,0.0125,0.01,6,100000,87.59691023826599,29.84720924209849,0.9373601919610132,0.0010303734145442,29.70419952090421,0.9531224875431944,0.0010648676084827,0.031871297705109
388,0.5,False,1.0,1.0,0.5,0.1,0.01,anisotropic,0.0125,0.0021544346900318,4,100000,86.61346316337585,33.1511533553238,0.9132495676932224,0.0004792225023546,29.646927644844983,0.9182764859819984,0.0010738899390509,0.0399560179727866
389,0.5,False,1.0,1.0,0.5,0.1,0.01,anisotropic,0.0125,0.01,6,100000,86.54340291023254,28.77752250974675,0.9160194109560468,0.0013132783562457,29.427917303910327,0.956988843245262,0.0011306216760932,0.0287172977622942
390,0.5,False,1.0,1.0,0.5,0.1,0.01,anisotropic,0.0125,0.0464158883361277,8,100000,86.90876150131226,37.435228976356456,0.9896593542398204,0.0001803375525806,35.67515483361154,0.9853462074174892,0.0002704541100294,0.0286968544972719
391,0.5,False,1.0,1.0,0.5,0.1,0.01,anisotropic,0.0125,0.0021544346900318,4,100000,87.27769041061401,31.321527082330277,0.9217595483229652,0.0007355522147012,30.827845205833377,0.921707425060155,0.0008241033794914,0.0433144999212914
392,0.5,False,1.0,1.0,0.5,0.1,0.01,anisotropic,0.0125,0.01,6,100000,86.95968627929688,32.259478046565675,0.929309979354694,0.0005931531130673,31.688491767149827,0.9025804777108114,0.0006764963255161,0.0355064392114543
393,0.5,False,1.0,1.0,0.5,0.1,0.01,anisotropic,0.0125,0.001,3,100000,86.98397064208984,31.05472089807632,0.9394833457587992,0.0007520160705849,28.301554014124196,0.9274709665141292,0.0014175677030178,0.0361706933995098
394,0.5,False,1.0,1.0,0.5,0.1,0.01,anisotropic,0.0125,0.001,3,100000,87.42645764350891,32.688330074538804,0.9024240247730452,0.0005369797597632,32.38997255115689,0.9260327604823624,0.0005751666132824,0.0414108539596986
395,0.5,False,1.0,1.0,0.5,0.1,0.01,anisotropic,0.0125,0.001,3,100000,87.98984932899475,28.11387108484588,0.8594098082048393,0.0015138139669645,26.20887222741656,0.8462165414084194,0.0023473205106865,0.0455443965378707
396,0.5,False,1.0,1.0,0.5,0.1,0.01,anisotropic,0.0125,0.0046415888336127,5,100000,88.42717981338501,33.421310788889045,0.9127137494641232,0.0004520593595887,32.4865047143578,0.9216884653791274,0.0005606296633687,0.0399744136324415
397,0.5,False,1.0,1.0,0.5,0.1,0.01,anisotropic,0.0125,0.0001,0,100000,87.64181184768677,25.232816684323296,0.8584757135370755,0.0029636742837057,25.59529344086738,0.8563438882063771,0.0027263574557801,0.0471931971549401
398,0.5,False,1.0,1.0,0.5,0.1,0.01,anisotropic,0.0125,0.001,3,100000,87.18316268920898,30.33279266577897,0.93344345842453,0.0009206038824481,29.00068209645809,0.8962368958660092,0.0012510764786236,0.0309488835856551
399,0.5,False,1.0,1.0,0.5,0.1,0.01,anisotropic,0.0125,0.0464158883361277,8,100000,86.89930558204651,36.39019945357905,0.9606935125411192,0.0002293332708569,37.66277042737581,0.9842242415064514,0.000171084225399,0.0283985437389545
400,0.5,False,1.0,1.0,0.5,0.1,0.01,anisotropic,0.0125,0.01,6,100000,78.91375923156738,39.62072988258976,0.9743506866054578,0.0001090020080465,33.35582724418441,0.9292702046597898,0.0004612376624542,0.0265465076069808
401,0.5,False,1.0,1.0,0.5,0.1,0.01,anisotropic,0.0125,0.0464158883361277,8,100000,79.54195976257324,31.4253787159764,0.9226574717484896,0.000588424532629,31.92527899614187,0.9515856275452218,0.0005244459585705,0.0268061605287007
402,0.5,False,1.0,1.0,0.5,0.1,0.01,anisotropic,0.0125,0.001,3,100000,79.5840072631836,32.1511281734225,0.9419146643961532,0.000580222473975,31.156355024989395,0.9339620319768284,0.0007295782212559,0.0310812555841769
403,0.5,False,1.0,1.0,0.5,0.1,0.01,anisotropic,0.0125,0.001,3,100000,79.84464478492737,27.44074389826489,0.8710660498375072,0.0017959970936908,26.685673137713373,0.8725230187261337,0.0021370402680191,0.0490288311082703
404,0.5,False,1.0,1.0,0.5,0.1,0.01,anisotropic,0.0125,0.0215443469003188,7,100000,80.36810851097107,33.308194368228655,0.9395761587139324,0.0004667108576338,34.51138513577241,0.9760480368988504,0.0003537763751281,0.0312435384019125
405,0.5,False,1.0,1.0,0.5,0.1,0.01,anisotropic,0.0125,0.01,6,100000,79.65798234939575,34.976880433141005,0.9578516880805829,0.0003175974424571,33.07087128192721,0.948194705062087,0.0004925812898344,0.0377375365623786
406,0.5,False,1.0,1.0,0.5,0.1,0.01,anisotropic,0.0125,0.0046415888336127,5,100000,80.10218000411987,32.93201820224263,0.9681429067768862,0.000507756356537,31.77527948124568,0.9561864395424308,0.0006627187240993,0.0342202690809292
407,0.5,False,1.0,1.0,0.5,0.1,0.01,anisotropic,0.0125,0.0215443469003188,7,100000,79.44014430046082,32.23225959634176,0.9527159086128492,0.0005973947912463,33.09508924585291,0.973049682488442,0.0004897545355981,0.034712829559474
408,0.5,False,1.0,1.0,0.5,0.1,0.01,anisotropic,0.0125,0.0021544346900318,4,100000,79.44339370727539,30.846049543443268,0.9164351144029608,0.0007506033438445,30.17617661527931,0.9470104188449064,0.0008757855748855,0.0343112316165037
409,0.5,False,1.0,1.0,0.5,0.1,0.01,anisotropic,0.0125,0.0001,0,100000,80.6586365699768,25.416085706966925,0.8209106894661787,0.0028440429970569,29.373173505515403,0.9111821258433148,0.0011434768537364,0.0370587587878115
410,0.5,False,1.0,1.0,0.5,0.1,0.01,anisotropic,0.0125,0.0215443469003188,7,100000,79.74795198440552,37.60036455771855,0.9847295383517628,0.0001736284047016,37.15898498657254,0.985398593546706,0.0001922023671394,0.0275071015874176
411,0.5,False,1.0,1.0,0.5,0.1,0.01,anisotropic,0.0125,0.001,3,100000,79.59189105033875,31.41191451726941,0.9209089798801472,0.0007122924891307,31.893131541363992,0.9441195532654528,0.0006375829025417,0.0359581122689574
412,0.5,False,1.0,1.0,0.5,0.1,0.01,anisotropic,0.0125,0.01,6,100000,79.04382872581482,33.02524248176725,0.9662212443351694,0.0004977770622678,32.01986442011916,0.9678152420257672,0.00062744069992,0.0309905466550339
413,0.5,False,1.0,1.0,0.5,0.1,0.01,anisotropic,0.0125,0.0464158883361277,8,100000,79.27374124526978,34.88541390743093,0.9570421929390788,0.000324541111608,34.78213247592714,0.980215337047468,0.0003323516678211,0.0309997122087647
414,0.5,False,1.0,1.0,0.5,0.1,0.01,anisotropic,0.0125,0.0215443469003188,7,100000,79.50526714324951,36.16257666412567,0.9649291827511614,0.0002414862291469,36.51239860183814,0.9863692081584282,0.0002227974296491,0.0297870076307848
415,0.5,False,1.0,1.0,0.5,0.1,0.01,anisotropic,0.0125,0.0215443469003188,7,100000,79.58847379684448,38.59011887880142,0.985585019899022,0.0001382810741202,37.45226235687514,0.9870242124391568,0.0001797001321674,0.0266196872980224
416,0.5,False,1.0,1.0,0.5,0.1,0.01,anisotropic,0.0125,0.0021544346900318,4,100000,80.18325757980347,29.9902742296851,0.9110369844320574,0.0009954133421906,29.200051531932274,0.936249919697274,0.0011940588377453,0.0407466032509729
417,0.5,False,1.0,1.0,0.5,0.1,0.01,anisotropic,0.0125,0.0021544346900318,4,100000,79.77675080299377,31.745188310935912,0.903983487664104,0.0006541897456458,31.414379861971756,0.945276179374966,0.0007059672869511,0.0444745009736757
418,0.5,False,1.0,1.0,0.5,0.1,0.01,anisotropic,0.0125,0.0046415888336127,5,100000,79.52230858802795,34.55072941593879,0.955048626288087,0.0003487252337721,31.211656118038903,0.9062635738400088,0.0007522993799471,0.0322884663706426
419,0.5,False,1.0,1.0,0.5,0.1,0.01,anisotropic,0.0125,0.01,6,100000,80.06533360481262,32.673444150007995,0.9599642078411263,0.0005397795479527,31.562726621508684,0.9598918884544998,0.0006970889172748,0.0351204478314949
420,0.5,False,1.0,1.0,0.5,0.1,0.01,anisotropic,0.0125,0.0215443469003188,7,100000,78.9204523563385,35.724247612417244,0.9638363206479336,0.0002673438464736,36.30367175134096,0.9757555327868328,0.0002339525474003,0.0301612001052176
421,0.5,False,1.0,1.0,0.5,0.1,0.01,anisotropic,0.0125,0.0046415888336127,5,100000,79.30984878540039,34.38742735209108,0.9132678158731748,0.0003579271367366,31.595973433753027,0.9112513728037128,0.0006806753418018,0.0321518415638595
422,0.5,False,1.0,1.0,0.5,0.1,0.01,anisotropic,0.0125,0.0021544346900318,4,100000,79.92933416366577,33.17815376052509,0.9580928822382552,0.0004807869528258,32.53200948809948,0.9603581239186528,0.0005579137962436,0.0338503646148481
423,0.5,False,1.0,1.0,0.5,0.1,0.01,anisotropic,0.0125,0.001,3,100000,79.23642873764038,31.21262865823087,0.9316005307826744,0.0007536722338006,30.355420678476307,0.9484302863224232,0.0009181281720948,0.0395047957151175
424,0.5,False,1.0,1.0,0.5,0.1,0.01,anisotropic,0.0125,0.01,6,100000,79.41559290885925,37.86997524073715,0.9714470395241586,0.0001626726581122,34.601327138841775,0.955082795624632,0.0003452863209127,0.0316948515163168
425,0.5,False,1.0,1.0,0.5,0.1,0.01,anisotropic,0.0125,0.001,3,100000,79.02826070785522,29.23958086598609,0.9272097587125212,0.0011655924779887,28.309148683255486,0.9167974828908488,0.001444075681256,0.0340289470375446
426,0.5,False,1.0,1.0,0.5,0.1,0.01,anisotropic,0.0125,0.001,3,100000,79.72492218017578,27.66688845605455,0.8917147911959521,0.0016475228005995,24.8350384766394,0.8610108852316112,0.0031623973076357,0.041888654548489
427,0.5,False,1.0,1.0,0.5,0.1,0.01,anisotropic,0.0125,0.01,6,100000,79.83082699775696,35.754222060444945,0.964703447268504,0.0002652118376358,35.25392456374956,0.9683149097382132,0.0002975929608873,0.0311236222011773
428,0.5,False,1.0,1.0,0.5,0.1,0.01,anisotropic,0.0125,0.0021544346900318,4,100000,79.73335814476013,34.15322956784983,0.9302610282748272,0.0003821537835487,31.986002005102087,0.9384394062410192,0.0006294495392608,0.0371476100551497
429,0.5,False,1.0,1.0,0.5,0.1,0.01,anisotropic,0.0125,0.0021544346900318,4,100000,80.15132164955139,26.657944100870317,0.8319150326332276,0.0021007808046789,26.381895252039985,0.8648797558856188,0.0022386470409321,0.0422328645303203
430,0.5,False,1.0,1.0,0.5,0.1,0.01,anisotropic,0.0125,0.01,6,100000,79.20908260345459,34.884609876237946,0.9395093876370464,0.0003221474158837,30.82011668873461,0.8718106595756817,0.000821304061954,0.0291479357164288
431,0.5,False,1.0,1.0,0.5,0.1,0.01,anisotropic,0.0125,0.0046415888336127,5,100000,79.95756793022156,30.066967587529376,0.9220667281398895,0.0009302605501293,29.49765238672012,0.92499894818073,0.0010605621511446,0.0325230365008532
432,0.5,False,1.0,1.0,0.5,0.1,0.01,anisotropic,0.0125,0.01,6,100000,80.06274151802063,29.81082627240212,0.9422281005640384,0.0010423359968964,29.29954074878536,0.9440727674834776,0.0011725632772475,0.0314996033212578
433,0.5,False,1.0,1.0,0.5,0.1,0.01,anisotropic,0.0125,0.0021544346900318,4,100000,79.77646112442017,32.851189900464554,0.9241165962919744,0.0005079289140778,29.92435681730507,0.8717992298205701,0.0009965205160664,0.0366039970429966
434,0.5,False,1.0,1.0,0.5,0.1,0.01,anisotropic,0.0125,0.01,6,100000,78.7721495628357,33.65987238379161,0.9571019768261592,0.0004303972965927,35.94146247739121,0.979022992905958,0.0002545133254349,0.0309437897358789
435,0.5,False,1.0,1.0,0.5,0.1,0.01,anisotropic,0.0125,0.0021544346900318,4,100000,78.77913165092468,28.007991979184222,0.8278038837196858,0.0015712802453333,29.58671785533866,0.9027393254800776,0.0010923984187539,0.0446299843704966
436,0.5,False,1.0,1.0,0.5,0.1,0.01,anisotropic,0.0125,0.001,3,100000,79.62904477119446,29.15079276465712,0.9071734419642572,0.0012061923309699,29.749464180737665,0.929113929209151,0.0010508710336959,0.0435469443308396
437,0.5,False,1.0,1.0,0.5,0.1,0.01,anisotropic,0.0125,0.0004641588833612,2,100000,79.83020305633545,26.48244084434397,0.8919933070288203,0.0022006776966165,26.15912289834715,0.9201953055704316,0.0023707635235987,0.0340785730864838
438,0.5,False,1.0,1.0,0.5,0.1,0.01,anisotropic,0.0125,0.0215443469003188,7,100000,79.43077397346497,35.87556266771193,0.9741272247623314,0.0002582841735427,35.242535220547666,0.9778642595583472,0.0002988137241048,0.026598001996767
439,0.5,False,1.0,1.0,0.5,0.1,0.01,anisotropic,0.0125,0.0046415888336127,5,100000,79.39094042778015,30.971346372500115,0.9434119332709086,0.0007965755278129,30.01324385988633,0.9563682369892365,0.0009932011443208,0.0317426778896129
440,0.5,False,1.0,1.0,0.5,0.1,0.01,anisotropic,0.0125,0.0215443469003188,7,100000,79.81827807426453,36.9237164371325,0.9665111296017652,0.0002027730371935,37.34262547527845,0.9868791724940386,0.0001841277738171,0.0293012966671016
441,0.5,False,1.0,1.0,0.5,0.1,0.01,anisotropic,0.0125,0.0215443469003188,7,100000,79.32585430145264,34.52569547083485,0.950200923802727,0.0003526368599533,35.70075222068959,0.9801803668931188,0.0002690432067315,0.0324231774301968
442,0.5,False,1.0,1.0,0.5,0.1,0.01,anisotropic,0.0125,0.0215443469003188,7,100000,79.41971111297607,34.984081234885984,0.9614308323587072,0.0003167724069845,36.05627566364214,0.9844198510608374,0.0002474730447897,0.0289282293263062
443,0.5,False,1.0,1.0,0.5,0.1,0.01,anisotropic,0.0125,0.0046415888336127,5,100000,79.37819194793701,30.463544054906933,0.8848164341750349,0.000883688320994,30.732983137599767,0.918334344082008,0.0008305297754744,0.0379268786399468
444,0.5,False,1.0,1.0,0.5,0.1,0.01,anisotropic,0.0125,0.0215443469003188,7,100000,79.30476999282837,36.28329879334094,0.968336337737614,0.0002351809698837,36.29851635042519,0.9786513018211782,0.000234358344418,0.0335308153839887
445,0.5,False,1.0,1.0,0.5,0.1,0.01,anisotropic,0.0125,0.0215443469003188,7,100000,79.17216420173645,37.85761469470551,0.9670008302678856,0.0001633904973509,37.44509622856721,0.9757975390745076,0.0001796712715497,0.0317551443595928
446,0.5,False,1.0,1.0,0.5,0.1,0.01,anisotropic,0.0125,0.0215443469003188,7,100000,79.23270034790039,35.51987188653507,0.9691631143227312,0.0002801667341501,35.872977989681665,0.9843492016424582,0.0002582890276523,0.0276988131632021
447,0.5,False,1.0,1.0,0.5,0.1,0.01,anisotropic,0.0125,0.01,6,100000,78.61966133117676,29.632412341967896,0.9262720419093634,0.0010075966690251,28.88365634417479,0.9225123108649944,0.0011971879113638,0.0302814891327646
448,0.5,False,1.0,1.0,0.5,0.1,0.01,anisotropic,0.0125,0.0046415888336127,5,100000,79.87203788757324,28.72174479073689,0.8664276043628744,0.0012006551921271,28.81746360531367,0.9141041091602462,0.0011744821530911,0.0363718499089008
449,0.5,False,1.0,1.0,0.5,0.1,0.01,anisotropic,0.0125,0.0001,0,100000,79.74931740760803,28.486661030161176,0.9005032696864248,0.0012953703110183,28.197672263327792,0.8971260821162909,0.0013844995400069,0.0406539903383
450,0.5,False,1.0,1.0,0.5,0.1,0.01,anisotropic,0.0125,0.0215443469003188,7,100000,79.17983078956604,37.71659992713428,0.9776138371111336,0.0001691061965514,39.78102170343892,0.9891993332102712,0.0001051277438471,0.0266190754825751
451,0.5,False,1.0,1.0,0.5,0.1,0.01,anisotropic,0.0125,0.01,6,100000,80.97419047355652,35.91401455871293,0.9531551042081592,0.0002546026090287,34.069544266270256,0.9544956232291668,0.0003893228366181,0.0332177475754001
452,0.5,False,1.0,1.0,0.5,0.1,0.01,anisotropic,0.0125,0.0021544346900318,4,100000,79.1446328163147,29.575832405577422,0.945317927718382,0.0010990676195983,29.006845750513705,0.9483050090278212,0.0012529192403848,0.0365194032282337
453,0.5,False,1.0,1.0,0.5,0.1,0.01,anisotropic,0.0125,0.0021544346900318,4,100000,79.84366297721863,32.45150889661993,0.9402660139204532,0.000565288514994,31.91474802794968,0.957262028061976,0.0006396556625429,0.0368885113612941
454,0.5,False,1.0,1.0,0.5,0.1,0.01,anisotropic,0.0125,0.0021544346900318,4,100000,83.02915143966675,34.06635539083408,0.9677221423291746,0.0003831634868095,31.421668236854863,0.9429366242478828,0.0007044543124816,0.0326057079275015
455,0.5,False,1.0,1.0,0.5,0.1,0.01,anisotropic,0.0125,0.01,6,100000,79.50686311721802,25.91024200150281,0.907808171243306,0.0025526075666362,25.32260674959456,0.9059718485776972,0.002922453283042,0.0318043712536539
456,0.5,False,1.0,1.0,0.5,0.1,0.01,anisotropic,0.0125,0.0021544346900318,4,100000,79.11245608329773,29.439373300296914,0.8877909359909707,0.0011257251814451,30.662098240518148,0.9295865045923564,0.0008494931611855,0.0361019623996
457,0.5,False,1.0,1.0,0.5,0.1,0.01,anisotropic,0.0125,0.001,3,100000,79.22287821769714,29.78214095233045,0.9052209164693704,0.0009005929726124,29.268624176245304,0.9253258903045216,0.0010136318104958,0.0348987495678382
458,0.5,False,1.0,1.0,0.5,0.1,0.01,anisotropic,0.0125,0.0464158883361277,8,100000,79.22254920005798,39.33929180645237,0.9822144204280894,0.0001162190113926,38.73460514639663,0.9900100422628988,0.0001335813544955,0.0280881658741015
459,0.5,False,1.0,1.0,0.5,0.1,0.01,anisotropic,0.0125,0.0215443469003188,7,100000,78.82003545761108,32.3286499657612,0.9577403579117856,0.0005840317810382,31.647651104098617,0.9620645315718888,0.0006831819235734,0.0291525536760595
460,0.5,False,1.0,1.0,0.5,0.1,0.01,anisotropic,0.0125,0.0021544346900318,4,100000,79.27663445472717,31.38955584746781,0.929655522246056,0.0007204759921928,30.97775954813934,0.943271326242953,0.0007921348922947,0.0396707994776369
461,0.5,False,1.0,1.0,0.5,0.1,0.01,anisotropic,0.0125,0.0002154434690031,1,100000,79.37259793281555,25.630538512672075,0.9191321484832344,0.0027321061855014,24.94602108955214,0.8800717506439775,0.0031985218131921,0.0475210406367682
462,0.5,False,1.0,1.0,0.5,0.1,0.01,anisotropic,0.0125,0.0021544346900318,4,100000,80.93075966835022,31.878501302829232,0.9258109702142396,0.000636795092953,30.30337956100632,0.9417322230135028,0.0009151912986147,0.0417678332925774
463,0.5,False,1.0,1.0,0.5,0.1,0.01,anisotropic,0.0125,0.0004641588833612,2,100000,79.58064031600952,28.128599918210536,0.8468927620477903,0.0015261199358352,26.848307046413005,0.8772388137702068,0.0020493585726765,0.0487246917489429
464,0.5,False,1.0,1.0,0.5,0.1,0.01,anisotropic,0.0125,0.0004641588833612,2,100000,79.04655408859253,26.65485176021636,0.838044945221422,0.0018089528622743,27.464396004865428,0.8737518506725971,0.0015013184635724,0.0411352240757305
465,0.5,False,1.0,1.0,0.5,0.1,0.01,anisotropic,0.0125,0.0002154434690031,1,100000,80.99940705299377,28.78528618560391,0.9383327321800355,0.0012948767097477,28.68605557860476,0.9477228530117728,0.0013248035409127,0.0384674277171361
466,0.5,False,1.0,1.0,0.5,0.1,0.01,anisotropic,0.0125,0.0021544346900318,4,100000,78.77877449989319,27.80064229043889,0.878514650819263,0.0016334901753569,27.98184076781045,0.9171191318417798,0.0015667390894377,0.0343313774293381
467,0.5,False,1.0,1.0,0.5,0.1,0.01,anisotropic,0.0125,0.0464158883361277,8,100000,78.89768815040588,30.419914475173783,0.9622972631345754,0.0009062971413474,30.405390738407565,0.9727206217820078,0.0009093330664772,0.0241697937869339
468,0.5,False,1.0,1.0,0.5,0.1,0.01,anisotropic,0.0125,0.001,3,100000,80.54109835624695,29.62232808871171,0.885293660140429,0.001081787156676,30.1394038110732,0.9358898564707028,0.0009603604110287,0.0404948628630184
469,0.5,False,1.0,1.0,0.5,0.1,0.01,anisotropic,0.0125,0.0001,0,100000,79.36687660217285,25.4827378885862,0.8073928428468307,0.0026275862827644,27.384326635573096,0.7757221956454131,0.0016958916867708,0.0421632675649507
470,0.5,False,1.0,1.0,0.5,0.1,0.01,anisotropic,0.0125,0.0004641588833612,2,100000,78.97288107872009,31.369177378859305,0.9037026766466514,0.0007192029450931,29.382903046540303,0.8985208141330161,0.0011362630663068,0.0370700899810793
471,0.5,False,1.0,1.0,0.5,0.1,0.01,anisotropic,0.0125,0.0002154434690031,1,100000,78.64659214019775,27.972054236157675,0.9041192955956916,0.0015895479973796,28.058436910131626,0.9191460798704634,0.0015582436968828,0.0382029930350056
472,0.5,False,1.0,1.0,0.5,0.1,0.01,anisotropic,0.0125,0.0001,0,100000,79.31375002861023,23.69748606990317,0.8617440501029577,0.0039695441117983,24.576639565573963,0.9128016140976624,0.0032420916141618,0.0369713090277572
473,0.5,False,1.0,1.0,0.5,0.1,0.01,anisotropic,0.0125,0.0021544346900318,4,100000,78.87872123718262,30.091960334767368,0.9166394467982334,0.0009701586930972,29.745826395459545,0.9327818102281866,0.0010506454243143,0.0410290072634773
474,0.5,False,1.0,1.0,0.5,0.1,0.01,anisotropic,0.0125,0.0046415888336127,5,100000,78.96598696708679,32.0047133850227,0.9441210150265104,0.0006289805862815,32.778977044649515,0.9574342180791872,0.0005262727401432,0.0303326141499025
475,0.5,False,1.0,1.0,0.5,0.1,0.01,anisotropic,0.0125,0.0004641588833612,2,100000,79.28111720085144,31.34622988996385,0.9468661066646809,0.0006889316185957,29.06555058148661,0.9306798969106204,0.0011647803838671,0.0393437544924662
476,0.5,False,1.0,1.0,0.5,0.1,0.01,anisotropic,0.0125,0.0021544346900318,4,100000,78.37320613861084,32.04200140503286,0.9218041715524294,0.0006169101027583,31.911530913134293,0.9329225724167872,0.0006357244747724,0.0375386325239677
477,0.5,False,1.0,1.0,0.5,0.1,0.01,anisotropic,0.0125,0.0046415888336127,5,100000,79.53215384483337,31.610188718875637,0.9060348896587596,0.000621027259861,31.862632359446188,0.949089937311018,0.0005859577460888,0.0365362938752362
478,0.5,False,1.0,1.0,0.5,0.1,0.01,anisotropic,0.0125,0.0004641588833612,2,100000,78.43260884284973,28.241705915802584,0.9263560089486702,0.0014978812482963,27.708837529034756,0.9125971092724224,0.0016934181984176,0.0403738505729142
479,0.5,False,1.0,1.0,0.5,0.1,0.01,anisotropic,0.0125,0.01,6,100000,78.75267267227173,31.322605976224374,0.944548562058486,0.000736250506487,31.94328251097368,0.9632391774006944,0.0006382016946791,0.0319375901597241
480,0.5,False,1.0,1.0,0.5,0.1,0.01,anisotropic,0.0125,0.0215443469003188,7,100000,80.33158421516418,35.76526607374318,0.953711782728844,0.0002646800715165,36.558517419443895,0.9802878138359126,0.0002204936611783,0.0287095999457328
481,0.5,False,1.0,1.0,0.5,0.1,0.01,anisotropic,0.0125,0.0021544346900318,4,100000,79.77592658996582,27.97637351266533,0.90495000302975,0.0015775995151883,29.158990794661584,0.9324009294353,0.0012015311540229,0.0340011507363864
482,0.5,False,1.0,1.0,0.5,0.1,0.01,anisotropic,0.0125,0.0215443469003188,7,100000,79.7610239982605,34.7543813398294,0.9673176866420417,0.0003341421174051,34.579390024231174,0.9830800525110756,0.0003478807133071,0.028930373881267
483,0.5,False,1.0,1.0,0.5,0.1,0.01,anisotropic,0.0125,0.0021544346900318,4,100000,78.86661505699158,30.95445104287048,0.9189891316581332,0.0007929813698022,29.7233028563668,0.938795743407328,0.0010528773979894,0.0347454744298083
484,0.5,False,1.0,1.0,0.5,0.1,0.01,anisotropic,0.0125,0.0021544346900318,4,100000,80.55850768089294,26.60057591976031,0.9187715129030062,0.0021816701802783,25.83801092857818,0.9164437599388569,0.0026004325571467,0.0368389417397213
485,0.5,False,1.0,1.0,0.5,0.1,0.01,anisotropic,0.0125,0.01,6,100000,78.6906099319458,29.46532316540725,0.8786753271426015,0.0011135897531533,28.794634765213345,0.8836186679162176,0.0012995532092971,0.035758176185338
486,0.5,False,1.0,1.0,0.5,0.1,0.01,anisotropic,0.0125,0.0004641588833612,2,100000,79.96300745010376,27.48974202164701,0.9320414046746616,0.0017395452824486,26.03309724417106,0.9017539505603608,0.0024327653202126,0.0368503395578554
487,0.5,False,1.0,1.0,0.5,0.1,0.01,anisotropic,0.0125,0.001,3,100000,80.58796572685242,30.07371935888577,0.9136204114589738,0.0009702635762559,28.265110988098584,0.8818860587332951,0.0014714671305523,0.0313648376382622
488,0.5,False,1.0,1.0,0.5,0.1,0.01,anisotropic,0.0125,0.01,6,100000,78.39557099342346,26.660250913783585,0.918918427695094,0.002152159547843,25.710565184934005,0.9120661218796116,0.0026782001929163,0.0324064301143393
489,0.5,False,1.0,1.0,0.5,0.1,0.01,anisotropic,0.0125,0.0021544346900318,4,100000,79.02090191841125,26.49889793947177,0.8793802763093965,0.0021972981449279,24.97961139388804,0.872929252978699,0.0031175802650697,0.0392078502054283
490,0.5,False,1.0,1.0,0.5,0.1,0.01,anisotropic,0.0125,0.0046415888336127,5,100000,80.4643943309784,29.78906464916555,0.9125275779516984,0.0009489162197094,29.6918048410734,0.9245300397989832,0.0009704068440615,0.0331591140562375
491,0.5,False,1.0,1.0,0.5,0.1,0.01,anisotropic,0.0125,0.01,6,100000,79.67040491104126,30.914200111097827,0.9585718681539526,0.0008076849343761,30.921721789735734,0.9655762745572676,0.0008062872908554,0.0309234555261917
492,0.5,False,1.0,1.0,0.5,0.1,0.01,anisotropic,0.0125,0.01,6,100000,78.75183939933777,32.90549052530854,0.936850303930267,0.0005116428002926,31.57249361573989,0.9436856452490212,0.0006954510356169,0.032663868595084
493,0.5,False,1.0,1.0,0.5,0.1,0.01,anisotropic,0.0125,0.0464158883361277,8,100000,81.29958748817444,36.3658207334181,0.9626411230611184,0.0002307378488375,36.9824883080151,0.9830316216069228,0.0002001944724,0.0305254552901505
494,0.5,False,1.0,1.0,0.5,0.1,0.01,anisotropic,0.0125,0.01,6,100000,78.87058877944946,34.452769557439666,0.9661063577816434,0.0003582068807683,33.73477821543438,0.9697568528174642,0.0004226034694131,0.0311091635382353
495,0.5,False,1.0,1.0,0.5,0.1,0.01,anisotropic,0.0125,0.01,6,100000,79.56998705863953,40.262740635314415,0.972755885703666,9.39069024111788e-05,34.118016641166804,0.9402842305427204,0.0003865181700008,0.0276689003981736
496,0.5,False,1.0,1.0,0.5,0.1,0.01,anisotropic,0.0125,0.0021544346900318,4,100000,79.04268884658813,28.33685241256337,0.8674530162860487,0.0012699830269768,25.619427070316902,0.8082324098373681,0.0023743265615212,0.0366585234078137
497,0.5,False,1.0,1.0,0.5,0.1,0.01,anisotropic,0.0125,0.0021544346900318,4,100000,78.94478416442871,32.019611693277035,0.9375962438043592,0.0006074799451016,31.033647151087635,0.952646990228392,0.0007623043521385,0.0314974196349158
498,0.5,False,1.0,1.0,0.5,0.1,0.01,anisotropic,0.0125,0.01,6,100000,78.58846187591553,33.22053486992274,0.9370176394895148,0.0004754618165959,34.116235755205814,0.9759924328231468,0.0003868526327384,0.035365577980849
499,0.5,False,1.0,1.0,0.5,0.1,0.01,anisotropic,0.0125,0.0001,0,100000,78.82382392883301,26.582544623654705,0.8882052483542467,0.0021726388800371,28.35564163722153,0.9323014459115112,0.0014443679590498,0.0432781829823632
500,0.5,False,1.0,1.0,0.5,0.1,0.01,anisotropic,0.0125,0.0002154434690031,1,100000,83.75200724601746,26.83501028542064,0.8480763734029673,0.0020102860256088,28.74041561912497,0.8741407594398726,0.0012963352194863,0.0414657130683994
501,0.5,False,1.0,1.0,0.5,0.1,0.01,anisotropic,0.0125,0.01,6,100000,83.41669845581055,31.527524049353215,0.9534991607894344,0.000702894719507,31.014706938639268,0.9567439877255556,0.0007909918190486,0.0283350764520227
502,0.5,False,1.0,1.0,0.5,0.1,0.01,anisotropic,0.0125,0.001,3,100000,82.958327293396,32.59873810742482,0.9256670084889536,0.0005092560919162,29.64087478140464,0.9202855523509929,0.0010062886296618,0.0327433782029791
503,0.5,False,1.0,1.0,0.5,0.1,0.01,anisotropic,0.0125,0.0215443469003188,7,100000,84.03372645378113,31.45467066799012,0.9657843795144628,0.0007142633989609,31.15578867003518,0.961621656953198,0.0007651500234799,0.0271026926626819
504,0.5,False,1.0,1.0,0.5,0.1,0.01,anisotropic,0.0125,0.0021544346900318,4,100000,83.00202322006226,31.29748139555137,0.9222493750108838,0.0007326348648964,31.857078775350654,0.9676130770362922,0.0006440622489949,0.0319325030564128
505,0.5,False,1.0,1.0,0.5,0.1,0.01,anisotropic,0.0125,0.01,6,100000,83.77283906936646,33.76575015600458,0.970314071704242,0.0004193854707996,33.44030366858943,0.9722320512028664,0.0004520203939138,0.0306092809302185
506,0.5,False,1.0,1.0,0.5,0.1,0.01,anisotropic,0.0125,0.0021544346900318,4,100000,82.87387180328369,26.914923827291823,0.9153368549501936,0.0020196333218422,26.261016529366223,0.9136355931068734,0.0023478116715844,0.033893116488816
507,0.5,False,1.0,1.0,0.5,0.1,0.01,anisotropic,0.0125,0.0004641588833612,2,100000,83.02739715576172,29.82099501150097,0.8879859512929807,0.0010018785988658,29.96448219897595,0.8965262826723436,0.0009693182308606,0.0340433919563116
508,0.5,False,1.0,1.0,0.5,0.1,0.01,anisotropic,0.0125,0.0001,0,100000,83.73408365249634,27.66708339557336,0.8985823167990158,0.0016803534865908,29.356665846145084,0.8982226646562333,0.0011387867525744,0.0383639771986418
509,0.5,False,1.0,1.0,0.5,0.1,0.01,anisotropic,0.0125,0.0215443469003188,7,100000,83.1769027709961,32.72735902029844,0.9232901713562144,0.0005286659036612,35.139150719145206,0.9684638127697686,0.0003033906074974,0.033592645054093
510,0.5,False,1.0,1.0,0.5,0.1,0.01,anisotropic,0.0125,0.001,3,100000,83.00402116775513,29.156439118689534,0.8645834917242311,0.001093345614746,28.058925742483936,0.9151074115910296,0.0014076957681135,0.0384930597921965
511,0.5,False,1.0,1.0,0.5,0.1,0.01,anisotropic,0.0125,0.001,3,100000,83.45871567726135,28.93794080207148,0.9012522842408134,0.0012710006141728,29.13910245011921,0.926623072358296,0.0012134715413744,0.0425819704723198
512,0.5,False,1.0,1.0,0.5,0.1,0.01,anisotropic,0.0125,0.0001,0,100000,83.42211627960205,27.0806502020672,0.8826586310554804,0.0016676411896119,26.98819987332034,0.909322153483766,0.0017035216063383,0.0384950846064562
513,0.5,False,1.0,1.0,0.5,0.1,0.01,anisotropic,0.0125,0.0021544346900318,4,100000,83.45917797088623,28.956583677550142,0.8938946837938541,0.0012651764772911,28.01788141237997,0.8700759804813389,0.0015704399522115,0.0381212579734421
514,0.5,False,1.0,1.0,0.5,0.1,0.01,anisotropic,0.0125,0.0215443469003188,7,100000,83.17972254753113,36.3429859449148,0.9501523786889464,0.0002317017893755,36.61342402856287,0.9680081220089436,0.0002177136101545,0.0328850325337835
515,0.5,False,1.0,1.0,0.5,0.1,0.01,anisotropic,0.0125,0.0001,0,100000,83.99620008468628,25.72274273279676,0.834975117194494,0.0025916459886001,27.090293932370276,0.8758314667592101,0.0018915619003405,0.03995365611232
516,0.5,False,1.0,1.0,0.5,0.1,0.01,anisotropic,0.0125,0.0004641588833612,2,100000,83.38736748695374,28.969037165420897,0.8926867201254617,0.0012158744782683,26.180572753291116,0.8560084132450659,0.0023106554107293,0.0403903824289633
517,0.5,False,1.0,1.0,0.5,0.1,0.01,anisotropic,0.0125,0.001,3,100000,83.58942914009094,31.33423925297309,0.9248961041773076,0.0006833295950795,30.992381479891343,0.931306847678546,0.0007392920019211,0.0348091431371929
518,0.5,False,1.0,1.0,0.5,0.1,0.01,anisotropic,0.0125,0.0001,0,100000,83.74367499351501,26.10720629541124,0.8903028461176217,0.0023624420346829,25.66282494793428,0.8875876019152181,0.0026169733265814,0.0402071117097137
519,0.5,False,1.0,1.0,0.5,0.1,0.01,anisotropic,0.0125,0.0021544346900318,4,100000,83.87130045890808,30.554621629045094,0.9305801372367828,0.0007356440238973,29.38724831203748,0.93952978789429,0.0009625095404928,0.0348144794811821
520,0.5,False,1.0,1.0,0.5,0.1,0.01,anisotropic,0.0125,0.0021544346900318,4,100000,84.68814635276794,31.622971061909357,0.9172405939042017,0.0006819486620234,32.23559412878708,0.9402700654180532,0.000592228597777,0.0346971518919418
521,0.5,False,1.0,1.0,0.5,0.1,0.01,anisotropic,0.0125,0.0215443469003188,7,100000,87.45148348808289,35.534001270420234,0.9777473947302784,0.0002794836256449,33.913262614743715,0.9657593373331474,0.0004059104518158,0.0347348452457091
522,0.5,False,1.0,1.0,0.5,0.1,0.01,anisotropic,0.0125,0.001,3,100000,83.36638808250427,29.50464238677614,0.9318295742867396,0.0011192292683389,28.7656539658057,0.927329792200438,0.0013268379991188,0.0381955237835579
523,0.5,False,1.0,1.0,0.5,0.1,0.01,anisotropic,0.0125,0.001,3,100000,82.58800268173218,28.84252019287604,0.8932691381255873,0.0007858054927382,28.46721035565586,0.9006843324335485,0.0008567340817192,0.040890288494314
524,0.5,False,1.0,1.0,0.5,0.1,0.01,anisotropic,0.0125,0.0215443469003188,7,100000,83.54268860816956,35.961514075301096,0.9657193902653854,0.0002533364166542,34.91692700506663,0.9623023260528132,0.0003222228468599,0.0389049557635123
525,0.5,False,1.0,1.0,0.5,0.1,0.01,anisotropic,0.0125,0.0021544346900318,4,100000,83.40973401069641,30.37477549415705,0.9203491536318786,0.0008704239758042,31.28744206012533,0.9488561954462454,0.0007054466712904,0.0347269400600811
526,0.5,False,1.0,1.0,0.5,0.1,0.01,anisotropic,0.0125,0.0046415888336127,5,100000,83.65526247024536,30.668394199311845,0.9395725036064398,0.0008522365821558,29.952894646456883,0.941627737559552,0.0010048705711911,0.0339783833047448
527,0.5,False,1.0,1.0,0.5,0.1,0.01,anisotropic,0.0125,0.0021544346900318,4,100000,83.44759750366211,29.62118287198009,0.9033409464610034,0.001079441506052,30.97484587614069,0.9560012727516554,0.0007903743048869,0.0373343568001375
528,0.5,False,1.0,1.0,0.5,0.1,0.01,anisotropic,0.0125,0.001,3,100000,83.85411024093628,30.222918605792582,0.92471385224128,0.0009325170489697,29.748161664616063,0.9384971246134856,0.0010402374256589,0.0423188628268415
529,0.5,False,1.0,1.0,0.5,0.1,0.01,anisotropic,0.0125,0.0464158883361277,8,100000,82.95196771621704,37.20795034506843,0.9808333401787086,0.0001900511987563,36.51250311320994,0.9886949508179134,0.0002230567327162,0.0305922537257072
530,0.5,False,1.0,1.0,0.5,0.1,0.01,anisotropic,0.0125,0.0004641588833612,2,100000,83.67095685005188,29.70847327322444,0.8882265360699885,0.0010504178614091,28.245696594549223,0.8725803950813226,0.0014710917698739,0.042885464360106
531,0.5,False,1.0,1.0,0.5,0.1,0.01,anisotropic,0.0125,0.0215443469003188,7,100000,82.73000597953796,37.04124726187327,0.9793401579749634,0.0001974605571008,36.845118509954325,0.9885976384385816,0.0002065823593602,0.0293250360426364
532,0.5,False,1.0,1.0,0.5,0.1,0.01,anisotropic,0.0125,0.001,3,100000,84.92701697349548,31.35528429250519,0.9219747572168178,0.0007285308301229,30.982455571398543,0.9293048063648702,0.0007938360313528,0.0421895684887266
533,0.5,False,1.0,1.0,0.5,0.1,0.01,anisotropic,0.0125,0.0021544346900318,4,100000,82.90992736816406,31.32070680275088,0.9482512688196868,0.0007306521994602,30.707545797233927,0.9588746206676076,0.0008414470584025,0.0350186896102942
534,0.5,False,1.0,1.0,0.5,0.1,0.01,anisotropic,0.0125,0.01,6,100000,83.38836622238159,32.01287470316585,0.944339985530222,0.0006267652098549,33.139408277302266,0.966689637206337,0.0004835612866445,0.0349409428174253
535,0.5,False,1.0,1.0,0.5,0.1,0.01,anisotropic,0.0125,0.0464158883361277,8,100000,83.34853029251099,32.141840670680054,0.9325004389302288,0.000508518639437,31.89358386868186,0.9407928462547268,0.0005384340997633,0.0270786763253321
536,0.5,False,1.0,1.0,0.5,0.1,0.01,anisotropic,0.0125,0.01,6,100000,83.29628872871399,32.05227096372972,0.936528603083343,0.0006220553666758,32.27155790026644,0.9617823554549024,0.0005914259110978,0.0336105448083806
537,0.5,False,1.0,1.0,0.5,0.1,0.01,anisotropic,0.0125,0.0215443469003188,7,100000,82.64885807037354,36.83326045440349,0.9658194837758812,0.0002072299345483,36.11536629416778,0.9812151908767331,0.0002444791944155,0.0316928287089074
538,0.5,False,1.0,1.0,0.5,0.1,0.01,anisotropic,0.0125,0.01,6,100000,83.32334899902344,35.87311183739634,0.9503416065991028,0.0002569653970618,32.2667916155413,0.9184576135879956,0.0005895310276225,0.0301278581665004
539,0.5,False,1.0,1.0,0.5,0.1,0.01,anisotropic,0.0125,0.0046415888336127,5,100000,83.68126153945923,33.50225241040653,0.942462869984655,0.0004444835546819,33.35405556338542,0.962630906593448,0.0004599126784498,0.0375740738958255
540,0.5,False,1.0,1.0,0.5,0.1,0.01,anisotropic,0.0125,0.0021544346900318,4,100000,83.25430583953857,26.4052933520274,0.8788766247849059,0.0022176770743846,24.57959139916313,0.8657163790624834,0.0033765135912277,0.036532784540078
541,0.5,False,1.0,1.0,0.5,0.1,0.01,anisotropic,0.0125,0.0215443469003188,7,100000,83.61938643455505,33.82411441512683,0.9344501285189576,0.0004122972699208,34.84097867399485,0.9744433298338904,0.000326230102966,0.0319290967298344
542,0.5,False,1.0,1.0,0.5,0.1,0.01,anisotropic,0.0125,0.0004641588833612,2,100000,83.68973207473755,25.827777312333392,0.8186126431474124,0.0025946509788959,25.14738877652801,0.8421669560733465,0.0030347142242719,0.0436838055092139
543,0.5,False,1.0,1.0,0.5,0.1,0.01,anisotropic,0.0125,0.01,6,100000,83.33171963691711,30.22641597056287,0.9157553592179116,0.0009377384800925,31.533339700468165,0.9674073556561346,0.0006940477723973,0.0323944169913783
544,0.5,False,1.0,1.0,0.5,0.1,0.01,anisotropic,0.0125,0.0215443469003188,7,100000,83.4171245098114,33.19874750464815,0.9427501705281712,0.0004783314500723,33.67381228510808,0.9742425487823134,0.000428768091804,0.0332455322341783
545,0.5,False,1.0,1.0,0.5,0.1,0.01,anisotropic,0.0125,0.0021544346900318,4,100000,83.33083963394165,25.68625887550972,0.8435443864661577,0.0026741293710122,24.415300566274677,0.8213318220677661,0.00358325936819,0.0446714701914877
546,0.5,False,1.0,1.0,0.5,0.1,0.01,anisotropic,0.0125,0.0046415888336127,5,100000,83.36321997642517,30.56359553987823,0.9113308390820808,0.0008674462301775,31.7451885350166,0.9690680137984312,0.0006608201306071,0.0371396092953324
547,0.5,False,1.0,1.0,0.5,0.1,0.01,anisotropic,0.0125,0.0021544346900318,4,100000,83.37675261497498,27.11020812283475,0.8563085991613326,0.0018609784346295,26.610185759717822,0.8861075350004723,0.0020880628987426,0.0339229457779264
548,0.5,False,1.0,1.0,0.5,0.1,0.01,anisotropic,0.0125,0.0001,0,100000,83.68785786628723,27.880173934831028,0.90653956830204,0.0015895063440038,32.51580724598639,0.9216006567709863,0.0005466368869922,0.0325740699033944
549,0.5,False,1.0,1.0,0.5,0.1,0.01,anisotropic,0.0125,0.0215443469003188,7,100000,82.54364132881165,29.157110936491843,0.89882941488644,0.001195310139914,29.30175624048871,0.9279409801028504,0.0011561550307971,0.0330900253623645
550,0.5,False,1.0,1.0,0.5,0.1,0.01,anisotropic,0.0125,0.0002154434690031,1,100000,79.00250911712646,27.661026845368504,0.8704036677083458,0.0016700108446472,28.554368241136544,0.9046038774280776,0.0013595185940534,0.0374439789832324
551,0.5,False,1.0,1.0,0.5,0.1,0.01,anisotropic,0.0125,0.0021544346900318,4,100000,78.79689145088196,28.464607039548063,0.8741648496708533,0.0011514915209368,27.833140332888405,0.8998845600069629,0.0013317031132244,0.0312215004926471
552,0.5,False,1.0,1.0,0.5,0.1,0.01,anisotropic,0.0125,0.0464158883361277,8,100000,78.32325839996338,35.57000754295881,0.9792039348957116,0.0002772778680855,34.467708891213576,0.98515084176178,0.0003573922012225,0.0271271188125747
553,0.5,False,1.0,1.0,0.5,0.1,0.01,anisotropic,0.0125,0.01,6,100000,78.70249843597412,31.04173302480249,0.9055255253877889,0.000634965944543,29.66886879845993,0.8811251135397983,0.0008710375062323,0.0299600592939464
554,0.5,False,1.0,1.0,0.5,0.1,0.01,anisotropic,0.0125,0.0002154434690031,1,100000,78.86372709274292,27.04245207783805,0.8975515096371953,0.0018165712790681,26.291738334860604,0.8781473219218178,0.002159353862172,0.0392119888488756
555,0.5,False,1.0,1.0,0.5,0.1,0.01,anisotropic,0.0125,0.01,6,100000,78.5236759185791,29.82060797506828,0.9336862386148704,0.0010407331752806,30.109343641084795,0.9575258608984212,0.000973791169817,0.0312277382817144
556,0.5,False,1.0,1.0,0.5,0.1,0.01,anisotropic,0.0125,0.001,3,100000,78.79167771339417,31.217490909225425,0.951740664427349,0.0007519630586683,29.56467903867652,0.950253726481074,0.001100215332115,0.0365015806744918
557,0.5,False,1.0,1.0,0.5,0.1,0.01,anisotropic,0.0125,0.01,6,100000,78.64554905891418,28.62393006286637,0.8736766635274411,0.001341446522734,28.554710265640217,0.8962646086801557,0.0013629983929067,0.0330092004336935
558,0.5,False,1.0,1.0,0.5,0.1,0.01,anisotropic,0.0125,0.0464158883361277,8,100000,78.99451541900635,38.048496318706746,0.9750480050016476,0.0001565749729041,38.571692768897215,0.987767066615147,0.0001388042296604,0.0250893989380646
559,0.5,False,1.0,1.0,0.5,0.1,0.01,anisotropic,0.0125,0.0464158883361277,8,100000,78.3049144744873,36.55751204533924,0.9809909810102162,0.0002207670222411,36.237358752589245,0.988248276603298,0.0002376564081599,0.0274825197848017
560,0.5,False,1.0,1.0,0.5,0.1,0.01,anisotropic,0.0125,0.0215443469003188,7,100000,78.7439751625061,34.665004690979615,0.9808175183710912,0.0003412307532975,33.961464459648866,0.9843274651133144,0.0004012381210771,0.0278308105933601
561,0.5,False,1.0,1.0,0.5,0.1,0.01,anisotropic,0.0125,0.001,3,100000,79.0229880809784,29.20563838434358,0.8819495404407551,0.0011828067943811,29.699378580191464,0.8820955176185413,0.001055698224112,0.0411979859931152
562,0.5,False,1.0,1.0,0.5,0.1,0.01,anisotropic,0.0125,0.0046415888336127,5,100000,80.1363673210144,29.167483184867784,0.9064361344778118,0.0011637158556547,28.315881435517504,0.9193968946136902,0.0014158170126544,0.0314857877356175
563,0.5,False,1.0,1.0,0.5,0.1,0.01,anisotropic,0.0125,0.0046415888336127,5,100000,79.2358808517456,31.81153219540448,0.9497653847560844,0.0006583196193105,31.00073041652824,0.946454089900779,0.0007934452710168,0.0378167721795009
564,0.5,False,1.0,1.0,0.5,0.1,0.01,anisotropic,0.0125,0.0046415888336127,5,100000,78.85654592514038,36.54141049307134,0.9672648651164464,0.000221550978127,32.50587669964675,0.9364052278171164,0.0005610829233536,0.0300793618916892
565,0.5,False,1.0,1.0,0.5,0.1,0.01,anisotropic,0.0125,0.001,3,100000,78.77246356010437,27.8385521086206,0.931936910622666,0.0015869784271481,25.186286395626126,0.8893822569421455,0.0029227898765419,0.0347899556954428
566,0.5,False,1.0,1.0,0.5,0.1,0.01,anisotropic,0.0125,0.01,6,100000,78.0154082775116,29.154907395513344,0.9015353541984652,0.0008515780810461,29.50275728223245,0.9299099634953156,0.0007860306587853,0.0304016439674833
567,0.5,False,1.0,1.0,0.5,0.1,0.01,anisotropic,0.0125,0.0215443469003188,7,100000,79.16112041473389,37.36121583993079,0.982457185229594,0.0001835536520573,36.58546667786469,0.9863421962717132,0.0002194511929458,0.0267477703183418
568,0.5,False,1.0,1.0,0.5,0.1,0.01,anisotropic,0.0125,0.01,6,100000,78.59199666976929,25.88697140354392,0.8338123184829336,0.0024988215691108,25.51907905747789,0.8531045540269333,0.0027197217888768,0.0358543085412078
569,0.5,False,1.0,1.0,0.5,0.1,0.01,anisotropic,0.0125,0.0215443469003188,7,100000,77.77837133407593,35.96689993351489,0.957756194504517,0.0002530730556353,36.115887611452514,0.9764216146563212,0.0002445384420785,0.0376510629589535
570,0.5,False,1.0,1.0,0.5,0.1,0.01,anisotropic,0.0125,0.0021544346900318,4,100000,78.66972970962524,28.371733782411983,0.8879626221371595,0.0014222574717019,27.64098430572115,0.9114144138581908,0.0016828800872201,0.0355360243243747
571,0.5,False,1.0,1.0,0.5,0.1,0.01,anisotropic,0.0125,0.0046415888336127,5,100000,78.44522166252136,35.88118587152594,0.928995933658612,0.0002573341594778,31.927701436222087,0.9072194505012876,0.0006395078552506,0.0340829434351854
572,0.5,False,1.0,1.0,0.5,0.1,0.01,anisotropic,0.0125,0.0046415888336127,5,100000,78.37486863136292,28.98002099832288,0.8900799407205435,0.0010920036401389,28.617696018941075,0.8982300220528183,0.0011870160302875,0.0335978681707231
573,0.5,False,1.0,1.0,0.5,0.1,0.01,anisotropic,0.0125,0.0464158883361277,8,100000,78.21017384529114,33.7661471041362,0.9459305171190372,0.0004188445309334,33.90486571603347,0.981186321935178,0.000405677562236,0.0303966714413763
574,0.5,False,1.0,1.0,0.5,0.1,0.01,anisotropic,0.0125,0.0002154434690031,1,100000,78.47022986412048,30.638840976365923,0.9358775931195094,0.0008479739364188,30.83517031264965,0.917783474276052,0.000810493563427,0.0358603255991722
575,0.5,False,1.0,1.0,0.5,0.1,0.01,anisotropic,0.0125,0.0215443469003188,7,100000,78.58864307403564,34.73209497066879,0.9579298974124474,0.0003362438846212,34.78571735888023,0.9740368927777692,0.0003321178024297,0.0354949129430193
576,0.5,False,1.0,1.0,0.5,0.1,0.01,anisotropic,0.0125,0.0001,0,100000,78.43720626831055,27.191628215611946,0.8733574599872187,0.0019068915221552,28.098842693951116,0.9233672390304072,0.0015474069392382,0.0347739569811242
577,0.5,False,1.0,1.0,0.5,0.1,0.01,anisotropic,0.0125,0.0021544346900318,4,100000,78.85277652740479,30.69074831625401,0.9200891490695964,0.0008164744842559,30.604177156719597,0.9350300184452048,0.0008329131773966,0.0366254159457171
578,0.5,False,1.0,1.0,0.5,0.1,0.01,anisotropic,0.0125,0.0001,0,100000,79.06833291053772,24.509017385732,0.8739180701950043,0.0035206180172779,25.60306872644141,0.8865444137810949,0.0027366154413551,0.0414770790203727
579,0.5,False,1.0,1.0,0.5,0.1,0.01,anisotropic,0.0125,0.0021544346900318,4,100000,78.58815550804138,28.59305406708976,0.9327464030805306,0.0013727636421,26.36029750905669,0.8857795703219935,0.0022954689579123,0.037408968124509
580,0.5,False,1.0,1.0,0.5,0.1,0.01,anisotropic,0.0125,0.0046415888336127,5,100000,78.27597904205322,34.54252113033439,0.960190470239395,0.0003508851799821,34.16487596643164,0.9743329842016244,0.0003827626406569,0.0318890718773104
581,0.5,False,1.0,1.0,0.5,0.1,0.01,anisotropic,0.0125,0.0464158883361277,8,100000,78.75219631195068,35.92284511306911,0.969897072061886,0.0002556233177562,36.53517440941792,0.985996305385016,0.0002220074444554,0.029362671562741
582,0.5,False,1.0,1.0,0.5,0.1,0.01,anisotropic,0.0125,0.0021544346900318,4,100000,78.39839172363281,27.65411092327509,0.9075070400015656,0.0016976407268108,27.293353509918852,0.9238724088837518,0.0018446820714099,0.0382406365832034
583,0.5,False,1.0,1.0,0.5,0.1,0.01,anisotropic,0.0125,0.0215443469003188,7,100000,78.90453577041626,36.634034890877366,0.9759208857393272,0.0002169166705808,36.39952730288497,0.9815372505294692,0.0002289516030628,0.0310606690759754
584,0.5,False,1.0,1.0,0.5,0.1,0.01,anisotropic,0.0125,0.0021544346900318,4,100000,78.42153191566467,27.56128877250334,0.9315956211056654,0.0017392166935563,25.52519760105016,0.9129715239573928,0.0027794752577648,0.035407256130603
585,0.5,False,1.0,1.0,0.5,0.1,0.01,anisotropic,0.0125,0.0004641588833612,2,100000,79.08359909057617,30.52893303409456,0.9164905842371396,0.000839797552747,30.01540373676899,0.9183474415575252,0.0009452083171601,0.038774176078638
586,0.5,False,1.0,1.0,0.5,0.1,0.01,anisotropic,0.0125,0.01,6,100000,78.36709475517273,30.651448590856944,0.9002356214115967,0.0008582513824651,30.640537771281103,0.9266228294291023,0.000860410285962,0.0383182441472478
587,0.5,False,1.0,1.0,0.5,0.1,0.01,anisotropic,0.0125,0.0215443469003188,7,100000,78.25363349914551,35.18625886657177,0.9722084850659108,0.0003026081150595,35.08716178008203,0.98262396626342,0.0003095923915087,0.0296947834147413
588,0.5,False,1.0,1.0,0.5,0.1,0.01,anisotropic,0.0125,0.01,6,100000,78.6516969203949,32.27751378938645,0.963214920075834,0.0005903117645453,32.31838970294339,0.9687982197407478,0.0005847817992395,0.0296652675950583
589,0.5,False,1.0,1.0,0.5,0.1,0.01,anisotropic,0.0125,0.0046415888336127,5,100000,78.54435920715332,30.922535949278743,0.9336326859466284,0.0007711426823068,30.622269567657423,0.9401921423969029,0.0008263449548489,0.0308516456487798
590,0.5,False,1.0,1.0,0.5,0.1,0.01,anisotropic,0.0125,0.0046415888336127,5,100000,78.27570462226868,29.792085844856757,0.9117061977309904,0.0010146518056061,29.680364076194167,0.9279738952379456,0.0010410922400705,0.0326610587670827
591,0.5,False,1.0,1.0,0.5,0.1,0.01,anisotropic,0.0125,0.0215443469003188,7,100000,78.51605725288391,29.628824237501583,0.9266629576567168,0.0010481174704269,28.74463226049642,0.8956553327447155,0.0012847811547799,0.0307929620739689
592,0.5,False,1.0,1.0,0.5,0.1,0.01,anisotropic,0.0125,0.0001,0,100000,78.57318592071533,26.4172174662199,0.8647984765395536,0.0021635721087743,27.324854769381595,0.8515568268823377,0.0017555275278178,0.0378746150881093
593,0.5,False,1.0,1.0,0.5,0.1,0.01,anisotropic,0.0125,0.0002154434690031,1,100000,78.32606029510498,23.63145719477589,0.8510912405994474,0.0043278959966282,24.44040377821897,0.8944933778649105,0.0035923790695904,0.0492292444272675
594,0.5,False,1.0,1.0,0.5,0.1,0.01,anisotropic,0.0125,0.001,3,100000,78.76519894599915,32.64253722177446,0.8856587945640318,0.0005392366839338,32.69813894358017,0.937221160554177,0.000532376966312,0.0415956569493491
595,0.5,False,1.0,1.0,0.5,0.1,0.01,anisotropic,0.0125,0.01,6,100000,78.60738348960876,31.200165758357876,0.9332675573065092,0.0007399129120205,31.110678283948094,0.9419858003924086,0.0007553171635968,0.0315085479460696
596,0.5,False,1.0,1.0,0.5,0.1,0.01,anisotropic,0.0125,0.001,3,100000,79.19402432441711,30.319011658455967,0.9065587926832,0.0009197382137713,29.465994363835296,0.9346721265702924,0.0011193501469645,0.0407463978179723
597,0.5,False,1.0,1.0,0.5,0.1,0.01,anisotropic,0.0125,0.0215443469003188,7,100000,78.6085433959961,37.36563761471337,0.9824546068803832,0.0001830901101574,36.150340684272805,0.981648668824195,0.0002422113994893,0.0297576089141996
598,0.5,False,1.0,1.0,0.5,0.1,0.01,anisotropic,0.0125,0.01,6,100000,79.01470994949341,33.42773157352459,0.965060572684738,0.0004538247958079,32.4313517275291,0.9657437625677368,0.0005708555208046,0.030829299544562
599,0.5,False,1.0,1.0,0.5,0.1,0.01,anisotropic,0.0125,0.0464158883361277,8,100000,79.84331583976746,34.47029843647633,0.9731630154960642,0.0003571593788145,33.64150818196902,0.9799721100371694,0.0004322560538649,0.0270966794176273
600,0.5,False,1.0,1.0,0.5,0.1,0.01,anisotropic,0.0125,0.001,3,100000,81.85338711738586,30.630419075163395,0.941636226785422,0.0008624538924704,28.11607538036108,0.922278553865416,0.0015387577599422,0.038886378453842
601,0.5,False,1.0,1.0,0.5,0.1,0.01,anisotropic,0.0125,0.01,6,100000,81.88385510444641,33.45467043851844,0.9521127780985444,0.0004513256543138,33.24428110096933,0.960770483086574,0.0004737278903303,0.0335584508272202
602,0.5,False,1.0,1.0,0.5,0.1,0.01,anisotropic,0.0125,0.001,3,100000,81.92994475364685,32.02237987757776,0.9246670549977506,0.0005380067320694,29.96928109730153,0.903980038888443,0.0008631724849637,0.0319779571154947
603,0.5,False,1.0,1.0,0.5,0.1,0.01,anisotropic,0.0125,0.0215443469003188,7,100000,81.37885332107544,36.64429907221494,0.9793525332184372,0.0002162590501939,35.208602740463256,0.9727993820957022,0.0003009843568197,0.0338195274512655
604,0.5,False,1.0,1.0,0.5,0.1,0.01,anisotropic,0.0125,0.001,3,100000,81.30704402923584,32.56232813515812,0.923399458544812,0.0005376720110998,33.07975968386384,0.9477587501418272,0.0004772811414743,0.0377389007785303
605,0.5,False,1.0,1.0,0.5,0.1,0.01,anisotropic,0.0125,0.0021544346900318,4,100000,81.88129377365112,28.295331779031187,0.8417904328486834,0.001471872360637,31.10220575238797,0.9274311162200816,0.0007712279363102,0.0395258122262251
606,0.5,False,1.0,1.0,0.5,0.1,0.01,anisotropic,0.0125,0.0464158883361277,8,100000,82.2401909828186,38.1511899315722,0.9825500821461248,0.0001527669800639,36.91054780422511,0.9893416769001312,0.0002032795572824,0.0264655032801707
607,0.5,False,1.0,1.0,0.5,0.1,0.01,anisotropic,0.0125,0.0021544346900318,4,100000,82.6330738067627,32.61667929899996,0.9583825161903502,0.0005446695725211,29.99208284040065,0.934541201824571,0.0009967649550021,0.0381899764357453
608,0.5,False,1.0,1.0,0.5,0.1,0.01,anisotropic,0.0125,0.0046415888336127,5,100000,81.54124021530151,35.18106387419855,0.928966498627533,0.0003026456693094,32.73749407724385,0.9303075661840492,0.0005312408262286,0.0334932461336346
609,0.5,False,1.0,1.0,0.5,0.1,0.01,anisotropic,0.0125,0.0464158883361277,8,100000,81.1535279750824,35.83412375926981,0.9708241687639152,0.0002606067953582,35.466401817222234,0.98217119448744,0.0002836337650787,0.0307113122087801
610,0.5,False,1.0,1.0,0.5,0.1,0.01,anisotropic,0.0125,0.0464158883361277,8,100000,81.33205056190491,31.759391426236377,0.9358322749056672,0.0006666082782511,31.745993133814444,0.9570631466400792,0.0006686679875531,0.0303011290272324
611,0.5,False,1.0,1.0,0.5,0.1,0.01,anisotropic,0.0125,0.001,3,100000,82.15273380279541,32.53912067051249,0.9436005608230232,0.000548656444227,31.947737852152454,0.9514496841071004,0.0006286932049001,0.0329411634273353
612,0.5,False,1.0,1.0,0.5,0.1,0.01,anisotropic,0.0125,0.0046415888336127,5,100000,82.28181886672974,33.339866673354244,0.9578455715832348,0.0004605787852214,32.90026762654852,0.9598936490814765,0.000509640384479,0.0301548024459322
613,0.5,False,1.0,1.0,0.5,0.1,0.01,anisotropic,0.0125,0.01,6,100000,81.43845915794373,28.91736434158276,0.8586238421917477,0.0012734123985453,29.916675493787157,0.9126812688716468,0.0010116678736311,0.034985770555949
614,0.5,False,1.0,1.0,0.5,0.1,0.01,anisotropic,0.0125,0.0046415888336127,5,100000,80.60133862495422,29.904810420925585,0.929864843078715,0.0010160806482665,28.80875906959686,0.9270495533695976,0.0013077758560752,0.0383943788836332
615,0.5,False,1.0,1.0,0.5,0.1,0.01,anisotropic,0.0125,0.0021544346900318,4,100000,81.712082862854,32.3058325959202,0.9255828997350664,0.0005754880157765,32.643976507942256,0.9686769605610208,0.0005323801973741,0.0348555993201606
616,0.5,False,1.0,1.0,0.5,0.1,0.01,anisotropic,0.0125,0.0021544346900318,4,100000,81.89215612411499,30.284491242265503,0.9084619537134002,0.0008799775248912,29.161949941286647,0.8917588450627308,0.0011395298611648,0.0316192600150623
617,0.5,False,1.0,1.0,0.5,0.1,0.01,anisotropic,0.0125,0.0046415888336127,5,100000,81.18596053123474,30.54600263035219,0.9027404194723924,0.0008748708639388,29.97299177813296,0.933014976547847,0.000998263147136,0.033961132915625
618,0.5,False,1.0,1.0,0.5,0.1,0.01,anisotropic,0.0125,0.0001,0,100000,82.57347011566162,26.01827653757001,0.8439931084472537,0.0024307213761286,24.88335429949089,0.8307039657231035,0.0031566570706759,0.0430642974893109
619,0.5,False,1.0,1.0,0.5,0.1,0.01,anisotropic,0.0125,0.0001,0,100000,82.22661805152893,28.362745891652548,0.8974654209045118,0.0014227876482707,30.714624613930543,0.9435201247302892,0.0008278510692148,0.0349511227356208
620,0.5,False,1.0,1.0,0.5,0.1,0.01,anisotropic,0.0125,0.0215443469003188,7,100000,81.64689636230469,29.73926041023897,0.9571834899172578,0.0010599747027165,29.04486578321563,0.9562153135859626,0.0012437553539457,0.0312752683251488
621,0.5,False,1.0,1.0,0.5,0.1,0.01,anisotropic,0.0125,0.0464158883361277,8,100000,83.19797039031982,29.019917676523846,0.9242173710169312,0.0011674113898254,29.073418242857368,0.9499999680337738,0.0011531183135288,0.0282228331517027
622,0.5,False,1.0,1.0,0.5,0.1,0.01,anisotropic,0.0125,0.0464158883361277,8,100000,81.25485396385193,34.759845870739696,0.969475704829452,0.0003341491514533,34.8598831347159,0.9826707032801234,0.0003265401863106,0.0273111918177457
623,0.5,False,1.0,1.0,0.5,0.1,0.01,anisotropic,0.0125,0.0021544346900318,4,100000,81.13898181915283,33.206304334312165,0.9402057095980924,0.0004709016702992,32.3242520957827,0.9545903305418512,0.000576946382654,0.0367115385876526
624,0.5,False,1.0,1.0,0.5,0.1,0.01,anisotropic,0.0125,0.0021544346900318,4,100000,81.34153699874878,29.68657289255516,0.9723330936053786,0.0010693016084243,27.81496134034284,0.945069579099116,0.0016453616679097,0.0345332458230039
625,0.5,False,1.0,1.0,0.5,0.1,0.01,anisotropic,0.0125,0.0046415888336127,5,100000,81.7694685459137,26.364432958907106,0.8584949712494485,0.002280415146343,28.68551736023221,0.943255464639292,0.0013363046411233,0.0338213693831566
626,0.5,False,1.0,1.0,0.5,0.1,0.01,anisotropic,0.0125,0.0215443469003188,7,100000,80.903160572052,35.77110291217678,0.9735852957131989,0.0002646053466339,34.89790900511793,0.9817727496625686,0.0003235325688314,0.027655806980292
627,0.5,False,1.0,1.0,0.5,0.1,0.01,anisotropic,0.0125,0.0215443469003188,7,100000,80.90894508361816,35.971216302495854,0.957757788495192,0.0002523625215681,37.6026734042306,0.9841794665962362,0.0001733321595694,0.0259355363086992
628,0.5,False,1.0,1.0,0.5,0.1,0.01,anisotropic,0.0125,0.0001,0,100000,81.87247943878174,26.20309670219018,0.8786042699632071,0.0019183421318861,27.982937335414555,0.8736135522366538,0.0012733330215056,0.0367012359548077
629,0.5,False,1.0,1.0,0.5,0.1,0.01,anisotropic,0.0125,0.001,3,100000,81.09097385406494,29.893728160063525,0.9045439017355538,0.0010077144999992,32.60028076914854,0.9576611299677088,0.0005403588226516,0.0347124541444777
630,0.5,False,1.0,1.0,0.5,0.1,0.01,anisotropic,0.0125,0.01,6,100000,81.02365899085999,35.54968707300994,0.9537559101313912,0.0002780186165887,36.42448985593801,0.9737595641169268,0.000227296945565,0.0299827402236693
631,0.5,False,1.0,1.0,0.5,0.1,0.01,anisotropic,0.0125,0.0004641588833612,2,100000,81.5333149433136,30.83184291321254,0.8988882769129031,0.0008111916057853,28.43585804511049,0.8729794511383628,0.001408386763409,0.0333543047770516
632,0.5,False,1.0,1.0,0.5,0.1,0.01,anisotropic,0.0125,0.001,3,100000,81.04057145118713,32.474176042270145,0.8946965686543275,0.000557145381629,31.190531750742934,0.8945098656691752,0.0007487433255145,0.0379056415831179
633,0.5,False,1.0,1.0,0.5,0.1,0.01,anisotropic,0.0125,0.0002154434690031,1,100000,81.11309862136841,24.86376941036969,0.8950955907869066,0.0032458150491126,25.405338830694262,0.9106253701624512,0.0028652784107453,0.0423333148816562
634,0.5,False,1.0,1.0,0.5,0.1,0.01,anisotropic,0.0125,0.0046415888336127,5,100000,81.23293280601501,32.16906636154158,0.965161485099564,0.0006047253422022,31.650486774565763,0.965171571346694,0.0006814219636088,0.0309168273061685
635,0.5,False,1.0,1.0,0.5,0.1,0.01,anisotropic,0.0125,0.0215443469003188,7,100000,81.1165075302124,37.04220665223541,0.98031724560806,0.0001974734082975,38.05322601469031,0.99077183326908,0.000156461210413,0.0264300958934886
636,0.5,False,1.0,1.0,0.5,0.1,0.01,anisotropic,0.0125,0.0215443469003188,7,100000,81.73431038856506,39.66666792558732,0.984219779348162,0.0001079139123083,40.20361242154916,0.9915125286546304,9.536367700707154e-05,0.0267481338842019
637,0.5,False,1.0,1.0,0.5,0.1,0.01,anisotropic,0.0125,0.001,3,100000,81.96972918510437,29.99181060582496,0.9005600877199216,0.0009460215259615,27.879707888625752,0.8606760064062224,0.0015385488510684,0.0341548501389531
638,0.5,False,1.0,1.0,0.5,0.1,0.01,anisotropic,0.0125,0.0215443469003188,7,100000,81.627188205719,36.98342910860805,0.9727640481658026,0.0002002641240954,35.98103037098787,0.9760337836856796,0.0002522568854058,0.03551830950853
639,0.5,False,1.0,1.0,0.5,0.1,0.01,anisotropic,0.0125,0.0001,0,100000,81.7962851524353,28.27918045517027,0.8780195111379824,0.0014691179338265,28.857647035945707,0.9009973225078018,0.0012859083079856,0.0377657368682714
640,0.5,False,1.0,1.0,0.5,0.1,0.01,anisotropic,0.0125,0.0001,0,100000,81.03206849098206,25.40754526660161,0.8764369325269651,0.0028311927753535,26.99935681716923,0.911064650724024,0.0019624033941069,0.0495369721722829
641,0.5,False,1.0,1.0,0.5,0.1,0.01,anisotropic,0.0125,0.0215443469003188,7,100000,81.25742316246033,26.018105638584217,0.8727103611512623,0.0024280898317418,26.03158445151763,0.8887301232942827,0.0024205656666068,0.031531155190654
642,0.5,False,1.0,1.0,0.5,0.1,0.01,anisotropic,0.0125,0.0004641588833612,2,100000,81.45886754989624,28.709441826493567,0.8927869168528942,0.0013215713033178,27.85890625495544,0.9106430648148812,0.0016074747393591,0.0391161771738519
643,0.5,False,1.0,1.0,0.5,0.1,0.01,anisotropic,0.0125,0.0021544346900318,4,100000,81.78904175758362,30.38345771315074,0.9337143387028508,0.0009029109314616,29.749502087841982,0.9287725889619886,0.0010448175851981,0.0354720141489713
644,0.5,False,1.0,1.0,0.5,0.1,0.01,anisotropic,0.0125,0.001,3,100000,80.46051502227783,30.368038332603096,0.8972230269944889,0.0008306155921608,28.79234629248242,0.9017119952966096,0.0011939036594379,0.0338937711832258
645,0.5,False,1.0,1.0,0.5,0.1,0.01,anisotropic,0.0125,0.0215443469003188,7,100000,81.27523612976074,36.26570401476262,0.9694050840696862,0.000236157608615,36.80317193918587,0.9867231460429012,0.0002086676619533,0.0288931912267971
646,0.5,False,1.0,1.0,0.5,0.1,0.01,anisotropic,0.0125,0.01,6,100000,81.58730292320251,29.48367276777088,0.949099817682428,0.0011213618359752,28.775970759600064,0.9417562178313929,0.0013198238504654,0.029217210143779
647,0.5,False,1.0,1.0,0.5,0.1,0.01,anisotropic,0.0125,0.0021544346900318,4,100000,81.41836214065552,27.69197919678579,0.9215028226230658,0.0015158320707471,25.339336316513013,0.8518400222138748,0.0026056457999592,0.0336687143391581
648,0.5,False,1.0,1.0,0.5,0.1,0.01,anisotropic,0.0125,0.0464158883361277,8,100000,81.54719090461731,29.10333796325196,0.8839585926068881,0.0010363424781821,28.965617780320017,0.90714816630649,0.0010697328138683,0.0301480620010827
649,0.5,False,1.0,1.0,0.5,0.1,0.01,anisotropic,0.0125,0.01,6,100000,81.34070062637329,33.448320002658,0.958649202981892,0.0004518408052186,34.98687900683795,0.984326371520094,0.0003170513075275,0.0305728976505325
650,0.5,False,1.0,1.0,0.5,0.1,0.01,anisotropic,0.0125,0.0021544346900318,4,100000,81.40564203262329,27.460910429990754,0.8573012402277359,0.0009991895536211,24.746445999311717,0.7915292003497494,0.0018667851091423,0.032013216072183
651,0.5,False,1.0,1.0,0.5,0.1,0.01,anisotropic,0.0125,0.0021544346900318,4,100000,81.69868659973145,29.99933658002077,0.924124056297259,0.0009979834341548,30.0857423625771,0.9518890695799604,0.0009783241046119,0.0430728922172901
652,0.5,False,1.0,1.0,0.5,0.1,0.01,anisotropic,0.0125,0.0021544346900318,4,100000,82.82113242149353,32.36559931028569,0.9350106327182484,0.0005521368457328,31.516108129248444,0.9353121628533594,0.0006714224338306,0.033234727852352
653,0.5,False,1.0,1.0,0.5,0.1,0.01,anisotropic,0.0125,0.0002154434690031,1,100000,81.57644391059875,25.294068788866177,0.8580402083379085,0.0028899277696019,26.997441749992376,0.8833808323924512,0.0019523141055711,0.0456273513910161
654,0.5,False,1.0,1.0,0.5,0.1,0.01,anisotropic,0.0125,0.0021544346900318,4,100000,81.08484220504761,28.93506684186883,0.9146570391574192,0.0012729369042228,30.081759539184493,0.944768834452643,0.0009775469110853,0.034177101088155
655,0.5,False,1.0,1.0,0.5,0.1,0.01,anisotropic,0.0125,0.0215443469003188,7,100000,81.25765800476074,36.97804271653704,0.9803632517276024,0.0002000132387284,34.57763640275981,0.9591020292568592,0.0003476156924543,0.0327182367529515
656,0.5,False,1.0,1.0,0.5,0.1,0.01,anisotropic,0.0125,0.0021544346900318,4,100000,81.72312307357788,31.96344519754329,0.918020671108002,0.0005258465362086,30.112256171945084,0.915239739606022,0.0008053374961043,0.0407628556689155
657,0.5,False,1.0,1.0,0.5,0.1,0.01,anisotropic,0.0125,0.0021544346900318,4,100000,81.15000939369202,28.82545945242687,0.9070807305887032,0.0010536433236821,26.854731653479234,0.8527614305147552,0.0016586944806189,0.0322733906194192
658,0.5,False,1.0,1.0,0.5,0.1,0.01,anisotropic,0.0125,0.0021544346900318,4,100000,81.08140659332275,30.945784415102278,0.8779272878543787,0.0005468697380265,30.468899673948293,0.8970436747023104,0.000610340748178,0.0304404897832645
659,0.5,False,1.0,1.0,0.5,0.1,0.01,anisotropic,0.0125,0.001,3,100000,81.714435338974,31.087866188739977,0.8886516755153033,0.0007189620601157,30.028560567132505,0.8867782893945493,0.0009175643576814,0.0354612361704284
660,0.5,False,1.0,1.0,0.5,0.1,0.01,anisotropic,0.0125,0.01,6,100000,81.36555361747742,28.45236184301164,0.8670673114091711,0.0013844184134329,28.63459344388861,0.8946952853398782,0.0013275295802831,0.0330259173972696
661,0.5,False,1.0,1.0,0.5,0.1,0.01,anisotropic,0.0125,0.0021544346900318,4,100000,81.12017965316772,29.997579857292965,0.9127426202427124,0.0009560517804688,29.906122319493008,0.9505829437484498,0.000976398645787,0.0357009381994869
662,0.5,False,1.0,1.0,0.5,0.1,0.01,anisotropic,0.0125,0.0046415888336127,5,100000,80.95725560188293,23.63076033217096,0.8406715638374123,0.0042927244496945,22.910131290922312,0.8120149554653002,0.0050675251889785,0.0337609221627396
663,0.5,False,1.0,1.0,0.5,0.1,0.01,anisotropic,0.0125,0.0464158883361277,8,100000,80.97879958152771,36.40108592613164,0.9708565921711466,0.0002281705388058,37.31309947642901,0.9877061865003748,0.000184951651194,0.0247067399452857
664,0.5,False,1.0,1.0,0.5,0.1,0.01,anisotropic,0.0125,0.001,3,100000,81.63179278373718,26.58462744327036,0.8804856777087132,0.0021881226463349,27.00159339009772,0.8863005225419023,0.0019878108935227,0.0399772032152284
665,0.5,False,1.0,1.0,0.5,0.1,0.01,anisotropic,0.0125,0.01,6,100000,81.24968433380127,33.36164714674179,0.9561766734692398,0.0004607833963763,34.09807399318752,0.976337318648712,0.000388914501391,0.0299486030779204
666,0.5,False,1.0,1.0,0.5,0.1,0.01,anisotropic,0.0125,0.0021544346900318,4,100000,82.37004041671753,26.021949057686196,0.8238668867752212,0.0024600289977108,25.567409460347186,0.8288273334111345,0.0027314558560644,0.0471235813613722
667,0.5,False,1.0,1.0,0.5,0.1,0.01,anisotropic,0.0125,0.0046415888336127,5,100000,81.73528146743774,33.181828082884344,0.947653042081306,0.0004802395619115,33.48990971894686,0.9667500971314804,0.0004473523989025,0.0354781607728222
668,0.5,False,1.0,1.0,0.5,0.1,0.01,anisotropic,0.0125,0.001,3,100000,81.07273697853088,23.519868148814705,0.8187618734503567,0.0043863409878976,23.19386639619704,0.8335150250867707,0.0047282732346433,0.0427012004015981
669,0.5,False,1.0,1.0,0.5,0.1,0.01,anisotropic,0.0125,0.0046415888336127,5,100000,81.57815790176392,31.666296138186286,0.955476921773308,0.00068032953902,30.707566572347773,0.9565761915352236,0.0008483836387198,0.0350136560875852
670,0.5,False,1.0,1.0,0.5,0.1,0.01,anisotropic,0.0125,0.001,3,100000,81.822256565094,31.86219381465737,0.9067921351604904,0.0006051922182567,33.469888822626,0.9598765476402612,0.0004179495233736,0.0322496710884447
671,0.5,False,1.0,1.0,0.5,0.1,0.01,anisotropic,0.0125,0.0046415888336127,5,100000,82.23450875282288,26.990381552467998,0.8951222510175599,0.0019934370136516,28.1155460979777,0.9484085257099338,0.0015384594837264,0.0308531747504033
672,0.5,False,1.0,1.0,0.5,0.1,0.01,anisotropic,0.0125,0.01,6,100000,81.73864603042603,35.99058262268396,0.9710209905954186,0.0002515802265162,34.717274539443025,0.9779738374714352,0.000337292987553,0.028432948423295
673,0.5,False,1.0,1.0,0.5,0.1,0.01,anisotropic,0.0125,0.0464158883361277,8,100000,81.29710960388184,36.27294509539639,0.9654587159298856,0.0002356501094998,37.54444000548913,0.9902613790494376,0.0001758401942692,0.0258540939782624
674,0.5,False,1.0,1.0,0.5,0.1,0.01,anisotropic,0.0125,0.01,6,100000,81.11876249313354,33.22562450145632,0.9293197196885916,0.000467422904881,33.24128535916016,0.9502450372209794,0.0004657403919343,0.0295945270307312
675,0.5,False,1.0,1.0,0.5,0.1,0.01,anisotropic,0.0125,0.0021544346900318,4,100000,80.9231595993042,26.18043824199826,0.9013124859708516,0.0022753167947813,24.97465407099232,0.8795450099101633,0.0030034491920414,0.0337219646286654
676,0.5,False,1.0,1.0,0.5,0.1,0.01,anisotropic,0.0125,0.0021544346900318,4,100000,81.04040288925171,31.647216150523963,0.9388369494311916,0.0006045285968281,29.432930706944145,0.9180074217717352,0.0010065732716788,0.0337272485705488
677,0.5,False,1.0,1.0,0.5,0.1,0.01,anisotropic,0.0125,0.01,6,100000,81.42324352264404,31.70129177402402,0.9056611568816652,0.0006746284117291,33.24573579821572,0.9502393041888464,0.0004727376859228,0.0379786113299223
678,0.5,False,1.0,1.0,0.5,0.1,0.01,anisotropic,0.0125,0.01,6,100000,81.815598487854,28.19893834857206,0.9269048296436389,0.0015026151551038,28.07119704469566,0.9369376317252096,0.0015474687771074,0.0307082760863996
679,0.5,False,1.0,1.0,0.5,0.1,0.01,anisotropic,0.0125,0.01,6,100000,81.33414959907532,37.02849268943718,0.9510409841629828,0.000197363217499,33.48429135818176,0.9526882385479172,0.0004463611108367,0.0281558071543387
680,0.5,False,1.0,1.0,0.5,0.1,0.01,anisotropic,0.0125,0.0215443469003188,7,100000,81.29698872566223,33.422795356969765,0.9578241469069554,0.0004543997760413,33.19617793463407,0.9699653123518832,0.0004787401492903,0.0323660141090953
681,0.5,False,1.0,1.0,0.5,0.1,0.01,anisotropic,0.0125,0.0046415888336127,5,100000,82.5598795413971,30.60658090843313,0.92910986499527,0.0008630527319401,30.603082466039663,0.9443396912202574,0.0008637482408233,0.0344012904134398
682,0.5,False,1.0,1.0,0.5,0.1,0.01,anisotropic,0.0125,0.0004641588833612,2,100000,81.63050866127014,30.206356173494445,0.9078704184196574,0.0009093177538561,30.77151910650521,0.93566156360155,0.0007983611171332,0.0397565810665577
683,0.5,False,1.0,1.0,0.5,0.1,0.01,anisotropic,0.0125,0.0215443469003188,7,100000,81.52390766143799,37.17927849149152,0.9786829344600484,0.0001912583910355,37.24258759800206,0.9864072808701686,0.0001884905524398,0.0258640858641372
684,0.5,False,1.0,1.0,0.5,0.1,0.01,anisotropic,0.0125,0.0021544346900318,4,100000,81.62060236930847,32.67490315157292,0.920504433387025,0.0004756091255607,30.97791873413812,0.9162843022343234,0.0007029891475598,0.0363899391616193
685,0.5,False,1.0,1.0,0.5,0.1,0.01,anisotropic,0.0125,0.0464158883361277,8,100000,81.71197724342346,38.3029581718301,0.977645268158805,0.0001477196710342,38.51156496603266,0.9892744704259964,0.0001407918943548,0.0285754222372031
686,0.5,False,1.0,1.0,0.5,0.1,0.01,anisotropic,0.0125,0.0046415888336127,5,100000,81.72516441345215,30.212244497582702,0.966386789332426,0.0009482781798034,28.60586154440643,0.9528374606213638,0.0013726950030053,0.033769728106114
687,0.5,False,1.0,1.0,0.5,0.1,0.01,anisotropic,0.0125,0.01,6,100000,81.80769205093384,33.19958222842156,0.961023241380935,0.0004786194859702,33.76021372283607,0.97070694117001,0.0004206561343839,0.0305048886107
688,0.5,False,1.0,1.0,0.5,0.1,0.01,anisotropic,0.0125,0.0215443469003188,7,100000,81.69920921325684,35.73214177114072,0.9673812743556404,0.0002670213106733,37.1043382720397,0.9861256461755048,0.0001946822125007,0.0295257110410858
689,0.5,False,1.0,1.0,0.5,0.1,0.01,anisotropic,0.0125,0.0215443469003188,7,100000,82.11720085144043,36.80336640969068,0.9663734108665876,0.000208716919082,37.91061299695545,0.984630023564211,0.0001617457941856,0.0288158805204747
690,0.5,False,1.0,1.0,0.5,0.1,0.01,anisotropic,0.0125,0.0215443469003188,7,100000,81.40983366966248,37.05382403290396,0.9745546748221104,0.0001968227528613,38.248670955322346,0.9879901507555576,0.000149482588456,0.027840515432524
691,0.5,False,1.0,1.0,0.5,0.1,0.01,anisotropic,0.0125,0.0001,0,100000,83.54270124435425,24.660882233562194,0.8635857335383246,0.00339328480966,26.437058861997095,0.9089511661787564,0.002254252967792,0.0419276409761044
692,0.5,False,1.0,1.0,0.5,0.1,0.01,anisotropic,0.0125,0.0046415888336127,5,100000,81.12468528747559,33.682022507353594,0.9539714913823202,0.0004265259218242,33.6356591946345,0.962926743658294,0.0004311037111927,0.03588493745786
693,0.5,False,1.0,1.0,0.5,0.1,0.01,anisotropic,0.0125,0.0021544346900318,4,100000,81.79493379592896,32.671051061144205,0.9218325743735968,0.0005375735734323,32.4102980965049,0.9544012174181518,0.0005708384359803,0.0385910803850528
694,0.5,False,1.0,1.0,0.5,0.1,0.01,anisotropic,0.0125,0.01,6,100000,81.91229844093323,38.10436650650358,0.9748913530664554,0.0001545130050847,34.4488949446426,0.9567764770400238,0.0003585190155887,0.0287221622043437
695,0.5,False,1.0,1.0,0.5,0.1,0.01,anisotropic,0.0125,0.0002154434690031,1,100000,81.61240100860596,28.08557179508402,0.8723724360957155,0.001525460640431,25.07310042439276,0.8267439695752344,0.0030524470819141,0.038820215199209
696,0.5,False,1.0,1.0,0.5,0.1,0.01,anisotropic,0.0125,0.0046415888336127,5,100000,80.73974108695984,28.24457964578312,0.8628481684651493,0.0014641643551905,29.068982984309656,0.9289503627648128,0.0012110149260918,0.0384492856489704
697,0.5,False,1.0,1.0,0.5,0.1,0.01,anisotropic,0.0125,0.0002154434690031,1,100000,81.74230480194092,27.794121265509983,0.8535228078362103,0.0015934757671575,26.15667163610969,0.8294435273606987,0.0023232204733451,0.0396063524845351
698,0.5,False,1.0,1.0,0.5,0.1,0.01,anisotropic,0.0125,0.0021544346900318,4,100000,81.53314471244812,32.35344348692473,0.9394167724853946,0.0005663424204479,30.387213306789928,0.92464672713552,0.0008906398247177,0.032301080783487
699,0.5,False,1.0,1.0,0.5,0.1,0.01,anisotropic,0.0125,0.01,6,100000,81.35819053649902,31.577876752605277,0.908698057919681,0.0006900708955969,32.71257334810652,0.955360823431583,0.0005314030606826,0.0360338728111781
700,0.5,False,1.0,1.0,0.5,0.1,0.01,anisotropic,0.0125,0.0046415888336127,5,100000,80.32699418067932,31.4668036458001,0.9441079713222972,0.0007069998364707,34.29569658664144,0.9851007166176864,0.0003685785178199,0.0308138407807444
701,0.5,False,1.0,1.0,0.5,0.1,0.01,anisotropic,0.0125,0.0046415888336127,5,100000,79.82902956008911,27.671668921026917,0.872038239098983,0.0015309529310226,28.332087762188934,0.9110840777848188,0.0013149824432242,0.0320615886567535
702,0.5,False,1.0,1.0,0.5,0.1,0.01,anisotropic,0.0125,0.0046415888336127,5,100000,79.83818125724792,30.03758670724261,0.9203344626937602,0.0009847413630992,29.12452820012513,0.9282961630351606,0.0012151447954832,0.0351402992002704
703,0.5,False,1.0,1.0,0.5,0.1,0.01,anisotropic,0.0125,0.0046415888336127,5,100000,79.69924640655518,28.66996761707082,0.8789299874977151,0.0013410861638612,28.32653814631808,0.9038762336915622,0.0014514418093361,0.0351659075722951
704,0.5,False,1.0,1.0,0.5,0.1,0.01,anisotropic,0.0125,0.001,3,100000,79.9617440700531,27.72929239164517,0.8834177068594895,0.0016387039742818,27.94483706342291,0.9075926253116036,0.0015593587436993,0.0342948410453847
705,0.5,False,1.0,1.0,0.5,0.1,0.01,anisotropic,0.0125,0.0215443469003188,7,100000,78.96744394302368,36.983456678720735,0.9625270926197328,0.0001995316421088,39.26568994092969,0.98664814524701,0.0001179745828851,0.0258252490989323
706,0.5,False,1.0,1.0,0.5,0.1,0.01,anisotropic,0.0125,0.001,3,100000,80.2309033870697,28.95396576720855,0.817795728562338,0.0011450792910898,27.29842378672015,0.8163373818113251,0.0016764467318263,0.0480713705752893
707,0.5,False,1.0,1.0,0.5,0.1,0.01,anisotropic,0.0125,0.01,6,100000,79.67566394805908,29.156212890309654,0.8924681144525409,0.0012120192510934,30.69266317378428,0.9549147479190911,0.0008508725040383,0.0372810808668324
708,0.5,False,1.0,1.0,0.5,0.1,0.01,anisotropic,0.0125,0.0004641588833612,2,100000,79.93636012077332,27.80898334186301,0.9194745680580366,0.0013734099766533,28.77540463755453,0.920867069431043,0.0010994059126256,0.0346535523772588
709,0.5,False,1.0,1.0,0.5,0.1,0.01,anisotropic,0.0125,0.0215443469003188,7,100000,79.43962931632996,31.412836221394414,0.9262079045189862,0.0007217978928225,31.72517471220159,0.957673069859241,0.0006717099179282,0.039390983155669
710,0.5,False,1.0,1.0,0.5,0.1,0.01,anisotropic,0.0125,0.0002154434690031,1,100000,79.44571733474731,29.94239543525929,0.9121017593193108,0.000999766926939,29.763926876419227,0.8994198050341562,0.0010417070940848,0.0371501051004263
711,0.5,False,1.0,1.0,0.5,0.1,0.01,anisotropic,0.0125,0.0004641588833612,2,100000,79.5574460029602,30.165816621793983,0.8930255703139625,0.0009415516589141,27.684888194182925,0.8911470209357264,0.0016670053577408,0.0423678426365567
712,0.5,False,1.0,1.0,0.5,0.1,0.01,anisotropic,0.0125,0.0215443469003188,7,100000,79.64665532112122,35.239862765567395,0.9680365655850192,0.0002989770172366,34.98018875133808,0.9745410584643244,0.0003173987457439,0.0356185220832962
713,0.5,False,1.0,1.0,0.5,0.1,0.01,anisotropic,0.0125,0.0046415888336127,5,100000,79.27466177940369,31.76205387980632,0.9031842327602506,0.0005956171437959,30.52661211868545,0.88956933116673,0.0007916101713223,0.0335904068592576
714,0.5,False,1.0,1.0,0.5,0.1,0.01,anisotropic,0.0125,0.0215443469003188,7,100000,79.57340669631958,35.29091139033689,0.9454862542098702,0.00029567879916,37.92647273879077,0.9848026878648438,0.000161162520494,0.0308789960897408
715,0.5,False,1.0,1.0,0.5,0.1,0.01,anisotropic,0.0125,0.0215443469003188,7,100000,79.27779293060303,35.72836045138227,0.9736110327131536,0.0002673248910931,35.25347773410143,0.971358215435426,0.0002982137543419,0.0326736932363986
716,0.5,False,1.0,1.0,0.5,0.1,0.01,anisotropic,0.0125,0.0046415888336127,5,100000,79.93443584442139,31.80584283107546,0.9435665891356942,0.0006574023402497,31.67886999717433,0.9635991643244026,0.0006769062579839,0.0335370633463389
717,0.5,False,1.0,1.0,0.5,0.1,0.01,anisotropic,0.0125,0.01,6,100000,79.29199814796448,34.976534379232746,0.971370879444548,0.0003179072147138,33.74916597055405,0.9730109366451672,0.0004217326501071,0.0351514509443357
718,0.5,False,1.0,1.0,0.5,0.1,0.01,anisotropic,0.0125,0.0215443469003188,7,100000,79.49360609054565,33.21711451669007,0.9396277839636242,0.0004760270376383,33.291832805440265,0.951288278120894,0.0004679072687529,0.0305993751648637
719,0.5,False,1.0,1.0,0.5,0.1,0.01,anisotropic,0.0125,0.0215443469003188,7,100000,78.90209436416626,36.095480549155255,0.9696270575477872,0.0002453010282473,37.0341840595562,0.9843277711492584,0.0001976191457508,0.0299339170157669
720,0.5,False,1.0,1.0,0.5,0.1,0.01,anisotropic,0.0125,0.001,3,100000,78.9220404624939,27.693662135230877,0.90000496682297,0.0016930087560899,25.96572781589188,0.8913419684314792,0.0025203023024375,0.0384889117854138
721,0.5,False,1.0,1.0,0.5,0.1,0.01,anisotropic,0.0125,0.0046415888336127,5,100000,79.32484292984009,29.113587247750047,0.9200827956704783,0.0012192482424362,28.773377405676285,0.9288748536923248,0.0013186001549126,0.0346364965927901
722,0.5,False,1.0,1.0,0.5,0.1,0.01,anisotropic,0.0125,0.0021544346900318,4,100000,79.31979990005493,30.07664857170253,0.904427617794932,0.0009648776574795,31.304329223876863,0.946395424662674,0.0007272842537341,0.0394119668093576
723,0.5,False,1.0,1.0,0.5,0.1,0.01,anisotropic,0.0125,0.0004641588833612,2,100000,79.70296359062195,26.53853006622118,0.8020423798437172,0.0017443852682201,28.24114325902766,0.846898258603088,0.0011786397697647,0.0381993752122274
724,0.5,False,1.0,1.0,0.5,0.1,0.01,anisotropic,0.0125,0.01,6,100000,79.6197361946106,29.7686446892344,0.8829718798522503,0.0009950214582903,30.69608883249859,0.93010688456603,0.0008036890150567,0.0335225924680193
725,0.5,False,1.0,1.0,0.5,0.1,0.01,anisotropic,0.0125,0.01,6,100000,79.50282025337219,27.18690363690849,0.8062326228089592,0.0011364629973404,27.313223353521494,0.87095303322095,0.0011038837194302,0.0358389611930078
726,0.5,False,1.0,1.0,0.5,0.1,0.01,anisotropic,0.0125,0.01,6,100000,79.46343183517456,30.701471584112205,0.9246967245085084,0.0008487777714317,31.732404995977845,0.9496879055001972,0.0006694230407081,0.0304122503303355
727,0.5,False,1.0,1.0,0.5,0.1,0.01,anisotropic,0.0125,0.01,6,100000,79.0640652179718,32.68262714804185,0.9442100727396312,0.0005387986213619,34.76441933765938,0.976104695630122,0.0003336162964498,0.0343023100679548
728,0.5,False,1.0,1.0,0.5,0.1,0.01,anisotropic,0.0125,0.01,6,100000,80.02344274520874,30.58161108795101,0.9126665772453614,0.0008733541711152,30.66203566777077,0.9458840993339338,0.0008573298416861,0.0327457688393412
729,0.5,False,1.0,1.0,0.5,0.1,0.01,anisotropic,0.0125,0.0021544346900318,4,100000,79.01637268066406,33.11972845653346,0.9508260321459524,0.000481122036784,31.663001935919944,0.956917085608846,0.0006728649425221,0.0347520081623887
730,0.5,False,1.0,1.0,0.5,0.1,0.01,anisotropic,0.0125,0.001,3,100000,78.90419387817383,31.34641342184021,0.9213408745384852,0.0007048967989788,30.89293074345157,0.9189096370240916,0.0007824810095614,0.0408661513288938
731,0.5,False,1.0,1.0,0.5,0.1,0.01,anisotropic,0.0125,0.0215443469003188,7,100000,79.53623366355896,35.14058902692754,0.973276660043432,0.0003059449633585,34.90528032314766,0.9836586472093664,0.0003229789202884,0.0265157607991695
732,0.5,False,1.0,1.0,0.5,0.1,0.01,anisotropic,0.0125,0.0215443469003188,7,100000,79.96772241592407,35.70780143406396,0.9752311305998096,0.0002682073340492,33.96189662647208,0.9535291134377348,0.0004009231464887,0.0323276512308244
733,0.5,False,1.0,1.0,0.5,0.1,0.01,anisotropic,0.0125,0.0004641588833612,2,100000,79.51619338989258,30.167487376970666,0.9282865140998025,0.0009532841617329,29.294826033617724,0.9428699746160584,0.001165436221834,0.040523964832071
734,0.5,False,1.0,1.0,0.5,0.1,0.01,anisotropic,0.0125,0.001,3,100000,79.41737222671509,30.880886946847404,0.9076879198002588,0.0008159405198154,30.222160935605324,0.9251600592627776,0.0009495790007912,0.042813965955831
735,0.5,False,1.0,1.0,0.5,0.1,0.01,anisotropic,0.0125,0.0046415888336127,5,100000,79.69901752471924,28.43923414535608,0.8854411418277107,0.0014091696311723,28.12561070480432,0.8986456736147705,0.0015146964907499,0.0392011067226224
736,0.5,False,1.0,1.0,0.5,0.1,0.01,anisotropic,0.0125,0.0001,0,100000,80.14476990699768,27.87272215044846,0.9317432587498355,0.0016139597917421,27.546446031787063,0.8889584436121745,0.001739884114351,0.0421688798341362
737,0.5,False,1.0,1.0,0.5,0.1,0.01,anisotropic,0.0125,0.0021544346900318,4,100000,79.19743633270264,29.956179929675653,0.9363334993109096,0.0009910596207153,28.83066324968794,0.9385940107422268,0.0012842555457547,0.035196882786249
738,0.5,False,1.0,1.0,0.5,0.1,0.01,anisotropic,0.0125,0.01,6,100000,79.90096807479858,31.324104786365613,0.8844656194066521,0.0007350032626493,31.527391927437765,0.9360484641193396,0.0007013915877482,0.0375464755998906
739,0.5,False,1.0,1.0,0.5,0.1,0.01,anisotropic,0.0125,0.0021544346900318,4,100000,79.61309957504272,30.67802027306409,0.871206894900975,0.0008528644201066,29.752202184720943,0.8926855050013982,0.0010555086717061,0.0496461224227978
740,0.5,False,1.0,1.0,0.5,0.1,0.01,anisotropic,0.0125,0.0046415888336127,5,100000,79.15247535705566,31.906059813710385,0.9463594695477522,0.0006445323863599,31.75893668751924,0.9377237143932108,0.0006667408390109,0.0401857729856011
741,0.5,False,1.0,1.0,0.5,0.1,0.01,anisotropic,0.0125,0.0215443469003188,7,100000,79.31038880348206,31.244596709336108,0.9488936351747196,0.000750107064903,30.23707919323489,0.9432279174113894,0.0009459648679575,0.0326525004530892
742,0.5,False,1.0,1.0,0.5,0.1,0.01,anisotropic,0.0125,0.0464158883361277,8,100000,78.94369220733643,36.31866012610479,0.9789709800626616,0.0002330885429891,34.96040678043195,0.98199799875423,0.0003186737285417,0.0312338191577037
743,0.5,False,1.0,1.0,0.5,0.1,0.01,anisotropic,0.0125,0.0001,0,100000,80.0448625087738,22.50333504100169,0.8520930684214664,0.0056117296360667,24.701906922252448,0.857843259710136,0.0033825135977216,0.0526594008305831
744,0.5,False,1.0,1.0,0.5,0.1,0.01,anisotropic,0.0125,0.0046415888336127,5,100000,80.13233089447021,28.45154217964844,0.9125866868891354,0.0013467493421128,27.57350447762284,0.9215626293509022,0.0016485060383445,0.030636982954522
745,0.5,False,1.0,1.0,0.5,0.1,0.01,anisotropic,0.0125,0.0046415888336127,5,100000,79.81143736839294,30.713457646599757,0.894052502191771,0.0008126855424342,30.038801988162867,0.9021068757215954,0.0009492663795857,0.0323990819621095
746,0.5,False,1.0,1.0,0.5,0.1,0.01,anisotropic,0.0125,0.0464158883361277,8,100000,79.61470532417297,38.9682950858592,0.975288410002808,0.0001265802278377,39.73920830496074,0.9866915005907166,0.0001059923573103,0.0293256931730131
747,0.5,False,1.0,1.0,0.5,0.1,0.01,anisotropic,0.0125,0.0215443469003188,7,100000,78.7155864238739,36.67246939850828,0.9774536013026106,0.0002148828924457,36.14481800433465,0.9760988100558938,0.000242642560716,0.0311082316203693
748,0.5,False,1.0,1.0,0.5,0.1,0.01,anisotropic,0.0125,0.01,6,100000,79.44599390029907,32.24697642063816,0.938959231357495,0.0005532581299357,31.214235924036885,0.93458430613543,0.0007017814009903,0.0297508492640333
749,0.5,False,1.0,1.0,0.5,0.1,0.01,anisotropic,0.0125,0.001,3,100000,80.07790231704712,28.948564844647628,0.8942612072602596,0.0012516894907025,29.0087972786132,0.912252136878852,0.001234449597675,0.0490977251667944
750,0.5,False,1.0,1.0,0.5,0.1,0.01,anisotropic,0.0125,0.0046415888336127,5,100000,79.15829539299011,27.83549043751961,0.8615442950887953,0.0014491587613097,28.36685562038239,0.914591693460519,0.0012822699023043,0.0331898184376339
751,0.5,False,1.0,1.0,0.5,0.1,0.01,anisotropic,0.0125,0.01,6,100000,78.78683567047119,33.04260681643952,0.943508149314639,0.0004952677218909,34.09738708882965,0.9690846891230234,0.0003884740357417,0.0350658876759023
752,0.5,False,1.0,1.0,0.5,0.1,0.01,anisotropic,0.0125,0.0021544346900318,4,100000,79.15533447265625,29.16201594970022,0.9404699646875018,0.0011964087216227,27.68160843879,0.9041168153833428,0.0016823653746247,0.0357389265752714
753,0.5,False,1.0,1.0,0.5,0.1,0.01,anisotropic,0.0125,0.001,3,100000,79.11384701728821,29.780750407435235,0.9096718225682836,0.0010456191463202,28.229857139355484,0.9126411941474228,0.0014943862186801,0.0352823397232141
754,0.5,False,1.0,1.0,0.5,0.1,0.01,anisotropic,0.0125,0.0002154434690031,1,100000,80.49841403961182,25.55797413114565,0.8502908148356096,0.0027697317182934,26.816874108620283,0.8926003151789796,0.0020727537365965,0.0422088683733787
755,0.5,False,1.0,1.0,0.5,0.1,0.01,anisotropic,0.0125,0.0464158883361277,8,100000,78.91614532470703,36.83147389516663,0.9720343074554292,0.000207302032687,36.74111097410301,0.983183173126248,0.0002116605170355,0.0309243967494557
756,0.5,False,1.0,1.0,0.5,0.1,0.01,anisotropic,0.0125,0.0464158883361277,8,100000,78.68293833732605,32.12839715453362,0.9744563360869506,0.000611966875328,31.230709007345236,0.9708904179342784,0.000752483064223,0.0263013822556454
757,0.5,False,1.0,1.0,0.5,0.1,0.01,anisotropic,0.0125,0.0046415888336127,5,100000,79.4104323387146,29.340968633715224,0.8759964069237566,0.0011243561387297,30.30373133699542,0.9213499608961624,0.0009007984392926,0.0315500905553122
758,0.5,False,1.0,1.0,0.5,0.1,0.01,anisotropic,0.0125,0.01,6,100000,79.55850291252136,31.49372939415249,0.9643593788706828,0.0007074134162331,31.836382956586316,0.969539848133814,0.000653744330884,0.0321487464826121
759,0.5,False,1.0,1.0,0.5,0.1,0.01,anisotropic,0.0125,0.0021544346900318,4,100000,78.16720509529114,25.729457676147604,0.789848287404867,0.0025149875621552,24.64735660443188,0.8188194630242075,0.0032266060870157,0.0404895788136178
760,0.5,False,1.0,1.0,0.5,0.1,0.01,anisotropic,0.0125,0.01,6,100000,78.8718569278717,34.25489231615439,0.9344580596934012,0.0003749183255294,33.42388081707594,0.9585978643068044,0.0004539811478633,0.0344544631590133
761,0.5,False,1.0,1.0,0.5,0.1,0.01,anisotropic,0.0125,0.0004641588833612,2,100000,78.85173225402832,27.4641016825806,0.8472955121687732,0.0016688460617881,27.99233802107061,0.8775326025620888,0.0014777216777818,0.0374320021709851
762,0.5,False,1.0,1.0,0.5,0.1,0.01,anisotropic,0.0125,0.0021544346900318,4,100000,78.85029530525208,28.592613735586724,0.9087245396229756,0.0013688986801753,28.06494630465418,0.9199665363420396,0.0015457457029213,0.0351891290940229
763,0.5,False,1.0,1.0,0.5,0.1,0.01,anisotropic,0.0125,0.0215443469003188,7,100000,78.66486597061157,31.18475997308906,0.932350232581064,0.0007584249599045,31.7243969682658,0.9539893515463788,0.0006698058214135,0.0300645310699745
764,0.5,False,1.0,1.0,0.5,0.1,0.01,anisotropic,0.0125,0.0464158883361277,8,100000,78.99635219573975,38.21731720422122,0.9805153880104268,0.0001506717418759,37.92330136880807,0.9846042553986312,0.0001612253738313,0.0298423061311171
765,0.5,False,1.0,1.0,0.5,0.1,0.01,anisotropic,0.0125,0.01,6,100000,78.77577066421509,31.65519755133726,0.8756535818885491,0.0006660265858178,31.623658040933748,0.9319861292386538,0.0006708810369238,0.0349985156269795
766,0.5,False,1.0,1.0,0.5,0.1,0.01,anisotropic,0.0125,0.001,3,100000,78.77687907218933,30.44376893851558,0.8921970498419073,0.0008653433309978,29.60373540484081,0.9065647325482904,0.0010500060571571,0.0439040391576856
767,0.5,False,1.0,1.0,0.5,0.1,0.01,anisotropic,0.0125,0.0001,0,100000,79.15085530281067,25.61399355844976,0.8669379224984063,0.0026325518379663,29.372919032958222,0.9279031064615144,0.0011078587298262,0.0376169430744684
768,0.5,False,1.0,1.0,0.5,0.1,0.01,anisotropic,0.0125,0.0046415888336127,5,100000,78.55978155136108,33.929472143886336,0.9759877419718004,0.0004034178682816,31.70322808944405,0.9634534889819156,0.0006735650364377,0.0339386290849683
769,0.5,False,1.0,1.0,0.5,0.1,0.01,anisotropic,0.0125,0.0215443469003188,7,100000,78.16138768196106,29.05534055335187,0.9115331284229226,0.0010529662790578,29.030935615396047,0.9240029241641716,0.001058900021317,0.0283203326557911
770,0.5,False,1.0,1.0,0.5,0.1,0.01,anisotropic,0.0125,0.01,6,100000,78.30418419837952,26.298995904525796,0.8677933104487915,0.0023051536442753,25.943760071387903,0.8814914675442383,0.0025016322143265,0.0342632115182726
771,0.5,False,1.0,1.0,0.5,0.1,0.01,anisotropic,0.0125,0.0215443469003188,7,100000,78.73146295547485,39.33408670430872,0.9877174704246174,0.0001164685875424,39.53409032276749,0.9905527488697112,0.0001112265449355,0.0263164844150981
772,0.5,False,1.0,1.0,0.5,0.1,0.01,anisotropic,0.0125,0.0215443469003188,7,100000,79.16548132896423,36.62522965733468,0.970047542056335,0.0002174744790692,35.21595531679418,0.97439984229669,0.0003008401061724,0.0327565328186065
773,0.5,False,1.0,1.0,0.5,0.1,0.01,anisotropic,0.0125,0.0021544346900318,4,100000,78.32823371887207,32.500765703256086,0.9275733195647988,0.0005551556260359,32.3594513829414,0.9600880423583616,0.0005735168438738,0.0384841492040312
774,0.5,False,1.0,1.0,0.5,0.1,0.01,anisotropic,0.0125,0.0001,0,100000,78.47490406036377,26.043446364656223,0.8940733695316027,0.0024810031532157,27.50647686859939,0.9017794704535332,0.0017714311031581,0.0471219261697795
775,0.5,False,1.0,1.0,0.5,0.1,0.01,anisotropic,0.0125,0.0215443469003188,7,100000,78.53138971328735,31.441664632001185,0.9195282091182628,0.0005499080270973,31.69178289460152,0.9456308927534096,0.0005191325172637,0.0274334258715294
776,0.5,False,1.0,1.0,0.5,0.1,0.01,anisotropic,0.0125,0.0215443469003188,7,100000,78.77058458328247,34.96919345656616,0.9590812472419776,0.0003179694111384,34.17887008683393,0.9699017030326802,0.0003814324869674,0.0323294383611995
777,0.5,False,1.0,1.0,0.5,0.1,0.01,anisotropic,0.0125,0.01,6,100000,78.27624177932739,32.22803895642158,0.928936018382656,0.0005973736260553,31.08129809588152,0.9410631637515277,0.0007778934787465,0.0381375747833871
778,0.5,False,1.0,1.0,0.5,0.1,0.01,anisotropic,0.0125,0.0215443469003188,7,100000,79.1601448059082,30.93893837284068,0.9333963479352848,0.0008048353289311,31.38860709673688,0.9638075892778916,0.0007256716545898,0.028360638472724
779,0.5,False,1.0,1.0,0.5,0.1,0.01,anisotropic,0.0125,0.0215443469003188,7,100000,78.34996318817139,36.78493942332779,0.9785414793559062,0.0002093160529952,37.08826139648757,0.9898952431687528,0.0001951957418854,0.0272818171462487
780,0.5,False,1.0,1.0,0.5,0.1,0.01,anisotropic,0.0125,0.0021544346900318,4,100000,78.23039698600769,31.3267217693235,0.8522305925703394,0.0007216579972155,31.416831539045948,0.8977669839005445,0.0007068389152917,0.0359893930744684
781,0.5,False,1.0,1.0,0.5,0.1,0.01,anisotropic,0.0125,0.0215443469003188,7,100000,78.20560145378113,36.7841482624449,0.9713231794823332,0.0002096840191066,36.57802436962231,0.9852933874942694,0.000219875946317,0.0307545535166002
782,0.5,False,1.0,1.0,0.5,0.1,0.01,anisotropic,0.0125,0.0001,0,100000,78.5133261680603,28.001357770560386,0.8965164960355603,0.0015698746666408,28.885173307652835,0.8699952028409136,0.0012808062186085,0.0329278449701376
783,0.5,False,1.0,1.0,0.5,0.1,0.01,anisotropic,0.0125,0.001,3,100000,78.15905809402466,30.605613589183243,0.9077131565106678,0.0008426534381173,31.008599115389487,0.9414096889025724,0.0007679809448949,0.0391861838928554
784,0.5,False,1.0,1.0,0.5,0.1,0.01,anisotropic,0.0125,0.01,6,100000,78.30328941345215,31.649032536623643,0.9585831351344064,0.0006835507003044,31.6947225965569,0.9651002960914212,0.000676397083893,0.0322579383221293
785,0.5,False,1.0,1.0,0.5,0.1,0.01,anisotropic,0.0125,0.0021544346900318,4,100000,78.65530943870544,30.989431245683758,0.9074677762342348,0.0007275675354413,31.112038677111517,0.9369834815952822,0.0007073145129032,0.0354712582683186
786,0.5,False,1.0,1.0,0.5,0.1,0.01,anisotropic,0.0125,0.001,3,100000,78.54911208152771,31.17985520622307,0.9362649338790122,0.0007597597887956,30.57608892551961,0.9595608506590662,0.0008730777736798,0.0366841919038576
787,0.5,False,1.0,1.0,0.5,0.1,0.01,anisotropic,0.0125,0.001,3,100000,78.99294829368591,26.71329463745642,0.8294664052799818,0.0020757061061383,28.681775449274465,0.915203541752173,0.0013192216856288,0.0438440072899789
788,0.5,False,1.0,1.0,0.5,0.1,0.01,anisotropic,0.0125,0.001,3,100000,78.7587776184082,29.93652698299559,0.9522115752844214,0.0009900272018258,29.533542593965244,0.956317450495915,0.0010862894614119,0.0336296146723475
789,0.5,False,1.0,1.0,0.5,0.1,0.01,anisotropic,0.0125,0.0046415888336127,5,100000,78.86719846725464,35.398944995598086,0.95134879860906,0.000288227648749,34.857964091393754,0.9681404465685258,0.0003264628212071,0.0308094567478543
790,0.5,False,1.0,1.0,0.5,0.1,0.01,anisotropic,0.0125,0.0001,0,100000,78.27431654930115,25.87919399235435,0.8376619823072514,0.0023123143721597,27.73641721799175,0.8668187240692639,0.0015077334012166,0.0436924123943419
791,0.5,False,1.0,1.0,0.5,0.1,0.01,anisotropic,0.0125,0.0215443469003188,7,100000,78.99651002883911,35.84374241427406,0.976100814924549,0.0002602721429225,35.58700703527545,0.9788217703877672,0.0002761221368923,0.0310011239488378
792,0.5,False,1.0,1.0,0.5,0.1,0.01,anisotropic,0.0125,0.0021544346900318,4,100000,78.94735217094421,30.504465790944156,0.9647932973705794,0.000887518415599,28.77531668288456,0.92533048308428,0.0013215764285709,0.0360788112357507
793,0.5,False,1.0,1.0,0.5,0.1,0.01,anisotropic,0.0125,0.0001,0,100000,79.1765615940094,25.32801493697839,0.9052340182163476,0.0029138614302576,23.53793446092179,0.8765610697017152,0.0044002458549228,0.0453274562423669
794,0.5,False,1.0,1.0,0.5,0.1,0.01,anisotropic,0.0125,0.0215443469003188,7,100000,79.28579926490784,28.254903255636712,0.9278302472638166,0.0014867594662663,28.04495627286893,0.9414840413317838,0.0015603980921075,0.0315381767644307
795,0.5,False,1.0,1.0,0.5,0.1,0.01,anisotropic,0.0125,0.0215443469003188,7,100000,77.90388488769531,35.653073107201834,0.9547687557646892,0.0002720306279144,37.38053095035352,0.9775088980006084,0.0001827561580681,0.033094492957701
796,0.5,False,1.0,1.0,0.5,0.1,0.01,anisotropic,0.0125,0.0002154434690031,1,100000,78.90332365036011,25.440551554739294,0.8097346989474582,0.0025289988139493,26.90006998002268,0.8765412241181049,0.0018071607401543,0.0419735343863009
797,0.5,False,1.0,1.0,0.5,0.1,0.01,anisotropic,0.0125,0.0215443469003188,7,100000,78.76274371147156,35.56892701365473,0.9579756593859234,0.0002764419943915,34.904335012809085,0.9680920930481548,0.0003221537696842,0.0317049097571248
798,0.5,False,1.0,1.0,0.5,0.1,0.01,anisotropic,0.0125,0.0215443469003188,7,100000,78.69023633003235,34.420624432399464,0.9543492039329096,0.0003603263514987,35.861609278409865,0.9810472448045184,0.000258581553126,0.0280163137215082
799,0.5,False,1.0,1.0,0.5,0.1,0.01,anisotropic,0.0125,0.0464158883361277,8,100000,78.38165020942688,32.53792140373491,0.9209615240503886,0.0004059680498518,32.51570555768004,0.948377936072111,0.0004080500543682,0.0275535211817272
800,0.5,False,1.0,1.0,0.5,0.1,0.01,anisotropic,0.0125,0.001,3,100000,81.1076431274414,31.002812729350275,0.9150422867286966,0.0007378918149252,32.38287963459695,0.938815911954004,0.0005370144877939,0.0432109665476448
801,0.5,False,1.0,1.0,0.5,0.1,0.01,anisotropic,0.0125,0.0464158883361277,8,100000,81.29240989685059,38.72276239123676,0.9904527132411072,0.0001340123402538,37.71284555521565,0.9852356551942,0.0001690972227973,0.0261451415525652
802,0.5,False,1.0,1.0,0.5,0.1,0.01,anisotropic,0.0125,0.0001,0,100000,81.32517170906067,25.7478169305989,0.871612737560796,0.0026205748417342,28.26628516597313,0.9353020346411642,0.0014674041528305,0.0412571779762499
803,0.5,False,1.0,1.0,0.5,0.1,0.01,anisotropic,0.0125,0.0215443469003188,7,100000,80.50081872940063,35.993758177638625,0.9615618613285258,0.0002512892974473,36.28347621464798,0.9830335710007326,0.0002350726961379,0.0295864842198917
804,0.5,False,1.0,1.0,0.5,0.1,0.01,anisotropic,0.0125,0.0046415888336127,5,100000,80.76339221000671,32.31622069349621,0.9664165037192206,0.0005801278177232,32.03670289608275,0.9718785686873508,0.0006186933820888,0.0298549706519504
805,0.5,False,1.0,1.0,0.5,0.1,0.01,anisotropic,0.0125,0.0464158883361277,8,100000,80.41210794448853,36.78714002088227,0.9637284330995428,0.0002093284358149,34.585131281259144,0.9696235664708024,0.0003475594507224,0.0323362691078206
806,0.5,False,1.0,1.0,0.5,0.1,0.01,anisotropic,0.0125,0.01,6,100000,80.51834726333618,32.84669720247335,0.9672044868372875,0.0005186860087095,34.17593599242358,0.9818117716645248,0.0003819272574518,0.0289687694727181
807,0.5,False,1.0,1.0,0.5,0.1,0.01,anisotropic,0.0125,0.0046415888336127,5,100000,80.65453433990479,35.379866413308406,0.9548291633651488,0.0002882242968271,33.619740693604825,0.955642268140346,0.0004322581200155,0.0325678633640257
808,0.5,False,1.0,1.0,0.5,0.1,0.01,anisotropic,0.0125,0.0464158883361277,8,100000,79.75111174583435,38.68653278882491,0.9808604038426636,0.0001351892725976,37.98258775498962,0.9905197208254192,0.0001589778922163,0.0269126235041451
809,0.5,False,1.0,1.0,0.5,0.1,0.01,anisotropic,0.0125,0.0004641588833612,2,100000,81.08765029907227,28.30432352493872,0.8505751317579319,0.001446226679971,28.83946984630845,0.9168164577384216,0.0012785618360854,0.0489491659229991
810,0.5,False,1.0,1.0,0.5,0.1,0.01,anisotropic,0.0125,0.001,3,100000,81.32913565635681,29.92030136159965,0.9251546417451189,0.0010157383457143,28.75748600828656,0.9330743197691576,0.0013275881993129,0.0411663582944271
811,0.5,False,1.0,1.0,0.5,0.1,0.01,anisotropic,0.0125,0.0215443469003188,7,100000,80.03970408439636,36.35428718730728,0.9677549048491372,0.00023137071674,37.16157623799752,0.984339973370852,0.0001921230563348,0.0292130453884419
812,0.5,False,1.0,1.0,0.5,0.1,0.01,anisotropic,0.0125,0.0215443469003188,7,100000,80.57960343360901,36.3100716692373,0.9838618753778304,0.0002336913145422,36.22141307280577,0.9839643537695014,0.0002385110098406,0.029647900879408
813,0.5,False,1.0,1.0,0.5,0.1,0.01,anisotropic,0.0125,0.001,3,100000,80.31476044654846,29.294743542366263,0.8599913686728305,0.0011541711764551,29.5990855745638,0.9244325217649664,0.0010760588435783,0.045833478598903
814,0.5,False,1.0,1.0,0.5,0.1,0.01,anisotropic,0.0125,0.0001,0,100000,81.60660672187805,25.385583912517493,0.895535193872345,0.002736915674477,26.34596785391908,0.897937101895733,0.0021939312928006,0.0424053170111287
815,0.5,False,1.0,1.0,0.5,0.1,0.01,anisotropic,0.0125,0.0215443469003188,7,100000,80.66912198066711,32.45062024648054,0.965296859727535,0.000568487942119,31.850639757160547,0.9734922529769487,0.0006527085572215,0.0286984051134502
816,0.5,False,1.0,1.0,0.5,0.1,0.01,anisotropic,0.0125,0.0021544346900318,4,100000,81.01363182067871,25.265553374196376,0.8879123924783873,0.0029419369068556,23.92098712795835,0.8459874514909713,0.0040094977969131,0.0350568533303512
817,0.5,False,1.0,1.0,0.5,0.1,0.01,anisotropic,0.0125,0.0464158883361277,8,100000,80.3276379108429,35.2390221655436,0.9791602072434116,0.0002991781386546,34.29343839138285,0.9809820451446551,0.0003719531433834,0.027856746766212
818,0.5,False,1.0,1.0,0.5,0.1,0.01,anisotropic,0.0125,0.01,6,100000,80.94740748405457,34.07770352056433,0.923087737114439,0.0003909411735794,35.2181561815678,0.9731206678744276,0.0003006534185086,0.0322254859802462
819,0.5,False,1.0,1.0,0.5,0.1,0.01,anisotropic,0.0125,0.0215443469003188,7,100000,80.07029962539673,39.047901477079655,0.9885890662750552,0.0001244299409587,37.30753709167472,0.9806565270149004,0.0001857639057128,0.0285720706370056
820,0.5,False,1.0,1.0,0.5,0.1,0.01,anisotropic,0.0125,0.0464158883361277,8,100000,80.43425941467285,36.45887938671838,0.9728879265320602,0.0002257021019587,36.47277675796092,0.9849612662942115,0.0002249810122986,0.0293548435624373
821,0.5,False,1.0,1.0,0.5,0.1,0.01,anisotropic,0.0125,0.001,3,100000,80.56823635101318,28.18959400878725,0.8465653412988158,0.0013253501114986,30.45608431287436,0.9264360326413288,0.0007864689632387,0.0363997514175345
822,0.5,False,1.0,1.0,0.5,0.1,0.01,anisotropic,0.0125,0.0021544346900318,4,100000,80.45346117019653,30.670575572289827,0.9512080902772,0.0008456432423605,29.90692452092905,0.9531558752626712,0.0010082129881106,0.0362773934827475
823,0.5,False,1.0,1.0,0.5,0.1,0.01,anisotropic,0.0125,0.0021544346900318,4,100000,81.27564191818237,29.78629532055838,0.9249974352567046,0.0010492901060688,30.015433452691735,0.9396914308552604,0.0009953636226654,0.040766195404097
824,0.5,False,1.0,1.0,0.5,0.1,0.01,anisotropic,0.0125,0.0215443469003188,7,100000,80.80292105674744,38.88598656474119,0.9885155667004328,0.0001291801047008,37.18316914809166,0.983173044712808,0.0001911953711914,0.0272659948568529
825,0.5,False,1.0,1.0,0.5,0.1,0.01,anisotropic,0.0125,0.0021544346900318,4,100000,80.37129378318787,28.870617536176542,0.9177567160225903,0.0012882254334482,27.890456241131645,0.9152616650295976,0.0016143882898126,0.0352395447451631
826,0.5,False,1.0,1.0,0.5,0.1,0.01,anisotropic,0.0125,0.0046415888336127,5,100000,80.961266040802,30.971439117078194,0.9398174609015418,0.0007964995854859,30.309484229493016,0.9528106514109036,0.0009276433655604,0.0345797604915842
827,0.5,False,1.0,1.0,0.5,0.1,0.01,anisotropic,0.0125,0.0021544346900318,4,100000,80.66656827926636,27.930960910001424,0.8924338039556841,0.0015864535195941,27.58220310182636,0.9113827056830875,0.0017191078891616,0.0355245750062497
828,0.5,False,1.0,1.0,0.5,0.1,0.01,anisotropic,0.0125,0.0021544346900318,4,100000,80.5447244644165,28.45033837851954,0.9405302057858544,0.0014017714388559,26.55580771770296,0.9081672399266224,0.0021683544372617,0.0328315256229935
829,0.5,False,1.0,1.0,0.5,0.1,0.01,anisotropic,0.0125,0.0046415888336127,5,100000,80.39918923377991,31.485136837140733,0.9120610487891738,0.0005803745824211,29.50103164844068,0.8878285422069849,0.0009164713713746,0.0336135018725148
830,0.5,False,1.0,1.0,0.5,0.1,0.01,anisotropic,0.0125,0.01,6,100000,80.56632971763611,31.227110042461906,0.919215502017164,0.0007526798113672,33.110921767588714,0.9649967003150854,0.0004877857343275,0.0362230832255864
831,0.5,False,1.0,1.0,0.5,0.1,0.01,anisotropic,0.0125,0.0021544346900318,4,100000,80.51935815811157,31.99666405642459,0.8709234198737335,0.0006305126249253,28.678609783774952,0.8294138349441174,0.0013536276416329,0.044469220637577
832,0.5,False,1.0,1.0,0.5,0.1,0.01,anisotropic,0.0125,0.0021544346900318,4,100000,79.9730315208435,31.494573508690195,0.944312035277067,0.000706785560934,32.67017020374905,0.9669082520415316,0.0005391728300251,0.03752208347757
833,0.5,False,1.0,1.0,0.5,0.1,0.01,anisotropic,0.0125,0.0464158883361277,8,100000,79.4157874584198,29.14816096084433,0.8986267255497793,0.0010749163243456,29.36820415906134,0.933569676814982,0.0010218104469515,0.0313900852140343
834,0.5,False,1.0,1.0,0.5,0.1,0.01,anisotropic,0.0125,0.0021544346900318,4,100000,80.90354347229004,26.86472567859658,0.8496165389139669,0.0020286494690143,28.988656111835947,0.9304961394617648,0.0012439816333743,0.0386885463481144
835,0.5,False,1.0,1.0,0.5,0.1,0.01,anisotropic,0.0125,0.0046415888336127,5,100000,79.92501711845398,36.57511037249628,0.9521519395135472,0.0002176253044428,33.076365743927894,0.92198212343857,0.0004870615590012,0.0281397740822139
836,0.5,False,1.0,1.0,0.5,0.1,0.01,anisotropic,0.0125,0.0215443469003188,7,100000,80.86091184616089,32.151129572976934,0.9262778224264836,0.0005953440330359,32.357445567427746,0.9573500362239292,0.0005677228911064,0.0299531028761546
837,0.5,False,1.0,1.0,0.5,0.1,0.01,anisotropic,0.0125,0.0046415888336127,5,100000,80.99360728263855,27.93430851442104,0.9234756836211712,0.0015880297130065,27.296070231848446,0.9236324081748766,0.0018394265568008,0.0377555582419842
838,0.5,False,1.0,1.0,0.5,0.1,0.01,anisotropic,0.0125,0.0215443469003188,7,100000,80.33234238624573,31.72143616497412,0.9515553205328352,0.0006714162409939,31.57465753573516,0.9655070346030236,0.0006944959303587,0.0316158149712912
839,0.5,False,1.0,1.0,0.5,0.1,0.01,anisotropic,0.0125,0.01,6,100000,80.50669741630554,26.90316297237624,0.8689574222751624,0.0018418498255898,26.879701242179376,0.9069172022490164,0.0018518269079392,0.0336179307166938
840,0.5,False,1.0,1.0,0.5,0.1,0.01,anisotropic,0.0125,0.01,6,100000,80.57037568092346,33.7272177451458,0.9725248916818386,0.0004230076137198,33.50557085837273,0.971293147571015,0.0004451566576871,0.0298568399723813
841,0.5,False,1.0,1.0,0.5,0.1,0.01,anisotropic,0.0125,0.0021544346900318,4,100000,80.98459219932556,30.498800770344253,0.9476738463674051,0.0008819009203494,27.89768388845452,0.91861056800373,0.0016052086228954,0.0346535483818514
842,0.5,False,1.0,1.0,0.5,0.1,0.01,anisotropic,0.0125,0.001,3,100000,79.82473587989807,29.46749186630185,0.9093884763134576,0.0011120798389109,29.204721863508656,0.9396619145994004,0.0011814435283904,0.0397123905825488
843,0.5,False,1.0,1.0,0.5,0.1,0.01,anisotropic,0.0125,0.0215443469003188,7,100000,80.35419940948486,34.74001332478003,0.9771863120577132,0.0003355551687485,34.12672787621468,0.9719933932369856,0.0003864492579798,0.0285686669210777
844,0.5,False,1.0,1.0,0.5,0.1,0.01,anisotropic,0.0125,0.0046415888336127,5,100000,79.845379114151,35.20875731688558,0.9500963477480618,0.0003005155951494,33.670043571657445,0.9539831391420464,0.0004282904483989,0.0345508657828685
845,0.5,False,1.0,1.0,0.5,0.1,0.01,anisotropic,0.0125,0.0046415888336127,5,100000,80.31376028060913,33.61678807705812,0.9246200968098444,0.0004343387514065,34.02068455038612,0.9561721972611316,0.0003957664098039,0.0336124119040909
846,0.5,False,1.0,1.0,0.5,0.1,0.01,anisotropic,0.0125,0.01,6,100000,79.95977354049683,35.553843032704094,0.9476213180372222,0.0002781423791088,33.332285464804976,0.9623993625463508,0.0004638984504845,0.0340260274064894
847,0.5,False,1.0,1.0,0.5,0.1,0.01,anisotropic,0.0125,0.0004641588833612,2,100000,80.23595714569092,29.39921604945656,0.9014135425418996,0.0011057059874177,29.731301655967854,0.9035206480009847,0.0010243092642448,0.0366659802341628
848,0.5,False,1.0,1.0,0.5,0.1,0.01,anisotropic,0.0125,0.0215443469003188,7,100000,80.33609580993652,35.36139843143293,0.9515780035581468,0.0002905778523503,34.910364309799434,0.949397645838803,0.0003223783897903,0.0282625963129908
849,0.5,False,1.0,1.0,0.5,0.1,0.01,anisotropic,0.0125,0.0021544346900318,4,100000,80.1344735622406,31.617364447922057,0.9539809201971778,0.0006751171320221,30.221008331154536,0.9513677805076324,0.0009311394792379,0.035368054612166
850,0.5,False,1.0,1.0,0.5,0.1,0.01,anisotropic,0.0125,0.0004641588833612,2,100000,82.48119139671326,30.2543955110604,0.9040465821160693,0.0009150273066503,29.54941718291579,0.9285886856093656,0.0010762963995895,0.0407670304639609
851,0.5,False,1.0,1.0,0.5,0.1,0.01,anisotropic,0.0125,0.0215443469003188,7,100000,82.24409198760986,35.31794777656502,0.9481845998713572,0.0002934238793417,35.640888940722284,0.9726772146838032,0.0002723963840287,0.0305154851128919
852,0.5,False,1.0,1.0,0.5,0.1,0.01,anisotropic,0.0125,0.0215443469003188,7,100000,82.29751515388489,31.516500998828768,0.9094007646623828,0.0003170885963073,33.4944058939345,0.9477409926329906,0.0002010898424918,0.0324424594202114
853,0.5,False,1.0,1.0,0.5,0.1,0.01,anisotropic,0.0125,0.0001,0,100000,82.89012908935547,25.31792385610517,0.8709823904682469,0.0028858663736134,27.23364867569108,0.9100613296037496,0.0018565375422808,0.0454744022600117
854,0.5,False,1.0,1.0,0.5,0.1,0.01,anisotropic,0.0125,0.0046415888336127,5,100000,82.12652468681335,35.62472303245846,0.9715606193649736,0.0002733635505407,34.482806742749126,0.9710665462642428,0.0003555758325427,0.0316011378058237
855,0.5,False,1.0,1.0,0.5,0.1,0.01,anisotropic,0.0125,0.001,3,100000,82.10530734062195,28.90265592754861,0.9055782304569676,0.0012824749961352,27.023667938400592,0.8941721695009591,0.0019767316026427,0.0407171232135909
856,0.5,False,1.0,1.0,0.5,0.1,0.01,anisotropic,0.0125,0.0215443469003188,7,100000,81.88304543495178,35.2140342190093,0.9588054365237084,0.0003003401357996,36.49515052058883,0.9843230833089084,0.000223615417144,0.0276428726286296
857,0.5,False,1.0,1.0,0.5,0.1,0.01,anisotropic,0.0125,0.0021544346900318,4,100000,82.15460300445557,31.79226230558109,0.8987371364159906,0.0006570550870358,31.527547306672997,0.8948247882183795,0.0006983502322581,0.032196238111049
858,0.5,False,1.0,1.0,0.5,0.1,0.01,anisotropic,0.0125,0.0215443469003188,7,100000,82.72984099388123,37.34720559554097,0.9744412774136084,0.0001839513939545,38.24097688564409,0.984824606855044,0.0001497359058207,0.0296299506842085
859,0.5,False,1.0,1.0,0.5,0.1,0.01,anisotropic,0.0125,0.0021544346900318,4,100000,81.72635006904602,30.91262713905011,0.9261303938100538,0.0008080763218788,31.111567965241047,0.9566635140133414,0.0007718951260827,0.0377138450920504
860,0.5,False,1.0,1.0,0.5,0.1,0.01,anisotropic,0.0125,0.0046415888336127,5,100000,81.78207397460938,30.64288306504058,0.9540258238351323,0.0008606687017394,30.364096006963045,0.957498847461195,0.0009177295502747,0.034009877626082
861,0.5,False,1.0,1.0,0.5,0.1,0.01,anisotropic,0.0125,0.001,3,100000,82.13011598587036,30.98613988591284,0.9263310482741578,0.0007469968280098,30.180002065618137,0.9265397845165512,0.0008993578706378,0.0342201569034353
862,0.5,False,1.0,1.0,0.5,0.1,0.01,anisotropic,0.0125,0.001,3,100000,82.70722317695618,32.31686317875236,0.8716585000660657,0.0005675179682441,31.111940652350825,0.8792539867090077,0.0007489828422481,0.0365092286525046
863,0.5,False,1.0,1.0,0.5,0.1,0.01,anisotropic,0.0125,0.0004641588833612,2,100000,82.09969830513,27.22877036026499,0.8997482840695248,0.0018594221265711,26.08962181475444,0.870142007277083,0.0024170901534899,0.0416618030812393
864,0.5,False,1.0,1.0,0.5,0.1,0.01,anisotropic,0.0125,0.0046415888336127,5,100000,82.47625088691711,30.36517753044538,0.9150466370232812,0.0008985359080977,31.666919113778533,0.955146560867406,0.0006658268111784,0.0342202419760467
865,0.5,False,1.0,1.0,0.5,0.1,0.01,anisotropic,0.0125,0.01,6,100000,82.44638419151306,29.43220031427117,0.9273504051613594,0.0011387195960962,29.243206400531164,0.9352910711901292,0.0011893678252895,0.0342338863886278
866,0.5,False,1.0,1.0,0.5,0.1,0.01,anisotropic,0.0125,0.0215443469003188,7,100000,82.735759973526,34.04390259792747,0.974171425441765,0.000393926879614,32.20560197765735,0.9447240276729356,0.0006015139142945,0.0348682795955118
867,0.5,False,1.0,1.0,0.5,0.1,0.01,anisotropic,0.0125,0.0464158883361277,8,100000,82.2082576751709,38.731562650732485,0.9788238749085104,0.0001337538219533,38.53081949309716,0.9854893703122828,0.0001400814138305,0.0285174295821185
868,0.5,False,1.0,1.0,0.5,0.1,0.01,anisotropic,0.0125,0.0046415888336127,5,100000,82.09271359443665,24.38179902348533,0.850030067262695,0.0035603347184326,23.727609058248817,0.8529186290824214,0.0041391372345583,0.0367804642050129
869,0.5,False,1.0,1.0,0.5,0.1,0.01,anisotropic,0.0125,0.0215443469003188,7,100000,82.579416513443,37.87459500576213,0.9806105434788857,0.0001628937651511,36.71663851139727,0.9752190984182378,0.0002126670031772,0.030450122706139
870,0.5,False,1.0,1.0,0.5,0.1,0.01,anisotropic,0.0125,0.0215443469003188,7,100000,82.74230456352234,35.999144118038515,0.9728854867660288,0.0002511444444134,36.18007582179379,0.9793080940183426,0.0002408964528572,0.0294848515776233
871,0.5,False,1.0,1.0,0.5,0.1,0.01,anisotropic,0.0125,0.0021544346900318,4,100000,82.5963888168335,26.67852107643926,0.8650360713239473,0.0021381622633437,26.12147250415818,0.8703115867220867,0.002430779234316,0.037932387604134
872,0.5,False,1.0,1.0,0.5,0.1,0.01,anisotropic,0.0125,0.01,6,100000,82.18481183052063,30.54380888509049,0.9506671657237892,0.0008802562012966,29.527415650825706,0.9497146037660802,0.0011123678204698,0.0348416820629841
873,0.5,False,1.0,1.0,0.5,0.1,0.01,anisotropic,0.0125,0.0046415888336127,5,100000,81.95954036712646,35.14173628606581,0.9670319273705944,0.0003052334130783,32.63352082155055,0.9516386146558864,0.0005438180513965,0.0323171351562728
874,0.5,False,1.0,1.0,0.5,0.1,0.01,anisotropic,0.0125,0.001,3,100000,82.46646976470947,29.87763651805022,0.85696587188396,0.0009535497287715,28.063699477220357,0.8264831232877277,0.0014478949422144,0.0353678917946846
875,0.5,False,1.0,1.0,0.5,0.1,0.01,anisotropic,0.0125,0.0215443469003188,7,100000,81.85280799865723,29.5036492035559,0.9495498723320372,0.001117688483595,28.92604477392872,0.9378678530310576,0.0012766775427625,0.0318324939231541
876,0.5,False,1.0,1.0,0.5,0.1,0.01,anisotropic,0.0125,0.0021544346900318,4,100000,82.36162853240967,29.755422501526915,0.9264680189676012,0.0010514740188724,28.84309282418023,0.9268738956059124,0.0012972734018903,0.0387032328096532
877,0.5,False,1.0,1.0,0.5,0.1,0.01,anisotropic,0.0125,0.0215443469003188,7,100000,82.77917647361755,34.55287990845564,0.9640995729492512,0.0003503643496186,34.214765286009296,0.9770683054428791,0.0003787314508107,0.0320907553736507
878,0.5,False,1.0,1.0,0.5,0.1,0.01,anisotropic,0.0125,0.0021544346900318,4,100000,83.98400521278381,31.142026511846296,0.9425223889419764,0.0007071176442753,29.383851870971583,0.9373390351343446,0.0010600079882975,0.0346040635453786
879,0.5,False,1.0,1.0,0.5,0.1,0.01,anisotropic,0.0125,0.0215443469003188,7,100000,82.42394948005676,37.04476645185103,0.9771920920227344,0.000197393866727,38.32742404404214,0.989452960985252,0.0001469155939598,0.0273623172387225
880,0.5,False,1.0,1.0,0.5,0.1,0.01,anisotropic,0.0125,0.0021544346900318,4,100000,82.19369912147522,28.540605117081448,0.903576464135684,0.0013438890360478,28.12821495837756,0.919880376640214,0.0014777549633252,0.0333320495405587
881,0.5,False,1.0,1.0,0.5,0.1,0.01,anisotropic,0.0125,0.01,6,100000,82.23950028419495,27.096167616008124,0.8676203873905511,0.0016358075664029,26.296651101574607,0.8561018705397615,0.0019664543279743,0.0301378854825003
882,0.5,False,1.0,1.0,0.5,0.1,0.01,anisotropic,0.0125,0.0004641588833612,2,100000,82.5853943824768,29.9354984120118,0.9278004424640544,0.000925935859842,28.85714408252763,0.9009561938868348,0.001186906031555,0.033160345988367
883,0.5,False,1.0,1.0,0.5,0.1,0.01,anisotropic,0.0125,0.0021544346900318,4,100000,82.76870226860046,28.193672683962188,0.8630272542013921,0.0015098969525393,27.53801667031231,0.8998867550351539,0.0017559530912815,0.0461981614471704
884,0.5,False,1.0,1.0,0.5,0.1,0.01,anisotropic,0.0125,0.01,6,100000,82.82912683486938,30.479267509889265,0.937516592037668,0.0008938727104713,30.456145576160797,0.9473510428641714,0.0008986443994576,0.0373556994096843
885,0.5,False,1.0,1.0,0.5,0.1,0.01,anisotropic,0.0125,0.001,3,100000,82.18498873710632,28.85707164535833,0.8750173696830226,0.001253459765477,26.902403239857566,0.852729972737646,0.0019659715951554,0.0450150636818726
886,0.5,False,1.0,1.0,0.5,0.1,0.01,anisotropic,0.0125,0.0004641588833612,2,100000,82.50100302696228,26.74538880633621,0.9228616259128152,0.0021073808169371,26.797245748737943,0.9373465824560868,0.0020823672659159,0.0391720151114317
887,0.5,False,1.0,1.0,0.5,0.1,0.01,anisotropic,0.0125,0.0464158883361277,8,100000,82.26369976997375,36.18503963453946,0.9662036096262372,0.0002405435254628,36.1614162792995,0.9897722516024224,0.0002418555218661,0.0268972901645297
888,0.5,False,1.0,1.0,0.5,0.1,0.01,anisotropic,0.0125,0.0215443469003188,7,100000,82.0445704460144,36.73986381745839,0.973214858772434,0.0002116217879644,34.57467697526398,0.965973104639652,0.0003484007358352,0.0337969724920673
889,0.5,False,1.0,1.0,0.5,0.1,0.01,anisotropic,0.0125,0.0215443469003188,7,100000,82.55477714538574,26.578994593303648,0.8769581945986246,0.0021654614925484,26.167025437487244,0.883597219955951,0.0023809341316421,0.0321932152558736
890,0.5,False,1.0,1.0,0.5,0.1,0.01,anisotropic,0.0125,0.0215443469003188,7,100000,82.04982900619507,38.8284319972081,0.982777092860587,0.0001305757586193,36.57929617108287,0.984847013588676,0.0002191674932099,0.0271378189406924
891,0.5,False,1.0,1.0,0.5,0.1,0.01,anisotropic,0.0125,0.0215443469003188,7,100000,82.00673151016235,37.662586381888914,0.9824050100229508,0.0001710332242321,36.2204575666865,0.986989022415176,0.0002383929261572,0.0264476191160987
892,0.5,False,1.0,1.0,0.5,0.1,0.01,anisotropic,0.0125,0.0001,0,100000,82.67380547523499,26.35953872123079,0.8939838192751742,0.0022881736387924,26.193215713457636,0.9026669183332408,0.0023775041228577,0.0379755518729734
893,0.5,False,1.0,1.0,0.5,0.1,0.01,anisotropic,0.0125,0.0046415888336127,5,100000,82.15870189666748,27.86515360280893,0.9149606144258116,0.0016302504408238,28.081653948913758,0.9362155278896264,0.001550973193589,0.0361761826163255
894,0.5,False,1.0,1.0,0.5,0.1,0.01,anisotropic,0.0125,0.0215443469003188,7,100000,82.43677854537964,33.848984340377406,0.97552433956862,0.0004118322589276,32.894550072685256,0.9766468243847632,0.0005130548397855,0.030528095663749
895,0.5,False,1.0,1.0,0.5,0.1,0.01,anisotropic,0.0125,0.0215443469003188,7,100000,81.92181324958801,34.68905355216633,0.9421228646139056,0.0003393810872894,35.29900702717604,0.9741515241825196,0.0002949118946104,0.0360216067879278
896,0.5,False,1.0,1.0,0.5,0.1,0.01,anisotropic,0.0125,0.0215443469003188,7,100000,82.32744574546814,28.48594562777193,0.8586425872052749,0.0013289941134211,29.491401432849266,0.9169016261953088,0.0010543322156276,0.0335473204712044
897,0.5,False,1.0,1.0,0.5,0.1,0.01,anisotropic,0.0125,0.0001,0,100000,82.35503792762756,23.09660619410593,0.8235792767600613,0.003631617397031,25.932128882501605,0.8867078763935554,0.0018903743640016,0.0369708278892704
898,0.5,False,1.0,1.0,0.5,0.1,0.01,anisotropic,0.0125,0.0215443469003188,7,100000,82.08430004119873,36.512361082809406,0.9686663627077814,0.0002228504833717,37.31205114051125,0.9880031509541356,0.0001853721873986,0.0271824787017043
899,0.5,False,1.0,1.0,0.5,0.1,0.01,anisotropic,0.0125,0.0215443469003188,7,100000,82.22773051261902,34.637415917957,0.9511604362588284,0.0003436153846181,36.001520216303206,0.9829897531311932,0.0002509933241164,0.0335017386288811
900,0.5,False,1.0,1.0,0.5,0.1,0.01,anisotropic,0.0125,0.01,6,100000,80.21765565872192,35.02864298324548,0.9806944135313438,0.0003134251767421,35.7903572966132,0.978761016583148,0.0002630040571802,0.0295331248170761
901,0.5,False,1.0,1.0,0.5,0.1,0.01,anisotropic,0.0125,0.01,6,100000,79.99054908752441,33.9785020758999,0.9470963633174064,0.0003992559398219,35.16642703577471,0.9757929124437652,0.000303709858858,0.0312677993615086
902,0.5,False,1.0,1.0,0.5,0.1,0.01,anisotropic,0.0125,0.0021544346900318,4,100000,79.95861673355103,30.16523184430682,0.8605661181794377,0.0009035544514179,28.20380484080453,0.8308589761512687,0.0014193746032642,0.0357654737534593
903,0.5,False,1.0,1.0,0.5,0.1,0.01,anisotropic,0.0125,0.01,6,100000,80.59577631950378,30.82126551661875,0.9324108984197088,0.000748998650688,30.507870236554,0.9457114285493438,0.0008050457531705,0.0297850511947045
904,0.5,False,1.0,1.0,0.5,0.1,0.01,anisotropic,0.0125,0.0046415888336127,5,100000,79.89022088050842,36.22999440607038,0.9410716134408156,0.0002371823744784,33.092468828686286,0.9367656152417584,0.0004884667091919,0.0355077116302257
905,0.5,False,1.0,1.0,0.5,0.1,0.01,anisotropic,0.0125,0.0001,0,100000,80.60480570793152,25.67458462149253,0.8950134228682969,0.0026954954134794,26.086410992628963,0.8787367977692107,0.0024516358314338,0.0425716294566611
906,0.5,False,1.0,1.0,0.5,0.1,0.01,anisotropic,0.0125,0.01,6,100000,79.57456135749817,33.938437719909075,0.974311767663441,0.000403171988404,31.722516863403072,0.9555465047473296,0.0006715563132234,0.0294424963579815
907,0.5,False,1.0,1.0,0.5,0.1,0.01,anisotropic,0.0125,0.0215443469003188,7,100000,79.45362281799316,38.77086399737583,0.9611742072214998,0.0001323222767878,39.95287423715277,0.985778234720504,0.0001007933641897,0.0293143972899829
908,0.5,False,1.0,1.0,0.5,0.1,0.01,anisotropic,0.0125,0.0002154434690031,1,100000,80.31925344467163,27.39434918413549,0.910435208518362,0.0018212697720536,27.04418165493887,0.9084358595395468,0.0019741994769437,0.0450581659885256
909,0.5,False,1.0,1.0,0.5,0.1,0.01,anisotropic,0.0125,0.0215443469003188,7,100000,80.67414283752441,33.875989158420026,0.9679744086706352,0.000408699291771,34.21182698033545,0.9725986717834676,0.0003782858555543,0.0290175648283627
910,0.5,False,1.0,1.0,0.5,0.1,0.01,anisotropic,0.0125,0.0215443469003188,7,100000,80.17162942886353,35.64574833236664,0.976971408494879,0.000271998715965,34.33149924814417,0.973780242566781,0.0003681219910113,0.0310455040887217
911,0.5,False,1.0,1.0,0.5,0.1,0.01,anisotropic,0.0125,0.0001,0,100000,81.16852974891663,25.92046644870893,0.8602433641994333,0.0021291761780783,29.17734298234415,0.910721284554234,0.0010058285185438,0.037112647475725
912,0.5,False,1.0,1.0,0.5,0.1,0.01,anisotropic,0.0125,0.001,3,100000,80.15635704994202,30.031432010346556,0.8891230673551619,0.0007720496407305,29.279253281131226,0.9007597428982206,0.0009180431577708,0.0329669288346825
913,0.5,False,1.0,1.0,0.5,0.1,0.01,anisotropic,0.0125,0.0001,0,100000,79.99919557571411,26.119811387388005,0.8389926497301303,0.0017728770259194,28.512514592892128,0.8905558753475293,0.00102189974701,0.0446666520663747
914,0.5,False,1.0,1.0,0.5,0.1,0.01,anisotropic,0.0125,0.01,6,100000,79.77309465408325,35.337238863503366,0.9628982962659962,0.0002923694651695,34.439048378580814,0.9664556082348444,0.0003595431854108,0.0340632143639883
915,0.5,False,1.0,1.0,0.5,0.1,0.01,anisotropic,0.0125,0.01,6,100000,79.26155471801758,30.018513821856388,0.9037757899855476,0.0009951813441409,30.80898112721907,0.9421668192867227,0.0008295746939955,0.0303585292516443
916,0.5,False,1.0,1.0,0.5,0.1,0.01,anisotropic,0.0125,0.0021544346900318,4,100000,80.54832434654236,26.841539698914044,0.8782722833504532,0.0020656715907521,27.477026657722075,0.9160417039233474,0.0017844836813968,0.0338422453359815
917,0.5,False,1.0,1.0,0.5,0.1,0.01,anisotropic,0.0125,0.0215443469003188,7,100000,79.9152946472168,37.1102655342139,0.9736935600088787,0.0001943450152871,37.95316217067619,0.9836826801828088,0.000160060342673,0.0308242041662281
918,0.5,False,1.0,1.0,0.5,0.1,0.01,anisotropic,0.0125,0.0002154434690031,1,100000,79.88583087921143,28.44518109666744,0.9261833621776993,0.0013991167492633,24.7778403295946,0.86243826380651,0.0032552776197199,0.0401567388408099
919,0.5,False,1.0,1.0,0.5,0.1,0.01,anisotropic,0.0125,0.0215443469003188,7,100000,79.84762144088745,35.66762537076031,0.9672283611462112,0.0002701850348994,33.046553435512934,0.9328867903739584,0.000494047247485,0.0338626280293068
920,0.5,False,1.0,1.0,0.5,0.1,0.01,anisotropic,0.0125,0.0046415888336127,5,100000,79.57964515686035,29.38812115507785,0.8767630285614333,0.0011090939693573,30.71736421020576,0.9210229485555702,0.0008166651786481,0.0401441037996332
921,0.5,False,1.0,1.0,0.5,0.1,0.01,anisotropic,0.0125,0.0215443469003188,7,100000,78.761709690094,30.232239225006083,0.9039177352277674,0.0007020224535507,28.84271346355719,0.8932994835008377,0.0009667264005732,0.0271081013837567
922,0.5,False,1.0,1.0,0.5,0.1,0.01,anisotropic,0.0125,0.0215443469003188,7,100000,79.95365333557129,35.14741814813079,0.966451696989426,0.0003055110534931,36.529339860742496,0.9831387576070444,0.0002222464110683,0.0263641543056622
923,0.5,False,1.0,1.0,0.5,0.1,0.01,anisotropic,0.0125,0.0001,0,100000,79.8322696685791,25.86522167702256,0.9001796784620706,0.0025675803348652,27.819410187289485,0.930577263958258,0.0016372130199997,0.0442269171053641
924,0.5,False,1.0,1.0,0.5,0.1,0.01,anisotropic,0.0125,0.0215443469003188,7,100000,79.05027484893799,36.47916727624835,0.9453260341709938,0.0002245585418058,36.38972168268658,0.9720223899431236,0.0002292314169164,0.033467556089865
925,0.5,False,1.0,1.0,0.5,0.1,0.01,anisotropic,0.0125,0.0215443469003188,7,100000,79.0006377696991,35.26434760109615,0.964550843896114,0.0002974708947804,36.14844888338907,0.9844433961147852,0.0002426802041241,0.0297138274765441
926,0.5,False,1.0,1.0,0.5,0.1,0.01,anisotropic,0.0125,0.01,6,100000,79.62842655181885,29.668251850222653,0.9548954818353524,0.0010766205301526,28.772201398984222,0.9476268492390636,0.00132332861106,0.0320898667749203
927,0.5,False,1.0,1.0,0.5,0.1,0.01,anisotropic,0.0125,0.01,6,100000,79.63006496429443,31.521301292736528,0.9049753448860718,0.0007038800631324,32.97335181393102,0.966869709968161,0.0005038411240608,0.0357112569726409
928,0.5,False,1.0,1.0,0.5,0.1,0.01,anisotropic,0.0125,0.0021544346900318,4,100000,79.73299932479858,31.187178156481007,0.9480249051569912,0.0007537284343821,30.27518815928453,0.957420625221389,0.0009298521488531,0.0335955368700843
929,0.5,False,1.0,1.0,0.5,0.1,0.01,anisotropic,0.0125,0.0464158883361277,8,100000,80.1921136379242,38.89816834051877,0.981115323946177,0.0001288588585338,38.6059077992479,0.988222593723368,0.0001378289139502,0.0310038339662079
930,0.5,False,1.0,1.0,0.5,0.1,0.01,anisotropic,0.0125,0.0021544346900318,4,100000,79.60854983329773,31.213275992073992,0.9204000269286994,0.0007526347284417,32.74389805978826,0.959857385369457,0.000529080855494,0.0362612019005603
931,0.5,False,1.0,1.0,0.5,0.1,0.01,anisotropic,0.0125,0.0046415888336127,5,100000,80.27545499801636,27.29258838755054,0.8643060588967844,0.001842466138097,26.452653031145186,0.8726459320918606,0.0022355945928393,0.0371435588540677
932,0.5,False,1.0,1.0,0.5,0.1,0.01,anisotropic,0.0125,0.01,6,100000,80.59085774421692,29.484668518622943,0.921710449793239,0.0011222641591966,32.252125586252006,0.975696373208108,0.0005934025205175,0.0312236577723327
933,0.5,False,1.0,1.0,0.5,0.1,0.01,anisotropic,0.0125,0.0021544346900318,4,100000,80.057204246521,28.94853024327744,0.8738802234158369,0.0011840450537544,27.584076295102427,0.8435975784279245,0.0016211142476582,0.030433714790982
934,0.5,False,1.0,1.0,0.5,0.1,0.01,anisotropic,0.0125,0.01,6,100000,79.91023445129395,28.82158012284461,0.9033430804369924,0.0012165161159191,27.861054586049008,0.8922236898031551,0.0015176457859804,0.031384608855367
935,0.5,False,1.0,1.0,0.5,0.1,0.01,anisotropic,0.0125,0.0021544346900318,4,100000,80.85364365577698,29.971622594148684,0.9433368418820816,0.0009996311412206,32.41624276302392,0.9758435167235086,0.0005693479486428,0.037326396875143
936,0.5,False,1.0,1.0,0.5,0.1,0.01,anisotropic,0.0125,0.0004641588833612,2,100000,80.3315908908844,25.5051177843248,0.8365203558698077,0.0027669992538326,25.34291849657571,0.8614127249414665,0.0028722945276689,0.0409891498511097
937,0.5,False,1.0,1.0,0.5,0.1,0.01,anisotropic,0.0125,0.0046415888336127,5,100000,79.84100818634033,32.76035199264622,0.917964131138421,0.0005206734689111,32.748577133456145,0.9710007258161228,0.0005220870663043,0.0333173111633846
938,0.5,False,1.0,1.0,0.5,0.1,0.01,anisotropic,0.0125,0.0046415888336127,5,100000,79.39657378196716,34.019053522309804,0.9520296590610072,0.0003961813584901,33.58911899711383,0.9620962575322212,0.0004374087730311,0.0364052503039965
939,0.5,False,1.0,1.0,0.5,0.1,0.01,anisotropic,0.0125,0.001,3,100000,80.18216133117676,30.242655116584015,0.9201634410638536,0.0009318396094806,29.741053574446337,0.9426570190466326,0.001045926872276,0.0374999602205685
940,0.5,False,1.0,1.0,0.5,0.1,0.01,anisotropic,0.0125,0.01,6,100000,79.81322574615479,28.16679770460398,0.9141147188212708,0.0015093977847605,28.214481404298667,0.9429742316406584,0.0014929158823779,0.0336022295504525
941,0.5,False,1.0,1.0,0.5,0.1,0.01,anisotropic,0.0125,0.0001,0,100000,80.43890738487244,26.02698961661213,0.8339995461583526,0.0019832410539568,29.03771984715267,0.8602465551155916,0.0009915222878078,0.0375645255920926
942,0.5,False,1.0,1.0,0.5,0.1,0.01,anisotropic,0.0125,0.0046415888336127,5,100000,79.52012515068054,26.98578530971016,0.8865678516745157,0.0019438983699774,25.7636625974527,0.8713759469215691,0.0025756439480358,0.0347718395357858
943,0.5,False,1.0,1.0,0.5,0.1,0.01,anisotropic,0.0125,0.001,3,100000,81.215505361557,31.193249451039677,0.8932235298456244,0.000718041431639,29.74281151562171,0.9046484054027084,0.0010027514477781,0.0466871284298733
944,0.5,False,1.0,1.0,0.5,0.1,0.01,anisotropic,0.0125,0.001,3,100000,80.09139442443848,30.44148999317072,0.9198164420668185,0.0008557063606931,29.81803843463296,0.9317777886825284,0.0009878020339816,0.0382539856562826
945,0.5,False,1.0,1.0,0.5,0.1,0.01,anisotropic,0.0125,0.0002154434690031,1,100000,80.04126334190369,28.40875693298394,0.8926407375143482,0.0014291733649146,28.54052902990908,0.8855546533050817,0.0013864611479786,0.0381783723029537
946,0.5,False,1.0,1.0,0.5,0.1,0.01,anisotropic,0.0125,0.01,6,100000,80.0128276348114,24.690672853838457,0.8637993376645743,0.0033545666480841,23.954362162470854,0.8711675107979107,0.0039743626604639,0.0330051394160641
947,0.5,False,1.0,1.0,0.5,0.1,0.01,anisotropic,0.0125,0.0001,0,100000,80.29029202461243,27.194269978235216,0.8900053519271833,0.0017837545245118,28.62540514275984,0.8709012791851787,0.0012829849775687,0.0359860871997711
948,0.5,False,1.0,1.0,0.5,0.1,0.01,anisotropic,0.0125,0.01,6,100000,79.62001395225525,28.356717341413656,0.9087910420764488,0.0014529189804699,28.498778806181956,0.9331757211409712,0.0014061616548157,0.0339334679387482
949,0.5,False,1.0,1.0,0.5,0.1,0.01,anisotropic,0.0125,0.01,6,100000,79.82300209999084,33.15463103815388,0.9227075043906372,0.0004826323379185,34.99686896981952,0.973282234511684,0.0003157858199224,0.0299644202401343
950,0.5,False,1.0,1.0,0.5,0.1,0.01,anisotropic,0.0125,0.0001,0,100000,80.5768678188324,25.225473750992204,0.9074932909191444,0.0029694964727639,25.60876538283111,0.9322531619797106,0.0027186521947892,0.0418447436530865
951,0.5,False,1.0,1.0,0.5,0.1,0.01,anisotropic,0.0125,0.0464158883361277,8,100000,80.10364294052124,36.96110787726184,0.9732728204080806,0.0002010986757472,38.31896830913812,0.9884233712930424,0.0001471035547472,0.0258881949800011
952,0.5,False,1.0,1.0,0.5,0.1,0.01,anisotropic,0.0125,0.001,3,100000,80.23215866088867,27.02971972322688,0.7967499845023056,0.0016829322106156,26.916556385091745,0.8471699791041614,0.0017273603897597,0.0439212734460847
953,0.5,False,1.0,1.0,0.5,0.1,0.01,anisotropic,0.0125,0.0001,0,100000,81.34854030609131,25.63067785591056,0.8407813883382887,0.0026569704249819,27.74961418129909,0.9146877303430156,0.0016311469475046,0.0458567564901232
954,0.5,False,1.0,1.0,0.5,0.1,0.01,anisotropic,0.0125,0.0021544346900318,4,100000,80.06076097488403,26.20467387785149,0.8623397722758077,0.0023696836369874,24.810598507284496,0.8523363341556305,0.0032666146597973,0.0411882004800776
955,0.5,False,1.0,1.0,0.5,0.1,0.01,anisotropic,0.0125,0.0001,0,100000,80.00081825256348,29.38345006009795,0.898392049021861,0.0011380047515088,29.85272215201278,0.9199575156326564,0.0010214494200403,0.0347489372859402
956,0.5,False,1.0,1.0,0.5,0.1,0.01,anisotropic,0.0125,0.0046415888336127,5,100000,80.00957179069519,33.37950052429474,0.9654604835650494,0.0004585703204636,32.94390212669092,0.9739627804912792,0.0005069507649466,0.0313999389577896
957,0.5,False,1.0,1.0,0.5,0.1,0.01,anisotropic,0.0125,0.0215443469003188,7,100000,80.63957357406616,34.99633803471713,0.9687067064380362,0.000316480630901,35.45555629090339,0.9848582342878612,0.0002847248088509,0.0277139794129
958,0.5,False,1.0,1.0,0.5,0.1,0.01,anisotropic,0.0125,0.0021544346900318,4,100000,80.19597291946411,30.922079318920723,0.9487028220823048,0.000773692904289,30.539289297703974,0.9544399312097812,0.0008449823081467,0.0324792483696674
959,0.5,False,1.0,1.0,0.5,0.1,0.01,anisotropic,0.0125,0.0046415888336127,5,100000,80.4060070514679,30.11728923052263,0.9137892941707568,0.0009672787831436,31.215407196320065,0.955547085795151,0.000751172819907,0.0318991521816465
960,0.5,False,1.0,1.0,0.5,0.1,0.01,anisotropic,0.0125,0.001,3,100000,79.431067943573,29.099037183158597,0.9057125110112666,0.000942789061014,29.371781349265767,0.9220459841300064,0.0008854012244476,0.0378794426300234
961,0.5,False,1.0,1.0,0.5,0.1,0.01,anisotropic,0.0125,0.0046415888336127,5,100000,80.07246947288513,28.060127037678697,0.9029611332590576,0.0015319262783404,27.23638322686287,0.8990539649869859,0.0018518774658661,0.0328483468574896
962,0.5,False,1.0,1.0,0.5,0.1,0.01,anisotropic,0.0125,0.0001,0,100000,80.39711880683899,25.21817526869601,0.8994205053962949,0.0030036918481329,25.456332216401943,0.9190203459761036,0.0028434112745231,0.0423261596773276
963,0.5,False,1.0,1.0,0.5,0.1,0.01,anisotropic,0.0125,0.0001,0,100000,79.78381371498108,26.11135168488893,0.8919248850602287,0.0023879343844557,27.909095263300728,0.9073277375286004,0.0015785125214585,0.0372222044925004
964,0.5,False,1.0,1.0,0.5,0.1,0.01,anisotropic,0.0125,0.0464158883361277,8,100000,79.75061845779419,29.452299453811374,0.9024566637868294,0.0004936579000605,29.5655746981496,0.941204323432887,0.0004809484916435,0.0295249609144501
965,0.5,False,1.0,1.0,0.5,0.1,0.01,anisotropic,0.0125,0.001,3,100000,79.75392055511475,31.194727227936557,0.9304819305749308,0.0007484004192334,29.93999669816111,0.899986167189422,0.0009990956661058,0.0375997415307091
966,0.5,False,1.0,1.0,0.5,0.1,0.01,anisotropic,0.0125,0.01,6,100000,80.14493775367737,32.90922397458782,0.9635463894297848,0.0005111914755904,32.595872343182975,0.968517472540014,0.0005494380931478,0.0303917702725992
967,0.5,False,1.0,1.0,0.5,0.1,0.01,anisotropic,0.0125,0.0001,0,100000,80.30123519897461,23.76956563068301,0.8734659968917747,0.0041321493881882,23.0606220989729,0.8652228598071579,0.0048648602292009,0.0428981292305937
968,0.5,False,1.0,1.0,0.5,0.1,0.01,anisotropic,0.0125,0.01,6,100000,79.4069173336029,37.028926463465936,0.9643291007516636,0.0001980927910677,37.7116850696476,0.9829853042890656,0.0001692749953331,0.0294152454787876
969,0.5,False,1.0,1.0,0.5,0.1,0.01,anisotropic,0.0125,0.0021544346900318,4,100000,79.51102566719055,31.68237025460348,0.9470942187417324,0.0006767166005648,32.172787821390145,0.9634293172062804,0.0006044565299526,0.0357569617353825
970,0.5,False,1.0,1.0,0.5,0.1,0.01,anisotropic,0.0125,0.0215443469003188,7,100000,80.67371439933777,34.29638726716895,0.9645276260051652,0.0003716782531425,33.60952378375755,0.967964088558836,0.0004353649874527,0.0327956723341791
971,0.5,False,1.0,1.0,0.5,0.1,0.01,anisotropic,0.0125,0.0046415888336127,5,100000,80.24665880203247,34.117398882731734,0.9215894960727228,0.0003870365339997,34.099260766347044,0.9604434298859786,0.0003886563551161,0.0379082413669677
972,0.5,False,1.0,1.0,0.5,0.1,0.01,anisotropic,0.0125,0.0464158883361277,8,100000,79.4823546409607,32.160167059272034,0.9785327954123284,0.0006074476263273,31.42852850123677,0.974390066798324,0.0007189069715095,0.0248548323421611
973,0.5,False,1.0,1.0,0.5,0.1,0.01,anisotropic,0.0125,0.001,3,100000,79.99733209609985,33.71999402213038,0.9530331336989928,0.0004145676049723,31.64543256615484,0.9044314481932274,0.0006684231891444,0.0291675420545008
974,0.5,False,1.0,1.0,0.5,0.1,0.01,anisotropic,0.0125,0.0215443469003188,7,100000,79.66619968414307,35.53266201165678,0.9658531338588808,0.0002795129831292,36.60527285620596,0.9831636151576086,0.0002183438183212,0.0273745435094203
975,0.5,False,1.0,1.0,0.5,0.1,0.01,anisotropic,0.0125,0.0215443469003188,7,100000,80.37121629714966,35.0177186449327,0.9720788180132696,0.0003146425453521,35.72079454440407,0.9795628155051432,0.0002676146330433,0.0322345587110296
976,0.5,False,1.0,1.0,0.5,0.1,0.01,anisotropic,0.0125,0.0215443469003188,7,100000,79.8137788772583,36.5088189577655,0.9653293490054594,0.0002231302113536,37.045288107514594,0.9809122621443352,0.0001972020665865,0.0313115655924824
977,0.5,False,1.0,1.0,0.5,0.1,0.01,anisotropic,0.0125,0.0464158883361277,8,100000,79.98076462745667,35.50823588466176,0.9606284424225736,0.0002812051207091,36.25164542068837,0.9823051457257576,0.0002369639449168,0.0313694982635153
978,0.5,False,1.0,1.0,0.5,0.1,0.01,anisotropic,0.0125,0.01,6,100000,79.51382994651794,32.65619054235134,0.9257677616027852,0.0005415427210499,30.695511106313155,0.913672918295472,0.0008505516010218,0.0341397369575558
979,0.5,False,1.0,1.0,0.5,0.1,0.01,anisotropic,0.0125,0.0215443469003188,7,100000,80.39014601707458,33.70179294710381,0.968066027204898,0.0004259777403423,33.61682723226289,0.9767795295751928,0.0004343936588521,0.0319796591492038
980,0.5,False,1.0,1.0,0.5,0.1,0.01,anisotropic,0.0125,0.0021544346900318,4,100000,80.383793592453,30.77444050112728,0.8600175046211508,0.0007865293849229,30.714556711535977,0.8996659859002718,0.0007974497597963,0.0396273231650249
981,0.5,False,1.0,1.0,0.5,0.1,0.01,anisotropic,0.0125,0.0021544346900318,4,100000,80.61067080497742,29.533863489958023,0.911397943558941,0.001076850599918,28.06153823306342,0.8565946540581486,0.0015114297976426,0.0416840417808217
982,0.5,False,1.0,1.0,0.5,0.1,0.01,anisotropic,0.0125,0.0021544346900318,4,100000,80.18591022491455,30.605322327560035,0.9031010776531704,0.0008527640310849,30.80175693709192,0.9340157009600952,0.0008150521791784,0.0417464122273954
983,0.5,False,1.0,1.0,0.5,0.1,0.01,anisotropic,0.0125,0.0215443469003188,7,100000,79.89138436317444,36.86518211885777,0.966048348868554,0.0002057625300774,38.01419395324727,0.9887369292824636,0.0001579301718583,0.0288478971994469
984,0.5,False,1.0,1.0,0.5,0.1,0.01,anisotropic,0.0125,0.0001,0,100000,79.99075198173523,26.88539292607682,0.9187892406401402,0.0020372099917303,26.57728654125876,0.9317980918405486,0.0021869881811217,0.0434744214622752
985,0.5,False,1.0,1.0,0.5,0.1,0.01,anisotropic,0.0125,0.0021544346900318,4,100000,80.04519510269165,31.929828580532487,0.904582735107385,0.0006375811596145,32.16579820095605,0.928969043153519,0.0006038631292721,0.0322473203279051
986,0.5,False,1.0,1.0,0.5,0.1,0.01,anisotropic,0.0125,0.01,6,100000,79.73023128509521,30.90764439684129,0.9627845341290866,0.0008090797906975,30.60600684927193,0.969899497896122,0.0008672715663431,0.028084486254123
987,0.5,False,1.0,1.0,0.5,0.1,0.01,anisotropic,0.0125,0.0001,0,100000,80.13728070259094,23.7894399401796,0.8672193956370922,0.0041737230849744,25.10192582571224,0.916087622091268,0.0030851411813909,0.0410584026179375
988,0.5,False,1.0,1.0,0.5,0.1,0.01,anisotropic,0.0125,0.001,3,100000,80.7335798740387,27.707515443238808,0.8673484669304017,0.0016184401102492,25.960564258841213,0.841233544230281,0.0024198684180736,0.0362837642638192
989,0.5,False,1.0,1.0,0.5,0.1,0.01,anisotropic,0.0125,0.0215443469003188,7,100000,79.89951157569885,37.74675716792559,0.9732687113628488,0.0001679331944356,36.57260492344833,0.977631190434516,0.0002200654041264,0.0319990837709526
990,0.5,False,1.0,1.0,0.5,0.1,0.01,anisotropic,0.0125,0.0021544346900318,4,100000,80.21758484840393,29.21084895527576,0.9500152976430531,0.0011905210888177,27.954397518011746,0.9452088462726714,0.0015899454953524,0.038842404021916
991,0.5,False,1.0,1.0,0.5,0.1,0.01,anisotropic,0.0125,0.0004641588833612,2,100000,79.9580409526825,30.25327039891852,0.8912192918303171,0.0008424924742261,29.37352872278709,0.8879685453666654,0.0010316685649158,0.0436587616068028
992,0.5,False,1.0,1.0,0.5,0.1,0.01,anisotropic,0.0125,0.0046415888336127,5,100000,80.21475601196289,32.42445447587768,0.8842415308933917,0.0005696522462365,32.78779112566574,0.9252112681536884,0.0005239334775226,0.0329292391660715
993,0.5,False,1.0,1.0,0.5,0.1,0.01,anisotropic,0.0125,0.0215443469003188,7,100000,79.84209561347961,36.73337441177622,0.9750993712768692,0.0002120444959136,36.36527356412614,0.9770991945732,0.0002308006824423,0.0269476774896415
994,0.5,False,1.0,1.0,0.5,0.1,0.01,anisotropic,0.0125,0.0021544346900318,4,100000,79.93934345245361,33.001209249975766,0.9096757737690352,0.0004982664889786,30.38321066400925,0.9113674397804749,0.000910461400094,0.0400485948206769
995,0.5,False,1.0,1.0,0.5,0.1,0.01,anisotropic,0.0125,0.0021544346900318,4,100000,80.1741795539856,30.14604249785977,0.8737954886968565,0.0009470862364771,31.594199067781418,0.9271349655616136,0.0006785375217812,0.0358053286760635
996,0.5,False,1.0,1.0,0.5,0.1,0.01,anisotropic,0.0125,0.0004641588833612,2,100000,81.1022298336029,29.834259507339866,0.8772117739121961,0.0010237880441696,28.15512595370413,0.8816137341254746,0.0015070352437277,0.0407288067755595
997,0.5,False,1.0,1.0,0.5,0.1,0.01,anisotropic,0.0125,0.01,6,100000,80.43824243545532,32.58723818021029,0.979300216873571,0.0005498692477287,31.273997296098862,0.975030511242132,0.0007440181330299,0.0297857897235037
998,0.5,False,1.0,1.0,0.5,0.1,0.01,anisotropic,0.0125,0.001,3,100000,79.5024802684784,28.178698655836165,0.93957123155712,0.001517869714348,27.4560236354754,0.9316070045873692,0.0017926767985469,0.0407633087252287
999,0.5,False,1.0,1.0,0.5,0.1,0.01,anisotropic,0.0125,0.0046415888336127,5,100000,79.9868574142456,34.601223528749074,0.9512465873796214,0.0003457124189729,35.31051099997014,0.9641602233316882,0.0002936204052887,0.0334905976834761
