sample_idx,sigma_y_tomo,procedure,scale,alpha_norm,sigma_used,reg_param,alpha_init,reg_fct_type,sampling_param,best_anis_param,best_anis_idx,ula_samples,time_ula,psnr_map,ssim_map,mse_map,psnr_mean,ssim_mean,mse_mean,post_std_mean
0,0.05,True,375.16557872851513,293.10558374250616,0.0783389418333268,0.1,0.01,anisotropic,0.0125,0.0021544346900318,4,100000,82.65395641326904,31.68084085159262,0.943467483587493,93.48608506772707,30.995853365111756,0.9496963538312332,109.4575496804323,9.154566450389863
1,0.05,True,950.7635921035062,805.7515774837221,0.074612133620563,0.1,0.01,anisotropic,0.0125,0.0464158883361277,8,100000,84.17402052879333,32.05383285481177,0.9456980915565482,562.642666611111,32.74543724219421,0.9673278671172468,479.8132358406218,20.976834386722928
2,0.05,True,732.2619478695937,513.6494341440139,0.0622204329917586,0.1,0.01,anisotropic,0.0125,0.0001,0,100000,88.1805489063263,30.72581031421461,0.9102289032302066,422.91223753102753,34.37377896172545,0.945665758895326,182.5800776604856,15.067032065643476
3,0.05,True,599.0598257128396,449.968727640498,0.1033292422160423,0.1,0.01,anisotropic,0.0125,0.0021544346900318,4,100000,83.37345767021179,37.19921817091667,0.9562072280527024,63.15179645437161,38.06982633662042,0.9741265725924376,51.68028413305462,14.593367797487382
4,0.05,True,156.8626218019941,159.1961343279238,0.0663618255297858,0.1,0.01,anisotropic,0.0125,0.001,3,100000,85.61980891227722,34.81542210908179,0.960751902737614,8.001109372062414,34.02809603196403,0.9709685943448032,9.591417924246088,4.50670218323583
5,0.05,True,156.83852581586643,164.25115108898902,0.0894410524086874,0.1,0.01,anisotropic,0.0125,0.0021544346900318,4,100000,84.07238030433655,37.959051253915376,0.9626083490368598,3.639709642571405,34.727213947509895,0.9498267961156868,7.660382754187648,5.094087113973517
6,0.05,True,59.02552855603126,38.28617404513936,0.1210481766969511,0.1,0.01,anisotropic,0.0125,0.0021544346900318,4,100000,85.85026407241821,33.56398443465959,0.9561091672519736,1.2550847593392642,33.69996964078212,0.9626144688859012,1.2163947451094743,1.2541118131503408
7,0.05,True,866.3099696291603,916.106964809137,0.0567724846150244,0.1,0.01,anisotropic,0.0125,0.0215443469003188,7,100000,83.28795385360718,39.813431245638846,0.9802249513819652,77.55606589259905,39.57136119906252,0.983611160407111,82.001684829326,18.32086752761156
8,0.05,True,601.5138967314656,468.3450608428423,0.0908143981952927,0.1,0.01,anisotropic,0.0125,0.01,6,100000,82.90133905410767,35.77326534300995,0.9464788831287,94.94241772430075,37.2673692462458,0.9788325137708364,67.30539797688768,13.858212573129792
9,0.05,True,708.3645052182494,1262.0058962134235,0.0336849678984637,0.1,0.01,anisotropic,0.0125,0.0046415888336127,5,100000,84.96785283088684,33.6561223323562,0.9330501753111056,213.2092929499412,31.59511738001861,0.9177256509948608,342.6940982052291,36.63619922198606
10,0.05,True,21.563909801506643,24.95713927730671,0.0935062852218059,0.1,0.01,anisotropic,0.0125,0.0021544346900318,4,100000,84.4834942817688,37.24355255432568,0.963877143166628,0.0866907569944441,33.728014308060025,0.9580028607254232,0.1947720431034307,0.802527104875421
11,0.05,True,969.9399423098324,977.5924594486414,0.0427114406753251,0.1,0.01,anisotropic,0.0125,0.4641588833612777,11,100000,82.74721431732178,38.64276354863364,0.984361486340212,128.4041550149736,38.7464099172858,0.9853425286305104,125.37600877629148,17.598229428588212
12,0.05,True,832.6101981596213,719.4652574512384,0.0703161707293842,0.1,0.01,anisotropic,0.0125,0.01,6,100000,84.08094191551208,36.11250891124953,0.9841327217624514,168.52584333950315,35.74293867416377,0.9867455416899076,183.49470341223116,17.67542224505925
13,0.05,True,213.12677156759787,211.73348032011023,0.0567312998627659,0.1,0.01,anisotropic,0.0125,0.0464158883361277,8,100000,85.34504294395447,38.17685350605338,0.9684129320810336,6.891100614338282,39.835199845953184,0.9852301019457768,4.703855337183862,4.9939505061093845
14,0.05,True,182.6431422398935,185.72526732335888,0.0535741874457008,0.1,0.01,anisotropic,0.0125,0.2154434690031882,10,100000,82.71560144424438,42.155926568100696,0.991677993510993,2.027934825582015,42.62166189909367,0.9941957420117424,1.821715108929843,3.891827932441065
15,0.05,True,184.2211053435804,218.6648309783676,0.0459226724235668,0.1,0.01,anisotropic,0.0125,0.1,9,100000,81.42085933685303,36.88450173712192,0.9542900791116594,6.942590273541192,38.69122407625228,0.9815471959697112,4.579829409594427,4.066365066331785
16,0.05,True,304.9380007165782,325.10027783732414,0.0506249544610241,0.1,0.01,anisotropic,0.0125,0.1,9,100000,81.83865475654602,41.56548826298672,0.9906213687443286,6.463162717662919,41.89804628063854,0.9939502835638836,5.986724708630315,5.949095898102087
17,0.05,True,525.2316752006057,539.4652105950032,0.0564800130429944,0.1,0.01,anisotropic,0.0125,0.2154434690031882,10,100000,81.2769205570221,41.1105633784003,0.9888678464625604,21.33963564961811,41.35474174285564,0.9909063690519214,20.17293845800668,10.826735722645171
18,0.05,True,432.5130736234736,460.0086735807339,0.0535011267456562,0.1,0.01,anisotropic,0.0125,0.01,6,100000,82.16660904884338,38.292395880045376,0.975621750136444,26.7484572330936,38.51300337356909,0.9841166989678152,25.42365514500484,10.931820377033986
19,0.05,True,291.93791105784385,203.9088299935248,0.0794194153849109,0.1,0.01,anisotropic,0.0125,0.0046415888336127,5,100000,82.44598913192749,33.86945531842598,0.9596306133756392,33.79994775447065,34.97913332131114,0.973410684153233,26.17870918853325,5.388342160742783
20,0.05,True,612.2410418276571,331.90640867365056,0.0950612998801504,0.1,0.01,anisotropic,0.0125,0.0004641588833612,2,100000,82.32654809951782,32.78934273535478,0.9264658605961504,168.73631032277467,30.87128027780128,0.9235498723590168,262.43079381652524,14.079864720324997
21,0.05,True,140.3543667913898,130.69491420658355,0.0381902504549121,0.1,0.01,anisotropic,0.0125,0.0046415888336127,5,100000,82.51648592948914,38.242012566598966,0.9824235920447044,2.949705670009889,37.95308440845944,0.9855141976472916,3.1526190741502718,2.998045820246686
22,0.05,True,292.85250388668294,299.5551853737189,0.0583806443259511,0.1,0.01,anisotropic,0.0125,0.001,3,100000,83.91158938407898,36.72591784841601,0.956064961678718,17.879972298750754,35.165658403833866,0.969821706724144,25.60900978482169,9.608667532580466
23,0.05,True,366.995481450398,392.8675468403016,0.0425703641117275,0.1,0.01,anisotropic,0.0125,0.2154434690031882,10,100000,84.05725598335266,38.57454208271028,0.9845556961176308,18.66453889324476,38.68090975388005,0.9862479657130756,18.21295850155257,7.97680937917739
24,0.05,True,456.6139142328189,438.3974507583644,0.0671421064512559,0.1,0.01,anisotropic,0.0125,0.01,6,100000,83.25390839576721,36.5391871499782,0.9731940485507192,46.06709336384435,38.28284877296187,0.9825079268819458,30.833629437832,11.40305931308588
25,0.05,True,785.3907854316205,696.9175817257392,0.0691954015565073,0.1,0.01,anisotropic,0.0125,0.01,6,100000,82.63339400291443,40.86044600214555,0.9728910716108886,50.3511298268665,40.50405193642408,0.977976739912143,54.65735693424579,18.893142164015256
26,0.05,True,200.47410837620137,166.49003933225598,0.0913895774451694,0.1,0.01,anisotropic,0.0125,0.0046415888336127,5,100000,83.0045485496521,34.496984770195034,0.9517538198906096,11.886521799371923,35.435841876913614,0.963814636739049,9.575668007953308,4.809558207485538
27,0.05,True,514.720203975198,496.555891580495,0.0376558120836055,0.1,0.01,anisotropic,0.0125,0.2154434690031882,10,100000,83.79256200790405,41.45883620760046,0.9912949966292628,18.91214438702676,41.304112338819095,0.9938201353919798,19.598063557149256,8.564509442976727
28,0.05,True,592.8221542931805,382.0525791629647,0.0868286679022875,0.1,0.01,anisotropic,0.0125,0.0021544346900318,4,100000,84.76321792602539,31.42314363192133,0.9318427907624504,220.95639628039623,31.10217013114173,0.943317654609266,237.90519642502423,12.603137919528846
29,0.05,True,47.40396230727773,73.4014504719279,0.0420997125140119,0.1,0.01,anisotropic,0.0125,0.0215443469003188,7,100000,83.34200859069824,38.79516838268282,0.9853598004876788,0.296201967002953,38.77699496102791,0.9903872916577584,0.2974440462855384,1.4780954920150122
30,0.05,True,607.9373070495369,555.3513568959216,0.0558034500196949,0.1,0.01,anisotropic,0.0125,0.1,9,100000,84.79342126846313,37.26239461770064,0.982460746118466,69.31323752335749,37.76184809414685,0.987622391971696,61.78326238929204,10.313773377102104
31,0.05,True,171.35359956360423,145.47408995007058,0.0606059251908502,0.1,0.01,anisotropic,0.0125,0.0046415888336127,5,100000,84.59381198883057,34.708978382004474,0.9650638013297528,9.834252877687536,34.32036903896951,0.960865176791062,10.754799190947567,4.3385203225558735
32,0.05,True,65.98654139229424,63.90501837550175,0.0659061366087654,0.1,0.01,anisotropic,0.0125,0.2154434690031882,10,100000,83.80483102798462,41.23232398824034,0.9902984377015084,0.3275028382773284,41.58446430348771,0.9922939240519074,0.3019958928597778,1.2381535221098654
33,0.05,True,948.93665171608,1045.8183485373063,0.048575590334646,0.1,0.01,anisotropic,0.0125,0.01,6,100000,84.43660712242126,38.45063345090404,0.9818503689565996,128.53186627838122,38.80168726154322,0.986208726659604,118.55105753719953,23.85363264428455
34,0.05,True,965.6664010414848,987.9710594183264,0.0439012908977593,0.1,0.01,anisotropic,0.0125,0.4641588833612777,11,100000,83.80834197998047,38.29935698180172,0.9849022913933188,137.74429302013584,38.58048161959133,0.9868577276169858,129.1103773868238,16.410803840858662
35,0.05,True,808.5889507683447,751.4532571787838,0.0645195506197709,0.1,0.01,anisotropic,0.0125,0.1,9,100000,83.95558023452759,37.72373965885127,0.9710207337537192,110.28255417698838,37.951799305241714,0.9813651934012992,104.64075182072084,19.04771898604055
36,0.05,True,305.3091554041973,310.6717756913324,0.0616898173319882,0.1,0.01,anisotropic,0.0125,0.0046415888336127,5,100000,84.79440522193909,36.9490611715886,0.9746094285931852,18.43429603776801,36.91688496261802,0.9809607968636485,18.571380086859016,7.608300020558809
37,0.05,True,98.5744418923775,113.4306021696285,0.0522767922077314,0.1,0.01,anisotropic,0.0125,0.0215443469003188,7,100000,83.98506808280945,38.4083381826416,0.983767330409148,1.3957911307827815,38.24716594286477,0.9863899860901892,1.4485639017075926,2.4812304848947973
38,0.05,True,684.5487934856448,624.2189843874116,0.071272761411848,0.1,0.01,anisotropic,0.0125,0.001,3,100000,83.22014546394348,35.05419263468182,0.9549132871122684,144.7634155375561,35.866128567013135,0.9608185516135492,120.07849278344554,18.0394766453428
39,0.05,True,440.7123412458617,507.29227537579067,0.0503036057840036,0.1,0.01,anisotropic,0.0125,0.01,6,100000,83.52366328239441,36.28532092674772,0.9778326336760615,45.39325038085408,35.923695575272504,0.9819096019908864,49.334850515965954,12.463626750592164
40,0.05,True,122.91619660993403,132.89299388699206,0.0341414205293151,0.1,0.01,anisotropic,0.0125,0.2154434690031882,10,100000,83.19351005554199,39.81337437924294,0.9863142187934127,1.574723013008334,39.771097951812685,0.987237741224096,1.590127019013715,2.290681566829969
41,0.05,True,495.6817332011589,540.5887805647528,0.0572090046791661,0.1,0.01,anisotropic,0.0125,0.0215443469003188,7,100000,83.83853125572205,35.55184592725895,0.9783574575079886,68.03444579475618,36.5178720984278,0.985001272223691,54.46609438023216,13.93820102378488
42,0.05,True,35.35413259410318,35.706290888466015,0.0608872742849273,0.1,0.01,anisotropic,0.0125,0.1,9,100000,85.44467353820801,36.95116058216045,0.9590320966557208,0.2504517522492414,38.91040584239955,0.973954516640538,0.1595142728553713,0.9144609180395352
43,0.05,True,909.4110816767032,847.7009853818629,0.0679587478868426,0.1,0.01,anisotropic,0.0125,0.2154434690031882,10,100000,83.42211151123047,38.20745178459564,0.971352143694231,124.70470599459188,38.69103887318251,0.9788471041234764,111.564014626816,19.327070574125848
44,0.05,True,259.5212016184169,214.40424782458888,0.0542261216906407,0.1,0.01,anisotropic,0.0125,0.0046415888336127,5,100000,81.94513726234436,33.93657410709605,0.949178342296602,26.328697644889505,33.85293759553135,0.9579064628443515,26.840649961901207,7.07226332371763
45,0.05,True,662.859762069628,566.8538214156633,0.1049703719657287,0.1,0.01,anisotropic,0.0125,0.0021544346900318,4,100000,83.45719194412231,38.16419846777933,0.976324288612883,65.22966620306943,38.07534723721231,0.9825599703164342,66.57792861640424,15.455805420456588
46,0.05,True,312.3993650133215,259.7491107064005,0.104431173074239,0.1,0.01,anisotropic,0.0125,0.001,3,100000,81.70463800430298,36.85997931132753,0.9568977215854748,19.499399161109945,36.18811778269126,0.9547835312903004,22.76184084919707,8.023914826928376
47,0.05,True,520.547953156633,419.3849921535029,0.079221732402917,0.1,0.01,anisotropic,0.0125,0.01,6,100000,82.47999429702759,36.58846802587401,0.9732901602235128,58.59685057087821,37.54013658899508,0.9836656484657296,47.06601383450125,10.668011485593668
48,0.05,True,547.1635690639364,487.4691077045999,0.0776770275945859,0.1,0.01,anisotropic,0.0125,0.0046415888336127,5,100000,84.00491118431091,37.92635670172068,0.9722677418312116,48.03297871409211,37.34638784085817,0.978985870223278,54.89545712309498,14.864016835928568
49,0.05,True,185.6696010700015,203.90886807229765,0.0579830155975506,0.1,0.01,anisotropic,0.0125,0.1,9,100000,82.86919832229614,36.03657731951251,0.9777198343817068,8.556493760801064,37.13684065419157,0.985194428032836,6.6415508872893545,4.632912234725596
50,0.05,True,969.615043136794,898.9195335571117,0.0805093330695,0.1,0.01,anisotropic,0.0125,0.0021544346900318,4,100000,86.75014662742615,35.24771236393604,0.9439218247465814,250.87856378395284,34.15927750958866,0.942402462605957,322.33468477630447,34.70028092314763
51,0.05,True,775.3576905377535,862.1555363689336,0.0627591447284817,0.1,0.01,anisotropic,0.0125,0.01,6,100000,86.94455003738403,38.62455572182333,0.9751801032645432,82.06673416987488,39.02017358258775,0.9818892362797064,74.92131045031448,21.66587557449493
52,0.05,True,939.5594426226248,1127.695256524359,0.0467299701869496,0.1,0.01,anisotropic,0.0125,0.0046415888336127,5,100000,86.3028039932251,36.010018769964425,0.962977805130074,172.77146090125058,36.15258178835644,0.976226430249022,167.1920811209896,28.15385737855202
53,0.05,True,894.9325230772212,918.6781764433028,0.0436270610160231,0.1,0.01,anisotropic,0.0125,0.1,9,100000,87.03852224349976,39.70462159658226,0.9802386912282864,85.62962985037065,41.15290878083898,0.9906862302203244,61.34728514615822,20.33223529598019
54,0.05,True,598.3020788322741,642.3341021816974,0.070107112046356,0.1,0.01,anisotropic,0.0125,0.0464158883361277,8,100000,86.81894397735596,41.093834152129006,0.992789156228836,27.800591854230795,41.37862472830903,0.9946701255383532,26.03604324444237,15.036757690565734
55,0.05,True,921.9523607880938,1165.4848767278709,0.0537598052973119,0.1,0.01,anisotropic,0.0125,0.0001,0,100000,87.02101993560791,29.691473605383727,0.9132907351953512,904.6825958467408,27.559134747531644,0.9449975043178732,1478.1895280846138,36.67479004107437
56,0.05,True,89.40400954986758,72.54050385372479,0.096621246769453,0.1,0.01,anisotropic,0.0125,0.0021544346900318,4,100000,86.51668667793274,35.96725127346651,0.9433237002907002,2.009588713218107,38.58940976574269,0.9834096396901542,1.0987308876828614,2.0847277795666765
57,0.05,True,196.7868795567261,171.65237481511687,0.0938023163397554,0.1,0.01,anisotropic,0.0125,0.0002154434690031,1,100000,87.1753158569336,32.10506339891647,0.9319925228932616,17.88029745877226,31.206678036075207,0.9488174410031238,21.989394752517477,6.042834421571965
58,0.05,True,46.182061621627525,43.06484787989651,0.0558419659877338,0.1,0.01,anisotropic,0.0125,0.0215443469003188,7,100000,86.41674971580505,38.16381807995903,0.972333971121034,0.3254157087870216,38.529870591273216,0.9783573802097312,0.2991116046222212,1.4167341029416332
59,0.05,True,326.00500043250105,316.11897650267366,0.0697640621629403,0.1,0.01,anisotropic,0.0125,0.0464158883361277,8,100000,86.79336762428284,37.72540854475215,0.9874509880647098,17.935513012341485,37.792303549143874,0.986393050507758,17.661366502188375,7.829700007280885
60,0.05,True,389.2886123997925,280.4887103604788,0.1347747875068108,0.1,0.01,anisotropic,0.0125,0.0021544346900318,4,100000,87.14658761024475,37.0519001859249,0.9677342627004456,28.27769428658373,37.50700847128726,0.9705057782715392,25.464383510476523,9.66787109475651
61,0.05,True,272.077682742122,188.42534796934697,0.1000045088847114,0.1,0.01,anisotropic,0.0125,0.0021544346900318,4,100000,86.65984988212585,34.36685622302002,0.9416913693659288,24.865141038629968,34.98566201734921,0.9548015745373196,21.563057824474026,6.006730418985535
62,0.05,True,828.9087716427774,1155.8385434410732,0.0567338144504617,0.1,0.01,anisotropic,0.0125,0.1,9,100000,87.73317813873291,38.027721987371606,0.9860993239700634,108.04364147221828,38.91857599664666,0.9907964543497656,88.00631005072789,23.299722653138
63,0.05,True,357.39657336689567,303.4653477649831,0.0621819276185846,0.1,0.01,anisotropic,0.0125,0.0464158883361277,8,100000,88.81219983100891,33.989518728601,0.9644759555366412,50.572094941354166,34.297343671806864,0.9684077956785015,47.11166468662423,7.233469095504551
64,0.05,True,281.65357517769337,243.41114474463467,0.0596274835273825,0.1,0.01,anisotropic,0.0125,0.0215443469003188,7,100000,88.42672038078308,36.490274285544665,0.9746148734373142,17.78641883996447,36.35473174653954,0.9754918228260776,18.350283106611997,7.214576735079714
65,0.05,True,543.1533870750902,484.48149110077526,0.0742419879000505,0.1,0.01,anisotropic,0.0125,0.0021544346900318,4,100000,86.78848028182983,36.51632275075867,0.9720782163329996,64.47659158651139,36.57703673833176,0.9827201461957944,63.58148582065039,13.373980663587409
66,0.05,True,141.78330074978788,147.7337549237589,0.068701193285655,0.1,0.01,anisotropic,0.0125,0.1,9,100000,87.00066256523132,38.048634275895154,0.9822966978622242,3.148353173190153,38.53636212604019,0.9880919526321325,2.8139129574504635,3.3233128913302776
67,0.05,True,802.3947837732857,710.4320041960103,0.0837909653049077,0.1,0.01,anisotropic,0.0125,0.0004641588833612,2,100000,86.94067811965942,33.74746526146595,0.9425939206486093,245.66694309296452,34.87341195321491,0.9633028900635964,189.56233631055665,22.73481834919878
68,0.05,True,75.47609303609106,73.8924914331669,0.0593992851781775,0.1,0.01,anisotropic,0.0125,0.0001,0,100000,89.33019948005676,30.59161660091879,0.9084020239756976,4.253900901452696,30.04121925204008,0.9475520943765944,4.828665300620887,2.480829649662881
69,0.05,True,986.9000496639168,869.3866592529104,0.0890848786346155,0.1,0.01,anisotropic,0.0125,0.0021544346900318,4,100000,87.34752082824707,36.69612917179142,0.9703971651910998,207.04584860964707,36.44066430696154,0.9777891115402776,219.5902299775948,27.17168266808336
70,0.05,True,772.4725245273607,766.5326296502759,0.0454341709640035,0.1,0.01,anisotropic,0.0125,0.1,9,100000,85.27539229393005,42.32713665338047,0.9909838450123752,34.87828659688404,42.26369342025986,0.9948164470635096,35.391540382018526,14.986381936710991
71,0.05,True,199.51696585263824,260.67968946920894,0.0471145558791228,0.1,0.01,anisotropic,0.0125,0.01,6,100000,86.53251099586487,32.19476097264432,0.9487221226849296,23.0922033671534,33.042584166829066,0.9602648712686048,18.996913890164453,7.828207042702152
72,0.05,True,6.516595006478797,6.9920019729523295,0.0472806860948152,0.1,0.01,anisotropic,0.0125,0.1,9,100000,86.73279309272766,42.43585657654237,0.991783679155947,0.0024222500997782,41.79110932898355,0.9918967275655836,0.0028099183938042,0.1286522413391708
73,0.05,True,815.6459670263794,487.705135314676,0.0900936598937925,0.1,0.01,anisotropic,0.0125,0.0464158883361277,8,100000,86.19909501075745,27.2615913131472,0.93437585114133,1228.7964817257518,27.24716051467115,0.9367211030490264,1232.886335205132,12.108690009080943
74,0.05,True,707.1504865037695,619.3865687050497,0.0868446621444413,0.1,0.01,anisotropic,0.0125,0.0046415888336127,5,100000,86.64554190635681,34.144723693291255,0.9421709956239894,187.72415215596476,35.27298528059588,0.953294953909046,144.77513974503307,22.5834552444227
75,0.05,True,729.2781608729463,1381.7175843233572,0.0308131945533173,0.1,0.01,anisotropic,0.0125,0.1,9,100000,86.97771215438843,37.6074758018052,0.9713436945326828,92.07618226757812,36.34990683184523,0.970537996253892,122.99974213167832,35.230250057661394
76,0.05,True,771.4990763392598,946.996108685478,0.0480710321733439,0.1,0.01,anisotropic,0.0125,0.1,9,100000,85.89696168899536,36.90509902992879,0.9851391369510968,121.0607204385662,36.62137589326716,0.987040887417724,129.23363729376086,16.32071138296149
77,0.05,True,74.97060708235627,90.30908152811791,0.0433813501992219,0.1,0.01,anisotropic,0.0125,0.0464158883361277,8,100000,87.05566477775574,38.943266558432704,0.9694465720148998,0.7161058507952476,41.121349584247625,0.9879460807222455,0.4336795258724798,1.79870296588343
78,0.05,True,359.10726281572835,365.36108176908834,0.0528811922269159,0.1,0.01,anisotropic,0.0125,0.0215443469003188,7,100000,87.43439435958862,35.34790018369227,0.9557116676647376,37.54919679557403,36.183791531180816,0.9775313512030676,30.97501439076655,9.513682817867672
79,0.05,True,116.7531904656046,72.7343881045903,0.1139994841128064,0.1,0.01,anisotropic,0.0125,0.0004641588833612,2,100000,88.70946002006531,31.794724098730818,0.9257547612652772,8.38494308573172,31.51069202602119,0.929427955551266,8.951654802039467,2.954756374976023
80,0.05,True,863.240322449718,858.1830889296758,0.0557708836526643,0.1,0.01,anisotropic,0.0125,0.0215443469003188,7,100000,87.1753318309784,31.511269879008967,0.9435748536713452,501.5115761978838,32.26357229116867,0.9591867381361662,421.7457559045384,22.10803838249681
81,0.05,True,623.6748287007304,810.1285771787171,0.0697065723981607,0.1,0.01,anisotropic,0.0125,0.0046415888336127,5,100000,87.80048322677612,36.65416817176819,0.9633122335466936,83.41575900880284,36.56071976669872,0.9726145340098936,85.2300898638463,20.928162655400637
82,0.05,True,331.5671268277965,332.67235917388365,0.0476255414002962,0.1,0.01,anisotropic,0.0125,0.1,9,100000,87.54182934761047,41.74206515822745,0.9919104593036738,7.346583565595544,42.29197840958017,0.9941029078136728,6.472828461887218,6.31416261942544
83,0.05,True,64.49479193573761,64.9630562202648,0.0536970625454787,0.1,0.01,anisotropic,0.0125,0.0004641588833612,2,100000,86.82359433174133,36.42083411425164,0.945956742266512,0.938926626862378,34.34260592699166,0.9365389659310908,1.5151459665816844,2.1449891014264084
84,0.05,True,311.67133939394654,334.0689084377572,0.0473191133699226,0.1,0.01,anisotropic,0.0125,0.0464158883361277,8,100000,87.89132952690125,37.8428656049247,0.9748242450378478,15.93233323820793,39.69011155446898,0.9884058569922588,10.41249453592189,6.517508737930704
85,0.05,True,325.8581387047203,211.3984558467568,0.0938877952205801,0.1,0.01,anisotropic,0.0125,0.01,6,100000,88.23753714561462,34.35112198430872,0.9471846521556664,38.73329211131651,34.93058759695056,0.9642095724157798,33.89517260927983,6.484341244307742
86,0.05,True,729.876572159726,739.8423055888225,0.0648789161434236,0.1,0.01,anisotropic,0.0125,0.0046415888336127,5,100000,87.7822744846344,34.77186084725866,0.9511829132681058,169.55423070421975,35.90744912189537,0.9617260781897092,130.5418620754989,21.734758441652115
87,0.05,True,637.9199138838579,603.2742908803244,0.0782878472846584,0.1,0.01,anisotropic,0.0125,0.0046415888336127,5,100000,87.55451846122742,34.632942088886125,0.9288400698850228,134.2724900771373,36.15684034207271,0.9502259384592,94.53599893845929,19.08463063237464
88,0.05,True,887.3255298337502,895.3310089750112,0.0479955029837251,0.1,0.01,anisotropic,0.0125,0.2154434690031882,10,100000,86.0543577671051,40.34790628608032,0.9900670867576769,72.60176440172815,40.526062520918856,0.9916731803586208,69.68375606150258,15.037966987183156
89,0.05,True,472.7427102367873,370.2903164253196,0.0860355469948164,0.1,0.01,anisotropic,0.0125,0.0046415888336127,5,100000,87.16874265670776,36.17883012564707,0.9679212540049924,53.336288007123855,36.67537739038738,0.9831862529204392,47.57382391328292,9.75793653440813
90,0.05,True,120.4746516923634,147.7595461007859,0.0640569798209966,0.1,0.01,anisotropic,0.0125,0.001,3,100000,86.84954786300659,34.06095454525896,0.9454726682789064,5.606466125058265,34.41292796678563,0.963752412995966,5.170015680338358,4.223909489462023
91,0.05,True,713.531542435772,676.8201340768691,0.0382428597402642,0.1,0.01,anisotropic,0.0125,0.1,9,100000,86.94866490364075,39.59258941532562,0.9807577684590996,55.84235045044649,40.7897219377125,0.9866368389310782,42.38873318356446,11.77186251170338
92,0.05,True,761.0242635682805,768.4995251855496,0.0505501920248352,0.1,0.01,anisotropic,0.0125,0.2154434690031882,10,100000,86.30738544464111,39.85636554469842,0.9820694403258794,59.826165607878586,40.38017288852209,0.9887156584582438,53.02863332483938,13.927000416652378
93,0.05,True,561.7159203719267,603.7832727457968,0.0631211648876318,0.1,0.01,anisotropic,0.0125,0.1,9,100000,86.46063709259033,39.64084580987315,0.9871521298562916,34.25375656860398,40.23112826449096,0.9900773030142044,29.900604017984804,13.695010162528494
94,0.05,True,771.1962127746065,556.2439051278831,0.0869331436558199,0.1,0.01,anisotropic,0.0125,0.0021544346900318,4,100000,87.00305962562561,32.561627132553355,0.924079897391892,320.36523259030986,33.303805748105184,0.936796688553747,270.0396378677255,20.387099739322107
95,0.05,True,494.3018007680264,537.3412163555074,0.0372973784047936,0.1,0.01,anisotropic,0.0125,0.2154434690031882,10,100000,86.87354063987732,39.25890904262693,0.9826319087287866,28.920201280747303,39.9811612837457,0.9871788953311637,24.48928396791216,8.07783531030708
96,0.05,True,523.2100965526121,504.3565243332585,0.0706423942803114,0.1,0.01,anisotropic,0.0125,0.0215443469003188,7,100000,86.30636858940125,41.163117017555486,0.9769741885726452,20.924996948395705,42.42434654071769,0.98434243389303,15.651012958158509,12.353257465736124
97,0.05,True,428.1134773401911,441.0144707997282,0.0405490662433129,0.1,0.01,anisotropic,0.0125,0.4641588833612777,11,100000,86.53791666030884,42.16058450681879,0.9951754474812052,11.130955982902677,42.261777295744025,0.9959830024935802,10.874597375134242,6.3011922398310345
98,0.05,True,26.39370761735109,22.649714817586258,0.074102862900156,0.1,0.01,anisotropic,0.0125,0.0021544346900318,4,100000,86.05704832077026,32.98460477067578,0.9348585599397516,0.3457239559551105,32.83316674958216,0.9435982497650937,0.3579919622967014,0.7937559706897478
99,0.05,True,108.78353556631114,108.98781354736867,0.0604836368283138,0.1,0.01,anisotropic,0.0125,0.2154434690031882,10,100000,86.70477843284607,38.87584474409972,0.9739294396032832,1.5321357568986818,39.361857682254026,0.9826649161254768,1.3699223602946673,2.6628551209474463
100,0.05,True,32.39775650104752,32.560301692948094,0.0550975116635292,0.1,0.01,anisotropic,0.0125,0.1,9,100000,82.12283515930176,38.79718653267157,0.9779397376654376,0.1383743746683209,39.67181819211039,0.9858614950040044,0.113133834027428,0.6843971897797676
101,0.05,True,636.7740008525166,247.33095124954716,0.1488310970322623,0.1,0.01,anisotropic,0.0125,0.0002154434690031,1,100000,83.28907752037048,32.86850837481969,0.9192867123455768,94.761988403268,33.72696460868219,0.9407992302396506,77.76578165398838,8.038494019451692
102,0.05,True,315.0416250952504,198.99992549713576,0.1227124937777014,0.1,0.01,anisotropic,0.0125,0.0021544346900318,4,100000,82.58862447738647,35.34274293486489,0.9571632226743906,24.55660495900686,35.704731254228854,0.969247026996071,22.59277055948241,6.608572288019984
103,0.05,True,509.0621204735381,486.79874795922257,0.061430901465293,0.1,0.01,anisotropic,0.0125,0.0464158883361277,8,100000,81.70518350601196,41.48640548090437,0.9845049180574904,18.40004565465486,41.8680060447774,0.9902434634258648,16.85228690337955,11.560479927882634
104,0.05,True,907.6589074521668,673.9758944433099,0.0702338304079304,0.1,0.01,anisotropic,0.0125,0.0021544346900318,4,100000,83.11629915237427,35.23364453478712,0.9539159219516804,234.6926314224425,35.03178113750324,0.955116718271318,245.858820695212,22.18631032455953
105,0.05,True,250.0429369197261,309.79921315845166,0.0491479605939636,0.1,0.01,anisotropic,0.0125,0.0215443469003188,7,100000,82.72860789299011,36.506633240495184,0.9836363969718488,13.924712752368272,35.51503328278382,0.9814502509953376,17.49630097077368,6.651619680897255
106,0.05,True,410.9725401125941,426.5390879250665,0.034719245431781,0.1,0.01,anisotropic,0.0125,0.1,9,100000,81.78731393814087,37.06462673322732,0.9853636867067288,33.144305369091406,36.59391392959455,0.9847382243527608,36.93858049101,7.112546963180254
107,0.05,True,755.7955874045056,689.3029659841076,0.0721430528323161,0.1,0.01,anisotropic,0.0125,0.0464158883361277,8,100000,81.89496636390686,41.19234074362591,0.9843667648523584,43.40604152563398,42.26931213759229,0.9897353305406495,33.8729516456029,13.77342442980946
108,0.05,True,229.56936732613084,355.73504450384354,0.0444153582735468,0.1,0.01,anisotropic,0.0125,0.1,9,100000,80.80301332473755,39.34902345013307,0.9849417607250044,6.116193374593261,37.05725581332872,0.9770543211299038,10.367116326252908,8.928565401299021
109,0.05,True,77.9029299189642,69.05647202222181,0.0702035755114542,0.1,0.01,anisotropic,0.0125,0.0215443469003188,7,100000,80.62412571907043,36.57449538629622,0.9772311600878256,1.3341714383342378,36.98716206568457,0.9853636937739748,1.2132351135052128,1.6916215757899662
110,0.05,True,290.4617014608543,326.2519613076328,0.0707651325228235,0.1,0.01,anisotropic,0.0125,0.0464158883361277,8,100000,81.36469769477844,39.19599031222485,0.9803428730639032,10.13754816413828,39.2286587388996,0.98826026272593,10.061577759245557,8.78728649713967
111,0.05,True,162.0600659667504,107.5930756900225,0.1267608394323447,0.1,0.01,anisotropic,0.0125,0.0021544346900318,4,100000,81.07431054115295,36.06174544983411,0.9686837078305924,5.1225808387772025,35.9050281323962,0.9719527076170345,5.310807408462255,3.2937678346267094
112,0.05,True,929.7679546902305,802.0862718152925,0.0720702560985519,0.1,0.01,anisotropic,0.0125,0.0021544346900318,4,100000,80.69473552703857,34.959669904127146,0.9374494206144396,272.89867540012096,34.95696523772978,0.956440100383426,273.0686821098212,29.571733525389245
113,0.05,True,808.3122591848526,835.1804104837197,0.0487398621963339,0.1,0.01,anisotropic,0.0125,0.2154434690031882,10,100000,81.10135698318481,41.11296444562781,0.9886287277244482,50.55650075855918,41.81302401902072,0.9919727598674568,43.02997061578549,15.69882343718759
114,0.05,True,633.770352753913,1184.8089818294948,0.0356758230339032,0.1,0.01,anisotropic,0.0125,0.0046415888336127,5,100000,81.1540253162384,34.95936549683585,0.936420385403288,126.02563207656002,30.846441397271587,0.9214612967026388,324.9011841956716,37.6272994191485
115,0.05,True,871.58912959753,811.1196764493269,0.0888772770632732,0.1,0.01,anisotropic,0.0125,0.0215443469003188,7,100000,80.50210857391357,35.13323213359528,0.949045530217519,232.39879742764097,36.26220699100775,0.976582705552407,179.1993337606147,28.6480408348901
116,0.05,True,803.8684048222153,633.2446655207099,0.0777337026025739,0.1,0.01,anisotropic,0.0125,0.0004641588833612,2,100000,81.20315408706665,33.05870970099274,0.924017178893122,318.29306139791044,32.550824930234704,0.9492286122215944,357.7796611680474,25.101750749018173
117,0.05,True,187.3834888271498,193.47369615112456,0.0530988067427654,0.1,0.01,anisotropic,0.0125,0.2154434690031882,10,100000,80.39599537849426,40.50182978576554,0.9891354994725624,3.127646810566993,40.26335813225464,0.9902665181626676,3.304188914488397,3.3765335071622657
118,0.05,True,892.6664394914878,1088.9927616683212,0.0499324251857732,0.1,0.01,anisotropic,0.0125,0.0464158883361277,8,100000,80.86126184463501,34.450989433463654,0.969450443460803,283.3093522223222,35.212545772802635,0.9875342092474986,237.7416525418646,22.236746822897587
119,0.05,True,539.802899673735,385.8112526658987,0.1251392043541156,0.1,0.01,anisotropic,0.0125,0.0021544346900318,4,100000,80.63062715530396,36.87851373257603,0.9678421833912628,59.35413323313376,37.10557469524856,0.979398573719391,56.33066405628434,11.355408517979676
120,0.05,True,807.6327150088985,940.229807732556,0.061028764187514,0.1,0.01,anisotropic,0.0125,0.0215443469003188,7,100000,79.92371010780334,39.11712908742844,0.9908149657846111,79.57177564526685,38.56337418417337,0.9873321472682388,90.3929458022936,26.710795961759075
121,0.05,True,896.1952086235698,727.366965458922,0.0860473811184658,0.1,0.01,anisotropic,0.0125,0.001,3,100000,80.7098433971405,36.166189188159,0.952225496151174,188.5344781858161,35.441593574410575,0.9650421899248618,222.7667375794695,24.523190012584276
122,0.05,True,318.68547149689203,291.9602641030609,0.0531184253792548,0.1,0.01,anisotropic,0.0125,0.0004641588833612,2,100000,80.39893937110901,34.294776205729065,0.9345484030531904,34.6130689109511,34.377319850462406,0.9572915186312904,33.9614123206737,8.936258543537477
123,0.05,True,110.94187260314908,105.95715626309608,0.0554879336986298,0.1,0.01,anisotropic,0.0125,0.1,9,100000,80.44113779067993,38.35397155880353,0.9826612784428218,1.7957424663912067,39.31563541563271,0.9868749071970012,1.4390559101134883,2.268257268542411
124,0.05,True,228.7072273793997,231.65121368713608,0.0393667757813498,0.1,0.01,anisotropic,0.0125,0.1,9,100000,80.32561683654785,41.163489874173,0.9869864462464888,3.9982050256264414,41.0960723621059,0.9903332619026732,4.060755226281363,5.053531538172893
125,0.05,True,427.68068083763006,399.26999989727904,0.0507407383722497,0.1,0.01,anisotropic,0.0125,0.0215443469003188,7,100000,80.94794917106628,36.51938696480448,0.9734295883204758,40.55379411778216,36.833983119499145,0.9816503666375496,37.7200167180452,10.181134347249207
126,0.05,True,818.1967511565706,475.6526315673017,0.1103316748426496,0.1,0.01,anisotropic,0.0125,0.01,6,100000,81.0963180065155,36.66244628868292,0.9639222849694496,135.7428440173605,37.20012943995594,0.9703002038599904,119.9357427303886,13.905535160860236
127,0.05,True,860.869852673087,947.782319530362,0.0579501623957627,0.1,0.01,anisotropic,0.0125,0.0046415888336127,5,100000,81.25245809555054,37.996506675599946,0.9747342564500986,116.20379056674923,37.72077867253009,0.9815519207043008,123.82065449072384,24.70555948969768
128,0.05,True,7.945178400659513,8.89149885519363,0.0525890648815845,0.1,0.01,anisotropic,0.0125,0.01,6,100000,81.03207182884216,39.86603287890114,0.9810608995184584,0.0064618124884429,40.45025847462063,0.9854847470897176,0.0056484825544,0.1988644912739371
129,0.05,True,511.2365552749882,318.9664907117132,0.0789512099918685,0.1,0.01,anisotropic,0.0125,0.0021544346900318,4,100000,80.08701276779175,34.73036312132946,0.9480138086076362,80.15555453312464,34.90320409538881,0.952273833543526,77.02816031293796,10.63616973531764
130,0.05,True,417.9935921456302,443.2135213591396,0.0675654358863271,0.1,0.01,anisotropic,0.0125,0.0001,0,100000,81.03261685371399,32.431513308017735,0.9564007798006876,97.83293471923189,29.51878386340229,0.9490336628165114,191.3189663523285,14.556991266910943
131,0.05,True,222.8857026602595,159.87704143071048,0.0987958673675623,0.1,0.01,anisotropic,0.0125,0.0021544346900318,4,100000,81.36914777755737,36.89511687552512,0.964104714908902,9.118641902152357,36.34971726066498,0.9580904681330552,10.338799719436272,5.301150293428781
132,0.05,True,120.74550196634912,130.9040702023272,0.0489224161119504,0.1,0.01,anisotropic,0.0125,0.0215443469003188,7,100000,81.81987309455872,37.76153089338544,0.9812324036039296,2.4356071817683684,37.22573506684793,0.9855569743850052,2.755413796575556,3.271387616532996
133,0.05,True,338.2775562322244,328.1208703343123,0.0669146619574414,0.1,0.01,anisotropic,0.0125,0.0464158883361277,8,100000,80.39541006088257,32.22336755454227,0.9510196745524476,68.11918357966653,32.52151509677438,0.9620730898020732,63.59964331436831,9.36055916826398
134,0.05,True,942.9667942086066,892.9302799291595,0.0778924594247284,0.1,0.01,anisotropic,0.0125,0.0046415888336127,5,100000,81.35638451576233,32.734378929535275,0.9282401729237996,462.1840001102301,33.937254062702145,0.9563869365533726,350.37038766212146,27.99697300448891
135,0.05,True,323.87972908873445,372.8638776933517,0.0738715452010558,0.1,0.01,anisotropic,0.0125,0.0021544346900318,4,100000,81.33125686645508,37.886248023177245,0.964512551761574,15.138829610551053,36.08980933631023,0.9533701605950669,22.894763920405985,10.325072276090593
136,0.05,True,519.2718311216228,407.2309024334547,0.1207051843307313,0.1,0.01,anisotropic,0.0125,0.0046415888336127,5,100000,81.13382029533386,35.21822013903077,0.9624847142898936,79.46216924543606,35.832321689403,0.9696383516433636,68.98429998851118,13.315926764944315
137,0.05,True,703.3159399362827,766.1503238392116,0.0584375929850787,0.1,0.01,anisotropic,0.0125,0.1,9,100000,80.96945691108704,40.71343413129888,0.98242846273261,41.92888692487177,41.82642670742624,0.9911046907371964,32.449953278772654,16.942084236933166
138,0.05,True,364.2659727769147,357.7502594729094,0.0421806012771924,0.1,0.01,anisotropic,0.0125,0.1,9,100000,80.27562808990479,39.79278562362503,0.98056693342435,13.912504178137551,40.65196452757916,0.9889019411198628,11.415302310749883,7.510001731767501
139,0.05,True,971.8103006382396,958.3543296991486,0.0338433781292636,0.1,0.01,anisotropic,0.0125,0.4641588833612777,11,100000,80.5535216331482,38.75000740477295,0.98209465203235,125.91013108876416,38.86726886960709,0.9838869238971264,122.55598635569596,16.643892435683313
140,0.05,True,962.4848476471692,747.1231929253014,0.1216576180669462,0.1,0.01,anisotropic,0.0125,0.0004641588833612,2,100000,80.33567333221436,36.754860571627866,0.958501529987218,177.00977777084844,36.1364431297698,0.9619212564398508,204.09811844393272,28.65330242474299
141,0.05,True,252.5305135295388,232.26177292322072,0.0612037040373871,0.1,0.01,anisotropic,0.0125,0.0464158883361277,8,100000,80.55964708328247,41.250027686329005,0.9836541755553244,4.7623861884429965,42.97433477988243,0.9901726019704568,3.20179779117379,4.646861607607162
142,0.05,True,497.7512573864931,547.9002410875946,0.0440744029764169,0.1,0.01,anisotropic,0.0125,0.0464158883361277,8,100000,80.82673788070679,38.08116004908038,0.9882054390952592,38.448665839182055,39.24072531762491,0.9911755212793212,29.439114832810745,11.664848158881016
143,0.05,True,301.5774315069529,236.5042097506253,0.0820430735636265,0.1,0.01,anisotropic,0.0125,0.01,6,100000,80.28816437721252,37.75845982915614,0.979155217828626,15.206235675571424,37.85625675605189,0.9843966038491732,14.867639581804402,6.3673094970269934
144,0.05,True,285.55565388309014,296.24030486900574,0.0471007385533481,0.1,0.01,anisotropic,0.0125,0.2154434690031882,10,100000,79.86513066291809,43.02023218844969,0.9927267926169968,4.063046744576726,43.445941427361,0.9952306371177824,3.683671507728101,5.412581153749756
145,0.05,True,37.85006040717826,39.87207161474912,0.0603793651322633,0.1,0.01,anisotropic,0.0125,0.1,9,100000,80.87880539894104,38.39143877556689,0.9863752757233144,0.2068580254653269,38.1770669961316,0.98749612907276,0.2173249322026562,0.8201074068507507
146,0.05,True,609.9547696459169,712.3307211476831,0.0495490947587113,0.1,0.01,anisotropic,0.0125,0.1,9,100000,81.71196246147156,35.50934557595322,0.9737587543443592,104.39733603777916,36.129546745534384,0.9829870332175716,90.50431792715428,14.34541688692742
147,0.05,True,503.17634420563263,524.008752955436,0.0600322305870283,0.1,0.01,anisotropic,0.0125,0.0215443469003188,7,100000,80.57869338989258,38.85212060302794,0.991316953710684,32.89432968594894,38.26824333713083,0.9903013341067538,37.62779484125616,13.661965903506418
148,0.05,True,52.42727249873936,35.00137283010177,0.0830755316275425,0.1,0.01,anisotropic,0.0125,0.01,6,100000,81.44538736343384,31.15822354330604,0.9438066536323496,1.79612859351874,31.634631933117987,0.9581242671254568,1.609520778552272,0.92245407139881
149,0.05,True,279.36781777237485,320.4389324304379,0.0326770714663734,0.1,0.01,anisotropic,0.0125,0.0046415888336127,5,100000,80.38436031341553,35.88951825125843,0.958493790753182,18.14358285407637,36.35206786567062,0.9648298324643676,16.310530656273265,7.094847525739892
150,0.05,True,908.3576200806872,906.0062870158108,0.0700283765552461,0.1,0.01,anisotropic,0.0125,0.0464158883361277,8,100000,80.53588843345642,42.680961366488745,0.9921674349431664,44.436511151158605,42.37825106890378,0.9903015514867076,47.6443036167791,21.3863301270478
151,0.05,True,240.32232877630543,359.74054881665825,0.0363519530808379,0.1,0.01,anisotropic,0.0125,0.01,6,100000,80.3483738899231,32.673645212506415,0.9334725862562766,28.02103762834739,33.51838191312682,0.9553532286647092,23.06803189703916,7.599945882193462
152,0.05,True,145.74997721913186,138.52767230179697,0.0599691911556676,0.1,0.01,anisotropic,0.0125,0.1,9,100000,80.57966351509094,39.07403517618789,0.971876516602861,2.627658426387681,40.244793935914124,0.9834081836625164,2.0067489015921613,3.5685069584923457
153,0.05,True,489.96330751728544,493.4072520801285,0.0519462578486394,0.1,0.01,anisotropic,0.0125,0.2154434690031882,10,100000,80.75985026359558,38.9389714145168,0.9829674629122226,30.627020206158,39.1991545596059,0.9859818044799264,28.846055220245848,9.854046818857553
154,0.05,True,985.66480365649,1047.9505311798243,0.0479803028522762,0.1,0.01,anisotropic,0.0125,0.1,9,100000,80.6142361164093,40.7386027154584,0.9857442717185936,81.85522184116279,41.74978951833799,0.9925945231123888,64.85264741639843,18.22611119099366
155,0.05,True,242.8132162399889,225.8648143230176,0.0433655472928709,0.1,0.01,anisotropic,0.0125,0.0464158883361277,8,100000,81.00886392593384,39.44039047461145,0.9895272967994924,6.691429207801018,38.89666522644088,0.9916161161600172,7.583879301117459,4.925030216920262
156,0.05,True,672.4634118584727,679.9104015318666,0.0520166707236106,0.1,0.01,anisotropic,0.0125,0.1,9,100000,80.32295274734497,43.91213804103263,0.9937100604325538,18.32314279164973,44.25363722143948,0.995424842241612,16.937528852178023,13.555976451418791
157,0.05,True,761.8579957133888,727.79800562306,0.0731052786282672,0.1,0.01,anisotropic,0.0125,0.0464158883361277,8,100000,81.26072239875793,34.69403544272399,0.9558305481657682,196.2573771143825,35.57112271235471,0.9805043014174109,160.36783399268256,17.1141476379072
158,0.05,True,238.39990644840728,124.13414536569326,0.1439771875151806,0.1,0.01,anisotropic,0.0125,0.0004641588833612,2,100000,80.91155672073364,34.03415738555592,0.9647033473949064,20.951397817722963,32.21125475995562,0.9602239564056408,31.878895472733827,4.405659072246813
159,0.05,True,728.4881322632477,850.3920709011308,0.0809227091903877,0.1,0.01,anisotropic,0.0125,0.0215443469003188,7,100000,80.20918846130371,37.59576719738224,0.9720180794052012,91.73105923763995,38.719517236305,0.982370587076506,70.81763262081877,18.26302916098049
160,0.05,True,368.415349586534,375.2239491210322,0.0550186074942743,0.1,0.01,anisotropic,0.0125,0.2154434690031882,10,100000,80.09983825683594,40.70797285929711,0.9894859752447844,11.528225960077494,41.34609085719582,0.9916797622646328,9.952923832631832,6.818597972464532
161,0.05,True,632.673524762986,677.8583203410251,0.0984592136892338,0.1,0.01,anisotropic,0.0125,0.0046415888336127,5,100000,80.58004808425903,36.79349296802448,0.9526227921664506,83.53300413233555,36.53537581648615,0.965824684353508,88.64817833657084,24.533734622566257
162,0.05,True,633.8961810501338,629.0145848647278,0.0440794096956009,0.1,0.01,anisotropic,0.0125,0.2154434690031882,10,100000,80.298020362854,39.77453485350911,0.9820571355730994,42.23757093746425,41.29944253524124,0.989684514949302,29.730907519254693,12.5337109787355
163,0.05,True,536.2389093906837,366.15275003495816,0.1153800553201971,0.1,0.01,anisotropic,0.0125,0.0046415888336127,5,100000,81.08782839775085,36.42640178203826,0.9740610880945344,65.06958096354425,36.484019909721525,0.982788423049688,64.21200002571446,11.216511943816156
164,0.05,True,91.1994802843539,112.19296485943391,0.0521734537110005,0.1,0.01,anisotropic,0.0125,0.0046415888336127,5,100000,80.57762241363525,35.75483475394048,0.9537701646029084,2.2017213968151355,34.606460242655174,0.9691120749733566,2.868136485212287,2.959613128151327
165,0.05,True,835.4671930936487,806.02516895085,0.0681808642875387,0.1,0.01,anisotropic,0.0125,0.0046415888336127,5,100000,80.37207460403442,39.552284785800026,0.9732223414014752,73.23533629721213,39.44104739062261,0.9850168881787938,75.1353683203745,19.08236436868122
166,0.05,True,321.4592849067641,310.2434495204642,0.0472025581108273,0.1,0.01,anisotropic,0.0125,0.2154434690031882,10,100000,80.36191463470459,38.67256388686389,0.984290129282968,14.0241700898318,38.66359193835615,0.985504783393125,14.053172113733782,5.887927705415168
167,0.05,True,187.3319918894544,188.90255444415075,0.0578023104390051,0.1,0.01,anisotropic,0.0125,0.1,9,100000,80.97352385520935,39.282473715044894,0.9909346790327396,4.124349033027358,38.78217914119189,0.992052534383088,4.627909618877968,3.300859064161195
168,0.05,True,41.73436641320915,43.54584885365182,0.0511374446941651,0.1,0.01,anisotropic,0.0125,0.2154434690031882,10,100000,81.15573596954346,39.90903558278924,0.9848367998266816,0.1777365357279789,40.54678778193172,0.9886486106063472,0.1534622251895109,0.9065128101036032
169,0.05,True,591.3020502450536,550.5293815798705,0.0626557233319012,0.1,0.01,anisotropic,0.0125,0.1,9,100000,80.0586941242218,39.34071285243781,0.9789574363192484,40.65539170866648,40.36715404121854,0.9892314312186228,32.09770866853412,12.86229125138689
170,0.05,True,677.8867974804401,649.0432922738164,0.0499521211881435,0.1,0.01,anisotropic,0.0125,0.2154434690031882,10,100000,80.27714562416077,42.49784109558226,0.9920821342913416,25.805352825372484,42.85215769144354,0.9960352989604973,23.783630099377557,12.259774270494235
171,0.05,True,17.571241098928297,20.634746149807064,0.0423149593014844,0.1,0.01,anisotropic,0.0125,0.0046415888336127,5,100000,80.89834189414978,34.2178217938571,0.9506552892859156,0.1136089345897723,32.79306162924675,0.944510115161248,0.1577206301486681,0.6052877347216817
172,0.05,True,512.5809652409816,436.3212027186854,0.1024740006187235,0.1,0.01,anisotropic,0.0125,0.0046415888336127,5,100000,79.94095396995544,38.111222802680686,0.972304335773188,40.48566173927658,39.17078412604163,0.9812166609417704,31.72087144616236,13.12741515512476
173,0.05,True,227.26927942274003,258.83942508749584,0.0514477159980698,0.1,0.01,anisotropic,0.0125,0.0215443469003188,7,100000,80.33933401107788,36.93430607326572,0.97958221877075,10.412527106318349,36.52393217747729,0.9894275309090336,11.44441333097516,5.287115007924176
174,0.05,True,645.5276176190404,637.7374644960141,0.0732944661501662,0.1,0.01,anisotropic,0.0125,0.01,6,100000,80.49241375923157,40.68664576538743,0.9857891632963192,35.38602219744064,40.40228783384837,0.9899277777114264,37.78048586659274,16.522808390149006
175,0.05,True,175.19206257598643,122.49438750070227,0.1021296524613811,0.1,0.01,anisotropic,0.0125,0.01,6,100000,80.63338375091553,35.69966266044904,0.9541605666442656,6.22547634405947,36.394585775333255,0.9634943881658848,5.304937549803322,3.7107579467050855
176,0.05,True,691.2468003643635,1187.4174144151962,0.0370975794241507,0.1,0.01,anisotropic,0.0125,0.2154434690031882,10,100000,79.91454339027405,35.28297630164216,0.9792746651293904,141.47739163557847,35.2185350693298,0.9802413439210316,143.59230516555934,19.54893235378465
177,0.05,True,387.3486109542369,383.3720202627576,0.0478057271846784,0.1,0.01,anisotropic,0.0125,0.1,9,100000,79.8361918926239,42.32687734675241,0.9939024510107892,8.774117714364367,41.44584443413515,0.9934416478209837,10.747482531457443,7.915431728082892
178,0.05,True,936.7932587479978,889.3359409371119,0.0811875108628869,0.1,0.01,anisotropic,0.0125,0.0046415888336127,5,100000,80.86231803894043,35.41936605734016,0.9650431000875472,236.9512863998953,35.70801919066128,0.9743611143183748,221.71432684692408,22.601723937101376
179,0.05,True,138.38342320184725,127.76227443144148,0.0690044669640078,0.1,0.01,anisotropic,0.0125,0.1,9,100000,80.5212619304657,34.47294322474052,0.9649771477994796,6.806184891708506,34.76558123339589,0.9753201840924788,6.362677950052139,2.7327847907743927
180,0.05,True,341.72528469920826,479.4728362880713,0.0422450661781538,0.1,0.01,anisotropic,0.0125,0.0215443469003188,7,100000,81.06750631332397,39.20395775104678,0.9726488214601684,13.77535479223898,38.8834743434048,0.9796617545928168,14.830340893693386,10.586085711575071
181,0.05,True,114.36004771934849,118.8629458336982,0.0780904326835814,0.1,0.01,anisotropic,0.0125,0.01,6,100000,80.58817958831787,38.36488456905285,0.971214996355934,1.8963642134161447,36.86707360519687,0.9682864664167732,2.6773358139827628,3.3973282509702143
182,0.05,True,924.7689246602844,919.1213639036988,0.0666274636218049,0.1,0.01,anisotropic,0.0125,0.1,9,100000,80.09385585784912,39.93135862746313,0.9789856750225252,86.82285508379023,41.212717152063206,0.9905560981038926,64.63953307196975,21.514013085024903
183,0.05,True,877.4620140276,1077.41482429174,0.0576960982402999,0.1,0.01,anisotropic,0.0125,0.0215443469003188,7,100000,80.7846782207489,37.99098333388371,0.9923866114084324,122.11784325472802,36.74674571972702,0.9853386371174636,162.6308331803026,24.79381170122177
184,0.05,True,258.68368608744044,358.9027922437181,0.0407846967158942,0.1,0.01,anisotropic,0.0125,0.0464158883361277,8,100000,80.42240476608276,33.46587234075301,0.9709149803103392,29.88737304068278,33.85789711171701,0.979888691108881,27.307709060530826,7.092740189362764
185,0.05,True,660.3240619881449,1034.3306339571984,0.0455251541589563,0.1,0.01,anisotropic,0.0125,0.0215443469003188,7,100000,80.63013076782227,36.75968905542859,0.972656132436452,91.71513628210523,37.43609798664667,0.9770772579774022,78.48743250676665,27.98033590643298
186,0.05,True,817.4049780010146,837.0616753237485,0.0534024987622052,0.1,0.01,anisotropic,0.0125,0.2154434690031882,10,100000,80.59344625473022,37.95404507419996,0.9831623684254124,106.96607902276324,38.763091394952376,0.9876548690853396,88.78537726075507,16.464252764886645
187,0.05,True,555.6456107878629,449.1672440207233,0.0608912541536906,0.1,0.01,anisotropic,0.0125,0.0046415888336127,5,100000,80.66711282730103,35.9230423611011,0.9632052530588704,78.57592009049982,36.85211958197552,0.9716651801060748,63.44271396392368,14.993866840334348
188,0.05,True,530.1209277776504,546.3410276371112,0.0502868035559633,0.1,0.01,anisotropic,0.0125,0.2154434690031882,10,100000,80.94588541984558,41.08128745371185,0.9889632492604628,21.86555084466362,41.48376812253905,0.992506688717142,19.93023207591721,8.786388906884492
189,0.05,True,242.61043860955124,212.91339296981943,0.0605215329927809,0.1,0.01,anisotropic,0.0125,0.0046415888336127,5,100000,80.99978518486023,36.67329326105317,0.9576265699948509,12.513552823647924,36.66069028847784,0.9703593432135408,12.549919165106031,6.893800021440868
190,0.05,True,94.00966503809332,84.79849831639714,0.0587043076649667,0.1,0.01,anisotropic,0.0125,0.0001,0,100000,81.06968569755554,29.853644548457616,0.9430616721082736,9.121880074466258,29.102036428366866,0.9437020440721734,10.845389910648016,2.901279200905077
191,0.05,True,897.3185421953734,920.532125098556,0.0467704755414216,0.1,0.01,anisotropic,0.0125,0.4641588833612777,11,100000,80.28276205062866,40.192534828536935,0.9864636097271028,76.98538558044231,40.24665333778739,0.988694365345779,76.03200415268496,15.381725906404451
192,0.05,True,900.5176391061672,890.1481712606658,0.0544991148648815,0.1,0.01,anisotropic,0.0125,0.1,9,100000,80.35259056091309,41.55638845318529,0.9871878932835816,56.48407270104245,42.84460422775757,0.9910945394407268,41.98599269543016,20.292955717220973
193,0.05,True,633.4683558159946,820.9738963374798,0.0606382150996232,0.1,0.01,anisotropic,0.0125,0.0046415888336127,5,100000,80.83585476875305,36.89721696285616,0.954715292199484,80.13219499163733,36.63561928622309,0.9697624946894908,85.1072988102539,26.403732878727023
194,0.05,True,339.690761257652,331.1380878100971,0.0514025299110624,0.1,0.01,anisotropic,0.0125,0.1,9,100000,80.58083057403564,39.66856410428398,0.9858338728312204,12.43347072372796,39.58446061503259,0.9874099269750988,12.676598198606046,7.41439924457821
195,0.05,True,349.8603650380482,510.0854947835807,0.0505825728014113,0.1,0.01,anisotropic,0.0125,0.0001,0,100000,80.85296249389648,28.55864246317171,0.9245556602181332,169.98854339804942,28.49909729134957,0.9420168099883456,172.33527031273644,16.825604836626862
196,0.05,True,726.2297231913691,761.4828677190001,0.0589601456333354,0.1,0.01,anisotropic,0.0125,0.001,3,100000,80.6154956817627,32.60894471013303,0.9296687342959318,283.3894779189549,32.312935735369194,0.934121052595769,303.3783734784624,23.379869721804997
197,0.05,True,897.2131496926245,1082.765508508356,0.0673604888429055,0.1,0.01,anisotropic,0.0125,0.0464158883361277,8,100000,80.73798871040344,34.180104108291054,0.9614827339208282,306.362420603437,36.03150675298877,0.97725583045154,200.03004276705795,31.839749609792296
198,0.05,True,887.1993378408522,1128.231630084656,0.0463145675588623,0.1,0.01,anisotropic,0.0125,0.1,9,100000,80.50948119163513,33.44594530013943,0.9741452993224208,355.0014039807317,33.70819342635333,0.9791174786017048,334.19908615575514,22.677827937632355
199,0.05,True,780.0956703117662,781.7381113568724,0.0700062801754169,0.1,0.01,anisotropic,0.0125,0.0001,0,100000,81.11706972122192,28.68679041730848,0.9207880892926288,782.5799498810593,29.40589805449366,0.9308032346009488,663.1594354068299,25.884656456175485
200,0.05,True,642.3896145081335,848.0323270485055,0.0496877726691754,0.1,0.01,anisotropic,0.0125,0.0046415888336127,5,100000,85.22904396057129,35.72927282022728,0.9607173369907822,108.41664889988373,35.85348781680875,0.9698120850191592,105.35968892179004,21.572116956910172
201,0.05,True,85.05582503005378,82.40708211581328,0.0605912704075522,0.1,0.01,anisotropic,0.0125,0.01,6,100000,84.91888785362244,35.811977226808466,0.9462482944410108,1.8550433663515933,36.78543443609349,0.97371522550343,1.4825465751098943,2.30783860206272
202,0.05,True,162.46708538051917,141.32112956148197,0.0654765950521026,0.1,0.01,anisotropic,0.0125,0.0215443469003188,7,100000,85.31312298774719,37.368014719552896,0.9759574743044744,4.819100404851162,37.92563494030706,0.9868838565529704,4.238419633687767,3.3604864052573555
203,0.05,True,898.6556343385522,657.24623651114,0.0866128450217219,0.1,0.01,anisotropic,0.0125,0.01,6,100000,84.4221544265747,34.32187367041139,0.9579130457796454,292.4450885921549,35.39430472903268,0.9708505912287598,228.455293897894,20.830045944926106
204,0.05,True,606.8226305999303,645.5975045388271,0.0541364105690568,0.1,0.01,anisotropic,0.0125,0.1,9,100000,83.72762441635132,40.104313839541774,0.986516232982682,35.89883973096321,40.88508667130859,0.9895597863112314,29.99184127443202,11.831626143112269
205,0.05,True,10.187854565013016,9.63802519926438,0.0578490457872126,0.1,0.01,anisotropic,0.0125,0.0215443469003188,7,100000,84.46350812911987,34.252038657089685,0.9698140929212766,0.0388869531689049,34.23393559386861,0.9749363657506854,0.0390493872445866,0.253698916637008
206,0.05,True,102.37007132316609,99.3479938025816,0.0610035820614528,0.1,0.01,anisotropic,0.0125,0.2154434690031882,10,100000,84.19626259803772,42.01885038054129,0.9943130375098896,0.6573315078893711,42.50903296417201,0.9955278409332668,0.5871731545075407,1.942163395589119
207,0.05,True,663.8382673389477,704.3318764358615,0.0532921200360318,0.1,0.01,anisotropic,0.0125,0.2154434690031882,10,100000,85.48529863357544,40.274875347336575,0.9860529521542944,41.35130333144241,40.7139148757555,0.98896016812895,37.37534838998423,14.417522300456616
208,0.05,True,6.056522262372468,5.463484331634099,0.0793746688003789,0.1,0.01,anisotropic,0.0125,0.2154434690031882,10,100000,83.2371129989624,37.94639385487982,0.9712160311176998,0.0058794145056273,38.20381724963772,0.97697265996133,0.0055410458024215,0.1334804883475748
209,0.05,True,161.64724336608114,154.92634888567682,0.0604859963202117,0.1,0.01,anisotropic,0.0125,0.0464158883361277,8,100000,84.57228446006775,40.04452797076346,0.986672427152828,2.5833784223365086,40.42496233849562,0.9886968885588048,2.3667075217755937,3.554720503525159
210,0.05,True,549.1850555772195,742.845552902257,0.0487587338304702,0.1,0.01,anisotropic,0.0125,0.0001,0,100000,84.9574921131134,28.25476458808973,0.8728068038017368,446.4052782333271,27.19469769526321,0.889593069575237,569.8177982274998,28.013134490346104
211,0.05,True,692.2033024950006,693.5350656889718,0.0860630551200215,0.1,0.01,anisotropic,0.0125,0.0046415888336127,5,100000,85.39667010307312,39.53487055614215,0.9783251197758104,52.52313947721241,38.41440306280639,0.972434126346846,67.98254623231891,19.24477583655195
212,0.05,True,652.3092982430979,650.0647195879671,0.0683257625264379,0.1,0.01,anisotropic,0.0125,0.1,9,100000,84.76361799240112,40.32760063655037,0.9850492247112076,39.42646896123895,40.378492105718905,0.9888712740142638,38.96715835726856,14.579218572510042
213,0.05,True,225.0450401510992,532.0333028413957,0.0233056599724823,0.1,0.01,anisotropic,0.0125,0.0215443469003188,7,100000,85.40548396110535,32.33507207249459,0.9546841540899096,26.342010757019363,31.328559312912606,0.947851895962752,33.212395329743174,8.52553328273729
214,0.05,True,712.4670421261883,727.8575436889588,0.062937138536503,0.1,0.01,anisotropic,0.0125,0.1,9,100000,84.05251884460449,41.17244214180195,0.9902213410920664,38.69467720489623,41.53143720151689,0.99390101755688,35.62474153324288,16.452690276395593
215,0.05,True,238.01183840930327,135.75309566297057,0.1134865551682946,0.1,0.01,anisotropic,0.0125,0.0002154434690031,1,100000,84.82583785057068,34.84237736416154,0.9493491965694504,17.242964072756575,33.82919709751893,0.9614763635459628,21.77358544486888,4.808318791830447
216,0.05,True,326.07429846110847,303.3435455358533,0.0665525540094947,0.1,0.01,anisotropic,0.0125,0.0021544346900318,4,100000,85.21521139144897,34.39867776673467,0.9510682015496594,33.34574346063064,35.04370867247023,0.9663057840347936,28.743345427041447,9.37060745301367
217,0.05,True,746.7449137129062,816.639842420281,0.0616058391015958,0.1,0.01,anisotropic,0.0125,0.0215443469003188,7,100000,84.33908605575562,39.03662543594223,0.9790534148159992,69.27081862874644,38.97157319403543,0.984409331852939,70.31622453451337,16.960950375246416
218,0.05,True,649.9832661481674,574.8031251512426,0.059230554531185,0.1,0.01,anisotropic,0.0125,0.01,6,100000,86.11846923828125,39.54052300396783,0.9734162521404082,46.85524127176086,38.13097846754216,0.9619476135500822,64.82053813304903,17.92454892554477
219,0.05,True,849.3741870836838,867.4589433244377,0.0555457661972253,0.1,0.01,anisotropic,0.0125,0.2154434690031882,10,100000,84.10292840003967,37.59351193870866,0.9715045292003692,125.45504122470363,37.88080627400068,0.9801649197488124,117.42449035883084,21.567781652826746
220,0.05,True,657.955279408043,1488.0999850778817,0.0351229581051216,0.1,0.01,anisotropic,0.0125,0.0021544346900318,4,100000,84.25293493270874,33.53133571949011,0.939503780932138,190.30488328877448,31.19585026095369,0.9387340172303732,325.8355594202534,36.77909040337413
221,0.05,True,568.7402947321361,606.9647508245583,0.0509029464714182,0.1,0.01,anisotropic,0.0125,0.0464158883361277,8,100000,84.82189011573792,40.878929504971886,0.9830870172338096,26.380224723857737,41.70305296958026,0.9870827223696642,21.820572676240403,14.781656309572112
222,0.05,True,94.58109306026438,35.163637648731644,0.1889880268156508,0.1,0.01,anisotropic,0.0125,0.0021544346900318,4,100000,84.4763674736023,34.45466282514626,0.9621136700116149,3.100403134320308,34.544607885647814,0.965969398078019,3.0368522376059164,1.1749432234199113
223,0.05,True,368.3480872563741,362.9111233849264,0.0606277915390556,0.1,0.01,anisotropic,0.0125,0.1,9,100000,84.18032884597778,40.76834352342699,0.9854765262061232,11.358454272570553,41.51658718516504,0.990204078938702,9.560813966087434,8.081151842394698
224,0.05,True,265.93716531404374,277.50502688298985,0.076378720717227,0.1,0.01,anisotropic,0.0125,0.0021544346900318,4,100000,85.01157450675964,36.66303994630764,0.9645966677671372,14.49825737604928,36.9011860796348,0.9730237298433728,13.724647274656403,8.758056007210397
225,0.05,True,244.74565373570448,240.2545754519633,0.0312027002717561,0.1,0.01,anisotropic,0.0125,0.2154434690031882,10,100000,83.37396764755249,42.02677954996304,0.9925186692376144,3.754746290786891,41.68176413819856,0.9943905197539092,4.065202070600432,3.660831688208268
226,0.05,True,973.0375441976933,1002.7744704103552,0.0515320492822875,0.1,0.01,anisotropic,0.0125,0.2154434690031882,10,100000,83.77291440963745,41.43323895245366,0.9890367689836504,68.03811822520188,42.408773856868585,0.9957021863320696,54.3499067261225,18.33435739241528
227,0.05,True,393.7046269420936,403.5651318965717,0.0383067825708503,0.1,0.01,anisotropic,0.0125,0.2154434690031882,10,100000,83.63293361663818,39.590805796315614,0.9825065758401228,17.003899792757444,39.94332888482055,0.9881250261422532,15.678201004267422,7.545743210085147
228,0.05,True,892.1545086219362,921.369046216703,0.0453530764377418,0.1,0.01,anisotropic,0.0125,0.1,9,100000,82.55951762199402,35.02949119665256,0.9741970685939522,249.37408045338788,35.99867009631361,0.9811175971198896,199.49564600431347,21.02117915181314
229,0.05,True,631.5074873712656,400.1906093280367,0.0910532608657731,0.1,0.01,anisotropic,0.0125,0.0215443469003188,7,100000,83.00727915763855,30.39855577153748,0.9321187551993954,235.0127501453906,30.64380086538386,0.9404674730030336,222.10938791848204,11.302038991440911
230,0.05,True,795.0164922381068,990.4756554865354,0.0454062613453923,0.1,0.01,anisotropic,0.0125,0.0021544346900318,4,100000,82.99005341529846,33.55276415231917,0.9377467850951684,252.4778936239761,32.89346736459932,0.9405518349510014,293.8685005985595,28.63403845658288
231,0.05,True,503.1344560120869,512.0139251370157,0.0443848667341156,0.1,0.01,anisotropic,0.0125,0.2154434690031882,10,100000,83.01065039634705,41.06000241822989,0.9892660930822286,19.78500926875392,41.44786159913291,0.9914956022205352,18.094656369849496,8.9128873479682
232,0.05,True,577.3269807417328,565.8860612836075,0.0410962649825168,0.1,0.01,anisotropic,0.0125,0.1,9,100000,82.85289287567139,41.2119676218757,0.9903058217439203,25.16078394060081,41.75471930188005,0.991876132383774,22.20490913858488,10.166038385533922
233,0.05,True,493.02517612504505,462.7836201861233,0.0715652045881375,0.1,0.01,anisotropic,0.0125,0.0464158883361277,8,100000,84.62161874771118,37.44962013655433,0.9855527074964364,43.67748351076137,38.02405056043246,0.987213013024702,38.26613206701119,11.587597970945286
234,0.05,True,196.04774481024648,162.78827051258455,0.0953054297601261,0.1,0.01,anisotropic,0.0125,0.0021544346900318,4,100000,83.78177905082703,36.41553928416232,0.977181181634374,8.423740007264598,35.93567697124443,0.9831841126599872,9.407867354771456,4.937269949954924
235,0.05,True,722.7296631462439,1167.870312620896,0.0406547827454844,0.1,0.01,anisotropic,0.0125,0.0215443469003188,7,100000,82.8820333480835,37.15439894893259,0.9709050499532932,100.23147399671733,35.207590702806215,0.9496709422261528,156.92240001170669,30.38132278159094
236,0.05,True,281.49159007841496,273.87153346522746,0.0451857239463215,0.1,0.01,anisotropic,0.0125,0.1,9,100000,82.56369400024414,40.2078795108707,0.9747117697716976,7.543858667679529,42.400086547156775,0.9910269991934216,4.553788329818328,4.917094186466126
237,0.05,True,25.291650465022386,22.57774511382249,0.0766427277701517,0.1,0.01,anisotropic,0.0125,0.001,3,100000,83.63938546180725,36.14131682958324,0.9514751517689354,0.1538774523940355,35.638606384242976,0.9703845716361732,0.1727611284048604,0.6697314267936704
238,0.05,True,645.8268236112607,653.4655151244556,0.0427373213775704,0.1,0.01,anisotropic,0.0125,0.01,6,100000,82.66556763648987,33.569296602737914,0.9477314720548788,181.09601108270837,34.4245850707953,0.9541232746052736,148.72365075045715,18.577378121087545
239,0.05,True,177.9335687276419,190.83478619873625,0.0636815209876212,0.1,0.01,anisotropic,0.0125,0.2154434690031882,10,100000,84.11086916923523,41.412064308712864,0.9910152595478384,2.285480330633733,41.71694339328064,0.9930950743284692,2.1305394468093524,3.847091383618446
240,0.05,True,940.5181257685614,863.2753782383576,0.123041070947766,0.1,0.01,anisotropic,0.0125,0.0001,0,100000,83.37601613998413,32.80302428119426,0.9424063770105616,462.4232933576784,33.932229044216285,0.961331060257076,356.5490027653866,31.50220988354916
241,0.05,True,953.9746484255847,973.6680658552492,0.0585784499754735,0.1,0.01,anisotropic,0.0125,0.2154434690031882,10,100000,83.02685570716858,40.64506908708775,0.9805318812011256,78.32731279287042,41.74751484763105,0.9923853665930298,60.76711963137134,17.806921874390277
242,0.05,True,914.949525830228,797.3623264879536,0.1031425113709694,0.1,0.01,anisotropic,0.0125,0.0215443469003188,7,100000,83.49484062194824,43.25663056536104,0.9917767079115998,39.47715838180347,44.58839417839784,0.9953343274412716,29.05156433392906,19.851374659667847
243,0.05,True,370.78854155518894,326.1837391607979,0.086164493895818,0.1,0.01,anisotropic,0.0125,0.0021544346900318,4,100000,85.03966045379639,37.65471388543276,0.9705403793346966,22.33003268430768,37.49913965165118,0.9769206942903444,23.14444559637029,9.006536947295654
244,0.05,True,16.441159912338563,15.623132689908358,0.0681365380746967,0.1,0.01,anisotropic,0.0125,0.1,9,100000,85.94004487991333,39.00611972743808,0.9797534233358332,0.0339380389900701,40.4179223858217,0.9867895192835752,0.0245192102921576,0.3283125166543074
245,0.05,True,928.3902440251376,461.1428462195893,0.1324251752788323,0.1,0.01,anisotropic,0.0125,0.0021544346900318,4,100000,85.97970175743103,38.91095958862247,0.9677847458099632,96.65723055643522,39.72420002057457,0.9739675975184848,80.15125083029767,15.761863039188649
246,0.05,True,428.755964168997,422.72688048962,0.0869216651324425,0.1,0.01,anisotropic,0.0125,0.0046415888336127,5,100000,85.47874450683594,33.41050486110354,0.9520963030796074,82.53163971249802,33.55045751585402,0.959568939683734,79.91443036867084,13.0022886836962
247,0.05,True,966.688164224626,1071.0745236707517,0.062103224649293,0.1,0.01,anisotropic,0.0125,0.01,6,100000,84.67998266220093,40.993606989324505,0.988688621681234,74.23179040616436,38.80587264103909,0.9834311232634684,122.84666483508497,28.82939993568621
248,0.05,True,963.6563571121636,978.3688927218072,0.0772907543164106,0.1,0.01,anisotropic,0.0125,0.0001,0,100000,84.96178579330444,31.250501199940217,0.9089139872297712,594.2381339695099,33.19646398086169,0.921784698287614,379.63324763620847,38.3839279837718
249,0.05,True,853.1564460118927,829.3522585765601,0.0485877313509736,0.1,0.01,anisotropic,0.0125,0.2154434690031882,10,100000,82.40062284469604,39.33077531084975,0.9769592923127566,84.68609568338944,39.89124603134486,0.9861490756218434,74.43291694066127,14.823865635854824
250,0.05,True,295.1544431775161,296.28019090348835,0.0359132189225802,0.1,0.01,anisotropic,0.0125,0.4641588833612777,11,100000,80.08182859420776,39.386699325618906,0.987536011598824,10.019888223113306,39.45251037495563,0.9885707238955332,9.86919595006204,4.424730002747815
251,0.05,True,385.71263087332335,282.8347891623659,0.0989356910374165,0.1,0.01,anisotropic,0.0125,0.0004641588833612,2,100000,81.08662819862366,36.61136152272328,0.951519244252446,28.08357223855413,37.66974213047608,0.9740337040690528,22.00970839117937,9.57956678719664
252,0.05,True,851.2855348453401,616.8903638786635,0.1018220523716558,0.1,0.01,anisotropic,0.0125,0.01,6,100000,80.96780109405518,32.814710429418675,0.9320614994656682,374.7683510135922,33.83458782987473,0.9521641349427492,296.329690744261,21.170114745170675
253,0.05,True,317.6050831511214,243.7945517730612,0.0587713973090004,0.1,0.01,anisotropic,0.0125,0.0021544346900318,4,100000,80.63070368766785,37.99910248516996,0.9597011284757808,15.683386442838462,39.4398631834242,0.973911958459918,11.255473606042912,6.069329759761772
254,0.05,True,170.32325393940638,189.25326741171196,0.0554264192012659,0.1,0.01,anisotropic,0.0125,0.0046415888336127,5,100000,81.08692288398743,38.60889187222763,0.9795004116827384,3.971335797266599,35.98643978345076,0.9753837562491944,7.264100086549849,4.766252962176909
255,0.05,True,557.2444611958919,341.2238394602707,0.0979824972729276,0.1,0.01,anisotropic,0.0125,0.01,6,100000,80.4020254611969,35.19800317139644,0.9556158405813472,72.4618360616149,35.92040805773293,0.966423576356672,61.35766804624596,10.56377603605578
256,0.05,True,936.2186193866202,655.7210227892294,0.0851541444405577,0.1,0.01,anisotropic,0.0125,0.0004641588833612,2,100000,81.35672330856323,36.30242081882661,0.9450743054249048,167.75261075785752,38.22356280208594,0.9712693585658032,107.78419675388784,17.847614266486147
257,0.05,True,696.333766878298,675.5884105227552,0.0663846512941459,0.1,0.01,anisotropic,0.0125,0.1,9,100000,81.0224220752716,41.53606493665336,0.9890254534980196,34.01923187456505,42.241301630794574,0.9923412417821036,28.920169497234543,13.461720091967493
258,0.05,True,570.4911089192756,565.7007565424709,0.0711238785675693,0.1,0.01,anisotropic,0.0125,0.0046415888336127,5,100000,81.286705493927,36.12731425651875,0.966856292754203,75.27942944413417,36.28688671134322,0.9711183300539288,72.56364222263015,17.279831583102357
259,0.05,True,98.07931727699776,86.84982697691575,0.081993715929718,0.1,0.01,anisotropic,0.0125,0.0046415888336127,5,100000,80.86543154716492,34.80600972778379,0.962966272811899,3.093576967756285,34.76401373508058,0.9653610313402684,3.123636758824237,2.6293382765062203
260,0.05,True,615.3922194724705,596.0287953092044,0.0544813891598807,0.1,0.01,anisotropic,0.0125,0.1,9,100000,80.18859481811523,41.96574270658719,0.9876006200925028,24.04867543720574,42.73083211157466,0.9911268966446032,20.164256841905203,12.0562464722628
261,0.05,True,990.063796254159,859.9353469340614,0.0579559291613067,0.1,0.01,anisotropic,0.0125,0.1,9,100000,80.06336522102356,36.830413035380246,0.974553662779178,202.5711202271696,38.34643089695851,0.9846728886752082,142.881415358908,17.179750108709474
262,0.05,True,140.9439312212875,111.5107954716299,0.0855167039832792,0.1,0.01,anisotropic,0.0125,0.001,3,100000,81.46572041511536,37.326643656477714,0.9462406975349116,3.271172801285785,36.52216181298121,0.9564917208944854,3.93687540976271,4.136494089977236
263,0.05,True,518.811322711373,510.2499047406321,0.033531298006985,0.1,0.01,anisotropic,0.0125,0.1,9,100000,80.87634181976318,36.69364097193799,0.9808590738213532,57.56760236825006,37.57181164921798,0.9837683691153688,47.02849429093374,10.756123261566884
264,0.05,True,877.4956988560275,915.9222925691248,0.0440067622804908,0.1,0.01,anisotropic,0.0125,0.1,9,100000,80.29274392127991,40.028806258990485,0.989577822070486,76.39582824245066,39.62607905178903,0.992309668684802,83.81897861030433,18.22465538600989
265,0.05,True,741.0278491364502,487.9408528206453,0.0914044384398537,0.1,0.01,anisotropic,0.0125,0.0002154434690031,1,100000,81.27819490432739,36.40574316682256,0.9475055017284052,124.06954837941348,36.55791837181304,0.9638967941164484,119.7974795383484,17.044293050463757
266,0.05,True,697.3187252542727,687.9093785819383,0.0737242961024682,0.1,0.01,anisotropic,0.0125,0.0215443469003188,7,100000,80.69436812400818,38.4088582656139,0.9768877616207944,70.07033419240447,39.280179743376,0.9868175427400748,57.3326533091918,19.094034699374166
267,0.05,True,702.7815999031221,533.0169137493137,0.0747374122753798,0.1,0.01,anisotropic,0.0125,0.0002154434690031,1,100000,81.2211377620697,33.40070992338398,0.944688625942586,215.21259512301216,30.884197586777017,0.9373783455315856,384.1659932831111,18.166476800131413
268,0.05,True,360.13166006853544,345.39097575459016,0.0604076238120508,0.1,0.01,anisotropic,0.0125,0.0464158883361277,8,100000,81.17074704170227,41.086511727772205,0.988314540251874,10.09304103225982,41.24117002028263,0.9908600234086112,9.739938386195472,8.104864910666445
269,0.05,True,294.2982524202289,165.10974189193354,0.1451950332181004,0.1,0.01,anisotropic,0.0125,0.0004641588833612,2,100000,80.71137571334839,33.51826315377036,0.9411762681475458,34.94054482601931,33.10417844004414,0.9462524051247878,38.435996397181135,6.818102573456582
270,0.05,True,809.5517943230351,666.6933400514247,0.1022165699147944,0.1,0.01,anisotropic,0.0125,0.0021544346900318,4,100000,80.25085186958313,37.11591514335401,0.976675540304088,126.90714602701745,36.192117697345246,0.975553846147671,156.98777062672016,21.986200120359257
271,0.05,True,810.3032812845016,907.0840713159876,0.0917232923450197,0.1,0.01,anisotropic,0.0125,0.0002154434690031,1,100000,81.178955078125,33.618779679940495,0.9424281750049248,283.162414732966,33.04761961686119,0.9431088315832558,322.962139560532,35.94181044340132
272,0.05,True,867.2052462615236,571.4196750602036,0.0883825861279086,0.1,0.01,anisotropic,0.0125,0.0046415888336127,5,100000,81.0908670425415,31.01558412523949,0.9199904124746472,581.5478514266701,32.6587633533495,0.9457850023609568,398.35248683196926,22.622881913451067
273,0.05,True,913.3273120039148,946.6967147630024,0.074721239034944,0.1,0.01,anisotropic,0.0125,0.01,6,100000,80.29250860214233,38.85205884203277,0.9769503344038918,108.37848883735724,37.746953689709926,0.9725150693852392,139.7827584174173,25.662070900991377
274,0.05,True,511.8310564620768,512.3692254364036,0.068624021210877,0.1,0.01,anisotropic,0.0125,0.0004641588833612,2,100000,82.78470134735107,33.494390929727174,0.943445450255716,115.66545616830464,32.82261507126459,0.9511857582070422,135.01476375042563,18.79435639027115
275,0.05,True,502.0147783925124,435.9750501948277,0.0782052599466141,0.1,0.01,anisotropic,0.0125,0.0464158883361277,8,100000,80.69615077972412,31.015115876012192,0.9694279488249976,198.7228765904424,31.166039568104612,0.9744020064692596,191.9355828756684,10.31685960708254
276,0.05,True,798.4968837878084,760.2686743918786,0.0557578594436345,0.1,0.01,anisotropic,0.0125,0.0215443469003188,7,100000,80.72517371177673,38.32683256283159,0.9741893067246056,92.81319194002278,38.5587554658877,0.9818608142465076,87.98677880029523,17.725257184812804
277,0.05,True,650.3139668469873,890.5548765223416,0.0349475699325844,0.1,0.01,anisotropic,0.0125,0.0215443469003188,7,100000,81.38302111625671,34.33644921699221,0.9656555303159112,154.26429300656383,34.812642162475655,0.9732518452143376,138.2439450080976,17.92885074346119
278,0.05,True,702.2649103804456,677.3136781033282,0.0475984667017213,0.1,0.01,anisotropic,0.0125,0.01,6,100000,80.94932270050049,38.06313548579287,0.9717769983817088,74.42634861559281,36.31689882999886,0.9652289219612192,111.26290078655212,17.751986820367687
279,0.05,True,795.996876766665,706.6799229771729,0.0673459541694303,0.1,0.01,anisotropic,0.0125,0.0464158883361277,8,100000,80.5140597820282,35.9971344494753,0.961765804506698,158.75822448759237,36.95364197774531,0.975854181553488,127.37537640523163,18.3678658191296
280,0.05,True,890.1153364757487,773.3760667609749,0.0687505170154855,0.1,0.01,anisotropic,0.0125,0.0021544346900318,4,100000,81.22878813743591,37.96315629113839,0.9614554342650806,116.15575273369946,36.216764681073926,0.955521320440278,173.65203798098412,22.42807927316748
281,0.05,True,338.65716169468425,295.1949125038604,0.0485956538770182,0.1,0.01,anisotropic,0.0125,0.2154434690031882,10,100000,81.15631365776062,36.50326677911352,0.9862939308817094,25.60673363568534,36.43230669426209,0.9874617210891988,26.028563024716515,4.983706815349304
282,0.05,True,376.2073696873041,357.70373212382606,0.0713173320960843,0.1,0.01,anisotropic,0.0125,0.0215443469003188,7,100000,81.48381066322327,40.9002416791043,0.9733776596153226,11.500367309773644,39.54480426144065,0.9693677383475902,15.71286767936224,10.220563728642368
283,0.05,True,94.88795790102812,96.47826583137552,0.058471637957805,0.1,0.01,anisotropic,0.0125,0.2154434690031882,10,100000,81.3631865978241,41.723402486510096,0.992509785544883,0.6049664900111983,41.8950657138499,0.9959120644996644,0.581520455958632,1.8474768946349984
284,0.05,True,578.7018608551778,1262.4974841437731,0.0318403742897718,0.1,0.01,anisotropic,0.0125,0.01,6,100000,81.23142433166504,32.95480959500005,0.9443174819839378,167.13173282189302,27.4612147431764,0.9068876543177348,592.1318217852886,30.794321648100407
285,0.05,True,36.906331522945344,28.21975368659335,0.0506415311573376,0.1,0.01,anisotropic,0.0125,0.0046415888336127,5,100000,81.12466788291931,35.31607719923763,0.9634455889626166,0.3923536993346599,34.90419334885793,0.9676767735417432,0.4313860895702217,0.7227853132902091
286,0.05,True,466.1324201143277,417.4464378456626,0.0598850529505731,0.1,0.01,anisotropic,0.0125,0.0464158883361277,8,100000,80.24362564086914,40.12602943086644,0.9751110804158916,21.04199625248945,41.67484508927849,0.985759647572084,14.730089074484148,10.616609086416627
287,0.05,True,543.1019900728691,644.6988463007892,0.0425938984104629,0.1,0.01,anisotropic,0.0125,0.0464158883361277,8,100000,80.31068134307861,40.09051657224998,0.9801761498747732,28.722618769203496,39.90888185816417,0.98700887076606,29.94935718213577,11.774188068443411
288,0.05,True,287.25471087615614,260.00973797961166,0.0484859801040143,0.1,0.01,anisotropic,0.0125,0.0464158883361277,8,100000,81.41346430778503,41.81875705947451,0.9866250578433922,5.396932635533344,42.49585446937268,0.9900580201633272,4.617822720863066,5.68242258683839
289,0.05,True,591.2424273084417,699.3681580748536,0.0760074788339975,0.1,0.01,anisotropic,0.0125,0.0004641588833612,2,100000,80.27968001365662,35.186941486296355,0.9569172838712584,103.81746350106889,31.492283589719268,0.9561001352089024,243.0727103278012,26.19178503943608
290,0.05,True,31.46974968911038,32.661720117780504,0.0435693202350341,0.1,0.01,anisotropic,0.0125,0.2154434690031882,10,100000,80.33845162391663,40.09940478175415,0.9884022768250113,0.0967220061847634,40.360436747120325,0.9897212065602928,0.091079806533779,0.5317236957994385
291,0.05,True,38.3108405604652,36.15703839652306,0.0702454460400683,0.1,0.01,anisotropic,0.0125,0.0464158883361277,8,100000,80.62573027610779,32.15701205240344,0.9403288348068496,0.8849729848657819,32.55234003658107,0.952393732371202,0.8079736823531662,0.9504739757023362
292,0.05,True,822.7779600989986,810.0833268528709,0.0683495339091731,0.1,0.01,anisotropic,0.0125,0.01,6,100000,80.46487808227539,33.33146194240533,0.9488035867183138,305.8900710738751,35.12027601654039,0.9801379407498014,202.6207753881471,20.44105579174084
293,0.05,True,360.8304507698516,312.6507386670635,0.1128800048003041,0.1,0.01,anisotropic,0.0125,0.001,3,100000,80.9684510231018,36.8578850530464,0.9643646705601168,26.56176205843722,36.431138156149416,0.9678392926191902,29.304314838605418,9.465224252399562
294,0.05,True,127.9334521392329,190.26178496347035,0.0341742968995407,0.1,0.01,anisotropic,0.0125,0.0046415888336127,5,100000,81.27814841270447,33.744365939013065,0.95566780878249,5.351642881550158,33.440531948385804,0.9615505883382232,5.739453267257304,4.476581500469727
295,0.05,True,522.7210167947495,376.1217180038885,0.0841043032835237,0.1,0.01,anisotropic,0.0125,0.0021544346900318,4,100000,81.26094317436218,35.37931580552684,0.9627926612787806,78.1261074384927,35.220486980118245,0.9636256808669412,81.03620026941351,12.201595779829333
296,0.05,True,770.2235595455122,809.7915506528317,0.0957283580305416,0.1,0.01,anisotropic,0.0125,0.0021544346900318,4,100000,80.6240611076355,34.63901605901158,0.961875710755101,201.29390886875427,35.10640828258247,0.9728371223789573,180.75545430727772,25.384447780513376
297,0.05,True,216.60520646934637,249.5111931271835,0.0923095808415477,0.1,0.01,anisotropic,0.0125,0.0004641588833612,2,100000,80.96415328979492,35.70458923113222,0.9546428781493757,12.243917059757289,32.4937182788885,0.946623248881294,25.64528171919345,9.714877923739584
298,0.05,True,623.2675853431813,629.8726949668826,0.0603651504746668,0.1,0.01,anisotropic,0.0125,0.0464158883361277,8,100000,80.63164687156677,38.34891903404805,0.9647847840235252,56.76514279927132,39.604038313344205,0.985463045890341,42.51770425911101,14.693440567328464
299,0.05,True,86.26211752877423,89.83487695864595,0.0570749915075694,0.1,0.01,anisotropic,0.0125,0.0021544346900318,4,100000,81.01411366462708,37.0653663824798,0.9688778598495934,1.4603640119768906,35.52676879923736,0.96552027462803,2.08123384768676,2.660627971817267
300,0.05,True,52.63003944743909,45.70152063205564,0.0414545595161248,0.1,0.01,anisotropic,0.0125,0.1,9,100000,82.04930138587952,38.23317087325332,0.9751889323031034,0.4134387453884504,39.2890939424376,0.984499193350376,0.3242043720076255,0.7805951925002186
301,0.05,True,531.8232769365799,517.2273625211668,0.0836965423736672,0.1,0.01,anisotropic,0.0125,0.0021544346900318,4,100000,82.86588644981384,34.368545264429194,0.9593001536629048,99.7380134450658,34.41820902294601,0.971064027502114,98.60395571161644,14.7381168191676
302,0.05,True,541.0944864884964,591.9082422170353,0.0727797236374031,0.1,0.01,anisotropic,0.0125,0.1,9,100000,84.13046717643738,39.26434136225856,0.9700340677158916,34.6782003566806,40.70699803682113,0.9886655229829518,24.87659203542982,15.903502422050156
303,0.05,True,637.7924715967083,686.2202615357933,0.0692721211017673,0.1,0.01,anisotropic,0.0125,0.01,6,100000,82.30211281776428,32.97750815439179,0.9447607510633492,203.6599193510535,35.164845109216806,0.9695656181563858,123.07557458284953,20.41758324798466
304,0.05,True,726.3652423889389,1045.300445036059,0.0332326897430047,0.1,0.01,anisotropic,0.0125,0.1,9,100000,82.27801728248596,32.907255749389506,0.9637342315785268,268.3282898355805,32.6930368972395,0.9658729662471802,281.8956329432835,21.56118804719071
305,0.05,True,975.876227383072,1022.1709998047498,0.0733522679636926,0.1,0.01,anisotropic,0.0125,0.0046415888336127,5,100000,83.95221090316772,38.4032638662226,0.9718247435455104,136.2989340227755,36.12524887185846,0.9654472402468696,230.3000110067774,32.238476701094726
306,0.05,True,516.7840479528941,446.8238989911401,0.0857357922995936,0.1,0.01,anisotropic,0.0125,0.0046415888336127,5,100000,83.05177736282349,37.14797269251679,0.969090337121702,50.75694199383792,38.98178620049444,0.9884243252855852,33.274696122839366,13.064602542658282
307,0.05,True,323.6335164683047,416.5666457178725,0.0619986892016849,0.1,0.01,anisotropic,0.0125,0.0046415888336127,5,100000,82.72488856315613,34.072976035056854,0.9434990081564556,39.07501261147799,34.26184274771948,0.9542847543942462,37.4121317941694,12.925021380002466
308,0.05,True,795.391008573935,403.178924018985,0.1418795001391368,0.1,0.01,anisotropic,0.0125,0.01,6,100000,82.81797814369202,31.67201000698412,0.9524699811609304,410.1201873001244,31.781629889972518,0.9570990175116656,399.8979324417386,11.17002845203258
309,0.05,True,271.56141901081213,272.3408456269748,0.0524751509306111,0.1,0.01,anisotropic,0.0125,0.0464158883361277,8,100000,82.28758907318115,43.02183452240219,0.9949839458596634,3.67368872999746,42.21727059466491,0.993643083468962,4.42138922704058,5.459673087568535
310,0.05,True,439.53244928493046,400.8333269776475,0.0685843690482778,0.1,0.01,anisotropic,0.0125,0.0021544346900318,4,100000,84.87131881713867,35.52280822141456,0.9591634638784494,52.37569762862291,35.2373305598218,0.968959754098882,55.93422007741883,12.672637847700551
311,0.05,True,79.37792496092369,78.90819781887812,0.0384280094684647,0.1,0.01,anisotropic,0.0125,0.0215443469003188,7,100000,84.18896675109863,40.81851833344575,0.9805715485807912,0.5149862116834083,39.90816672605506,0.9816968969952669,0.6350834013209298,1.5798120381336676
312,0.05,True,26.325392672042053,22.47970671721304,0.0647975028988851,0.1,0.01,anisotropic,0.0125,0.0215443469003188,7,100000,84.66208839416504,33.80451117321161,0.9410123002653984,0.2870026638097246,36.015759841256845,0.9806277898013356,0.1724888635555528,0.5291640384590821
313,0.05,True,962.6857662632472,956.7652166868604,0.0525556799131691,0.1,0.01,anisotropic,0.0125,0.1,9,100000,82.10090970993042,38.95943014735964,0.9801973618402908,117.63782005779731,39.578250958530624,0.9867383467742816,102.0152003672615,20.89184330278182
314,0.05,True,836.1441403916937,656.1187749557271,0.1024071624884479,0.1,0.01,anisotropic,0.0125,0.001,3,100000,84.8814902305603,37.04011839560497,0.962114275346312,136.16536084281535,36.21279454521707,0.9695280824756334,164.73998660291173,22.890826048204467
315,0.05,True,696.2782318876043,684.7438773608689,0.0464113191791979,0.1,0.01,anisotropic,0.0125,0.1,9,100000,81.91043400764465,44.58907752494376,0.99571737005578,16.812652340382034,44.97947986202156,0.9971927556765816,15.367244417509246,11.58020567451682
316,0.05,True,409.5439914698556,392.7590357147645,0.0683938415311288,0.1,0.01,anisotropic,0.0125,0.01,6,100000,82.55306124687195,39.39577219934738,0.9717943074867256,18.742531249968977,38.66649782940619,0.9791141226645058,22.169488885195584,9.299596812699846
317,0.05,True,174.12102575077492,180.3713672111407,0.0434943318633137,0.1,0.01,anisotropic,0.0125,0.0046415888336127,5,100000,81.77232599258423,36.11285888742167,0.9700327899169168,6.989181414126478,34.693247265692094,0.9691274816240822,9.69142134770054,5.1458026347247365
318,0.05,True,157.28060562841495,155.444794939937,0.0639758885744139,0.1,0.01,anisotropic,0.0125,0.1,9,100000,80.89269495010376,37.79774859344809,0.9675173921269192,4.076288459350045,39.99016556883522,0.9843383305478826,2.460499107381897,3.9342980965309295
319,0.05,True,250.99265526643077,242.21285298236504,0.0599588398379191,0.1,0.01,anisotropic,0.0125,0.1,9,100000,81.9690809249878,39.33366990681962,0.9878128721357108,7.343168023910301,39.74703539176514,0.9894767927038404,6.676470235527906,5.719133691993547
320,0.05,True,549.6774380414143,619.4892027756657,0.0479910774489722,0.1,0.01,anisotropic,0.0125,0.0215443469003188,7,100000,80.75620985031128,37.09858661721515,0.9721324404427526,58.36653091357775,38.228643724273546,0.981479599276118,44.99436950630484,12.204505565994085
321,0.05,True,714.8813267773622,712.4940866859731,0.0584713072046607,0.1,0.01,anisotropic,0.0125,0.2154434690031882,10,100000,80.38940596580505,39.992846920416895,0.9843382078476052,51.139886835319466,40.41668292416011,0.988422986305549,46.38485061758866,13.64419375179711
322,0.05,True,660.5371793410135,455.9142118212995,0.0632400985892272,0.1,0.01,anisotropic,0.0125,0.0021544346900318,4,100000,81.22607159614563,30.960528227574805,0.9327012786662388,346.6389625311329,31.694832993209022,0.9446779709625328,292.7162950901045,15.058086463240633
323,0.05,True,280.6539630489969,253.7110290198287,0.0756468975275595,0.1,0.01,anisotropic,0.0125,0.0046415888336127,5,100000,81.23618984222412,37.20503430254004,0.9493705881582336,14.830556371661414,36.75681609934171,0.9721598513126652,16.44293213422137,7.254185156965287
324,0.05,True,954.9104153825308,1087.7666985109267,0.044284082988425,0.1,0.01,anisotropic,0.0125,0.0215443469003188,7,100000,80.52432823181152,37.73302391571518,0.9893410012315076,152.87301798037484,36.53748582617717,0.9889605767382944,201.31894616380143,24.47424842071572
325,0.05,True,738.1590197790728,453.2219841582396,0.1040631619394405,0.1,0.01,anisotropic,0.0125,0.001,3,100000,80.7520067691803,36.181879853890464,0.9738724215263008,104.43298972425065,34.617103453570174,0.9727413908053896,149.73225019459682,12.524282760180691
326,0.05,True,554.7996984588893,551.6171046034773,0.051533436095769,0.1,0.01,anisotropic,0.0125,0.1,9,100000,80.58821535110474,38.56248048264118,0.9811987283170288,42.83742937021622,39.45851286893691,0.9870350780970064,34.85139471293378,11.955036180073312
327,0.05,True,612.1090254881179,599.7668734992802,0.0469571193144546,0.1,0.01,anisotropic,0.0125,0.0215443469003188,7,100000,82.57330775260925,38.00132336747503,0.967985896671274,59.0412438573478,38.627848039906375,0.9830717439420644,51.10966462858938,12.956010912850523
328,0.05,True,420.1804623653621,364.117781318893,0.1174327125518976,0.1,0.01,anisotropic,0.0125,0.0004641588833612,2,100000,80.8224515914917,36.65604191281244,0.9631404307320696,36.3311537269092,34.60148595191229,0.9771545654765464,58.30889154845556,11.035886853969584
329,0.05,True,248.48325851165632,216.7863494636718,0.0708911418854906,0.1,0.01,anisotropic,0.0125,0.1,9,100000,81.91674304008484,43.936760634315,0.9944496870593268,2.492761511086313,44.9421426913726,0.9957843073066583,1.977618539150778,4.518009897927864
330,0.05,True,356.6167059726103,303.3383265105886,0.0562805676563796,0.1,0.01,anisotropic,0.0125,0.0046415888336127,5,100000,80.05749464035034,35.41138946312297,0.966697182340166,35.905848163205334,35.94209861480406,0.9740578202211712,31.77563768286269,7.137871656461011
331,0.05,True,758.0882643539047,850.093017405786,0.0351082473296491,0.1,0.01,anisotropic,0.0125,0.4641588833612777,11,100000,82.49923205375671,38.23257441242045,0.982258121267718,86.22712290285645,38.44374318744545,0.9859682372284876,82.13476482168434,11.394602094826464
332,0.05,True,15.379095141126111,13.925283586695553,0.0426766333215739,0.1,0.01,anisotropic,0.0125,0.1,9,100000,82.64598441123962,36.95288183952941,0.9759040067383822,0.0475454359224565,37.37336989188816,0.9824282290877612,0.0431578725697441,0.2467391038003321
333,0.05,True,116.95656786640932,118.38974975940523,0.0476104577643852,0.1,0.01,anisotropic,0.0125,0.1,9,100000,82.59801077842712,39.22037086328019,0.98018716050185,1.6349620979920243,39.36892552688879,0.9863723949759192,1.5799823040886656,2.1339588191915944
334,0.05,True,46.956639379730994,82.52656000224123,0.0357584868417891,0.1,0.01,anisotropic,0.0125,0.0464158883361277,8,100000,81.46692657470703,34.976554295499405,0.958834143405524,0.7005678120546245,34.54497714833158,0.9688265741509506,0.773762885261312,1.822940176005103
335,0.05,True,41.688073516651166,48.49187598880065,0.057812250743344,0.1,0.01,anisotropic,0.0125,0.001,3,100000,81.00026607513428,33.071597119923894,0.9214763902412624,0.8358163625735803,33.80939178120603,0.9505499531264316,0.7052310136590569,1.564640690076409
336,0.05,True,855.6051234269962,724.2100923053214,0.0788726346851536,0.1,0.01,anisotropic,0.0125,0.0021544346900318,4,100000,80.66650938987732,37.996303923305774,0.9544179938659108,111.45683896003632,36.96884696021439,0.9630258596069114,141.20576179237895,24.56180313524932
337,0.05,True,703.9542015206437,722.3075889811206,0.060324505129703,0.1,0.01,anisotropic,0.0125,0.1,9,100000,80.45978736877441,37.2435660271134,0.9793750268502412,93.10734171739482,37.86677393371359,0.9853545329770608,80.66091360672046,14.949442044776594
338,0.05,True,474.6996552582379,543.335574766334,0.0596948551476437,0.1,0.01,anisotropic,0.0125,0.0215443469003188,7,100000,80.72169756889343,38.179412051634806,0.9886773033995212,33.66876972757448,37.47635468685327,0.9889048627058972,39.58521279057084,10.832589568994608
339,0.05,True,98.73632649035048,96.25468497613308,0.0506365494241893,0.1,0.01,anisotropic,0.0125,0.2154434690031882,10,100000,82.7146806716919,40.92748842431248,0.9883958267822928,0.7863374761019255,41.0576340358249,0.9914351020965886,0.7631227715452188,1.5969362798759172
340,0.05,True,492.1242592417156,579.2999392849827,0.0643334036050608,0.1,0.01,anisotropic,0.0125,0.0021544346900318,4,100000,81.18201541900635,35.83893224298329,0.957987988005206,60.83384512282696,34.22144460456332,0.9638234081410972,88.28644541165022,16.777477422866415
341,0.05,True,473.9982990097851,379.4845412285737,0.0884597776858908,0.1,0.01,anisotropic,0.0125,0.01,6,100000,82.3245894908905,30.796104771039104,0.951133144184205,184.9853598835103,31.66814689719372,0.9611503382887948,151.3328273957064,11.566121552850465
342,0.05,True,174.02866804010517,85.8229463417569,0.1397481832186572,0.1,0.01,anisotropic,0.0125,0.001,3,100000,81.8495728969574,32.03818317377892,0.9161395071767648,13.358010930075237,33.14691746486866,0.9510338368604386,10.348284627162728,3.649112121624937
343,0.05,True,434.4177975887351,221.36133530777525,0.0934736310977699,0.1,0.01,anisotropic,0.0125,0.0001,0,100000,81.6997184753418,30.855504128716746,0.9103484965705833,116.24333241177524,30.20627497750273,0.933542669555643,134.98669577634047,9.022264488952244
344,0.05,True,399.1062296629761,389.4755362279755,0.0516445187558878,0.1,0.01,anisotropic,0.0125,0.1,9,100000,82.29584980010986,40.08010837155663,0.980649034013765,15.613195291152104,41.16010194148332,0.9865414552951765,12.175657836531483,7.428302831883148
345,0.05,True,616.2342479541643,771.0795879822587,0.0440771010697549,0.1,0.01,anisotropic,0.0125,0.0021544346900318,4,100000,81.25765180587769,33.281326164260776,0.9484496269709533,170.25845209139416,32.45274344160324,0.9430582204710636,206.0473118356497,18.124064551316863
346,0.05,True,635.4585572167762,477.29501445208143,0.0863997374837039,0.1,0.01,anisotropic,0.0125,0.0002154434690031,1,100000,80.99460005760193,33.43679775820582,0.9329408566105027,177.95009819550847,31.45849845568473,0.936757357930814,280.62616561238536,19.23380314704605
347,0.05,True,46.25870576227247,38.03013429800996,0.0880725792834098,0.1,0.01,anisotropic,0.0125,0.0021544346900318,4,100000,81.3338634967804,38.32479423366184,0.9674746707534234,0.3067115541697017,36.8149397697189,0.9777110245712892,0.434225759087874,1.1718408808286065
348,0.05,True,375.2380020118448,374.95437167541417,0.0584081160954798,0.1,0.01,anisotropic,0.0125,0.1,9,100000,81.52430605888367,43.19117123683995,0.9934820176014926,6.743998645324086,43.88016276414712,0.9953042799395208,5.754642140231287,8.356141473925632
349,0.05,True,626.2340557985221,674.4198736116263,0.0767970523844053,0.1,0.01,anisotropic,0.0125,0.1,9,100000,80.61865997314453,39.97152688019853,0.986505923438779,39.45685079344016,40.39065102305958,0.9898279950929274,35.826963829240064,16.24814774640952
350,0.05,True,503.6331223215077,538.0208276558385,0.0514106943650595,0.1,0.01,anisotropic,0.0125,0.1,9,100000,86.57337284088135,38.63862856976692,0.9784148419166526,34.67089531225863,40.40163535754363,0.9869247807219006,23.10278720230065,10.944859074335572
351,0.05,True,856.633351347134,842.2677109546288,0.0596242139112675,0.1,0.01,anisotropic,0.0125,0.1,9,100000,86.25583839416504,39.51406689188538,0.9864283620357353,81.99434697174799,39.44964204494303,0.9887443956959332,83.219747942222,18.024974942729138
352,0.05,True,659.0349379873261,731.1773902199649,0.0543993007085248,0.1,0.01,anisotropic,0.0125,0.0464158883361277,8,100000,87.09166502952576,39.35872051425977,0.9831838331972732,50.34315640075808,40.46495674251842,0.988437310878274,39.02265537554295,17.128788945318266
353,0.05,True,163.77149265434826,159.29317987576027,0.0648727444477951,0.1,0.01,anisotropic,0.0125,0.0464158883361277,8,100000,86.7750654220581,35.953169805359344,0.9791089614874624,6.786716015278274,36.62667238662111,0.9862405906763132,5.811783381006765,3.541765050579369
354,0.05,True,71.49817865302941,72.98639590181308,0.0658403701978424,0.1,0.01,anisotropic,0.0125,0.1,9,100000,85.59909725189209,38.04690153277707,0.987601731144814,0.8010785233367831,38.34278009864222,0.9914438730062104,0.7483197922721446,1.5824462698031936
355,0.05,True,642.7768589281093,602.3362757685269,0.0559620227875536,0.1,0.01,anisotropic,0.0125,0.1,9,100000,86.14665246009827,29.11314562430306,0.949023978755142,505.8319621744563,29.340716148953632,0.9547739651433698,480.00881763318415,12.189918673505929
356,0.05,True,27.484799231080192,27.479794938783364,0.0567784716176649,0.1,0.01,anisotropic,0.0125,0.1,9,100000,85.67692756652832,39.75899784385758,0.9877110002630728,0.07964843227569,39.81191298075709,0.9911795433334608,0.0786838711067023,0.5309043937551619
357,0.05,True,586.1898056921898,530.1134139960658,0.0622430840433586,0.1,0.01,anisotropic,0.0125,0.01,6,100000,87.02651500701904,33.74217228700155,0.9556651004294856,143.1591252351486,34.69922739967022,0.9690172980003364,114.8453788486769,14.666876035355404
358,0.05,True,940.2900111835328,1541.946474697755,0.0525373733386393,0.1,0.01,anisotropic,0.0125,0.01,6,100000,86.08965682983398,36.03287011052383,0.9690944028863324,210.47931486119367,35.763649200791804,0.9764549997028784,223.93991672039235,32.25041513551778
359,0.05,True,575.898703698003,577.1919241396456,0.0541782206468198,0.1,0.01,anisotropic,0.0125,0.1,9,100000,86.87337398529053,40.0027666602294,0.9890620442882893,33.136730843445,40.25725872501498,0.99069897944566,31.25075065387991,12.99213310081228
360,0.05,True,388.7817562803154,370.3465977418722,0.0615006288950163,0.1,0.01,anisotropic,0.0125,0.001,3,100000,86.4534683227539,35.12646635877438,0.95185840149073,46.39840021900254,34.71114843043014,0.9648218105971418,51.05459077832615,12.480778742185528
361,0.05,True,643.6449302239108,390.25102732031263,0.1195299489257773,0.1,0.01,anisotropic,0.0125,0.001,3,100000,86.53732323646545,37.91433480707232,0.965940621692994,60.9938291968527,37.94528737926152,0.9655313103195278,60.56066592677648,14.995561492269456
362,0.05,True,458.7946376010251,475.7521200119454,0.0600383067570032,0.1,0.01,anisotropic,0.0125,0.2154434690031882,10,100000,86.37642097473145,41.26812244908509,0.9877390927113586,15.716078342096798,41.70255532586124,0.9922502176310584,14.220042597124984,9.488447702643937
363,0.05,True,546.071172526619,526.144546211323,0.0570593513638115,0.1,0.01,anisotropic,0.0125,0.0464158883361277,8,100000,87.0184531211853,43.09637974939249,0.9921527506081248,14.604317148090407,42.86983342523016,0.99457187614805,15.386359943247031,10.853431432520711
364,0.05,True,941.5233439677486,903.5888642822204,0.0535187381282709,0.1,0.01,anisotropic,0.0125,0.0464158883361277,8,100000,86.7569363117218,42.85835613713573,0.9890766004262368,45.87647117180808,42.55537375478792,0.986681999014217,49.191293512175626,22.99545206037545
365,0.05,True,386.7165351629735,373.2451763485475,0.0854175200053852,0.1,0.01,anisotropic,0.0125,0.0046415888336127,5,100000,86.53256011009216,37.08048058855021,0.9731887793657886,27.57888064235991,37.02287406940919,0.9776597732943276,27.94713463790865,10.424018820373709
366,0.05,True,961.2293732600904,951.3528416979516,0.0600880284351284,0.1,0.01,anisotropic,0.0125,0.001,3,100000,86.6548752784729,36.26486604572849,0.9614485333877232,216.5754922268052,34.90488294155079,0.9587850065516588,296.21539123558034,31.766523944361023
367,0.05,True,905.4452913141076,937.2613766518064,0.0557958457476291,0.1,0.01,anisotropic,0.0125,0.0464158883361277,8,100000,86.624351978302,36.37217318414659,0.9641957004759224,188.43583697960003,39.73571021291412,0.9889425524658956,86.85799462057427,19.44239908154316
368,0.05,True,196.59534365450716,193.677495794628,0.0698239806892456,0.1,0.01,anisotropic,0.0125,0.0215443469003188,7,100000,87.09866786003113,38.82259702522601,0.970611616933442,5.059910348007905,39.87482344006889,0.9870258005123472,3.971185559162853,5.418807712489315
369,0.05,True,70.2919395742903,67.54841799252621,0.0646186134622195,0.1,0.01,anisotropic,0.0125,0.0215443469003188,7,100000,86.48746728897095,37.41926450473234,0.9808385059388308,0.8919638398127876,37.7058732440485,0.9856313191949811,0.8349998058740962,1.651331849190084
370,0.05,True,101.67722337604924,98.9466908109431,0.059746888498745,0.1,0.01,anisotropic,0.0125,0.1,9,100000,86.61119771003723,39.511123627774246,0.9858453873151306,1.1556415231741084,39.80598919087856,0.9888873504751716,1.079783238710284,2.3233219441721515
371,0.05,True,19.203603825898178,18.786582134972708,0.0757874768560136,0.1,0.01,anisotropic,0.0125,0.0021544346900318,4,100000,86.87827920913696,34.38417687074895,0.9639423196107922,0.1146835733915032,33.42105275068437,0.960973259744887,0.1431573427550302,0.4897938808882677
372,0.05,True,95.34851779517248,120.03985142361503,0.0358421414961261,0.1,0.01,anisotropic,0.0125,0.0021544346900318,4,100000,86.74747347831726,33.84300553737091,0.955912977013848,3.4625325924874333,32.11422164502254,0.951773038989017,5.155517427882782,2.7855633998404024
373,0.05,True,683.3237666429405,707.638538125726,0.0455185190504247,0.1,0.01,anisotropic,0.0125,0.0215443469003188,7,100000,86.31896114349365,38.90589812822992,0.9856991289529388,59.95375372571599,38.61237056447401,0.9860389532727448,64.14593442976529,16.772022521194934
374,0.05,True,72.11745981176875,70.3711833929311,0.077555503914632,0.1,0.01,anisotropic,0.0125,0.0046415888336127,5,100000,86.16819453239441,39.46391376338626,0.9761005199796328,0.5579764697093763,39.19712181840465,0.9829841660606424,0.5933283217283618,1.7813258551086066
375,0.05,True,319.6566546634675,346.2829177250248,0.0677022970813512,0.1,0.01,anisotropic,0.0125,0.0046415888336127,5,100000,86.63326120376587,38.33895629657498,0.9751705481563804,14.835242310504146,37.441355360411485,0.9779429878786554,18.241255979860064,8.46052313648042
376,0.05,True,845.0304356584851,870.2049620955717,0.0567501324314895,0.1,0.01,anisotropic,0.0125,0.0046415888336127,5,100000,86.42225432395935,38.99437458412437,0.9617060284833224,88.80312238753054,36.70308354239109,0.9510161843661076,150.5072221947134,20.5818671752896
377,0.05,True,24.24866380009004,20.9130973138823,0.0890833455322384,0.1,0.01,anisotropic,0.0125,0.0021544346900318,4,100000,86.4007306098938,34.84636415122296,0.96090016712499,0.1882657744386913,34.80909036876144,0.9684968904281284,0.1898885391394374,0.6325711085120723
378,0.05,True,814.6540141063468,455.8724603822329,0.109253205377877,0.1,0.01,anisotropic,0.0125,0.0046415888336127,5,100000,87.23245596885681,31.43116719521509,0.943979802217458,455.090247688625,31.737853714699614,0.9521328830975574,424.0615310281997,14.784163037123284
379,0.05,True,282.5729199986265,274.9011223906928,0.0445479836675224,0.1,0.01,anisotropic,0.0125,0.1,9,100000,86.65182161331177,38.041804508599,0.9719773700226472,12.517329071109687,39.71208956913061,0.9878201490058184,8.520854777373387,5.544932756778168
380,0.05,True,119.0466627940346,77.22640104762148,0.0926368141596873,0.1,0.01,anisotropic,0.0125,0.0021544346900318,4,100000,87.28678297996521,28.76802048569996,0.932598113092961,18.51355932310368,28.581193102622457,0.9304315366468804,19.327365529634,2.845149926031308
381,0.05,True,697.0404281987865,743.2331482495683,0.0321969393385656,0.1,0.01,anisotropic,0.0125,0.0215443469003188,7,100000,88.52018308639526,30.842944991516926,0.9291537450893462,393.37407748621786,31.757080507014717,0.9569834100933404,318.70742826227604,18.04177005770952
382,0.05,True,629.3139039331041,710.5680228813122,0.0574432715591329,0.1,0.01,anisotropic,0.0125,0.001,3,100000,87.12303900718689,32.39649840868527,0.9507110438915218,226.4550508696996,28.514618708510422,0.9339411710582224,553.5667313343175,21.15765733340141
383,0.05,True,877.5945415135259,707.5917622547976,0.0819852428325728,0.1,0.01,anisotropic,0.0125,0.0021544346900318,4,100000,86.39310216903687,38.39033798382956,0.9679560022815952,103.2627544016184,37.44769611370622,0.9742746497488598,128.29445675425077,22.19299058233416
384,0.05,True,735.3359727600819,705.7685543547547,0.0559448991029599,0.1,0.01,anisotropic,0.0125,0.2154434690031882,10,100000,86.26203441619873,40.306449204755374,0.9879422202036648,50.32870036586419,40.179762961929264,0.9891389929868226,51.81844068125547,12.415607117540649
385,0.05,True,803.6774494544637,798.7596596074318,0.0743133867540802,0.1,0.01,anisotropic,0.0125,0.01,6,100000,86.07393598556519,38.23658512038672,0.9754405798465142,96.6512714306146,38.072368654564855,0.9831446077576188,100.37584585586444,22.902674032341448
386,0.05,True,282.7525379987352,247.34931099195865,0.0787905926289396,0.1,0.01,anisotropic,0.0125,0.01,6,100000,86.52932691574097,38.10019251145295,0.9732321796539404,12.251737163230716,39.191991275854704,0.9794781573463864,9.528352048772309,6.639389150566138
387,0.05,True,178.2621042359431,190.8328529011924,0.0490978126247955,0.1,0.01,anisotropic,0.0125,0.0464158883361277,8,100000,85.52309584617615,34.86661533128813,0.9675086161790646,10.307945010854809,35.84570489520227,0.9824429956474696,8.227409933017793,4.151244595116949
388,0.05,True,750.8641368892174,1055.224629016562,0.0573782307019419,0.1,0.01,anisotropic,0.0125,0.0046415888336127,5,100000,86.29534125328064,37.89521604971461,0.9704227840377924,90.62617634626952,34.521542975363815,0.9528394507798146,197.0702031505592,29.90472897008194
389,0.05,True,807.0279045279967,852.020587569466,0.0377211774899989,0.1,0.01,anisotropic,0.0125,0.0215443469003188,7,100000,86.5037841796875,37.93975773248008,0.9830864855377892,103.73143064609005,37.81010655752988,0.9857797976291536,106.87484186607767,16.7330179029255
390,0.05,True,990.5146368586726,945.6479250746548,0.0474948840018287,0.1,0.01,anisotropic,0.0125,0.2154434690031882,10,100000,85.95212626457214,43.35313654940299,0.9957705741262176,45.291552654319865,43.20740239560662,0.9968199485056296,46.83716765939939,18.167963469597133
391,0.05,True,413.20505923451503,392.3888908550455,0.0728438993341621,0.1,0.01,anisotropic,0.0125,0.0215443469003188,7,100000,86.14377760887146,38.63617765949272,0.9749905824753202,23.30664227527624,39.16005093302955,0.9809146915466292,20.658195498454266,11.646777579740972
392,0.05,True,372.6460677069904,396.97749756671874,0.057761528866432,0.1,0.01,anisotropic,0.0125,0.0464158883361277,8,100000,86.78329539299011,36.36480173475901,0.959487786320367,32.00571478603322,37.37269799389755,0.9697257134314712,25.376861233127464,10.071181365929217
393,0.05,True,776.6365477812549,870.1814124533037,0.0610784565925742,0.1,0.01,anisotropic,0.0125,0.0021544346900318,4,100000,86.1291196346283,35.77403640778692,0.9665784687310128,153.0140178230568,33.89844935276854,0.9729588650581612,235.6621982511496,22.82744956614137
394,0.05,True,341.4627367127648,271.49452881268377,0.1038591507018768,0.1,0.01,anisotropic,0.0125,0.0046415888336127,5,100000,87.173504114151,37.64922312909868,0.9708597529561448,19.97814883608319,38.03030231086464,0.9749256618871668,18.29984141134125,9.220605395840176
395,0.05,True,930.8265682779612,668.4690602691111,0.0851860162670426,0.1,0.01,anisotropic,0.0125,0.0021544346900318,4,100000,87.38665819168091,34.52458548293667,0.9234140580966834,299.7357944511282,35.763418181790975,0.9563056950618256,225.34884662020312,25.55509330403119
396,0.05,True,858.5543390911688,890.357139056739,0.0353001753022836,0.1,0.01,anisotropic,0.0125,0.2154434690031882,10,100000,86.7183883190155,34.885162237562966,0.966112673780328,237.8734084292757,35.46656356852299,0.9721625630791464,208.06822506432871,18.34887492437588
397,0.05,True,429.56503334764335,294.946257757575,0.1085165806529513,0.1,0.01,anisotropic,0.0125,0.0001,0,100000,87.74697589874268,30.186968396453903,0.9187595753510835,174.77251889271542,28.716416393493148,0.9187537533747732,245.20444901691164,13.229678854101502
398,0.05,True,751.1201967237058,535.9233695304833,0.1105727194899638,0.1,0.01,anisotropic,0.0125,0.0001,0,100000,87.18537902832031,35.771609995233845,0.9579941499566512,148.46016836936954,36.726236893843016,0.9746192277334468,119.16459982430666,15.871557329324505
399,0.05,True,754.7883312105977,754.1125188901254,0.0613667034949342,0.1,0.01,anisotropic,0.0125,0.1,9,100000,86.51702928543091,40.63514545044345,0.9865366062851046,49.16123908070516,41.39424910420576,0.9903364308246811,41.27741151749706,16.48580198129451
400,0.05,True,104.02074496709668,104.72331670945144,0.0468517135023275,0.1,0.01,anisotropic,0.0125,0.0464158883361277,8,100000,79.09680771827698,42.12277217293912,0.9841108355277745,0.6629338408945733,43.31726350832643,0.9885090613548948,0.5035250201919307,1.86251408336254
401,0.05,True,902.6503537728872,578.6676867913984,0.0920114795577823,0.1,0.01,anisotropic,0.0125,0.0046415888336127,5,100000,79.13921904563904,34.9501938423491,0.9586777400051052,212.93564709671332,35.39188500695125,0.9638956401360588,192.34427102198111,16.980628977608305
402,0.05,True,505.74712007540927,416.44708203989455,0.0938781644392738,0.1,0.01,anisotropic,0.0125,0.0021544346900318,4,100000,78.52938103675842,38.40771206876949,0.975788836389476,35.140100056931445,37.2966936717335,0.9779065319069272,45.38421557525177,10.8066257520887
403,0.05,True,826.6310086416339,695.3089747585901,0.0549593885311994,0.1,0.01,anisotropic,0.0125,0.0021544346900318,4,100000,80.49760627746582,32.621390035257065,0.936962124620417,372.2754531342679,31.914595597719405,0.9355079612307986,438.07033481199306,26.554615032969267
404,0.05,True,320.72955142958114,337.0660027075866,0.0529206193383401,0.1,0.01,anisotropic,0.0125,0.1,9,100000,78.74052476882935,39.9132279557343,0.9827366303760066,10.491135577512171,40.9319653217179,0.987559837403208,8.29752869293678,7.294068821868294
405,0.05,True,895.6277052677043,1017.5988684880912,0.0410318426187761,0.1,0.01,anisotropic,0.0125,0.0215443469003188,7,100000,78.85890746116638,39.47570053474908,0.9766829610870228,90.41698588314948,38.40947789182174,0.9784820972595432,115.57723213917096,27.899286852754788
406,0.05,True,389.8124770554289,461.1764362184608,0.0500632484533338,0.1,0.01,anisotropic,0.0125,0.0215443469003188,7,100000,79.65795946121216,38.81559509215941,0.987295303461346,19.90715287850669,38.90604150859743,0.9894483671977709,19.49685267492976,10.530604058452
407,0.05,True,11.826813828818064,12.182863909817751,0.0651736143128599,0.1,0.01,anisotropic,0.0125,0.2154434690031882,10,100000,79.14034128189087,37.30523756401956,0.9775210577815452,0.0259835900559093,37.36498423822504,0.9812451749334734,0.0256285767172347,0.2716230822425286
408,0.05,True,905.4765944428444,623.4290369963792,0.094843505962068,0.1,0.01,anisotropic,0.0125,0.001,3,100000,79.91431474685669,36.86395422662751,0.9607035816786398,153.94815343440024,35.78409637156659,0.9712388815785916,197.4059640732684,19.90406395229857
409,0.05,True,92.19539010934744,76.53153155368177,0.0776948308729248,0.1,0.01,anisotropic,0.0125,0.0046415888336127,5,100000,79.88464832305908,39.94697296073156,0.96992291513886,0.8516592056902348,39.85493684989385,0.9798337808778989,0.8699002511045331,2.1437825107359663
410,0.05,True,319.99432395282446,318.06663444639656,0.0548546528988709,0.1,0.01,anisotropic,0.0125,0.2154434690031882,10,100000,79.06813788414001,42.761859082643326,0.9951353660940604,5.416963038130228,42.60544400903414,0.9970363884029446,5.6156157007236125,5.546531485286596
411,0.05,True,950.111905083754,977.4027710684448,0.0704322039782014,0.1,0.01,anisotropic,0.0125,0.0046415888336127,5,100000,79.34178328514099,37.60872309641034,0.9672483480281524,154.357247921914,38.45678238080413,0.9767046633265692,126.975841115952,25.14641202284753
412,0.05,True,950.6565397906186,952.659243450282,0.0493281738081237,0.1,0.01,anisotropic,0.0125,0.1,9,100000,79.75049233436584,38.40910564533824,0.9834370344518452,130.2254432322839,38.69124939352721,0.987484115901443,122.0341749866543,18.199023701888656
413,0.05,True,573.8644502351628,561.2343229867865,0.0630480584472382,0.1,0.01,anisotropic,0.0125,0.2154434690031882,10,100000,79.29768753051758,40.83160870063502,0.9866810000787716,27.181216129529112,40.96433871441985,0.9898793917234852,26.363063909076946,12.234317945682324
414,0.05,True,632.2053749576295,650.2008433302839,0.0543798453058439,0.1,0.01,anisotropic,0.0125,0.2154434690031882,10,100000,78.7043104171753,40.15886237060852,0.9831975030579824,38.4574219255474,40.95645607328743,0.9900209184941878,32.00521852120032,12.111784819094565
415,0.05,True,448.9970764563415,440.1271131267256,0.0332124145735833,0.1,0.01,anisotropic,0.0125,0.4641588833612777,11,100000,78.94378185272217,41.45722620231948,0.99385506022008,14.405854975137157,41.44600820572463,0.9947736190827984,14.443113962858323,5.906484413471248
416,0.05,True,293.9175609263665,332.41799984147593,0.0626461282345233,0.1,0.01,anisotropic,0.0125,0.0021544346900318,4,100000,79.34034013748169,35.17392081862422,0.9587467036314878,26.06692897796029,34.29538469319404,0.9617663001308144,31.911225375271933,10.95528877753098
417,0.05,True,329.33588082454605,386.2001931470478,0.0526741835806455,0.1,0.01,anisotropic,0.0125,0.0021544346900318,4,100000,79.16295790672302,34.75515771934571,0.9505166848000272,35.480104474754995,33.652426720686464,0.9567216747676832,45.73598005886482,13.668132894140996
418,0.05,True,672.8459376209614,617.768588079871,0.046741284936535,0.1,0.01,anisotropic,0.0125,0.0464158883361277,8,100000,80.01962280273438,39.23896477964028,0.9757555698025856,53.64028874867737,40.92059731475118,0.9856679424217458,36.41898631659782,12.728343976296332
419,0.05,True,752.6221549082424,689.9799576271021,0.0775114729929881,0.1,0.01,anisotropic,0.0125,0.0464158883361277,8,100000,79.55343127250671,39.95336880203987,0.9868707700582904,57.197619856747565,39.50484331990788,0.9889076638136162,63.42062319412871,17.70684252478985
420,0.05,True,791.7874646821227,851.8177887909728,0.0646863976278188,0.1,0.01,anisotropic,0.0125,0.0464158883361277,8,100000,79.39475297927856,39.77057514122036,0.9869545220881306,66.01683252434339,40.27477207206768,0.9897698142696154,58.780731996383714,19.675953227952757
421,0.05,True,789.8285246517594,1018.6626295992744,0.033209448124674,0.1,0.01,anisotropic,0.0125,0.01,6,100000,79.3004310131073,37.45418017562727,0.96111024399919,110.2008571161093,37.495358049125606,0.9687725020584692,109.16091944804177,21.578834843800195
422,0.05,True,92.11489694564168,87.72733243528978,0.0609468781383878,0.1,0.01,anisotropic,0.0125,0.1,9,100000,78.3529748916626,40.27797227298456,0.9885354414775224,0.7954823783703048,40.68897716322403,0.9912754956697082,0.7236525128554535,1.6704883456221584
423,0.05,True,494.92588439787886,613.6919151485549,0.0469782383981847,0.1,0.01,anisotropic,0.0125,0.0215443469003188,7,100000,79.59660363197327,37.35248662830057,0.9767864826653856,44.90317543320401,38.46024347758172,0.9872913017473868,34.793760468021745,14.004016179403758
424,0.05,True,58.50120125662764,51.98043659655523,0.0561018356249004,0.1,0.01,anisotropic,0.0125,0.1,9,100000,79.37807512283325,40.33773999212344,0.98311840479868,0.3154043334219783,42.12353958961744,0.9896894957734148,0.2090680632969327,1.0723464239814335
425,0.05,True,549.9793534414118,523.750870630382,0.0666642199665594,0.1,0.01,anisotropic,0.0125,0.0046415888336127,5,100000,80.1736912727356,39.07487521017645,0.9820306659016932,36.61930300886816,37.94166024791746,0.9852796814899892,47.536978072652914,12.93529446018372
426,0.05,True,442.0889708720037,328.6231828868912,0.0848433579009846,0.1,0.01,anisotropic,0.0125,0.001,3,100000,79.85292601585388,34.4480895616202,0.939815876789235,67.5663850485545,32.880348281178755,0.951380566444298,96.94040099913808,11.993350117162144
427,0.05,True,887.8164785755415,838.6378258924408,0.0606178923018001,0.1,0.01,anisotropic,0.0125,0.0464158883361277,8,100000,78.80214071273804,39.39038217584008,0.981462068103121,90.49473162904182,40.44918713886541,0.9864845941652118,70.91576629716674,18.43004085849916
428,0.05,True,351.5640975395266,335.5912528058777,0.0986686595076712,0.1,0.01,anisotropic,0.0125,0.0046415888336127,5,100000,80.43250870704651,38.8432282299462,0.9764040829510994,16.041587064030338,38.222384847749375,0.9779129657958348,18.50681445868126,10.127781407048984
429,0.05,True,117.94994941117824,128.38280117301687,0.0551816638970804,0.1,0.01,anisotropic,0.0125,0.0021544346900318,4,100000,79.05840802192688,33.97159882967966,0.9389642722646236,5.4251379458740185,35.229243743056855,0.951934291993786,4.061124411565563,4.285705675666157
430,0.05,True,143.84869037078303,138.1968228719675,0.0534870069170334,0.1,0.01,anisotropic,0.0125,0.0464158883361277,8,100000,79.1425576210022,39.35326212906381,0.9746838722661544,2.3823263337789986,40.44498054613713,0.9804915747017195,1.852803701472233,2.8436186463655675
431,0.05,True,761.7491210857547,836.9029755294488,0.0665829966420595,0.1,0.01,anisotropic,0.0125,0.0046415888336127,5,100000,79.64908123016357,33.68357962087807,0.9584707864182777,234.72931119341135,33.52842228500274,0.9609230896655302,243.26692075990204,21.92456839385478
432,0.05,True,618.5998452529448,579.9354412913005,0.0567612449639959,0.1,0.01,anisotropic,0.0125,0.2154434690031882,10,100000,79.00913429260254,36.31858881425367,0.9801154536046168,89.13558029127469,36.42243694094617,0.9822191284274098,87.02945893504422,10.766667564864388
433,0.05,True,102.02155344666744,151.55904962715556,0.0653308492263104,0.1,0.01,anisotropic,0.0125,0.01,6,100000,79.0086510181427,37.84368971847879,0.9701159262649448,1.6746992210941374,35.466059988467144,0.9467169851324816,2.8953414736044607,3.9164873822651263
434,0.05,True,85.02269930888244,78.97732895507097,0.0524194847935989,0.1,0.01,anisotropic,0.0125,0.2154434690031882,10,100000,79.58990621566772,40.06620621554687,0.9845983608134408,0.7117146891259135,40.20744472131157,0.9880349846378228,0.6889410756409813,1.401261687494037
435,0.05,True,701.2681623276609,973.2909213545768,0.0394077432769704,0.1,0.01,anisotropic,0.0125,0.0464158883361277,8,100000,79.37697100639343,34.10569455985899,0.9499589127670156,189.78052206988133,34.88150767903165,0.9656299312242014,158.7341333137377,24.94982096701949
436,0.05,True,73.69024335782933,72.44501345307076,0.0718564306052701,0.1,0.01,anisotropic,0.0125,0.01,6,100000,79.41213059425354,36.51034205044908,0.9686134421021494,1.2030442890485211,37.419367066335376,0.9812420699670332,0.9758411194615444,2.174626101054681
437,0.05,True,822.0381992310658,622.3763297766445,0.1090083912798407,0.1,0.01,anisotropic,0.0125,0.0021544346900318,4,100000,79.51008582115173,36.35210150970076,0.973759313150175,153.24078705115122,36.17872720657447,0.9836539831810708,159.48204804947065,17.276710101082966
438,0.05,True,706.5359849293397,702.3661835136406,0.0499471562948511,0.1,0.01,anisotropic,0.0125,0.1,9,100000,79.53096127510071,43.49467859919056,0.9944692449469328,22.30769891943609,42.865001425857486,0.9942765901578032,25.788286808784036,12.650023840094043
439,0.05,True,82.26743186125786,85.68708260402677,0.0454521201302535,0.1,0.01,anisotropic,0.0125,0.0464158883361277,8,100000,79.76901412010193,34.75385548935144,0.9766060563993376,2.2564822865382075,34.43301049904102,0.9814067269639916,2.429497338735313,1.6686584644306128
440,0.05,True,85.75287637110672,79.8925275785848,0.0415288233145732,0.1,0.01,anisotropic,0.0125,0.1,9,100000,80.23017597198486,40.4624992710173,0.9825814418164877,0.6601297650961956,41.11506785151863,0.9912897288454666,0.5680315488421102,1.5401212193178289
441,0.05,True,986.6529389226744,935.082987714876,0.0582660622555485,0.1,0.01,anisotropic,0.0125,0.1,9,100000,79.82337474822998,39.54549839424181,0.9844085187951924,108.06280615853716,40.23942538038018,0.988540160359591,92.10507116091928,21.22748741628565
442,0.05,True,374.8965249603642,403.2288391467004,0.058780188414279,0.1,0.01,anisotropic,0.0125,0.1,9,100000,78.81770181655884,38.55753049463695,0.9752631961204205,19.55353343219272,40.27571444424223,0.9864971121751824,13.164575309653529,8.102370122986231
443,0.05,True,371.271504919824,340.7305554595478,0.0740974109123427,0.1,0.01,anisotropic,0.0125,0.0046415888336127,5,100000,79.2898416519165,35.20978990305765,0.953119706496768,40.837370220659146,35.4863914084513,0.9570484151376776,38.31753976530936,10.862330388098426
444,0.05,True,812.9867676902451,796.7437715429821,0.0620626964182844,0.1,0.01,anisotropic,0.0125,0.1,9,100000,79.02353858947754,39.93064646057388,0.985615514698852,67.11728253662659,40.926584898154,0.988633160622408,53.36303483488123,18.922075987655003
445,0.05,True,947.3013288064748,891.6917089182615,0.0638235716536858,0.1,0.01,anisotropic,0.0125,0.1,9,100000,79.42078566551208,40.07388058149427,0.9863077441784776,88.01901396671255,40.955164985709885,0.990058426732922,71.85352168716223,20.27036791255804
446,0.05,True,986.015062759048,1118.6520958885324,0.0509361764963463,0.1,0.01,anisotropic,0.0125,0.0464158883361277,8,100000,79.34430313110352,39.23999140837272,0.9854084789052898,115.65694442771384,39.45436011918647,0.9898930302441776,110.08669745216552,22.804931590456977
447,0.05,True,753.6248070736826,535.5413924590642,0.1072341079729748,0.1,0.01,anisotropic,0.0125,0.0046415888336127,5,100000,80.15187668800354,38.29335911383716,0.9657862294760816,77.89371501614794,37.38290124352673,0.971349886304373,96.0612435269051,15.670648131665027
448,0.05,True,376.88332594538485,365.9660911530421,0.0600992940059283,0.1,0.01,anisotropic,0.0125,0.0046415888336127,5,100000,79.93508577346802,35.13884032265802,0.9522208193895922,38.91549847413757,35.5599421003903,0.9591022670086514,35.319327029566615,10.804182741646674
449,0.05,True,84.4172159819701,84.60849326208934,0.0710699806464299,0.1,0.01,anisotropic,0.0125,0.001,3,100000,79.29578614234924,35.891956273098906,0.9627237477581444,1.6777469790273143,34.34171281327536,0.971215086120794,2.3974569167839337,2.542132718232413
450,0.05,True,777.3697690115093,757.0447751115839,0.0760619732890864,0.1,0.01,anisotropic,0.0125,0.1,9,100000,81.19111752510071,42.564496919776325,0.9906927607416108,33.467642198695515,43.46426722843639,0.993730534966194,27.20495967150861,14.782764124964784
451,0.05,True,558.8458454860693,534.2217396729839,0.0625483829470978,0.1,0.01,anisotropic,0.0125,0.0215443469003188,7,100000,80.33429050445557,39.98769253191024,0.978861754387616,31.122831812556747,39.43301516977268,0.9808869026195992,35.362816058634245,13.898203648432798
452,0.05,True,424.7977872377293,346.1557609327971,0.0660867314283964,0.1,0.01,anisotropic,0.0125,0.0215443469003188,7,100000,80.14869809150696,33.296238313265206,0.9811357276800392,84.20702301317036,32.72215919599586,0.978604002135882,96.10726661324784,8.388897913147684
453,0.05,True,906.4480307096412,765.8171648345278,0.0689178739338893,0.1,0.01,anisotropic,0.0125,0.0046415888336127,5,100000,80.13660931587219,37.12010157056882,0.9731599042443996,158.52461756266416,37.716941222784975,0.9802876778262604,138.16967909104196,21.973940249806738
454,0.05,True,112.0862848238452,130.16354271490627,0.0576107879456167,0.1,0.01,anisotropic,0.0125,0.01,6,100000,80.27952718734741,40.9745734975965,0.9839304803894348,0.980996041370348,39.29563904154729,0.983821933351744,1.44397841216699,2.8684178182072717
455,0.05,True,493.1324791865683,434.128792796266,0.0671500410934606,0.1,0.01,anisotropic,0.0125,0.1,9,100000,81.52322912216187,30.68420962698369,0.9610414778464194,206.78284420137717,30.65164830851749,0.9652721702812828,208.33902932126597,9.114251035536633
456,0.05,True,12.34229112265165,13.749369135688992,0.0655986280848845,0.1,0.01,anisotropic,0.0125,0.0215443469003188,7,100000,80.14651441574097,39.02637984461411,0.9844094368561834,0.0188592014117516,39.63903278366511,0.9880960071332254,0.0163778920699225,0.3323474285645024
457,0.05,True,469.1919813521321,472.4533392949998,0.0400588025152122,0.1,0.01,anisotropic,0.0125,0.01,6,100000,80.01784896850586,35.60537247603928,0.9673011261522904,51.86884340165541,35.47115636334932,0.970862197866834,53.4968456379668,9.846957910316249
458,0.05,True,57.24697240615552,58.59382397655861,0.0550372878904393,0.1,0.01,anisotropic,0.0125,0.2154434690031882,10,100000,82.09611225128174,43.44559050579383,0.993971441041872,0.1479627360532211,44.12788099132566,0.9964239603977716,0.1264513018617341,1.1281303280720398
459,0.05,True,119.69909835180384,116.27281745710374,0.0548968734047819,0.1,0.01,anisotropic,0.0125,0.1,9,100000,80.88563108444214,36.96445672320375,0.9759469165673772,2.877647297023782,37.39527070745162,0.9879518977160844,2.605890511308853,2.3437779436643047
460,0.05,True,118.40872053032776,115.73671469925692,0.0818599566449546,0.1,0.01,anisotropic,0.0125,0.0046415888336127,5,100000,80.60383439064026,35.98051318850099,0.9732170674473912,3.5098710117401226,35.987398381135904,0.9817343195714804,3.5043109613643675,3.619730647046644
461,0.05,True,649.5610918139475,626.0310974106444,0.0585233754249302,0.1,0.01,anisotropic,0.0125,0.0046415888336127,5,100000,79.97097849845886,36.66347103052405,0.9706371165024008,90.8749801496152,35.67253838690568,0.956604627466204,114.16621248049252,19.88728500595712
462,0.05,True,746.2988343861579,563.6159991678346,0.0569327279744019,0.1,0.01,anisotropic,0.0125,0.001,3,100000,80.66459107398987,35.416324016817555,0.9573490821312584,157.05181629869918,34.08815301314491,0.9530123090182162,213.2357724441727,20.86669515981437
463,0.05,True,583.7853963320624,502.6164968004748,0.0817815880873668,0.1,0.01,anisotropic,0.0125,0.0046415888336127,5,100000,81.74931907653809,35.87150418068213,0.9535004102658184,87.45903734298643,35.722598429665815,0.968258134660096,90.50972969356584,18.01830111117925
464,0.05,True,962.2103759260674,770.9639455602644,0.0972678088953078,0.1,0.01,anisotropic,0.0125,0.0046415888336127,5,100000,80.04451060295105,34.35177795275567,0.9467999957557748,284.6260871528154,34.60625952415885,0.9597042757648055,268.4272148852806,24.20259355013801
465,0.05,True,375.4957089441804,587.9954158282744,0.0339597379954243,0.1,0.01,anisotropic,0.0125,0.0215443469003188,7,100000,80.70820832252502,37.644969170394255,0.9811481633916712,23.7394185624044,35.86846780527961,0.9851373448296248,35.73717462717765,10.635376930577152
466,0.05,True,286.4263741955789,366.0162835158086,0.0568876908697658,0.1,0.01,anisotropic,0.0125,0.01,6,100000,81.4978678226471,34.55555152566984,0.9634766529929416,28.291215968551345,35.46118218338943,0.9765668340761032,22.966168573082346,8.572588919171022
467,0.05,True,868.7305290612708,773.1091996968329,0.0566574181419096,0.1,0.01,anisotropic,0.0125,0.1,9,100000,79.55329084396362,36.52598612342577,0.984076273759866,167.6616025609018,36.627588490669886,0.986688354715162,163.78471760285578,13.990086359516614
468,0.05,True,224.3722426809332,207.37603263259277,0.0675196489219798,0.1,0.01,anisotropic,0.0125,0.0046415888336127,5,100000,80.1074538230896,36.7187947171776,0.96399894577242,10.627556340440082,37.54641987059,0.9754786751909892,8.78356664123203,6.139281401996765
469,0.05,True,963.2593169011708,518.8714799003187,0.0946943656142951,0.1,0.01,anisotropic,0.0125,0.0021544346900318,4,100000,82.68702125549316,38.53274361274024,0.9392420374221364,120.79330114253747,39.11304958857615,0.9572512135362202,105.68473253006631,20.148638806242516
470,0.05,True,13.142320215126524,10.61211003548064,0.0921466842425866,0.1,0.01,anisotropic,0.0125,0.0001,0,100000,80.74124574661255,34.243133025587184,0.936301121462196,0.064091432973844,35.238747906304646,0.967303379996803,0.0509610647951628,0.3490523222764234
471,0.05,True,969.9089478809314,959.8415831394908,0.0359845755548069,0.1,0.01,anisotropic,0.0125,0.0464158883361277,8,100000,79.91504001617432,40.56040058450717,0.9839101283150532,82.39501616050701,40.20602863416726,0.9904470503568622,89.40012752387639,17.31125386048669
472,0.05,True,44.116752038625535,36.140695765559975,0.1651898188011951,0.1,0.01,anisotropic,0.0125,0.001,3,100000,82.17654371261597,36.722843504617565,0.9653208762705682,0.3849567610746144,36.27458568927969,0.9780919034549364,0.4268130927165357,1.150702901540979
473,0.05,True,891.251970584373,816.1826056462107,0.0620012326854893,0.1,0.01,anisotropic,0.0125,0.0046415888336127,5,100000,79.80114603042603,37.06941475050836,0.9686822538498072,154.5604395486571,37.32427223201381,0.9725617548053164,145.75135334240554,24.956305882315924
474,0.05,True,528.1734079772135,516.2094860374638,0.0697403505714796,0.1,0.01,anisotropic,0.0125,0.0464158883361277,8,100000,80.52904891967773,41.28876328867467,0.9879134845196732,20.69118265312071,42.34795111751354,0.9934206370415286,16.213117554958902,10.456757103688403
475,0.05,True,992.971831323181,1027.8509665450388,0.0657683939039558,0.1,0.01,anisotropic,0.0125,0.0046415888336127,5,100000,80.94896078109741,37.74897784018825,0.975218286017733,155.51603653666447,36.71287135305543,0.9720843953610672,197.4175818898654,28.72928943765777
476,0.05,True,74.72276817066346,75.47244253914073,0.0755915736459561,0.1,0.01,anisotropic,0.0125,0.0021544346900318,4,100000,81.09392356872559,37.41472074209151,0.9687550114116424,0.9996681453852976,37.2371073757107,0.9680140490838864,1.0413990810036484,2.317030178874076
477,0.05,True,554.3004301169194,590.9709609160424,0.0406441549776998,0.1,0.01,anisotropic,0.0125,0.0046415888336127,5,100000,81.97370886802673,36.0030958954772,0.9599825284009392,69.39215539895311,35.928264416733754,0.9661044978671124,70.59818325744966,16.6414668332117
478,0.05,True,969.33323308348,929.7095953716127,0.0616525063941438,0.1,0.01,anisotropic,0.0125,0.1,9,100000,80.73369979858398,44.12349826987384,0.994978643482999,36.328239633031394,44.75356462100439,0.994989403567473,31.4222817576322,18.633989685245336
479,0.05,True,523.5747463259787,506.7377962087808,0.0593510799026338,0.1,0.01,anisotropic,0.0125,0.1,9,100000,80.2343487739563,37.28182561136611,0.9841843484904303,51.17537397025281,37.637423613871086,0.9882377706831132,47.15212010730099,10.393128435537967
480,0.05,True,629.7692394971273,595.0118618832759,0.0613201749564819,0.1,0.01,anisotropic,0.0125,0.0464158883361277,8,100000,82.01899003982544,40.72594955411152,0.976901779214258,33.49776129661784,41.98899814265254,0.988078615321322,25.044416900372653,13.11087988557134
481,0.05,True,696.0529402956325,618.7268403794411,0.089342140323354,0.1,0.01,anisotropic,0.0125,0.0215443469003188,7,100000,80.1429991722107,39.01882717686594,0.971427497824765,60.122349303006665,41.50340657410793,0.9892988127992728,33.92954242230878,14.84334359339838
482,0.05,True,455.0865237030055,454.9610866979794,0.0473196633954839,0.1,0.01,anisotropic,0.0125,0.2154434690031882,10,100000,79.93274664878845,40.08933166447221,0.9894370422982588,20.25928612474212,40.00037812923655,0.990381906890061,20.67852187291863,8.040867167333031
483,0.05,True,627.9305220039794,721.3125525058939,0.0675605274859887,0.1,0.01,anisotropic,0.0125,0.01,6,100000,80.24185061454773,36.76622727446744,0.9716641567726182,82.01788160169404,37.09977869749967,0.9816014447762964,75.95448189011053,17.74812067033298
484,0.05,True,584.7299976111772,712.7919080249104,0.0445361564173004,0.1,0.01,anisotropic,0.0125,0.0215443469003188,7,100000,80.9404947757721,31.564001083631663,0.9664580900125364,237.87967039930757,30.867839049657867,0.9672039411211748,279.2373651968925,16.298632798863817
485,0.05,True,901.256852480498,991.9468229797644,0.059853211824266,0.1,0.01,anisotropic,0.0125,0.0215443469003188,7,100000,81.6711356639862,32.65652171999674,0.94882763718905,433.8129679189452,32.60989750323082,0.953456266451619,438.4953091963352,27.41510272681257
486,0.05,True,46.400933961116415,50.87554238250054,0.0557615409443123,0.1,0.01,anisotropic,0.0125,0.001,3,100000,81.03218007087708,34.998255865787186,0.9631694693654012,0.6647185495750896,32.68374428270764,0.9708826583974488,1.1326323368053828,1.3361425585983389
487,0.05,True,281.6822264026381,225.78600021331584,0.055393056575071,0.1,0.01,anisotropic,0.0125,0.0215443469003188,7,100000,79.68836808204651,37.84011535925411,0.9698485273641964,12.875645699450963,38.84787091259269,0.9842356291009036,10.209241150342672,4.502360568688472
488,0.05,True,950.4610725924822,915.688671306564,0.0890071723819027,0.1,0.01,anisotropic,0.0125,0.0046415888336127,5,100000,82.31244039535522,36.76913338615338,0.9693267938076738,189.6072265829699,36.85427141914922,0.9816314291956996,185.9264094715284,26.834585104701382
489,0.05,True,890.3735201070255,566.371087257407,0.084829636037481,0.1,0.01,anisotropic,0.0125,0.0046415888336127,5,100000,80.05110096931458,33.30112510418863,0.951735141090186,363.7564841675615,33.86352864444716,0.9657778336047884,319.5732280760424,18.235860445783068
490,0.05,True,456.2010960329272,304.619921706437,0.0953616871243732,0.1,0.01,anisotropic,0.0125,0.0046415888336127,5,100000,80.21426606178284,35.798305447314405,0.9688057958473156,49.50128112664972,36.677766012822175,0.97776390416728,40.42689461544657,8.680136273057306
491,0.05,True,620.5124652037352,549.9176850482258,0.0496062496389252,0.1,0.01,anisotropic,0.0125,0.0464158883361277,8,100000,80.20734906196594,38.85013012069401,0.98957890420851,50.02072725936583,38.57014055968574,0.990939120680006,53.35178543589341,11.571301006860743
492,0.05,True,278.10380179815155,257.51615697904697,0.0599336810841205,0.1,0.01,anisotropic,0.0125,0.0464158883361277,8,100000,80.95066666603088,40.86602348815941,0.987659094062222,6.328888182732837,40.56423903301293,0.9906469677266232,6.784312874935655,5.926903133200485
493,0.05,True,188.9330385640376,182.2111479782888,0.0588447739846855,0.1,0.01,anisotropic,0.0125,0.2154434690031882,10,100000,81.04402613639832,39.92706026778605,0.9851766422858096,3.627527425202656,39.95534188095106,0.9867281991019464,3.603981418806648,3.8535819422296695
494,0.05,True,464.23470653504216,457.9440778433352,0.0409505331432559,0.1,0.01,anisotropic,0.0125,0.4641588833612777,11,100000,78.5554428100586,41.66955996412804,0.9915199716865476,14.653119597019728,41.83865385557944,0.9924352773873572,14.093559883502094,7.010395068331471
495,0.05,True,353.99887579802675,369.6032118476012,0.0467925774956646,0.1,0.01,anisotropic,0.0125,0.1,9,100000,78.76337504386902,41.14527915039116,0.9831449099975692,9.603895578663456,43.96493320964859,0.9935199149264315,5.017438101966171,6.398719357931129
496,0.05,True,584.0724557390212,508.9101586650796,0.0740510092741909,0.1,0.01,anisotropic,0.0125,0.0021544346900318,4,100000,78.66013860702515,35.268815145703265,0.9566446128854548,87.80820415876491,33.08658614922412,0.9221981022983404,145.1302671724482,15.65218871485023
497,0.05,True,78.65690232801985,70.46232667189196,0.0721806839779384,0.1,0.01,anisotropic,0.0125,0.0046415888336127,5,100000,78.77514886856079,39.204111674633054,0.97875464959767,0.7187132060007664,38.73988657174205,0.9835816040265164,0.7997939878527698,1.7058437682892478
498,0.05,True,974.4204128585004,1038.1870958229656,0.0490267805918604,0.1,0.01,anisotropic,0.0125,0.0464158883361277,8,100000,78.6199324131012,39.38909092581644,0.9763794792606058,109.08192321296836,40.136498935960816,0.9868210407454328,91.8357940274406,25.538175896674623
499,0.05,True,986.2245337351231,1438.1501960651296,0.0568013242020442,0.1,0.01,anisotropic,0.0125,0.0215443469003188,7,100000,80.28727459907532,36.79394877165044,0.97475776097059,201.27912525022285,38.26689919684405,0.983228913954036,143.38499113979486,34.484215987453524
500,0.05,True,698.4635523057254,730.3257912847959,0.0606179608840303,0.1,0.01,anisotropic,0.0125,0.0215443469003188,7,100000,84.25502634048462,34.02746552584033,0.9598442653492684,187.1974060121296,34.8954985617063,0.9694966049039878,153.28389337539244,18.70703257346155
501,0.05,True,536.5602699777762,578.7142735334473,0.0591638499175174,0.1,0.01,anisotropic,0.0125,0.1,9,100000,84.27006363868713,37.36917202988351,0.984070605419101,52.71843464091081,36.99402188052154,0.9840963781198098,57.47480696016205,10.561443583144577
502,0.05,True,310.2180886700414,193.70555592269173,0.1035657889378614,0.1,0.01,anisotropic,0.0125,0.0004641588833612,2,100000,84.5295922756195,36.39498520249309,0.9591540606456872,20.447760929482094,34.787588851570774,0.9772843925954244,29.606385787014947,5.850064307724534
503,0.05,True,813.9812246872417,833.1868042677718,0.0629389477631502,0.1,0.01,anisotropic,0.0125,0.1,9,100000,83.99590802192688,40.24939356361234,0.989691772737046,62.46185555396245,40.14960135482754,0.9900046563515008,63.91372100363471,15.903480467502924
504,0.05,True,685.0464413813254,824.4257161774827,0.0516103716553001,0.1,0.01,anisotropic,0.0125,0.01,6,100000,83.9748284816742,38.522166633654464,0.9791508555165902,65.14169992540468,38.860002166299054,0.986708414720656,60.2664394963068,17.58107496148441
505,0.05,True,163.4543224055464,165.24246245422898,0.0475536082475851,0.1,0.01,anisotropic,0.0125,0.0464158883361277,8,100000,84.51410388946533,38.112833723875625,0.9861557223343352,4.1181090527293405,37.979228446940446,0.9877729499551738,4.246766382310055,3.354183929692946
506,0.05,True,911.0162573093486,967.4251040768625,0.0703030056239415,0.1,0.01,anisotropic,0.0125,0.01,6,100000,84.9596836566925,34.36427576775872,0.966504600667434,301.5710080581671,35.016902432668275,0.9770647829700072,259.49376138051457,23.077001687011453
507,0.05,True,822.7147056802459,908.2224805202784,0.0679267294404493,0.1,0.01,anisotropic,0.0125,0.0046415888336127,5,100000,83.77978992462158,38.54357379352768,0.9708783719623424,91.00300680261095,38.40410011050973,0.975140041679408,93.97300405289327,21.995179820439315
508,0.05,True,949.8501133786322,648.9642443283866,0.0959850550978839,0.1,0.01,anisotropic,0.0125,0.0004641588833612,2,100000,84.27100133895874,36.31389850543826,0.9592168044628598,207.02810088344177,35.631452375524205,0.9729124323379688,242.2556480984638,21.703741056771293
509,0.05,True,725.9937888799716,717.3239322584441,0.0590657541095772,0.1,0.01,anisotropic,0.0125,0.1,9,100000,84.39667749404907,37.27080025478128,0.9639361131818964,97.88203465610329,38.62679095934271,0.9768943657721636,71.63147894029696,17.260257760237902
510,0.05,True,613.801780739854,397.9106137436758,0.0954180172089289,0.1,0.01,anisotropic,0.0125,0.001,3,100000,84.18234896659851,36.537149321910526,0.96684040995693,75.29094275445304,36.50283233929813,0.9711895102666664,75.8882317282132,13.714922706251023
511,0.05,True,418.82479325432826,379.1166787962313,0.0668887761882914,0.1,0.01,anisotropic,0.0125,0.0046415888336127,5,100000,84.33979225158691,36.31751246858628,0.967565901267974,40.76180052246982,36.25881527898966,0.9731208922507664,41.316457551261855,11.551071430728513
512,0.05,True,932.7957548706592,572.4954258860729,0.0946519497950832,0.1,0.01,anisotropic,0.0125,0.0004641588833612,2,100000,84.26376175880432,34.59121110084488,0.9511356544636024,257.406580571864,33.68665902017659,0.9543422285376032,317.01138056247106,19.634658886783345
513,0.05,True,866.1978256109079,922.238702637374,0.0647840229201867,0.1,0.01,anisotropic,0.0125,0.01,6,100000,84.36046981811523,34.88452705879482,0.9643176034513904,242.4325608373408,34.75428117633017,0.9593071374911398,249.81328899105557,25.9929328264547
514,0.05,True,46.17345143608322,46.43393843151559,0.0576328143035064,0.1,0.01,anisotropic,0.0125,0.0021544346900318,4,100000,84.11667799949646,36.55652822681093,0.9618448083705994,0.4702836038110858,36.15244774269756,0.9652259130543608,0.5161404379377559,1.4971496474772243
515,0.05,True,27.340607522754752,34.06129657890784,0.0608408535004631,0.1,0.01,anisotropic,0.0125,0.01,6,100000,84.10865330696106,38.73334731839264,0.9721800336889018,0.0968571175759395,37.65283066678707,0.975730264909932,0.1242176204906065,0.8668826790414605
516,0.05,True,377.0869035111716,332.3420213342512,0.0755151116014954,0.1,0.01,anisotropic,0.0125,0.0021544346900318,4,100000,84.68165397644043,35.24057822272149,0.931140410001738,40.79599552163855,33.72521233995342,0.9391200253716794,57.83012402541405,10.158689552328315
517,0.05,True,810.7427774510511,911.2489125909652,0.0558734968034253,0.1,0.01,anisotropic,0.0125,0.0021544346900318,4,100000,84.59980750083923,38.468363319778746,0.9628120753295748,86.89284174720271,36.652572062828256,0.9678890397752687,131.99671599522927,23.220308934793582
518,0.05,True,987.2888531856296,1065.3478117853924,0.0394294404018584,0.1,0.01,anisotropic,0.0125,0.0046415888336127,5,100000,83.92431139945984,34.94438018475856,0.9595969777190678,300.97625904858955,34.65328834904765,0.9602151586066802,321.8410403700641,25.40543572782431
519,0.05,True,151.26647421242467,110.11000707806174,0.0872656741547376,0.1,0.01,anisotropic,0.0125,0.0004641588833612,2,100000,84.04048275947571,34.06319787827083,0.9601469283775624,7.504045434977516,33.55461032136347,0.9661673431693132,8.43634264807795,3.697039712302397
520,0.05,True,594.536584636783,589.7191826207742,0.0703879125512873,0.1,0.01,anisotropic,0.0125,0.0215443469003188,7,100000,83.57684373855591,34.26527799680208,0.962234565065223,131.18318050878216,34.9527181189669,0.9702962208915328,111.97837062081642,14.051918367794917
521,0.05,True,381.5099657743905,369.91731752299614,0.0450326720339061,0.1,0.01,anisotropic,0.0125,0.2154434690031882,10,100000,83.53613090515137,40.77313080083569,0.9883388751175052,12.174613690595011,41.03850422788285,0.9921946803365632,11.452962716020188,7.838165906093002
522,0.05,True,969.9444834167886,1619.5107652163863,0.0261555903854084,0.1,0.01,anisotropic,0.0125,0.2154434690031882,10,100000,82.37778878211975,37.025177465140345,0.9764344339001976,186.3628337148787,36.47924302200328,0.9766611934409636,211.3259109534532,23.875436358401757
523,0.05,True,842.276804212573,543.0412996447661,0.0769796195757974,0.1,0.01,anisotropic,0.0125,0.01,6,100000,82.79412722587585,34.2536433743751,0.9639248890853808,160.36604674034234,34.73635468304081,0.969735503627626,143.49649473877196,15.736800289944464
524,0.05,True,838.4903760064267,876.8007714568706,0.0514323502499045,0.1,0.01,anisotropic,0.0125,0.2154434690031882,10,100000,82.99304389953613,39.54071892107931,0.9850486921045783,78.12199102572731,39.45438491151388,0.9910076720656154,79.6905279781919,21.3399153353138
525,0.05,True,469.2244666351753,453.0215714985298,0.0951596208359111,0.1,0.01,anisotropic,0.0125,0.0046415888336127,5,100000,82.97570157051086,36.874009816419935,0.971223731544796,42.91100751935922,37.03556556968584,0.9785989347135184,41.34406133298037,12.748289794725094
526,0.05,True,415.4046828353275,361.5372976712216,0.072107321166125,0.1,0.01,anisotropic,0.0125,0.0046415888336127,5,100000,82.56241703033447,35.77532729054552,0.9694392203977388,45.37426876728929,35.921180428253834,0.975169777045018,43.87572698328481,10.045377081848896
527,0.05,True,274.13366485877555,230.92150520320632,0.06755671806911,0.1,0.01,anisotropic,0.0125,0.0046415888336127,5,100000,83.24725580215454,36.98401056232199,0.9685513753965056,14.888162095587417,37.7975521953892,0.9834622776462068,12.344881494340749,6.576726043167314
528,0.05,True,57.31912115427619,72.54992410050478,0.0671435326774046,0.1,0.01,anisotropic,0.0125,0.0021544346900318,4,100000,82.33669519424438,35.3849680654045,0.9658425224453135,0.9333636443813674,34.71018261177639,0.9672347772802043,1.0902583611780616,2.321170752295581
529,0.05,True,864.8576538787981,851.4398842811329,0.059695058869103,0.1,0.01,anisotropic,0.0125,0.2154434690031882,10,100000,83.82243061065674,40.87573653693711,0.9877504483176114,61.09156638021497,41.26045002218706,0.9925955032457532,55.912628849769376,18.125703620469867
530,0.05,True,813.0881081209475,688.319659603621,0.0976268835039866,0.1,0.01,anisotropic,0.0125,0.001,3,100000,83.45643925666809,37.92344528142303,0.9608591764938718,104.74664359329648,37.24534928683219,0.9711233759891336,122.44744151948916,24.693899009684312
531,0.05,True,999.7179556128444,961.5210405965836,0.0693013991817852,0.1,0.01,anisotropic,0.0125,0.1,9,100000,82.94947957992554,41.48104348781176,0.9898548232147464,70.99957027786598,41.95680039075674,0.9949092164161428,63.63265292317158,20.20614432055628
532,0.05,True,996.6402002368314,973.0655243595386,0.0747486421606612,0.1,0.01,anisotropic,0.0125,0.0046415888336127,5,100000,82.8660535812378,35.08172831316318,0.9634323650356325,306.81764670393034,35.35585389350893,0.9670665984622407,288.0499316633202,30.020820913271848
533,0.05,True,555.8762738970248,463.0079965652207,0.0659813727183676,0.1,0.01,anisotropic,0.0125,0.0046415888336127,5,100000,84.05496764183044,39.15701240710301,0.9831931916329708,37.15663796964966,39.45724216671852,0.9889708092050652,34.67475770273021,12.12064541336149
534,0.05,True,769.21842776533,683.1142902850931,0.0681639998002195,0.1,0.01,anisotropic,0.0125,0.0464158883361277,8,100000,82.93376636505127,36.4331535566252,0.9774164515406956,134.02208074757306,37.27580764696016,0.983978854229271,110.38522500150252,17.391011663249618
535,0.05,True,944.8209641525456,365.7709031058263,0.1223908162315105,0.1,0.01,anisotropic,0.0125,0.0001,0,100000,83.5171639919281,33.04424338649747,0.9263149464354794,368.7785453182293,32.763749117651685,0.9239650002871022,393.382534193651,14.644633152375294
536,0.05,True,849.7977432867341,907.6362206464032,0.0612176485204897,0.1,0.01,anisotropic,0.0125,0.0464158883361277,8,100000,83.21370005607605,38.11640446859089,0.980352724341808,111.18516314181194,38.90615707044728,0.9865218766696172,92.6982589750339,21.964744534194224
537,0.05,True,248.10075364145445,247.695742796156,0.0525038814373316,0.1,0.01,anisotropic,0.0125,0.1,9,100000,81.80926442146301,42.98361954135814,0.9912742848629836,3.095086194721754,42.647032800625134,0.9945717742782416,3.344501709077854,5.436913640457341
538,0.05,True,451.0935911747834,366.5520568794106,0.0682522742194515,0.1,0.01,anisotropic,0.0125,0.0464158883361277,8,100000,82.57274222373962,41.17053579431431,0.9808657614718848,15.440649457975818,43.17169439922624,0.9912759585578942,9.739792463842203,8.057974948750768
539,0.05,True,130.0302557363435,122.09061175672949,0.0566749613854184,0.1,0.01,anisotropic,0.0125,0.0215443469003188,7,100000,82.88492131233215,36.74783050842962,0.9733618327668304,3.559481342420571,38.75215903663194,0.986842629570218,2.2436435850828893,3.276686719128413
540,0.05,True,954.0969762314636,516.0725681385342,0.0995885661818852,0.1,0.01,anisotropic,0.0125,0.0001,0,100000,84.70096802711487,32.06324010101519,0.9209457895517555,548.6415199505443,31.01823654806985,0.9359295211487048,697.8932955848923,20.22238693873992
541,0.05,True,606.5684598164291,721.6412053397584,0.0399186270066033,0.1,0.01,anisotropic,0.0125,0.2154434690031882,10,100000,83.02163124084473,35.35255787535173,0.9598215678144304,106.69050272340168,35.70653496882167,0.9744162370620878,98.33951276004989,13.809411569654934
542,0.05,True,229.41416269795928,162.56862564257077,0.097975640228407,0.1,0.01,anisotropic,0.0125,0.0021544346900318,4,100000,82.98607301712036,33.60835461034957,0.9446228680895226,22.764686157586382,33.79365085923695,0.9551794054307362,21.813835936572904,5.824809868069329
543,0.05,True,672.0289837214509,536.7773109475594,0.0827824641155102,0.1,0.01,anisotropic,0.0125,0.0215443469003188,7,100000,82.45149374008179,35.72608432927786,0.9672980592557612,119.36882248438114,36.47102618270088,0.9779334669354132,100.55339178339648,13.965883188818104
544,0.05,True,618.510112217438,608.9271774824366,0.0703405923710094,0.1,0.01,anisotropic,0.0125,0.1,9,100000,83.31082916259766,39.59353385715707,0.9786007974469748,41.97047748806733,40.36258039966556,0.9865588653975712,35.159221949234755,14.669426546393
545,0.05,True,358.80455531480766,345.6512982524546,0.0558436046174404,0.1,0.01,anisotropic,0.0125,0.0021544346900318,4,100000,83.41956663131714,31.885496307350603,0.9323389219524127,82.59895770902823,31.504205078777872,0.9227153739293672,90.1786417929894,12.455511747457184
546,0.05,True,114.4440346074294,110.98005895478067,0.0578037321938511,0.1,0.01,anisotropic,0.0125,0.01,6,100000,82.5419089794159,37.49997612732211,0.9824606301199892,2.300333611730703,38.44005092583254,0.9887340696335762,1.8526071907371,3.0732701697098705
547,0.05,True,671.9016223972068,526.228915530447,0.0795323957669811,0.1,0.01,anisotropic,0.0125,0.0004641588833612,2,100000,83.35041737556458,33.62485169133248,0.9221237307322432,187.45125963125685,35.56948322770201,0.9671360843969088,119.79128110584112,16.44618304295677
548,0.05,True,520.7873932028895,357.41898020974,0.0975853578177465,0.1,0.01,anisotropic,0.0125,0.0001,0,100000,83.62494611740112,33.1581313443976,0.93826138643931,127.8755309422318,37.6179292073584,0.972450073610618,45.79390339447879,10.628667442199152
549,0.05,True,772.5460733439037,773.8515216375674,0.0411128597753462,0.1,0.01,anisotropic,0.0125,0.0215443469003188,7,100000,83.19845509529114,34.537902356264084,0.9568552073666444,206.65705714304104,34.35395538793852,0.9585299907998884,215.598104081649,20.33993513024476
550,0.05,True,520.6433376108814,375.6552535862184,0.0861050744686055,0.1,0.01,anisotropic,0.0125,0.001,3,100000,77.39039826393127,37.12495187528233,0.9703744535494496,51.21620781931276,37.13875895457189,0.9788290231828708,51.053639934343785,11.62565358445094
551,0.05,True,852.3293188182216,953.8382664354456,0.0369701454869762,0.1,0.01,anisotropic,0.0125,0.01,6,100000,78.08913516998291,34.694660845502,0.952491656807326,199.2829847928815,34.61627406236655,0.9589993958125668,202.91254482806983,18.47829423323785
552,0.05,True,552.3549319357111,541.5316468272434,0.0626635473751601,0.1,0.01,anisotropic,0.0125,0.1,9,100000,78.17800164222717,40.42241535046634,0.9878401830439476,27.676482783344376,40.85050246525428,0.99244373168134,25.078536347174776,11.268306943273029
553,0.05,True,561.3770335638509,368.4973838301903,0.1091420325746638,0.1,0.01,anisotropic,0.0125,0.0001,0,100000,79.01941728591919,34.5166230110426,0.9283508556253056,89.90228231150269,35.76071247735256,0.9559422995426692,67.50901485932037,11.793336769745208
554,0.05,True,876.7769490556867,568.7722906138358,0.1051089747099277,0.1,0.01,anisotropic,0.0125,0.001,3,100000,78.01846361160278,35.64796418534951,0.9661353023547422,192.5216076701013,34.82265195820493,0.9690342083218872,232.81486297049943,18.330018856968195
555,0.05,True,404.0793833461847,409.15875014757904,0.043443937159723,0.1,0.01,anisotropic,0.0125,0.1,9,100000,78.56077218055725,36.699968282153385,0.9757229917357192,34.86075217775784,36.84626172413345,0.9838017671205292,33.706014966685565,7.771530124051348
556,0.05,True,134.8812132221901,156.80644908508287,0.0464947427251823,0.1,0.01,anisotropic,0.0125,0.01,6,100000,78.33089423179626,38.397981896897264,0.98293167681789,2.618486470638776,38.79138522651745,0.9896568187515778,2.391718161426562,3.456506936860604
557,0.05,True,29.753893637025637,21.51998552912984,0.1329338574105954,0.1,0.01,anisotropic,0.0125,0.01,6,100000,77.5217399597168,32.33182229729727,0.9481322288299237,0.5056753141707285,33.05459697459662,0.9600105460230404,0.4281483604036893,0.6465654090924143
558,0.05,True,755.3821184179454,742.1569239424538,0.0509489503079211,0.1,0.01,anisotropic,0.0125,0.2154434690031882,10,100000,78.5433566570282,40.87391889868353,0.9901282200784572,46.61369036477526,40.97755381712125,0.9915794905455668,45.514522952916025,12.528002365636045
559,0.05,True,620.6892418021112,644.0433470002877,0.0572793579918361,0.1,0.01,anisotropic,0.0125,0.0021544346900318,4,100000,78.53451013565063,36.85972113042951,0.974261378998128,79.33443392209664,36.67563214208784,0.9764197620609812,82.76955610662608,18.77650999996141
560,0.05,True,704.3756883311244,707.149541337104,0.058512643982881,0.1,0.01,anisotropic,0.0125,0.2154434690031882,10,100000,78.23349857330322,41.308484094865214,0.9940822899746836,36.669833672596965,41.38728574247647,0.995777027857734,36.01046880691768,12.6213576551084
561,0.05,True,213.7511973474018,171.78442679990357,0.0775020391614207,0.1,0.01,anisotropic,0.0125,0.01,6,100000,78.86478328704834,36.93246747827671,0.9699716326080684,9.121116723931989,37.73200597336916,0.9760081508769428,7.587420680663721,5.292305586095385
562,0.05,True,137.235104111183,154.35293096214124,0.0576719049036481,0.1,0.01,anisotropic,0.0125,0.0046415888336127,5,100000,78.0984570980072,35.700161319655344,0.9649172110825348,4.869782564170423,35.388369450798784,0.9668368609515924,5.232253260373461,3.772074801110237
563,0.05,True,15.530121002214049,16.422276887715455,0.0710274717719204,0.1,0.01,anisotropic,0.0125,0.0215443469003188,7,100000,78.35244941711426,37.88179789078304,0.978621315127022,0.0392427928322855,37.54247954682291,0.9775847262493412,0.0424318280130669,0.4530815680199865
564,0.05,True,351.2369712477904,330.4004163759268,0.0963695244478166,0.1,0.01,anisotropic,0.0125,0.0046415888336127,5,100000,78.01069068908691,41.30294832878877,0.9787945147269256,9.13104189123556,40.91607118691403,0.9844174996835908,9.981781280306478,8.312179770364315
565,0.05,True,590.3277691677785,520.2939646798296,0.079432037363189,0.1,0.01,anisotropic,0.0125,0.001,3,100000,77.93789076805115,34.44562155981285,0.970444675900153,120.79542998485287,32.38456825257081,0.9652230730858816,194.15824368079203,14.9811763549273
566,0.05,True,392.8518010546326,599.1743163913699,0.0317857034660687,0.1,0.01,anisotropic,0.0125,0.0046415888336127,5,100000,77.94348239898682,33.477992885935926,0.9489819774318444,48.570594869907865,32.513852196914435,0.9510926823672936,60.643951457782045,13.487151326624389
567,0.05,True,438.0374471017053,467.5013628247124,0.0380648770412075,0.1,0.01,anisotropic,0.0125,0.2154434690031882,10,100000,77.4586534500122,40.1478226485853,0.9913972686839652,18.540644525612247,39.94343520437818,0.9924867324139772,19.43406145809342,7.201308675231157
568,0.05,True,904.2545357992548,481.1595711381202,0.1239705262736321,0.1,0.01,anisotropic,0.0125,0.0046415888336127,5,100000,78.1492133140564,30.898574555398817,0.9167426993404316,644.4011734375703,31.38577319818329,0.9378462294197502,576.0185350347298,17.079381660357694
569,0.05,True,348.90721155627705,352.7627070234772,0.0644712290714686,0.1,0.01,anisotropic,0.0125,0.0464158883361277,8,100000,78.11561417579651,39.4059027242647,0.980819438416219,13.956146565382577,40.60991898745493,0.9894257928044488,10.577033877668107,10.447943782888634
570,0.05,True,514.475499670651,467.6622130525592,0.1098054507159309,0.1,0.01,anisotropic,0.0125,0.0046415888336127,5,100000,78.28879404067993,33.82829133400819,0.9641549605128824,107.16472753005782,33.83505951452458,0.9680881928612368,106.99784874813226,13.7834605015538
571,0.05,True,783.869359728402,776.4446414359954,0.0752927221805695,0.1,0.01,anisotropic,0.0125,0.0215443469003188,7,100000,78.02144265174866,41.9794104915792,0.9802317203584178,38.829549830712885,42.140686975473294,0.9849478249342344,37.414048699810046,19.474837075380883
572,0.05,True,397.14623953894886,280.65685127303374,0.1309796432757982,0.1,0.01,anisotropic,0.0125,0.0001,0,100000,78.72784638404846,32.16802346675927,0.9224096883331934,82.6655859814349,32.311202433292635,0.9461196438863392,79.98468742848014,10.844639122283564
573,0.05,True,622.4646135276456,561.070548558664,0.0583442512292946,0.1,0.01,anisotropic,0.0125,0.2154434690031882,10,100000,77.87808299064636,37.64807956082365,0.9675028609011738,66.38790103173027,38.43422854856033,0.9792756775331976,55.39544291392458,11.880825667255714
574,0.05,True,862.5013450379985,760.3011470489175,0.0911405714487776,0.1,0.01,anisotropic,0.0125,0.0046415888336127,5,100000,78.38655972480774,40.10278997607281,0.9772535636516372,71.36859809260191,39.51341786265937,0.9804102860347628,81.74183394742518,19.97315217751053
575,0.05,True,949.5711030339844,920.45198285511,0.062028653839947,0.1,0.01,anisotropic,0.0125,0.1,9,100000,78.08513641357422,38.63556822350414,0.9762794673080166,123.41332376661516,39.36712504504392,0.9859441963575448,104.28128323154976,23.295834928785165
576,0.05,True,147.9264074481089,126.26636082092604,0.0554358338032375,0.1,0.01,anisotropic,0.0125,0.01,6,100000,78.28829312324524,40.24110250045422,0.9776715867508432,2.067616453875713,40.724903380064525,0.9857637988744404,1.8496514259468009,2.9082275335719534
577,0.05,True,926.6610375363329,649.5046062685442,0.0768102175219209,0.1,0.01,anisotropic,0.0125,0.0021544346900318,4,100000,77.84026265144348,37.20167224791248,0.973019854186832,156.5640438174301,38.00037195520588,0.9806256278160314,130.26329494794695,19.879505865322887
578,0.05,True,492.6241767864586,463.40324964360576,0.0582594807382322,0.1,0.01,anisotropic,0.0125,0.0464158883361277,8,100000,78.12987685203552,36.63794829141115,0.9672157132934196,52.33078637208544,38.149135062116926,0.9853776792582258,36.95205399513512,10.45668149792039
579,0.05,True,258.9861439106594,202.80933407725271,0.1084449947199613,0.1,0.01,anisotropic,0.0125,0.0021544346900318,4,100000,78.0014877319336,37.93661189857613,0.9625971543461472,10.710088115302284,37.03621235991707,0.9722741215018684,13.177499177854864,6.554757635623045
580,0.05,True,459.6766204820231,488.16475624555954,0.0720713836982984,0.1,0.01,anisotropic,0.0125,0.0215443469003188,7,100000,78.10675692558289,39.92240941952464,0.9883593857406988,21.482312419468418,38.89594217216944,0.9902386095326084,27.20995058150088,11.16412336439596
581,0.05,True,980.0525427101916,1003.8422602131064,0.0625357174343409,0.1,0.01,anisotropic,0.0125,0.01,6,100000,78.35226655006409,38.5915493704894,0.9816522059899924,132.8093836163009,38.43441214651271,0.9826288429255826,137.70270879509312,28.609393403636066
582,0.05,True,493.1254758988768,328.41526980178946,0.1147828540981058,0.1,0.01,anisotropic,0.0125,0.01,6,100000,77.91919493675232,35.2784617549428,0.966298466802909,71.33876418450227,36.31266247484077,0.9808816135436388,56.2218988808321,9.798489283218926
583,0.05,True,329.4228586772207,340.50871502832075,0.0473362363896353,0.1,0.01,anisotropic,0.0125,0.2154434690031882,10,100000,78.16627192497253,40.95116467571578,0.9896759475818636,8.711389148189662,41.26148113271925,0.9914232283831452,8.110652022396911,6.4701948032122765
584,0.05,True,633.7674534624091,589.8125333557214,0.0641620940197786,0.1,0.01,anisotropic,0.0125,0.0002154434690031,1,100000,78.583815574646,31.63214433951089,0.9475114378047628,273.6075037469005,27.98498960673509,0.935044765474712,633.6413011686552,19.45277884615176
585,0.05,True,240.90547315941487,283.1297002840929,0.0496645600386535,0.1,0.01,anisotropic,0.0125,0.0046415888336127,5,100000,77.45912623405457,38.43282901322607,0.9682331460417992,7.897294625615841,35.77194640797814,0.9601655143063812,14.573591805845224,7.337976311113734
586,0.05,True,76.78746478055525,96.8582523178469,0.0517987457251743,0.1,0.01,anisotropic,0.0125,0.0215443469003188,7,100000,78.9910900592804,35.485804995129364,0.9682592974893796,1.662491867414848,35.611248239153205,0.9686762375803132,1.615158714995254,2.836351153863359
587,0.05,True,129.75084218873857,136.82941101628998,0.0416549778729951,0.1,0.01,anisotropic,0.0125,0.4641588833612777,11,100000,78.43172311782837,38.39252084511176,0.9842568533099412,2.4348641951590198,38.32459457548175,0.986353981270828,2.47324631321974,2.1553431669694083
588,0.05,True,128.91779311881467,140.65741213601322,0.0462412276551826,0.1,0.01,anisotropic,0.0125,0.0464158883361277,8,100000,78.06903839111328,37.21723013742145,0.9828685695856484,3.145832019782512,37.38281378091938,0.9854107312206808,3.028148466064676,2.7536164408183708
589,0.05,True,152.75079081878206,239.0210668062798,0.0392714801777138,0.1,0.01,anisotropic,0.0125,0.0046415888336127,5,100000,79.09050917625427,36.07351829372213,0.9633756508250164,5.495452292371109,36.74742617357426,0.9693434532780344,4.705574503408419,5.1588129364184026
590,0.05,True,139.68834547676073,127.31871485314326,0.0602726020925185,0.1,0.01,anisotropic,0.0125,0.01,6,100000,78.97623491287231,36.25823451236907,0.9677613069514958,4.46706747620915,36.69557131489698,0.9729964729026812,4.039139311347458,3.122561338838
591,0.05,True,641.2338700584114,460.6068914361709,0.0909568888045485,0.1,0.01,anisotropic,0.0125,0.0002154434690031,1,100000,78.84522867202759,35.348268713049315,0.933723891978142,115.47777836045768,36.4317229834317,0.9623998930713692,89.98145118202468,15.946085904788816
592,0.05,True,182.69820431474568,143.7505894366131,0.1030650480559857,0.1,0.01,anisotropic,0.0125,0.0046415888336127,5,100000,78.38616609573364,34.8325688506552,0.9544579233049112,10.401711243863344,35.607632008740154,0.9631416123874972,8.70158721822739,4.264618603737665
593,0.05,True,346.32161604053937,353.5193857870634,0.0728686153111467,0.1,0.01,anisotropic,0.0125,0.0215443469003188,7,100000,78.3420422077179,38.48679942573085,0.980406808123505,16.97077952348669,39.2743446218214,0.9904709331855216,14.156218970033752,9.134468770527318
594,0.05,True,896.8916214961058,896.3205314833214,0.0695660188665353,0.1,0.01,anisotropic,0.0125,0.0464158883361277,8,100000,78.67612838745117,38.018188086952,0.9732471715400351,125.8039498341852,39.12367811719746,0.9828166509162954,97.53158313032912,23.74386576482588
595,0.05,True,474.4876786226095,537.3333041231832,0.0718906433070207,0.1,0.01,anisotropic,0.0125,0.0215443469003188,7,100000,78.20540809631348,34.014114198921675,0.9616539107526796,87.14362878254265,34.81602267328476,0.9702013303105106,72.45106823142359,13.250985741677658
596,0.05,True,667.8901807825061,662.5244153597457,0.0849542386926813,0.1,0.01,anisotropic,0.0125,0.0021544346900318,4,100000,78.001713514328,36.79872461762569,0.9667639134771346,92.2790367270291,35.350052364271505,0.9657964457671252,128.81613894428796,21.89004679302668
597,0.05,True,173.1475513304282,172.59621163888733,0.0698507115215745,0.1,0.01,anisotropic,0.0125,0.1,9,100000,78.86221480369568,42.4567539944335,0.9929570330497812,1.6997535472642311,42.78945048850343,0.9947146998680176,1.5744044433812996,3.703961190350604
598,0.05,True,193.0967297898621,193.7177689233645,0.0796169994298111,0.1,0.01,anisotropic,0.0125,0.0464158883361277,8,100000,79.19511795043945,37.14404784902037,0.9815666169162836,7.19128384457688,37.10565230411152,0.9861313820700666,7.255143143561845,4.3598274637218655
599,0.05,True,41.82774765021239,42.33462420798998,0.0479663870490663,0.1,0.01,anisotropic,0.0125,0.1,9,100000,77.67964696884155,41.69161636708312,0.988319243192807,0.1184838681931863,43.74282774651717,0.9946934987425844,0.0738819052493842,0.8375828060588568
600,0.05,True,169.7661280090924,159.05360061413455,0.0447261917137249,0.1,0.01,anisotropic,0.0125,0.0215443469003188,7,100000,81.19577026367188,37.1741866451754,0.9805536016805168,5.508853416938814,37.06666576827298,0.9879398956908706,5.6469417026751865,3.57669202751122
601,0.05,True,279.31174869292664,293.1209139521593,0.0417871849853309,0.1,0.01,anisotropic,0.0125,0.2154434690031882,10,100000,80.83906316757202,39.17271522679615,0.989234587485076,9.437651781514209,39.62152607920577,0.9915667445670744,8.511044554582105,5.33060274024474
602,0.05,True,177.83347379247007,62.28341804091773,0.1214542879418979,0.1,0.01,anisotropic,0.0125,0.0021544346900318,4,100000,81.46860241889954,36.341039209258426,0.964352621249537,6.294319746789181,36.45046707757491,0.967786026675437,6.137705046486714,1.8788893326003904
603,0.05,True,89.61383122329856,92.3575168245856,0.0564030610414144,0.1,0.01,anisotropic,0.0125,0.1,9,100000,80.70297980308533,43.24790707423184,0.993883642011916,0.379632671331519,43.20180927154495,0.9941585849037018,0.383683710321538,2.1825016443510945
604,0.05,True,121.5152352295002,132.13874120172795,0.0693102213404305,0.1,0.01,anisotropic,0.0125,0.0046415888336127,5,100000,81.93906092643738,38.30637328318851,0.9757194729616352,2.1153117345701213,38.50904404200034,0.979798619700224,2.0188651105441973,3.642145100311197
605,0.05,True,461.317989264693,285.17787433872905,0.1165320892332687,0.1,0.01,anisotropic,0.0125,0.0046415888336127,5,100000,81.20424509048462,33.69154006104012,0.9239705983457656,90.41700196429996,35.70005730609284,0.9638882650578644,56.93749788035595,9.66607093690508
606,0.05,True,207.12738468738672,201.50275278939924,0.0465048044678102,0.1,0.01,anisotropic,0.0125,0.2154434690031882,10,100000,80.3214213848114,43.44808376033167,0.9940179428642292,1.9355979509885517,43.77406389671586,0.996641393679678,1.795631188322674,3.5198925315853757
607,0.05,True,364.90559118702737,384.1614336247055,0.0708349169140012,0.1,0.01,anisotropic,0.0125,0.01,6,100000,81.17779541015625,38.85781230640937,0.9841791113366132,17.233792092408105,38.919451220865206,0.9886732637499857,16.990922458012342,10.367179867459132
608,0.05,True,503.913853584002,520.9045655752243,0.0751172681645155,0.1,0.01,anisotropic,0.0125,0.0215443469003188,7,100000,81.06936550140381,38.70962078067892,0.9632773335827216,34.10290454164647,38.86845122278257,0.976774273866835,32.87822212185571,13.038758929860734
609,0.05,True,690.704433800736,719.9257409214988,0.0463734328450584,0.1,0.01,anisotropic,0.0125,0.4641588833612777,11,100000,80.71975421905518,38.90425293820405,0.9828711292798388,61.31366908734375,39.11464132274464,0.987039853330024,58.41420456017945,13.122649860630482
610,0.05,True,40.27282770125784,58.6451209969261,0.0346309694076921,0.1,0.01,anisotropic,0.0125,0.2154434690031882,10,100000,80.2764310836792,39.28238863158981,0.9722708833061152,0.1912472637420914,40.18941939644996,0.982846182903116,0.1552001561031696,1.1229325410163042
611,0.05,True,799.6109885101336,842.4973828676478,0.1080838135592474,0.1,0.01,anisotropic,0.0125,0.0021544346900318,4,100000,81.16587162017822,37.30527219819415,0.9677653243070268,117.06925084114366,37.712969389348274,0.9802037523526812,106.57936296079784,22.788359476967607
612,0.05,True,628.2724891014169,555.1289267714916,0.0700128822780846,0.1,0.01,anisotropic,0.0125,0.01,6,100000,80.54315376281738,39.59087699747936,0.9832893499286964,43.10215495924902,40.34774753291822,0.9897553166103858,36.2086164392172,12.705148746965548
613,0.05,True,82.67727291692303,53.95278133673595,0.1100334968617295,0.1,0.01,anisotropic,0.0125,0.0002154434690031,1,100000,81.77124309539795,33.195220951375745,0.9250506490256613,3.2505413819621056,31.928223228943704,0.9167651508882956,4.351665164924678,2.3596248381464298
614,0.05,True,873.7050454826705,874.0802326923034,0.0548568283278337,0.1,0.01,anisotropic,0.0125,0.01,6,100000,80.35959815979004,36.00015421832316,0.9704076278700348,190.60025956475675,35.89700612606126,0.9757719894275236,195.18134075398277,24.97761603285759
615,0.05,True,920.9515281312814,789.2691824462422,0.0810614910264685,0.1,0.01,anisotropic,0.0125,0.01,6,100000,80.80428695678711,37.68412157311879,0.9755848506008312,141.47540051436866,38.567703780019855,0.9866853838273628,115.43106733808597,19.864707444605838
616,0.05,True,62.016881895008886,60.64469812377349,0.087247928866628,0.1,0.01,anisotropic,0.0125,0.0046415888336127,5,100000,81.0081377029419,37.85691163009881,0.9662022723476136,0.5919014380233811,38.44249318984375,0.9798738896985244,0.5172389710813148,1.5042065154836872
617,0.05,True,277.6007704990565,233.4653520799845,0.0720621991560236,0.1,0.01,anisotropic,0.0125,0.0046415888336127,5,100000,81.53566765785217,37.18239566946402,0.9637122277640102,14.626687535799489,36.932995468051445,0.9754163882496828,15.49123363697061,6.726932456103349
618,0.05,True,806.3950785132682,403.7066680399583,0.1361320687774645,0.1,0.01,anisotropic,0.0125,0.0001,0,100000,81.02808594703674,32.29483053916484,0.9079224630653288,372.54223632673614,32.08621579194902,0.957871048533665,390.8741879336874,17.622667479406232
619,0.05,True,748.5114306932747,533.6766716354082,0.0789186475358078,0.1,0.01,anisotropic,0.0125,0.001,3,100000,81.54639482498169,38.50308075809602,0.9731362748666434,77.17976884290589,37.928361670663485,0.9775899997159626,88.09989326358355,15.401666755242216
620,0.05,True,185.3364983370209,164.10930269323825,0.0731734896935629,0.1,0.01,anisotropic,0.0125,0.0464158883361277,8,100000,81.3291015625,36.28026671271735,0.9704421370093916,8.07452116225098,37.512695446824935,0.9877180360437864,6.079584564428898,4.063146406365178
621,0.05,True,210.1399740133736,138.82298878508067,0.1435168726436375,0.1,0.01,anisotropic,0.0125,0.0021544346900318,4,100000,80.38645076751709,36.35227373991234,0.967249605434502,9.52808599693216,37.5217666665801,0.9787920221302664,7.278742834939785,4.854510273474206
622,0.05,True,371.1016306885906,365.5718209645564,0.0694221461808057,0.1,0.01,anisotropic,0.0125,0.1,9,100000,80.45525360107422,40.91283658740336,0.9850245291200836,11.159044677762932,42.35299749504317,0.9910061129475944,8.009601801666374,7.774472215799824
623,0.05,True,485.0384622058303,399.159354645124,0.1265971997919479,0.1,0.01,anisotropic,0.0125,0.0046415888336127,5,100000,80.08810424804688,38.371276647631326,0.9735522966515676,33.7275935995805,38.64203743845222,0.9813251101886248,31.689054185628997,12.419374190852002
624,0.05,True,618.6365167587657,657.0266863558012,0.0558886499287361,0.1,0.01,anisotropic,0.0125,0.0021544346900318,4,100000,81.07661986351013,36.83763854000418,0.9881088963053823,78.86145018995303,35.051959423301525,0.977314821298292,118.96868761522582,17.371057833502654
625,0.05,True,369.5447259302026,388.04131010308566,0.0499208912103871,0.1,0.01,anisotropic,0.0125,0.0215443469003188,7,100000,80.9285819530487,32.61515010352121,0.9297373683195236,73.83737003078173,36.16427328947435,0.9782097174992124,32.61098380985154,8.925749297680055
626,0.05,True,463.0721814170148,448.0156882827736,0.0621071459604551,0.1,0.01,anisotropic,0.0125,0.0464158883361277,8,100000,80.82148694992065,40.422501693018525,0.9844493072539084,19.442679680974003,41.55388091867543,0.9926891933041964,14.983669967704405,9.420002937058774
627,0.05,True,747.7234671956228,677.4976362349568,0.045956751184927,0.1,0.01,anisotropic,0.0125,0.2154434690031882,10,100000,79.98615264892578,40.804789632114414,0.9868944017851384,46.36065331959616,41.32905973226366,0.989220977525377,41.08871291940529,10.696976562861185
628,0.05,True,37.6465196877073,23.507429800902585,0.1067278823227956,0.1,0.01,anisotropic,0.0125,0.0004641588833612,2,100000,81.2655758857727,37.0469581594668,0.9668317939082222,0.2238667454942794,37.29436801603436,0.978309672055072,0.2114699195231347,0.7770507011257808
629,0.05,True,253.18450739967676,216.1842621790143,0.0654057019253051,0.1,0.01,anisotropic,0.0125,0.0046415888336127,5,100000,80.92524433135986,37.921852947573285,0.976974918380769,10.17183445413572,38.41373878183836,0.9828040318796204,9.082610704620643,5.626672695842297
630,0.05,True,713.6362362986679,874.4320531744854,0.035353324824571,0.1,0.01,anisotropic,0.0125,0.2154434690031882,10,100000,81.02378273010254,37.54039162465701,0.9778025851233896,89.52765537904646,38.43832661254192,0.984599482675704,72.80542010630904,14.033190038869488
631,0.05,True,895.3116308495121,513.5833641732435,0.1259500855810391,0.1,0.01,anisotropic,0.0125,0.0002154434690031,1,100000,81.12187695503235,35.4512210181378,0.9553675833691287,224.4574838467904,34.15092197418482,0.966437423318583,302.805664126627,16.86956201381841
632,0.05,True,512.1657646735505,439.8833005775836,0.0902386472399995,0.1,0.01,anisotropic,0.0125,0.0046415888336127,5,100000,80.88607096672058,39.84401085967534,0.9675059735792548,26.779726862883205,39.7476548009512,0.9717493955726568,27.380523606426213,13.374462150373295
633,0.05,True,532.5813717800503,581.6780470285948,0.0650485459975905,0.1,0.01,anisotropic,0.0125,0.0215443469003188,7,100000,80.83662271499634,39.31904951299739,0.9852013654515026,33.00408547201265,39.69129035682003,0.9895695763651704,30.293093043995874,13.401312885945282
634,0.05,True,108.06483932843628,162.34982796636208,0.0371653668931232,0.1,0.01,anisotropic,0.0125,0.0046415888336127,5,100000,81.79236245155334,37.24911722479247,0.9860921405934742,2.192410668876599,32.8889855744816,0.963871406498689,5.983221376411968,3.4993727015985328
635,0.05,True,447.9649544566312,483.0707600885445,0.0539503545988364,0.1,0.01,anisotropic,0.0125,0.2154434690031882,10,100000,80.88720655441284,44.10265992745653,0.9958640255187275,7.797427994645595,43.87663377906166,0.9970156045511192,8.213986557795574,8.07463433767084
636,0.05,True,533.0846491885682,568.7082592101073,0.0465870973664759,0.1,0.01,anisotropic,0.0125,0.2154434690031882,10,100000,81.53400254249573,41.85146157174445,0.9932667326475052,18.54344525425697,41.85820041232298,0.9947696246815714,18.514694158636303,9.250741756753376
637,0.05,True,243.2280331310949,137.07924833103377,0.1879773426630559,0.1,0.01,anisotropic,0.0125,0.001,3,100000,80.54920506477356,35.20532259420604,0.9618111228455312,16.84911426264592,35.49242723057121,0.9675952468151052,15.771268003829652,4.572721172748976
638,0.05,True,269.9739877184316,256.8766922931418,0.0532513829925699,0.1,0.01,anisotropic,0.0125,0.2154434690031882,10,100000,80.77513933181763,40.09512457986325,0.9835304449578884,7.129801702661049,40.2293115458284,0.9881298302775396,6.912875806563169,5.710717798738417
639,0.05,True,377.906878941518,426.7650853309993,0.0601157436694578,0.1,0.01,anisotropic,0.0125,0.01,6,100000,81.2755057811737,37.025338250229865,0.9720107232137534,28.003381401762702,37.801358036173895,0.9776680409094582,23.421165173153405,10.657486099141126
640,0.05,True,21.051126579948644,18.26820575392768,0.0787111921253997,0.1,0.01,anisotropic,0.0125,0.0021544346900318,4,100000,80.96444296836853,36.73331561984695,0.9610540337663144,0.0924577012280555,37.10729474889352,0.9715438306138856,0.0848291623357219,0.6546811561766229
641,0.05,True,322.75708641759513,258.17911642499394,0.078853466018896,0.1,0.01,anisotropic,0.0125,0.0215443469003188,7,100000,81.21717548370361,28.784993198108214,0.9207134939986864,133.76040252347937,29.45252818853124,0.947413165751168,114.70281278736284,7.088531182542586
642,0.05,True,212.2365589895481,270.3454582893699,0.0324680399060588,0.1,0.01,anisotropic,0.0125,0.0046415888336127,5,100000,80.83472442626953,35.08506702099224,0.9561479955764428,13.714136629394876,33.49427322429604,0.956861412864276,19.780982172900327,5.964047517664342
643,0.05,True,328.1698548257367,305.59345112814066,0.0623754392045123,0.1,0.01,anisotropic,0.0125,0.01,6,100000,81.0192801952362,36.17036861197128,0.9724674414592532,25.65376966129159,36.195781238332366,0.976072749393467,25.50409564272561,7.777678442200765
644,0.05,True,120.64236968743197,96.32264469427622,0.0649816210744791,0.1,0.01,anisotropic,0.0125,0.0021544346900318,4,100000,81.19384574890137,35.30994735118158,0.963580289369498,3.8744396074434864,36.02970256548116,0.978101800424669,3.282716471643869,2.503909753419961
645,0.05,True,890.6367534591551,867.7046890424682,0.0561445232958135,0.1,0.01,anisotropic,0.0125,0.2154434690031882,10,100000,80.2339015007019,41.860094015274186,0.9914217796370106,51.66116174946094,42.411010849133255,0.9933254367802732,45.5064005220356,15.93147941595688
646,0.05,True,593.9988611004947,580.3506691417449,0.0759128671974028,0.1,0.01,anisotropic,0.0125,0.0215443469003188,7,100000,80.94944715499878,37.52063412900593,0.981586586891229,62.175725255923,38.07447473997001,0.9879918754323,54.73143042812713,13.125279024490712
647,0.05,True,679.4232168253451,445.66446942397874,0.1005973647709487,0.1,0.01,anisotropic,0.0125,0.0021544346900318,4,100000,80.0628399848938,36.44024540431515,0.977994022488708,93.34804716734892,36.58571730909416,0.9822376322353108,90.27303556467356,12.90163346439865
648,0.05,True,789.382067368731,414.5402638474487,0.1161523419504206,0.1,0.01,anisotropic,0.0125,0.0004641588833612,2,100000,81.6646978855133,34.21946717100936,0.941485076789086,198.8222074004553,34.47192815093687,0.9371952497901884,187.59393494556912,17.50833034111913
649,0.05,True,498.9437567301282,519.4189516802129,0.0523626354089916,0.1,0.01,anisotropic,0.0125,0.2154434690031882,10,100000,80.75622653961182,40.03132606309731,0.9880613648052587,24.70518033169985,40.29219835980286,0.9912246094783022,23.264879027396866,9.066724972400694
650,0.05,True,87.83336779933627,38.8897871639158,0.1229902429056449,0.1,0.01,anisotropic,0.0125,0.0004641588833612,2,100000,80.94430351257324,33.40920141505685,0.9409253841919916,1.959466562834297,33.542850883210605,0.959877117636333,1.9000844775923411,1.2883211565004773
651,0.05,True,537.5694352767292,637.4517212350028,0.0342806892639177,0.1,0.01,anisotropic,0.0125,0.0215443469003188,7,100000,81.6861834526062,34.289845831731185,0.9681772980527652,107.38448609455904,34.450402779696944,0.9790858294927872,103.48701215159322,16.56497449426079
652,0.05,True,587.2542769028582,524.9386435465374,0.078121959951018,0.1,0.01,anisotropic,0.0125,0.0046415888336127,5,100000,80.52441263198853,38.91335952739247,0.9740516699064212,42.16218260985105,38.67263178778384,0.9828158180206916,44.56519989511106,13.818060128786868
653,0.05,True,745.6940347101456,819.7983730195591,0.0592512278474761,0.1,0.01,anisotropic,0.0125,0.001,3,100000,81.75556588172913,33.509830395146395,0.9502277688042507,242.3439405907344,33.3724117914453,0.9429266519629812,250.1347473592787,26.62537785116672
654,0.05,True,432.2278866834497,470.85147875867926,0.0580410009899941,0.1,0.01,anisotropic,0.0125,0.0215443469003188,7,100000,80.41435384750366,36.46760165132352,0.97305508262849,41.973865202458775,37.81296203105733,0.9816029470067448,30.792356451096644,10.140536239191391
655,0.05,True,128.4527224927682,119.90363572804893,0.0682440838417978,0.1,0.01,anisotropic,0.0125,0.0464158883361277,8,100000,82.30650758743286,42.92414823952584,0.9912435094770397,0.8393340012801316,42.16537471702207,0.9895870677923126,0.9995675964610254,3.0715311560875787
656,0.05,True,284.49212989292573,177.39886587920884,0.1015474219770412,0.1,0.01,anisotropic,0.0125,0.0021544346900318,4,100000,81.06471633911133,35.440223472907526,0.951183458098892,19.11268505433128,35.657811713365845,0.9599236500782926,18.178702375033616,6.615036476200471
657,0.05,True,363.7192141022365,194.65162747323424,0.1102562992871945,0.1,0.01,anisotropic,0.0125,0.0021544346900318,4,100000,81.12466764450073,37.1784541790946,0.9533398076688764,20.36697991037605,37.23803445893407,0.971212685130367,20.08947590614279,5.927095027292395
658,0.05,True,646.2713240902697,330.3338747202346,0.120413029778798,0.1,0.01,anisotropic,0.0125,0.0001,0,100000,81.6046998500824,33.8096361860202,0.9365007455781228,118.12137310311572,36.248577747511625,0.962518819024068,67.36500256178157,10.616479214234245
659,0.05,True,571.207526364243,526.5093771929354,0.0592341359738459,0.1,0.01,anisotropic,0.0125,0.0046415888336127,5,100000,80.9281907081604,38.54077777504881,0.9634280276945032,42.1699083192905,37.831759967588205,0.971003462241042,49.64830629874411,13.924437503621478
660,0.05,True,356.7406291719484,219.34410602697236,0.1196193965513883,0.1,0.01,anisotropic,0.0125,0.0046415888336127,5,100000,80.92351865768433,34.38824880409794,0.9554373427089092,44.914215532968704,34.66588951178261,0.9591264930916208,42.13274433116472,7.005839056309347
661,0.05,True,986.5287335441868,996.339204768678,0.0663210116960742,0.1,0.01,anisotropic,0.0125,0.0046415888336127,5,100000,82.47476696968079,37.44624297500837,0.9693387466949984,167.43050256724115,37.06687872149808,0.9800150564098972,182.71365536772225,27.08421553026487
662,0.05,True,606.1690445375302,440.9104776699608,0.064189580785023,0.1,0.01,anisotropic,0.0125,0.0046415888336127,5,100000,81.08938598632812,29.0034663550039,0.9312278033137896,457.77273063149534,28.90545555495649,0.9244538044328572,468.2211187704239,12.6299379437639
663,0.05,True,237.9895649442585,255.2138003489439,0.0337548011667796,0.1,0.01,anisotropic,0.0125,0.2154434690031882,10,100000,81.00312376022339,38.95843952074431,0.985072463642262,7.17199600017459,39.69239612710632,0.989897419318734,6.05681596674076,3.833487965466688
664,0.05,True,102.68069014778334,82.8651345201139,0.0802439922925089,0.1,0.01,anisotropic,0.0125,0.0046415888336127,5,100000,81.3348171710968,35.65458494588804,0.9484745951198392,2.857942381223384,35.64909960264083,0.9628538899046402,2.8615543772373764,2.525903341793505
665,0.05,True,153.7062800451477,148.4375522871443,0.0509139772774532,0.1,0.01,anisotropic,0.0125,0.2154434690031882,10,100000,80.92988467216492,40.50704119388676,0.9898191322768553,2.100586842678293,40.91687435442034,0.9915468061494032,1.9114252767679976,2.568166717151341
666,0.05,True,246.71177065612363,277.40533444285825,0.0750366102557469,0.1,0.01,anisotropic,0.0125,0.0021544346900318,4,100000,81.56811046600342,33.52174422719302,0.9411045611842735,26.628116596581496,32.43608400678812,0.9272332680780784,34.190580303408034,10.86535053803782
667,0.05,True,161.5206918862961,161.6300620984599,0.0443593991171758,0.1,0.01,anisotropic,0.0125,0.2154434690031882,10,100000,80.84265995025635,40.27434850920183,0.989009130468623,2.447159204385537,40.536059452726896,0.9927223299254974,2.304045916494591,2.949630559910812
668,0.05,True,187.3804570272545,193.9154648966458,0.0706486870662288,0.1,0.01,anisotropic,0.0125,0.001,3,100000,81.73588299751282,31.86518882885254,0.9387646823587268,22.54337367241155,31.683281827260792,0.9447356312730948,23.50767132721825,6.755339231342535
669,0.05,True,285.81007352515326,241.6350837377437,0.0602845060784575,0.1,0.01,anisotropic,0.0125,0.0464158883361277,8,100000,81.16379070281982,37.18754562452644,0.984159819839281,15.586530099540726,36.89847088934264,0.9869858166620712,16.65930640810122,5.542861813505521
670,0.05,True,174.20022169946006,113.10630699476938,0.0913746017667032,0.1,0.01,anisotropic,0.0125,0.0021544346900318,4,100000,81.27828693389893,38.30921812532865,0.9725742868901764,4.161868086451276,38.82753207866797,0.978071127545754,3.693659992912433,3.097521820473842
671,0.05,True,896.8686592017988,703.4017327875969,0.0603151395758932,0.1,0.01,anisotropic,0.0125,0.0464158883361277,8,100000,81.29254937171936,36.6340932486641,0.9670048525225576,174.05601823914398,37.91838212304463,0.985546942100657,129.49713399476906,14.426836011313346
672,0.05,True,81.15351191598057,78.35069992644837,0.0502127754540615,0.1,0.01,anisotropic,0.0125,0.1,9,100000,81.3550660610199,42.16906826728858,0.9923228772000456,0.3994317440977278,42.40426658702994,0.9958413375556372,0.3783752707091147,1.403709246740341
673,0.05,True,524.9868781806845,535.727990840452,0.0452255180636128,0.1,0.01,anisotropic,0.0125,0.4641588833612777,11,100000,80.4858672618866,39.879011680067066,0.9862924647551772,28.3111743630164,39.96856574574348,0.9885007708873316,27.73335928365749,8.206993797014878
674,0.05,True,410.9864301626719,210.61674058208345,0.0770874593873378,0.1,0.01,anisotropic,0.0125,0.01,6,100000,81.56622767448425,39.85680016924864,0.970949719260782,17.149339131830093,40.91009706257563,0.9817303610685796,13.456053320105047,5.491770714631072
675,0.05,True,982.3962382916978,980.3443709372116,0.0562908329545233,0.1,0.01,anisotropic,0.0125,0.0046415888336127,5,100000,81.10610508918762,33.67670766849917,0.9520963827348126,390.8303769423168,33.59910510978779,0.9574704853829232,397.8767551026965,24.077897461202628
676,0.05,True,112.9268632658843,91.5020319852917,0.0748006880099149,0.1,0.01,anisotropic,0.0125,0.001,3,100000,80.92041420936584,37.82255822472989,0.9665823896109124,1.8598468023425527,37.07042843727339,0.9709128056316182,2.2115163327268657,2.72917517228942
677,0.05,True,398.4577434466959,390.7556606416419,0.0542397182023096,0.1,0.01,anisotropic,0.0125,0.1,9,100000,80.86172223091125,37.03360430959351,0.974798965744176,31.376024546341828,37.9528333478097,0.9833625032525558,25.39071976646277,9.638869357272648
678,0.05,True,969.5009628420936,853.7709239111468,0.0599893873041523,0.1,0.01,anisotropic,0.0125,0.01,6,100000,81.00940799713135,34.60203384589321,0.9637747754401612,323.32158895662513,34.77004655661037,0.9730510655284824,311.0523117573714,21.399570695019097
679,0.05,True,865.6416187680862,858.9570316461545,0.0354769100342786,0.1,0.01,anisotropic,0.0125,0.0464158883361277,8,100000,80.96242070198059,38.98471641094631,0.9664433592742978,94.25840823396844,41.13534718329578,0.989111207114906,57.44563364370338,15.343278382717738
680,0.05,True,817.2549988783306,726.6448433128821,0.0551291222986477,0.1,0.01,anisotropic,0.0125,0.1,9,100000,81.83389043807983,38.15220028707677,0.9822725619643564,102.14398260415854,38.56056321099065,0.9856671168717664,92.97720670929968,16.4670848242814
681,0.05,True,258.64492421789487,222.97512256684905,0.0741671085951412,0.1,0.01,anisotropic,0.0125,0.01,6,100000,80.83024740219116,38.322877297043,0.9833740391760478,9.768224060921982,38.257335675524,0.9853170723623492,9.916759363633968,5.995897764190315
682,0.05,True,171.71669980267575,138.11999864845018,0.0896783896616165,0.1,0.01,anisotropic,0.0125,0.0021544346900318,4,100000,81.30559206008911,36.75763673562664,0.9581408186573984,5.932157604642344,37.553239062883016,0.9745645149091766,4.939152642379419,4.394352878602189
683,0.05,True,668.9745767045066,657.9885235413125,0.0500973689652478,0.1,0.01,anisotropic,0.0125,0.0464158883361277,8,100000,81.17503428459167,41.4677877640012,0.9896832093679148,31.885174457433248,41.63696899862208,0.9926065036678682,30.666956282315084,12.343301511844407
684,0.05,True,929.4466131384582,1083.1729909016258,0.042663819211263,0.1,0.01,anisotropic,0.0125,0.01,6,100000,80.58026623725891,37.32900407268612,0.9636613733371692,140.69834377423106,36.19815173533328,0.9634830044602982,182.54679774668423,27.03707284700655
685,0.05,True,557.2061301209159,565.5756452230103,0.0506276270636708,0.1,0.01,anisotropic,0.0125,0.2154434690031882,10,100000,80.75009560585022,40.93243857431262,0.9909027448748076,25.033528199792094,41.38121053605138,0.9933159511467528,22.575889294683403,10.887251374779058
686,0.05,True,572.04107678043,598.5553598241817,0.0628314860859434,0.1,0.01,anisotropic,0.0125,0.01,6,100000,81.19400691986084,34.921191374079086,0.9773578288165335,104.92899196798602,34.10791108028932,0.9795941141596136,126.5387471066061,15.360028748223764
687,0.05,True,280.6991145666239,275.11770930333773,0.0401271850072291,0.1,0.01,anisotropic,0.0125,0.2154434690031882,10,100000,80.74709630012512,41.50799680946102,0.9909050871429896,5.5671253919846935,41.65007040432848,0.9918406647307568,5.38795107929462,4.568192274234616
688,0.05,True,769.723440258745,799.3897443094821,0.0591062982803413,0.1,0.01,anisotropic,0.0125,0.2154434690031882,10,100000,80.55242729187012,40.9596009659346,0.9882842372584744,47.475486994600985,41.21616490499343,0.9907421196768657,44.75206032373552,15.091625824560785
689,0.05,True,187.85670480896584,182.8074219501624,0.054624273691737,0.1,0.01,anisotropic,0.0125,0.2154434690031882,10,100000,80.44703006744385,40.36555518160933,0.9869041347714737,3.2433377612239056,41.24115659263399,0.9905309052458476,2.651136184857086,3.3291226517290373
690,0.05,True,324.35555716783944,329.2978393751196,0.0475583634847204,0.1,0.01,anisotropic,0.0125,0.1,9,100000,81.02478241920471,40.12457298847227,0.990075665318008,10.210407902742444,40.34256780365345,0.9917733878694174,9.710545126872177,6.172842394429199
691,0.05,True,426.0110021778004,445.93063782229126,0.0731882187634772,0.1,0.01,anisotropic,0.0125,0.0046415888336127,5,100000,81.83430600166321,37.11156069991028,0.9702809515175644,35.026286607487606,37.52538258142287,0.9819259946521824,31.84284837444041,12.16475983658304
692,0.05,True,508.10276830577055,469.5214609352827,0.078294158863737,0.1,0.01,anisotropic,0.0125,0.0215443469003188,7,100000,81.02298259735107,38.51750603806551,0.9822118823866252,36.16597680015297,39.238017469891176,0.9870861674319886,30.637198908407356,12.210949851502894
693,0.05,True,243.16732268266517,272.3344414935834,0.049578832510063,0.1,0.01,anisotropic,0.0125,0.0046415888336127,5,100000,81.24323439598083,37.76518467702777,0.9732857785558032,9.836372700432356,37.69677140897564,0.9793771297224362,9.99254936920691,7.670169827481039
694,0.05,True,115.72198791446434,101.32416623227076,0.0464738756389395,0.1,0.01,anisotropic,0.0125,0.2154434690031882,10,100000,81.08729338645935,39.894568401518,0.9849845723230858,1.3701768343597165,41.28519498139784,0.9922563689193332,0.9947500339062884,1.664292946994337
695,0.05,True,611.009422399191,283.1793720156133,0.1387181005619729,0.1,0.01,anisotropic,0.0125,0.001,3,100000,81.04063749313354,32.73366356889813,0.9480286159141288,195.2934350253713,33.30169866795857,0.9664412727378688,171.35001011584998,10.387495720164075
696,0.05,True,289.34192268701554,299.05761112458595,0.0872094485721454,0.1,0.01,anisotropic,0.0125,0.0021544346900318,4,100000,81.00924253463745,35.45088912501747,0.9464143287867972,23.32284940058916,36.457833755725495,0.9699796726261584,18.49639727806523,10.373017838866092
697,0.05,True,581.6569832011896,302.2249997155025,0.1548644179739981,0.1,0.01,anisotropic,0.0125,0.0021544346900318,4,100000,80.68203902244568,33.18458599431778,0.928476109287469,155.82347431966798,33.55458158942942,0.957540343354768,143.0979209039302,11.06240176199626
698,0.05,True,155.2083525589281,149.2723177701161,0.0795708845891449,0.1,0.01,anisotropic,0.0125,0.0046415888336127,5,100000,81.60080003738403,36.70974579979261,0.9713763177373674,5.003559166425995,36.94265119230285,0.9790491842581444,4.7422942803698085,3.7317332841658177
699,0.05,True,481.6589617529627,483.1810744808094,0.0777433716311753,0.1,0.01,anisotropic,0.0125,0.01,6,100000,80.97369956970215,36.34886663777384,0.9652837498746092,53.36715028797575,37.75022069437882,0.9759114443187769,38.64903076373167,14.988643765128115
700,0.05,True,533.0568431190343,500.738643238218,0.0520102399811341,0.1,0.01,anisotropic,0.0125,0.0464158883361277,8,100000,80.67726826667786,39.72493600728831,0.9844935909036174,30.002201474199875,40.1123214124761,0.9920801697329924,27.44192560542205,9.71121071580522
701,0.05,True,52.77171328560448,37.48435076289781,0.154899302935897,0.1,0.01,anisotropic,0.0125,0.001,3,100000,80.697505235672,34.837801147661985,0.9560849918564586,0.8187494180491401,34.480868967399736,0.9662179342195136,0.8888822263289266,1.2624973402331248
702,0.05,True,337.2676739157267,433.7251735061564,0.0514003502666837,0.1,0.01,anisotropic,0.0125,0.0046415888336127,5,100000,81.12321305274963,35.277998615129434,0.9596053308894754,33.51432095087199,34.286528296934755,0.959624345634697,42.10924513708754,11.626185439626092
703,0.05,True,135.28026226203528,135.44554563946053,0.0630941046593709,0.1,0.01,anisotropic,0.0125,0.0001,0,100000,80.92403292655945,30.32990838996061,0.9227402576532048,16.746786268565987,28.076190929443428,0.920031242787868,28.13864780570395,4.860521286353727
704,0.05,True,64.31159550229498,46.82087143598732,0.0821991773547338,0.1,0.01,anisotropic,0.0125,0.01,6,100000,79.98033618927002,35.847885429278094,0.964394492219726,1.0452490257478404,36.08784105369804,0.9679122700139564,0.989063577100495,1.117058666679363
705,0.05,True,989.9702721575552,995.9712383672794,0.0601194410886763,0.1,0.01,anisotropic,0.0125,0.2154434690031882,10,100000,80.11849188804626,39.00996967604342,0.9797442965528548,122.63227460472108,40.06941710640911,0.9867135431080972,96.08598369810052,16.792412757358488
706,0.05,True,323.03149112974825,319.76485547156284,0.0439090128392229,0.1,0.01,anisotropic,0.0125,0.01,6,100000,79.83832550048828,37.23488605099437,0.9451648228602376,17.7514264091364,36.22349601732553,0.9503294547616516,22.40640902766272,10.93553896304726
707,0.05,True,810.0645714087802,1107.5349736490289,0.0357133339632457,0.1,0.01,anisotropic,0.0125,0.2154434690031882,10,100000,80.21463203430176,34.02599567963264,0.9589542134018988,259.16151857106524,34.23731778213599,0.969461487833184,246.85294102401625,22.439735082019546
708,0.05,True,255.3860141090001,219.20982043063395,0.058095482797335,0.1,0.01,anisotropic,0.0125,0.01,6,100000,80.48916888237,34.82805123822067,0.9677337585496528,17.79457533952102,34.79270388997124,0.9739496446620416,17.939996873573065,5.103299111234505
709,0.05,True,681.8212195017053,698.8640096665653,0.053210597403511,0.1,0.01,anisotropic,0.0125,0.1,9,100000,80.8454737663269,38.40488223614164,0.9731159946554732,67.07366456704845,38.86963065052174,0.9843548308003892,60.26666969089681,19.43011639219747
710,0.05,True,760.4676320297968,636.4203302159989,0.1072719963528496,0.1,0.01,anisotropic,0.0125,0.001,3,100000,80.92916131019592,37.59238152872925,0.9645350994848896,99.32569763810694,38.16557986434788,0.9759941147355704,87.04459131289266,19.140033823715
711,0.05,True,596.0431018672365,972.336089185868,0.0326208226018116,0.1,0.01,anisotropic,0.0125,0.0004641588833612,2,100000,81.36124300956726,34.36344168444211,0.9323184992912108,127.24390212866912,28.740109834475383,0.9152220028547822,464.4833640884309,27.002401722028527
712,0.05,True,472.1046123616082,495.3856794844027,0.0310447773286755,0.1,0.01,anisotropic,0.0125,0.2154434690031882,10,100000,80.64135551452637,40.31832898804485,0.9871154758186832,20.695106676819982,40.31716949602568,0.9903605605852628,20.7006326541346,10.231833963535053
713,0.05,True,412.4290732331213,300.4943681242729,0.0695731193081274,0.1,0.01,anisotropic,0.0125,0.01,6,100000,80.41173195838928,36.45221337383316,0.9599250129849738,34.407235881891786,36.86380988161143,0.9661582318205412,31.296093747227648,8.09254806567404
714,0.05,True,349.5193982764523,355.138858332884,0.0790440422984392,0.1,0.01,anisotropic,0.0125,0.1,9,100000,80.02679991722107,39.198379494012826,0.969551656162796,14.689802045745363,41.55094675334453,0.9884962201216444,8.54592776327524,8.028419536135397
715,0.05,True,929.599615103578,2201.8521614971114,0.020861863929222,0.1,0.01,anisotropic,0.0125,1.0,12,100000,78.72400188446045,36.3749406099796,0.9765204983354604,199.0550743429604,36.48996831177194,0.9798811593491812,193.8520879050882,28.642343878450028
716,0.05,True,830.7887883799414,758.9866250562321,0.1025168216294474,0.1,0.01,anisotropic,0.0125,0.0046415888336127,5,100000,79.03083515167236,37.40408037426472,0.9746921897513388,125.02266309162728,38.67108428876554,0.9861427615501516,93.38741498661582,22.10115839648639
717,0.05,True,965.061883755846,977.915182088621,0.0627591839652194,0.1,0.01,anisotropic,0.0125,0.1,9,100000,78.91702365875244,41.31684280945165,0.990452798487686,68.7669665323453,41.42477571456215,0.9920085491768604,67.07899952502216,22.639417864388346
718,0.05,True,125.17292626205918,131.63820197228134,0.0401271545415913,0.1,0.01,anisotropic,0.0125,0.0464158883361277,8,100000,78.86288285255432,39.85501770046425,0.9814954046574048,1.6175663832223623,40.53001736009154,0.9877085647289704,1.384720579704073,2.8572292846678864
719,0.05,True,731.1366077284406,767.4767253431538,0.0480979622012725,0.1,0.01,anisotropic,0.0125,0.1,9,100000,79.61348628997803,40.37698081257128,0.9894431379159304,48.9267536952542,41.09976658963387,0.9922222733336148,41.42550614704206,15.508001814692598
720,0.05,True,938.4021163642168,840.85043346442,0.0742635398453581,0.1,0.01,anisotropic,0.0125,0.0046415888336127,5,100000,79.05902576446533,34.89559279548913,0.972489299727237,283.9514530083256,34.16912112283234,0.9748667505209012,335.6535637650676,23.931887346718
721,0.05,True,182.0518330994945,173.73693862218184,0.0862453590240751,0.1,0.01,anisotropic,0.0125,0.0021544346900318,4,100000,79.31327795982361,36.55063927025101,0.9614162760762044,7.290831285037945,36.25880369585696,0.9730611492965882,7.797593767135893,5.339630260142011
722,0.05,True,67.42977109941071,48.09587225652002,0.0890979408399722,0.1,0.01,anisotropic,0.0125,0.0046415888336127,5,100000,79.54602313041687,35.38428387141164,0.943497326735254,1.2924450599760264,37.84889318650879,0.9831491315367412,0.732742124591925,1.517967775822794
723,0.05,True,741.379528640769,383.42156449604425,0.1172235801746762,0.1,0.01,anisotropic,0.0125,0.0021544346900318,4,100000,78.62245154380798,33.850186651628064,0.9280708315444252,178.0565406703124,34.399557913972586,0.953206455286609,156.89922749074265,12.899562767759546
724,0.05,True,574.898640066732,493.4119179935944,0.0575190941274016,0.1,0.01,anisotropic,0.0125,0.0046415888336127,5,100000,79.02752900123596,35.30383291629342,0.9493649066671086,91.93824020046308,35.81238122545691,0.9594805015334984,81.77891715367109,14.521503143654446
725,0.05,True,841.9869479815138,377.7528032602058,0.0960006334859544,0.1,0.01,anisotropic,0.0125,0.0002154434690031,1,100000,79.21412873268127,32.30538781857578,0.925582142094781,247.92344640134243,32.44408186526489,0.932276394042432,240.1309813766226,16.298891392376255
726,0.05,True,140.63260424966322,165.72076498628175,0.051149807439129,0.1,0.01,anisotropic,0.0125,0.0464158883361277,8,100000,78.16501665115356,40.04980478010074,0.9863799058519486,1.9504405437739527,40.6681143895091,0.9899058283026346,1.6916158865323587,3.424210227591493
727,0.05,True,795.4720445480303,816.5136408527089,0.0415521717979349,0.1,0.01,anisotropic,0.0125,0.2154434690031882,10,100000,78.60269594192505,39.84343117652406,0.98784192993745,65.55350485550119,40.38453943385021,0.9905252227458328,57.87421198521636,15.49285337979964
728,0.05,True,202.4256927276968,178.1080076866068,0.0671424315695065,0.1,0.01,anisotropic,0.0125,0.1,9,100000,78.9926586151123,39.58078075824911,0.98676523929819,4.506140202275459,39.66528353907167,0.9899559441517316,4.419309542385563,3.927939305468716
729,0.05,True,164.49228692283882,165.89252675777198,0.0745178705902124,0.1,0.01,anisotropic,0.0125,0.01,6,100000,79.66111707687378,37.44978322292314,0.9790163276192586,4.803312582259485,36.665268487679874,0.9803975173432744,5.754297659384965,4.173048925414625
730,0.05,True,165.10153213306194,167.6487535506917,0.0810201133288542,0.1,0.01,anisotropic,0.0125,0.0046415888336127,5,100000,79.2327892780304,37.27605927311856,0.959445661867864,4.905272745825316,36.91686494259866,0.9713965207974252,5.328225459092559,5.288202205799159
731,0.05,True,814.7601455111508,790.6446349543253,0.0536621709555749,0.1,0.01,anisotropic,0.0125,0.2154434690031882,10,100000,79.33029341697693,39.18163926523319,0.9892058786121952,80.09360438531468,39.27107857725721,0.9908734079345676,78.46101230285113,13.229091929648476
732,0.05,True,665.5320234755039,616.779813603015,0.0464874667668005,0.1,0.01,anisotropic,0.0125,0.1,9,100000,80.35942077636719,42.20614526391788,0.9910428127503744,26.60566882968586,42.61226078731301,0.9899621711198588,24.230514096545956,13.411516335649244
733,0.05,True,523.5423593443502,500.6387700827996,0.0527865417515136,0.1,0.01,anisotropic,0.0125,0.0046415888336127,5,100000,79.25985813140869,38.471600992759065,0.9744932930646076,38.61132164791035,38.66554050520578,0.9829293884825044,36.9250180547681,13.319515766143986
734,0.05,True,359.471653639379,332.4269114582844,0.0490311730561137,0.1,0.01,anisotropic,0.0125,0.1,9,100000,79.55671787261963,40.470757623968,0.98404578060712,11.587793096511817,41.33258875745503,0.9881789761785252,9.502056726540758,7.381941138322906
735,0.05,True,877.3233402722951,866.0057432532496,0.0735158791623355,0.1,0.01,anisotropic,0.0125,0.01,6,100000,78.70161294937134,32.36618299000714,0.9430840876986823,439.12459034380055,33.36244297270335,0.9622307345568748,349.10957423100353,27.0888795451936
736,0.05,True,393.05266231521273,389.00164724624966,0.0533226584156973,0.1,0.01,anisotropic,0.0125,0.0046415888336127,5,100000,79.66236901283264,38.87530200497694,0.9712258369677582,19.79412051688562,38.77534298042632,0.9804724049326358,20.254993707618528,10.379768636105398
737,0.05,True,816.7828400321055,692.7266389798131,0.0846883339424641,0.1,0.01,anisotropic,0.0125,0.0046415888336127,5,100000,78.8808958530426,35.32142904831617,0.9714385967331256,192.2153558221765,35.03926239180434,0.9775544597642885,205.1184592123208,19.048485684168863
738,0.05,True,439.6957736616482,397.0890138045874,0.0613078776536028,0.1,0.01,anisotropic,0.0125,0.0464158883361277,8,100000,78.96661400794983,39.49853981384871,0.9800497464339613,21.634673558278426,40.63097729011832,0.9904708642468976,16.668886865345367,10.7451403355954
739,0.05,True,377.5674849954827,473.4391331964747,0.0708010498911153,0.1,0.01,anisotropic,0.0125,0.0046415888336127,5,100000,80.30605912208557,37.28242986189753,0.9581816528604976,26.572242800429496,33.82639369999034,0.9330384989966896,58.88868117230025,18.285875395624885
740,0.05,True,463.2171058839368,538.0386986267804,0.0416933510453007,0.1,0.01,anisotropic,0.0125,0.0464158883361277,8,100000,79.9456696510315,36.94276164436471,0.9770450078028262,43.365438197945736,36.54150575041805,0.9740770304244112,47.56300974560517,13.586789094820226
741,0.05,True,302.0764962899779,295.15262868384565,0.0511392535716019,0.1,0.01,anisotropic,0.0125,0.1,9,100000,80.06846499443054,35.082858543789534,0.970254382719016,28.283356209320253,35.19361334791264,0.9747969357641588,27.57118693323916,6.637510935491804
742,0.05,True,747.8617707960749,772.5041198296892,0.0490929316467657,0.1,0.01,anisotropic,0.0125,0.0002154434690031,1,100000,78.84791970252991,32.635324619286095,0.9444757005135302,304.4367975779512,29.50211912970255,0.9188013901120564,626.3508827506145,30.013515350648
743,0.05,True,503.2176697023867,463.1966142219478,0.0677234437305979,0.1,0.01,anisotropic,0.0125,0.1,9,100000,78.96207594871521,37.42591103662476,0.9815018087579258,45.74576601323724,37.904934245015816,0.9875747366725156,40.96836040674687,11.698615053113317
744,0.05,True,232.9804824516705,164.3881010762056,0.0972083374852173,0.1,0.01,anisotropic,0.0125,0.0021544346900318,4,100000,78.50781726837158,37.23904671638862,0.9727883723138532,9.664411176411862,37.17618267626664,0.9809412010942584,9.805320707519352,4.659130145918046
745,0.05,True,899.6749987012939,564.3329488251154,0.0911597677836128,0.1,0.01,anisotropic,0.0125,0.01,6,100000,78.38700914382935,35.01984835480689,0.9617933502394084,244.0364882845349,35.27776386738691,0.9670416409646392,229.9657799000764,15.160128758813103
746,0.05,True,384.5073301518382,384.0194739188186,0.0590851197798632,0.1,0.01,anisotropic,0.0125,0.2154434690031882,10,100000,78.64497876167297,40.9327714896701,0.9851909978621336,11.90494736637361,42.023962649574464,0.9914379004753874,9.259944072496006,7.842507283505256
747,0.05,True,544.0093082528746,488.6888913485997,0.0524223117607951,0.1,0.01,anisotropic,0.0125,0.2154434690031882,10,100000,79.34291243553162,40.6755955174191,0.991205833352464,25.29891470374942,41.206717788316034,0.9929274893960645,22.38667857267585,9.441642758821612
748,0.05,True,906.5656388535824,694.6230865998457,0.1115732368258047,0.1,0.01,anisotropic,0.0125,0.001,3,100000,78.98544120788574,37.54727952490662,0.9663012664957678,134.18253808232814,36.64573144238631,0.9680320126910488,165.13944116940462,21.351282247108852
749,0.05,True,624.6137579180781,791.4795187891996,0.0510584174371556,0.1,0.01,anisotropic,0.0125,0.01,6,100000,79.47615218162537,35.91515035195056,0.9560214349163472,98.18861789321318,36.84591045566316,0.9671685845219716,79.24742081013989,25.63695687835357
750,0.05,True,117.7811426676557,92.1761275517826,0.0744344508165729,0.1,0.01,anisotropic,0.0125,0.001,3,100000,79.84278845787048,35.959134847585965,0.9623727349935433,3.096727940213703,35.60616388665791,0.95880760871145,3.3589237769508427,2.910554902337459
751,0.05,True,939.8922914898616,969.2415910063104,0.0469162737527976,0.1,0.01,anisotropic,0.0125,0.2154434690031882,10,100000,79.55746746063232,36.34444585973456,0.9757696896977224,204.55603444188375,36.27127922485551,0.9776165817790506,208.03143233474492,19.103552847459287
752,0.05,True,628.0803450183464,588.241152098745,0.0763045309177225,0.1,0.01,anisotropic,0.0125,0.0046415888336127,5,100000,80.22545266151428,37.47012625445467,0.9740964232325235,69.67852451833456,37.1747565074364,0.9762386645641352,74.58232544810704,16.386405440617978
753,0.05,True,335.57070904242903,319.0794502487107,0.0586150107304137,0.1,0.01,anisotropic,0.0125,0.01,6,100000,79.73227214813232,35.891774286705285,0.9653046517450156,28.82964072104541,36.410834728836605,0.9752112635638064,25.58192291570575,7.268434550091175
754,0.05,True,140.13280059072386,130.81854168036193,0.0600544736590602,0.1,0.01,anisotropic,0.0125,0.01,6,100000,79.9816722869873,39.13358116282208,0.9719698973148326,2.387572700222544,40.05417524946702,0.9816010143491224,1.9315110445016053,3.606332611229627
755,0.05,True,794.2311640810257,758.2213986942674,0.0625125474962481,0.1,0.01,anisotropic,0.0125,0.1,9,100000,79.62127614021301,40.96584193919212,0.9896015638821092,50.47317258987992,41.07080753645596,0.9912350386640548,49.26789921002639,18.23540272343149
756,0.05,True,620.452683172585,618.1716092460242,0.0528418606014614,0.1,0.01,anisotropic,0.0125,0.2154434690031882,10,100000,80.50949001312256,39.12521962798888,0.9882553926726728,47.039533044792535,38.98348411763338,0.9891890310927623,48.60003174528902,10.977455624566137
757,0.05,True,533.9276308843451,328.8187111021388,0.0704822089328045,0.1,0.01,anisotropic,0.0125,0.0004641588833612,2,100000,79.71490812301636,36.0513549053719,0.9566346677489104,68.36440853498696,34.77730967309468,0.9447048697255884,91.67155199887117,10.778585440098372
758,0.05,True,893.9986904679067,979.472255678808,0.0752534425863807,0.1,0.01,anisotropic,0.0125,0.0464158883361277,8,100000,79.20798683166504,40.049851114264754,0.9897027840653784,78.83787055898765,40.55700423171557,0.9917870163832606,70.14869135749521,22.8595810039564
759,0.05,True,788.8086140133062,657.5751729940956,0.051950676006275,0.1,0.01,anisotropic,0.0125,0.0001,0,100000,80.06635165214539,29.17183501284459,0.8450038293288383,708.3393964589025,30.462321316116316,0.8981800671013487,526.2507972173721,23.46309645250797
760,0.05,True,152.52320485301843,157.18853965025997,0.0528239452582722,0.1,0.01,anisotropic,0.0125,0.0464158883361277,8,100000,80.94202184677124,37.88129011391049,0.9641988074024436,3.784153400239657,39.86168000843009,0.9847812197233023,2.3984448894343675,3.783477864159531
761,0.05,True,312.41034572775266,151.82286939871577,0.1452746471314918,0.1,0.01,anisotropic,0.0125,0.0002154434690031,1,100000,79.61478972434998,35.3051162690626,0.943004814579268,26.77722910935915,35.19479928098757,0.9642378856156602,27.466121272792783,5.85832839783802
762,0.05,True,249.24065067465128,229.4906938462433,0.1050256759688985,0.1,0.01,anisotropic,0.0125,0.0046415888336127,5,100000,80.99105453491211,35.92674239372981,0.9701806115565864,15.710723729247007,35.78677359213358,0.9733204271624168,16.22531256598288,6.63803779173987
763,0.05,True,744.2023462801043,916.2820669065504,0.0561618810858135,0.1,0.01,anisotropic,0.0125,0.2154434690031882,10,100000,79.93648386001587,37.46489204806103,0.98486161308639,98.91940139599429,37.64974420151624,0.9885585002309708,94.79736466141902,17.498285082417915
764,0.05,True,34.4989023010436,32.557983097955486,0.0637378970918268,0.1,0.01,anisotropic,0.0125,0.0464158883361277,8,100000,80.37853908538818,39.97062576947624,0.9886039663379764,0.1197599224294995,40.18501446603831,0.989562074866254,0.1139915440580336,0.8186277525377341
765,0.05,True,570.3197951864452,509.3850721494024,0.0627680791438431,0.1,0.01,anisotropic,0.0125,0.001,3,100000,80.46724581718445,35.72436393609797,0.9375789780964536,84.8812601081811,36.05262899524909,0.9485768537885516,78.70191726221282,17.205574850582693
766,0.05,True,762.6962270549499,804.597455475649,0.0706523075395883,0.1,0.01,anisotropic,0.0125,0.001,3,100000,80.43638277053833,34.4541598872332,0.938065718875466,199.91830093546915,35.47628976501076,0.9605034308492912,157.99362526689845,28.38665340847575
767,0.05,True,876.8888711249878,941.1262708117332,0.0622919969470842,0.1,0.01,anisotropic,0.0125,0.01,6,100000,80.64379501342773,37.937228593924445,0.9729273543500307,118.56118867898736,38.06588104929784,0.9797177351976626,115.10052360807526,23.08621693464714
768,0.05,True,342.7396669671916,373.609324889009,0.0547711275281391,0.1,0.01,anisotropic,0.0125,0.0001,0,100000,80.97003388404846,27.66978339362321,0.9528978058467344,200.286992846086,28.05885079418922,0.9505603993923532,183.1243119564433,12.110448824050533
769,0.05,True,821.4360473673408,470.6758903553462,0.07535602394678,0.1,0.01,anisotropic,0.0125,0.0046415888336127,5,100000,79.89026498794556,35.79800262449156,0.9611510265997264,150.41660100318592,35.82594477731973,0.9647631907516548,149.45193946232695,13.084329442371468
770,0.05,True,111.52110521825202,120.79446682554985,0.0560582099931818,0.1,0.01,anisotropic,0.0125,0.01,6,100000,79.76125907897949,31.61806410238944,0.947945540466978,8.423783322152234,31.995773346500485,0.9559507516968688,7.722114963438194,3.314936791838148
771,0.05,True,846.6058394427837,824.036420852805,0.0606431701893567,0.1,0.01,anisotropic,0.0125,0.1,9,100000,79.78631234169006,44.88707766836737,0.9954969195301244,23.241932288915965,45.07735366260018,0.996618958704774,22.245626037471528,15.244430477471088
772,0.05,True,128.36117366965044,129.8954682001784,0.068310478975702,0.1,0.01,anisotropic,0.0125,0.0464158883361277,8,100000,80.32392191886902,38.994126671124526,0.9813714320277342,2.076758308691362,39.988560179014485,0.9866843044244014,1.6517434978848693,3.331003952086449
773,0.05,True,397.8900032698069,428.1794541560367,0.0574080310959388,0.1,0.01,anisotropic,0.0125,0.01,6,100000,79.98499011993408,37.02146542335801,0.971368378251127,31.036363463457363,37.49774778880859,0.9794103034435112,27.812664221899208,11.375364058862182
774,0.05,True,797.498070413774,706.3296957187737,0.0682320784152635,0.1,0.01,anisotropic,0.0125,0.01,6,100000,79.97380828857422,39.11136255183569,0.9785206560031848,77.85651847488295,39.28803612619395,0.9816610764234094,74.75282708739576,20.810654184900457
775,0.05,True,150.76750992142502,82.36912310877055,0.1053965326678885,0.1,0.01,anisotropic,0.0125,0.1,9,100000,79.55916953086853,32.35034815868182,0.944871687470493,10.139983088531563,32.46653586938266,0.9494513717054096,9.872302622269398,1.7545613546701528
776,0.05,True,230.02214383740883,223.76758899916908,0.0410803069936252,0.1,0.01,anisotropic,0.0125,0.2154434690031882,10,100000,80.07836294174194,41.50857116145178,0.9850573984960423,3.7323886984439407,42.38307053812234,0.9938803692554734,3.0516655012349503,4.32522235019646
777,0.05,True,722.5303158246733,724.2360331889439,0.044411512238715,0.1,0.01,anisotropic,0.0125,0.0464158883361277,8,100000,79.77194285392761,35.896295766196374,0.9698523516722506,134.00855104259173,36.20688589571567,0.9765206043413476,124.7594634956956,19.098661587789625
778,0.05,True,720.3165000095282,641.7419666296411,0.0587486891365412,0.1,0.01,anisotropic,0.0125,0.2154434690031882,10,100000,79.40876936912537,40.946104619736936,0.9894369604675292,41.69050284767712,41.3877319010506,0.9930676561500336,37.65948747798339,11.710665930292642
779,0.05,True,641.506485252412,669.1714428087387,0.0691423918708307,0.1,0.01,anisotropic,0.0125,0.0464158883361277,8,100000,79.68035435676575,41.81680324015383,0.9906997842710152,27.040720394202904,42.34875482874998,0.9944272154586112,23.923410845868723,14.162810956346028
780,0.05,True,694.2544960226329,474.3690196847671,0.0681958879299022,0.1,0.01,anisotropic,0.0125,0.0021544346900318,4,100000,79.7644476890564,37.72308332522076,0.9399072091617622,79.75036419305388,38.69098810991541,0.9678551290056968,63.817854064387454,14.859717987240934
781,0.05,True,543.1817189042486,570.717084667675,0.0561814555355518,0.1,0.01,anisotropic,0.0125,0.2154434690031882,10,100000,79.3785662651062,39.38355702422836,0.9852384512499808,34.00280511488637,39.68049119662284,0.9923460718822698,31.755673576465774,11.06343584645088
782,0.05,True,252.5472598480458,239.67826496371876,0.1026885075798385,0.1,0.01,anisotropic,0.0125,0.0021544346900318,4,100000,79.5088095664978,36.73642456483225,0.9726164948347998,13.398112598525708,36.7372839400597,0.9666264806059984,13.395461662944044,6.251143165143906
783,0.05,True,346.35029751041554,301.5859374650456,0.0857082868495652,0.1,0.01,anisotropic,0.0125,0.0046415888336127,5,100000,79.51702785491943,37.05335038955097,0.9569837043157914,22.903742221123903,37.95220065183579,0.9766039328225063,18.621789833954587,9.044148729125972
784,0.05,True,182.41611908462423,176.2180569015422,0.0650300591338927,0.1,0.01,anisotropic,0.0125,0.1,9,100000,79.45772051811218,40.30346321173607,0.9873760924337308,3.100659586377339,40.916082527852815,0.9928474747026992,2.69272595899878,3.712119900773179
785,0.05,True,908.5421107722948,1256.8407229655245,0.0560680452112128,0.1,0.01,anisotropic,0.0125,0.0021544346900318,4,100000,79.81156897544861,35.9358965028406,0.9617504265232923,192.2723833699838,34.75381832176265,0.9613710686285428,252.42056115068283,33.98805194803594
786,0.05,True,583.8084029713543,673.7933355949485,0.0375168676024217,0.1,0.01,anisotropic,0.0125,0.0215443469003188,7,100000,80.63498735427856,36.34607323186047,0.9783984202811558,78.81251471812936,36.28318898546463,0.9872095792383796,79.96199292189716,13.470762902359311
787,0.05,True,401.45056534687626,427.9143197912152,0.1011228551564286,0.1,0.01,anisotropic,0.0125,0.0046415888336127,5,100000,80.38446378707886,34.191686223511425,0.9488915982405184,59.78480981102007,34.09511728084303,0.9551681261236312,61.12906403923145,14.374730816262812
788,0.05,True,462.5437978404885,372.3733397389616,0.0722367747516713,0.1,0.01,anisotropic,0.0125,0.001,3,100000,79.71381115913391,37.46943298560239,0.9850632945107046,37.38197571616274,35.75279192545433,0.984598292506205,55.50426513297917,10.15114237514472
789,0.05,True,947.3360562722036,960.95561686568,0.0363065734894625,0.1,0.01,anisotropic,0.0125,0.0464158883361277,8,100000,79.11289525032043,42.11366053392278,0.9865364557956364,55.11530555553512,42.35997646099822,0.9911346916526474,52.07636073914465,17.486562621855615
790,0.05,True,154.19805171296412,154.08471623558768,0.0857988029728756,0.1,0.01,anisotropic,0.0125,0.001,3,100000,78.8161973953247,35.62040720891123,0.9421268701930096,5.8355706292756375,34.480862885441525,0.9426430752183932,7.586435366306273,5.480922285408823
791,0.05,True,586.6436021847804,572.797061412132,0.053465353716605,0.1,0.01,anisotropic,0.0125,0.1,9,100000,78.44089865684509,40.22475738359794,0.9881854189956653,32.66441376998705,40.8077394693892,0.9904552528993504,28.56121376596812,12.295311617935573
792,0.05,True,506.3827902055815,500.80871473385,0.0823892758738118,0.1,0.01,anisotropic,0.0125,0.0046415888336127,5,100000,78.515625,39.274286650340365,0.990412554019991,30.210169513845017,38.21982506840388,0.9831304663866064,38.51228797438441,13.915888399833069
793,0.05,True,611.8427811992132,579.5589311390679,0.0891710759876236,0.1,0.01,anisotropic,0.0125,0.0021544346900318,4,100000,78.56653451919556,36.24355931559717,0.9549316429821916,88.34747420392675,31.96217242804599,0.9473966721354752,236.77335422594965,18.811500298875064
794,0.05,True,19.092073637019663,15.88683202575738,0.0556997992733742,0.1,0.01,anisotropic,0.0125,0.2154434690031882,10,100000,77.63087368011475,34.35663369515595,0.9726608580068316,0.1329761852218718,34.32104668804973,0.9755727843489134,0.1340702967374513,0.3203392374239033
795,0.05,True,872.2517850352074,933.2621161778688,0.0348199123013201,0.1,0.01,anisotropic,0.0125,0.4641588833612777,11,100000,79.05726313591003,38.47292098741869,0.9821507433822608,108.12266702186886,38.65647849330096,0.9844982448666888,103.64801737957568,15.889026094202466
796,0.05,True,932.1861642011288,568.663352366843,0.1312201951030982,0.1,0.01,anisotropic,0.0125,0.0021544346900318,4,100000,77.94091653823853,31.18733877112989,0.939603487527374,585.1607790708939,31.731976910291216,0.9509072980899622,516.192149780209,19.08693404373004
797,0.05,True,565.5680504056197,548.9638162814148,0.0722595698840721,0.1,0.01,anisotropic,0.0125,0.1,9,100000,77.48413228988647,40.57036204199611,0.9777075421477016,27.95311750000314,42.08888882116523,0.9918875094109288,19.705051404365253,12.61791560526911
798,0.05,True,696.9541730530153,692.1095179130981,0.0390712147124407,0.1,0.01,anisotropic,0.0125,0.2154434690031882,10,100000,78.24360871315002,39.83407730301232,0.986466829880988,50.32214940105597,40.48654212616143,0.9894259345658852,43.30247308821499,11.408750567693078
799,0.05,True,922.5768817961184,405.0335009334386,0.1663221272153751,0.1,0.01,anisotropic,0.0125,0.0001,0,100000,78.45647025108337,34.046856140672055,0.9400353031547876,244.12008765034156,33.471938001231315,0.945110731706548,278.6732811946071,16.429970941972776
800,0.05,True,707.5313956790852,952.673418174766,0.0545204377809727,0.1,0.01,anisotropic,0.0125,0.0021544346900318,4,100000,80.64757823944092,35.40466648132422,0.9460794076019984,134.05985625248923,34.88631318705388,0.9583690173027264,151.05464299538036,31.06616210567834
801,0.05,True,153.3865038713471,152.55462894557232,0.0550034790309011,0.1,0.01,anisotropic,0.0125,0.1,9,100000,80.05236077308655,42.91070459798918,0.993214255861716,1.202056463701699,43.4016300604708,0.9936862367993043,1.0735748323193668,2.966408839869623
802,0.05,True,576.7120718066463,517.6111697426334,0.0787975692977305,0.1,0.01,anisotropic,0.0125,0.0021544346900318,4,100000,81.19950914382935,34.745464260529225,0.9408151059780828,109.78674743720596,35.70093184575469,0.9711817306639312,88.10552842181616,15.207352289339845
803,0.05,True,607.108331336473,622.8882216772147,0.0607446562018105,0.1,0.01,anisotropic,0.0125,0.1,9,100000,79.80838418006897,42.16438674414998,0.9902031668152264,22.368842979392944,42.77317740543449,0.993853081994186,19.443052767047128,13.086270195976644
804,0.05,True,424.7065406310836,398.0889156175602,0.0509323987401863,0.1,0.01,anisotropic,0.0125,0.01,6,100000,80.64970016479492,39.710322664758536,0.9921824892941156,19.06739626733808,38.835327689038174,0.9919368921986612,23.323347873550528,8.430863586553187
805,0.05,True,736.7077913890981,678.0321057114314,0.0522637372726142,0.1,0.01,anisotropic,0.0125,0.2154434690031882,10,100000,79.62792944908142,39.18010063253564,0.978738054542276,65.48211421441192,40.22524670739735,0.9887816868316042,51.476390348828296,15.070464313389344
806,0.05,True,934.432647754246,1699.6058818513914,0.0283316965169076,0.1,0.01,anisotropic,0.0125,0.2154434690031882,10,100000,80.51323103904724,37.25106378942825,0.980746791827862,164.2721275619147,36.68267667690188,0.9779390707752704,187.24170761569172,24.170171425088164
807,0.05,True,925.6429443938696,901.3670640496388,0.0507713430227042,0.1,0.01,anisotropic,0.0125,0.0046415888336127,5,100000,80.21826100349426,38.22054311609333,0.9776305196956268,128.39553116774113,38.11103796901611,0.9805351631248492,131.67411952089677,22.79874102718072
808,0.05,True,451.388532032728,452.15296892890655,0.0539863037112312,0.1,0.01,anisotropic,0.0125,0.0215443469003188,7,100000,80.25627112388611,40.96283378102704,0.9883596566901268,16.308468325551196,41.320202502955865,0.9913198874136708,15.02022029336956,10.590781497053362
809,0.05,True,114.1248077949145,122.28899783442324,0.0630135205239487,0.1,0.01,anisotropic,0.0125,0.0046415888336127,5,100000,79.50963354110718,35.866230193528466,0.9556536416846996,3.302218609432879,36.10768871493925,0.9682893906148244,3.123632755680558,4.248050170647252
810,0.05,True,984.8563577633722,1052.9954893709448,0.057314216886675,0.1,0.01,anisotropic,0.0125,0.001,3,100000,80.17196083068848,33.854232164976075,0.9519865037491858,398.2305315110258,34.058802368230246,0.9632363146536485,379.90720762939736,33.350372089116846
811,0.05,True,839.0591883594882,833.4598528850372,0.0543101290050789,0.1,0.01,anisotropic,0.0125,0.1,9,100000,79.93721961975098,40.09882869739008,0.9861706985975948,68.77639946292943,40.790869375425885,0.990547793191217,58.64559115373219,16.785166306402733
812,0.05,True,125.53801852206358,127.02065018308464,0.0501289632283065,0.1,0.01,anisotropic,0.0125,0.1,9,100000,79.86027240753174,41.97945512405261,0.9934691608602512,0.9982855046315956,42.39064662101252,0.994698676395218,0.9081040559124872,2.5478984751480707
813,0.05,True,920.9210407347548,1531.358303092395,0.0346973690566799,0.1,0.01,anisotropic,0.0125,0.0215443469003188,7,100000,79.13578033447266,34.82778693300816,0.9596143186563132,273.7856467777884,35.39887968335538,0.9684544059850106,240.04982928839308,41.15129421335954
814,0.05,True,870.0264657000662,639.930928623937,0.1008005900029854,0.1,0.01,anisotropic,0.0125,0.001,3,100000,79.53921246528625,37.11137681493972,0.9567977224802116,139.23456239202716,35.47719462706922,0.966316993021455,202.84545113511325,22.805860096050992
815,0.05,True,519.319219068946,519.1963199820476,0.062138769115277,0.1,0.01,anisotropic,0.0125,0.2154434690031882,10,100000,79.74496388435364,40.762377316200926,0.9870156527267524,22.61592427164173,41.29994577565061,0.993021861047719,19.982853080039416,9.616401480032907
816,0.05,True,591.6841603091843,537.4864226240895,0.0741753839192368,0.1,0.01,anisotropic,0.0125,0.0021544346900318,4,100000,80.19688415527344,30.87364062576132,0.9491392969964906,283.14214360960955,29.75367399912067,0.9369449449477976,366.4385688907989,15.615030387900193
817,0.05,True,399.6037011662601,390.1885829849548,0.0435927615849612,0.1,0.01,anisotropic,0.0125,0.2154434690031882,10,100000,81.32735586166382,39.88524911450399,0.9901799041336192,16.389517377354373,39.98354768714244,0.9914727281550916,16.022722377161813,7.101292857798469
818,0.05,True,55.7068771832093,51.12071532931507,0.0868665468496445,0.1,0.01,anisotropic,0.0125,0.0215443469003188,7,100000,79.87575244903564,38.34546840585749,0.9682966469587496,0.4541010966677745,40.03326199074092,0.9825146873076648,0.3078741262014275,1.3474601415962535
819,0.05,True,335.862044404255,340.5079171329856,0.0393161035656852,0.1,0.01,anisotropic,0.0125,0.2154434690031882,10,100000,81.12663698196411,43.24004021370682,0.9944715196183146,5.3460482712965325,43.8509000197182,0.9962373190785062,4.644584785799231,5.714237088697373
820,0.05,True,803.0505951494134,809.2695125426187,0.0507856092227093,0.1,0.01,anisotropic,0.0125,0.0464158883361277,8,100000,79.62714147567749,38.77393294852116,0.98090789943724,85.41144395994168,39.82736223924852,0.9878683548746712,67.01517175737754,19.44782668151905
821,0.05,True,5.627390981598256,2.9817635358704733,0.073797666923331,0.1,0.01,anisotropic,0.0125,0.0021544346900318,4,100000,80.24228048324585,34.66097667216991,0.9532550139488528,0.0094581573121851,35.83450898487655,0.962305992516136,0.0072186053964175,0.0889289830408216
822,0.05,True,334.16567251945304,317.10915630914394,0.0559888337621411,0.1,0.01,anisotropic,0.0125,0.01,6,100000,79.55581140518188,39.14713608205308,0.9845812209504065,13.410803552811537,39.21083952909781,0.9887157623559876,13.215526081096687,7.803088361756866
823,0.05,True,398.7705248973524,439.3984393189217,0.0504882523009534,0.1,0.01,anisotropic,0.0125,0.1,9,100000,79.96494460105896,39.00173057267052,0.9868545219854776,19.989326080714346,39.54367482539122,0.9896675196852794,17.644271316093356,9.393749202028705
824,0.05,True,537.858207334985,542.2608656532647,0.0539113786110479,0.1,0.01,anisotropic,0.0125,0.1,9,100000,79.03375697135925,43.39920996323805,0.993613038862695,13.219313204706063,44.09885600826848,0.9956277717910448,11.25237735168867,10.096742716713663
825,0.05,True,919.9357607963476,686.1617700950396,0.1092051610445726,0.1,0.01,anisotropic,0.0125,0.0046415888336127,5,100000,80.66935420036316,35.7943548520901,0.9690997182797008,221.37732774283785,36.184440935128535,0.9758396876303518,202.3599355637402,19.632897843694924
826,0.05,True,346.9996483715953,325.6395853863,0.116373046040778,0.1,0.01,anisotropic,0.0125,0.01,6,100000,79.98723196983337,36.91946974175149,0.9734837828205676,24.380385090619427,37.26305934261367,0.9811174718178624,22.525871429775805,9.33792934720866
827,0.05,True,347.60624869433144,314.74139720788844,0.0705972369868694,0.1,0.01,anisotropic,0.0125,0.0046415888336127,5,100000,80.25896263122559,33.29940626730572,0.9542509074846098,55.68753143789135,33.92698144867191,0.9676084652100074,48.19482952502041,8.62456562989791
828,0.05,True,737.7637468616387,629.1401150700868,0.0742213038943621,0.1,0.01,anisotropic,0.0125,0.0021544346900318,4,100000,79.95927882194519,34.84586170347319,0.9738811003727827,174.96834967569288,33.48208154610898,0.9701051723830106,239.5176440799288,17.15754411414383
829,0.05,True,452.76572294891736,338.0331549254435,0.0831705373502902,0.1,0.01,anisotropic,0.0125,0.0021544346900318,4,100000,79.15743923187256,37.17788163532787,0.9600596319238583,32.07605768953055,36.60236320797075,0.961948580797566,36.62122171414082,10.39701837628056
830,0.05,True,225.380218117042,224.330022133421,0.0544391560290711,0.1,0.01,anisotropic,0.0125,0.01,6,100000,80.0205020904541,35.51029963616605,0.9581575132015996,14.260110726689108,37.35158726945928,0.9818136281338492,9.332416963151884,6.683109774997249
831,0.05,True,452.9870766165607,483.2908427876497,0.0561164066649811,0.1,0.01,anisotropic,0.0125,0.0021544346900318,4,100000,80.06053137779236,37.225133343263856,0.9456780090297832,38.81668850557127,35.53513044442677,0.9435651912151256,57.28207906254543,17.165665357607953
832,0.05,True,141.71616335942005,149.79698097982225,0.0611285583720969,0.1,0.01,anisotropic,0.0125,0.0215443469003188,7,100000,79.71091938018799,39.92801074220104,0.9888548109389064,2.0360231788672856,40.12058876090133,0.99374733569212,1.9477127893655408,3.59679396378583
833,0.05,True,177.21059951971708,202.12646822687364,0.0482683795262516,0.1,0.01,anisotropic,0.0125,0.0046415888336127,5,100000,79.70759749412537,34.93202540081141,0.9366862291959682,8.911844583185385,34.31481216011776,0.94852098438416,10.272802251487777,6.336847772131185
834,0.05,True,498.86940496674026,548.7120919741736,0.0595774688648334,0.1,0.01,anisotropic,0.0125,0.01,6,100000,79.61317420005798,34.52045087279726,0.9581901927588352,86.61801606713306,34.798508002867884,0.9639231508724574,81.24609929562155,15.176255985905408
835,0.05,True,419.50652405504337,376.5524361984076,0.0578461529339568,0.1,0.01,anisotropic,0.0125,0.0464158883361277,8,100000,80.98116302490234,41.46481036992565,0.9850324230453024,12.422723827675044,42.9707522445577,0.989424045103806,8.782590688167865,7.219288683958495
836,0.05,True,914.931055167032,1447.2823220019764,0.0339185257750295,0.1,0.01,anisotropic,0.0125,1.0,12,100000,78.85495924949646,30.689889306276072,0.933836996745898,697.7000751043532,30.752091183005675,0.9435869962418032,687.7784785115849,19.810492730361865
837,0.05,True,363.0315052175165,421.9079534058274,0.0571494061022916,0.1,0.01,anisotropic,0.0125,0.01,6,100000,79.99173331260681,34.6895116501944,0.9661734437864408,44.18012529652705,34.79468330835153,0.9728180321649362,43.12308052546353,11.627795396135902
838,0.05,True,581.0077619277654,552.6790578541671,0.0762554235400089,0.1,0.01,anisotropic,0.0125,0.0464158883361277,8,100000,79.89270257949829,37.18737174295328,0.9770589816255144,64.38165747001341,38.06214909614598,0.9843379219107176,52.63618659725204,13.95788734310263
839,0.05,True,632.6320236316109,390.0793321776848,0.1262615537910202,0.1,0.01,anisotropic,0.0125,0.0021544346900318,4,100000,80.26547050476074,31.915168872745816,0.9478059665784102,232.4641417422399,32.534867069201205,0.9602576356909864,201.55155427347623,13.895678596689674
840,0.05,True,14.081362131745305,14.38111008287193,0.0379113252443717,0.1,0.01,anisotropic,0.0125,0.2154434690031882,10,100000,80.24222993850708,39.45525598248536,0.9912853357222036,0.0224302283765186,39.616340400275526,0.9921229642895788,0.0216135076264032,0.2296854086684936
841,0.05,True,663.8738346446938,559.1561957658987,0.0818972183846687,0.1,0.01,anisotropic,0.0125,0.0046415888336127,5,100000,79.55042695999146,36.451098873036415,0.9720886826761382,98.70998586287328,36.80122042511181,0.9820911619808582,91.06446374766126,14.980727530487645
842,0.05,True,178.85793090288166,164.42622292550806,0.0712275830243085,0.1,0.01,anisotropic,0.0125,0.01,6,100000,79.8970296382904,38.95649114056737,0.9725800797180504,4.001772953998251,39.0351694492139,0.9833371708355838,3.929928181768915,4.540992294984108
843,0.05,True,961.1092471519856,988.8185299623932,0.0670711700674025,0.1,0.01,anisotropic,0.0125,0.1,9,100000,80.84792113304138,41.62652394869552,0.9902618067686616,63.483137421186136,42.52843219092816,0.9931700290341764,51.57836341198731,20.180505616809818
844,0.05,True,149.51406502535986,158.21585755374434,0.0404573940147156,0.1,0.01,anisotropic,0.0125,0.1,9,100000,79.69116520881653,36.4663200155445,0.9723688908961172,5.02892134782038,36.70397486484816,0.9803670350409848,4.761122529726172,3.1669766686323158
845,0.05,True,415.2094996032967,547.9757925410081,0.0378330774789529,0.1,0.01,anisotropic,0.0125,0.1,9,100000,79.89072728157043,38.2101032647037,0.9761263210824622,26.00348894917579,40.27521120554762,0.9866352128765672,16.16295739346559,10.271183464565963
846,0.05,True,86.26431841056521,94.2209955955976,0.0682040345932916,0.1,0.01,anisotropic,0.0125,0.0464158883361277,8,100000,79.6895866394043,41.52247060192597,0.9768022716486956,0.5236809775258996,43.08365050810692,0.9907041459072098,0.3655517000723721,2.321300617166381
847,0.05,True,996.8773775941014,661.5390726220629,0.1001979916932546,0.1,0.01,anisotropic,0.0125,0.0046415888336127,5,100000,80.4169409275055,33.91638180667313,0.9576012159640024,388.33502872483865,34.98199173305872,0.9678014138389174,303.8404384198714,18.95799445872993
848,0.05,True,502.69281532091134,461.4417377996386,0.0623850496500379,0.1,0.01,anisotropic,0.0125,0.0464158883361277,8,100000,79.33055925369263,40.963282147341296,0.9826554539718332,20.215267583492903,42.17152586741885,0.989746429174418,15.305767865456907,10.060132779323716
849,0.05,True,595.7896323027237,785.7524438135684,0.0404712214709906,0.1,0.01,anisotropic,0.0125,0.01,6,100000,79.9813985824585,37.34615105909725,0.9760633490402828,64.07466597713886,36.48369255407846,0.9792749310710348,78.15057925534369,17.38534293379283
850,0.05,True,68.00940091103905,69.46670265656209,0.0495063890025898,0.1,0.01,anisotropic,0.0125,0.001,3,100000,81.87718057632446,35.14740839794135,0.9587912141084728,1.371736404037944,33.30891074733024,0.9552819505125488,2.0946932317400253,2.093234771248514
851,0.05,True,750.2105099287786,693.9305793903707,0.0594283461414671,0.1,0.01,anisotropic,0.0125,0.0464158883361277,8,100000,81.61250710487366,39.6391856871878,0.9780746328447988,61.057350050570726,41.22020046051877,0.985603717878226,42.426428526868186,16.2660421298522
852,0.05,True,210.6956875024902,123.05420512236708,0.0865067482776942,0.1,0.01,anisotropic,0.0125,0.0046415888336127,5,100000,82.11826848983765,33.738167406753384,0.9430074417035138,8.43966631324883,34.97833237571048,0.9561120997204025,6.343205464465558,4.109409743860858
853,0.05,True,898.156235151273,791.0378167948215,0.0827858504266124,0.1,0.01,anisotropic,0.0125,0.0021544346900318,4,100000,81.91342949867249,35.57106815190561,0.9582473496069294,219.61680371101144,35.45418978187538,0.965722965748722,225.60743273275105,25.407974247052472
854,0.05,True,205.9345008415252,197.4758619606872,0.0629523507587602,0.1,0.01,anisotropic,0.0125,0.0215443469003188,7,100000,82.20410537719727,39.52052440953817,0.9885997900318833,4.727360169294172,39.04641200847142,0.9907047456387134,5.272661996370212,4.354213321700728
855,0.05,True,191.4970329430029,198.4122236052078,0.0910145402328531,0.1,0.01,anisotropic,0.0125,0.0021544346900318,4,100000,81.93377375602722,34.88829670369422,0.9595138675076688,11.852471720555595,33.502644542158215,0.963803994742324,16.307002731215448,6.436994567427993
856,0.05,True,37.51311818024679,36.91258212523369,0.0602401697061978,0.1,0.01,anisotropic,0.0125,0.1,9,100000,81.9726459980011,40.28048660181017,0.982341495012319,0.1316238121893869,41.30976450027205,0.9894841330814704,0.1038500416785913,0.717559356930868
857,0.05,True,472.5948781648892,541.7386284890581,0.0667225858028709,0.1,0.01,anisotropic,0.0125,0.01,6,100000,81.63944935798645,36.92479325683093,0.972145343587546,45.01183394768637,37.33197876384364,0.9725844255281776,40.98341628229549,12.660403728891172
858,0.05,True,565.2762921293538,532.0965789966687,0.0656182699083462,0.1,0.01,anisotropic,0.0125,0.1,9,100000,81.31539416313171,40.59426386325385,0.9873333475293185,27.83035839875668,41.61906822296746,0.9907162732476036,21.9805402845475,11.252236596302655
859,0.05,True,66.64293078892402,61.19502195177204,0.0447259656922035,0.1,0.01,anisotropic,0.0125,0.0215443469003188,7,100000,82.38468480110168,35.61806088822533,0.9565919365485696,1.2145549893705634,37.8913748944013,0.98942566140311,0.7195910975115722,1.4489681400037375
860,0.05,True,775.7520890783155,695.7806851384103,0.0616527293883451,0.1,0.01,anisotropic,0.0125,0.0464158883361277,8,100000,81.76225018501282,36.8732145303529,0.9807669259080224,123.38113787532453,37.027608620754606,0.9867116093455022,119.07192153166808,15.5546115067484
861,0.05,True,453.8355459132796,417.6802078175374,0.0968432185320443,0.1,0.01,anisotropic,0.0125,0.0021544346900318,4,100000,81.72592043876648,37.40201029845349,0.9748608381279972,35.11791577880052,36.96496909088126,0.9829381880923664,38.83585346233355,11.586791325367122
862,0.05,True,524.8658790582524,209.1620000312712,0.1310514234051654,0.1,0.01,anisotropic,0.0125,0.0046415888336127,5,100000,81.47702693939209,39.90290024817008,0.969869275999794,27.256657109973663,40.74229189893508,0.9772937737016484,22.46639683044371,6.75449730371275
863,0.05,True,441.3219841912899,320.6354578109668,0.0952562492368203,0.1,0.01,anisotropic,0.0125,0.001,3,100000,81.40356659889221,35.23404523149194,0.956866405050224,57.327318989090806,34.45193695819151,0.9592251200088838,68.63923887111069,11.1683094043995
864,0.05,True,401.3622978144506,445.6420467990666,0.0634373052688731,0.1,0.01,anisotropic,0.0125,0.01,6,100000,81.95478081703186,35.79632394146907,0.9672481707019916,41.44708054907228,37.21405412470873,0.9795675103528684,29.90342455484403,11.42953725049792
865,0.05,True,560.0806909769096,561.3195082877861,0.0507125455949894,0.1,0.01,anisotropic,0.0125,0.2154434690031882,10,100000,82.64436173439026,35.05115223205997,0.9745241067818196,97.95414169171468,35.078301164312755,0.9756198712155384,97.34371360696352,10.921066537228144
866,0.05,True,156.0850056847818,153.87046013645102,0.0614755997999783,0.1,0.01,anisotropic,0.0125,0.1,9,100000,81.75675797462463,43.83172727619473,0.9925896327304764,1.0077562891971803,43.36478233333216,0.9923484257367348,1.1221476685006513,3.8033922549539776
867,0.05,True,182.74620236477583,175.0200709858362,0.0628899585513458,0.1,0.01,anisotropic,0.0125,0.1,9,100000,81.34001898765564,43.117634269126455,0.9939575874453496,1.6270307470559369,43.33688574288762,0.9944439035451448,1.5469298249743348,3.8575120537028793
868,0.05,True,861.9238353925037,895.6991010319673,0.0443799220705246,0.1,0.01,anisotropic,0.0125,0.0046415888336127,5,100000,82.40124678611755,30.01840257208684,0.926841375835218,722.384228931327,30.836813375030605,0.9493567819981492,598.3112592131192,25.695900695752545
869,0.05,True,946.169346671499,920.059543650452,0.0447979310095587,0.1,0.01,anisotropic,0.0125,0.2154434690031882,10,100000,81.25168871879578,43.143719199566334,0.9934510566822508,43.34408010643623,43.44892396734191,0.995661538601736,40.40259997192543,17.031521177222228
870,0.05,True,373.9360069634732,362.05575618409375,0.0625174538437658,0.1,0.01,anisotropic,0.0125,0.1,9,100000,81.81084775924683,39.99298219401699,0.9869527465208092,14.000203236952151,40.65655769503552,0.98971009551821,12.016466779491552,7.530988719758224
871,0.05,True,271.4739284704102,343.3219242507286,0.0459434652120401,0.1,0.01,anisotropic,0.0125,0.0046415888336127,5,100000,82.109299659729,33.71700772822131,0.9496274234856038,31.16364514038405,33.276973754636934,0.9532393396806084,34.48670068608501,9.175346087872429
872,0.05,True,644.3555436957768,633.2828012408294,0.0649355652220348,0.1,0.01,anisotropic,0.0125,0.0464158883361277,8,100000,81.70053195953369,35.42644698837158,0.979706603197276,118.73982966875252,35.03446511306347,0.982441138681052,129.95548342684236,15.666085448054307
873,0.05,True,409.3254369269983,375.1844259933863,0.0898604840216879,0.1,0.01,anisotropic,0.0125,0.0046415888336127,5,100000,81.49573016166687,40.40557622001509,0.9825794775796842,15.218980048237364,39.81446683164211,0.9843583249115636,17.437992499370004,10.052693267168893
874,0.05,True,26.36096930468452,11.46334975161884,0.159682852163049,0.1,0.01,anisotropic,0.0125,0.0001,0,100000,82.74244618415833,35.356471885684456,0.9311496704546416,0.1876646879623575,37.40244462274414,0.96533858824705,0.1171615982181599,0.457282321613594
875,0.05,True,156.99644476882418,179.10746208024565,0.0470300567784752,0.1,0.01,anisotropic,0.0125,0.1,9,100000,81.6947066783905,38.47673311284679,0.9849648643589096,3.489731557217821,38.00417723518799,0.9867076613540332,3.890877954867861,3.8378392915919135
876,0.05,True,716.2562566185501,724.4356549990808,0.0671110965233721,0.1,0.01,anisotropic,0.0125,0.0046415888336127,5,100000,81.56048583984375,37.32546167780586,0.9752621911512334,94.39119529692628,37.10827586952701,0.9736991511567136,99.23161658606315,21.43234246257677
877,0.05,True,659.2650179682412,681.9713130057421,0.0455723078367779,0.1,0.01,anisotropic,0.0125,0.2154434690031882,10,100000,81.28524804115295,38.96339193555876,0.982596897041542,55.15549290330031,39.24964787304469,0.9870356329671718,51.63725843558306,13.294883200802046
878,0.05,True,28.068896510980007,27.233889383182248,0.0850784869204841,0.1,0.01,anisotropic,0.0125,0.0021544346900318,4,100000,81.32864379882812,37.6561506692549,0.973506990630668,0.1243168327337511,36.025424998684244,0.9714655066273868,0.1809682988684951,0.7879798882099931
879,0.05,True,222.7501897710165,215.06022803031803,0.0651574754503434,0.1,0.01,anisotropic,0.0125,0.1,9,100000,81.70547246932983,42.3991658137293,0.9920732363647752,2.854498924384145,42.4549347056093,0.9937335375268054,2.8180779024942133,4.17783131495738
880,0.05,True,231.8437217914833,331.1178756791388,0.0404125879492493,0.1,0.01,anisotropic,0.0125,0.01,6,100000,82.10194444656372,34.21308058580098,0.9665149972888948,19.56620249319633,34.115400085499495,0.9742262629567028,20.011267333689133,6.792908986287457
881,0.05,True,672.2208508551297,609.5853830842602,0.0551375290955196,0.1,0.01,anisotropic,0.0125,0.001,3,100000,81.1724624633789,33.69522592458984,0.94920307145704,161.75225364770242,33.75193159918568,0.9489579405167436,159.65398857441744,16.761750804086333
882,0.05,True,20.69082721660979,13.99628396091377,0.0982764635239007,0.1,0.01,anisotropic,0.0125,0.0021544346900318,4,100000,82.54492092132568,36.58486033198224,0.9798127849789016,0.0857433445800486,36.36489303207888,0.9748733848839066,0.090198050285731,0.3870749226049217
883,0.05,True,105.00447340258928,96.42827608711627,0.0732693840012973,0.1,0.01,anisotropic,0.0125,0.0046415888336127,5,100000,81.84265804290771,34.82270784632994,0.9619005168535608,3.6179236276470648,34.61928514626868,0.9680784032224176,3.7914179765913136,3.51364892099131
884,0.05,True,800.1161692878162,745.4292770747397,0.0571642332028825,0.1,0.01,anisotropic,0.0125,0.2154434690031882,10,100000,81.55613732337952,36.49473071779091,0.97777598536744,143.2304815015796,36.66592990674409,0.9828690382951802,137.6941638120178,16.255601132074467
885,0.05,True,179.36611739227928,195.75154953078248,0.0541297383649056,0.1,0.01,anisotropic,0.0125,0.0046415888336127,5,100000,81.95853233337402,33.507492888024345,0.9427804729046309,13.821306205556196,32.69195312854285,0.9421127525684704,16.67642922482995,6.396189528758073
886,0.05,True,653.0933617440228,838.2362286904673,0.0472283663604252,0.1,0.01,anisotropic,0.0125,0.01,6,100000,82.0736517906189,36.0546696004289,0.9738697471071802,105.38176835737544,36.03963059233568,0.9770649465191718,105.7473231912414,19.046303212230978
887,0.05,True,238.9445982656798,246.5451540209237,0.0676104887946191,0.1,0.01,anisotropic,0.0125,0.0464158883361277,8,100000,81.66458201408386,41.19105334957695,0.9873136871731002,4.336973158967861,42.74812778350946,0.9925168558958136,3.030255798669092,5.557464326115248
888,0.05,True,100.34195136658582,94.85028615423148,0.0649087036873067,0.1,0.01,anisotropic,0.0125,0.1,9,100000,82.3667049407959,41.66042364306871,0.9912906813771628,0.6862296550699531,41.58879823613098,0.9921756908115064,0.6976410428923167,2.2863674391505584
889,0.05,True,243.92901880845463,195.2101935912291,0.0677424387471163,0.1,0.01,anisotropic,0.0125,0.01,6,100000,81.88552618026733,34.37538390283713,0.9573939996854096,21.401217070292724,34.512915246451044,0.9642142269706848,20.734107107783323,5.677526329341532
890,0.05,True,722.5446649238035,637.8703827115578,0.0788698698375928,0.1,0.01,anisotropic,0.0125,0.0464158883361277,8,100000,81.58177256584167,43.51709881609886,0.9908937005137636,23.159291713922013,44.54339876937259,0.9959884008047216,18.285013183499142,13.77187947282685
891,0.05,True,855.8407716381795,872.9895859998333,0.0436231001024386,0.1,0.01,anisotropic,0.0125,0.2154434690031882,10,100000,81.55664944648743,40.42378399500885,0.9898339173748484,66.33560063757669,40.37254330438163,0.991839006366975,67.12290359470492,13.7648527069733
892,0.05,True,830.3896447024246,884.9563366787614,0.0629218925939065,0.1,0.01,anisotropic,0.0125,0.0021544346900318,4,100000,81.7838523387909,37.57034834266275,0.972115690266628,119.39107571731888,36.42585951317085,0.9825260551183704,155.3891704401258,22.95520337940029
893,0.05,True,397.7863460888364,511.603818508972,0.0425617707015345,0.1,0.01,anisotropic,0.0125,0.2154434690031882,10,100000,81.89506649971008,31.10335592243199,0.961504620668808,122.38659111118726,31.326372332270545,0.9663696395679832,116.2605029395316,9.358002828659275
894,0.05,True,668.4170514340756,699.3294869714287,0.0591117922744767,0.1,0.01,anisotropic,0.0125,0.1,9,100000,81.39205861091614,38.325488818638064,0.987597046898373,65.63945323000931,38.48171353705844,0.9892463948796348,63.32022988785393,14.927550104219463
895,0.05,True,205.77931112040517,203.4798665347071,0.0536008756821752,0.1,0.01,anisotropic,0.0125,0.1,9,100000,81.66768550872803,38.76896022728003,0.9753840498080684,5.61694779172831,39.756858466015466,0.9843685919176012,4.474150239258152,5.124356682514098
896,0.05,True,293.8545825307522,241.87872693687075,0.0978074155282295,0.1,0.01,anisotropic,0.0125,0.01,6,100000,81.93496465682983,34.13963490158264,0.9526528169044552,31.21900558261305,35.09920139693548,0.9667997429820548,25.030090268567065,7.834925333028264
897,0.05,True,896.4394827025986,489.6889901272296,0.0959561261832885,0.1,0.01,anisotropic,0.0125,0.0004641588833612,2,100000,81.96922993659973,35.13504733404349,0.9537066427339326,182.5147326164382,34.42262380974735,0.9572552174867892,215.0504120134535,17.323256068687844
898,0.05,True,13.9889215872253,15.490443959406836,0.0363240030871833,0.1,0.01,anisotropic,0.0125,0.2154434690031882,10,100000,81.44967889785767,40.36995654481653,0.9887414967119612,0.0179400027732524,40.61466618266462,0.9914258388853512,0.0169570984673535,0.2411122606183065
899,0.05,True,86.42302232361361,83.61919865017462,0.0516463774457788,0.1,0.01,anisotropic,0.0125,0.1,9,100000,81.73714303970337,39.98017863749118,0.985026491243048,0.7499895779480642,40.32880664331632,0.9893312442217848,0.6921375762332151,1.9459758571838632
900,0.05,True,208.6783688908813,208.96611788226187,0.0522848941543839,0.1,0.01,anisotropic,0.0125,0.2154434690031882,10,100000,78.67502117156982,43.76384115865925,0.995168866450264,1.826286584111972,44.10681101408997,0.9965743378532584,1.6876094292144466,3.58953218381404
901,0.05,True,27.50567166994589,27.33203509443652,0.0600956586983592,0.1,0.01,anisotropic,0.0125,0.0464158883361277,8,100000,79.31268835067749,37.02252125179762,0.9767522177054168,0.1498628465723627,37.75444964233377,0.9865581818095202,0.1266196586834178,0.6024096669569409
902,0.05,True,182.2539996547075,127.07120235562785,0.1271766221212928,0.1,0.01,anisotropic,0.0125,0.001,3,100000,78.63917851448059,36.35297499746753,0.9623649970955932,7.219949340544308,35.57605565189309,0.962599916528806,8.634279137929424,4.304289261893643
903,0.05,True,583.4585194087225,618.2409460257606,0.060417988693558,0.1,0.01,anisotropic,0.0125,0.0046415888336127,5,100000,79.23120594024658,36.85793339310626,0.965995863662652,63.50884563544996,37.83986747057618,0.9787304712767853,50.65715684102265,15.374356389119844
904,0.05,True,422.00312604190543,473.6911207903405,0.0377364868594083,0.1,0.01,anisotropic,0.0125,0.1,9,100000,79.21400666236877,36.61058260451685,0.964890417419249,38.69500693580754,38.65191313713715,0.9840286710112364,24.183651488331744,9.646679814388834
905,0.05,True,892.7790393658979,753.566654626046,0.0610410720550675,0.1,0.01,anisotropic,0.0125,0.0046415888336127,5,100000,79.79099082946777,37.1030130780034,0.960225127764174,154.6264275838246,35.751702358009176,0.9628521469888806,211.06430608335805,22.30716509576009
906,0.05,True,817.6261181767024,779.4561157053705,0.0717513437357231,0.1,0.01,anisotropic,0.0125,0.0215443469003188,7,100000,78.20707774162292,40.283884598993176,0.991216560382535,62.52521226887203,38.90606599392494,0.986265286735988,85.86912456887161,17.70156854006798
907,0.05,True,342.4755343461781,341.83266571645106,0.0448317125989905,0.1,0.01,anisotropic,0.0125,0.2154434690031882,10,100000,78.50322675704956,40.866960073459765,0.9802413748186384,9.578168241584214,41.81513921794728,0.991356643309372,7.699535873135426,6.082886644483358
908,0.05,True,260.1640099978612,248.09041763122892,0.056860588236906,0.1,0.01,anisotropic,0.0125,0.1,9,100000,78.39102959632874,42.50431930414948,0.9906157124807486,3.8007709968151167,42.913016728303845,0.994348900885168,3.459409398451516,5.227110506185149
909,0.05,True,380.31271575909966,401.1283758890826,0.0488873635443858,0.1,0.01,anisotropic,0.0125,0.0464158883361277,8,100000,79.18864464759827,41.17795700342596,0.987169339768616,11.00243453620407,41.85652056150765,0.990855528516708,9.410927710227378,8.467287443242764
910,0.05,True,590.704647572293,626.9251451363525,0.0435526398118882,0.1,0.01,anisotropic,0.0125,0.2154434690031882,10,100000,79.11258840560913,42.47267593613846,0.992987039340404,19.706743737025374,42.60563749367489,0.9951413617082508,19.11255346832588,11.737502208409358
911,0.05,True,268.79557718205336,211.11124646440268,0.0972966912669831,0.1,0.01,anisotropic,0.0125,0.0046415888336127,5,100000,79.3853211402893,36.12371163668517,0.9654827484152304,14.680177835160055,36.26033671868433,0.9752167606128872,14.225541548921298,5.978839751058466
912,0.05,True,624.5247589412849,339.9776038585738,0.131315568454437,0.1,0.01,anisotropic,0.0125,0.0004641588833612,2,100000,79.43119597434998,36.57770355014297,0.962125035970167,66.69870349257529,37.03981822237425,0.9729780701303068,59.9661165948663,11.188308902185833
913,0.05,True,410.0022405390492,237.9534490394638,0.1415255517475158,0.1,0.01,anisotropic,0.0125,0.0004641588833612,2,100000,79.53958868980408,34.65826801504522,0.9432910345465492,41.72587084558484,33.38261841752531,0.9454573268498796,55.97194119721829,10.110260645714858
914,0.05,True,552.4951336711282,528.3530975852166,0.0469476102222567,0.1,0.01,anisotropic,0.0125,0.2154434690031882,10,100000,79.38450598716736,39.87817104459812,0.9847141439200086,31.36864139969501,40.37605799065011,0.9888447150860388,27.97093698691194,10.268805348130218
915,0.05,True,436.69040260618135,411.86182732273465,0.0515374842758922,0.1,0.01,anisotropic,0.0125,0.1,9,100000,78.77297568321228,39.52408579985433,0.9831501643035664,21.266318937341165,39.644154233131154,0.985490237493551,20.6864267405373,7.950117450040436
916,0.05,True,295.17129378237576,290.18332684546084,0.0691510486115286,0.1,0.01,anisotropic,0.0125,0.0215443469003188,7,100000,79.22184014320374,35.66554209616765,0.9735231101300672,23.59441830322546,36.773923717040624,0.9848656857742448,18.279786229442088,6.606693884357016
917,0.05,True,948.5048536551946,971.9542070178773,0.037967965345885,0.1,0.01,anisotropic,0.0125,0.2154434690031882,10,100000,79.41328406333923,41.82437765057958,0.9918338301366544,59.05291080910852,42.03535057957481,0.992886648707073,56.25278344171546,17.655132816640197
918,0.05,True,763.842188365601,460.3211716616672,0.119201852525231,0.1,0.01,anisotropic,0.0125,0.0001,0,100000,79.94437170028687,32.03986219152688,0.950683370603606,356.7739439695868,30.153955963519078,0.9412245380688624,550.7870899133218,18.296576506577427
919,0.05,True,140.97306259068608,136.0171399229362,0.0533373032934019,0.1,0.01,anisotropic,0.0125,0.1,9,100000,78.70625400543213,42.81894660707109,0.98817555937013,1.0346689978249897,42.48648478033636,0.9909541854702244,1.1169857150449247,3.205938021743308
920,0.05,True,868.5995079220149,834.8728993560773,0.0748032444048874,0.1,0.01,anisotropic,0.0125,0.0002154434690031,1,100000,78.56887483596802,30.217944779260545,0.9178716906421376,691.2340757557979,30.194832878307277,0.9150615708211696,694.9224298092362,33.85107308384625
921,0.05,True,487.9437670512641,176.81024848371874,0.1494664716115945,0.1,0.01,anisotropic,0.0125,0.0021544346900318,4,100000,78.78149199485779,32.47718388520305,0.952730356904109,99.67725886078487,32.365283621686984,0.955261199452151,102.27891509267089,5.690779029239436
922,0.05,True,894.6576746671973,888.445870728202,0.0706489558404416,0.1,0.01,anisotropic,0.0125,0.1,9,100000,78.42620825767517,41.08608122972178,0.9894807345146768,62.29804286711855,41.74508214024768,0.992849400628691,53.52717363478804,16.998541432784805
923,0.05,True,800.0554006913679,777.4825194582104,0.0527287421712589,0.1,0.01,anisotropic,0.0125,0.001,3,100000,78.77766489982605,35.40036570265337,0.9646974417047738,182.91518499991503,35.3765612412752,0.9738110994420276,183.9205287334048,23.82794850931264
924,0.05,True,425.7882909647642,438.3347538042356,0.0537362070534118,0.1,0.01,anisotropic,0.0125,0.1,9,100000,79.05054640769958,40.65473458799807,0.9782532017240484,15.565399687500424,42.33265481444752,0.9900384119393006,10.577140037850262,10.262095383175064
925,0.05,True,23.44683901179728,24.15676014335438,0.0596932911920904,0.1,0.01,anisotropic,0.0125,0.1,9,100000,79.32577800750732,38.74731837148063,0.9842641070496796,0.0733357952536215,39.099684933150094,0.9890368066292348,0.0676206513368504,0.5038930087165011
926,0.05,True,269.4086820255611,261.61076249527054,0.0478612591477392,0.1,0.01,anisotropic,0.0125,0.1,9,100000,79.37701940536499,34.42379517420976,0.9744265625841618,26.14155992425965,34.45723590613946,0.9767118300433614,25.94104255471615,5.204682459966487
927,0.05,True,542.0925804462061,826.3781551052263,0.0569182075681601,0.1,0.01,anisotropic,0.0125,0.0464158883361277,8,100000,78.29754757881165,35.75245042105567,0.9550745889949074,78.07835914766625,37.04261086673437,0.9800565876549356,58.011571884184775,20.622502664575578
928,0.05,True,633.8447416063211,727.4970690740425,0.0563461093107718,0.1,0.01,anisotropic,0.0125,0.0046415888336127,5,100000,79.28856778144836,36.34903307470393,0.9728751455607012,92.25612115091438,35.1107098011493,0.9785668905668804,122.69518460309638,17.631045399705645
929,0.05,True,258.6297977477691,261.8954933975292,0.0421081668742502,0.1,0.01,anisotropic,0.0125,0.2154434690031882,10,100000,78.92877793312073,42.17444293109813,0.9920943731041164,4.053628467756222,42.39271737807815,0.9940436321605312,3.854930002289246,5.346968355670216
930,0.05,True,140.2167179987513,130.12556918439682,0.0651888829470204,0.1,0.01,anisotropic,0.0125,0.0215443469003188,7,100000,80.22726202011108,36.78120857525465,0.9700408326993568,4.1057319342175065,38.74110200907512,0.9879080738362664,2.6145758608313643,3.2227976105466603
931,0.05,True,835.0953065624998,677.0064495975708,0.0954724950361473,0.1,0.01,anisotropic,0.0125,0.0021544346900318,4,100000,79.68970775604248,34.2254087378144,0.9470491912025992,260.36917414477153,34.611949668302294,0.9578545039686048,238.1965530585163,22.966701109788858
932,0.05,True,984.4177785228486,1027.919181442962,0.0502805720956119,0.1,0.01,anisotropic,0.0125,0.0464158883361277,8,100000,79.30276393890381,38.107020182919065,0.9689880435449156,149.354675939005,40.05088622450977,0.990015948160654,95.46237165461083,21.977584966935623
933,0.05,True,526.1644921203831,163.86221162619188,0.175869932371587,0.1,0.01,anisotropic,0.0125,0.001,3,100000,79.33386516571045,33.222465895461305,0.9527959421881846,122.52303214534852,33.75179511738479,0.9637569350186752,108.46379951179487,5.527722185928044
934,0.05,True,172.50760656245518,98.92817738547728,0.100653589692879,0.1,0.01,anisotropic,0.0125,0.0046415888336127,5,100000,78.93752384185791,35.95202328930907,0.96670050449879,7.009548568947977,35.805304650461395,0.9672171395175176,7.25039910188567,2.949788415778772
935,0.05,True,273.0350191928496,256.3604432880909,0.060942884095534,0.1,0.01,anisotropic,0.0125,0.0215443469003188,7,100000,79.10620999336243,37.82411408417944,0.9814249654712194,12.218765603440524,37.87031104208546,0.987939110787364,12.089480466437674,6.118640157799748
936,0.05,True,19.372285870919267,12.41576399451629,0.1022121356209424,0.1,0.01,anisotropic,0.0125,0.0021544346900318,4,100000,79.87012338638306,32.02418613494846,0.9460699278816924,0.2314536027592159,31.94562602282124,0.9491088992015544,0.2356784951850372,0.4089055201028672
937,0.05,True,914.3845077539384,858.9489259037296,0.0659030855760152,0.1,0.01,anisotropic,0.0125,0.0046415888336127,5,100000,79.04228162765503,38.7596160564883,0.9744878572802862,109.36963450933004,39.25531524688313,0.9838785829694502,97.57236725241674,23.155192019071528
938,0.05,True,118.633331807251,122.027641954362,0.0534138001403849,0.1,0.01,anisotropic,0.0125,0.01,6,100000,79.01941514015198,37.6617845479236,0.9794536871841182,2.410096264952074,37.03980412101267,0.9814894272954994,2.781201355389036,3.315718182846344
939,0.05,True,576.9399590387393,592.0991972483365,0.0880607320704923,0.1,0.01,anisotropic,0.0125,0.0021544346900318,4,100000,79.61592030525208,37.31765857971149,0.96590467161151,60.82779300454125,37.13817762930819,0.9759616882907468,63.3942917814261,17.63507027619661
940,0.05,True,274.7811654665188,163.50830614164272,0.1058284279362267,0.1,0.01,anisotropic,0.0125,0.0046415888336127,5,100000,78.9796028137207,32.2815980043589,0.9394392096946494,44.18731376745669,33.475885388240975,0.9685040734683412,33.563625171237575,5.437148530065411
941,0.05,True,554.6238245132777,270.6710776435384,0.1445444800457832,0.1,0.01,anisotropic,0.0125,0.0004641588833612,2,100000,79.28418493270874,36.035948236581,0.9493275086410674,60.8802860710826,37.309966969206215,0.9718523588821488,45.40198190012559,10.000560421314418
942,0.05,True,651.7689679635124,425.3611266537559,0.1031152924698329,0.1,0.01,anisotropic,0.0125,0.001,3,100000,79.27308630943298,33.47662860110035,0.9412376842660974,185.2578350105025,33.694761730719485,0.9681362440569806,176.18270413692048,14.808448807339946
943,0.05,True,829.9120619034944,782.7582326225622,0.098479427594639,0.1,0.01,anisotropic,0.0125,0.0021544346900318,4,100000,79.14490509033203,37.766621328063074,0.9591908159210172,108.86204032758548,36.53802458249124,0.959728382912397,144.45618602436886,30.56588222261645
944,0.05,True,207.2148504888426,190.09634339785097,0.0812065445600887,0.1,0.01,anisotropic,0.0125,0.0046415888336127,5,100000,78.79126596450806,36.72405398410862,0.9762103714940588,8.6478891628054,35.80535998739954,0.9694168112038134,10.685122719600272,5.47317178570642
945,0.05,True,11.984832829821997,9.963506136881142,0.0956258798723702,0.1,0.01,anisotropic,0.0125,0.0046415888336127,5,100000,79.5301673412323,36.9134436033316,0.9734339093468404,0.0289654452048393,37.47216420888171,0.9756677346513428,0.0254687803252013,0.2860738821533451
946,0.05,True,137.74874443873847,110.84299579283407,0.0745864014647247,0.1,0.01,anisotropic,0.0125,0.0046415888336127,5,100000,79.13910293579102,32.31306515557058,0.9491568089932156,11.004555185249398,32.82280400595516,0.9702356424006312,9.785851196594058,3.312914898634567
947,0.05,True,900.118623206257,506.2933213990145,0.127442082120182,0.1,0.01,anisotropic,0.0125,0.0004641588833612,2,100000,79.11318063735962,36.142611941823205,0.9609568384854104,184.11975393431965,36.71389544125121,0.9746945899615408,161.4254611964181,16.93230442027408
948,0.05,True,874.0161874849528,784.9719762035919,0.0570430057047498,0.1,0.01,anisotropic,0.0125,0.2154434690031882,10,100000,78.80693817138672,35.66996475587796,0.9730608073012736,206.04192950303064,35.94527742350103,0.9765830255714228,193.38569316415752,15.797369767143776
949,0.05,True,597.815689068138,653.2232482201127,0.0547385888878106,0.1,0.01,anisotropic,0.0125,0.1,9,100000,79.01408791542053,36.2547686087367,0.95894853120724,84.47676561579813,37.71950337084878,0.9814624974794062,60.29257070482422,12.612913090463213
950,0.05,True,600.9163435732197,783.1966832474557,0.0526902229825332,0.1,0.01,anisotropic,0.0125,0.01,6,100000,81.2198326587677,38.50753832812941,0.977858113352837,50.36216459310396,37.85563308877151,0.9847394371847246,58.51873265242753,17.96287444908312
951,0.05,True,665.3716378717093,667.3062611785513,0.0468622263807714,0.1,0.01,anisotropic,0.0125,0.1,9,100000,80.77379035949707,40.85567764550181,0.988436275114,36.31456140772716,41.39793622791369,0.9911772601431748,32.05198605056647,12.47461296640623
952,0.05,True,176.19590734482614,83.11820435507803,0.1289166472410047,0.1,0.01,anisotropic,0.0125,0.0001,0,100000,82.00424695014954,31.96654391821237,0.8951956616862944,16.763929900698454,31.918691639029745,0.9132148698764408,16.94966285363003,4.00202245225747
953,0.05,True,914.4975339790348,1038.3348888612582,0.0739462115985073,0.1,0.01,anisotropic,0.0125,0.0021544346900318,4,100000,81.97005915641785,36.49203898260463,0.9530704543746435,182.22824180910413,36.820060216887896,0.9678413332906376,168.97153973895638,34.72118192704075
954,0.05,True,419.35175436718106,366.0637380168361,0.0507108228634826,0.1,0.01,anisotropic,0.0125,0.0046415888336127,5,100000,81.25823545455933,30.11199908249776,0.9316868592380484,169.47856484015003,29.672126588486023,0.9413846216201808,187.54350449239672,11.514407589648789
955,0.05,True,383.755389721248,311.6435349679439,0.1095907746965853,0.1,0.01,anisotropic,0.0125,0.001,3,100000,81.30323338508606,37.403415493092055,0.9695053812760568,26.43969909254484,36.944160555216506,0.976435426899731,29.388810055478608,9.203208353252528
956,0.05,True,519.3987875775547,514.0264992210133,0.0449975191744694,0.1,0.01,anisotropic,0.0125,0.2154434690031882,10,100000,81.73730063438416,40.909587265290064,0.9898353143469696,21.847368394826216,41.42025941965379,0.991894584198169,19.42369797489167,8.377370055524716
957,0.05,True,47.91900080827999,49.68154307017623,0.05565700583573,0.1,0.01,anisotropic,0.0125,0.2154434690031882,10,100000,80.97442698478699,39.90754298054307,0.9896379297792314,0.2345536245684091,39.81999759834639,0.990793441813505,0.2393297497652882,0.8717550760492248
958,0.05,True,167.11708538732333,152.9443839554123,0.0656340772774786,0.1,0.01,anisotropic,0.0125,0.0021544346900318,4,100000,81.51515674591064,35.5960971437226,0.9646238430522488,7.365606896821221,35.530539956110786,0.9742738878966436,7.4776348812446685,3.980112876980464
959,0.05,True,738.2955828099441,671.5856558907801,0.0534276375854122,0.1,0.01,anisotropic,0.0125,0.0464158883361277,8,100000,81.10910868644714,35.856508986915685,0.970180967486308,140.63396661019146,36.7497598669206,0.9819602886187232,114.4893628066783,13.731469547092802
960,0.05,True,83.71586925720135,70.23082586632648,0.1024881187661752,0.1,0.01,anisotropic,0.0125,0.001,3,100000,81.06384921073914,35.32933006299532,0.9579196925641164,1.573985868905773,34.9839912036168,0.9675159143665064,1.704255541947591,2.351432103585106
961,0.05,True,603.5489573569218,802.445463920368,0.0403072013473002,0.1,0.01,anisotropic,0.0125,0.0215443469003188,7,100000,81.54481220245361,32.81400017325251,0.9549451446956222,186.75642872518,32.50411100853937,0.9573258929730516,200.56930838941545,16.98664461384139
962,0.05,True,246.10376057163964,248.3658495238963,0.0529751679833583,0.1,0.01,anisotropic,0.0125,0.2154434690031882,10,100000,81.07480382919312,41.19757356992535,0.98436872299374,4.59147311509901,41.98968946290279,0.9910126129280992,3.8259602747085744,4.406438737110803
963,0.05,True,389.9063184279346,337.2196430484486,0.0891447696034016,0.1,0.01,anisotropic,0.0125,0.0046415888336127,5,100000,81.06251263618469,37.64334649817602,0.9758223414608348,25.511938172517294,37.45741585721699,0.9777020483870384,26.62787550693413,9.199354520704563
964,0.05,True,289.4050430339292,263.71277732889007,0.05633307293161,0.1,0.01,anisotropic,0.0125,0.2154434690031882,10,100000,81.189537525177,30.346989220629503,0.9289250757740362,33.64877856040241,30.729826485070475,0.9454149428112584,30.809565787111083,5.434660876619699
965,0.05,True,356.3170437484842,445.7806592544616,0.0593001762478265,0.1,0.01,anisotropic,0.0125,0.01,6,100000,81.34754920005798,35.32484103569359,0.9561887145860076,36.71096784249368,35.599661233482095,0.9641145617219752,34.45988426764708,11.390394584115448
966,0.05,True,719.3268592790613,743.5483156634155,0.0625507496629265,0.1,0.01,anisotropic,0.0125,0.0464158883361277,8,100000,81.19424057006836,37.87000165282077,0.9811045224222094,84.40309829459589,37.95190727383461,0.9851751656020634,82.82621722136875,15.92580655716207
967,0.05,True,297.82459390755184,339.9017390275414,0.048554070721708,0.1,0.01,anisotropic,0.0125,0.001,3,100000,82.25495648384094,33.89668852693579,0.9525407351195324,35.594659349075776,30.97853917141815,0.9411774625088144,69.69470377265283,10.037286635079097
968,0.05,True,566.8382356566003,559.7594566298517,0.0555245820361063,0.1,0.01,anisotropic,0.0125,0.1,9,100000,80.37165999412537,40.159507465979296,0.9845754848220408,30.954860132339004,41.2384968343591,0.9901416760398868,24.145150078625388,10.56738762501092
969,0.05,True,476.5743517969005,473.16615307215255,0.0688095779943965,0.1,0.01,anisotropic,0.0125,0.01,6,100000,81.23441362380981,37.92141395043045,0.9809429226880384,36.53960030413554,38.25263638823381,0.9857404265425388,33.85646015000856,11.924763773403749
970,0.05,True,664.0074941972855,700.1433319330503,0.0482043600732429,0.1,0.01,anisotropic,0.0125,0.0046415888336127,5,100000,81.18277311325073,35.72099934979075,0.9673554777790404,118.04617109304172,35.19764773594301,0.9596893681949058,133.1640718449976,21.544505155318287
971,0.05,True,936.8929095854332,790.1953012193303,0.0708403024966722,0.1,0.01,anisotropic,0.0125,0.0215443469003188,7,100000,81.05297422409058,38.4597020563055,0.97501210549506,124.9975638595884,39.37255565300239,0.9834205132095468,101.30157303411195,22.04781229303831
972,0.05,True,732.83952511304,699.195463593411,0.0506279512535915,0.1,0.01,anisotropic,0.0125,0.2154434690031882,10,100000,81.24313306808472,39.28453889728536,0.9891839929281356,63.254208354234,39.34057336797451,0.9923466755320922,62.443318855469954,11.61542196370752
973,0.05,True,215.725438212166,150.07861296848145,0.060730439002519,0.1,0.01,anisotropic,0.0125,0.0021544346900318,4,100000,82.78128218650818,38.828866207859,0.9747448006678832,5.949916400696615,38.75339032129644,0.9768536877929378,6.054223540110843,3.4870109144506998
974,0.05,True,32.15195192622339,33.4075447557161,0.0513558125123729,0.1,0.01,anisotropic,0.0125,0.2154434690031882,10,100000,83.02556204795837,39.58177734388825,0.9858645194524428,0.1137378827981838,39.98848785457351,0.9888113742767208,0.1035700268037307,0.5692100049166727
975,0.05,True,263.00178025552526,265.2055362943244,0.0496377693498013,0.1,0.01,anisotropic,0.0125,0.2154434690031882,10,100000,81.45489978790283,40.37848049435237,0.989834611766562,6.333716762246811,41.01188084080224,0.992093696644912,5.474174075373316,5.277787978077937
976,0.05,True,595.4828527695546,579.2113069431186,0.0593485026867738,0.1,0.01,anisotropic,0.0125,0.1,9,100000,81.380375623703,42.84155231592724,0.9916355629919535,18.408718705354257,43.719382390270376,0.9942819909622234,15.03974781456944,12.871466023424164
977,0.05,True,52.3743876707661,52.11063345711909,0.0538248861535161,0.1,0.01,anisotropic,0.0125,0.2154434690031882,10,100000,81.68876504898071,38.45916528302192,0.9811701088221948,0.3909922975868981,38.68761321741345,0.9848927899760934,0.3709568615493611,1.118550312457926
978,0.05,True,496.8698809540351,586.8926493519666,0.0453189658661526,0.1,0.01,anisotropic,0.0125,0.0215443469003188,7,100000,81.7514419555664,38.039142717430686,0.9690229907070476,38.70997123706271,38.01542975949436,0.975458733823353,38.92191002954424,14.621780831682326
979,0.05,True,597.2460060679723,589.2198737470982,0.0570828614945364,0.1,0.01,anisotropic,0.0125,0.2154434690031882,10,100000,81.50778102874756,39.45393659393824,0.9871598536379582,40.40908802515685,39.85805949777632,0.9896813231670264,36.81855659484601,11.85913786874734
980,0.05,True,334.90964692614386,407.2644680632549,0.0813825973931527,0.1,0.01,anisotropic,0.0125,0.0021544346900318,4,100000,81.79881381988525,36.451778474988274,0.94994693913747,23.869123414769213,35.302095111632866,0.9569844589401488,31.10318090275945,13.15581731909844
981,0.05,True,771.1412915420761,523.013226519752,0.1196106289422426,0.1,0.01,anisotropic,0.0125,0.001,3,100000,81.29132080078125,36.67340848484979,0.9592436387014724,123.72825041787408,35.99359999301487,0.9592360553899894,144.69373290448107,20.57957323920248
982,0.05,True,107.49165488063804,83.53659994924816,0.1003507903897754,0.1,0.01,anisotropic,0.0125,0.0021544346900318,4,100000,80.36878061294556,36.26333221037101,0.9634048252746172,2.677795354289681,36.33766875167703,0.9682833588112694,2.6323505855617992,3.11970060290553
983,0.05,True,76.06264395407295,79.34569889761642,0.0497980969739102,0.1,0.01,anisotropic,0.0125,0.1,9,100000,80.18283295631409,42.38250300639109,0.989988613121647,0.3341773706937467,42.91996122418183,0.994531456920916,0.2952780851862417,1.5501020356068047
984,0.05,True,728.4605674473997,807.2851777877127,0.0485127670275224,0.1,0.01,anisotropic,0.0125,0.01,6,100000,80.41411209106445,38.91139282052932,0.9874380233268564,67.8028428932303,37.86489982034476,0.9890725473008196,86.27743073544484,19.339122555142332
985,0.05,True,495.99582488999226,455.0923686107541,0.0933377699559835,0.1,0.01,anisotropic,0.0125,0.0046415888336127,5,100000,79.96832323074341,39.88805337266368,0.9710593345858752,25.099729297435417,40.90523940422117,0.9846096241374684,19.858682594713983,11.832680343454994
986,0.05,True,688.7139940313083,919.6434596555754,0.0472433156895144,0.1,0.01,anisotropic,0.0125,0.1,9,100000,80.1019675731659,35.70094077173713,0.9829398754588792,127.27395240260688,35.722382413492056,0.985723271385933,126.64713417900325,15.834201831213091
987,0.05,True,435.3925112651425,406.561635023905,0.0670111496715476,0.1,0.01,anisotropic,0.0125,0.1,9,100000,79.91378402709961,41.049572396755735,0.987162749951654,14.868675920659804,41.78208868439108,0.9908308277513774,12.560897360796352,8.103803781041472
988,0.05,True,247.1556312058677,169.56235844278538,0.0889279320769425,0.1,0.01,anisotropic,0.0125,0.0046415888336127,5,100000,79.8750729560852,34.393374149264005,0.9415647853366472,21.20565943555448,35.09223047566348,0.96963296084793,18.05369701583837,5.045506588360135
989,0.05,True,819.2832153565255,821.4173388657999,0.0658633516954684,0.1,0.01,anisotropic,0.0125,0.1,9,100000,79.30155515670776,45.03829722757567,0.9917813301158988,21.030551341974867,45.52688743316432,0.9959096191135732,18.792806317076785,18.78707345386069
990,0.05,True,799.6164630900103,1146.6195528181026,0.0413528618236445,0.1,0.01,anisotropic,0.0125,0.0001,0,100000,80.65477347373962,29.486022379671063,0.9434446198409218,714.468695104936,29.71948786657612,0.943610791356695,677.0748091133488,35.02745240920311
991,0.05,True,695.0017743835723,727.3229649428199,0.0848960622705454,0.1,0.01,anisotropic,0.0125,0.0021544346900318,4,100000,79.90676188468933,36.12785439825687,0.949349088710464,105.215435452494,35.30076097774308,0.959567982455468,127.28839164381642,24.70738833588015
992,0.05,True,272.8729920927327,259.24461877239975,0.0696276100615779,0.1,0.01,anisotropic,0.0125,0.0215443469003188,7,100000,80.38091897964478,41.45247349878215,0.9768549473023894,5.305532973208534,41.11045367903546,0.9822970355958917,5.740252546826578,6.4313747334022
993,0.05,True,590.640436202218,585.4956677861752,0.0466698482319932,0.1,0.01,anisotropic,0.0125,0.2154434690031882,10,100000,79.52324724197388,40.63693551472088,0.9907922222320484,30.11044998537109,41.08703736283861,0.992008834377913,27.146076026301223,9.590186987591778
994,0.05,True,361.6129230430868,391.9613559323764,0.0467972301586365,0.1,0.01,anisotropic,0.0125,0.0215443469003188,7,100000,80.3128273487091,40.74602148295104,0.973224589439362,10.951367207108415,40.469491485334,0.9843322808891704,11.671356673107312,10.111845674831915
995,0.05,True,92.49049125330752,89.58375943603359,0.0667863070929448,0.1,0.01,anisotropic,0.0125,0.0046415888336127,5,100000,80.91710805892944,37.95578671571783,0.9706573989826964,1.341557451410634,38.348364849423845,0.9715306416698936,1.225607648207676,2.435896871484714
996,0.05,True,917.3962618867804,838.5335167142674,0.0439514888929439,0.1,0.01,anisotropic,0.0125,0.001,3,100000,79.85215592384338,34.17990416840025,0.9417311418400924,316.78128765164183,33.19059676283356,0.9452269612150012,397.8233409888625,24.58822455316862
997,0.05,True,137.68181228804244,125.53295498790138,0.0787040390229854,0.1,0.01,anisotropic,0.0125,0.0215443469003188,7,100000,79.53663849830627,38.60330358078232,0.9923710240477251,2.6085912882903592,37.72861323503415,0.991366719432764,3.190619933537149,2.931405066442182
998,0.05,True,950.2871164669816,899.0077293483425,0.0706529656745493,0.1,0.01,anisotropic,0.0125,0.0215443469003188,7,100000,79.8231291770935,33.88909982608062,0.9857923862858504,368.0476604062562,33.359097641030736,0.9837471077611886,415.8189523412795,22.283512419436075
999,0.05,True,446.5597671849978,468.3100344221429,0.0569837599674077,0.1,0.01,anisotropic,0.0125,0.0464158883361277,8,100000,80.14461159706116,39.75563867845554,0.9794875151235414,21.039366132667872,41.40059821485637,0.9868874522403002,14.405777334872994,10.346823118747082
