sample_idx,sigma_y_tomo,procedure,scale,alpha_norm,sigma_used,reg_param,alpha_init,reg_fct_type,sampling_param,best_anis_param,best_anis_idx,ula_samples,time_ula,psnr_map,ssim_map,mse_map,psnr_mean,ssim_mean,mse_mean,post_std_mean
0,1.0,False,1.0,1.0,1.0,0.1,0.01,anisotropic,0.0125,0.0046415888336127,5,100000,100.80843329429626,28.55555702647473,0.9101226283363246,0.0013640471585162,28.0478498760143,0.909761387486005,0.0015332045530239,0.0316323397562908
1,1.0,False,1.0,1.0,1.0,0.1,0.01,anisotropic,0.0125,0.01,6,100000,100.59279227256776,30.162941383525272,0.9150228587641844,0.0009620036598211,30.165694739924355,0.958015046644236,0.0009613939584338,0.0334222818672358
2,1.0,False,1.0,1.0,1.0,0.1,0.01,anisotropic,0.0125,0.0046415888336127,5,100000,101.56399178504944,30.83481651064321,0.9043421545144248,0.0007691600155103,29.704016563209205,0.8893920527119147,0.0009979222232503,0.0300466428393957
3,1.0,False,1.0,1.0,1.0,0.1,0.01,anisotropic,0.0125,0.0021544346900318,4,100000,100.4461042881012,32.13127177005415,0.9234488431303306,0.0005652492017927,31.708813793856045,0.9389939734386648,0.00062299671311,0.0338851185292225
4,1.0,False,1.0,1.0,1.0,0.1,0.01,anisotropic,0.0125,0.001,3,100000,102.5738241672516,29.940047814901188,0.9088890967809636,0.000999191423035,30.269145869959,0.9592099065938402,0.0009262727589471,0.0329365053794461
5,1.0,False,1.0,1.0,1.0,0.1,0.01,anisotropic,0.0125,0.0046415888336127,5,100000,102.19398093223572,32.57541450139411,0.9321111587409422,0.0005111223964793,31.196478895836066,0.9310032129917556,0.0007021315235218,0.0323428234935989
6,1.0,False,1.0,1.0,1.0,0.1,0.01,anisotropic,0.0125,0.0004641588833612,2,100000,99.87247443199158,28.986146719375803,0.8660523007334764,0.0010336584468428,29.303019131272976,0.907370205973557,0.0009609257176919,0.0343029445303182
7,1.0,False,1.0,1.0,1.0,0.1,0.01,anisotropic,0.0125,0.01,6,100000,102.19479727745056,35.53084096072141,0.9529226552813,0.0002770308756336,37.65530090190463,0.9804470885973768,0.0001698565037875,0.0258632788636924
8,1.0,False,1.0,1.0,1.0,0.1,0.01,anisotropic,0.0125,0.01,6,100000,102.23227071762084,31.99004213050456,0.9397968274689176,0.0006270342702392,31.36232252025417,0.9529088033437824,0.000724541454592,0.0319225614972514
9,1.0,False,1.0,1.0,1.0,0.1,0.01,anisotropic,0.0125,0.0046415888336127,5,100000,100.35696935653688,27.262992563495043,0.8695789194332538,0.001851848798156,27.119978666495648,0.9091755148448158,0.0019138456691636,0.0390197194172178
10,1.0,False,1.0,1.0,1.0,0.1,0.01,anisotropic,0.0125,0.0021544346900318,4,100000,100.4899082183838,33.24872577874908,0.955313166103108,0.0004677356363748,30.53485350807648,0.9217041181807,0.0008737510019281,0.0356734624985341
11,1.0,False,1.0,1.0,1.0,0.1,0.01,anisotropic,0.0125,0.1,9,100000,101.06111788749696,36.00085664018222,0.9774684588264806,0.0002507725984477,35.913723307461915,0.9854654892552532,0.0002558547082598,0.0279661294745404
12,1.0,False,1.0,1.0,1.0,0.1,0.01,anisotropic,0.0125,0.0046415888336127,5,100000,102.51555156707764,30.292216328431284,0.9602115014397192,0.0009285650116045,31.6279598232962,0.9757561522608916,0.0006827126750347,0.0297803180179699
13,1.0,False,1.0,1.0,1.0,0.1,0.01,anisotropic,0.0125,0.0004641588833612,2,100000,100.6741976737976,28.21936489156492,0.908104256049126,0.0015023165089364,28.94495760756581,0.9319897716024012,0.0012711657069801,0.0391820601990218
14,1.0,False,1.0,1.0,1.0,0.1,0.01,anisotropic,0.0125,0.0464158883361277,8,100000,102.5865089893341,36.33122213328557,0.9807497079983566,0.0002324436553095,35.202355409480724,0.9847518105105406,0.0003014424207345,0.0307526210747033
15,1.0,False,1.0,1.0,1.0,0.1,0.01,anisotropic,0.0125,0.01,6,100000,101.03586792945862,37.94855988230496,0.959151515358266,0.0001601168189799,33.247832109782024,0.9453714822523096,0.0004726174261334,0.0282510821109467
16,1.0,False,1.0,1.0,1.0,0.1,0.01,anisotropic,0.0125,0.0215443469003188,7,100000,100.58501315116882,37.23162715453884,0.9768268442300192,0.0001885419973831,35.592427976753974,0.976932681419622,0.0002749970413777,0.0261742035932804
17,1.0,False,1.0,1.0,1.0,0.1,0.01,anisotropic,0.0125,0.0464158883361277,8,100000,98.78281426429749,39.460186967034254,0.9739228002478032,0.0001131156831425,39.960221850348,0.9901718808358256,0.0001008136489618,0.0286393670024049
18,1.0,False,1.0,1.0,1.0,0.1,0.01,anisotropic,0.0125,0.0046415888336127,5,100000,100.525710105896,34.98246890265273,0.948606450273884,0.0003064029604692,35.7973428041802,0.9764315408730254,0.0002539835370344,0.031285367968615
19,1.0,False,1.0,1.0,1.0,0.1,0.01,anisotropic,0.0125,0.01,6,100000,99.34602093696594,31.475615304963892,0.9251734757348818,0.0006882069245476,31.506100836506292,0.9583822725747966,0.000683392935326,0.0274014087518404
20,1.0,False,1.0,1.0,1.0,0.1,0.01,anisotropic,0.0125,0.01,6,100000,99.86177897453308,31.18219338404312,0.8857104317323725,0.0006517463457278,31.405290746494483,0.927267725452542,0.000619111496363,0.03495116371789
21,1.0,False,1.0,1.0,1.0,0.1,0.01,anisotropic,0.0125,0.0464158883361277,8,100000,102.50265860557556,39.06667927792737,0.989395980041562,0.0001238397747582,38.96158336982309,0.9932630049292002,0.0001268731563121,0.0253567348609262
22,1.0,False,1.0,1.0,1.0,0.1,0.01,anisotropic,0.0125,0.0046415888336127,5,100000,101.87435960769652,32.02770271601668,0.9258453499589886,0.0006150217457018,31.038296166413755,0.932402227381282,0.0007723801902752,0.0349091187554761
23,1.0,False,1.0,1.0,1.0,0.1,0.01,anisotropic,0.0125,0.0464158883361277,8,100000,99.7709174156189,34.96022646487799,0.9601874767805954,0.0003185131687345,35.04608556408477,0.9810623474342574,0.0003122780672481,0.0303306831559475
24,1.0,False,1.0,1.0,1.0,0.1,0.01,anisotropic,0.0125,0.01,6,100000,101.83082795143127,31.20645958655624,0.9512389480503474,0.0007543367814518,31.39391737283023,0.9683523920261952,0.0007224694805287,0.0314780419989285
25,1.0,False,1.0,1.0,1.0,0.1,0.01,anisotropic,0.0125,0.0046415888336127,5,100000,100.9693865776062,35.76200907721174,0.9304404107331103,0.0002640470436541,34.75033563270417,0.9392744663012867,0.0003333102380825,0.0321022302669958
26,1.0,False,1.0,1.0,1.0,0.1,0.01,anisotropic,0.0125,0.0215443469003188,7,100000,100.05913853645325,29.52260571646491,0.8997612072054799,0.0009297712550921,29.77773620788713,0.9207174880328018,0.000876724344895,0.0285522998858549
27,1.0,False,1.0,1.0,1.0,0.1,0.01,anisotropic,0.0125,0.0004641588833612,2,100000,100.73754596710204,32.54076710791896,0.9578831331726058,0.0005564232307192,31.042686466491656,0.9472303837809006,0.0007856214230342,0.0388877667547496
28,1.0,False,1.0,1.0,1.0,0.1,0.01,anisotropic,0.0125,0.001,3,100000,100.59959602355956,30.395803742533893,0.8915681946381122,0.0007965108875084,30.42089342940457,0.9061040549652332,0.0007919226196248,0.0380160005854367
29,1.0,False,1.0,1.0,1.0,0.1,0.01,anisotropic,0.0125,0.01,6,100000,99.81755137443542,35.100300485734294,0.9745774979247844,0.0003086351883594,34.9706360863223,0.9882749925141124,0.0003179888408629,0.028424456324083
30,1.0,False,1.0,1.0,1.0,0.1,0.01,anisotropic,0.0125,0.0215443469003188,7,100000,100.23644399642944,27.725971156806278,0.934121619876471,0.0016855472832572,28.03070898858163,0.9571149960118684,0.0015713291120099,0.0262451102603676
31,1.0,False,1.0,1.0,1.0,0.1,0.01,anisotropic,0.0125,0.0046415888336127,5,100000,100.69414448738098,29.79620463521362,0.927976672530612,0.0010380834861943,29.00765907875217,0.9226494280828488,0.0012447634796878,0.0340051976676485
32,1.0,False,1.0,1.0,1.0,0.1,0.01,anisotropic,0.0125,0.1,9,100000,100.19723415374756,37.557758793138575,0.9829406137602248,0.0001752914993601,36.96815646254143,0.9895706367665882,0.0002007802953988,0.0251169319143496
33,1.0,False,1.0,1.0,1.0,0.1,0.01,anisotropic,0.0125,0.0464158883361277,8,100000,99.66432237625122,33.95171768234812,0.9819761132652296,0.0004021869253852,34.057417191228595,0.9860384225739768,0.000392516571894,0.0254842464386501
34,1.0,False,1.0,1.0,1.0,0.1,0.01,anisotropic,0.0125,0.1,9,100000,98.94302129745483,34.542149257500064,0.9726947706836236,0.0003508650781454,34.89783586829826,0.9855504550580452,0.0003232745260333,0.0256508058373977
35,1.0,False,1.0,1.0,1.0,0.1,0.01,anisotropic,0.0125,0.0215443469003188,7,100000,103.55569696426392,28.735645147752408,0.9310051407374944,0.0013361667555259,29.39081974456105,0.9521908039837114,0.0011490613116751,0.0339554709556961
36,1.0,False,1.0,1.0,1.0,0.1,0.01,anisotropic,0.0125,0.0021544346900318,4,100000,101.47996425628662,31.427834768424884,0.9488196894006934,0.0007051305682188,30.425299657147477,0.9463684607402758,0.0008882251241551,0.0305816255793455
37,1.0,False,1.0,1.0,1.0,0.1,0.01,anisotropic,0.0125,0.0046415888336127,5,100000,99.44498991966248,28.836508817415822,0.9375842208398172,0.0013015915400761,29.99973785434377,0.959232297854926,0.0009957534355136,0.030497085511975
38,1.0,False,1.0,1.0,1.0,0.1,0.01,anisotropic,0.0125,0.0046415888336127,5,100000,99.80510354042052,31.830388932260558,0.9199172331204648,0.0006489785948948,32.68095019293469,0.949156424305048,0.0005335489219499,0.0298373409999262
39,1.0,False,1.0,1.0,1.0,0.1,0.01,anisotropic,0.0125,0.0046415888336127,5,100000,99.89095711708067,31.23085181217556,0.9514189620576026,0.000748389642795,29.96360871043897,0.9560387333833829,0.0010019639096672,0.0337434224089317
40,1.0,False,1.0,1.0,1.0,0.1,0.01,anisotropic,0.0125,0.0464158883361277,8,100000,100.51481866836548,32.33652645004326,0.9512922253086,0.0005830029339712,33.25473101681256,0.9762562930931166,0.0004719003328642,0.0273174092614674
41,1.0,False,1.0,1.0,1.0,0.1,0.01,anisotropic,0.0125,0.01,6,100000,99.57364153862,30.24406453122561,0.9595555329357204,0.0009399422290861,30.744128645906407,0.9686424430995888,0.0008377120262718,0.0336836517513579
42,1.0,False,1.0,1.0,1.0,0.1,0.01,anisotropic,0.0125,0.0215443469003188,7,100000,99.7646586894989,36.66124939951352,0.9630205184936635,0.0002142075726916,32.707393113097595,0.9076469466498124,0.0005323784269134,0.0339042854676625
43,1.0,False,1.0,1.0,1.0,0.1,0.01,anisotropic,0.0125,0.0464158883361277,8,100000,99.79023051261902,37.34434494755882,0.9556912710435612,0.0001839386702325,39.140754196237225,0.9804537436288104,0.0001216275945194,0.0312781060810905
44,1.0,False,1.0,1.0,1.0,0.1,0.01,anisotropic,0.0125,0.0021544346900318,4,100000,101.07707738876344,29.316216125709104,0.8919553174620677,0.0011327119662851,29.52450906547817,0.9094539942858562,0.0010796679128503,0.0381964242519038
45,1.0,False,1.0,1.0,1.0,0.1,0.01,anisotropic,0.0125,0.0046415888336127,5,100000,99.42108368873596,33.59015750189625,0.9400696088593072,0.0004256042337491,33.13516330406559,0.9619101213220888,0.0004726126690051,0.0286732278570388
46,1.0,False,1.0,1.0,1.0,0.1,0.01,anisotropic,0.0125,0.0046415888336127,5,100000,100.62872195243835,29.998163046017517,0.9135369163493602,0.0009700242046503,28.20232145354208,0.8962730976782283,0.0014667859132988,0.0314169308422543
47,1.0,False,1.0,1.0,1.0,0.1,0.01,anisotropic,0.0125,0.0046415888336127,5,100000,100.7724769115448,31.528779644382187,0.9381660689888082,0.0006933006802681,30.603917491509765,0.9462799843413484,0.0008578430589488,0.0315137285628381
48,1.0,False,1.0,1.0,1.0,0.1,0.01,anisotropic,0.0125,0.0046415888336127,5,100000,99.6659369468689,31.635067515833395,0.9562196725003924,0.0006830210539809,29.78947249682762,0.9291037494614126,0.0010447048065082,0.034741111838282
49,1.0,False,1.0,1.0,1.0,0.1,0.01,anisotropic,0.0125,0.0215443469003188,7,100000,100.96027088165285,30.469209936718464,0.9635348674984036,0.0008944394949518,30.158398222010355,0.9585463657450024,0.000960798107997,0.0320326718844349
50,1.0,False,1.0,1.0,1.0,0.1,0.01,anisotropic,0.0125,0.0046415888336127,5,100000,103.33935856819151,31.0590343827088,0.8969814786066137,0.0007000558085233,31.395091768766623,0.9425497694719708,0.0006479282633871,0.0392267888751546
51,1.0,False,1.0,1.0,1.0,0.1,0.01,anisotropic,0.0125,0.0215443469003188,7,100000,103.6339168548584,35.51649544382575,0.964730399318518,0.0002792344394926,36.30173370277109,0.9814701015022864,0.0002330478792852,0.0284423918368795
52,1.0,False,1.0,1.0,1.0,0.1,0.01,anisotropic,0.0125,0.0046415888336127,5,100000,103.672101020813,33.08920558711493,0.9450477959267466,0.0003834465199803,32.939458023651426,0.959970732468495,0.0003968985908348,0.0313256185390685
53,1.0,False,1.0,1.0,1.0,0.1,0.01,anisotropic,0.0125,0.0464158883361277,8,100000,102.6854419708252,34.563661910903235,0.9721662169229782,0.000349252443131,34.34997538321022,0.9825187804883948,0.0003668665415077,0.0292842451546066
54,1.0,False,1.0,1.0,1.0,0.1,0.01,anisotropic,0.0125,0.01,6,100000,103.3262825012207,29.774044423056324,0.955259695276334,0.0010524270235348,30.787693635290783,0.9750600861738492,0.000833349290231,0.0319620186828358
55,1.0,False,1.0,1.0,1.0,0.1,0.01,anisotropic,0.0125,0.01,6,100000,103.26378679275513,34.41496010520184,0.937795991645311,0.0003586993783928,34.18092551558037,0.9673771771291771,0.0003785594422047,0.0326513426264136
56,1.0,False,1.0,1.0,1.0,0.1,0.01,anisotropic,0.0125,0.01,6,100000,103.71467423439026,32.26618627444282,0.9342734583926892,0.0005895215565677,31.391262937693,0.9571842307798676,0.0007210942356956,0.0284424089212377
57,1.0,False,1.0,1.0,1.0,0.1,0.01,anisotropic,0.0125,0.0046415888336127,5,100000,103.73661684989928,30.211807164816108,0.8954337546772929,0.0007140162314471,29.6613394615527,0.9182547491078552,0.000810503425825,0.0328750098132763
58,1.0,False,1.0,1.0,1.0,0.1,0.01,anisotropic,0.0125,0.0464158883361277,8,100000,103.09817004203796,34.066157867494894,0.9609606148954848,0.0003919745788642,34.08926112181487,0.977924410452087,0.0003898949200116,0.0345743964290725
59,1.0,False,1.0,1.0,1.0,0.1,0.01,anisotropic,0.0125,0.01,6,100000,103.1700792312622,35.38318978607547,0.9562121659968148,0.0002893924230711,36.25692701159385,0.9787989325011452,0.0002366537733967,0.0321428581488329
60,1.0,False,1.0,1.0,1.0,0.1,0.01,anisotropic,0.0125,0.0046415888336127,5,100000,102.66939544677734,32.85925598140785,0.9338663145368412,0.0004899649525849,31.91790164065416,0.9486990635608784,0.000608555861651,0.0342072266077315
61,1.0,False,1.0,1.0,1.0,0.1,0.01,anisotropic,0.0125,0.01,6,100000,104.61468768119812,28.43363489301035,0.8940242296471869,0.0013168224430511,28.027470427372265,0.9036422059210362,0.0014459180070052,0.0310818897464288
62,1.0,False,1.0,1.0,1.0,0.1,0.01,anisotropic,0.0125,0.0215443469003188,7,100000,102.633455991745,31.34254934151633,0.9549113589400964,0.0007329983665178,33.07912408547156,0.981703648919486,0.0004914117453268,0.0288707958817078
63,1.0,False,1.0,1.0,1.0,0.1,0.01,anisotropic,0.0125,0.0215443469003188,7,100000,103.64674258232117,26.03970245938068,0.8816434585681124,0.0024694020421056,26.17718035787545,0.9036165733064008,0.0023924562961266,0.0308618911313075
64,1.0,False,1.0,1.0,1.0,0.1,0.01,anisotropic,0.0125,0.0215443469003188,7,100000,103.96693754196168,27.26000021317521,0.9093988496177956,0.0018779558828839,27.260964473020508,0.9305252957257814,0.0018775389684376,0.0339003135953373
65,1.0,False,1.0,1.0,1.0,0.1,0.01,anisotropic,0.0125,0.01,6,100000,106.0985622406006,34.55256769506701,0.9659415969940236,0.0003435046280599,33.648616756606415,0.97171766625965,0.0004229876491475,0.0293712031824727
66,1.0,False,1.0,1.0,1.0,0.1,0.01,anisotropic,0.0125,0.0464158883361277,8,100000,103.00985884666444,33.540880488515924,0.9730886245326194,0.0004421897362129,33.168130523712435,0.9813389238137086,0.0004818187031043,0.0281106251650866
67,1.0,False,1.0,1.0,1.0,0.1,0.01,anisotropic,0.0125,0.0021544346900318,4,100000,103.04114246368408,31.62894664577489,0.937926902529772,0.0006214731781452,29.011668161676766,0.9284725598539194,0.0011354035252043,0.0338314542800313
68,1.0,False,1.0,1.0,1.0,0.1,0.01,anisotropic,0.0125,0.001,3,100000,103.64610719680786,31.01786624034961,0.9186093682012356,0.0006769297205197,29.84752172705477,0.921776668441665,0.0008862944576416,0.0366826606318522
69,1.0,False,1.0,1.0,1.0,0.1,0.01,anisotropic,0.0125,0.0046415888336127,5,100000,102.28863048553468,31.141658401885,0.9341462705253772,0.0007637782069614,30.942069798199228,0.9500687756989874,0.0007996982078867,0.0332442242067701
70,1.0,False,1.0,1.0,1.0,0.1,0.01,anisotropic,0.0125,0.0464158883361277,8,100000,102.8196656703949,33.72351908254836,0.981357843191995,0.0004237901091495,33.185556393348755,0.9844869492004424,0.0004796750012976,0.0263604068740358
71,1.0,False,1.0,1.0,1.0,0.1,0.01,anisotropic,0.0125,0.0004641588833612,2,100000,103.70468068122864,26.50546492602208,0.855833884285777,0.0021499844304437,25.905526290518672,0.8672678231190845,0.0024684775308886,0.0447786874470428
72,1.0,False,1.0,1.0,1.0,0.1,0.01,anisotropic,0.0125,0.0464158883361277,8,100000,102.90448045730592,40.16738472676332,0.9900289950596116,9.61666981310744e-05,39.04448131658965,0.9868287180343306,0.000124541773504,0.0254368845547666
73,1.0,False,1.0,1.0,1.0,0.1,0.01,anisotropic,0.0125,0.01,6,100000,103.96244883537292,26.77814697931272,0.905369239821615,0.0020645290884466,27.065762535522477,0.9338760965485646,0.0019322328027465,0.0311661001376138
74,1.0,False,1.0,1.0,1.0,0.1,0.01,anisotropic,0.0125,0.0001,0,100000,103.76799941062929,27.593740829224096,0.8433102916934819,0.001696659717958,27.471694380589987,0.8639484812904352,0.0017450159215455,0.0465293715739924
75,1.0,False,1.0,1.0,1.0,0.1,0.01,anisotropic,0.0125,0.0215443469003188,7,100000,102.35710597038268,35.930507526107164,0.9726270521363908,0.0002547168732545,35.695208146930604,0.980227574957459,0.0002688980500433,0.0382202880990046
76,1.0,False,1.0,1.0,1.0,0.1,0.01,anisotropic,0.0125,0.0215443469003188,7,100000,102.6150200366974,29.309643487429987,0.9623495197079956,0.001169170872989,28.95514530298541,0.966694534826536,0.0012686090518886,0.0253243695124944
77,1.0,False,1.0,1.0,1.0,0.1,0.01,anisotropic,0.0125,0.0215443469003188,7,100000,104.31520438194276,34.91587817627476,0.9596269507772722,0.0003220579358186,34.225148483618575,0.9712686673469892,0.000377578254397,0.027158442262597
78,1.0,False,1.0,1.0,1.0,0.1,0.01,anisotropic,0.0125,0.001,3,100000,103.32550024986269,31.203632285180483,0.9300761132910972,0.0007560996971133,30.43449843822598,0.9455263318691012,0.0009025940136445,0.0379049485558204
79,1.0,False,1.0,1.0,1.0,0.1,0.01,anisotropic,0.0125,0.01,6,100000,102.80168676376344,29.92569404298084,0.9078361722668824,0.0009459443995381,30.05400422636892,0.926650205414485,0.0009184057454657,0.033092811674285
80,1.0,False,1.0,1.0,1.0,0.1,0.01,anisotropic,0.0125,0.0046415888336127,5,100000,102.89740228652954,28.84021206715751,0.9210275218232388,0.0012448680097837,28.066889132474884,0.8996857124173863,0.0014874952932123,0.0337506239310149
81,1.0,False,1.0,1.0,1.0,0.1,0.01,anisotropic,0.0125,0.01,6,100000,104.08530497550964,31.02115439937092,0.934125250252396,0.000784572443253,31.329055087863523,0.9545467286363783,0.0007308747888396,0.0296025576041914
82,1.0,False,1.0,1.0,1.0,0.1,0.01,anisotropic,0.0125,0.0464158883361277,8,100000,103.4930055141449,39.30055201952519,0.9886444581189718,0.0001172448579836,38.86086060737052,0.9906064964326782,0.0001297367296259,0.0262042556923682
83,1.0,False,1.0,1.0,1.0,0.1,0.01,anisotropic,0.0125,0.0215443469003188,7,100000,103.75537633895874,35.945428267878754,0.946815477329857,0.0002518389777913,33.92115280416841,0.9511114790013708,0.0004013751623705,0.0311070880641158
84,1.0,False,1.0,1.0,1.0,0.1,0.01,anisotropic,0.0125,0.01,6,100000,103.8404974937439,32.90829325191176,0.9523265830580466,0.0005109082105422,33.06882951810089,0.9732425265266712,0.0004923673605251,0.0276850453131019
85,1.0,False,1.0,1.0,1.0,0.1,0.01,anisotropic,0.0125,0.0046415888336127,5,100000,104.00425505638124,26.59941255844862,0.8769307243731977,0.0021736930095702,25.830705705567247,0.8663370632336835,0.0025945909206194,0.0341388248203457
86,1.0,False,1.0,1.0,1.0,0.1,0.01,anisotropic,0.0125,0.0021544346900318,4,100000,104.18019938468932,30.581505609508053,0.9095937022864592,0.0008353054346975,30.635575061472725,0.9301581159342568,0.0008249703915125,0.0371750024673186
87,1.0,False,1.0,1.0,1.0,0.1,0.01,anisotropic,0.0125,0.0046415888336127,5,100000,103.56019639968872,31.666122441612284,0.9127090100835272,0.0006533361489996,31.8020881177847,0.9229391027053752,0.0006331988547463,0.0348610062119992
88,1.0,False,1.0,1.0,1.0,0.1,0.01,anisotropic,0.0125,0.0464158883361277,8,100000,102.8233678340912,36.07608960109787,0.979432290234453,0.0002465828623555,36.17990660203856,0.9843022922355346,0.0002407582564319,0.0250521656580895
89,1.0,False,1.0,1.0,1.0,0.1,0.01,anisotropic,0.0125,0.01,6,100000,103.85634994506836,31.44053538089338,0.9604124425460998,0.0007105629851521,30.46310599723187,0.966826097664244,0.0008899088355277,0.0274984113296348
90,1.0,False,1.0,1.0,1.0,0.1,0.01,anisotropic,0.0125,0.0021544346900318,4,100000,104.59788107872008,33.6298598787519,0.9446248670993832,0.0004265866993379,33.52464885113643,0.9580009548668288,0.0004370472713335,0.0331927227443055
91,1.0,False,1.0,1.0,1.0,0.1,0.01,anisotropic,0.0125,0.01,6,100000,103.85594630241394,35.587452759871645,0.968788119886496,0.0002758360357991,35.345092791144445,0.973763486120974,0.0002916668018302,0.027918197334505
92,1.0,False,1.0,1.0,1.0,0.1,0.01,anisotropic,0.0125,0.0464158883361277,8,100000,102.7903184890747,36.30451903019512,0.9800010773887364,0.0002340339233862,35.8896418418088,0.9886860899470098,0.0002574936551295,0.0262168927134267
93,1.0,False,1.0,1.0,1.0,0.1,0.01,anisotropic,0.0125,0.0464158883361277,8,100000,103.38732194900513,36.6903874015108,0.9771576770434875,0.0002141512342849,36.3978932080727,0.9831490177830428,0.0002290709416974,0.029220898014494
94,1.0,False,1.0,1.0,1.0,0.1,0.01,anisotropic,0.0125,0.0021544346900318,4,100000,102.59192204475404,28.514240263616426,0.8335719866780271,0.001367899809498,28.88025729252962,0.8879740800118048,0.0012573395776287,0.0384874423320458
95,1.0,False,1.0,1.0,1.0,0.1,0.01,anisotropic,0.0125,0.0464158883361277,8,100000,102.9855694770813,34.157745524516734,0.9743105865988232,0.0003831186359946,34.5288670589825,0.9853747524784456,0.0003517394858157,0.0239353626789559
96,1.0,False,1.0,1.0,1.0,0.1,0.01,anisotropic,0.0125,0.0021544346900318,4,100000,103.80739855766296,33.68991597440788,0.9393014732471742,0.0004272019982114,31.599265277482388,0.913955474353599,0.000691350601614,0.0322764679779214
97,1.0,False,1.0,1.0,1.0,0.1,0.01,anisotropic,0.0125,0.0464158883361277,8,100000,103.82333469390868,39.78330630100879,0.9927000446961608,0.0001049886825428,39.595326246783145,0.9923623262103198,0.0001096327963044,0.024550954800776
98,1.0,False,1.0,1.0,1.0,0.1,0.01,anisotropic,0.0125,0.0021544346900318,4,100000,104.04229998588562,28.44015074523446,0.8829678257322231,0.0014131038302351,28.30157403488076,0.9041363742300602,0.001458920895648,0.0388953272270546
99,1.0,False,1.0,1.0,1.0,0.1,0.01,anisotropic,0.0125,0.0464158883361277,8,100000,103.43796920776369,35.49202367797187,0.9686284288255734,0.0002821974047917,35.31980096777046,0.9822240993800128,0.0002936130040699,0.0347365082188227
100,1.0,False,1.0,1.0,1.0,0.1,0.01,anisotropic,0.0125,0.1,9,100000,96.79988050460815,34.88394522697534,0.9684864499221616,0.0003246010556586,34.662064981994405,0.9830438043547084,0.0003416158027119,0.0251340747268133
101,1.0,False,1.0,1.0,1.0,0.1,0.01,anisotropic,0.0125,0.01,6,100000,96.81440782546996,30.158623361848367,0.8959438622128428,0.0004361662126106,28.688254720009468,0.8840856682574193,0.00061191187918,0.0257747465715979
102,1.0,False,1.0,1.0,1.0,0.1,0.01,anisotropic,0.0125,0.0046415888336127,5,100000,98.77764344215392,29.296389243844448,0.9036322975159898,0.000995560861451,27.8717597735973,0.8786467848617128,0.0013820722970702,0.0325713286727337
103,1.0,False,1.0,1.0,1.0,0.1,0.01,anisotropic,0.0125,0.0046415888336127,5,100000,97.6885416507721,33.32431595674278,0.9563622483870068,0.0004650356939838,31.70032242023123,0.9381474803093264,0.0006759049737093,0.0343164655206529
104,1.0,False,1.0,1.0,1.0,0.1,0.01,anisotropic,0.0125,0.0001,0,100000,97.90249514579772,26.590249072274283,0.8449535756804119,0.0020844604175577,27.062169578279104,0.877278466498244,0.0018698277550018,0.040617461281834
105,1.0,False,1.0,1.0,1.0,0.1,0.01,anisotropic,0.0125,0.01,6,100000,97.75643706321716,28.10210040752432,0.9568413593961996,0.0015424473391445,27.499250484290314,0.9483869622936424,0.0017721290217986,0.0294778698891557
106,1.0,False,1.0,1.0,1.0,0.1,0.01,anisotropic,0.0125,0.0215443469003188,7,100000,97.67675590515135,30.577082478129427,0.9637503971402022,0.0008740529396669,30.101840030330703,0.9600351368033236,0.0009751287983141,0.0264175365878246
107,1.0,False,1.0,1.0,1.0,0.1,0.01,anisotropic,0.0125,0.0021544346900318,4,100000,98.6284601688385,34.13845669776799,0.949936506510724,0.0003855936578195,34.720006087097715,0.9705357473830653,0.0003372678492528,0.0292420318165226
108,1.0,False,1.0,1.0,1.0,0.1,0.01,anisotropic,0.0125,0.0464158883361277,8,100000,98.15799450874329,32.75335535742417,0.9609956558046284,0.0005299319967326,33.001810485091525,0.973905185796612,0.0005004660593342,0.0328637864778618
109,1.0,False,1.0,1.0,1.0,0.1,0.01,anisotropic,0.0125,0.01,6,100000,97.61332607269289,29.83116685770866,0.948919942179436,0.0010385727143496,29.20414993737101,0.9571641404244554,0.0011998821719095,0.0302650107719612
110,1.0,False,1.0,1.0,1.0,0.1,0.01,anisotropic,0.0125,0.0215443469003188,7,100000,97.06874561309814,36.21476962456956,0.9688019032200744,0.0002387136455833,36.54961475219946,0.9789947648532936,0.000221000233488,0.0327356054851014
111,1.0,False,1.0,1.0,1.0,0.1,0.01,anisotropic,0.0125,0.0001,0,100000,99.07261419296265,29.198029475949024,0.8842518593285018,0.0009473454974871,30.15616876348268,0.9015736241816718,0.0007597915628629,0.0316681251710074
112,1.0,False,1.0,1.0,1.0,0.1,0.01,anisotropic,0.0125,0.0021544346900318,4,100000,101.00972080230711,27.62507069173834,0.8866314052043662,0.0017088824963705,27.60496073682828,0.8996500114796966,0.001716813805418,0.0403963389586479
113,1.0,False,1.0,1.0,1.0,0.1,0.01,anisotropic,0.0125,0.0464158883361277,8,100000,97.71450066566469,36.50175980813771,0.9784036380104404,0.0002237376846849,35.92242029849344,0.9872103577608934,0.000255666066949,0.0280894204637169
114,1.0,False,1.0,1.0,1.0,0.1,0.01,anisotropic,0.0125,0.0021544346900318,4,100000,98.67253398895264,31.12216294349313,0.9151748497704888,0.0007591285076386,30.166304926906783,0.924127855709602,0.0009460217088584,0.0430384306467611
115,1.0,False,1.0,1.0,1.0,0.1,0.01,anisotropic,0.0125,0.0215443469003188,7,100000,97.35016989707948,30.26516057920762,0.9194877519027276,0.0009384635767435,30.459273449068988,0.9545827606672792,0.0008974414712528,0.0386526188265937
116,1.0,False,1.0,1.0,1.0,0.1,0.01,anisotropic,0.0125,0.0046415888336127,5,100000,97.31725454330444,30.22057293438751,0.9367720490191817,0.0009468276432956,29.28786102252924,0.9432216838970604,0.0011736595046332,0.0354215177057135
117,1.0,False,1.0,1.0,1.0,0.1,0.01,anisotropic,0.0125,0.0464158883361277,8,100000,97.6264488697052,37.3832083503659,0.9785325670769964,0.0001826489612549,37.11414547020704,0.985006271037422,0.0001943226814683,0.0251894220461001
118,1.0,False,1.0,1.0,1.0,0.1,0.01,anisotropic,0.0125,0.01,6,100000,98.30391716957092,33.441141590371195,0.9666312521615724,0.0004486082752577,33.45244027379756,0.9796478903302608,0.0004474426847606,0.0292515045955555
119,1.0,False,1.0,1.0,1.0,0.1,0.01,anisotropic,0.0125,0.0021544346900318,4,100000,97.96082305908205,32.023575154787125,0.9476014273627112,0.0006229804222145,31.32108583032144,0.950507762464468,0.0007323578333766,0.0314101393794458
120,1.0,False,1.0,1.0,1.0,0.1,0.01,anisotropic,0.0125,0.01,6,100000,96.52644634246826,35.37309644146306,0.9767160251003504,0.0002888913302074,34.47623295278844,0.9733757716495196,0.0003551573914086,0.0359761223320178
121,1.0,False,1.0,1.0,1.0,0.1,0.01,anisotropic,0.0125,0.0021544346900318,4,100000,98.02039623260498,32.35134044132344,0.9181529110029042,0.0005650285890177,32.59805564219198,0.9579601837759852,0.000533824992329,0.0334363613620146
122,1.0,False,1.0,1.0,1.0,0.1,0.01,anisotropic,0.0125,0.0215443469003188,7,100000,97.56389737129211,33.91418945620207,0.9487721420623276,0.0003720268217955,34.26476886227024,0.9712225657345688,0.0003431755287318,0.0279756792402414
123,1.0,False,1.0,1.0,1.0,0.1,0.01,anisotropic,0.0125,0.0215443469003188,7,100000,97.7163941860199,28.17681325341159,0.940398173957106,0.001519738617943,28.402525330489823,0.9579078225252668,0.0014427719547587,0.0308560976306057
124,1.0,False,1.0,1.0,1.0,0.1,0.01,anisotropic,0.0125,0.1,9,100000,97.55227613449097,31.24203224961301,0.9727892078860702,0.0007506734315669,30.961407284916017,0.9767768490712926,0.0008007805972111,0.0273994749057052
125,1.0,False,1.0,1.0,1.0,0.1,0.01,anisotropic,0.0125,0.0021544346900318,4,100000,97.97923254966736,30.91625689800724,0.9269561062542562,0.0008055736146948,29.291046922275243,0.9363890005753892,0.0011711869664982,0.0373829489232713
126,1.0,False,1.0,1.0,1.0,0.1,0.01,anisotropic,0.0125,0.0215443469003188,7,100000,97.18784189224245,30.126601561804254,0.9125502022344376,0.000913242081775,29.958715164743545,0.929164985198101,0.0009492367748224,0.0297464045039522
127,1.0,False,1.0,1.0,1.0,0.1,0.01,anisotropic,0.0125,0.0046415888336127,5,100000,97.53977346420288,30.12352628136404,0.9377870046355044,0.0009608228789646,30.47979711004797,0.9626692575307892,0.0008851487349467,0.0313097838249893
128,1.0,False,1.0,1.0,1.0,0.1,0.01,anisotropic,0.0125,0.0002154434690031,1,100000,97.62719631195068,28.63005784540973,0.9064861546699546,0.0013606441165778,28.747528598949398,0.9447592279014232,0.0013243338286311,0.0341103751750352
129,1.0,False,1.0,1.0,1.0,0.1,0.01,anisotropic,0.0125,0.0021544346900318,4,100000,98.37920236587524,31.35821021991788,0.9215979392732876,0.0006666610981268,31.861414018420504,0.9323786277738596,0.0005937241760962,0.0348793664219989
130,1.0,False,1.0,1.0,1.0,0.1,0.01,anisotropic,0.0125,0.0004641588833612,2,100000,98.10982513427734,30.440363339816333,0.949951793656852,0.000885647355172,28.640151334802106,0.9155135497464716,0.0013405469550557,0.0368019386156908
131,1.0,False,1.0,1.0,1.0,0.1,0.01,anisotropic,0.0125,0.0021544346900318,4,100000,97.39801597595216,31.146320765639736,0.9054546612768036,0.0006896763760656,30.81795161521525,0.9089250130240364,0.0007438446865836,0.0341871109042643
132,1.0,False,1.0,1.0,1.0,0.1,0.01,anisotropic,0.0125,0.01,6,100000,97.31280875205994,32.01378282433157,0.957083771016386,0.0006275381459399,31.8870187181763,0.965835564638362,0.0006461249936037,0.0321358511916304
133,1.0,False,1.0,1.0,1.0,0.1,0.01,anisotropic,0.0125,0.01,6,100000,97.69311809539796,26.188829830950624,0.8822651616095305,0.002388783758211,26.45580217503828,0.9251153957559926,0.0022463612719825,0.0372143982583525
134,1.0,False,1.0,1.0,1.0,0.1,0.01,anisotropic,0.0125,0.01,6,100000,96.86828231811523,28.992284659042152,0.9052311404351728,0.0012303581054146,28.97404165543895,0.90829416044612,0.0012355372261664,0.0319916682095832
135,1.0,False,1.0,1.0,1.0,0.1,0.01,anisotropic,0.0125,0.0046415888336127,5,100000,98.31299781799316,31.637807371342216,0.9143584291314631,0.0006083714590185,29.4500366587011,0.9196728407856184,0.0010068062496946,0.0321186420829077
136,1.0,False,1.0,1.0,1.0,0.1,0.01,anisotropic,0.0125,0.01,6,100000,98.0286784172058,32.528947070559056,0.9356145397619752,0.0005473916840619,32.317899675525645,0.9553995909839018,0.0005746493699228,0.0332246803847113
137,1.0,False,1.0,1.0,1.0,0.1,0.01,anisotropic,0.0125,0.0464158883361277,8,100000,97.73790049552916,36.80164118754973,0.9681078493164116,0.0002086371814687,37.62568389824263,0.9888486596408068,0.0001725787964897,0.0280056446226711
138,1.0,False,1.0,1.0,1.0,0.1,0.01,anisotropic,0.0125,0.1,9,100000,97.12417960166933,34.55906066482817,0.9767843134922936,0.0003498973030162,34.26028130000254,0.985260897041944,0.0003748163537291,0.0257557357750545
139,1.0,False,1.0,1.0,1.0,0.1,0.01,anisotropic,0.0125,0.0215443469003188,7,100000,97.67477941513062,34.595528338623375,0.9582302318801712,0.0003470128735662,34.40429831817945,0.9798444646592132,0.0003626340569887,0.0335010099811347
140,1.0,False,1.0,1.0,1.0,0.1,0.01,anisotropic,0.0125,0.0046415888336127,5,100000,98.38779520988464,32.26408482919982,0.919036237972322,0.000537386842382,30.73775573287319,0.9163723526563656,0.0007636949844652,0.035365319644113
141,1.0,False,1.0,1.0,1.0,0.1,0.01,anisotropic,0.0125,0.01,6,100000,97.80636978149414,36.263435878656125,0.9562545243262556,0.0002354268907678,36.52468379894686,0.9787229847833008,0.0002216824308279,0.0273933604833182
142,1.0,False,1.0,1.0,1.0,0.1,0.01,anisotropic,0.0125,0.01,6,100000,98.216970205307,30.905146964554355,0.9552781562689334,0.0008099493315885,31.822637917636055,0.9740353620961856,0.0006557053936095,0.0319517909932252
143,1.0,False,1.0,1.0,1.0,0.1,0.01,anisotropic,0.0125,0.0046415888336127,5,100000,98.94398593902588,29.285634666729944,0.9350746397442268,0.0011762687446734,28.791368244146696,0.9476918667124492,0.0013180539881404,0.0327495318929248
144,1.0,False,1.0,1.0,1.0,0.1,0.01,anisotropic,0.0125,0.0464158883361277,8,100000,97.52980375289916,35.78976962234565,0.9865473590571046,0.0002633398286056,35.23130384962,0.9838106396135838,0.0002994767599554,0.0269379830468772
145,1.0,False,1.0,1.0,1.0,0.1,0.01,anisotropic,0.0125,0.0215443469003188,7,100000,97.84467244148254,25.28033815305764,0.8788188230996914,0.0029556246723445,26.411721105877973,0.9386331999331502,0.0022777758703365,0.0277131915292023
146,1.0,False,1.0,1.0,1.0,0.1,0.01,anisotropic,0.0125,0.0215443469003188,7,100000,98.34833765029909,27.510991169905985,0.9114090144994892,0.0017698220185119,28.778915744911533,0.9616324273651604,0.0013217129232364,0.0286262382318375
147,1.0,False,1.0,1.0,1.0,0.1,0.01,anisotropic,0.0125,0.0215443469003188,7,100000,98.23974204063416,31.57211016667628,0.976609115183286,0.0006945150377215,30.791266644157517,0.9714371838241214,0.0008313157445562,0.0307492889869225
148,1.0,False,1.0,1.0,1.0,0.1,0.01,anisotropic,0.0125,0.0046415888336127,5,100000,97.20575737953186,28.221213028025364,0.8797967244555829,0.0012850616095475,29.05619667480375,0.8958968290511843,0.0010602922445964,0.0305398264513958
149,1.0,False,1.0,1.0,1.0,0.1,0.01,anisotropic,0.0125,0.0046415888336127,5,100000,97.66947555541992,29.319921763600185,0.9000913184177676,0.0010551882591315,29.6655219820044,0.9208179895473224,0.0009744732645834,0.0304716510539432
150,1.0,False,1.0,1.0,1.0,0.1,0.01,anisotropic,0.0125,0.0464158883361277,8,100000,100.23348712921144,33.57698830580576,0.9669124171996122,0.0004381507226442,34.109203954940504,0.9740671715334348,0.0003876162426393,0.0271701968696094
151,1.0,False,1.0,1.0,1.0,0.1,0.01,anisotropic,0.0125,0.01,6,100000,100.99563550949097,30.35513698561749,0.9363525504890692,0.0008274595801577,30.90258735535616,0.9508676617342816,0.0007294604521874,0.0281721159422097
152,1.0,False,1.0,1.0,1.0,0.1,0.01,anisotropic,0.0125,0.0464158883361277,8,100000,100.80746126174928,35.42322288554463,0.9647837916214924,0.0002867036010972,35.19557227450544,0.9763950603242872,0.0003021330319888,0.0322564357154468
153,1.0,False,1.0,1.0,1.0,0.1,0.01,anisotropic,0.0125,0.0464158883361277,8,100000,100.12000608444214,33.9216364419498,0.965013461034016,0.0004050523227113,35.35595571214947,0.9821898473308968,0.0002911247977909,0.0284428384342136
154,1.0,False,1.0,1.0,1.0,0.1,0.01,anisotropic,0.0125,0.0215443469003188,7,100000,101.6068994998932,37.617031411021074,0.9830645153119284,0.0001728801068935,35.37634949795576,0.978440150418374,0.0002896097733291,0.0253052291764679
155,1.0,False,1.0,1.0,1.0,0.1,0.01,anisotropic,0.0125,0.01,6,100000,100.58692336082458,31.25619264779482,0.9591980650368388,0.0007471263047535,31.47936752850459,0.9750996390528603,0.0007097028335768,0.031814400284525
156,1.0,False,1.0,1.0,1.0,0.1,0.01,anisotropic,0.0125,0.0464158883361277,8,100000,100.05181288719176,38.00748394581606,0.9845217091921752,0.0001578076512867,37.74670784637554,0.9885178619135004,0.0001675736255809,0.0269209196939618
157,1.0,False,1.0,1.0,1.0,0.1,0.01,anisotropic,0.0125,0.0021544346900318,4,100000,100.23603963851927,27.116117893939247,0.8883575028402693,0.001935841008416,27.76583354564109,0.9146223289957184,0.0016668561449941,0.033645178413271
158,1.0,False,1.0,1.0,1.0,0.1,0.01,anisotropic,0.0125,0.0021544346900318,4,100000,100.7657425403595,29.101802383189398,0.9219773266160116,0.0011477210371397,27.878822081794382,0.903520915455831,0.0015210180653067,0.0307587892653268
159,1.0,False,1.0,1.0,1.0,0.1,0.01,anisotropic,0.0125,0.0021544346900318,4,100000,100.25094294548036,27.13190592343727,0.9083299187981708,0.0019233466864502,27.564625366388054,0.9364531062565948,0.0017409473178901,0.0288163855301651
160,1.0,False,1.0,1.0,1.0,0.1,0.01,anisotropic,0.0125,0.0464158883361277,8,100000,100.46606349945068,38.70248089956928,0.9829719660765932,0.0001347833491727,39.11325175483788,0.9856628094230704,0.0001226193919607,0.0264247450239561
161,1.0,False,1.0,1.0,1.0,0.1,0.01,anisotropic,0.0125,0.01,6,100000,100.62550687789916,32.25807073265707,0.9274587994125008,0.0005929813053201,31.77238680058152,0.9607377910735142,0.0006631463673753,0.0378519194864208
162,1.0,False,1.0,1.0,1.0,0.1,0.01,anisotropic,0.0125,0.0464158883361277,8,100000,101.23455119132996,34.60954901586096,0.970041788715763,0.0003452719100013,33.81911065661455,0.9758570105689268,0.0004141952205205,0.0296032625580805
163,1.0,False,1.0,1.0,1.0,0.1,0.01,anisotropic,0.0125,0.0046415888336127,5,100000,100.51659035682678,31.29683684221509,0.9476966038867816,0.0007372552226199,29.95782568743765,0.9517432272909274,0.0010035036886601,0.0324145290540561
164,1.0,False,1.0,1.0,1.0,0.1,0.01,anisotropic,0.0125,0.0021544346900318,4,100000,101.12988710403442,32.68748497062823,0.9538073089350098,0.0005364294522861,31.658501320089005,0.9577326953587694,0.0006798466776386,0.033778722038573
165,1.0,False,1.0,1.0,1.0,0.1,0.01,anisotropic,0.0125,0.0046415888336127,5,100000,100.2100796699524,33.17477201569012,0.9573015619067456,0.0004556308854988,32.51034506509209,0.9529119615388014,0.0005309527208237,0.0280613997324931
166,1.0,False,1.0,1.0,1.0,0.1,0.01,anisotropic,0.0125,0.0215443469003188,7,100000,99.57965755462646,34.96471208100752,0.9581954529007424,0.0003187207967601,35.57029204223548,0.9686768357635924,0.000277237776013,0.0307841114509766
167,1.0,False,1.0,1.0,1.0,0.1,0.01,anisotropic,0.0125,0.0215443469003188,7,100000,100.59089374542236,33.09521894353989,0.9775633775415415,0.0004884914723528,33.60908448936722,0.9858641147483496,0.0004339807160146,0.024667254393858
168,1.0,False,1.0,1.0,1.0,0.1,0.01,anisotropic,0.0125,0.0464158883361277,8,100000,102.18775177001952,31.148938068785217,0.9660454136932294,0.0007670060915014,31.14286306080604,0.974102592198314,0.0007680797474639,0.0309561938334978
169,1.0,False,1.0,1.0,1.0,0.1,0.01,anisotropic,0.0125,0.0464158883361277,8,100000,100.66341280937196,33.275509697292144,0.9744423838756168,0.0004699154191616,32.5777633603369,0.9811256232010794,0.0005518160514952,0.0293086291702508
170,1.0,False,1.0,1.0,1.0,0.1,0.01,anisotropic,0.0125,0.0464158883361277,8,100000,100.0023548603058,39.0533929789737,0.9856718402203396,0.0001241195698093,38.010158054028615,0.991708401196879,0.0001578206232676,0.0273794089831448
171,1.0,False,1.0,1.0,1.0,0.1,0.01,anisotropic,0.0125,0.0046415888336127,5,100000,100.70144271850586,29.833985995409897,0.9198142496461854,0.0010096972914842,30.2159973343066,0.9370256779361888,0.0009246770043818,0.0352899364187704
172,1.0,False,1.0,1.0,1.0,0.1,0.01,anisotropic,0.0125,0.0021544346900318,4,100000,101.03829002380373,32.25251436233918,0.9509816525844986,0.0005938094942499,30.99848046305453,0.953920395024194,0.0007925935377008,0.0353833586986597
173,1.0,False,1.0,1.0,1.0,0.1,0.01,anisotropic,0.0125,0.01,6,100000,100.12635803222656,34.66583059667576,0.9619365355415178,0.0003398773494161,33.66041832618457,0.9835267640847594,0.0004284137979489,0.0271480540663885
174,1.0,False,1.0,1.0,1.0,0.1,0.01,anisotropic,0.0125,0.0046415888336127,5,100000,101.0257203578949,32.62719509319264,0.9674552352407564,0.0005431842364662,31.51204851223613,0.9564970966101805,0.0007022016022187,0.0329379937389097
175,1.0,False,1.0,1.0,1.0,0.1,0.01,anisotropic,0.0125,0.0464158883361277,8,100000,100.58834338188171,28.65789416120598,0.8965810706264673,0.0010264093172893,28.702496041474777,0.9189331821199128,0.001015922076092,0.0288073767217311
176,1.0,False,1.0,1.0,1.0,0.1,0.01,anisotropic,0.0125,0.01,6,100000,100.56579732894896,33.619805550071284,0.9600580385082716,0.0004342480244207,33.45151956249276,0.970845903458196,0.0004514050881905,0.0306877223338556
177,1.0,False,1.0,1.0,1.0,0.1,0.01,anisotropic,0.0125,0.0464158883361277,8,100000,99.6386857032776,36.99692048783953,0.9855802695833044,0.0001995239971884,35.07199144066706,0.983389358115814,0.0003108050319456,0.0272511836097083
178,1.0,False,1.0,1.0,1.0,0.1,0.01,anisotropic,0.0125,0.0021544346900318,4,100000,100.73664021492004,32.92427082563782,0.9425912282298526,0.0004796021046731,32.31099651613151,0.9504124500610948,0.000552342563495,0.0309877620824393
179,1.0,False,1.0,1.0,1.0,0.1,0.01,anisotropic,0.0125,0.0215443469003188,7,100000,100.3366720676422,23.34998229797389,0.8947720729277813,0.0046029016576007,23.18827199733489,0.8876359606125642,0.0047775223367242,0.0294567951299251
180,1.0,False,1.0,1.0,1.0,0.1,0.01,anisotropic,0.0125,0.0215443469003188,7,100000,101.82179641723631,34.0931944527601,0.9488014600123446,0.0003826704217257,34.601366064854,0.9678510033854332,0.0003404142516437,0.0287717347741656
181,1.0,False,1.0,1.0,1.0,0.1,0.01,anisotropic,0.0125,0.0021544346900318,4,100000,101.627379655838,33.019731093156764,0.9491252285163488,0.0004964647782631,31.143124236362382,0.94457738247422,0.0007648021999994,0.0358849203931955
182,1.0,False,1.0,1.0,1.0,0.1,0.01,anisotropic,0.0125,0.0464158883361277,8,100000,101.09756350517272,34.30425284276196,0.9734493070536684,0.0003709182365981,34.37812854982119,0.98185686611697,0.0003646620891427,0.0292680334792085
183,1.0,False,1.0,1.0,1.0,0.1,0.01,anisotropic,0.0125,0.01,6,100000,100.42248272895812,34.98563015054244,0.9857417979565928,0.0003168529789933,34.379646619186026,0.9808659969214132,0.0003642974638269,0.0295665703657199
184,1.0,False,1.0,1.0,1.0,0.1,0.01,anisotropic,0.0125,0.0001,0,100000,101.0056848526001,28.302602615988636,0.92937788430201,0.0014664816574106,27.866443034578985,0.9272471225033072,0.0016214090524399,0.0362469512508793
185,1.0,False,1.0,1.0,1.0,0.1,0.01,anisotropic,0.0125,0.01,6,100000,100.79784226417542,27.51008023371808,0.9249357869347236,0.0017696511053012,28.117181354409112,0.940183898239767,0.0015387835665755,0.0355050435059358
186,1.0,False,1.0,1.0,1.0,0.1,0.01,anisotropic,0.0125,0.0215443469003188,7,100000,100.52726650238036,35.79874170470104,0.9725548668108926,0.0002629673663938,34.88956750791676,0.9809390633231948,0.0003242046776787,0.0311749225730389
187,1.0,False,1.0,1.0,1.0,0.1,0.01,anisotropic,0.0125,0.0046415888336127,5,100000,100.50238752365112,28.958847126829195,0.9008584796346184,0.0012650661125487,29.31213321740444,0.948141595500009,0.0011662310858487,0.0389512759432655
188,1.0,False,1.0,1.0,1.0,0.1,0.01,anisotropic,0.0125,0.0215443469003188,7,100000,100.69411039352416,39.12543222746117,0.9813856799957598,0.0001220663747386,39.56817102636072,0.9904642568816217,0.0001102356752499,0.0254125998842429
189,1.0,False,1.0,1.0,1.0,0.1,0.01,anisotropic,0.0125,0.0046415888336127,5,100000,101.00688195228577,31.34210623747429,0.9181895520992004,0.0007255717540693,31.49130173281027,0.9491989167687664,0.0007010690876343,0.0358751614809435
190,1.0,False,1.0,1.0,1.0,0.1,0.01,anisotropic,0.0125,0.0215443469003188,7,100000,99.98411893844604,34.523393848882506,0.9626571363469484,0.0003521797798851,34.48347490189125,0.9723740595331116,0.0003554318257293,0.0295676351649247
191,1.0,False,1.0,1.0,1.0,0.1,0.01,anisotropic,0.0125,0.0464158883361277,8,100000,100.25765681266785,37.100398159504536,0.9812685583632522,0.0001948626803305,38.04331796371781,0.9888209402730916,0.0001568327261069,0.0275213717346452
192,1.0,False,1.0,1.0,1.0,0.1,0.01,anisotropic,0.0125,0.0464158883361277,8,100000,100.80179524421692,35.8490862539633,0.9698298785775676,0.0002592219510786,35.57778157368614,0.982138102935354,0.000275932110757,0.0294480462655857
193,1.0,False,1.0,1.0,1.0,0.1,0.01,anisotropic,0.0125,0.01,6,100000,101.57357025146484,33.871676800596795,0.9334773111451468,0.0004007847657863,33.277164922265804,0.9515868578512456,0.0004595813463285,0.0354189253423769
194,1.0,False,1.0,1.0,1.0,0.1,0.01,anisotropic,0.0125,0.0215443469003188,7,100000,100.30061507225037,32.93070821697122,0.9419161029352116,0.0005084057974028,33.68223006610032,0.9634823978185622,0.0004276202955083,0.0325560993898525
195,1.0,False,1.0,1.0,1.0,0.1,0.01,anisotropic,0.0125,0.01,6,100000,101.13521218299866,31.855710493912515,0.9348552463449054,0.0006500149713436,32.21621017372452,0.9671573372096092,0.000598237167553,0.0328335508501291
196,1.0,False,1.0,1.0,1.0,0.1,0.01,anisotropic,0.0125,0.0046415888336127,5,100000,101.37630319595335,28.22464415188365,0.8854528859589805,0.0014745711659743,28.162716973483995,0.9181520602634152,0.0014957480840695,0.0333421835955538
197,1.0,False,1.0,1.0,1.0,0.1,0.01,anisotropic,0.0125,0.01,6,100000,101.3288905620575,30.45378312838312,0.9266302703384798,0.0008975865375122,30.736473077310336,0.9586997244069247,0.0008410219589092,0.0401151251113284
198,1.0,False,1.0,1.0,1.0,0.1,0.01,anisotropic,0.0125,0.0215443469003188,7,100000,99.33080697059631,29.34756577540608,0.941891370143326,0.0011588456772534,30.09476257684904,0.9647293679077884,0.0009756766801417,0.0289224586439182
199,1.0,False,1.0,1.0,1.0,0.1,0.01,anisotropic,0.0125,0.001,3,100000,101.13453412055968,29.894447810549853,0.9035050458354568,0.0009737943323586,29.64428910881988,0.9280977739640706,0.0010315329681336,0.0343549872781854
200,1.0,False,1.0,1.0,1.0,0.1,0.01,anisotropic,0.0125,0.0021544346900318,4,100000,99.43254089355467,30.155653880185422,0.9101940453927448,0.0009481146367242,31.390086087687237,0.9434914628164583,0.0007135388603454,0.0340941397771536
201,1.0,False,1.0,1.0,1.0,0.1,0.01,anisotropic,0.0125,0.001,3,100000,97.95958828926086,26.511609073003356,0.8603170199903951,0.0021826432622701,25.889589140977563,0.8602126665641656,0.0025187481953871,0.0374363909896618
202,1.0,False,1.0,1.0,1.0,0.1,0.01,anisotropic,0.0125,0.01,6,100000,98.10963654518127,35.11908790438331,0.9695309948017126,0.0003064275984549,33.46975914462319,0.9766297908335158,0.0004479821951531,0.029846183441403
203,1.0,False,1.0,1.0,1.0,0.1,0.01,anisotropic,0.0125,0.01,6,100000,97.60969567298888,28.58625547946868,0.911352364632312,0.001356499218986,28.520179655751704,0.928501625640465,0.0013772955059995,0.035407533112399
204,1.0,False,1.0,1.0,1.0,0.1,0.01,anisotropic,0.0125,0.0464158883361277,8,100000,97.2954969406128,35.51630163861957,0.9772478149966124,0.0002803871424961,36.01460731503832,0.9853341574697908,0.0002499928150703,0.0245099336279178
205,1.0,False,1.0,1.0,1.0,0.1,0.01,anisotropic,0.0125,0.0046415888336127,5,100000,97.78881931304932,30.41105063868197,0.9367972598751828,0.000907271451924,29.72832544721705,0.9425991513800044,0.0010617194289051,0.0358416114132399
206,1.0,False,1.0,1.0,1.0,0.1,0.01,anisotropic,0.0125,0.0464158883361277,8,100000,97.32121801376344,37.243911312863446,0.9912179807034908,0.0001883355674257,36.52454628124315,0.9817328720447124,0.0002222638577805,0.0275576237013579
207,1.0,False,1.0,1.0,1.0,0.1,0.01,anisotropic,0.0125,0.1,9,100000,97.446462392807,32.06566387173774,0.9720256222559324,0.0006212777238242,31.96244619264006,0.9809484353592508,0.0006362203408457,0.0272377995735972
208,1.0,False,1.0,1.0,1.0,0.1,0.01,anisotropic,0.0125,0.0464158883361277,8,100000,97.62775778770448,27.95961228747106,0.925936129940402,0.0015979588834241,28.53830678736046,0.9557747926503976,0.0013986084585047,0.0333125172717377
209,1.0,False,1.0,1.0,1.0,0.1,0.01,anisotropic,0.0125,0.1,9,100000,97.33816742897034,35.00528368645136,0.9777495532129076,0.0003154829190994,35.34479663864032,0.9839636330883004,0.0002917591972556,0.0251165534642219
210,1.0,False,1.0,1.0,1.0,0.1,0.01,anisotropic,0.0125,0.0046415888336127,5,100000,97.6152126789093,29.96826396855893,0.8882342411658746,0.000997566741599,30.58185237934808,0.9455847404989872,0.0008661300778093,0.038240695221835
211,1.0,False,1.0,1.0,1.0,0.1,0.01,anisotropic,0.0125,0.0021544346900318,4,100000,97.54153776168825,32.38224030154103,0.9146582938909776,0.0005690446818356,31.48976394640716,0.9238286288494308,0.0006988661479421,0.0320758964689096
212,1.0,False,1.0,1.0,1.0,0.1,0.01,anisotropic,0.0125,0.0464158883361277,8,100000,97.92471575737,31.64762316169689,0.9526039284076064,0.0006837203283773,32.612563990949056,0.973125769131494,0.0005475003606777,0.0278843204839994
213,1.0,False,1.0,1.0,1.0,0.1,0.01,anisotropic,0.0125,0.001,3,100000,98.50294208526611,27.959545125127573,0.9027134460821395,0.0014245008931927,27.31140652102029,0.9011032622008612,0.0016537756239495,0.0319984162954903
214,1.0,False,1.0,1.0,1.0,0.1,0.01,anisotropic,0.0125,0.0464158883361277,8,100000,97.70398354530334,34.01606785318458,0.9823635183371237,0.0003960582813236,33.419319781705646,0.9859514184874956,0.0004543953785229,0.0285623206693948
215,1.0,False,1.0,1.0,1.0,0.1,0.01,anisotropic,0.0125,0.001,3,100000,98.1469337940216,30.757563658092614,0.9134044233157944,0.000779643704188,29.89672990083539,0.9210764483514876,0.0009505600369903,0.0336980635175005
216,1.0,False,1.0,1.0,1.0,0.1,0.01,anisotropic,0.0125,0.01,6,100000,98.10590863227844,30.789370162684957,0.9329687936025316,0.0007200091705099,30.473644138419957,0.9437559394850498,0.0007743024445076,0.0306067540714896
217,1.0,False,1.0,1.0,1.0,0.1,0.01,anisotropic,0.0125,0.01,6,100000,97.94500494003296,33.3620058117893,0.941412101768835,0.0004588468304678,34.551845094858095,0.974595346778714,0.0003488862130936,0.0267704220387424
218,1.0,False,1.0,1.0,1.0,0.1,0.01,anisotropic,0.0125,0.0004641588833612,2,100000,98.40765166282654,30.8313641123327,0.929829511156648,0.000823890918885,27.759088994425028,0.8553304891918246,0.0016714647720035,0.0430314143780875
219,1.0,False,1.0,1.0,1.0,0.1,0.01,anisotropic,0.0125,0.0464158883361277,8,100000,97.30580520629884,33.27971002811332,0.9398870802894814,0.0004695374009866,33.34682612237265,0.976767129512422,0.0004623369272159,0.035232916764743
220,1.0,False,1.0,1.0,1.0,0.1,0.01,anisotropic,0.0125,0.0046415888336127,5,100000,98.10631346702576,31.33275825983004,0.9266160215084652,0.0007293146315163,31.306741865798152,0.9430066692028356,0.0007336967002555,0.0334604423674125
221,1.0,False,1.0,1.0,1.0,0.1,0.01,anisotropic,0.0125,0.0215443469003188,7,100000,97.47397899627686,35.22633138983829,0.938499035297195,0.0002997162602,34.58899395239101,0.9675573850014167,0.0003470915562607,0.031683229943089
222,1.0,False,1.0,1.0,1.0,0.1,0.01,anisotropic,0.0125,0.0464158883361277,8,100000,97.13107419013976,29.71756367355056,0.9055829970342462,0.0010316192200127,28.966536984256116,0.9057617608513509,0.0012263716256778,0.024797643257901
223,1.0,False,1.0,1.0,1.0,0.1,0.01,anisotropic,0.0125,0.0464158883361277,8,100000,96.87403082847597,36.10091582450947,0.97360248934514,0.0002452139458608,35.48419412384248,0.9872078968367012,0.0002826293995861,0.0290227280433556
224,1.0,False,1.0,1.0,1.0,0.1,0.01,anisotropic,0.0125,0.0046415888336127,5,100000,98.31234669685364,30.778905016309764,0.9215421630716232,0.0007946414734947,29.70978994176949,0.9339208380098408,0.001016442311666,0.0352419919958297
225,1.0,False,1.0,1.0,1.0,0.1,0.01,anisotropic,0.0125,0.0464158883361277,8,100000,97.09334254264832,39.79463943548965,0.988630903557362,0.0001048008082267,38.5759941626829,0.9927571333837544,0.0001387487755643,0.0248652513874785
226,1.0,False,1.0,1.0,1.0,0.1,0.01,anisotropic,0.0125,0.01,6,100000,97.3977632522583,34.16030404824701,0.9543125554559422,0.0003835187389438,33.95536594364843,0.9690937324267688,0.0004020503079862,0.0301109591186962
227,1.0,False,1.0,1.0,1.0,0.1,0.01,anisotropic,0.0125,0.0464158883361277,8,100000,97.22243618965148,35.679708471076225,0.9661039205257792,0.0002699710725208,35.397268499448444,0.9846305596208402,0.0002881119215912,0.0282051656138674
228,1.0,False,1.0,1.0,1.0,0.1,0.01,anisotropic,0.0125,0.0215443469003188,7,100000,97.08764290809631,29.289192257433943,0.9375092706388468,0.0011749004126873,29.220591063175405,0.9616914647914552,0.0011936065016801,0.0337419116124926
229,1.0,False,1.0,1.0,1.0,0.1,0.01,anisotropic,0.0125,0.1,9,100000,96.8528769016266,27.51057334261917,0.8878510767746718,0.0011458629028832,27.55675994411257,0.9160509822511624,0.0011337413831785,0.0260487268899358
230,1.0,False,1.0,1.0,1.0,0.1,0.01,anisotropic,0.0125,0.001,3,100000,97.55848932266235,29.418837967459872,0.9008616009090744,0.0010348173481793,27.49088608356289,0.9067294173156992,0.001613091078356,0.038966792946733
231,1.0,False,1.0,1.0,1.0,0.1,0.01,anisotropic,0.0125,0.0464158883361277,8,100000,97.68853855133057,37.607173196739225,0.978057992096804,0.0001730816633441,36.70953174382093,0.985609683901894,0.0002128213557513,0.02668349121085
232,1.0,False,1.0,1.0,1.0,0.1,0.01,anisotropic,0.0125,0.0464158883361277,8,100000,97.0853033065796,36.87677448095527,0.9830537028625048,0.000204832928423,37.1724618471374,0.9903794201833332,0.0001913511327052,0.0255527912560712
233,1.0,False,1.0,1.0,1.0,0.1,0.01,anisotropic,0.0125,0.0215443469003188,7,100000,96.60260486602785,33.66632225348728,0.9601655425653012,0.0004293873076796,34.63511392480275,0.9774626341123808,0.0003435342448847,0.0316806492476821
234,1.0,False,1.0,1.0,1.0,0.1,0.01,anisotropic,0.0125,0.0021544346900318,4,100000,98.002831697464,28.324370830116155,0.9179576956275928,0.0014122061480943,28.889548875615155,0.9421068831470288,0.0012398818234465,0.0333886683512429
235,1.0,False,1.0,1.0,1.0,0.1,0.01,anisotropic,0.0125,0.01,6,100000,96.87710785865784,29.49540146338696,0.9359724839066133,0.0011193144381737,28.90683969333064,0.9344587493513836,0.0012817646290046,0.0354575556272971
236,1.0,False,1.0,1.0,1.0,0.1,0.01,anisotropic,0.0125,0.0464158883361277,8,100000,97.03468656539916,35.14011559345806,0.9761196247656628,0.0003058011304948,33.743720825253995,0.9821010149795426,0.0004217727947804,0.0245499996483458
237,1.0,False,1.0,1.0,1.0,0.1,0.01,anisotropic,0.0125,0.0046415888336127,5,100000,97.54915165901184,32.93985220997688,0.9650976901876072,0.0005027673969225,31.04437119308271,0.9433715234512005,0.0007778846628588,0.0302331882739054
238,1.0,False,1.0,1.0,1.0,0.1,0.01,anisotropic,0.0125,0.0021544346900318,4,100000,97.70204377174376,29.304535505956316,0.8984456691212076,0.0011591852230087,27.966285655389868,0.9059353592483108,0.0015775307056965,0.0405196387246866
239,1.0,False,1.0,1.0,1.0,0.1,0.01,anisotropic,0.0125,0.0464158883361277,8,100000,96.6793658733368,37.11726440567558,0.9835123645375268,0.0001940625348096,36.33614167789014,0.9880070548459544,0.0002323025475562,0.0287233662607695
240,1.0,False,1.0,1.0,1.0,0.1,0.01,anisotropic,0.0125,0.01,6,100000,97.92720460891724,33.56705277508809,0.9444424208941667,0.0004384322714561,34.207170443486284,0.9658418490854236,0.0003783473937755,0.0319247145124618
241,1.0,False,1.0,1.0,1.0,0.1,0.01,anisotropic,0.0125,0.0464158883361277,8,100000,96.9422960281372,32.50272029610694,0.9714239527277904,0.0005611441492743,32.97583217277387,0.9840404126998058,0.0005032262084733,0.0258033011108722
242,1.0,False,1.0,1.0,1.0,0.1,0.01,anisotropic,0.0125,0.0046415888336127,5,100000,97.8051257133484,29.360609080609024,0.9329708895089897,0.0011565216301529,31.64360565895471,0.959801685120026,0.000683681930613,0.0315740024809879
243,1.0,False,1.0,1.0,1.0,0.1,0.01,anisotropic,0.0125,0.0046415888336127,5,100000,97.508229970932,32.87892691093725,0.9288613067978808,0.0004877704054318,32.7097694022371,0.9614741564600952,0.0005071438901158,0.0294255556444615
244,1.0,False,1.0,1.0,1.0,0.1,0.01,anisotropic,0.0125,0.0215443469003188,7,100000,98.24467372894289,37.43164336747559,0.9656484272442566,0.0001804136834082,36.789089337166125,0.9791305301405708,0.0002091822723279,0.0289135815954437
245,1.0,False,1.0,1.0,1.0,0.1,0.01,anisotropic,0.0125,0.1,9,100000,96.47478342056274,33.92604527601226,0.9459676517835508,0.0003533984518847,34.52991002588107,0.9693240070041426,0.0003075234000642,0.0249495644031299
246,1.0,False,1.0,1.0,1.0,0.1,0.01,anisotropic,0.0125,0.0046415888336127,5,100000,97.70817160606384,28.7148502546794,0.9004677799668446,0.0013236269028393,29.01232974767404,0.9428495262429784,0.0012359976253061,0.0333717880023258
247,1.0,False,1.0,1.0,1.0,0.1,0.01,anisotropic,0.0125,0.0046415888336127,5,100000,97.81709742546082,35.278531321064435,0.972123952050414,0.0002961588395796,32.40799864972373,0.95936622187243,0.0005735588256645,0.0356915297429284
248,1.0,False,1.0,1.0,1.0,0.1,0.01,anisotropic,0.0125,0.0021544346900318,4,100000,97.88382959365843,32.63475931061829,0.8931803565090856,0.0004652542250884,30.79251918609201,0.8903693301111408,0.0007110732451993,0.0407382056195873
249,1.0,False,1.0,1.0,1.0,0.1,0.01,anisotropic,0.0125,0.0464158883361277,8,100000,97.46520066261292,37.97655456916088,0.9809336821331912,0.0001589193690706,37.302516799893525,0.9886931718191224,0.0001856011270487,0.026136593139732
250,1.0,False,1.0,1.0,1.0,0.1,0.01,anisotropic,0.0125,0.0464158883361277,8,100000,98.1071617603302,36.93102142002636,0.9782433719904396,0.0002024566361138,37.9557469370933,0.987929700864066,0.0001599040504983,0.0264051527115154
251,1.0,False,1.0,1.0,1.0,0.1,0.01,anisotropic,0.0125,0.0046415888336127,5,100000,98.5086739063263,30.980164847699974,0.9102186939249632,0.0006903102072361,30.418040318053457,0.9405577115715824,0.0007856999908247,0.032127667526986
252,1.0,False,1.0,1.0,1.0,0.1,0.01,anisotropic,0.0125,0.01,6,100000,98.76605677604675,26.08669837174801,0.8437136879650934,0.0024345214527787,26.09735898011572,0.8755673857423413,0.0024285527718605,0.0362270157617026
253,1.0,False,1.0,1.0,1.0,0.1,0.01,anisotropic,0.0125,0.01,6,100000,98.57489371299744,38.24331790815632,0.9573189917394224,0.0001469749808781,35.33281283878293,0.94674012489975,0.0002872724109813,0.027031962143271
254,1.0,False,1.0,1.0,1.0,0.1,0.01,anisotropic,0.0125,0.001,3,100000,98.0934352874756,31.89960715010631,0.956806786230582,0.0006416780620863,31.816905113437983,0.9604349060329952,0.0006540145276032,0.033516613190508
255,1.0,False,1.0,1.0,1.0,0.1,0.01,anisotropic,0.0125,0.1,9,100000,99.09672355651855,27.408157223990028,0.8814948083791783,0.0014028214825936,27.768713940195877,0.9088696365732736,0.0012910609229428,0.0267533657459972
256,1.0,False,1.0,1.0,1.0,0.1,0.01,anisotropic,0.0125,0.0046415888336127,5,100000,99.00659108161926,31.95921382221841,0.9401296228282752,0.0005202779728114,30.110160116789707,0.9055849142644942,0.0007964175285452,0.0276931551660938
257,1.0,False,1.0,1.0,1.0,0.1,0.01,anisotropic,0.0125,0.0464158883361277,8,100000,98.93367910385132,38.02097264068394,0.984939643689338,0.0001576154628521,38.40366000129345,0.9904569792543284,0.0001443211848228,0.0255463996416745
258,1.0,False,1.0,1.0,1.0,0.1,0.01,anisotropic,0.0125,0.0021544346900318,4,100000,98.64848399162292,31.93625758846602,0.9316694406457796,0.0006071335394414,31.600156954017056,0.955096760802058,0.0006559855734472,0.0368560909510527
259,1.0,False,1.0,1.0,1.0,0.1,0.01,anisotropic,0.0125,0.0021544346900318,4,100000,97.98008012771606,31.414590946888357,0.9044431269880624,0.000702179159516,30.5730990181392,0.923529884925138,0.0008523091060417,0.036427371894642
260,1.0,False,1.0,1.0,1.0,0.1,0.01,anisotropic,0.0125,0.1,9,100000,98.3817422389984,35.94348622386452,0.9812072705310448,0.0002541047639353,36.11920054664699,0.9874752340694184,0.0002440289633233,0.0245171700895627
261,1.0,False,1.0,1.0,1.0,0.1,0.01,anisotropic,0.0125,0.0215443469003188,7,100000,99.28191995620728,36.05000156234567,0.964356386863464,0.0002473388386251,33.15339108957066,0.9444811493207652,0.0004818960477999,0.0269982723703885
262,1.0,False,1.0,1.0,1.0,0.1,0.01,anisotropic,0.0125,0.0021544346900318,4,100000,98.48129725456238,32.43822171732996,0.9054885246417846,0.0005075197168878,31.321057988914344,0.9174070867115196,0.0006564010874615,0.0377830114677876
263,1.0,False,1.0,1.0,1.0,0.1,0.01,anisotropic,0.0125,0.0215443469003188,7,100000,97.83696675300598,29.44677587538308,0.9565056536451436,0.001134607787749,29.93868879374663,0.9720143462059616,0.0010131050223479,0.0324967156957683
264,1.0,False,1.0,1.0,1.0,0.1,0.01,anisotropic,0.0125,0.0215443469003188,7,100000,97.94121885299684,33.355928923510085,0.9681549796697504,0.0004611767287216,32.92826169298442,0.9778101722269524,0.000508901941151,0.0287030340168021
265,1.0,False,1.0,1.0,1.0,0.1,0.01,anisotropic,0.0125,0.01,6,100000,98.46739768981934,34.011025317807324,0.9501661345017616,0.000392164183253,32.370810248623826,0.9442633171360946,0.0005721230345935,0.0294583211298665
266,1.0,False,1.0,1.0,1.0,0.1,0.01,anisotropic,0.0125,0.0046415888336127,5,100000,99.00706434249878,34.95397536539468,0.9632668598186128,0.0003192712581671,34.61791333412929,0.9724047523490948,0.0003449578455949,0.0354938100189556
267,1.0,False,1.0,1.0,1.0,0.1,0.01,anisotropic,0.0125,0.001,3,100000,98.58125281333923,30.140620303945177,0.9190225343128476,0.0009230726464938,28.418742078790867,0.9165652355825308,0.0013722198715144,0.0337522566230264
268,1.0,False,1.0,1.0,1.0,0.1,0.01,anisotropic,0.0125,0.0464158883361277,8,100000,98.65464663505554,33.68194084836376,0.9771177480362466,0.0004281111321012,33.280189305009,0.981348952475868,0.0004696038785772,0.0282657818046246
269,1.0,False,1.0,1.0,1.0,0.1,0.01,anisotropic,0.0125,0.0001,0,100000,100.07151865959167,27.824781427559,0.8775357778010278,0.0014965887588217,28.298970926452792,0.8972848771975847,0.001341786842648,0.0387876714955338
270,1.0,False,1.0,1.0,1.0,0.1,0.01,anisotropic,0.0125,0.01,6,100000,98.0336410999298,33.096166342798526,0.9531288436842464,0.0004886204936664,33.71347842138195,0.9762211377483928,0.0004238776035157,0.0312056012621032
271,1.0,False,1.0,1.0,1.0,0.1,0.01,anisotropic,0.0125,0.0021544346900318,4,100000,98.51232075691225,31.474223204768634,0.9103396693136744,0.000706636489017,31.12817712565523,0.9307329385544106,0.0007652452940062,0.0410142999413553
272,1.0,False,1.0,1.0,1.0,0.1,0.01,anisotropic,0.0125,0.0046415888336127,5,100000,97.96818208694458,28.720432412119496,0.8765353568943286,0.0013117674005388,28.53869938281348,0.90116824141865,0.0013678237388766,0.0412199631590094
273,1.0,False,1.0,1.0,1.0,0.1,0.01,anisotropic,0.0125,0.0002154434690031,1,100000,98.90891766548155,29.93760320384748,0.9243829064606796,0.0010118957343997,30.183754420720145,0.9334536707016324,0.0009561381424002,0.0372470488958512
274,1.0,False,1.0,1.0,1.0,0.1,0.01,anisotropic,0.0125,0.0046415888336127,5,100000,98.05100274086,29.555383090324376,0.9139982467539416,0.0010935815906162,29.496363502434363,0.9465693667828714,0.0011085445457386,0.0356862321804111
275,1.0,False,1.0,1.0,1.0,0.1,0.01,anisotropic,0.0125,0.0046415888336127,5,100000,97.7906711101532,25.93926389018861,0.8955584507724532,0.0025374649927801,26.684254778495028,0.9337657029583288,0.0021374746389527,0.0327713314696362
276,1.0,False,1.0,1.0,1.0,0.1,0.01,anisotropic,0.0125,0.01,6,100000,98.95759534835815,35.405325182899176,0.9471230302959736,0.0002852423432847,34.374041462425296,0.9578469770771628,0.0003616948853967,0.0296334954893077
277,1.0,False,1.0,1.0,1.0,0.1,0.01,anisotropic,0.0125,0.0046415888336127,5,100000,97.50887942314148,31.61600235814906,0.9365391805775016,0.0006824391542015,31.46118783426455,0.9504278899350648,0.0007072051073432,0.0312692058813312
278,1.0,False,1.0,1.0,1.0,0.1,0.01,anisotropic,0.0125,0.0004641588833612,2,100000,99.50822281837463,31.15230998604364,0.9227173670202916,0.0007409814317801,30.171755954675618,0.912092275005444,0.0009286728056699,0.0363996466263841
279,1.0,False,1.0,1.0,1.0,0.1,0.01,anisotropic,0.0125,0.0215443469003188,7,100000,98.66653156280518,29.98055483848609,0.9297837592164266,0.0010013167172749,30.34649306426225,0.9515846107888104,0.0009204021920465,0.0314103741489048
280,1.0,False,1.0,1.0,1.0,0.1,0.01,anisotropic,0.0125,0.0046415888336127,5,100000,99.243141412735,33.769725484818096,0.917367206728842,0.0003850270451651,32.14882744540111,0.9234687712695516,0.0005592178691667,0.0308884502066221
281,1.0,False,1.0,1.0,1.0,0.1,0.01,anisotropic,0.0125,0.0215443469003188,7,100000,97.98001074790956,29.44033928847365,0.960687945622672,0.0011353412168975,29.011253939875463,0.9607626573355492,0.0012532419954544,0.0266469860524111
282,1.0,False,1.0,1.0,1.0,0.1,0.01,anisotropic,0.0125,0.0215443469003188,7,100000,97.62591409683228,31.358542933384847,0.9363232521390424,0.0007311845199746,29.129166456594003,0.8955110080141993,0.0012217001747102,0.0337843916267693
283,1.0,False,1.0,1.0,1.0,0.1,0.01,anisotropic,0.0125,0.0464158883361277,8,100000,98.11545586586,36.38506385365682,0.9755883395014832,0.0002296904729296,37.047692628236135,0.9842960302477696,0.0001971878285346,0.0268374091784271
284,1.0,False,1.0,1.0,1.0,0.1,0.01,anisotropic,0.0125,0.0046415888336127,5,100000,98.41383910179138,28.671915882029197,0.9122165724177852,0.0013379458275663,29.38965199188328,0.9441885518541864,0.0011341354317691,0.0346596892911396
285,1.0,False,1.0,1.0,1.0,0.1,0.01,anisotropic,0.0125,0.0046415888336127,5,100000,98.86215710639954,27.96933464631769,0.9176406818610842,0.0015636885273837,27.142588145043337,0.9147765659575916,0.0018915808120191,0.0308986034670317
286,1.0,False,1.0,1.0,1.0,0.1,0.01,anisotropic,0.0125,0.01,6,100000,97.72814774513245,35.53168686748884,0.930931582150574,0.0002789347199915,36.8183635138728,0.9715813041106056,0.00020741249282,0.0331939506428589
287,1.0,False,1.0,1.0,1.0,0.1,0.01,anisotropic,0.0125,0.01,6,100000,99.4080741405487,36.62215167112819,0.9692954266772178,0.0002164201709323,34.92392243851099,0.9693961354235344,0.000319978397439,0.02730753571315
288,1.0,False,1.0,1.0,1.0,0.1,0.01,anisotropic,0.0125,0.0215443469003188,7,100000,98.5538432598114,36.68848446348508,0.9598198435336334,0.0002131277192534,35.79289154773576,0.9653292873000192,0.0002619384353676,0.0285494797685222
289,1.0,False,1.0,1.0,1.0,0.1,0.01,anisotropic,0.0125,0.0046415888336127,5,100000,99.49948477745056,31.056764953300547,0.8912982687423066,0.0007687000061988,32.833082822441106,0.9624453564417046,0.0005106520711009,0.0373698058465442
290,1.0,False,1.0,1.0,1.0,0.1,0.01,anisotropic,0.0125,0.0215443469003188,7,100000,98.61679315567017,35.597622714961126,0.966280583897247,0.0002753701908514,37.1544543254153,0.9861191503116812,0.000192412713613,0.0266104219228976
291,1.0,False,1.0,1.0,1.0,0.1,0.01,anisotropic,0.0125,0.0464158883361277,8,100000,98.67938375473022,25.787979840241277,0.8864775224286685,0.0026133036385655,25.880612166856395,0.9048772219409345,0.0025581537359171,0.0302048204482993
292,1.0,False,1.0,1.0,1.0,0.1,0.01,anisotropic,0.0125,0.0004641588833612,2,100000,98.17937088012695,27.018250453086083,0.8975421881234683,0.0019333978442452,28.314011120766093,0.932289433396985,0.0014346473591966,0.0361125181299386
293,1.0,False,1.0,1.0,1.0,0.1,0.01,anisotropic,0.0125,0.0046415888336127,5,100000,98.74850630760191,29.76479544597193,0.9381874612758154,0.0010446227527716,27.522255931481027,0.8987873542588214,0.0017507068554086,0.031422507114177
294,1.0,False,1.0,1.0,1.0,0.1,0.01,anisotropic,0.0125,0.0021544346900318,4,100000,99.23841309547424,29.452139467699677,0.8841007831268041,0.0008784995313286,30.080668025465503,0.9334567253159264,0.0007601314093501,0.033841196189493
295,1.0,False,1.0,1.0,1.0,0.1,0.01,anisotropic,0.0125,0.0046415888336127,5,100000,98.74965023994446,28.18250719286205,0.9089135258267024,0.0014994677306698,27.75940098359781,0.9220645957815142,0.0016529044347277,0.0344297756235701
296,1.0,False,1.0,1.0,1.0,0.1,0.01,anisotropic,0.0125,0.0021544346900318,4,100000,98.178391456604,30.18225705293584,0.9233905369152604,0.0009468320203941,30.162931041084157,0.9475921235048728,0.0009510547913501,0.0350236868977694
297,1.0,False,1.0,1.0,1.0,0.1,0.01,anisotropic,0.0125,0.0021544346900318,4,100000,97.7326979637146,31.637077884711005,0.888007212322337,0.0006657845776232,31.156908072528733,0.9317311173004518,0.0007436194011571,0.0398556456640345
298,1.0,False,1.0,1.0,1.0,0.1,0.01,anisotropic,0.0125,0.0215443469003188,7,100000,98.35069942474364,35.517188190692835,0.9574059059982613,0.0002804824790721,33.764813563017164,0.97704117009085,0.0004198974141056,0.0291203737166324
299,1.0,False,1.0,1.0,1.0,0.1,0.01,anisotropic,0.0125,0.0464158883361277,8,100000,97.75316905975342,36.60513790557389,0.9800317579525826,0.000218194470282,35.967896098098635,0.9823921704048932,0.0002526782851351,0.0280814978222131
300,1.0,False,1.0,1.0,1.0,0.1,0.01,anisotropic,0.0125,0.01,6,100000,100.05816674232484,37.14062110500252,0.9509451236563532,0.0001919547042361,36.68235851381261,0.9713670317082106,0.0002133167797757,0.0268391385668107
301,1.0,False,1.0,1.0,1.0,0.1,0.01,anisotropic,0.0125,0.0046415888336127,5,100000,100.30475878715517,29.18586228941031,0.9296018780087948,0.0011630391334426,29.6140230189052,0.9473167038584004,0.0010538486777977,0.0308055167254509
302,1.0,False,1.0,1.0,1.0,0.1,0.01,anisotropic,0.0125,0.0464158883361277,8,100000,99.15111970901488,36.076433135960784,0.9564482542544852,0.0002467749977973,36.10860296796261,0.9842689740621364,0.0002449537957091,0.0330821577036392
303,1.0,False,1.0,1.0,1.0,0.1,0.01,anisotropic,0.0125,0.0046415888336127,5,100000,99.10176301002502,28.764410610842525,0.9077725252637856,0.0013208592582454,28.557805409113573,0.9229942940692812,0.0013852146142887,0.0374504304107361
304,1.0,False,1.0,1.0,1.0,0.1,0.01,anisotropic,0.0125,0.0215443469003188,7,100000,98.70722150802612,26.3799444262631,0.8887678924043316,0.002286059271078,26.56208393161008,0.9254085295156678,0.0021921664949056,0.0313505010588493
305,1.0,False,1.0,1.0,1.0,0.1,0.01,anisotropic,0.0125,0.0046415888336127,5,100000,99.54833555221558,31.035893028629225,0.8848971835457485,0.0007806207043337,31.19060736844426,0.94702775912488,0.0007533011524932,0.0353575962312806
306,1.0,False,1.0,1.0,1.0,0.1,0.01,anisotropic,0.0125,0.01,6,100000,98.88003206253052,31.107704472691623,0.9593217723161682,0.0007636670842488,31.69013087502944,0.9733968990058112,0.0006678230915268,0.0297776621004539
307,1.0,False,1.0,1.0,1.0,0.1,0.01,anisotropic,0.0125,0.0046415888336127,5,100000,99.31881761550903,32.044455113468985,0.903690533802472,0.0005951743889948,32.60218203017003,0.9308102100058504,0.0005234455874133,0.0359102142477678
308,1.0,False,1.0,1.0,1.0,0.1,0.01,anisotropic,0.0125,0.01,6,100000,99.52312326431274,30.401559383953938,0.9151698715864368,0.0008685500605001,30.567104111844515,0.9395924433305152,0.000836065652699,0.0286153834709391
309,1.0,False,1.0,1.0,1.0,0.1,0.01,anisotropic,0.0125,0.0464158883361277,8,100000,101.0649037361145,36.427628286509744,0.9895499895184374,0.0002273981047923,35.47606656651158,0.9882022946595044,0.0002831020491051,0.0245352197800866
310,1.0,False,1.0,1.0,1.0,0.1,0.01,anisotropic,0.0125,0.001,3,100000,100.74070382118224,29.649702889625043,0.903348656800937,0.0010482345439314,29.2218319181884,0.9349072542751096,0.0011567661316516,0.0366089242598913
311,1.0,False,1.0,1.0,1.0,0.1,0.01,anisotropic,0.0125,0.0464158883361277,8,100000,99.08971667289734,36.093598667856384,0.9637633333762746,0.0002425984850246,35.41085456091928,0.979902978425494,0.000283898105985,0.0243402377863757
312,1.0,False,1.0,1.0,1.0,0.1,0.01,anisotropic,0.0125,0.0046415888336127,5,100000,98.3960828781128,29.037086214453787,0.9364487254300026,0.0012413055802677,27.9588283284236,0.9282993336974952,0.0015911257212598,0.0307659165140498
313,1.0,False,1.0,1.0,1.0,0.1,0.01,anisotropic,0.0125,0.0464158883361277,8,100000,100.3915183544159,33.41395166934915,0.9658547794257938,0.0004551197839164,34.42532763179634,0.9838219077116016,0.0003605687782363,0.0284896709402028
314,1.0,False,1.0,1.0,1.0,0.1,0.01,anisotropic,0.0125,0.0021544346900318,4,100000,99.64278292655943,33.82898406757838,0.9462351679920916,0.0004079601782326,33.156671542477824,0.9483409889978668,0.0004762653929544,0.035944154553149
315,1.0,False,1.0,1.0,1.0,0.1,0.01,anisotropic,0.0125,0.0002154434690031,1,100000,99.82659435272215,30.889612986171137,0.9568705136621174,0.0008128624292363,30.943584108839357,0.9502913292264796,0.0008028232448687,0.0339265382040175
316,1.0,False,1.0,1.0,1.0,0.1,0.01,anisotropic,0.0125,0.0046415888336127,5,100000,99.25351333618164,33.49087156658524,0.949785453842674,0.000435228362825,31.417374312160227,0.9337237312673758,0.0007015633852464,0.0291358200274762
317,1.0,False,1.0,1.0,1.0,0.1,0.01,anisotropic,0.0125,0.0021544346900318,4,100000,98.7096164226532,31.70665372422766,0.9302983915198164,0.0006358349495112,31.18061696955826,0.9525207249211788,0.000717708469516,0.0354136683565375
318,1.0,False,1.0,1.0,1.0,0.1,0.01,anisotropic,0.0125,0.0215443469003188,7,100000,100.03448343276978,36.62011918858816,0.947958049885614,0.0002161113141515,34.2636053202165,0.9515182161612424,0.0003718166991853,0.034307299066728
319,1.0,False,1.0,1.0,1.0,0.1,0.01,anisotropic,0.0125,0.1,9,100000,98.37339067459106,33.282436053894926,0.9740361219403232,0.0004695532220033,33.42817742212204,0.9828129116296588,0.0004540573269713,0.027883280441433
320,1.0,False,1.0,1.0,1.0,0.1,0.01,anisotropic,0.0125,0.0046415888336127,5,100000,98.28900623321532,31.93605925969328,0.939128090073144,0.0006341628460927,34.04852720290178,0.9700631388873572,0.0003899006865977,0.0284613938676517
321,1.0,False,1.0,1.0,1.0,0.1,0.01,anisotropic,0.0125,0.0215443469003188,7,100000,98.2756805419922,36.46724594702609,0.978362356995351,0.0002253470897583,36.33989166564203,0.9849697062017168,0.000232053103929,0.029415424619286
322,1.0,False,1.0,1.0,1.0,0.1,0.01,anisotropic,0.0125,0.01,6,100000,99.92710328102112,28.40089993506643,0.9074958198396222,0.0014323385158263,28.87839770806016,0.9342534519394654,0.001283204556397,0.0316595069956711
323,1.0,False,1.0,1.0,1.0,0.1,0.01,anisotropic,0.0125,0.0021544346900318,4,100000,99.47601556777954,33.46132611518079,0.9631602797148444,0.0004458470571443,32.28277463516814,0.9525632669005308,0.0005848453649836,0.0335828181118501
324,1.0,False,1.0,1.0,1.0,0.1,0.01,anisotropic,0.0125,0.0046415888336127,5,100000,98.8235685825348,32.284653025829215,0.9761820983075984,0.0005878177117107,31.131688268138102,0.9747488936816742,0.0007665476270417,0.0330755226568987
325,1.0,False,1.0,1.0,1.0,0.1,0.01,anisotropic,0.0125,0.0046415888336127,5,100000,99.69184398651124,30.85217806877267,0.92851785522287,0.000653895017183,30.10677211357229,0.9258799603154974,0.0007763340298894,0.0264893434396569
326,1.0,False,1.0,1.0,1.0,0.1,0.01,anisotropic,0.0125,0.0215443469003188,7,100000,98.94348788261414,32.286299731399986,0.9606788735234072,0.0005904308534057,31.527737340767583,0.9695632547330436,0.0007031132510792,0.0313560436861029
327,1.0,False,1.0,1.0,1.0,0.1,0.01,anisotropic,0.0125,0.01,6,100000,99.41145086288452,29.32394296017693,0.924444813014084,0.0011620798555445,29.977843695544006,0.94728004066893,0.0009996452329573,0.0288472454929154
328,1.0,False,1.0,1.0,1.0,0.1,0.01,anisotropic,0.0125,0.0046415888336127,5,100000,99.66445469856262,32.328500809351766,0.9560653369910372,0.0005573931029639,31.171630594449727,0.9459872978529944,0.0007275261566248,0.0295263547970707
329,1.0,False,1.0,1.0,1.0,0.1,0.01,anisotropic,0.0125,0.0215443469003188,7,100000,99.1025652885437,36.85651894334108,0.9803417883870764,0.0002061154905774,37.48081469107304,0.9853180861710308,0.0001785176074139,0.028651639864521
330,1.0,False,1.0,1.0,1.0,0.1,0.01,anisotropic,0.0125,0.0021544346900318,4,100000,99.21694159507751,29.587413359318184,0.9348204804686502,0.0010793428827057,30.86997837455471,0.9591302214708286,0.0008033465456232,0.0308809908363996
331,1.0,False,1.0,1.0,1.0,0.1,0.01,anisotropic,0.0125,0.0464158883361277,8,100000,98.48038625717165,37.36782191739896,0.9851704519242792,0.0001830963124981,36.24226130012184,0.9906141742236528,0.0002372660824342,0.0237308883888727
332,1.0,False,1.0,1.0,1.0,0.1,0.01,anisotropic,0.0125,0.0215443469003188,7,100000,98.64333033561708,32.0089759885747,0.9673180601435498,0.0006275348530533,31.67806887709089,0.9755654168924014,0.0006772181086553,0.0266414772185862
333,1.0,False,1.0,1.0,1.0,0.1,0.01,anisotropic,0.0125,0.0215443469003188,7,100000,98.93571496009828,39.17102084742872,0.985995409716214,0.0001208908580961,38.07876741097133,0.9872961398220714,0.0001554600503067,0.0265076966910597
334,1.0,False,1.0,1.0,1.0,0.1,0.01,anisotropic,0.0125,0.01,6,100000,99.68023610115053,34.42309602848447,0.9613594300565264,0.0003609125559923,33.464876677583604,0.9704639974390846,0.0004500118254259,0.0329890227790428
335,1.0,False,1.0,1.0,1.0,0.1,0.01,anisotropic,0.0125,0.0046415888336127,5,100000,100.37932014465332,30.53451473009112,0.9085053740477952,0.0008625721976243,30.42103208985367,0.9241010133758956,0.0008854085672313,0.0354916287339779
336,1.0,False,1.0,1.0,1.0,0.1,0.01,anisotropic,0.0125,0.0046415888336127,5,100000,99.31069898605348,34.582953522077425,0.9458354218154952,0.0003341142578663,32.18608556783087,0.943028489180052,0.0005802054506232,0.0358619917207925
337,1.0,False,1.0,1.0,1.0,0.1,0.01,anisotropic,0.0125,0.0215443469003188,7,100000,98.684965133667,27.0006833852737,0.9321247732932536,0.0019869337232528,27.058200596520887,0.9472215505760108,0.0019607926024616,0.0291527913652253
338,1.0,False,1.0,1.0,1.0,0.1,0.01,anisotropic,0.0125,0.0001,0,100000,99.60503673553468,28.492045411781245,0.9541954966853344,0.0013903562026838,26.50916908580715,0.9350055550372782,0.0021948948085806,0.0335152166517305
339,1.0,False,1.0,1.0,1.0,0.1,0.01,anisotropic,0.0125,0.01,6,100000,98.51625442504884,37.8845320409517,0.979362394017716,0.0001625364171695,37.17563823201277,0.9866397392029342,0.0001913551095239,0.0279157157316127
340,1.0,False,1.0,1.0,1.0,0.1,0.01,anisotropic,0.0125,0.0046415888336127,5,100000,99.0974507331848,32.14010700724038,0.9259774061572612,0.0005886785929556,31.728420021518332,0.9326390235464636,0.0006472125674585,0.0328283035291957
341,1.0,False,1.0,1.0,1.0,0.1,0.01,anisotropic,0.0125,0.01,6,100000,98.98623299598694,29.875520688593767,0.9246993696510784,0.0010177525536077,30.51461300736408,0.944497883992752,0.0008784822054596,0.0327032547435427
342,1.0,False,1.0,1.0,1.0,0.1,0.01,anisotropic,0.0125,0.0215443469003188,7,100000,99.02991127967834,29.399556086048623,0.9147209302160249,0.0008097722889076,29.439395835406977,0.9366726978980876,0.0008023778583922,0.0320092651594476
343,1.0,False,1.0,1.0,1.0,0.1,0.01,anisotropic,0.0125,0.0046415888336127,5,100000,99.169105052948,29.002921205892385,0.8821326876249908,0.0009436503926443,27.070004598489405,0.8715544507913024,0.0014726609999796,0.0325268131249532
344,1.0,False,1.0,1.0,1.0,0.1,0.01,anisotropic,0.0125,0.01,6,100000,99.18385434150696,35.98659141417255,0.969549519439134,0.0002515744165587,35.48440037548843,0.9753186817315505,0.0002824135812232,0.02891013420074
345,1.0,False,1.0,1.0,1.0,0.1,0.01,anisotropic,0.0125,0.01,6,100000,98.75124740600586,31.33305215778005,0.927988667950608,0.0007021734740823,31.3947316907216,0.9343832526509386,0.0006922715211514,0.0269865686361455
346,1.0,False,1.0,1.0,1.0,0.1,0.01,anisotropic,0.0125,0.0046415888336127,5,100000,99.68594098091124,30.95625378467011,0.9061354692828408,0.000780150092989,30.312179137748807,0.9163144097131042,0.0009048688319815,0.0369706699401475
347,1.0,False,1.0,1.0,1.0,0.1,0.01,anisotropic,0.0125,0.0046415888336127,5,100000,99.53802371025084,30.59055098114961,0.9607492871595152,0.0008506825148523,29.98177695910668,0.9512606808704268,0.0009786894538982,0.0310868491027863
348,1.0,False,1.0,1.0,1.0,0.1,0.01,anisotropic,0.0125,0.1,9,100000,98.75959300994872,36.07174020527252,0.9847816155372308,0.0002467441971255,35.40807958531438,0.9898818751278752,0.0002874835570831,0.0267244427614364
349,1.0,False,1.0,1.0,1.0,0.1,0.01,anisotropic,0.0125,0.0464158883361277,8,100000,98.18345069885254,36.244670441634376,0.9675791748163032,0.0002373201969257,36.96012758154851,0.987153443949453,0.000201274606405,0.0299967597660637
350,1.0,False,1.0,1.0,1.0,0.1,0.01,anisotropic,0.0125,0.0215443469003188,7,100000,99.94494414329527,35.14825604958248,0.945819894472146,0.0003053329963536,36.34482148856767,0.980457529867509,0.0002318020090643,0.0293460431010694
351,1.0,False,1.0,1.0,1.0,0.1,0.01,anisotropic,0.0125,0.0464158883361277,8,100000,98.76280069351196,31.640814786962927,0.9594305325450008,0.0006847296977264,31.588948451036657,0.9751442305889426,0.0006929562207825,0.0272666658761791
352,1.0,False,1.0,1.0,1.0,0.1,0.01,anisotropic,0.0125,0.0464158883361277,8,100000,98.66988444328308,37.065170565312016,0.9767576186337432,0.0001965524938796,37.49881641265924,0.9862395927148538,0.0001778746153055,0.028615644487628
353,1.0,False,1.0,1.0,1.0,0.1,0.01,anisotropic,0.0125,0.0215443469003188,7,100000,100.28720545768738,30.26674960022796,0.9471837928119208,0.0009371844687579,30.397067232798136,0.9729546959909678,0.0009094803484329,0.0284140273832026
354,1.0,False,1.0,1.0,1.0,0.1,0.01,anisotropic,0.0125,0.0215443469003188,7,100000,98.78826379776,34.29715519423852,0.969710551982522,0.0003715863610876,34.22138056063034,0.9803727945277636,0.0003781265988858,0.0294988109551388
355,1.0,False,1.0,1.0,1.0,0.1,0.01,anisotropic,0.0125,0.01,6,100000,98.2489264011383,26.804446865281925,0.9047604589380316,0.0020833185345519,27.40579751065188,0.940028934526138,0.0018139303741712,0.029763134939299
356,1.0,False,1.0,1.0,1.0,0.1,0.01,anisotropic,0.0125,0.01,6,100000,98.69621109962463,25.495542350961724,0.8880190623737834,0.0028140878005054,26.571149352244205,0.9429133107236806,0.0021967313264327,0.0283672097942665
357,1.0,False,1.0,1.0,1.0,0.1,0.01,anisotropic,0.0125,0.001,3,100000,99.80987977981567,27.888882432082003,0.8839948506977028,0.0016035093573141,27.522463087418046,0.9144335679839444,0.0017446705613445,0.0381864396825621
358,1.0,False,1.0,1.0,1.0,0.1,0.01,anisotropic,0.0125,0.0021544346900318,4,100000,99.39438009262084,31.374383783545134,0.9544210618506384,0.0006958800867749,32.01160119498908,0.9617093315081336,0.0006009144781243,0.0297286306810911
359,1.0,False,1.0,1.0,1.0,0.1,0.01,anisotropic,0.0125,0.0464158883361277,8,100000,98.77781414985655,37.15526257555932,0.9775230589630842,0.0001924721363117,37.64068639997383,0.9836402386457692,0.0001721176802958,0.0296546543176328
360,1.0,False,1.0,1.0,1.0,0.1,0.01,anisotropic,0.0125,0.0215443469003188,7,100000,99.05894327163696,35.79807046723867,0.9567078523452726,0.0002629849170814,35.39336587689447,0.9680663491436826,0.0002886697660447,0.0315726236847742
361,1.0,False,1.0,1.0,1.0,0.1,0.01,anisotropic,0.0125,0.0215443469003188,7,100000,99.81612515449524,33.30232209407749,0.9215989238058562,0.0004257890268821,33.44230960320583,0.9542148721707682,0.0004122832719473,0.0315334056016117
362,1.0,False,1.0,1.0,1.0,0.1,0.01,anisotropic,0.0125,0.0215443469003188,7,100000,98.77504706382751,28.434473478081465,0.922725028574937,0.0014337466484506,29.612835933000213,0.961899204735851,0.0010930402891265,0.0304694121183112
363,1.0,False,1.0,1.0,1.0,0.1,0.01,anisotropic,0.0125,0.0464158883361277,8,100000,98.9337728023529,39.83340992579673,0.986421220187194,0.0001038196922146,40.36155376987352,0.9945042905011438,9.193171301021226e-05,0.0250362538391952
364,1.0,False,1.0,1.0,1.0,0.1,0.01,anisotropic,0.0125,0.0464158883361277,8,100000,100.23702883720398,34.80415835950839,0.9726597385881832,0.0003306340657846,33.23486794690706,0.9633386839260024,0.0004745441663291,0.0300567619015606
365,1.0,False,1.0,1.0,1.0,0.1,0.01,anisotropic,0.0125,0.0002154434690031,1,100000,99.05346870422365,29.224958695094404,0.930838209107667,0.0011254944057587,28.949835905746397,0.932754845150102,0.0011991005981697,0.0363603218805723
366,1.0,False,1.0,1.0,1.0,0.1,0.01,anisotropic,0.0125,0.0021544346900318,4,100000,99.93433880805968,31.59442747752726,0.9310163489985464,0.0006870670160626,31.36962182157277,0.948623363760903,0.0007235685226517,0.0361746897762468
367,1.0,False,1.0,1.0,1.0,0.1,0.01,anisotropic,0.0125,0.01,6,100000,97.9986891746521,33.21464436611811,0.9464328509827242,0.0004755453656586,33.70504806939706,0.9730812889453736,0.0004247677963074,0.0287955609897152
368,1.0,False,1.0,1.0,1.0,0.1,0.01,anisotropic,0.0125,0.01,6,100000,99.2310757637024,35.18615250741914,0.9563592206879284,0.0003024411070261,34.708512351377095,0.9748742399685232,0.000337601863081,0.0339725141797953
369,1.0,False,1.0,1.0,1.0,0.1,0.01,anisotropic,0.0125,0.01,6,100000,99.04846262931824,29.699658689807784,0.9371386583173962,0.0010678168652696,30.98713652099329,0.9689729160490912,0.0007938692730557,0.0306008494791798
370,1.0,False,1.0,1.0,1.0,0.1,0.01,anisotropic,0.0125,0.0215443469003188,7,100000,100.04556274414062,35.67766979786195,0.957661945704435,0.0002702222869641,36.77833156228181,0.9785743022767018,0.0002097273110746,0.0317983576236075
371,1.0,False,1.0,1.0,1.0,0.1,0.01,anisotropic,0.0125,0.0046415888336127,5,100000,99.25666356086732,29.02042800796444,0.9270141660213572,0.0010693272326945,28.001152372401823,0.9234980166422616,0.0013521914662509,0.0288068161574036
372,1.0,False,1.0,1.0,1.0,0.1,0.01,anisotropic,0.0125,0.0021544346900318,4,100000,98.87697172164916,30.95133588611217,0.925254205086606,0.0007411957879353,30.608751337575896,0.9418733303211656,0.0008020314480145,0.0308840115740728
373,1.0,False,1.0,1.0,1.0,0.1,0.01,anisotropic,0.0125,0.0464158883361277,8,100000,100.64544582366943,36.7297096925016,0.9807035753613926,0.0002119249897765,36.51391202975519,0.9884246118106824,0.0002227213945081,0.0269780494832181
374,1.0,False,1.0,1.0,1.0,0.1,0.01,anisotropic,0.0125,0.0046415888336127,5,100000,98.64932298660278,35.40402843460415,0.9541759082172488,0.0002732269758645,34.432696907584685,0.9558190087079972,0.0003417092443064,0.0291745307453793
375,1.0,False,1.0,1.0,1.0,0.1,0.01,anisotropic,0.0125,0.0046415888336127,5,100000,98.52325105667114,32.521060713589726,0.9549826643101308,0.0005542640392194,32.52432500903028,0.9655430374889824,0.0005538475932674,0.0286143259465225
376,1.0,False,1.0,1.0,1.0,0.1,0.01,anisotropic,0.0125,0.01,6,100000,99.57698512077332,35.27518207441154,0.9451205701077072,0.0002928213810027,31.050873749700525,0.9125465367680924,0.0007745217480976,0.0275552590067055
377,1.0,False,1.0,1.0,1.0,0.1,0.01,anisotropic,0.0125,0.0046415888336127,5,100000,100.4275679588318,29.264074266909475,0.92227963092338,0.0011577765237919,29.88681063195472,0.9523090924444872,0.0010031158730617,0.0312785714274902
378,1.0,False,1.0,1.0,1.0,0.1,0.01,anisotropic,0.0125,0.0021544346900318,4,100000,99.47388696670532,30.341903067610037,0.9053607232933264,0.0008812061878693,30.649247211125186,0.9305417472153114,0.0008209999369616,0.0348245074758118
379,1.0,False,1.0,1.0,1.0,0.1,0.01,anisotropic,0.0125,0.01,6,100000,98.784428358078,28.786877639654666,0.9264257498447748,0.0013205148139084,30.407441151663047,0.9584718613841416,0.0009092575720069,0.0308901459604123
380,1.0,False,1.0,1.0,1.0,0.1,0.01,anisotropic,0.0125,0.0021544346900318,4,100000,99.45534157752992,28.21673718053541,0.879416587131912,0.0014831456477407,28.23398881165618,0.9000018410280644,0.0014772657827028,0.0369887608608025
381,1.0,False,1.0,1.0,1.0,0.1,0.01,anisotropic,0.0125,0.01,6,100000,100.04796314239502,29.00249870100755,0.8948833302479324,0.0012368995481255,29.77562794465008,0.9374523732114558,0.0010351934287463,0.032664508142898
382,1.0,False,1.0,1.0,1.0,0.1,0.01,anisotropic,0.0125,0.0021544346900318,4,100000,98.74385476112366,29.95853951331789,0.9250117216557592,0.0010024050526494,27.98803209315707,0.9268297138537938,0.0015779527298955,0.0331635112978906
383,1.0,False,1.0,1.0,1.0,0.1,0.01,anisotropic,0.0125,0.0021544346900318,4,100000,99.57822346687315,33.56305997393888,0.9437229168454117,0.0004074587789913,32.10649904384879,0.9436358464753284,0.0005698227344007,0.0335000997642397
384,1.0,False,1.0,1.0,1.0,0.1,0.01,anisotropic,0.0125,0.0215443469003188,7,100000,99.25242948532104,37.39353418983496,0.9788826772848362,0.0001820269083233,37.52489647377502,0.9865258761579055,0.0001766035235991,0.0268673343958482
385,1.0,False,1.0,1.0,1.0,0.1,0.01,anisotropic,0.0125,0.0046415888336127,5,100000,100.21337866783142,32.49719242520722,0.9255859525921531,0.0005610263712424,32.35527714691077,0.9727867533047329,0.0005796619636885,0.0350094213489965
386,1.0,False,1.0,1.0,1.0,0.1,0.01,anisotropic,0.0125,0.0021544346900318,4,100000,99.26910591125488,30.768534624373537,0.9518675893116524,0.0008289921847418,28.27535264019125,0.8886797986497947,0.0014718672250528,0.0343817431474759
387,1.0,False,1.0,1.0,1.0,0.1,0.01,anisotropic,0.0125,0.001,3,100000,98.84403395652772,26.743418084565267,0.8969122143915389,0.0021055897623749,26.11202041496492,0.90869200352323,0.0024350816461537,0.0369195362846921
388,1.0,False,1.0,1.0,1.0,0.1,0.01,anisotropic,0.0125,0.0021544346900318,4,100000,99.91424679756165,31.578257756409847,0.9554954285973252,0.0006883776517459,30.720222380190062,0.9321272721106584,0.0008387456872643,0.036589645402048
389,1.0,False,1.0,1.0,1.0,0.1,0.01,anisotropic,0.0125,0.0046415888336127,5,100000,99.37954759597778,34.461715701452306,0.9501317800978608,0.0003547623047487,33.50366540745103,0.9721631244215128,0.0004423260295837,0.0294195478917249
390,1.0,False,1.0,1.0,1.0,0.1,0.01,anisotropic,0.0125,0.0464158883361277,8,100000,99.26168203353882,37.73811346510382,0.9847334388877946,0.0001681890519546,36.019180947369534,0.9830539661241694,0.000249856685401,0.0288866068024036
391,1.0,False,1.0,1.0,1.0,0.1,0.01,anisotropic,0.0125,0.0464158883361277,8,100000,100.79025602340698,32.80751776371345,0.9486880949545684,0.0005224135577866,32.79658021693774,0.9771204483004462,0.0005237308952521,0.0312436548288391
392,1.0,False,1.0,1.0,1.0,0.1,0.01,anisotropic,0.0125,0.0215443469003188,7,100000,99.33672332763672,24.20358619830218,0.8907861058105901,0.0037910193303576,24.194687350057336,0.8717497999038638,0.0037987952274896,0.0329180972945059
393,1.0,False,1.0,1.0,1.0,0.1,0.01,anisotropic,0.0125,0.0046415888336127,5,100000,99.01452875137328,31.143123574112305,0.9375712506838016,0.000736863176557,30.603344365393244,0.9423432426530942,0.0008343817085186,0.0305797975363909
394,1.0,False,1.0,1.0,1.0,0.1,0.01,anisotropic,0.0125,0.01,6,100000,100.28605699539185,33.119888445030995,0.9246005963627052,0.0004861855861025,32.49445734136137,0.9531402814497596,0.0005614940901533,0.0345510746285077
395,1.0,False,1.0,1.0,1.0,0.1,0.01,anisotropic,0.0125,0.0021544346900318,4,100000,99.07283687591551,29.347568657933643,0.8963966894113466,0.001139469619589,28.24027341989534,0.8828807143885362,0.0014703890991082,0.0404277852467307
396,1.0,False,1.0,1.0,1.0,0.1,0.01,anisotropic,0.0125,0.0215443469003188,7,100000,99.61407613754272,34.89393737189903,0.9445952899004912,0.0003220570474914,34.115170971557674,0.962054615959384,0.0003853092607111,0.0336597241179191
397,1.0,False,1.0,1.0,1.0,0.1,0.01,anisotropic,0.0125,0.0021544346900318,4,100000,100.21235632896423,28.578866360816328,0.8895356444324202,0.0013715937708244,28.239849529331025,0.8990365123078653,0.0014829523180844,0.0376760767553453
398,1.0,False,1.0,1.0,1.0,0.1,0.01,anisotropic,0.0125,0.0021544346900318,4,100000,99.1835548877716,32.15177584181089,0.9393387864000358,0.0006055841286426,30.64872058508582,0.9235066144398324,0.0008560123100437,0.0279760390351175
399,1.0,False,1.0,1.0,1.0,0.1,0.01,anisotropic,0.0125,0.0464158883361277,8,100000,98.81637048721312,35.34599752477573,0.9726058286022368,0.0002916669754494,35.26802054059531,0.9815809024352138,0.000296951112391,0.0285864945380209
400,1.0,False,1.0,1.0,1.0,0.1,0.01,anisotropic,0.0125,0.0215443469003188,7,100000,96.63837504386902,36.765307817577074,0.9793278858342298,0.0002103665599463,33.91244484167553,0.9512945912600224,0.0004057541801746,0.0244681658426185
401,1.0,False,1.0,1.0,1.0,0.1,0.01,anisotropic,0.0125,0.1,9,100000,96.50627779960632,31.57998526846494,0.9291740632537664,0.000567845404983,31.872755253030554,0.9459962054638752,0.0005308271376725,0.0243035226891776
402,1.0,False,1.0,1.0,1.0,0.1,0.01,anisotropic,0.0125,0.0046415888336127,5,100000,96.10838079452516,33.039049113953084,0.9443476402033232,0.0004729360855482,32.99760766405725,0.9677363120398637,0.0004774705583657,0.0269638339197287
403,1.0,False,1.0,1.0,1.0,0.1,0.01,anisotropic,0.0125,0.01,6,100000,96.05176877975464,29.56057776823301,0.905833626481101,0.001102356944986,29.58800555454389,0.9475212411971482,0.0010954169681495,0.0383047727584973
404,1.0,False,1.0,1.0,1.0,0.1,0.01,anisotropic,0.0125,0.0464158883361277,8,100000,95.82267713546752,37.05571568939633,0.9669591563160728,0.0001969226957571,38.091732259806655,0.9851144439064456,0.0001551294009222,0.0282354833478169
405,1.0,False,1.0,1.0,1.0,0.1,0.01,anisotropic,0.0125,0.0464158883361277,8,100000,95.88016152381896,34.089303045320555,0.9499315533487211,0.0003896141626315,33.64492371941249,0.9711573154720404,0.0004315912863404,0.0311442802978749
406,1.0,False,1.0,1.0,1.0,0.1,0.01,anisotropic,0.0125,0.01,6,100000,96.31559419631958,31.297760037571575,0.9676055771712108,0.0007397435471433,32.44226315064858,0.978478783933148,0.0005683696433,0.030332303994183
407,1.0,False,1.0,1.0,1.0,0.1,0.01,anisotropic,0.0125,0.0464158883361277,8,100000,95.61932277679443,29.920618116271864,0.951932634792926,0.0010172450369095,29.70639513139934,0.9638486077323312,0.0010686804831134,0.0310430368635988
408,1.0,False,1.0,1.0,1.0,0.1,0.01,anisotropic,0.0125,0.0021544346900318,4,100000,96.21102690696716,31.678495420710536,0.9477040983424962,0.0006196777561725,30.88783623468384,0.9501217946665336,0.0007434158661762,0.0329116808644599
409,1.0,False,1.0,1.0,1.0,0.1,0.01,anisotropic,0.0125,0.0464158883361277,8,100000,96.52627801895142,35.10218852606861,0.9606660619489248,0.0003057214255457,34.58020733875315,0.9716920467938094,0.0003447656543072,0.0260500802104794
410,1.0,False,1.0,1.0,1.0,0.1,0.01,anisotropic,0.0125,0.0464158883361277,8,100000,96.07336020469666,38.55572964363438,0.9872044318550188,0.0001393427144077,37.81125195921025,0.992857946917652,0.0001653986783117,0.024925439419982
411,1.0,False,1.0,1.0,1.0,0.1,0.01,anisotropic,0.0125,0.0046415888336127,5,100000,96.95331597328186,34.136009930517346,0.9518680873780316,0.0003804072834679,34.30221154913429,0.9699611200649754,0.0003661243904977,0.0310078854493048
412,1.0,False,1.0,1.0,1.0,0.1,0.01,anisotropic,0.0125,0.0215443469003188,7,100000,96.54362177848816,37.41581284573456,0.973223733762078,0.000181124768711,37.77566941859408,0.9830848798286592,0.0001667217217411,0.0274700110499978
413,1.0,False,1.0,1.0,1.0,0.1,0.01,anisotropic,0.0125,0.0464158883361277,8,100000,96.42180180549622,32.642833482532446,0.9652011007565372,0.0005439108995813,32.98120678984715,0.98272642731691,0.0005031418370605,0.0307688868728201
414,1.0,False,1.0,1.0,1.0,0.1,0.01,anisotropic,0.0125,0.0464158883361277,8,100000,95.82074165344238,37.17303028620171,0.9787106945755468,0.0001913581694213,36.50713659425405,0.9889545293066352,0.0002230675395239,0.0266154236602933
415,1.0,False,1.0,1.0,1.0,0.1,0.01,anisotropic,0.0125,0.0464158883361277,8,100000,96.02787852287292,37.76146780577315,0.989553060069961,0.0001673508226763,38.03234369941952,0.993102270565758,0.0001572317551037,0.0242815253137201
416,1.0,False,1.0,1.0,1.0,0.1,0.01,anisotropic,0.0125,0.0021544346900318,4,100000,96.68110847473145,31.2445992828031,0.9099595340262994,0.0007457116917171,31.58154665078492,0.9422221296306184,0.0006900430966896,0.0370492839570924
417,1.0,False,1.0,1.0,1.0,0.1,0.01,anisotropic,0.0125,0.0021544346900318,4,100000,95.55053758621216,31.947633929008138,0.9043709148436282,0.000624394646081,31.73591177193169,0.951330356252026,0.0006555885897137,0.041323275831207
418,1.0,False,1.0,1.0,1.0,0.1,0.01,anisotropic,0.0125,0.01,6,100000,96.84108591079712,34.03099622428302,0.9494491826219246,0.0003930580481917,31.035735772655837,0.9222208413147492,0.000783398504967,0.029713144340596
419,1.0,False,1.0,1.0,1.0,0.1,0.01,anisotropic,0.0125,0.0215443469003188,7,100000,96.45216155052184,31.623266279929588,0.946196036402963,0.0006874390716338,31.37979668865785,0.9656454651171938,0.0007270782804116,0.0314854154604576
420,1.0,False,1.0,1.0,1.0,0.1,0.01,anisotropic,0.0125,0.0215443469003188,7,100000,95.5869481563568,33.77844054124417,0.9701154298405326,0.0004184570599387,34.81794087018951,0.9788904904182322,0.0003293827616565,0.029653379060834
421,1.0,False,1.0,1.0,1.0,0.1,0.01,anisotropic,0.0125,0.01,6,100000,96.8085870742798,33.558893840843005,0.9293475930545942,0.0004331596333136,32.484108223996,0.9279401966230124,0.0005547873361315,0.0291868827821303
422,1.0,False,1.0,1.0,1.0,0.1,0.01,anisotropic,0.0125,0.0215443469003188,7,100000,96.4775619506836,37.87351460663278,0.9712982353830776,0.0001630859654888,39.285988514285314,0.987832340900434,0.0001178064850451,0.0266858789217944
423,1.0,False,1.0,1.0,1.0,0.1,0.01,anisotropic,0.0125,0.0046415888336127,5,100000,95.86937379837036,33.25366341026011,0.967158545624226,0.0004710630508046,31.45185115949023,0.965453657864706,0.0007132803591983,0.0335999727531894
424,1.0,False,1.0,1.0,1.0,0.1,0.01,anisotropic,0.0125,0.0464158883361277,8,100000,95.50401139259338,35.695337305333766,0.9726279156986292,0.0002683974323203,35.42308194130288,0.9803746934734902,0.0002857616159826,0.0269953880424081
425,1.0,False,1.0,1.0,1.0,0.1,0.01,anisotropic,0.0125,0.0046415888336127,5,100000,95.98114466667175,33.24359529632663,0.9601110141792262,0.000463601991682,32.42290973811415,0.9575181129703012,0.0005600332969583,0.028856469292429
426,1.0,False,1.0,1.0,1.0,0.1,0.01,anisotropic,0.0125,0.001,3,100000,96.74571561813354,30.29907887843656,0.9328936466405756,0.0008986951365011,28.55197439635889,0.916515855907499,0.001343763497637,0.0373690239191469
427,1.0,False,1.0,1.0,1.0,0.1,0.01,anisotropic,0.0125,0.0215443469003188,7,100000,97.19798231124878,32.23164973941642,0.9408031803020798,0.000596829301571,31.951281342714907,0.963277024960122,0.0006366298188654,0.028636582362161
428,1.0,False,1.0,1.0,1.0,0.1,0.01,anisotropic,0.0125,0.01,6,100000,96.1044499874115,33.921803907753855,0.95029501744534,0.0004030702360797,34.571831373096195,0.9686799131207572,0.0003470387602314,0.0315420163706908
429,1.0,False,1.0,1.0,1.0,0.1,0.01,anisotropic,0.0125,0.001,3,100000,96.43044519424438,26.55763409583786,0.8515069970224732,0.0021498677306151,26.530176063847914,0.8717067835625256,0.0021635032115763,0.0413151755414991
430,1.0,False,1.0,1.0,1.0,0.1,0.01,anisotropic,0.0125,0.01,6,100000,96.20410346984865,38.28149325751716,0.946485322637047,0.0001473554876022,34.27767903020722,0.9250512677886884,0.0003704654714544,0.0275278138128875
431,1.0,False,1.0,1.0,1.0,0.1,0.01,anisotropic,0.0125,0.001,3,100000,96.40234780311584,27.943244553581174,0.925384333002772,0.0015169697042227,27.809096610135843,0.9168562588176682,0.0015645581233106,0.033551812332837
432,1.0,False,1.0,1.0,1.0,0.1,0.01,anisotropic,0.0125,0.0464158883361277,8,100000,95.46671295166016,30.6094445558929,0.9512444410089034,0.0008672531939713,30.80698098655016,0.9759977349960388,0.0008286903181931,0.0266350028202451
433,1.0,False,1.0,1.0,1.0,0.1,0.01,anisotropic,0.0125,0.001,3,100000,96.27835869789124,33.05770150382501,0.9382943449063036,0.0004843416038917,30.151541520545816,0.9184223444892252,0.0009457313244107,0.0361100618107114
434,1.0,False,1.0,1.0,1.0,0.1,0.01,anisotropic,0.0125,0.0215443469003188,7,100000,96.60322046279909,36.48593042289822,0.9673334088923414,0.0002245244963554,38.14477467776028,0.9833994035763896,0.0001532425271448,0.0276229458796985
435,1.0,False,1.0,1.0,1.0,0.1,0.01,anisotropic,0.0125,0.0215443469003188,7,100000,96.9131293296814,27.84874259710832,0.9083590036283964,0.0016299661623006,28.05585032243365,0.9222576916944204,0.0015540601211263,0.0338370807323407
436,1.0,False,1.0,1.0,1.0,0.1,0.01,anisotropic,0.0125,0.01,6,100000,96.44567227363586,27.844516333602805,0.9369541424491163,0.0016294618839279,28.43010764140063,0.9470182610602484,0.0014239183119791,0.0354964783986838
437,1.0,False,1.0,1.0,1.0,0.1,0.01,anisotropic,0.0125,0.0021544346900318,4,100000,97.01565790176392,32.85916203573224,0.9611421160659684,0.0005068556860028,31.23160945061325,0.9477812880487184,0.000737292101451,0.0298170541342371
438,1.0,False,1.0,1.0,1.0,0.1,0.01,anisotropic,0.0125,0.0464158883361277,8,100000,95.6995894908905,35.6731474565372,0.9858637498134916,0.0002706071806451,36.509567779811725,0.9899274761106194,0.000223201590106,0.0242834708651471
439,1.0,False,1.0,1.0,1.0,0.1,0.01,anisotropic,0.0125,0.0215443469003188,7,100000,95.88680386543274,32.7233141518098,0.958902082537127,0.0005321452403582,32.17365067264766,0.9722790996157712,0.0006039438038374,0.0262523295536121
440,1.0,False,1.0,1.0,1.0,0.1,0.01,anisotropic,0.0125,0.0464158883361277,8,100000,95.63059091567992,35.06605950915388,0.9708364108710312,0.0003110111069508,34.694789809780715,0.9868945840393134,0.0003387683812571,0.0261648656221683
441,1.0,False,1.0,1.0,1.0,0.1,0.01,anisotropic,0.0125,0.1,9,100000,95.63239073753356,35.24327418004249,0.977057218863598,0.0002989302289598,34.883267798393675,0.9837925093431772,0.0003247659376358,0.0270477207670556
442,1.0,False,1.0,1.0,1.0,0.1,0.01,anisotropic,0.0125,0.0215443469003188,7,100000,96.2611198425293,34.08074491092972,0.9626505225407058,0.0003900147006283,34.81854831486395,0.9773020626224528,0.0003290793543737,0.027878301442476
443,1.0,False,1.0,1.0,1.0,0.1,0.01,anisotropic,0.0125,0.0046415888336127,5,100000,96.18156504631042,30.084109322302997,0.91483112021854,0.0009643675504196,29.925158841467912,0.9328863467486592,0.0010003169703239,0.036227506167566
444,1.0,False,1.0,1.0,1.0,0.1,0.01,anisotropic,0.0125,0.0215443469003188,7,100000,95.97634077072144,36.062103137253104,0.9725757584482784,0.0002474695352236,35.47301357482822,0.977625237843348,0.000283420133921,0.0334797694455041
445,1.0,False,1.0,1.0,1.0,0.1,0.01,anisotropic,0.0125,0.0464158883361277,8,100000,95.75455093383788,35.14545256671977,0.9678894638445482,0.000305100561944,35.15148739152939,0.9844268215568944,0.0003046768978515,0.028776540951867
446,1.0,False,1.0,1.0,1.0,0.1,0.01,anisotropic,0.0125,0.01,6,100000,96.27250075340272,31.069637452709905,0.9443018000563904,0.0007806206058235,33.09974664810321,0.9753674178441416,0.0004891353960896,0.0285164862985695
447,1.0,False,1.0,1.0,1.0,0.1,0.01,anisotropic,0.0125,0.01,6,100000,96.89324116706848,32.784850863988154,0.9476480444448556,0.0004875766183253,31.075415353219967,0.9359251457756824,0.0007227472068951,0.0290007705520744
448,1.0,False,1.0,1.0,1.0,0.1,0.01,anisotropic,0.0125,0.0046415888336127,5,100000,96.0001471042633,30.23922784854424,0.8869200679423132,0.0008465838854191,30.49624635861969,0.927260057987996,0.0007979361601559,0.0340798823402886
449,1.0,False,1.0,1.0,1.0,0.1,0.01,anisotropic,0.0125,0.0021544346900318,4,100000,96.07838773727416,30.379719195245684,0.9240510048527876,0.0008376992422517,29.032272364118867,0.9197719657412294,0.0011424384352225,0.0343577899155313
450,1.0,False,1.0,1.0,1.0,0.1,0.01,anisotropic,0.0125,0.0464158883361277,8,100000,96.33666062355042,37.77394538067299,0.9842400288945962,0.0001668879486228,38.24397738735561,0.9894730974044909,0.0001497689467764,0.0244995018893849
451,1.0,False,1.0,1.0,1.0,0.1,0.01,anisotropic,0.0125,0.0215443469003188,7,100000,96.71315217018127,36.51166094794688,0.95604637329182,0.0002218698096784,34.50596212615797,0.961725505025996,0.0003521016765651,0.0307668114995217
452,1.0,False,1.0,1.0,1.0,0.1,0.01,anisotropic,0.0125,0.01,6,100000,95.96455073356628,33.785008247429,0.9759781422410426,0.0004169719386311,33.99907588066091,0.980311431703022,0.0003969173338658,0.0294943869883967
453,1.0,False,1.0,1.0,1.0,0.1,0.01,anisotropic,0.0125,0.0046415888336127,5,100000,96.31026911735536,32.05559200840548,0.9438669124050952,0.0006192440620002,31.710181379024736,0.9543383164722664,0.0006705063786313,0.0339469765398729
454,1.0,False,1.0,1.0,1.0,0.1,0.01,anisotropic,0.0125,0.001,3,100000,96.02064037322998,31.622405559093146,0.9486481329478764,0.0006726344395931,31.046470178796746,0.9497846186693896,0.0007680201914803,0.0315279987922177
455,1.0,False,1.0,1.0,1.0,0.1,0.01,anisotropic,0.0125,0.0464158883361277,8,100000,96.6129117012024,27.59351838167032,0.9525309055740512,0.0017324328664575,27.282491102171363,0.957298034975546,0.0018610547177039,0.0262781758646437
456,1.0,False,1.0,1.0,1.0,0.1,0.01,anisotropic,0.0125,0.0021544346900318,4,100000,96.22114658355711,28.571440889320808,0.8973513250831315,0.0013747559945205,29.575556959176268,0.914855598357712,0.0010909730314471,0.0338168469339774
457,1.0,False,1.0,1.0,1.0,0.1,0.01,anisotropic,0.0125,0.01,6,100000,96.25477766990662,29.883280114617328,0.9172144432795234,0.0008798621540616,29.60998458948623,0.9220097210640654,0.0009370099229454,0.0273350250437401
458,1.0,False,1.0,1.0,1.0,0.1,0.01,anisotropic,0.0125,0.0464158883361277,8,100000,95.50528144836426,40.12352085420965,0.9903752153707188,9.701843662876872e-05,39.432937709413785,0.9895384092972392,0.0001137398330718,0.0279292102102243
459,1.0,False,1.0,1.0,1.0,0.1,0.01,anisotropic,0.0125,0.0464158883361277,8,100000,96.44136118888856,30.25632065757848,0.9582616170104344,0.0009411728951102,29.951170968703188,0.9642371013264298,0.0010096814567031,0.0261628114600019
460,1.0,False,1.0,1.0,1.0,0.1,0.01,anisotropic,0.0125,0.01,6,100000,96.13186001777648,28.66067616772712,0.9399760210462352,0.0013505400938735,29.41289584168952,0.9605069557299244,0.0011357572410314,0.0337716943333866
461,1.0,False,1.0,1.0,1.0,0.1,0.01,anisotropic,0.0125,0.0464158883361277,8,100000,96.03940415382384,31.52967853422776,0.9693379164951526,0.0007023984950509,31.26935028791252,0.9636026848393758,0.0007457897273601,0.0296065512277039
462,1.0,False,1.0,1.0,1.0,0.1,0.01,anisotropic,0.0125,0.0046415888336127,5,100000,96.46460032463074,29.582229163864984,0.9187640509976256,0.0010805053511109,30.787612604934157,0.9607994504401928,0.0008186317377709,0.0356258538032899
463,1.0,False,1.0,1.0,1.0,0.1,0.01,anisotropic,0.0125,0.0046415888336127,5,100000,96.52688407897948,28.383814246582197,0.9152773812290722,0.0014390213347399,27.21996633961901,0.9063219089648916,0.0018812738703475,0.0397398525476925
464,1.0,False,1.0,1.0,1.0,0.1,0.01,anisotropic,0.0125,0.0215443469003188,7,100000,96.90397429466248,30.8709049037936,0.9278488293817913,0.0006852072284184,30.86160849277887,0.9417517034884716,0.0006866755387158,0.0296053816597463
465,1.0,False,1.0,1.0,1.0,0.1,0.01,anisotropic,0.0125,0.0046415888336127,5,100000,95.60557889938354,33.82630842736363,0.9732029171090536,0.0004056263834197,33.08909575015113,0.9720714737749502,0.0004806704932477,0.028852529863486
466,1.0,False,1.0,1.0,1.0,0.1,0.01,anisotropic,0.0125,0.0046415888336127,5,100000,98.45451831817628,29.27786986059416,0.9414990901360007,0.001162502163284,29.749792609307075,0.9561904920534432,0.0010428011342195,0.0308867745759354
467,1.0,False,1.0,1.0,1.0,0.1,0.01,anisotropic,0.0125,0.0215443469003188,7,100000,95.88551354408264,27.30487937797853,0.9338763790677176,0.0018568384469085,27.701005463577275,0.9523166442355472,0.0016949680308571,0.0252920620874565
468,1.0,False,1.0,1.0,1.0,0.1,0.01,anisotropic,0.0125,0.0046415888336127,5,100000,96.3494520187378,30.795873265157727,0.926617363331524,0.0008256334948882,29.70643523656881,0.9394278420154588,0.0010610384111087,0.0351698589876293
469,1.0,False,1.0,1.0,1.0,0.1,0.01,anisotropic,0.0125,0.0021544346900318,4,100000,96.65507459640504,33.61180218166315,0.8440276027157074,0.0004042504915609,31.86950685872116,0.8527852367667982,0.0006037818989427,0.0372624626171293
470,1.0,False,1.0,1.0,1.0,0.1,0.01,anisotropic,0.0125,0.0046415888336127,5,100000,97.0588526725769,32.99466742576827,0.9432972270076296,0.0004946550559694,31.6266837205904,0.93849999167157,0.000677798842692,0.0316110198574989
471,1.0,False,1.0,1.0,1.0,0.1,0.01,anisotropic,0.0125,0.0215443469003188,7,100000,96.5510709285736,33.09908878723466,0.9806677972228792,0.0004881689932573,32.330760778276755,0.9681465626335676,0.0005826436156713,0.0264244482723054
472,1.0,False,1.0,1.0,1.0,0.1,0.01,anisotropic,0.0125,0.0021544346900318,4,100000,96.5144579410553,32.427469358319456,0.9344503307220104,0.0005317926169542,32.19583930837239,0.9596603666850716,0.0005609256612477,0.031294569579768
473,1.0,False,1.0,1.0,1.0,0.1,0.01,anisotropic,0.0125,0.01,6,100000,95.90433168411256,32.1032970557061,0.952241092734866,0.0006105329499612,32.2167439450517,0.9620942954006854,0.0005947910411741,0.0331032240098
474,1.0,False,1.0,1.0,1.0,0.1,0.01,anisotropic,0.0125,0.0215443469003188,7,100000,96.2329216003418,36.05077887590275,0.9777247812833484,0.0002477597145023,35.78474718363741,0.9824395750427676,0.0002634109721363,0.0260081748223857
475,1.0,False,1.0,1.0,1.0,0.1,0.01,anisotropic,0.0125,0.0021544346900318,4,100000,96.737863779068,33.27946255776423,0.9257872716615316,0.0004414208578469,33.72254499303991,0.9640207823344932,0.0003986067115751,0.0332770749063107
476,1.0,False,1.0,1.0,1.0,0.1,0.01,anisotropic,0.0125,0.0046415888336127,5,100000,97.49474906921388,33.206100408412645,0.9479204478668052,0.0004718587166003,31.3417132407562,0.9440335281283015,0.0007248542654835,0.0336438215008677
477,1.0,False,1.0,1.0,1.0,0.1,0.01,anisotropic,0.0125,0.001,3,100000,96.81023740768433,31.27098002116336,0.9200415305451628,0.0006714776063856,31.47365125276685,0.9394892386052572,0.0006408618371987,0.0371304054941092
478,1.0,False,1.0,1.0,1.0,0.1,0.01,anisotropic,0.0125,0.1,9,100000,95.99737167358398,35.03034748155924,0.9920757077046268,0.0003137713074512,34.623345461711146,0.9893206108931504,0.0003445985370429,0.0241481329640417
479,1.0,False,1.0,1.0,1.0,0.1,0.01,anisotropic,0.0125,0.01,6,100000,96.05182933807372,29.08931740277099,0.9375240635132468,0.001231273305525,29.36426932931952,0.9564789118000696,0.0011557376763588,0.0305435995167945
480,1.0,False,1.0,1.0,1.0,0.1,0.01,anisotropic,0.0125,0.0464158883361277,8,100000,96.5309522151947,35.57709371275626,0.9608933087282806,0.000276400280486,35.23299912234049,0.9823755275532078,0.0002991905957002,0.0257231245756532
481,1.0,False,1.0,1.0,1.0,0.1,0.01,anisotropic,0.0125,0.01,6,100000,96.3689124584198,34.409008868730325,0.9431441967290723,0.0003587015295166,34.85866847665338,0.9744252276534764,0.0003234202941254,0.0287191080329968
482,1.0,False,1.0,1.0,1.0,0.1,0.01,anisotropic,0.0125,0.0464158883361277,8,100000,96.06000280380248,36.52467902160848,0.9739497516928544,0.0002222805445989,37.21926504993726,0.9876197608316968,0.0001894274222282,0.0261677127284243
483,1.0,False,1.0,1.0,1.0,0.1,0.01,anisotropic,0.0125,0.0046415888336127,5,100000,95.77649998664856,30.686544624550294,0.9380585350796076,0.0008434388978698,30.22632672627288,0.9517230090753503,0.0009377248300096,0.0313811484343319
484,1.0,False,1.0,1.0,1.0,0.1,0.01,anisotropic,0.0125,0.01,6,100000,98.1251254081726,30.776257275330483,0.9458318524692372,0.0008341054522803,31.022905789492032,0.974177480895967,0.000788054237463,0.029937396318594
485,1.0,False,1.0,1.0,1.0,0.1,0.01,anisotropic,0.0125,0.01,6,100000,96.87138605117798,26.440688261760343,0.8958575901909979,0.0022345430004668,26.427784573527884,0.9169402960684556,0.0022411921118901,0.035594484478917
486,1.0,False,1.0,1.0,1.0,0.1,0.01,anisotropic,0.0125,0.0021544346900318,4,100000,95.49180841445924,29.66139469234163,0.9450496744393037,0.0010550437555015,28.63757120140935,0.9311738638714656,0.0013355274551131,0.0308964125598522
487,1.0,False,1.0,1.0,1.0,0.1,0.01,anisotropic,0.0125,0.01,6,100000,98.02320766448976,31.820768348485785,0.9657634870103472,0.0006489105414917,29.82552425657338,0.935101384621368,0.0010273282683324,0.0260024896001626
488,1.0,False,1.0,1.0,1.0,0.1,0.01,anisotropic,0.0125,0.0021544346900318,4,100000,96.53071403503418,32.00686491521705,0.9525559252336532,0.0006283665585194,30.33000800506288,0.9501754415216104,0.0009244826285397,0.0342695319705979
489,1.0,False,1.0,1.0,1.0,0.1,0.01,anisotropic,0.0125,0.0021544346900318,4,100000,95.39403581619264,30.29409967759185,0.8874841274879439,0.0009169989011464,30.320464393586995,0.9276101080336966,0.0009114489388541,0.0354656670458042
490,1.0,False,1.0,1.0,1.0,0.1,0.01,anisotropic,0.0125,0.0046415888336127,5,100000,95.78582620620728,29.772547137203816,0.9099763088721916,0.0009525321023483,31.19556412222257,0.955154494633264,0.0006864010239955,0.0314825127844112
491,1.0,False,1.0,1.0,1.0,0.1,0.01,anisotropic,0.0125,0.0215443469003188,7,100000,97.64701104164124,28.48613125757737,0.961741667472618,0.001412696494453,28.336956569815147,0.9617280342644918,0.0014620638401827,0.0284158658944403
492,1.0,False,1.0,1.0,1.0,0.1,0.01,anisotropic,0.0125,0.0464158883361277,8,100000,95.28878664970398,34.15212485119146,0.967169120009875,0.0003839754293093,34.356141276777315,0.97944410863281,0.0003663547207186,0.0273629327045877
493,1.0,False,1.0,1.0,1.0,0.1,0.01,anisotropic,0.0125,0.1,9,100000,95.21343278884888,35.26974991478618,0.9744461543568282,0.0002969791235799,35.01101953237517,0.98198438214108,0.0003152092542616,0.0276378808409636
494,1.0,False,1.0,1.0,1.0,0.1,0.01,anisotropic,0.0125,0.0215443469003188,7,100000,98.10730695724487,36.208539070552646,0.977997401779899,0.0002390875560073,35.890476956347925,0.981067878987969,0.0002572546206472,0.0282221501582321
495,1.0,False,1.0,1.0,1.0,0.1,0.01,anisotropic,0.0125,0.0215443469003188,7,100000,95.86502194404602,36.434806819704704,0.9797110747193424,0.0002267205554092,33.85907268511544,0.9495441535947768,0.0004102648504613,0.0253350075251429
496,1.0,False,1.0,1.0,1.0,0.1,0.01,anisotropic,0.0125,0.0046415888336127,5,100000,96.71265077590942,30.919654165075205,0.911020071623332,0.0007006768058492,29.093287927899244,0.8814040491464197,0.0010669752985253,0.0324445529712349
497,1.0,False,1.0,1.0,1.0,0.1,0.01,anisotropic,0.0125,0.0046415888336127,5,100000,96.26617670059204,32.49283143719963,0.9557991897132116,0.0005447659700488,32.34281421518484,0.9708463783344782,0.0005639124627687,0.0279968669186239
498,1.0,False,1.0,1.0,1.0,0.1,0.01,anisotropic,0.0125,0.0021544346900318,4,100000,96.28236222267152,33.149667442681604,0.9357451356487346,0.000483283967503,33.28656390909002,0.9495184594919932,0.0004682876898925,0.0375416752654208
499,1.0,False,1.0,1.0,1.0,0.1,0.01,anisotropic,0.0125,0.0046415888336127,5,100000,96.26207995414734,33.18814249124956,0.9528988320542076,0.0004747093221953,31.65705651632692,0.9565762559089906,0.0006753615908816,0.0348173864504176
500,1.0,False,1.0,1.0,1.0,0.1,0.01,anisotropic,0.0125,0.0001,0,100000,98.69545030593872,26.081783132036605,0.8483373247765233,0.0023910054664799,26.26797276700717,0.8732266140065231,0.0022906651340689,0.0397554300821796
501,1.0,False,1.0,1.0,1.0,0.1,0.01,anisotropic,0.0125,0.0215443469003188,7,100000,97.8073184490204,33.907178883381505,0.9660107292534216,0.0004063729552726,33.488370506983365,0.9646388956266037,0.0004475129784495,0.025577424872782
502,1.0,False,1.0,1.0,1.0,0.1,0.01,anisotropic,0.0125,0.001,3,100000,98.24560236930849,32.56620278838757,0.9340790328303786,0.0005130855275384,31.78165178682107,0.930336266002573,0.0006146740305796,0.030582539235083
503,1.0,False,1.0,1.0,1.0,0.1,0.01,anisotropic,0.0125,0.0046415888336127,5,100000,97.17394733428956,27.8964207933312,0.9112339771380342,0.0016206281699116,30.08838652529377,0.9655255127781606,0.0009783332421534,0.0300142686870324
504,1.0,False,1.0,1.0,1.0,0.1,0.01,anisotropic,0.0125,0.0046415888336127,5,100000,98.40882968902588,32.31585883619135,0.9640268084545318,0.0005794951934602,32.219320762123154,0.9711400757207966,0.000592520861388,0.0291122023422905
505,1.0,False,1.0,1.0,1.0,0.1,0.01,anisotropic,0.0125,0.0215443469003188,7,100000,97.77771520614624,37.402566076511725,0.9843255953695232,0.0001815230535769,37.950798190572776,0.9883023079599832,0.000159995798139,0.0276537395157964
506,1.0,False,1.0,1.0,1.0,0.1,0.01,anisotropic,0.0125,0.0021544346900318,4,100000,97.25345039367676,29.78523624738496,0.9362093724621816,0.0010428966813681,27.81938266890858,0.9292448192807916,0.0016399350321387,0.0327279938429213
507,1.0,False,1.0,1.0,1.0,0.1,0.01,anisotropic,0.0125,0.0215443469003188,7,100000,97.81913995742798,30.41313755284392,0.9339917403402992,0.0008741799584922,29.755251183031053,0.9299284984078544,0.0010171604905619,0.0266750654700685
508,1.0,False,1.0,1.0,1.0,0.1,0.01,anisotropic,0.0125,0.0021544346900318,4,100000,97.8699026107788,32.11490188367478,0.9536160260424652,0.0006034187524669,30.13955817961788,0.9193833850363315,0.0009509401253554,0.0332875257145064
509,1.0,False,1.0,1.0,1.0,0.1,0.01,anisotropic,0.0125,0.0215443469003188,7,100000,98.02163410186768,37.154011195802255,0.9479887877424156,0.0001907726374508,38.24641443361372,0.973136460441998,0.0001483459725471,0.0324361683141866
510,1.0,False,1.0,1.0,1.0,0.1,0.01,anisotropic,0.0125,0.001,3,100000,97.52681159973145,29.550663141836917,0.910294749332901,0.0009984701022529,28.74972056080669,0.9173492023886556,0.0012006856582671,0.0354078071115408
511,1.0,False,1.0,1.0,1.0,0.1,0.01,anisotropic,0.0125,0.0046415888336127,5,100000,97.16250848770142,29.31790344221472,0.91182874323996,0.0011645268233743,28.86512920198781,0.9402016303092626,0.0012924891928347,0.0357138882926132
512,1.0,False,1.0,1.0,1.0,0.1,0.01,anisotropic,0.0125,0.0021544346900318,4,100000,98.5888466835022,30.049525297434947,0.925830782187822,0.0008418119835669,29.363625581340827,0.9242580773203586,0.0009858369127563,0.0329945502037409
513,1.0,False,1.0,1.0,1.0,0.1,0.01,anisotropic,0.0125,0.01,6,100000,97.34581232070924,27.23289826381798,0.9109625312192344,0.0018815668377209,27.07747804402652,0.9059362736455084,0.0019501215075149,0.0331983199560581
514,1.0,False,1.0,1.0,1.0,0.1,0.01,anisotropic,0.0125,0.0215443469003188,7,100000,97.9684281349182,37.72907479922326,0.9675795034979072,0.0001683916305701,36.91455620038609,0.973742597368394,0.000203129201918,0.0318223482330506
515,1.0,False,1.0,1.0,1.0,0.1,0.01,anisotropic,0.0125,0.0046415888336127,5,100000,98.09920907020567,34.14236047601974,0.9521273544324428,0.0003729184784218,32.552742483061515,0.94725464586769,0.0005377441603426,0.0324915524409938
516,1.0,False,1.0,1.0,1.0,0.1,0.01,anisotropic,0.0125,0.0021544346900318,4,100000,97.44334721565248,28.582419529244007,0.9154729616524236,0.001329078112877,27.852081767003572,0.8978855406762429,0.0015724769292491,0.0334478539593762
517,1.0,False,1.0,1.0,1.0,0.1,0.01,anisotropic,0.0125,0.0046415888336127,5,100000,98.48494911193848,33.08077366986839,0.9431269535936392,0.0004570637608216,32.47261918223198,0.9528279406336132,0.0005257656847884,0.0296877977785482
518,1.0,False,1.0,1.0,1.0,0.1,0.01,anisotropic,0.0125,0.0215443469003188,7,100000,97.54151558876038,27.496713707625965,0.882588376296684,0.0017155778096178,27.63265633392608,0.901766296940772,0.0016627086553029,0.0274123102034773
519,1.0,False,1.0,1.0,1.0,0.1,0.01,anisotropic,0.0125,0.0021544346900318,4,100000,97.60809135437012,31.603778463897484,0.942777029797888,0.000577766062005,30.29507468615887,0.940542380988066,0.0007809485188528,0.0324401096793694
520,1.0,False,1.0,1.0,1.0,0.1,0.01,anisotropic,0.0125,0.01,6,100000,97.63276195526124,27.708628083571988,0.8885107220889791,0.0016795230922942,28.325304885481877,0.9144617827562604,0.0014571971033829,0.0302401707386609
521,1.0,False,1.0,1.0,1.0,0.1,0.01,anisotropic,0.0125,0.0464158883361277,8,100000,97.34846258163452,34.34829633506879,0.9754617973549624,0.0003672204530812,33.505666849687174,0.978754384974646,0.0004458510673315,0.0311541573043635
522,1.0,False,1.0,1.0,1.0,0.1,0.01,anisotropic,0.0125,0.0215443469003188,7,100000,97.28181004524232,35.97809155028991,0.980658366281008,0.0002521007526517,36.025195528666124,0.9802326331696722,0.0002493812195476,0.0275046727959956
523,1.0,False,1.0,1.0,1.0,0.1,0.01,anisotropic,0.0125,0.1,9,100000,96.8939883708954,28.810512390171716,0.9156715135751414,0.0007916183275755,29.079568869618004,0.929879968574259,0.0007440638285068,0.0261274652614061
524,1.0,False,1.0,1.0,1.0,0.1,0.01,anisotropic,0.0125,0.1,9,100000,96.60155963897704,31.416271756935416,0.964857536690683,0.0007214759441186,31.052530674912475,0.976902358288132,0.0007845054470515,0.0315729656073383
525,1.0,False,1.0,1.0,1.0,0.1,0.01,anisotropic,0.0125,0.0215443469003188,7,100000,97.7627091407776,30.118258133369725,0.92620031997388,0.000923384502232,30.89480618250766,0.9640273534660146,0.0007721964066016,0.0280929535562223
526,1.0,False,1.0,1.0,1.0,0.1,0.01,anisotropic,0.0125,0.0046415888336127,5,100000,97.71858763694765,32.9507396505915,0.960604231764932,0.0005038782671941,33.0706818185825,0.9683455734298548,0.0004901527125177,0.0322870345006885
527,1.0,False,1.0,1.0,1.0,0.1,0.01,anisotropic,0.0125,0.001,3,100000,97.43290567398073,31.50427447462521,0.9413392158684616,0.0006996646837342,31.07360211198152,0.9594152012169624,0.0007726044216217,0.0366295319114866
528,1.0,False,1.0,1.0,1.0,0.1,0.01,anisotropic,0.0125,0.01,6,100000,98.70412683486938,31.43341441636464,0.931787572710624,0.0007056790096651,32.39525249873876,0.9654745862265188,0.0005654879973795,0.0331108855477754
529,1.0,False,1.0,1.0,1.0,0.1,0.01,anisotropic,0.0125,0.1,9,100000,97.78226900100708,36.2327327632856,0.9861989661246328,0.0002378988657702,35.64788353010573,0.9907273447893392,0.0002721932146837,0.0274555417972213
530,1.0,False,1.0,1.0,1.0,0.1,0.01,anisotropic,0.0125,0.0046415888336127,5,100000,97.87934803962708,30.60669999011361,0.9174860491783944,0.0008541603865229,29.616789911628672,0.9327402585457838,0.0010728288259151,0.0364051911886411
531,1.0,False,1.0,1.0,1.0,0.1,0.01,anisotropic,0.0125,0.0464158883361277,8,100000,97.05060338974,37.56694600203159,0.9889057160357284,0.0001749486050332,36.394637533786536,0.9919385982693364,0.0002291613282294,0.0264074255143932
532,1.0,False,1.0,1.0,1.0,0.1,0.01,anisotropic,0.0125,0.0046415888336127,5,100000,97.74524855613708,29.061909755306445,0.9088865387619012,0.0012353368278088,28.595227206240548,0.9230350678033824,0.0013754779848087,0.0357085527309541
533,1.0,False,1.0,1.0,1.0,0.1,0.01,anisotropic,0.0125,0.0046415888336127,5,100000,97.481920003891,31.634708373987685,0.9551414950975484,0.0006796894655008,32.20645349477521,0.969547544056256,0.0005958487420045,0.0309501484334361
534,1.0,False,1.0,1.0,1.0,0.1,0.01,anisotropic,0.0125,0.0464158883361277,8,100000,97.53096413612366,26.78154792485616,0.9170699093211094,0.0020904392915009,26.884551633943268,0.9379936490341884,0.0020414426732949,0.0297601189404949
535,1.0,False,1.0,1.0,1.0,0.1,0.01,anisotropic,0.0125,0.01,6,100000,97.09365487098694,36.6104480850483,0.9593815036223856,0.0001817381634174,34.266640663755865,0.9559705701451474,0.0003117646547824,0.0302888220672464
536,1.0,False,1.0,1.0,1.0,0.1,0.01,anisotropic,0.0125,0.0215443469003188,7,100000,96.85010194778442,27.35610694156799,0.9374416170566684,0.0018341947390992,28.088119876777924,0.963027734155724,0.0015496875712261,0.0307626965811155
537,1.0,False,1.0,1.0,1.0,0.1,0.01,anisotropic,0.0125,0.0215443469003188,7,100000,97.31281852722168,34.8382586516617,0.9764534566519644,0.0003280595388704,34.92273397495643,0.9825145732368752,0.0003217400594836,0.0316346697616257
538,1.0,False,1.0,1.0,1.0,0.1,0.01,anisotropic,0.0125,0.0215443469003188,7,100000,97.39905858039856,35.638752508941394,0.9637365975749914,0.0002712130470926,33.2070549642834,0.9448357966771282,0.0004747667901465,0.0270298676276724
539,1.0,False,1.0,1.0,1.0,0.1,0.01,anisotropic,0.0125,0.0046415888336127,5,100000,98.90824842453004,33.92541823664796,0.9620161895432042,0.0004032172604883,31.5817010113198,0.9588407402951936,0.0006916889491491,0.0373666289376888
540,1.0,False,1.0,1.0,1.0,0.1,0.01,anisotropic,0.0125,0.001,3,100000,97.94173502922058,29.81480972358228,0.9189738789524604,0.0010114552425226,28.16380156943949,0.9053377959101352,0.0014792701206998,0.0350428286449393
541,1.0,False,1.0,1.0,1.0,0.1,0.01,anisotropic,0.0125,0.0464158883361277,8,100000,97.76226735115053,34.56923829616622,0.9461648633414595,0.0003472946322647,34.90347349007878,0.9762318789560152,0.0003215692787636,0.0284228197020156
542,1.0,False,1.0,1.0,1.0,0.1,0.01,anisotropic,0.0125,0.001,3,100000,97.7606942653656,26.92668285452013,0.8498069580420684,0.0020145979723177,27.00722095564872,0.8899550810793627,0.0019775823730243,0.0388224961611758
543,1.0,False,1.0,1.0,1.0,0.1,0.01,anisotropic,0.0125,0.0215443469003188,7,100000,97.96993041038512,31.42633221531115,0.9438969823058532,0.0007113611009623,31.486493455875102,0.9672497324040376,0.0007015748128952,0.0292278934367007
544,1.0,False,1.0,1.0,1.0,0.1,0.01,anisotropic,0.0125,0.0464158883361277,8,100000,97.84141302108765,36.82805317770341,0.9549295696795632,0.0002073950416483,38.69753256396136,0.9860336354426904,0.0001348498384613,0.0295397899543773
545,1.0,False,1.0,1.0,1.0,0.1,0.01,anisotropic,0.0125,0.0046415888336127,5,100000,97.7674663066864,29.18878448555491,0.8671856035709392,0.0011937952678896,28.454378610683023,0.8675161571594989,0.0014137429119836,0.0391266496859886
546,1.0,False,1.0,1.0,1.0,0.1,0.01,anisotropic,0.0125,0.0046415888336127,5,100000,97.9211642742157,33.019975224151096,0.95803380403435,0.0004927249970156,31.31095636204713,0.9623538695586024,0.0007303087124932,0.0361110504434569
547,1.0,False,1.0,1.0,1.0,0.1,0.01,anisotropic,0.0125,0.0001,0,100000,98.13463759422302,27.844120156151757,0.904978219060964,0.0015716293736156,28.37156064929061,0.9135436578475912,0.001391893759909,0.0336644036575291
548,1.0,False,1.0,1.0,1.0,0.1,0.01,anisotropic,0.0125,0.001,3,100000,97.64073419570924,34.87439608035616,0.952218308695585,0.0003175704255843,32.90953346017921,0.9319962888273086,0.0004992594719627,0.0290188844072242
549,1.0,False,1.0,1.0,1.0,0.1,0.01,anisotropic,0.0125,0.001,3,100000,97.79036903381348,27.31936010969505,0.8447574968566856,0.0018249698180845,27.25096043117441,0.8783652199114012,0.0018539399123348,0.0409169966772817
550,1.0,False,1.0,1.0,1.0,0.1,0.01,anisotropic,0.0125,0.0046415888336127,5,100000,96.84373092651369,33.54025573169253,0.9319425359929052,0.0004313168280764,33.0010268512862,0.954714045298441,0.0004883366175745,0.0306514437595145
551,1.0,False,1.0,1.0,1.0,0.1,0.01,anisotropic,0.0125,0.0021544346900318,4,100000,96.31229901313782,32.88343699426692,0.9382886660804856,0.0004162725264877,33.41623269721052,0.9442675665829162,0.0003682122039698,0.0294343703423788
552,1.0,False,1.0,1.0,1.0,0.1,0.01,anisotropic,0.0125,0.0464158883361277,8,100000,95.9374167919159,38.09775848882908,0.9854657932086012,0.0001549316377091,37.81225959670484,0.9884174148330466,0.0001654588497486,0.0264744300042572
553,1.0,False,1.0,1.0,1.0,0.1,0.01,anisotropic,0.0125,0.0004641588833612,2,100000,96.78256607055664,30.55416530490504,0.8648818500286407,0.0007104069559168,32.49993491275675,0.921854119923774,0.0004538687111974,0.0311164499461797
554,1.0,False,1.0,1.0,1.0,0.1,0.01,anisotropic,0.0125,0.0021544346900318,4,100000,96.48321843147278,32.18127221333083,0.94382824372416,0.0005563786161061,30.845555654483384,0.943651638927092,0.0007567319763247,0.0326370986798533
555,1.0,False,1.0,1.0,1.0,0.1,0.01,anisotropic,0.0125,0.0215443469003188,7,100000,96.13974356651306,31.77789958662136,0.9549793394581416,0.000663147653983,32.74181576280167,0.9706307097912646,0.0005311517539687,0.0276347603191399
556,1.0,False,1.0,1.0,1.0,0.1,0.01,anisotropic,0.0125,0.0046415888336127,5,100000,96.04029059410097,32.04239616491941,0.9468094149467772,0.000621879126919,31.88649411459119,0.9698055815637472,0.0006446087334007,0.0303848639114777
557,1.0,False,1.0,1.0,1.0,0.1,0.01,anisotropic,0.0125,0.0046415888336127,5,100000,95.8504147529602,29.19280125679836,0.9035651084310512,0.0011767555212155,29.351073811241875,0.93122634471348,0.0011346423495622,0.0351928914237532
558,1.0,False,1.0,1.0,1.0,0.1,0.01,anisotropic,0.0125,0.0215443469003188,7,100000,95.4901270866394,37.24121030432114,0.9733438667871316,0.0001885605979211,38.43389101273101,0.9863130415403046,0.000143279110215,0.0266362428221039
559,1.0,False,1.0,1.0,1.0,0.1,0.01,anisotropic,0.0125,0.0464158883361277,8,100000,95.77840924263,37.91907924716723,0.9788610442930096,0.0001613531616446,38.09976319630931,0.9903326840479876,0.0001547779480373,0.0274346468980028
560,1.0,False,1.0,1.0,1.0,0.1,0.01,anisotropic,0.0125,0.0464158883361277,8,100000,95.21072816848756,36.23877600688664,0.987802792939854,0.0002375040574043,35.380305241678855,0.9892640052894228,0.000289413049807,0.0252921480212237
561,1.0,False,1.0,1.0,1.0,0.1,0.01,anisotropic,0.0125,0.01,6,100000,95.95309114456175,29.14705125523346,0.9112138467858144,0.0011988711890776,29.169232944511705,0.9350932156747868,0.0011927635380174,0.0347255316631302
562,1.0,False,1.0,1.0,1.0,0.1,0.01,anisotropic,0.0125,0.0046415888336127,5,100000,95.53687262535097,29.870771572343155,0.9315758737091474,0.0009897331412721,29.824026862469047,0.9444909338133132,0.0010004435390872,0.0302567178475652
563,1.0,False,1.0,1.0,1.0,0.1,0.01,anisotropic,0.0125,0.01,6,100000,96.09606003761292,33.57453153569472,0.9338234822544872,0.0004386689187058,34.88984888216281,0.9749348852028538,0.0003240448543552,0.0333341945854923
564,1.0,False,1.0,1.0,1.0,0.1,0.01,anisotropic,0.0125,0.0046415888336127,5,100000,96.61803221702576,36.59120305589524,0.9710574340287296,0.0002190253663678,33.23811685614336,0.9511114760678704,0.000474026952162,0.0291274914902363
565,1.0,False,1.0,1.0,1.0,0.1,0.01,anisotropic,0.0125,0.0021544346900318,4,100000,96.23595023155212,31.013024646233145,0.9398340543379796,0.0007640534998007,29.85251284646964,0.9506438308912012,0.0009981020540693,0.0303813643028725
566,1.0,False,1.0,1.0,1.0,0.1,0.01,anisotropic,0.0125,0.0464158883361277,8,100000,95.92983078956604,29.87851856207707,0.9319233231172782,0.0007208806327025,29.72701915771449,0.9446325186442566,0.0007464716153521,0.0255169783278097
567,1.0,False,1.0,1.0,1.0,0.1,0.01,anisotropic,0.0125,0.0464158883361277,8,100000,96.05370688438416,37.93760047379281,0.982005263602194,0.0001607402229758,38.91272959299289,0.991632789610598,0.0001284137872214,0.0242330983187314
568,1.0,False,1.0,1.0,1.0,0.1,0.01,anisotropic,0.0125,0.01,6,100000,95.36681914329527,24.569571691748926,0.8434210999579236,0.0033843495867212,24.75485603433126,0.8664399642692361,0.0032429987622518,0.0350233160186071
569,1.0,False,1.0,1.0,1.0,0.1,0.01,anisotropic,0.0125,0.0464158883361277,8,100000,95.76479959487916,31.46574643077743,0.9633400481589612,0.0007134462492523,30.91261809677132,0.9741381478334724,0.0008103527168654,0.0343382662603793
570,1.0,False,1.0,1.0,1.0,0.1,0.01,anisotropic,0.0125,0.0021544346900318,4,100000,95.742018699646,28.47405100691088,0.9208413035102708,0.0013891415500785,28.4145747619253,0.923734677045346,0.0014082965845542,0.0328240729025047
571,1.0,False,1.0,1.0,1.0,0.1,0.01,anisotropic,0.0125,0.0021544346900318,4,100000,96.5510196685791,34.34267298150908,0.930128966475374,0.0003667319340933,32.39756353899054,0.9203664022967682,0.000573930986785,0.0333624479304158
572,1.0,False,1.0,1.0,1.0,0.1,0.01,anisotropic,0.0125,0.0046415888336127,5,100000,96.09787106513976,31.20013467927967,0.9154453351313672,0.0006549568942128,30.37334878896208,0.9188068346998528,0.0007923030121327,0.032356061470896
573,1.0,False,1.0,1.0,1.0,0.1,0.01,anisotropic,0.0125,0.1,9,100000,95.98907470703124,33.23514288146954,0.9644224028078562,0.0004733182730486,33.288260970702595,0.9812657510503866,0.0004675644274097,0.0270963904095785
574,1.0,False,1.0,1.0,1.0,0.1,0.01,anisotropic,0.0125,0.0021544346900318,4,100000,96.60746502876282,34.52351087031647,0.9452927088227318,0.0003466694045106,33.21221990950349,0.9548323179807304,0.0004688615409279,0.0300277352050296
575,1.0,False,1.0,1.0,1.0,0.1,0.01,anisotropic,0.0125,0.0464158883361277,8,100000,96.50061798095705,33.4272534846085,0.9473132219186716,0.0004540864503571,35.2265587022926,0.9833789076802598,0.000300059942192,0.0315231634885702
576,1.0,False,1.0,1.0,1.0,0.1,0.01,anisotropic,0.0125,0.01,6,100000,96.15157914161682,36.62511018200793,0.964190710867566,0.0002172590075285,34.880305219895554,0.9669544074050036,0.0003246820560649,0.0280662705767979
577,1.0,False,1.0,1.0,1.0,0.1,0.01,anisotropic,0.0125,0.0046415888336127,5,100000,96.21978282928468,34.10827371034139,0.9485611613098268,0.000371697874528,31.745860370337084,0.9503365119432536,0.0006403706395734,0.0332212142880275
578,1.0,False,1.0,1.0,1.0,0.1,0.01,anisotropic,0.0125,0.01,6,100000,96.70290350914,30.5917477756156,0.9539354973807465,0.0008676525914054,29.191377941314578,0.934728311276122,0.0011977959812801,0.0311337123077311
579,1.0,False,1.0,1.0,1.0,0.1,0.01,anisotropic,0.0125,0.0046415888336127,5,100000,96.1565215587616,31.14887745315441,0.9579443158493162,0.0007621025761453,29.32998559834557,0.9292231343169663,0.0011585175446695,0.0324862676609009
580,1.0,False,1.0,1.0,1.0,0.1,0.01,anisotropic,0.0125,0.01,6,100000,95.64985609054564,35.346863731989295,0.9740400453534456,0.0002915618958618,36.71371696850456,0.9858505568868994,0.0002128361732924,0.0279403692515555
581,1.0,False,1.0,1.0,1.0,0.1,0.01,anisotropic,0.0125,0.0464158883361277,8,100000,95.96424198150636,37.25832495993299,0.9744809714490432,0.0001879543937814,38.25814618921847,0.987245987189027,0.0001493036275512,0.0293590489976361
582,1.0,False,1.0,1.0,1.0,0.1,0.01,anisotropic,0.0125,0.01,6,100000,95.94852352142334,28.26010549338492,0.9353473455067794,0.0014765437801259,28.16037002233777,0.9381273812747806,0.0015108448745706,0.0328585205312769
583,1.0,False,1.0,1.0,1.0,0.1,0.01,anisotropic,0.0125,0.1,9,100000,96.45636796951294,34.76190419351148,0.9812141712531084,0.0003338151166798,34.93995188556951,0.9873681622638816,0.0003204064354552,0.0258208997919536
584,1.0,False,1.0,1.0,1.0,0.1,0.01,anisotropic,0.0125,0.0046415888336127,5,100000,96.508323431015,30.02051252502268,0.9437744322950432,0.0009872594966761,28.98731731510359,0.9422078014713232,0.0012524224417588,0.0306169064322582
585,1.0,False,1.0,1.0,1.0,0.1,0.01,anisotropic,0.0125,0.0046415888336127,5,100000,96.97312140464784,32.36374451922258,0.9305346671921296,0.0005504190497427,30.522641178179573,0.9292506358480648,0.000841015094022,0.0317374659764162
586,1.0,False,1.0,1.0,1.0,0.1,0.01,anisotropic,0.0125,0.01,6,100000,96.2038836479187,25.219582244922535,0.8895991540866806,0.0029977895837538,25.512702285438525,0.9101222815342884,0.0028021355645672,0.0371429421261572
587,1.0,False,1.0,1.0,1.0,0.1,0.01,anisotropic,0.0125,0.0464158883361277,8,100000,96.17969346046448,37.00013316826038,0.9767608378614588,0.0001992935026848,37.39687700289829,0.9880498929080086,0.0001818941604757,0.0265903620156699
588,1.0,False,1.0,1.0,1.0,0.1,0.01,anisotropic,0.0125,0.0215443469003188,7,100000,95.88820266723631,30.431588149932324,0.952617503290182,0.0009029714154663,31.12757755321207,0.9694144721648972,0.0007692633859514,0.0268286692335488
589,1.0,False,1.0,1.0,1.0,0.1,0.01,anisotropic,0.0125,0.01,6,100000,96.66808891296388,30.739793098340588,0.9339454746570252,0.0008042832549148,31.46507603240496,0.9602054569550468,0.0006805824305083,0.0283322918947526
590,1.0,False,1.0,1.0,1.0,0.1,0.01,anisotropic,0.0125,0.0021544346900318,4,100000,96.37595415115356,30.156859140005444,0.9264498254866084,0.0009329099026155,31.21085858461166,0.9464627329678962,0.0007318797963693,0.032986162201771
591,1.0,False,1.0,1.0,1.0,0.1,0.01,anisotropic,0.0125,0.0046415888336127,5,100000,96.69656324386597,33.722590243856914,0.9307697994360236,0.000408350751713,33.13477850286421,0.9344066018840164,0.0004675354365145,0.032482944313214
592,1.0,False,1.0,1.0,1.0,0.1,0.01,anisotropic,0.0125,0.0046415888336127,5,100000,97.04937934875488,28.19089171902188,0.8982586964507564,0.0014381492161757,28.105788163710184,0.8958414489460621,0.0014666088604678,0.0321034729347983
593,1.0,False,1.0,1.0,1.0,0.1,0.01,anisotropic,0.0125,0.01,6,100000,96.24689650535583,34.86420515615135,0.9709548254579604,0.0003258382162333,35.136119748000525,0.9740368873792938,0.0003060628094057,0.0316716344180811
594,1.0,False,1.0,1.0,1.0,0.1,0.01,anisotropic,0.0125,0.01,6,100000,96.18903994560242,35.44576540581963,0.9462904279858438,0.0002827851574559,35.652512100090064,0.9576218583391114,0.0002696385242079,0.0341543797759587
595,1.0,False,1.0,1.0,1.0,0.1,0.01,anisotropic,0.0125,0.0215443469003188,7,100000,97.21155548095705,26.41456250577987,0.8974659239874138,0.0022271062228471,26.56754676805929,0.916746080700735,0.0021500200263768,0.0291866891759913
596,1.0,False,1.0,1.0,1.0,0.1,0.01,anisotropic,0.0125,0.0021544346900318,4,100000,96.31314373016356,30.994486875598923,0.9358559801692212,0.0007872573236265,29.52315806454644,0.9393944813882504,0.0011047133200871,0.0377142700567382
597,1.0,False,1.0,1.0,1.0,0.1,0.01,anisotropic,0.0125,0.0464158883361277,8,100000,95.21797323226927,38.36814362045578,0.9857678045297265,0.0001453497487527,37.1450384906428,0.9867019714622668,0.0001926303875467,0.0275236357025632
598,1.0,False,1.0,1.0,1.0,0.1,0.01,anisotropic,0.0125,0.0215443469003188,7,100000,96.45456457138062,33.103690869276456,0.9744960691827982,0.0004889813456309,31.807060791085423,0.9748781057156763,0.000659106051628,0.0275494147517935
599,1.0,False,1.0,1.0,1.0,0.1,0.01,anisotropic,0.0125,0.0464158883361277,8,100000,96.47157955169678,35.35940520445002,0.9766829770889196,0.0002910391291049,33.82542462230264,0.9808407316869552,0.0004143329197074,0.0272025282939262
600,1.0,False,1.0,1.0,1.0,0.1,0.01,anisotropic,0.0125,0.01,6,100000,96.920569896698,34.53555228945,0.9653171934889287,0.0003509316716788,32.62315671138364,0.968759144470242,0.0005450823542321,0.0300561831753821
601,1.0,False,1.0,1.0,1.0,0.1,0.01,anisotropic,0.0125,0.0215443469003188,7,100000,97.0661633014679,36.336397847640754,0.97197604019018,0.0002324434322215,37.4522328281648,0.986292417601282,0.0001797768561727,0.029624636665214
602,1.0,False,1.0,1.0,1.0,0.1,0.01,anisotropic,0.0125,0.1,9,100000,96.69214224815369,29.541261653739134,0.9179765888573702,0.000952575774236,29.293151428071837,0.9277283154870776,0.0010085804715769,0.0220633658194617
603,1.0,False,1.0,1.0,1.0,0.1,0.01,anisotropic,0.0125,0.0464158883361277,8,100000,96.80929255485536,35.054310381520175,0.9804027835764852,0.0003118696840612,33.83021274035776,0.9819184026240984,0.00041341185322,0.0306859222606552
604,1.0,False,1.0,1.0,1.0,0.1,0.01,anisotropic,0.0125,0.0046415888336127,5,100000,97.54710149765016,35.10970039528762,0.9582816928298862,0.0002990750634493,32.76136327212607,0.9623870668878914,0.0005135868741669,0.0334259107601125
605,1.0,False,1.0,1.0,1.0,0.1,0.01,anisotropic,0.0125,0.001,3,100000,98.17004680633544,30.820719544667952,0.90832058172476,0.0008228702733363,31.110431840499707,0.9375317201378812,0.0007697685154184,0.0383026009101085
606,1.0,False,1.0,1.0,1.0,0.1,0.01,anisotropic,0.0125,0.0464158883361277,8,100000,97.6216311454773,38.86098921363494,0.9914022926292644,0.0001297327324214,39.00617668583521,0.9907325932597958,0.0001254673767813,0.0260301459829186
607,1.0,False,1.0,1.0,1.0,0.1,0.01,anisotropic,0.0125,0.0046415888336127,5,100000,96.63494873046876,30.19595338326869,0.953271992944261,0.0009510551596728,29.70637134320613,0.9497614148034236,0.001064544719534,0.034618095426389
608,1.0,False,1.0,1.0,1.0,0.1,0.01,anisotropic,0.0125,0.0215443469003188,7,100000,96.87345838546752,34.91699383625899,0.9619975597789056,0.0003216188299032,33.93122322066425,0.9601305008259232,0.0004035696787773,0.028207720249162
609,1.0,False,1.0,1.0,1.0,0.1,0.01,anisotropic,0.0125,0.1,9,100000,97.07770085334778,35.76840071348315,0.9702123562389758,0.0002645806264426,36.2167477491323,0.9894235196973497,0.0002386290634831,0.0273247750640236
610,1.0,False,1.0,1.0,1.0,0.1,0.01,anisotropic,0.0125,0.0215443469003188,7,100000,97.27108335494997,26.546669142039526,0.9053732279237856,0.0022138231830671,27.624097565415152,0.929471322559372,0.0017274285325247,0.0315009707946221
611,1.0,False,1.0,1.0,1.0,0.1,0.01,anisotropic,0.0125,0.01,6,100000,97.52816557884216,32.10214400868013,0.9558985694788988,0.0006067337460646,32.352647876076155,0.9686655537727072,0.0005727271404644,0.0269702434883375
612,1.0,False,1.0,1.0,1.0,0.1,0.01,anisotropic,0.0125,0.01,6,100000,97.0798442363739,32.37621433151628,0.966156510307953,0.0005750017469884,30.67863492590782,0.9594737010258936,0.0008500160081173,0.0276407132473085
613,1.0,False,1.0,1.0,1.0,0.1,0.01,anisotropic,0.0125,0.0046415888336127,5,100000,96.9260003566742,31.410185115818287,0.8907297314121001,0.0007172771511632,33.14939761999423,0.9297472185574414,0.0004805800587858,0.0351996813611738
614,1.0,False,1.0,1.0,1.0,0.1,0.01,anisotropic,0.0125,0.01,6,100000,96.9181032180786,29.05188427439267,0.9054023182996992,0.0012365759472781,29.33258855618858,0.9439493631505224,0.0011591786312255,0.0339056271469082
615,1.0,False,1.0,1.0,1.0,0.1,0.01,anisotropic,0.0125,0.0046415888336127,5,100000,98.5097360610962,34.166804928205906,0.9514981517233084,0.0003749203820314,34.062394011134614,0.9657665902930636,0.0003840432555729,0.0309599884684449
616,1.0,False,1.0,1.0,1.0,0.1,0.01,anisotropic,0.0125,0.0046415888336127,5,100000,97.30365872383118,34.67248118771004,0.9570337745431508,0.0003203853030754,31.96508770759899,0.9315708742770809,0.0005976018505248,0.0288579892439191
617,1.0,False,1.0,1.0,1.0,0.1,0.01,anisotropic,0.0125,0.0046415888336127,5,100000,97.35236167907716,29.531297095672947,0.9488419256570376,0.0011051328966582,27.464964713071964,0.9341931815328564,0.0017784749196551,0.0336211631702909
618,1.0,False,1.0,1.0,1.0,0.1,0.01,anisotropic,0.0125,0.0021544346900318,4,100000,96.6828682422638,29.7885217446456,0.9057795088832032,0.0010202595286934,28.416722630703845,0.8935980009081818,0.0013992347133787,0.0361797856365015
619,1.0,False,1.0,1.0,1.0,0.1,0.01,anisotropic,0.0125,0.001,3,100000,96.93279337882996,33.476681466470176,0.9450389017423884,0.0004382748288111,33.35830109027526,0.9648294853055354,0.0004503856724501,0.0307928529950208
620,1.0,False,1.0,1.0,1.0,0.1,0.01,anisotropic,0.0125,0.0004641588833612,2,100000,97.37604928016664,27.116683538609543,0.8878757153896454,0.0019388900757796,27.93325088823072,0.90499575300249,0.0016065581615287,0.0386137924408638
621,1.0,False,1.0,1.0,1.0,0.1,0.01,anisotropic,0.0125,0.01,6,100000,96.2384979724884,32.11215291102476,0.9364941612511808,0.0005727965621513,33.009543489014725,0.967763187468494,0.0004658663530912,0.032299724499286
622,1.0,False,1.0,1.0,1.0,0.1,0.01,anisotropic,0.0125,0.0215443469003188,7,100000,96.49151945114136,38.25913687218176,0.9720760601639082,0.0001492833122374,38.52835246431536,0.9841479891463129,0.0001403103484754,0.0290227265519306
623,1.0,False,1.0,1.0,1.0,0.1,0.01,anisotropic,0.0125,0.01,6,100000,95.95187044143675,31.66385951746475,0.9509116884524336,0.0006716990167731,30.543690338092947,0.9592653372389264,0.0008693439388386,0.0318804421868954
624,1.0,False,1.0,1.0,1.0,0.1,0.01,anisotropic,0.0125,0.0021544346900318,4,100000,96.54509425163268,31.400509801046283,0.9750787400243636,0.0007206203615968,30.65207785330261,0.9576815776669236,0.0008561497299086,0.0324083961294672
625,1.0,False,1.0,1.0,1.0,0.1,0.01,anisotropic,0.0125,0.0215443469003188,7,100000,97.49052214622498,34.030162133898344,0.9509894612603907,0.0003903381499385,35.244475723448616,0.9793697535535566,0.0002951274738127,0.0279159568996877
626,1.0,False,1.0,1.0,1.0,0.1,0.01,anisotropic,0.0125,0.0215443469003188,7,100000,96.19891214370728,33.124457873085774,0.9606109741800042,0.0004867019869376,34.482495697658926,0.982636805861514,0.0003560076552889,0.0266204245594569
627,1.0,False,1.0,1.0,1.0,0.1,0.01,anisotropic,0.0125,0.0464158883361277,8,100000,96.43489408493042,37.28949564503612,0.97292269540028,0.000186293166183,38.55056930584982,0.9883175160262376,0.000139344412172,0.0238769045031384
628,1.0,False,1.0,1.0,1.0,0.1,0.01,anisotropic,0.0125,0.0021544346900318,4,100000,96.75118470191956,33.20822070173267,0.943201313832104,0.0003823082458196,30.69548222381432,0.9154168318054716,0.0006818479089922,0.0312650822993658
629,1.0,False,1.0,1.0,1.0,0.1,0.01,anisotropic,0.0125,0.0046415888336127,5,100000,96.54308152198792,34.37324517706657,0.9490600415461874,0.000359240924996,33.94836493846221,0.9678033286245156,0.00039616292525,0.0300508563682194
630,1.0,False,1.0,1.0,1.0,0.1,0.01,anisotropic,0.0125,0.0464158883361277,8,100000,98.27419257164,34.73543879937508,0.9600242485548498,0.0003353503047447,34.79318420991723,0.9813818906315164,0.0003309208752215,0.0253520352580429
631,1.0,False,1.0,1.0,1.0,0.1,0.01,anisotropic,0.0125,0.0046415888336127,5,100000,97.48645520210266,32.4554659060104,0.9383499592785942,0.0005581631342272,30.555910126771558,0.912185247737142,0.0008644039177512,0.0290064286805589
632,1.0,False,1.0,1.0,1.0,0.1,0.01,anisotropic,0.0125,0.01,6,100000,96.92020177841188,36.27836815186737,0.947010048484048,0.0002320327695928,34.225490686891604,0.9460632419403948,0.0003722520262487,0.0320095267107971
633,1.0,False,1.0,1.0,1.0,0.1,0.01,anisotropic,0.0125,0.01,6,100000,95.87105560302734,34.00536975218848,0.957146600668278,0.0003955157071329,34.06551888385429,0.9759496483597608,0.0003900756332173,0.0298405913367894
634,1.0,False,1.0,1.0,1.0,0.1,0.01,anisotropic,0.0125,0.01,6,100000,97.17536735534668,33.1509381254333,0.9704264783184788,0.0004823596735425,33.93588415510643,0.9800226850875488,0.0004026024279125,0.0271386966349453
635,1.0,False,1.0,1.0,1.0,0.1,0.01,anisotropic,0.0125,0.0215443469003188,7,100000,96.74106001853944,38.13362400745488,0.9882211309948687,0.0001535913955375,37.58268192399605,0.9885539663641704,0.0001743657149145,0.026068801515036
636,1.0,False,1.0,1.0,1.0,0.1,0.01,anisotropic,0.0125,0.0464158883361277,8,100000,95.65237998962402,37.12278154526663,0.9867673557366802,0.000193850120701,37.07940037629931,0.991342012946477,0.0001957961701836,0.0244446278410748
637,1.0,False,1.0,1.0,1.0,0.1,0.01,anisotropic,0.0125,0.001,3,100000,97.47726154327393,29.613226688425197,0.911748756617481,0.0010321894367873,29.2877701990339,0.8908123076857731,0.0011125129095505,0.031693385189957
638,1.0,False,1.0,1.0,1.0,0.1,0.01,anisotropic,0.0125,0.1,9,100000,96.1670446395874,36.03209059652325,0.9788764573708332,0.0002493084546231,35.718089622632625,0.9859071573177074,0.0002680014255119,0.0288197232946145
639,1.0,False,1.0,1.0,1.0,0.1,0.01,anisotropic,0.0125,0.0046415888336127,5,100000,96.91636180877686,32.68479612423821,0.9384150503124276,0.0005327152057278,31.861161296761185,0.9391346906014232,0.000643959532073,0.0318787330463264
640,1.0,False,1.0,1.0,1.0,0.1,0.01,anisotropic,0.0125,0.0046415888336127,5,100000,98.56883573532104,30.74828943672101,0.9196810967837644,0.0008277420616199,30.48304571416993,0.943344504386159,0.0008798717957629,0.037693707631058
641,1.0,False,1.0,1.0,1.0,0.1,0.01,anisotropic,0.0125,0.01,6,100000,97.4683575630188,28.39418162268366,0.8794305289695424,0.001404937976088,28.85203190554793,0.9129604193315822,0.0012643640051992,0.0320620481423716
642,1.0,False,1.0,1.0,1.0,0.1,0.01,anisotropic,0.0125,0.0046415888336127,5,100000,96.34737539291382,29.71526827918236,0.9307831903848428,0.0010483539949953,29.157718158045483,0.9344117663163578,0.0011919635270948,0.031033268679312
643,1.0,False,1.0,1.0,1.0,0.1,0.01,anisotropic,0.0125,0.0046415888336127,5,100000,97.3324499130249,30.659747028015456,0.9470317759994448,0.0008472585877981,31.642748826092397,0.962922065045714,0.0006756406945886,0.0314952037409717
644,1.0,False,1.0,1.0,1.0,0.1,0.01,anisotropic,0.0125,0.0004641588833612,2,100000,96.52480959892272,30.35421727580472,0.9201609308246084,0.0008332631670652,28.994208828121494,0.8995145391587938,0.0011396802697504,0.0324603334834181
645,1.0,False,1.0,1.0,1.0,0.1,0.01,anisotropic,0.0125,0.0464158883361277,8,100000,96.6235921382904,38.10680909370448,0.98390036854273,0.0001545579805065,37.64379980769847,0.9885750663478858,0.0001719461131842,0.0267511356274347
646,1.0,False,1.0,1.0,1.0,0.1,0.01,anisotropic,0.0125,0.01,6,100000,96.62503123283386,29.03590193246289,0.9369779875208952,0.0012431480552926,29.980593544515045,0.9673888141451424,0.0010001236419968,0.0279860635550005
647,1.0,False,1.0,1.0,1.0,0.1,0.01,anisotropic,0.0125,0.0021544346900318,4,100000,97.32916831970216,34.53704976222526,0.9507285801344948,0.0003134325057856,32.43016900810775,0.932696691905796,0.0005091340116383,0.030241770377804
648,1.0,False,1.0,1.0,1.0,0.1,0.01,anisotropic,0.0125,0.001,3,100000,96.43677973747252,31.377304560674432,0.9074680253344394,0.0006139127313339,31.3960521029033,0.9114782929326308,0.0006112683162289,0.0388376444102016
649,1.0,False,1.0,1.0,1.0,0.1,0.01,anisotropic,0.0125,0.0464158883361277,8,100000,97.6060507297516,36.33701257555016,0.9782671236182496,0.0002323358307443,35.87516086157489,0.9852282796735802,0.0002584052679412,0.0253205516551528
650,1.0,False,1.0,1.0,1.0,0.1,0.01,anisotropic,0.0125,0.0002154434690031,1,100000,96.32803440093994,28.141183041165892,0.8526336366135491,0.0008543200989168,27.780161902541675,0.8800667017794439,0.0009283735051906,0.030300909229855
651,1.0,False,1.0,1.0,1.0,0.1,0.01,anisotropic,0.0125,0.0215443469003188,7,100000,94.93367195129396,30.81790497900142,0.9503529053236036,0.0008265449798171,31.160592353985727,0.9656293134349804,0.0007638318350153,0.0319480841686939
652,1.0,False,1.0,1.0,1.0,0.1,0.01,anisotropic,0.0125,0.0046415888336127,5,100000,95.44782280921936,33.1393623803543,0.9471052703838732,0.0004620302630733,32.71577474410813,0.957851613003143,0.0005093651014672,0.029551429213833
653,1.0,False,1.0,1.0,1.0,0.1,0.01,anisotropic,0.0125,0.0046415888336127,5,100000,95.23778343200684,31.36876578482866,0.921437130634478,0.0007135382987996,32.10430222848543,0.9497980501275584,0.0006023704296949,0.0333060374302894
654,1.0,False,1.0,1.0,1.0,0.1,0.01,anisotropic,0.0125,0.01,6,100000,95.3118405342102,31.17118220633489,0.9406546435724346,0.0007606683405149,32.45914416508116,0.961186853768398,0.0005654564276653,0.0277730378566749
655,1.0,False,1.0,1.0,1.0,0.1,0.01,anisotropic,0.0125,0.0464158883361277,8,100000,95.503235578537,36.54691662851072,0.9879398200757648,0.0002208876073987,35.53455008367688,0.9778827177347276,0.0002788739868696,0.0298453183421167
656,1.0,False,1.0,1.0,1.0,0.1,0.01,anisotropic,0.0125,0.01,6,100000,94.33338332176208,31.97847123685621,0.8991200507204773,0.0005240303175139,33.31521043348339,0.9521444256312775,0.000385196643319,0.034113290370176
657,1.0,False,1.0,1.0,1.0,0.1,0.01,anisotropic,0.0125,0.0001,0,100000,96.01748824119568,31.55860473927992,0.8974816655641736,0.0005615379225332,30.46101422234654,0.8770423526373602,0.0007229997425351,0.0305768377091597
658,1.0,False,1.0,1.0,1.0,0.1,0.01,anisotropic,0.0125,0.0215443469003188,7,100000,95.08709812164308,30.09246444666807,0.9170321563464434,0.000665603946721,29.8396920987204,0.929548976691563,0.0007054936729604,0.0258448568109723
659,1.0,False,1.0,1.0,1.0,0.1,0.01,anisotropic,0.0125,0.001,3,100000,95.23697018623352,32.08349739784048,0.8872949180489694,0.0005716666436887,32.893180723100535,0.9425366204619092,0.0004744325959932,0.0321929196028425
660,1.0,False,1.0,1.0,1.0,0.1,0.01,anisotropic,0.0125,0.01,6,100000,94.80602049827576,28.8007945792903,0.9031509951992012,0.0012776858741952,28.73085861833445,0.9269219442480828,0.0012984274534018,0.032157823143218
661,1.0,False,1.0,1.0,1.0,0.1,0.01,anisotropic,0.0125,0.0046415888336127,5,100000,95.5284194946289,32.566502124059255,0.9386055453773724,0.0005291626563946,33.209126369607795,0.9704481691220648,0.0004563801674756,0.0311671583562591
662,1.0,False,1.0,1.0,1.0,0.1,0.01,anisotropic,0.0125,0.0021544346900318,4,100000,95.16389846801758,26.920826483164284,0.8941293676838276,0.0020124560142593,27.054885256737474,0.900076170483972,0.001951284161992,0.0330690410667644
663,1.0,False,1.0,1.0,1.0,0.1,0.01,anisotropic,0.0125,0.0464158883361277,8,100000,94.88434386253356,33.24128127215121,0.9728478935626936,0.0004723240213062,33.240358213367045,0.982394110824931,0.0004724244207334,0.0244061016256251
664,1.0,False,1.0,1.0,1.0,0.1,0.01,anisotropic,0.0125,0.0002154434690031,1,100000,95.4612135887146,27.00456330457875,0.8968849542915188,0.0019864519975497,26.504723819340867,0.8865954200981256,0.0022287534238324,0.0380156556937722
665,1.0,False,1.0,1.0,1.0,0.1,0.01,anisotropic,0.0125,0.0215443469003188,7,100000,95.28953170776369,30.85120360152258,0.9635821910766048,0.0008213744248302,31.111135897640327,0.9748206980790198,0.0007736560863339,0.0276447373699352
666,1.0,False,1.0,1.0,1.0,0.1,0.01,anisotropic,0.0125,0.0046415888336127,5,100000,95.19892644882202,28.996374930962126,0.8686495852278742,0.0012402168829902,28.937716935743897,0.90633164759426,0.0012570815101546,0.0415892886300801
667,1.0,False,1.0,1.0,1.0,0.1,0.01,anisotropic,0.0125,0.0464158883361277,8,100000,94.57136702537537,34.13436402060316,0.980961506992732,0.0003856597722101,33.8477706297543,0.9854367021574808,0.0004119681862769,0.0271408677832518
668,1.0,False,1.0,1.0,1.0,0.1,0.01,anisotropic,0.0125,0.0046415888336127,5,100000,94.95797157287598,27.86556270024218,0.8943481504075032,0.0016126233168187,28.262922070139183,0.9157650262887026,0.0014716244609811,0.0347712361873512
669,1.0,False,1.0,1.0,1.0,0.1,0.01,anisotropic,0.0125,0.0215443469003188,7,100000,95.06320428848268,29.98231316036748,0.9596263094741562,0.001002576742272,29.525443139483244,0.9634797378106392,0.0011137933683904,0.0289332417425505
670,1.0,False,1.0,1.0,1.0,0.1,0.01,anisotropic,0.0125,0.0046415888336127,5,100000,95.59912943840028,33.07389116572155,0.9325462884622708,0.0004578504021595,32.98098250045272,0.9605018613592315,0.0004677507219867,0.0277747004888274
671,1.0,False,1.0,1.0,1.0,0.1,0.01,anisotropic,0.0125,0.01,6,100000,94.36876893043518,29.84211328197043,0.9507709282385416,0.001033782901857,29.36314509439225,0.9599937243638282,0.0011543198492332,0.0282386802851936
672,1.0,False,1.0,1.0,1.0,0.1,0.01,anisotropic,0.0125,0.0464158883361277,8,100000,94.4807231426239,37.678327145381616,0.9896929975846648,0.0001705697651691,37.292661748254005,0.9909213188492666,0.0001864097359429,0.0242004892864939
673,1.0,False,1.0,1.0,1.0,0.1,0.01,anisotropic,0.0125,0.0464158883361277,8,100000,94.45023584365843,35.59103840024993,0.9740282578793708,0.00027571368033,36.235467641013486,0.9874669976053796,0.0002376924523018,0.0254290774349714
674,1.0,False,1.0,1.0,1.0,0.1,0.01,anisotropic,0.0125,0.1,9,100000,94.60108017921448,34.10501212934001,0.9511511605863984,0.0003817431275665,33.845832859099986,0.9664814117178456,0.000405218397115,0.0231315204493611
675,1.0,False,1.0,1.0,1.0,0.1,0.01,anisotropic,0.0125,0.0046415888336127,5,100000,95.04417634010316,30.50023550659962,0.9184457157838632,0.0008415155509714,31.299458646688198,0.9444745264834712,0.0007000673639915,0.0299011387911089
676,1.0,False,1.0,1.0,1.0,0.1,0.01,anisotropic,0.0125,0.0046415888336127,5,100000,95.50232481956482,32.918365025094744,0.9367657973038253,0.0004511302635756,32.6315639115111,0.9519815650520996,0.0004819279046459,0.0298810531619427
677,1.0,False,1.0,1.0,1.0,0.1,0.01,anisotropic,0.0125,0.0215443469003188,7,100000,95.1437566280365,28.98111715969468,0.9348962439764033,0.0012620660633622,28.53789229525,0.94187017296437,0.001397669780598,0.0343369820003336
678,1.0,False,1.0,1.0,1.0,0.1,0.01,anisotropic,0.0125,0.0046415888336127,5,100000,94.88136887550354,28.380583700044184,0.9070641431362428,0.0014410638693509,29.39880895713927,0.9490419088291244,0.0011398841211678,0.0305317335226401
679,1.0,False,1.0,1.0,1.0,0.1,0.01,anisotropic,0.0125,0.0215443469003188,7,100000,94.69081091880798,35.74594327664105,0.9722383044988014,0.0002651680273894,33.906588435131766,0.9701608804067728,0.0004050015096177,0.025424518489658
680,1.0,False,1.0,1.0,1.0,0.1,0.01,anisotropic,0.0125,0.0215443469003188,7,100000,95.1604917049408,36.53016548899883,0.9641672057555876,0.0002221780217056,35.767706852824055,0.9772541877566252,0.0002648176693702,0.0321975508505408
681,1.0,False,1.0,1.0,1.0,0.1,0.01,anisotropic,0.0125,0.01,6,100000,94.85714149475098,27.8737565043808,0.9307075142959896,0.0016192718724376,27.671487350991235,0.9501055202924528,0.0016964719659806,0.0307578903964647
682,1.0,False,1.0,1.0,1.0,0.1,0.01,anisotropic,0.0125,0.0021544346900318,4,100000,95.5493049621582,31.99447840356223,0.9255704100647648,0.0006024256396932,32.02489497633125,0.9491796069423226,0.0005982211869754,0.0352233489392302
683,1.0,False,1.0,1.0,1.0,0.1,0.01,anisotropic,0.0125,0.0464158883361277,8,100000,94.15991115570068,39.18019353965826,0.9802183123054043,0.0001206504630728,40.63182924043481,0.9909855126055416,8.63704978739902e-05,0.0235634232680377
684,1.0,False,1.0,1.0,1.0,0.1,0.01,anisotropic,0.0125,0.01,6,100000,94.5947198867798,34.22654288977684,0.9422882935494497,0.0003327255909339,33.57287270428897,0.9550391870774316,0.000386770394656,0.0307597941717182
685,1.0,False,1.0,1.0,1.0,0.1,0.01,anisotropic,0.0125,0.0464158883361277,8,100000,94.55490708351137,36.34711679058916,0.9838635071325852,0.0002317514552675,36.31211919056974,0.9862292677891722,0.0002336265684073,0.0283277659960853
686,1.0,False,1.0,1.0,1.0,0.1,0.01,anisotropic,0.0125,0.01,6,100000,94.31971836090088,31.889982393844672,0.9734131634889018,0.000644409549776,30.974042323813823,0.9699700581582004,0.0007957121230453,0.0295627596327914
687,1.0,False,1.0,1.0,1.0,0.1,0.01,anisotropic,0.0125,0.0464158883361277,8,100000,94.0732238292694,38.000456460647605,0.9806966585998178,0.0001584539072642,38.379393669747365,0.9864667187062632,0.0001452142485717,0.026097464777393
688,1.0,False,1.0,1.0,1.0,0.1,0.01,anisotropic,0.0125,0.0464158883361277,8,100000,94.48474168777466,38.37206568739721,0.9808616200063476,0.0001453963591933,38.743091862724974,0.9900137859648284,0.0001334906704072,0.0267930357344223
689,1.0,False,1.0,1.0,1.0,0.1,0.01,anisotropic,0.0125,0.0464158883361277,8,100000,94.32773399353027,37.52258484499395,0.9788891047360738,0.0001768625212967,38.1503331210819,0.9899750141469345,0.000153059744587,0.0265980496357843
690,1.0,False,1.0,1.0,1.0,0.1,0.01,anisotropic,0.0125,0.0464158883361277,8,100000,94.29700112342834,37.96538814405062,0.9851408199510624,0.0001595581126824,38.65430168828067,0.990831336370222,0.0001361531006955,0.025580789769262
691,1.0,False,1.0,1.0,1.0,0.1,0.01,anisotropic,0.0125,0.01,6,100000,94.86042165756226,32.56691855779492,0.9542017596915908,0.0005495619812148,32.48397417701766,0.973172812682452,0.0005601587426709,0.0294772893271973
692,1.0,False,1.0,1.0,1.0,0.1,0.01,anisotropic,0.0125,0.0215443469003188,7,100000,94.83830642700195,31.730576838287405,0.9487765792617718,0.0006684824302444,32.262470504611954,0.966649700683971,0.0005914262964213,0.0299039093333543
693,1.0,False,1.0,1.0,1.0,0.1,0.01,anisotropic,0.0125,0.0046415888336127,5,100000,95.0417981147766,32.54652677535254,0.957711799757248,0.00055321040472,31.176560619543533,0.9599893737188974,0.0007583801466698,0.0357065512578458
694,1.0,False,1.0,1.0,1.0,0.1,0.01,anisotropic,0.0125,0.0215443469003188,7,100000,95.07875323295592,36.33719980538921,0.980256620983916,0.0002321035105629,34.66367984749145,0.9694291082085404,0.0003412193921597,0.0263257521429282
695,1.0,False,1.0,1.0,1.0,0.1,0.01,anisotropic,0.0125,0.0021544346900318,4,100000,95.92613005638124,30.034823941331908,0.910008175339841,0.000973813502354,28.47279047481486,0.8908436722094388,0.0013953370901677,0.0326795430253318
696,1.0,False,1.0,1.0,1.0,0.1,0.01,anisotropic,0.0125,0.0002154434690031,1,100000,95.20647740364076,30.00043938887028,0.9110257114898768,0.0009772458965743,29.269658956812435,0.9355807617899088,0.0011563302809892,0.0432282302596264
697,1.0,False,1.0,1.0,1.0,0.1,0.01,anisotropic,0.0125,0.01,6,100000,95.08335614204408,27.42756758674751,0.8902371339979763,0.0017338073160464,26.865318141113992,0.8811816977152017,0.0019734484019159,0.0316630205976035
698,1.0,False,1.0,1.0,1.0,0.1,0.01,anisotropic,0.0125,0.001,3,100000,95.11130666732788,31.57741680759985,0.9475960512326072,0.0006771451317524,29.581712438758665,0.9299433708505536,0.0010721417235836,0.0323966214318618
699,1.0,False,1.0,1.0,1.0,0.1,0.01,anisotropic,0.0125,0.01,6,100000,94.71874022483826,27.497422065687417,0.9111674338647135,0.0017657905151387,28.03629126828675,0.947403299364032,0.0015597401778794,0.0357321527980769
700,1.0,False,1.0,1.0,1.0,0.1,0.01,anisotropic,0.0125,0.01,6,100000,96.31464171409608,35.82643691287031,0.9831772678766882,0.0002590931831325,36.17894467084143,0.9859239612663606,0.0002388939827175,0.0275327149052292
701,1.0,False,1.0,1.0,1.0,0.1,0.01,anisotropic,0.0125,0.0021544346900318,4,100000,95.3253743648529,30.923750870377468,0.9196808059330218,0.0007240251356015,30.94892067388884,0.9427698409418572,0.0007198411394615,0.0324907735520354
702,1.0,False,1.0,1.0,1.0,0.1,0.01,anisotropic,0.0125,0.01,6,100000,95.71798253059389,28.905165718206472,0.908842711100448,0.0012780983651277,28.62781716814558,0.9290929549467076,0.0013623827444128,0.0311684664767105
703,1.0,False,1.0,1.0,1.0,0.1,0.01,anisotropic,0.0125,0.0021544346900318,4,100000,95.95876026153564,30.044648232990983,0.8947973699782152,0.0009772116149587,30.951884501598485,0.929921670743592,0.000792985038487,0.0347853611526543
704,1.0,False,1.0,1.0,1.0,0.1,0.01,anisotropic,0.0125,0.0046415888336127,5,100000,95.79394030570984,32.09394420084427,0.9364448302084952,0.0005998398660134,31.70948957018196,0.9399076080522382,0.0006553612955141,0.0293661764091275
705,1.0,False,1.0,1.0,1.0,0.1,0.01,anisotropic,0.0125,0.0464158883361277,8,100000,95.16098833084106,35.600881585541394,0.9781618460109056,0.0002743274623215,35.667241733601585,0.9862875130989938,0.0002701676040083,0.0237339390221379
706,1.0,False,1.0,1.0,1.0,0.1,0.01,anisotropic,0.0125,0.0215443469003188,7,100000,95.58741402626038,34.43722922724098,0.9362299536041764,0.0003239732961312,33.65812250457525,0.9503265964058598,0.0003876322363182,0.0369924533004041
707,1.0,False,1.0,1.0,1.0,0.1,0.01,anisotropic,0.0125,0.01,6,100000,97.08212018013,27.4515456435004,0.8897270302167188,0.0017946354517425,27.484589359861623,0.9321474777442652,0.0017810326089564,0.0360845417646809
708,1.0,False,1.0,1.0,1.0,0.1,0.01,anisotropic,0.0125,0.0046415888336127,5,100000,96.26283168792725,31.87483138464358,0.9458674725591812,0.0005385368101002,30.845610699337243,0.9573164493072716,0.0006825547009306,0.0288922980457889
709,1.0,False,1.0,1.0,1.0,0.1,0.01,anisotropic,0.0125,0.0464158883361277,8,100000,95.42705535888672,33.1079916374072,0.938656709106525,0.0004885399327274,34.068308157024205,0.9806423105155676,0.0003916232040943,0.0351190777007029
710,1.0,False,1.0,1.0,1.0,0.1,0.01,anisotropic,0.0125,0.0021544346900318,4,100000,96.01585865020752,29.720956515431297,0.9198854224661404,0.0010520652060729,28.53763575996824,0.919821911893083,0.0013815758507816,0.0317619762434888
711,1.0,False,1.0,1.0,1.0,0.1,0.01,anisotropic,0.0125,0.0021544346900318,4,100000,95.923180103302,32.48640810423615,0.933892724588958,0.0005518042036857,30.364535918102504,0.9049011641893836,0.0008994400530207,0.0358324614775523
712,1.0,False,1.0,1.0,1.0,0.1,0.01,anisotropic,0.0125,0.0464158883361277,8,100000,95.5400848388672,34.35716806261404,0.9760722447709196,0.0003663593460262,33.46382881504012,0.9708494186377716,0.0004500297244519,0.0325039656199544
713,1.0,False,1.0,1.0,1.0,0.1,0.01,anisotropic,0.0125,0.01,6,100000,95.05543065071106,29.51157209106736,0.9057793910783438,0.0010000353879966,29.112966104110438,0.9144360407159614,0.0010961650910749,0.0306327873899837
714,1.0,False,1.0,1.0,1.0,0.1,0.01,anisotropic,0.0125,0.0215443469003188,7,100000,96.2248101234436,36.23239758581276,0.974822773066933,0.0002380518528993,35.43430697227226,0.9761697598870552,0.0002860754748913,0.0298629838660538
715,1.0,False,1.0,1.0,1.0,0.1,0.01,anisotropic,0.0125,0.0215443469003188,7,100000,95.704567193985,33.69425117463912,0.9401589314425978,0.0004270220746917,34.60443575485037,0.9617504955182036,0.0003462835556519,0.0317992793096796
716,1.0,False,1.0,1.0,1.0,0.1,0.01,anisotropic,0.0125,0.01,6,100000,95.9924292564392,32.08751284621505,0.9611078741177792,0.0006161184926788,32.41802394674971,0.9753941593521622,0.0005709697950747,0.0308196566517466
717,1.0,False,1.0,1.0,1.0,0.1,0.01,anisotropic,0.0125,0.0464158883361277,8,100000,96.57732224464417,36.7228458436235,0.9747410399422136,0.0002126518854297,36.72427252000788,0.9850795168340708,0.0002125820398274,0.0290673216063178
718,1.0,False,1.0,1.0,1.0,0.1,0.01,anisotropic,0.0125,0.01,6,100000,95.0198369026184,35.064729180492606,0.9500423107374324,0.0003110786133035,33.44541232825914,0.9683542331834232,0.000451649817992,0.0326328451210465
719,1.0,False,1.0,1.0,1.0,0.1,0.01,anisotropic,0.0125,0.0464158883361277,8,100000,95.4500663280487,36.58511311865114,0.9797715420843152,0.0002191472936521,37.06270979912118,0.9894692977782954,0.0001963253786213,0.0274539344774731
720,1.0,False,1.0,1.0,1.0,0.1,0.01,anisotropic,0.0125,0.0021544346900318,4,100000,95.84223127365112,28.58895372303412,0.92793678278183,0.001377621923284,27.70113720641273,0.9273723660679212,0.0016900972578922,0.0341656495401629
721,1.0,False,1.0,1.0,1.0,0.1,0.01,anisotropic,0.0125,0.01,6,100000,95.35533809661864,30.57312771178073,0.9391039245762968,0.0008712405726837,29.994128373433995,0.9573799939601656,0.0009954925761819,0.0311173940636398
722,1.0,False,1.0,1.0,1.0,0.1,0.01,anisotropic,0.0125,0.0046415888336127,5,100000,95.3855369091034,32.26003700227853,0.9107008922067374,0.0005836243550659,32.84136503727761,0.957327209709528,0.0005105057094048,0.0334231901918575
723,1.0,False,1.0,1.0,1.0,0.1,0.01,anisotropic,0.0125,0.0215443469003188,7,100000,95.60745215415956,30.284564002748,0.9124949552370476,0.0007362732406671,29.39390377127414,0.9143765970862467,0.0009038680595638,0.0283166561839132
724,1.0,False,1.0,1.0,1.0,0.1,0.01,anisotropic,0.0125,0.0004641588833612,2,100000,96.3450644016266,28.32741707161643,0.8948280219083327,0.0013866128113176,29.26013653042294,0.9115580261614736,0.0011186217584067,0.0384049366196747
725,1.0,False,1.0,1.0,1.0,0.1,0.01,anisotropic,0.0125,0.001,3,100000,96.50840497016908,31.44853901033692,0.8786863138656666,0.0004259825044526,28.67235196542702,0.8578215108132979,0.00080725448584,0.038708784938751
726,1.0,False,1.0,1.0,1.0,0.1,0.01,anisotropic,0.0125,0.0046415888336127,5,100000,95.50148034095764,28.226258548724733,0.9256312465234589,0.0015007740126772,29.66082312490208,0.958860759786254,0.0010785960941244,0.0311721243762184
727,1.0,False,1.0,1.0,1.0,0.1,0.01,anisotropic,0.0125,0.0464158883361277,8,100000,95.94536972045898,35.62189564094693,0.9744362422943168,0.0002738417279315,35.431497231945926,0.983904087702396,0.0002861142361122,0.0294672839402214
728,1.0,False,1.0,1.0,1.0,0.1,0.01,anisotropic,0.0125,0.0215443469003188,7,100000,95.60501313209534,28.316484786237275,0.9068845688512548,0.0014713060776021,29.471501223299267,0.9670497517104156,0.001127720266319,0.0299187366680168
729,1.0,False,1.0,1.0,1.0,0.1,0.01,anisotropic,0.0125,0.0046415888336127,5,100000,95.77065539360046,31.859065469953617,0.9740618891851592,0.0006431637340666,31.05513059258376,0.9512749755353708,0.0007739537978511,0.0302437288065825
730,1.0,False,1.0,1.0,1.0,0.1,0.01,anisotropic,0.0125,0.0046415888336127,5,100000,96.52123308181764,32.083418059868684,0.9372798540481896,0.0005948741189488,31.096954498245317,0.9572900530919836,0.0007465715409476,0.0357233739108776
731,1.0,False,1.0,1.0,1.0,0.1,0.01,anisotropic,0.0125,0.0464158883361277,8,100000,95.4717116355896,36.155439715820506,0.9827937491855976,0.0002421911331151,36.73849229997256,0.9895696314172462,0.0002117644139493,0.0243223250550225
732,1.0,False,1.0,1.0,1.0,0.1,0.01,anisotropic,0.0125,0.0464158883361277,8,100000,95.51769590377808,33.241302983007174,0.9840227778517104,0.0004732825523724,32.378065072068864,0.9735451032423678,0.0005773568004131,0.0292807910720293
733,1.0,False,1.0,1.0,1.0,0.1,0.01,anisotropic,0.0125,0.01,6,100000,95.8118019104004,32.433936598957075,0.9378391159388308,0.0005656886372417,32.38850570631768,0.973708299726724,0.000571637280691,0.0299863559680977
734,1.0,False,1.0,1.0,1.0,0.1,0.01,anisotropic,0.0125,0.0215443469003188,7,100000,95.48578929901124,31.811336523969697,0.9433600183098062,0.0006585875903644,33.42100386864975,0.9765583372771284,0.0004546181901125,0.0319077659364365
735,1.0,False,1.0,1.0,1.0,0.1,0.01,anisotropic,0.0125,0.01,6,100000,95.64231371879578,27.71112316705244,0.9165566592952528,0.0016663812603608,27.94090963952028,0.9337964742169024,0.0015805044602365,0.0349628236979232
736,1.0,False,1.0,1.0,1.0,0.1,0.01,anisotropic,0.0125,0.01,6,100000,95.7332968711853,30.93485001462315,0.9531645639405132,0.0007974067812011,29.91972672783122,0.9321053766486976,0.0010073775155979,0.0310753788374999
737,1.0,False,1.0,1.0,1.0,0.1,0.01,anisotropic,0.0125,0.0021544346900318,4,100000,96.69458103179932,30.670112194500017,0.9441287383202278,0.0008408268186629,30.678608965201427,0.9564228828417484,0.000839183388048,0.0325833576312622
738,1.0,False,1.0,1.0,1.0,0.1,0.01,anisotropic,0.0125,0.0215443469003188,7,100000,96.15599608421326,27.252270983500463,0.8945537505634912,0.0018770361948361,28.139541952393703,0.9446581104096534,0.0015301906723952,0.0335424955825666
739,1.0,False,1.0,1.0,1.0,0.1,0.01,anisotropic,0.0125,0.01,6,100000,95.71588325500488,30.67693056202872,0.921130010430405,0.0008530784436358,30.2549650744107,0.9343173582148624,0.0009401248160457,0.0408149680787862
740,1.0,False,1.0,1.0,1.0,0.1,0.01,anisotropic,0.0125,0.001,3,100000,95.33385992050172,28.942805307737625,0.8963588815099871,0.0012751761905364,29.9748616205444,0.930662574029584,0.0010054594584427,0.041620941136826
741,1.0,False,1.0,1.0,1.0,0.1,0.01,anisotropic,0.0125,0.0215443469003188,7,100000,95.93195104599,29.68074117553317,0.9381557199257098,0.0010752484106261,30.48854428875176,0.9629794171678376,0.0008927472024718,0.0312343983344955
742,1.0,False,1.0,1.0,1.0,0.1,0.01,anisotropic,0.0125,0.0464158883361277,8,100000,95.15091705322266,36.084504652528445,0.9827709566629964,0.0002460007745483,36.13274029820849,0.9866104445900664,0.0002432836427218,0.03030212933066
743,1.0,False,1.0,1.0,1.0,0.1,0.01,anisotropic,0.0125,0.0464158883361277,8,100000,96.2950987815857,31.1138534640183,0.9555978235525524,0.0007727604682302,31.07031059331337,0.9677612647042426,0.0007805472249467,0.0313527230157156
744,1.0,False,1.0,1.0,1.0,0.1,0.01,anisotropic,0.0125,0.0046415888336127,5,100000,95.9769434928894,30.849453969420733,0.9346938968050056,0.0007753460756581,30.9367044117126,0.9580766371502184,0.0007599246792647,0.028890813348004
745,1.0,False,1.0,1.0,1.0,0.1,0.01,anisotropic,0.0125,0.0215443469003188,7,100000,96.3151113986969,26.58056308487739,0.8705205365133538,0.0021048055970926,26.687433502817512,0.8979000099075758,0.0020536429951259,0.0282024027260754
746,1.0,False,1.0,1.0,1.0,0.1,0.01,anisotropic,0.0125,0.1,9,100000,95.1767578125,32.27303365881271,0.9794701760178276,0.0005914145648471,31.83307025283053,0.9818020475132638,0.0006544679090258,0.0265792170325478
747,1.0,False,1.0,1.0,1.0,0.1,0.01,anisotropic,0.0125,0.0464158883361277,8,100000,96.12907719612122,38.8872511750745,0.9814628964919784,0.0001290397947389,38.89500611316375,0.984388066948274,0.0001288095816574,0.0283693403076436
748,1.0,False,1.0,1.0,1.0,0.1,0.01,anisotropic,0.0125,0.0215443469003188,7,100000,95.66407036781312,31.99214886166597,0.9373536120679784,0.000586692532305,31.6323534122577,0.9539563861230042,0.0006373677798611,0.0275470172364965
749,1.0,False,1.0,1.0,1.0,0.1,0.01,anisotropic,0.0125,0.01,6,100000,95.83457779884338,31.87946538737588,0.9275257610158464,0.0006373919168138,32.43343441440024,0.9614529842759512,0.0005610604412008,0.0386952759355264
750,1.0,False,1.0,1.0,1.0,0.1,0.01,anisotropic,0.0125,0.001,3,100000,96.05073142051695,33.02649091312523,0.9260067018486317,0.0004385467726159,32.67239570793177,0.9442362655285556,0.0004758010978544,0.0344293085355557
751,1.0,False,1.0,1.0,1.0,0.1,0.01,anisotropic,0.0125,0.01,6,100000,98.11958479881288,30.439385640071364,0.9280680691846644,0.0009019077987099,30.267153023794773,0.9382155501963324,0.000938394392373,0.0344845071881222
752,1.0,False,1.0,1.0,1.0,0.1,0.01,anisotropic,0.0125,0.0001,0,100000,96.52948784828186,28.385867611454657,0.9170928203664144,0.0014305215484808,27.430685802254462,0.8981021435254284,0.001782430418236,0.0369098478072372
753,1.0,False,1.0,1.0,1.0,0.1,0.01,anisotropic,0.0125,0.01,6,100000,96.3083999156952,28.772052113684143,0.9320139769714844,0.0013189956291062,28.564172106137555,0.9367113955502072,0.0013836662794948,0.027786794625298
754,1.0,False,1.0,1.0,1.0,0.1,0.01,anisotropic,0.0125,0.0464158883361277,8,100000,96.47835230827332,34.43480325853252,0.9596147613767168,0.000358719339894,33.35772321198209,0.9782991457514092,0.0004596876079487,0.0287902815109884
755,1.0,False,1.0,1.0,1.0,0.1,0.01,anisotropic,0.0125,0.1,9,100000,96.09511852264404,32.21908316242644,0.9752923338589494,0.0005995737819394,31.69321686874595,0.981756036471042,0.0006767515563464,0.0280907799786132
756,1.0,False,1.0,1.0,1.0,0.1,0.01,anisotropic,0.0125,0.0464158883361277,8,100000,96.30439352989195,32.045897436305815,0.9767756749409352,0.0006237030775748,32.71210080946216,0.984820665543308,0.0005350046413666,0.0256524416956357
757,1.0,False,1.0,1.0,1.0,0.1,0.01,anisotropic,0.0125,0.0021544346900318,4,100000,95.33830666542052,31.749197699814,0.9220755254730538,0.0006457746441524,32.28034204357611,0.9289076211600282,0.0005714346280295,0.0319740247100023
758,1.0,False,1.0,1.0,1.0,0.1,0.01,anisotropic,0.0125,0.0021544346900318,4,100000,96.43127727508544,31.806969498328293,0.9501862846850124,0.0006581869718473,31.70994843784149,0.9541558326578304,0.0006730562906062,0.035755402872761
759,1.0,False,1.0,1.0,1.0,0.1,0.01,anisotropic,0.0125,0.0046415888336127,5,100000,95.9712975025177,28.849569949106115,0.8577046133063898,0.0012260963915929,29.11289902847552,0.8853014658805533,0.0011539625278044,0.0358201131541352
760,1.0,False,1.0,1.0,1.0,0.1,0.01,anisotropic,0.0125,0.0215443469003188,7,100000,96.76187562942503,32.56263355420222,0.9523880739366404,0.0005535572522339,31.438837853921694,0.9661627440317528,0.0007170379056662,0.0308246709117559
761,1.0,False,1.0,1.0,1.0,0.1,0.01,anisotropic,0.0125,0.0021544346900318,4,100000,96.99524688720705,29.99201798222005,0.8798513379987758,0.0009324480568155,29.88713571085041,0.8948504527729497,0.0009552408257753,0.0325693663368226
762,1.0,False,1.0,1.0,1.0,0.1,0.01,anisotropic,0.0125,0.001,3,100000,96.41008353233336,29.63016217270439,0.9225939912640176,0.0010779942914937,28.79465690340416,0.9381655842308088,0.0013066732126898,0.0353625407900364
763,1.0,False,1.0,1.0,1.0,0.1,0.01,anisotropic,0.0125,0.0215443469003188,7,100000,96.40346026420592,25.95517211934633,0.9106134631305912,0.0025285491661462,26.113345982203413,0.9276860169102484,0.0024381140454957,0.0300206223042069
764,1.0,False,1.0,1.0,1.0,0.1,0.01,anisotropic,0.0125,0.0464158883361277,8,100000,95.67168307304382,36.60280476179258,0.9794979824523246,0.0002185159050447,35.90499754844297,0.9835584125868584,0.0002566042083761,0.0296666978551821
765,1.0,False,1.0,1.0,1.0,0.1,0.01,anisotropic,0.0125,0.0215443469003188,7,100000,95.69882488250732,33.58266171120697,0.9439116492531072,0.0004273120592425,32.74856939771672,0.9553602589987054,0.0005177908607109,0.0320127750978358
766,1.0,False,1.0,1.0,1.0,0.1,0.01,anisotropic,0.0125,0.0046415888336127,5,100000,95.93176460266112,28.97621937054092,0.8851504437472434,0.0012132307461059,28.74181042775192,0.9295717322608252,0.001280513914717,0.0375741543935498
767,1.0,False,1.0,1.0,1.0,0.1,0.01,anisotropic,0.0125,0.001,3,100000,96.21754622459412,30.766317569571218,0.9188715219715335,0.0008037935753374,30.97264212356505,0.9311907838945338,0.0007664998517395,0.0335231769702809
768,1.0,False,1.0,1.0,1.0,0.1,0.01,anisotropic,0.0125,0.01,6,100000,95.91533064842224,32.18925390864794,0.9677417057640758,0.0006022502011209,33.49727523404746,0.983018568313896,0.0004456304115946,0.0295002628295253
769,1.0,False,1.0,1.0,1.0,0.1,0.01,anisotropic,0.0125,0.0046415888336127,5,100000,95.69578099250792,29.79799354327736,0.8869976701904643,0.0008874607699927,30.14026013481058,0.922267694498608,0.000820205175019,0.0314551427691616
770,1.0,False,1.0,1.0,1.0,0.1,0.01,anisotropic,0.0125,0.0021544346900318,4,100000,96.19724154472352,26.85032556056101,0.8693669275879784,0.0020303313096241,26.88820189479607,0.9038133611569416,0.0020127010746509,0.037540607035399
771,1.0,False,1.0,1.0,1.0,0.1,0.01,anisotropic,0.0125,0.0464158883361277,8,100000,95.71444582939148,39.843641081557,0.9848858442789754,0.0001035746253226,39.77789270803966,0.993863635143962,0.000105154583676,0.024030978575308
772,1.0,False,1.0,1.0,1.0,0.1,0.01,anisotropic,0.0125,0.0215443469003188,7,100000,97.37429785728456,36.37779232187012,0.9665375989820156,0.0002302247620471,36.28969106525196,0.9796551888686458,0.0002349428098195,0.0316956342221905
773,1.0,False,1.0,1.0,1.0,0.1,0.01,anisotropic,0.0125,0.0046415888336127,5,100000,96.20987820625304,32.698154297869664,0.9570511076871194,0.0005304883928448,31.65577240954485,0.9620066329813152,0.0006743945854002,0.0347097200140245
774,1.0,False,1.0,1.0,1.0,0.1,0.01,anisotropic,0.0125,0.01,6,100000,96.57509779930116,32.57253208294504,0.932707214581088,0.0005517200214331,31.97910309202645,0.9579518697163604,0.0006325016219076,0.0346625530978911
775,1.0,False,1.0,1.0,1.0,0.1,0.01,anisotropic,0.0125,0.1,9,100000,96.55658793449402,31.63471891712757,0.9409354184855092,0.0005259986514108,31.961149049410395,0.9541483195174624,0.0004879121324698,0.0229352777528019
776,1.0,False,1.0,1.0,1.0,0.1,0.01,anisotropic,0.0125,0.1,9,100000,96.45008873939514,34.833826030021015,0.9795491158770931,0.0003280364363374,34.89797449233076,0.986315662355542,0.0003232267079781,0.0267711609240794
777,1.0,False,1.0,1.0,1.0,0.1,0.01,anisotropic,0.0125,0.0215443469003188,7,100000,95.79281449317932,29.633486991440027,0.9223632594683352,0.0010856785092634,29.385961688585063,0.9462256462336058,0.0011493538937295,0.0346069505635966
778,1.0,False,1.0,1.0,1.0,0.1,0.01,anisotropic,0.0125,0.01,6,100000,96.7927632331848,29.044059372086416,0.9190992106952348,0.0012450733342493,30.82826067579688,0.9659853734325384,0.0008256097280739,0.0295720728403685
779,1.0,False,1.0,1.0,1.0,0.1,0.01,anisotropic,0.0125,0.0464158883361277,8,100000,96.43384957313538,38.20449407449365,0.9811626786844228,0.0001509548502535,38.530036350583806,0.9901574054686144,0.0001400531380301,0.0247812487324419
780,1.0,False,1.0,1.0,1.0,0.1,0.01,anisotropic,0.0125,0.0215443469003188,7,100000,95.97584795951845,36.34993319570012,0.9503593542194696,0.00022699186133,33.87917768677095,0.9344049100925828,0.0004009459555347,0.0289450698873053
781,1.0,False,1.0,1.0,1.0,0.1,0.01,anisotropic,0.0125,0.0464158883361277,8,100000,95.50340127944946,40.07369966522173,0.9842977408185428,9.831282871398142e-05,39.03768089877131,0.9917668064220968,0.0001247992768121,0.027539775280728
782,1.0,False,1.0,1.0,1.0,0.1,0.01,anisotropic,0.0125,0.001,3,100000,95.96805000305176,32.46939410402104,0.9484669833517068,0.0005611272345446,29.756647290793488,0.901599094416298,0.0010479390624496,0.0299135509574601
783,1.0,False,1.0,1.0,1.0,0.1,0.01,anisotropic,0.0125,0.0046415888336127,5,100000,96.9936535358429,32.99322148380771,0.9307936239985876,0.0004862820150237,33.82724159255582,0.9637963132286272,0.0004013157429835,0.0324338926775836
784,1.0,False,1.0,1.0,1.0,0.1,0.01,anisotropic,0.0125,0.0464158883361277,8,100000,95.69219398498537,35.61645036439187,0.9778049561084478,0.0002741756929651,35.02341011502951,0.9867784476887216,0.0003142917453545,0.0264912449660896
785,1.0,False,1.0,1.0,1.0,0.1,0.01,anisotropic,0.0125,0.0046415888336127,5,100000,95.89458560943604,32.49203471672409,0.9278129234068516,0.0005147696873716,32.75064046370245,0.9507409862484494,0.0004850118957001,0.0326832045382347
786,1.0,False,1.0,1.0,1.0,0.1,0.01,anisotropic,0.0125,0.001,3,100000,96.73874354362488,29.83957753945297,0.946768576414237,0.0010344370591677,29.13757511246945,0.9461459029896936,0.0012159180727899,0.0351154706624551
787,1.0,False,1.0,1.0,1.0,0.1,0.01,anisotropic,0.0125,0.001,3,100000,96.7805187702179,28.98436250956604,0.8913795013011595,0.0012304361317092,29.09354195991518,0.9200913087416606,0.0011998891621799,0.0397122899405031
788,1.0,False,1.0,1.0,1.0,0.1,0.01,anisotropic,0.0125,0.0046415888336127,5,100000,95.94681191444396,34.97614321295886,0.977760041177412,0.0003102312225957,34.43779280674367,0.978225476640942,0.0003511725368985,0.027546941935416
789,1.0,False,1.0,1.0,1.0,0.1,0.01,anisotropic,0.0125,0.0464158883361277,8,100000,95.86171674728394,36.43896874710125,0.9716181779479124,0.0002268471167946,36.21509335939405,0.9853015363947538,0.0002388475564556,0.0241966518776571
790,1.0,False,1.0,1.0,1.0,0.1,0.01,anisotropic,0.0125,0.01,6,100000,95.90936326980592,32.05677660994649,0.945116859105368,0.0005575561579809,30.566160966649832,0.9337254939149776,0.0007858690425605,0.0351762754186121
791,1.0,False,1.0,1.0,1.0,0.1,0.01,anisotropic,0.0125,0.0464158883361277,8,100000,95.63318967819214,33.46157552358237,0.96264872003374,0.0004504477032545,34.90183179660063,0.9788547834725606,0.0003233097111528,0.0286737636129682
792,1.0,False,1.0,1.0,1.0,0.1,0.01,anisotropic,0.0125,0.01,6,100000,95.56060028076172,31.63072039336697,0.9481069152775844,0.0006847813329022,32.12616434272246,0.9699476387571716,0.0006109526009889,0.0294752517154833
793,1.0,False,1.0,1.0,1.0,0.1,0.01,anisotropic,0.0125,0.0046415888336127,5,100000,96.5988278388977,30.74411963118681,0.9593768380305582,0.0008372563026317,29.59304926338886,0.9386993723216904,0.0010913535419016,0.0328707840024294
794,1.0,False,1.0,1.0,1.0,0.1,0.01,anisotropic,0.0125,0.0464158883361277,8,100000,95.6841323375702,24.663962925208036,0.9195188902525868,0.0033988714978799,24.87610222418244,0.933578893552225,0.0032368368931328,0.0292169531251857
795,1.0,False,1.0,1.0,1.0,0.1,0.01,anisotropic,0.0125,0.0464158883361277,8,100000,95.6887230873108,36.48913260313763,0.9764450877224083,0.0002243943173024,36.18918654221684,0.9828026110662604,0.0002404398567099,0.029609987928748
796,1.0,False,1.0,1.0,1.0,0.1,0.01,anisotropic,0.0125,0.001,3,100000,96.37829852104188,29.504589040468613,0.9151550858461944,0.0009920758484458,29.37794735543494,0.9122439197406184,0.0010214310264014,0.0357609743998859
797,1.0,False,1.0,1.0,1.0,0.1,0.01,anisotropic,0.0125,0.0464158883361277,8,100000,95.86962008476256,33.18022906521584,0.9497150680207106,0.0004791525594997,33.558024940692555,0.9845533300338593,0.0004392322548131,0.0281485809963836
798,1.0,False,1.0,1.0,1.0,0.1,0.01,anisotropic,0.0125,0.0046415888336127,5,100000,96.36735844612122,32.63487408833024,0.9550069955899848,0.0005435894992,32.23041630870072,0.9531843395417366,0.0005966461418003,0.0311055285304403
799,1.0,False,1.0,1.0,1.0,0.1,0.01,anisotropic,0.0125,0.0215443469003188,7,100000,95.50304198265076,33.04253495991447,0.940898603935672,0.0003614352447897,33.15784936087012,0.9604712598934884,0.0003519646605087,0.0285698387808705
800,1.0,False,1.0,1.0,1.0,0.1,0.01,anisotropic,0.0125,0.0046415888336127,5,100000,98.27469062805176,32.231643932300585,0.9112652781145916,0.0005560445298159,33.53443158852288,0.9542845299066416,0.0004119370049223,0.0376468292629843
801,1.0,False,1.0,1.0,1.0,0.1,0.01,anisotropic,0.0125,0.0464158883361277,8,100000,99.58168601989746,37.01956564350249,0.9836051091066702,0.0001983647348528,36.53892291456189,0.9866089889864004,0.000221579071917,0.0258093738465803
802,1.0,False,1.0,1.0,1.0,0.1,0.01,anisotropic,0.0125,0.0021544346900318,4,100000,98.2554759979248,30.980462978427653,0.9357813129183556,0.0007854742686756,29.8610666527296,0.9405639415037662,0.0010164162392454,0.032860818301849
803,1.0,False,1.0,1.0,1.0,0.1,0.01,anisotropic,0.0125,0.0464158883361277,8,100000,97.35864686965942,35.289880536889434,0.9784366046017168,0.0002955029060603,34.26804491828176,0.9837882676854194,0.000373891264111,0.0274867175272494
804,1.0,False,1.0,1.0,1.0,0.1,0.01,anisotropic,0.0125,0.0046415888336127,5,100000,98.07138776779176,36.31523034407971,0.9814176837638006,0.0002310057157746,35.074561611216005,0.9843588778030652,0.0003073899038243,0.0284858737611833
805,1.0,False,1.0,1.0,1.0,0.1,0.01,anisotropic,0.0125,0.0464158883361277,8,100000,100.39969062805176,34.49281318410855,0.9627765436300234,0.0003550266151856,33.330240505691755,0.9697387673441156,0.0004640002128262,0.0316508720076572
806,1.0,False,1.0,1.0,1.0,0.1,0.01,anisotropic,0.0125,0.0464158883361277,8,100000,98.02564024925232,36.217667715780365,0.9725673581945852,0.0002386753026546,35.93211230852109,0.97036543364576,0.0002548960014051,0.0245888316660867
807,1.0,False,1.0,1.0,1.0,0.1,0.01,anisotropic,0.0125,0.001,3,100000,99.5401222705841,31.598667814788055,0.9412555542985146,0.0006884151957527,30.11122322454595,0.9467390982998224,0.0009696051358,0.0352467872330296
808,1.0,False,1.0,1.0,1.0,0.1,0.01,anisotropic,0.0125,0.0464158883361277,8,100000,97.22305345535278,37.89914036097955,0.9696817095115304,0.0001620621044285,39.941079461143,0.9913177390430866,0.000101271574944,0.0264281184171498
809,1.0,False,1.0,1.0,1.0,0.1,0.01,anisotropic,0.0125,0.0046415888336127,5,100000,99.44201946258544,32.0411265788787,0.9079566690129812,0.0006117247663404,31.597111169215932,0.938202921432068,0.0006775753603028,0.0404336313861646
810,1.0,False,1.0,1.0,1.0,0.1,0.01,anisotropic,0.0125,0.0021544346900318,4,100000,98.41612577438354,30.37216263193338,0.9291792699773678,0.0009153679894688,29.44168625811764,0.9293499881350088,0.001134079130098,0.0361855695615048
811,1.0,False,1.0,1.0,1.0,0.1,0.01,anisotropic,0.0125,0.0464158883361277,8,100000,98.14035296440125,36.7715548179581,0.9773649311829942,0.0002101752771978,37.66998220026808,0.9866378589252274,0.0001708987517552,0.0265299467533328
812,1.0,False,1.0,1.0,1.0,0.1,0.01,anisotropic,0.0125,0.0464158883361277,8,100000,99.52543330192566,39.68513278338422,0.9837644738556762,0.0001074326924712,39.17215584659927,0.990587271106877,0.0001209021861427,0.0264498819821558
813,1.0,False,1.0,1.0,1.0,0.1,0.01,anisotropic,0.0125,0.01,6,100000,97.29433488845824,32.38608079659952,0.9255059783182374,0.0005664172861896,32.032210446699004,0.9493071382452982,0.0006145023299202,0.0368175782414429
814,1.0,False,1.0,1.0,1.0,0.1,0.01,anisotropic,0.0125,0.0021544346900318,4,100000,99.34646701812744,33.25413077429773,0.9368614720039692,0.0004471021215431,31.65525276386315,0.949210816293526,0.0006460922500891,0.034622390748971
815,1.0,False,1.0,1.0,1.0,0.1,0.01,anisotropic,0.0125,0.0464158883361277,8,100000,97.97045850753784,36.80611407263604,0.9740061517170676,0.0002085315997479,37.39336399167168,0.990911302584852,0.0001821574269354,0.0256474907508759
816,1.0,False,1.0,1.0,1.0,0.1,0.01,anisotropic,0.0125,0.0021544346900318,4,100000,99.66963386535645,30.501089284732277,0.9402639928152444,0.0008812107032924,28.202313794130077,0.9051225175620424,0.0014960885961461,0.0315844753590159
817,1.0,False,1.0,1.0,1.0,0.1,0.01,anisotropic,0.0125,0.0464158883361277,8,100000,97.45691156387328,34.60371132595891,0.9770967081656912,0.0003463067366024,35.3140025287031,0.9867561284329964,0.0002940572013383,0.0270616879433352
818,1.0,False,1.0,1.0,1.0,0.1,0.01,anisotropic,0.0125,0.0464158883361277,8,100000,98.53328323364258,31.2100437002158,0.9531599567448245,0.0007566192637922,30.58372682451196,0.972186702284163,0.0008739952693719,0.027738528558636
819,1.0,False,1.0,1.0,1.0,0.1,0.01,anisotropic,0.0125,0.0464158883361277,8,100000,98.17711114883424,36.19261720581604,0.9890464236672986,0.0002401338159026,36.05878985920637,0.9853964745454428,0.0002476487024462,0.0262434499843768
820,1.0,False,1.0,1.0,1.0,0.1,0.01,anisotropic,0.0125,0.0464158883361277,8,100000,99.25130319595335,37.29550453273734,0.974342115738688,0.0001861543071069,37.29249312494392,0.9874959929825566,0.0001862834316883,0.028791758124677
821,1.0,False,1.0,1.0,1.0,0.1,0.01,anisotropic,0.0125,0.0046415888336127,5,100000,97.50052046775818,31.02693789062142,0.8913587031321766,0.0006895983771381,30.98063426463909,0.9262839341553248,0.0006969900741927,0.0306865513117135
822,1.0,False,1.0,1.0,1.0,0.1,0.01,anisotropic,0.0125,0.01,6,100000,99.08249568939208,34.517525324118175,0.9734171758149917,0.0003487323268396,33.12372827560016,0.9724408778940892,0.0004806975541472,0.0303218454077746
823,1.0,False,1.0,1.0,1.0,0.1,0.01,anisotropic,0.0125,0.0215443469003188,7,100000,99.63607406616212,35.80177701951578,0.9720677017502972,0.0002626318591078,36.1233135169871,0.980104439285334,0.0002438898677525,0.0304846701450073
824,1.0,False,1.0,1.0,1.0,0.1,0.01,anisotropic,0.0125,0.0464158883361277,8,100000,97.98247718811037,40.5912893987263,0.9916173476817474,8.722989481857313e-05,40.80551678157698,0.9923503383289612,8.303144776936553e-05,0.0249541096543943
825,1.0,False,1.0,1.0,1.0,0.1,0.01,anisotropic,0.0125,0.0046415888336127,5,100000,98.88524651527403,30.04624377693637,0.9257955920756948,0.0009827187562458,29.809520940037046,0.9474320762772176,0.0010377709962152,0.0311659977252188
826,1.0,False,1.0,1.0,1.0,0.1,0.01,anisotropic,0.0125,0.01,6,100000,97.71431231498718,31.574620528801965,0.9381986249132128,0.0006932141403071,31.53655697259924,0.9694248473607217,0.0006993164891499,0.0308139360477629
827,1.0,False,1.0,1.0,1.0,0.1,0.01,anisotropic,0.0125,0.0046415888336127,5,100000,100.69122672080994,29.21730962472687,0.9361788430449912,0.001179756777736,28.606703207017357,0.9363724325325714,0.0013578541464696,0.0321845048833924
828,1.0,False,1.0,1.0,1.0,0.1,0.01,anisotropic,0.0125,0.0021544346900318,4,100000,98.50609707832336,29.248794272882648,0.95056364231111,0.0011663573152132,28.46260332033268,0.9282575626718782,0.0013978182707294,0.0305376123420738
829,1.0,False,1.0,1.0,1.0,0.1,0.01,anisotropic,0.0125,0.0021544346900318,4,100000,98.89059114456175,32.4107646219794,0.929092563600984,0.0004689705873491,30.241879337373337,0.9039846039690492,0.0007727413177396,0.0330497047955416
830,1.0,False,1.0,1.0,1.0,0.1,0.01,anisotropic,0.0125,0.01,6,100000,99.98720908164978,31.219289276659232,0.9439221462664898,0.0007540364567277,32.264741975952404,0.9658451598711028,0.0005927165774941,0.0343355195845848
831,1.0,False,1.0,1.0,1.0,0.1,0.01,anisotropic,0.0125,0.01,6,100000,98.80765414237976,34.890361433205285,0.94864571151609,0.0003238351968007,32.26985071550613,0.9281792329724544,0.000592072815216,0.0385951553683867
832,1.0,False,1.0,1.0,1.0,0.1,0.01,anisotropic,0.0125,0.01,6,100000,98.19651055336,34.74474061830693,0.9814038256661776,0.0003344036104045,33.523493474327985,0.9787898281366902,0.0004429917844773,0.0310220630111657
833,1.0,False,1.0,1.0,1.0,0.1,0.01,anisotropic,0.0125,0.0021544346900318,4,100000,98.0503568649292,30.849670819741743,0.8965754082293445,0.0007264800164654,30.82677184181051,0.925155583770484,0.0007303206326855,0.0386769163682194
834,1.0,False,1.0,1.0,1.0,0.1,0.01,anisotropic,0.0125,0.0021544346900318,4,100000,99.51737308502196,28.565541255188258,0.882317941186021,0.0013712778278625,29.36244513905571,0.9329978590604318,0.0011413926342487,0.035722142082063
835,1.0,False,1.0,1.0,1.0,0.1,0.01,anisotropic,0.0125,0.01,6,100000,97.8436987400055,38.982041576437055,0.9624837156410554,0.0001250305873308,34.98531851560554,0.948968155597219,0.0003138257514173,0.0258702301302988
836,1.0,False,1.0,1.0,1.0,0.1,0.01,anisotropic,0.0125,0.0046415888336127,5,100000,99.53958678245544,36.17752890456988,0.9431098482050844,0.0002355743882601,34.16833297943005,0.9477097984146426,0.0003741516497737,0.0321591648019611
837,1.0,False,1.0,1.0,1.0,0.1,0.01,anisotropic,0.0125,0.01,6,100000,98.95411396026611,29.716422498810037,0.924725923631058,0.0010535307730812,29.57051532509617,0.9517230892505067,0.0010895268642166,0.0334563769584019
838,1.0,False,1.0,1.0,1.0,0.1,0.01,anisotropic,0.0125,0.0464158883361277,8,100000,100.05072569847108,26.967677909539624,0.9335803283005818,0.0020061697046301,26.758060973631643,0.9453450073432572,0.0021053745139335,0.0292928705440665
839,1.0,False,1.0,1.0,1.0,0.1,0.01,anisotropic,0.0125,0.0021544346900318,4,100000,97.79133772850037,31.578962812645106,0.9226545476857998,0.0006275874253567,31.911536379736773,0.9358021650724327,0.0005813221573,0.0372579464680942
840,1.0,False,1.0,1.0,1.0,0.1,0.01,anisotropic,0.0125,0.0464158883361277,8,100000,98.4550142288208,39.10629637540447,0.9884518809012326,0.0001225858439393,38.18137524111904,0.9903188125844624,0.0001516814371001,0.0250649069522938
841,1.0,False,1.0,1.0,1.0,0.1,0.01,anisotropic,0.0125,0.0001,0,100000,98.2106866836548,27.380362255450763,0.9200622113936467,0.0018082715409857,27.72869564826148,0.9268038847745604,0.0016688999745594,0.0366759807029403
842,1.0,False,1.0,1.0,1.0,0.1,0.01,anisotropic,0.0125,0.01,6,100000,99.70419239997864,32.17689440124408,0.930958744978161,0.0005959306379576,32.79794804160979,0.9727298175051224,0.0005165238148361,0.0308764206073525
843,1.0,False,1.0,1.0,1.0,0.1,0.01,anisotropic,0.0125,0.0464158883361277,8,100000,98.43822383880617,36.012262102075354,0.9796903897430258,0.0002503450768159,36.90342151810613,0.989783626707498,0.0002039027643143,0.0258119885548336
844,1.0,False,1.0,1.0,1.0,0.1,0.01,anisotropic,0.0125,0.0215443469003188,7,100000,98.91428756713869,34.808492356736195,0.9389465406795972,0.0003295289014063,34.51405696339046,0.9688571871303608,0.0003526444472577,0.0289767472927328
845,1.0,False,1.0,1.0,1.0,0.1,0.01,anisotropic,0.0125,0.0021544346900318,4,100000,100.4793963432312,32.250201236867014,0.9395780534255336,0.0005949593069273,31.627896067659947,0.9524390799781092,0.0006866221027344,0.0340368920913157
846,1.0,False,1.0,1.0,1.0,0.1,0.01,anisotropic,0.0125,0.0464158883361277,8,100000,97.6993899345398,35.70404004767977,0.9480352432445276,0.0002686875007055,36.29496142891895,0.984564397520909,0.0002345067379006,0.0280491247979321
847,1.0,False,1.0,1.0,1.0,0.1,0.01,anisotropic,0.0125,0.0046415888336127,5,100000,98.05345702171326,27.370753237686788,0.8910154675681843,0.0017639486669738,27.452645000831065,0.9104460557644168,0.0017309987974862,0.0319491379008626
848,1.0,False,1.0,1.0,1.0,0.1,0.01,anisotropic,0.0125,0.0215443469003188,7,100000,97.53769636154176,35.447465693345016,0.9538410626743852,0.0002848759479846,35.00044370826209,0.9577959517286664,0.000315760631469,0.0273925054287088
849,1.0,False,1.0,1.0,1.0,0.1,0.01,anisotropic,0.0125,0.01,6,100000,99.64541482925416,32.31827667139012,0.955169410816822,0.0005744971870971,31.845651672637096,0.9652230675149612,0.0006405461223669,0.0286391009070678
850,1.0,False,1.0,1.0,1.0,0.1,0.01,anisotropic,0.0125,0.0046415888336127,5,100000,98.30458664894104,33.57104806975297,0.9367406219477792,0.0004263524851789,33.46027949130382,0.9674045925351972,0.0004373666423677,0.0321563512219237
851,1.0,False,1.0,1.0,1.0,0.1,0.01,anisotropic,0.0125,0.0215443469003188,7,100000,98.51498246192932,35.89781479888585,0.9505745417442142,0.0002567489950276,36.70093339872509,0.9774825545549322,0.0002134012172665,0.0298234805609672
852,1.0,False,1.0,1.0,1.0,0.1,0.01,anisotropic,0.0125,0.1,9,100000,98.58198738098145,31.244924656574074,0.9246125035653148,0.0003375501129743,31.873622220171335,0.9487313687093936,0.0002920575927844,0.0271546081215129
853,1.0,False,1.0,1.0,1.0,0.1,0.01,anisotropic,0.0125,0.0001,0,100000,98.36073517799376,26.646534021745968,0.8871960003624875,0.0021252753309944,26.718608006140933,0.90365091976125,0.0020902960638817,0.0415597173764847
854,1.0,False,1.0,1.0,1.0,0.1,0.01,anisotropic,0.0125,0.01,6,100000,98.26822066307068,35.95415689292808,0.9751979851200484,0.0002533945212287,35.676055101749355,0.9815724781957146,0.0002701515101952,0.0283179618687029
855,1.0,False,1.0,1.0,1.0,0.1,0.01,anisotropic,0.0125,0.001,3,100000,98.97856736183168,29.004140975785887,0.9193263864212566,0.0012528538208229,28.12671619145093,0.9125205980878044,0.0015333555879804,0.0390586355737035
856,1.0,False,1.0,1.0,1.0,0.1,0.01,anisotropic,0.0125,0.0464158883361277,8,100000,98.68627882003784,33.38747704564261,0.9654718370804036,0.0004573714905546,34.369791907464155,0.9846045385380092,0.000364785530987,0.024907940912974
857,1.0,False,1.0,1.0,1.0,0.1,0.01,anisotropic,0.0125,0.0046415888336127,5,100000,99.55609846115112,32.29270118832347,0.9385402056565366,0.0005855417869408,30.824907287126287,0.9265781385993264,0.0008209888971629,0.0297296476813258
858,1.0,False,1.0,1.0,1.0,0.1,0.01,anisotropic,0.0125,0.001,3,100000,97.86001873016356,31.987572312975093,0.953053396890762,0.0006319262722163,31.260055208402044,0.9579890754742572,0.0007471677564233,0.0374942128999105
859,1.0,False,1.0,1.0,1.0,0.1,0.01,anisotropic,0.0125,0.0215443469003188,7,100000,98.1189901828766,29.846848370347296,0.9428914199933858,0.0010328333628946,29.636384148676697,0.9728115951137114,0.0010841183123719,0.0286251782406622
860,1.0,False,1.0,1.0,1.0,0.1,0.01,anisotropic,0.0125,0.0215443469003188,7,100000,97.82495450973512,28.49095325070649,0.9345844558525138,0.0014126318424211,28.99812523528743,0.9612281220547708,0.0012569320292028,0.0278884118938913
861,1.0,False,1.0,1.0,1.0,0.1,0.01,anisotropic,0.0125,0.001,3,100000,98.4249815940857,32.29406419905381,0.9404918251561226,0.0005527469137071,30.42418027860499,0.9333580586595231,0.0008501875058577,0.032305637986679
862,1.0,False,1.0,1.0,1.0,0.1,0.01,anisotropic,0.0125,0.01,6,100000,98.17391705513,35.693455084611564,0.9380368044666264,0.0002608077099228,34.58966718015466,0.9518604818130394,0.0003362785887699,0.0309890872311796
863,1.0,False,1.0,1.0,1.0,0.1,0.01,anisotropic,0.0125,0.0021544346900318,4,100000,98.53616857528688,29.44368040950312,0.9178163110264848,0.001116572660104,28.36356135939768,0.8954022463414916,0.0014318545196964,0.0355422984866751
864,1.0,False,1.0,1.0,1.0,0.1,0.01,anisotropic,0.0125,0.0046415888336127,5,100000,98.22508454322816,30.29413426807814,0.9214577548269424,0.0009133553220006,30.966988284180545,0.9400704254902976,0.0007822658331619,0.032882504995227
865,1.0,False,1.0,1.0,1.0,0.1,0.01,anisotropic,0.0125,0.1,9,100000,97.2950005531311,31.000999484495008,0.9675396122538696,0.0007934816311309,31.004306664361824,0.9730100064866491,0.0007928776198734,0.0260990810198797
866,1.0,False,1.0,1.0,1.0,0.1,0.01,anisotropic,0.0125,0.0464158883361277,8,100000,98.24663472175598,32.32140093707838,0.9610358583985964,0.0005856872663972,33.42460638830243,0.964095293565718,0.0004543026152384,0.0313246661306419
867,1.0,False,1.0,1.0,1.0,0.1,0.01,anisotropic,0.0125,0.0464158883361277,8,100000,98.26989912986755,36.40526277891432,0.9888822015903794,0.0002285262998192,35.38822916822064,0.984007387862921,0.0002888281701966,0.0285903809068829
868,1.0,False,1.0,1.0,1.0,0.1,0.01,anisotropic,0.0125,0.0046415888336127,5,100000,98.35853242874146,27.601574313311374,0.8957733606176165,0.0016963415521269,27.25118826912661,0.909282226310115,0.0018388737138663,0.034257383727872
869,1.0,False,1.0,1.0,1.0,0.1,0.01,anisotropic,0.0125,0.1,9,100000,98.66589975357056,38.00175613940735,0.9897421466644968,0.0001581933956644,37.99065586463762,0.9919032770049973,0.0001585982445034,0.0253001647996016
870,1.0,False,1.0,1.0,1.0,0.1,0.01,anisotropic,0.0125,0.0464158883361277,8,100000,98.20049929618835,37.10374143095293,0.978090613376392,0.0001947438915597,38.08926980926685,0.988888703137096,0.0001552068934697,0.0269746072176556
871,1.0,False,1.0,1.0,1.0,0.1,0.01,anisotropic,0.0125,0.01,6,100000,98.63535952568054,29.57070639347437,0.9188040083149644,0.001098555818493,29.84672801622077,0.94417347263872,0.0010309081342649,0.0316712147196221
872,1.0,False,1.0,1.0,1.0,0.1,0.01,anisotropic,0.0125,0.01,6,100000,98.1872808933258,30.04185869395873,0.952236641787178,0.0009881073104736,29.652083947577857,0.965769798753323,0.0010808902193385,0.0333584932121116
873,1.0,False,1.0,1.0,1.0,0.1,0.01,anisotropic,0.0125,0.01,6,100000,98.81164789199828,36.09637883638168,0.9618268715074972,0.0002450009779465,35.77127619713282,0.971534131547649,0.0002640450813448,0.0291776124309439
874,1.0,False,1.0,1.0,1.0,0.1,0.01,anisotropic,0.0125,0.0004641588833612,2,100000,98.56542253494264,33.796746907281644,0.893047325023567,0.0003867517682839,31.321047078596024,0.8790206649215611,0.0006839152549203,0.0324167595039725
875,1.0,False,1.0,1.0,1.0,0.1,0.01,anisotropic,0.0125,0.0021544346900318,4,100000,98.32367825508118,26.112616562060985,0.8703356478524015,0.002440192231757,28.13359347145177,0.9166761134990632,0.0015322384251825,0.0361378042150717
876,1.0,False,1.0,1.0,1.0,0.1,0.01,anisotropic,0.0125,0.0046415888336127,5,100000,98.0217423439026,31.3851799206492,0.919344538317393,0.0007224749675218,31.253395393822142,0.929772600150362,0.0007447341291446,0.0335527122893147
877,1.0,False,1.0,1.0,1.0,0.1,0.01,anisotropic,0.0125,0.0464158883361277,8,100000,98.38006114959715,37.52050586227245,0.9772274146353904,0.0001769120088184,37.29289238582544,0.9867249153285929,0.0001864312285632,0.0287702737848085
878,1.0,False,1.0,1.0,1.0,0.1,0.01,anisotropic,0.0125,0.0046415888336127,5,100000,99.43185448646544,32.21094819990513,0.922092011715117,0.0005528400597761,31.85410257289288,0.9620286425565728,0.000600183522324,0.0301073287299161
879,1.0,False,1.0,1.0,1.0,0.1,0.01,anisotropic,0.0125,0.0215443469003188,7,100000,98.45179724693298,34.703009780721935,0.9758160074952557,0.0003384615364408,34.84494960210136,0.9867503428661956,0.0003275784619301,0.0271151719299708
880,1.0,False,1.0,1.0,1.0,0.1,0.01,anisotropic,0.0125,0.0001,0,100000,98.75416231155396,26.48634531659088,0.9221440152537118,0.0021566982744831,25.247420158042804,0.9029715139174084,0.0028686786863915,0.037131763850337
881,1.0,False,1.0,1.0,1.0,0.1,0.01,anisotropic,0.0125,0.0004641588833612,2,100000,99.37004137039185,29.18367816673367,0.8668986899925835,0.0010115355666157,29.53837463837353,0.8858048463589777,0.0009322051769752,0.0331646792095382
882,1.0,False,1.0,1.0,1.0,0.1,0.01,anisotropic,0.0125,0.001,3,100000,98.76628828048706,30.372255834265523,0.924675767498648,0.000837346407997,29.280095724713888,0.9201191964142238,0.0010767656003379,0.0302586645874441
883,1.0,False,1.0,1.0,1.0,0.1,0.01,anisotropic,0.0125,0.0046415888336127,5,100000,98.26106095314026,29.70138114500522,0.9081852996409356,0.0010670295884581,29.40766316803654,0.9315672632050548,0.0011416901657581,0.041029301949282
884,1.0,False,1.0,1.0,1.0,0.1,0.01,anisotropic,0.0125,0.0464158883361277,8,100000,98.72305750846864,28.2486627206094,0.937827788983642,0.0014939503267242,28.32197196001959,0.9561692563239188,0.0014689439796815,0.0308670616168267
885,1.0,False,1.0,1.0,1.0,0.1,0.01,anisotropic,0.0125,0.0021544346900318,4,100000,98.16533470153809,26.763418842385697,0.867634265742943,0.0020299048372632,25.40142259037429,0.8676948263111639,0.0027776358172025,0.0413036688785759
886,1.0,False,1.0,1.0,1.0,0.1,0.01,anisotropic,0.0125,0.0046415888336127,5,100000,98.36270236968994,30.95946696199229,0.9496023073534724,0.0007986108511204,29.887818016767373,0.9509075455583368,0.0010221157992334,0.0318821310732022
887,1.0,False,1.0,1.0,1.0,0.1,0.01,anisotropic,0.0125,0.0215443469003188,7,100000,99.2537281513214,37.27959987754528,0.9807588596995788,0.0001869552423217,35.96283978553181,0.9801590742218188,0.0002531708249273,0.02907205081782
888,1.0,False,1.0,1.0,1.0,0.1,0.01,anisotropic,0.0125,0.1,9,100000,98.23514771461488,34.21334485642499,0.9732647388091056,0.0003786276059773,34.122649481806434,0.9871117984470532,0.0003866177712696,0.0277468667642676
889,1.0,False,1.0,1.0,1.0,0.1,0.01,anisotropic,0.0125,0.0046415888336127,5,100000,98.8375473022461,28.776948099892515,0.900949361405359,0.0013054345858744,28.557959623227926,0.9184544595357504,0.0013729476000946,0.0347545221541257
890,1.0,False,1.0,1.0,1.0,0.1,0.01,anisotropic,0.0125,0.0464158883361277,8,100000,98.07964944839478,38.43085424799956,0.9893785285343462,0.0001430936404113,37.272496581359405,0.9905284952702916,0.0001868340806152,0.0244930154920137
891,1.0,False,1.0,1.0,1.0,0.1,0.01,anisotropic,0.0125,0.0464158883361277,8,100000,98.60227560997008,38.824086112129045,0.9823978866945908,0.000130897246159,38.26351298168221,0.9900201432046924,0.0001489319318462,0.0238282200315389
892,1.0,False,1.0,1.0,1.0,0.1,0.01,anisotropic,0.0125,0.0021544346900318,4,100000,99.08422589302064,30.130426976794222,0.9301986446269156,0.0009602850161681,29.353291841313503,0.9362617307054184,0.0011484541619033,0.0318382858137638
893,1.0,False,1.0,1.0,1.0,0.1,0.01,anisotropic,0.0125,0.0215443469003188,7,100000,98.35195684432983,31.81574911504584,0.948248638670582,0.0006564396044109,32.63101002865628,0.974130208076374,0.0005440874189393,0.0293989600619667
894,1.0,False,1.0,1.0,1.0,0.1,0.01,anisotropic,0.0125,0.0464158883361277,8,100000,99.74262619018556,35.45589357022008,0.9781309125651724,0.0002844653928255,35.77072116811824,0.9849130833945534,0.000264573705099,0.027579099111247
895,1.0,False,1.0,1.0,1.0,0.1,0.01,anisotropic,0.0125,0.1,9,100000,98.43768548965454,34.72388813128342,0.9657872622330526,0.0003366698137959,34.519929060549224,0.9797912367620408,0.0003528580955906,0.0295992356286949
896,1.0,False,1.0,1.0,1.0,0.1,0.01,anisotropic,0.0125,0.0046415888336127,5,100000,99.3412218093872,30.332767503890388,0.9132720008377077,0.0008686420908887,30.4528305668031,0.9325303051035484,0.0008449569128518,0.0382606302069029
897,1.0,False,1.0,1.0,1.0,0.1,0.01,anisotropic,0.0125,0.0464158883361277,8,100000,98.52584528923036,32.65888913860151,0.9405755178021432,0.0004016722170916,32.5400813615564,0.963308511006186,0.0004128122451153,0.0249718312299343
898,1.0,False,1.0,1.0,1.0,0.1,0.01,anisotropic,0.0125,0.1,9,100000,98.51421308517456,36.43016366296962,0.9878295468284708,0.0002271084652386,36.72557663685331,0.9905492593145068,0.0002121739321145,0.0230327279167586
899,1.0,False,1.0,1.0,1.0,0.1,0.01,anisotropic,0.0125,0.0021544346900318,4,100000,99.36774039268494,31.85867925075366,0.9381663099606962,0.0006515477762855,31.417414990937417,0.9535711451676334,0.0007212281893508,0.0407151967448599
900,1.0,False,1.0,1.0,1.0,0.1,0.01,anisotropic,0.0125,0.0215443469003188,7,100000,97.10733318328856,39.52676205715939,0.9885212196270784,0.0001112556235237,38.42200118062496,0.9871487645362638,0.0001434822107849,0.0268644476659833
901,1.0,False,1.0,1.0,1.0,0.1,0.01,anisotropic,0.0125,0.0215443469003188,7,100000,96.57037997245789,32.5145747013047,0.9559286454181578,0.0005592991037806,34.31701911419973,0.9828155544894344,0.0003693173257335,0.0276519032359909
902,1.0,False,1.0,1.0,1.0,0.1,0.01,anisotropic,0.0125,0.001,3,100000,98.93257546424866,33.01960573835521,0.9009800950167856,0.0004682922175757,31.38274423457598,0.8865861278708047,0.0006826578534225,0.0336975881228576
903,1.0,False,1.0,1.0,1.0,0.1,0.01,anisotropic,0.0125,0.0215443469003188,7,100000,97.04695844650269,33.49726294231112,0.9557741048073398,0.0004044653226512,33.18334845709462,0.9634110121633764,0.0004347831866388,0.0271514136046467
904,1.0,False,1.0,1.0,1.0,0.1,0.01,anisotropic,0.0125,0.0021544346900318,4,100000,97.03027319908142,33.518090658645875,0.9401946601362432,0.0004428664565095,32.44367787975352,0.9279609232885252,0.0005671710631282,0.0352209817859595
905,1.0,False,1.0,1.0,1.0,0.1,0.01,anisotropic,0.0125,0.01,6,100000,99.189120054245,32.288231822954515,0.9577563554570674,0.0005878599549645,30.664701434723455,0.9407047299586028,0.0008543324764396,0.0316760180723554
906,1.0,False,1.0,1.0,1.0,0.1,0.01,anisotropic,0.0125,0.01,6,100000,97.06631898880003,32.055840551984566,0.9621765876390518,0.0006219422598686,33.298666308484925,0.9777980357467616,0.0004671619813306,0.0283042688592925
907,1.0,False,1.0,1.0,1.0,0.1,0.01,anisotropic,0.0125,0.0464158883361277,8,100000,96.57288432121275,37.123027265926495,0.9810403680529552,0.0001933822629661,35.87580011265081,0.9877966098239972,0.0002577147961599,0.0262689787581947
908,1.0,False,1.0,1.0,1.0,0.1,0.01,anisotropic,0.0125,0.1,9,100000,98.24599695205688,38.26107853946389,0.9888323010096322,0.0001491768196527,38.32703775070015,0.9928756396973024,0.0001469282895831,0.0252472617562229
909,1.0,False,1.0,1.0,1.0,0.1,0.01,anisotropic,0.0125,0.0464158883361277,8,100000,97.15319776535034,30.982084080336104,0.9644070557101068,0.0007957825156919,31.89065940532576,0.9769243524108197,0.0006455603679267,0.0260578309842509
910,1.0,False,1.0,1.0,1.0,0.1,0.01,anisotropic,0.0125,0.0215443469003188,7,100000,96.45463037490843,37.69629457258151,0.9836766418031232,0.0001696337370815,36.998463101079786,0.983595927543017,0.0001992027717411,0.0300074011513371
911,1.0,False,1.0,1.0,1.0,0.1,0.01,anisotropic,0.0125,0.0046415888336127,5,100000,99.39784622192384,30.821247634773968,0.9304832624259572,0.0006888639853376,30.158432827961008,0.9332893174824476,0.0008024444184326,0.0313595343221679
912,1.0,False,1.0,1.0,1.0,0.1,0.01,anisotropic,0.0125,0.0046415888336127,5,100000,96.64356637001038,31.21848337821679,0.9361422459436776,0.0005874083130785,30.486269466345156,0.932885616754866,0.0006952827899562,0.0293698949088881
913,1.0,False,1.0,1.0,1.0,0.1,0.01,anisotropic,0.0125,0.0046415888336127,5,100000,100.00193333625792,31.973225136127898,0.9247814218521628,0.0004606141097119,31.08907980933153,0.932831746433026,0.0005646141656419,0.0365670285141372
914,1.0,False,1.0,1.0,1.0,0.1,0.01,anisotropic,0.0125,0.0464158883361277,8,100000,96.09478306770325,33.52657999117147,0.9692159817024618,0.0004436064994328,33.29908703696891,0.9805235721494352,0.0004674629505564,0.0284146311167095
915,1.0,False,1.0,1.0,1.0,0.1,0.01,anisotropic,0.0125,0.0021544346900318,4,100000,97.12232398986816,24.61244799844497,0.865695639506074,0.0034554833794714,25.955272851935163,0.916162250935698,0.0025364501015033,0.0326001949134522
916,1.0,False,1.0,1.0,1.0,0.1,0.01,anisotropic,0.0125,0.0215443469003188,7,100000,96.24871587753296,25.191179617855287,0.9224853954586112,0.0030206282850496,25.938016420397062,0.9526781367575338,0.00254339377811,0.0264676148915187
917,1.0,False,1.0,1.0,1.0,0.1,0.01,anisotropic,0.0125,0.0464158883361277,8,100000,97.89379096031188,35.78350694595673,0.9825300299051112,0.0002637844951607,34.929724222352625,0.9853824083766052,0.0003210905596976,0.0285228990366117
918,1.0,False,1.0,1.0,1.0,0.1,0.01,anisotropic,0.0125,0.0046415888336127,5,100000,98.73627233505248,28.70957925778566,0.9387886427094428,0.0013164796177705,27.743681190442253,0.906310419118702,0.0016443866652534,0.0314108711945011
919,1.0,False,1.0,1.0,1.0,0.1,0.01,anisotropic,0.0125,0.0464158883361277,8,100000,96.1828155517578,31.51938646465732,0.966503430596935,0.00070223938169,30.288190600861867,0.9480297640747636,0.0009324053730159,0.0309425771151483
920,1.0,False,1.0,1.0,1.0,0.1,0.01,anisotropic,0.0125,0.001,3,100000,98.29160356521606,31.029038986172267,0.8988780899590831,0.0007601102005596,31.53601551900707,0.9322908534272998,0.000676361544899,0.0415639033242076
921,1.0,False,1.0,1.0,1.0,0.1,0.01,anisotropic,0.0125,0.0464158883361277,8,100000,95.8924195766449,29.803580134377498,0.8874628423488506,0.000774848705693,29.882790509292217,0.9160578587351332,0.0007608444455262,0.0245107283065867
922,1.0,False,1.0,1.0,1.0,0.1,0.01,anisotropic,0.0125,0.0464158883361277,8,100000,96.50411987304688,38.49709948549316,0.983707253816252,0.0001412728784495,39.2790991736455,0.989531220606126,0.0001179937014818,0.0241351642581956
923,1.0,False,1.0,1.0,1.0,0.1,0.01,anisotropic,0.0125,0.0046415888336127,5,100000,98.255188703537,34.78311160926398,0.9577908171232145,0.0003294086866609,34.24187387109603,0.9728373718803888,0.0003731288429008,0.0327228507922548
924,1.0,False,1.0,1.0,1.0,0.1,0.01,anisotropic,0.0125,0.0464158883361277,8,100000,96.08836817741394,35.99524147411901,0.9492959045699916,0.0002510279963817,37.19146631781759,0.9837058959044988,0.0001905898092266,0.0298668643827387
925,1.0,False,1.0,1.0,1.0,0.1,0.01,anisotropic,0.0125,0.0464158883361277,8,100000,95.60151362419128,36.83428207649253,0.973645027461818,0.0002072292390481,38.29546431928852,0.986599401415699,0.0001480242290978,0.0266746136789191
926,1.0,False,1.0,1.0,1.0,0.1,0.01,anisotropic,0.0125,0.0215443469003188,7,100000,98.6235420703888,31.639313004294213,0.9728533376692357,0.0006838432141743,31.031142801687015,0.9667829474681304,0.0007866355366844,0.0288433841366729
927,1.0,False,1.0,1.0,1.0,0.1,0.01,anisotropic,0.0125,0.0215443469003188,7,100000,97.20229935646056,31.6400559505797,0.9163217629989394,0.0006848937428399,33.89994978028038,0.9757884021399412,0.0004070369314081,0.0314896641953571
928,1.0,False,1.0,1.0,1.0,0.1,0.01,anisotropic,0.0125,0.0046415888336127,5,100000,96.5967390537262,32.26157024296096,0.9613407258100488,0.0005885396012585,32.33072849143671,0.9691716418643682,0.0005792417618389,0.029680188113338
929,1.0,False,1.0,1.0,1.0,0.1,0.01,anisotropic,0.0125,0.0464158883361277,8,100000,98.37309384346008,35.92445837574986,0.9823188172035976,0.0002555555260333,34.882759685746464,0.9861815627290346,0.0003248292619885,0.0312202317412374
930,1.0,False,1.0,1.0,1.0,0.1,0.01,anisotropic,0.0125,0.0046415888336127,5,100000,97.04163932800292,32.96666025128201,0.94728970773402,0.0005026270159042,32.783569476688896,0.9665111315495464,0.0005242698773175,0.0319826042465042
931,1.0,False,1.0,1.0,1.0,0.1,0.01,anisotropic,0.0125,0.0046415888336127,5,100000,97.13029193878174,27.80358116771613,0.9093025548906396,0.0016379484782085,27.984068200002504,0.9073180464199244,0.0015712725867657,0.0344271708336326
932,1.0,False,1.0,1.0,1.0,0.1,0.01,anisotropic,0.0125,0.01,6,100000,97.9884250164032,30.51094924486046,0.9494761654686124,0.000886067935436,32.0204463415073,0.9678499283047632,0.0006259178127626,0.0296505362006896
933,1.0,False,1.0,1.0,1.0,0.1,0.01,anisotropic,0.0125,0.0004641588833612,2,100000,97.18997311592102,28.547775099119505,0.8837162716739257,0.0012985053470555,28.429782510607524,0.881343586803753,0.0013342677873928,0.0297796442578823
934,1.0,False,1.0,1.0,1.0,0.1,0.01,anisotropic,0.0125,0.0046415888336127,5,100000,97.03938460350037,29.4890137367732,0.8914238679472575,0.001043216638901,29.30563881651877,0.9091747163385324,0.0010882082079327,0.0314185511541182
935,1.0,False,1.0,1.0,1.0,0.1,0.01,anisotropic,0.0125,0.01,6,100000,96.56947112083436,31.992534471320152,0.9618438267934214,0.0006276948846243,32.97935315736462,0.9776677251741724,0.000500111361337,0.0296435123708437
936,1.0,False,1.0,1.0,1.0,0.1,0.01,anisotropic,0.0125,0.0046415888336127,5,100000,97.5584466457367,28.37068087319967,0.8975849812450274,0.0014303842950857,28.29757797799195,0.9223625646106282,0.0014546651107032,0.0334333792212198
937,1.0,False,1.0,1.0,1.0,0.1,0.01,anisotropic,0.0125,0.0046415888336127,5,100000,96.48984932899477,33.69415746584296,0.9442990518213416,0.0004199377348383,33.405268541796886,0.9635434961099776,0.0004488216455615,0.0316861623093086
938,1.0,False,1.0,1.0,1.0,0.1,0.01,anisotropic,0.0125,0.0215443469003188,7,100000,98.00998425483704,35.57630298071639,0.9662020159547476,0.0002768019153954,36.65885954671972,0.982221096851998,0.0002157314360326,0.0295129331352908
939,1.0,False,1.0,1.0,1.0,0.1,0.01,anisotropic,0.0125,0.0046415888336127,5,100000,96.75018501281738,34.723849171978515,0.9491277878883292,0.0003320639742798,35.94509067401098,0.972120056063315,0.0002506672584746,0.0317023478242016
940,1.0,False,1.0,1.0,1.0,0.1,0.01,anisotropic,0.0125,0.01,6,100000,96.65798926353456,28.47118706140129,0.9067179621978174,0.0014072289875694,29.023435546742103,0.940623508325358,0.001239195775051,0.0318402768752648
941,1.0,False,1.0,1.0,1.0,0.1,0.01,anisotropic,0.0125,0.0046415888336127,5,100000,99.3696312904358,30.171280635811904,0.9196771103859877,0.0007637415214313,28.8472510600649,0.9171263647423736,0.0010359752013047,0.032212175218279
942,1.0,False,1.0,1.0,1.0,0.1,0.01,anisotropic,0.0125,0.0021544346900318,4,100000,96.68184804916382,29.370429685290254,0.9059362107786229,0.0011225588498274,29.25342270789748,0.9264321618236856,0.001153213760218,0.0334071886768435
943,1.0,False,1.0,1.0,1.0,0.1,0.01,anisotropic,0.0125,0.0046415888336127,5,100000,96.73898649215698,33.298866881581354,0.9148612275549324,0.0004421684600961,32.24919056975176,0.9303339353251702,0.0005630609286647,0.0398811829509374
944,1.0,False,1.0,1.0,1.0,0.1,0.01,anisotropic,0.0125,0.0046415888336127,5,100000,98.68308091163637,31.9812432390114,0.9276123206809244,0.0006002738655381,31.283416926550103,0.954604564615028,0.0007049073953695,0.0315743240502032
945,1.0,False,1.0,1.0,1.0,0.1,0.01,anisotropic,0.0125,0.0046415888336127,5,100000,96.707368850708,27.34969801244819,0.9124088242816508,0.0018238570902453,26.42061488678589,0.8978135165643956,0.0022589109903333,0.0328247201452359
946,1.0,False,1.0,1.0,1.0,0.1,0.01,anisotropic,0.0125,0.0046415888336127,5,100000,96.91953873634338,31.296662707186805,0.9297172162386382,0.0007328877108772,31.13153128097157,0.9471118110894324,0.0007612908010507,0.0333440582254767
947,1.0,False,1.0,1.0,1.0,0.1,0.01,anisotropic,0.0125,0.0046415888336127,5,100000,98.56294512748718,29.39549389896621,0.9206910823769358,0.0010745155272822,28.095256112471084,0.9124466242390724,0.0014495609277868,0.0309976086055218
948,1.0,False,1.0,1.0,1.0,0.1,0.01,anisotropic,0.0125,0.0464158883361277,8,100000,96.84521889686584,26.814894657843045,0.9226818593551978,0.0020721618112577,26.69855553629069,0.9529004315175984,0.0021284212086457,0.0288329598602846
949,1.0,False,1.0,1.0,1.0,0.1,0.01,anisotropic,0.0125,0.0215443469003188,7,100000,96.26034832000732,35.408220742280804,0.962496834244688,0.0002872482868684,34.704943850821294,0.9780487410448144,0.0003377420510184,0.0270256813781127
950,1.0,False,1.0,1.0,1.0,0.1,0.01,anisotropic,0.0125,0.01,6,100000,100.68922066688538,33.83123916890548,0.9620684422494238,0.000409360818159,34.97848026606779,0.9804737178464666,0.0003143273435548,0.0286214357002196
951,1.0,False,1.0,1.0,1.0,0.1,0.01,anisotropic,0.0125,0.0464158883361277,8,100000,99.58274936676024,38.12882358783427,0.9794100943314378,0.0001536871792441,38.89606482615062,0.987117108090446,0.0001287993038933,0.0257225132740767
952,1.0,False,1.0,1.0,1.0,0.1,0.01,anisotropic,0.0125,0.0004641588833612,2,100000,99.90366816520692,30.140424109782884,0.8698601633731847,0.0008222354253314,30.389628645097066,0.8758842326821431,0.0007763824872965,0.0405604137765863
953,1.0,False,1.0,1.0,1.0,0.1,0.01,anisotropic,0.0125,0.01,6,100000,99.49858140945436,33.147275442229855,0.93751175206178,0.0004706813187959,33.73757796775939,0.9628797007249488,0.0004108626936309,0.0349255467765554
954,1.0,False,1.0,1.0,1.0,0.1,0.01,anisotropic,0.0125,0.0021544346900318,4,100000,99.78846073150636,31.213001137103014,0.9260678231077814,0.0007479243002038,30.029155469905035,0.933713771071723,0.0009822956266193,0.037778107477408
955,1.0,False,1.0,1.0,1.0,0.1,0.01,anisotropic,0.0125,0.0004641588833612,2,100000,100.5006663799286,31.550995507943064,0.906255205811887,0.0006908591765045,30.78946008404433,0.92668665756009,0.0008232714842754,0.0318244946644863
956,1.0,False,1.0,1.0,1.0,0.1,0.01,anisotropic,0.0125,0.0464158883361277,8,100000,99.78861331939696,37.04433077697351,0.9814560666854916,0.0001972072684616,37.42928820267907,0.9892279973582594,0.000180479207427,0.0247834914343299
957,1.0,False,1.0,1.0,1.0,0.1,0.01,anisotropic,0.0125,0.01,6,100000,100.51496458053587,34.57441095254465,0.9646510656455232,0.0003487705802627,34.11724240834045,0.9713950536123962,0.0003874866088491,0.0292379895510033
958,1.0,False,1.0,1.0,1.0,0.1,0.01,anisotropic,0.0125,0.0046415888336127,5,100000,99.34125351905824,32.414102049299686,0.9609118925424311,0.0005487396486127,32.75871634833855,0.9686226566336787,0.0005068797144591,0.0291339771647522
959,1.0,False,1.0,1.0,1.0,0.1,0.01,anisotropic,0.0125,0.0215443469003188,7,100000,100.05363583564758,30.78334332267311,0.9396554110719996,0.000829748073219,30.917805437238183,0.968041706499567,0.0008044518247529,0.0267903506088131
960,1.0,False,1.0,1.0,1.0,0.1,0.01,anisotropic,0.0125,0.0046415888336127,5,100000,100.55850625038148,32.67793165305042,0.9358740489562531,0.0004135472030143,31.76000960025131,0.939139430365752,0.0005108781083801,0.0327983264435183
961,1.0,False,1.0,1.0,1.0,0.1,0.01,anisotropic,0.0125,0.01,6,100000,99.41050171852112,28.415681345082447,0.9067186878380584,0.0014115050467759,28.17571393625867,0.9264617046276926,0.0014916920534869,0.0292713871899771
962,1.0,False,1.0,1.0,1.0,0.1,0.01,anisotropic,0.0125,0.0464158883361277,8,100000,99.9346969127655,37.737937185311424,0.9775150630786268,0.000168143151931,37.98885594977683,0.9902092932577312,0.0001587037934848,0.0254083648839118
963,1.0,False,1.0,1.0,1.0,0.1,0.01,anisotropic,0.0125,0.0021544346900318,4,100000,100.02607774734496,31.727108493640387,0.940413916804643,0.0006553098685793,32.13448908768355,0.9436284897720862,0.0005966348932819,0.0313817532116828
964,1.0,False,1.0,1.0,1.0,0.1,0.01,anisotropic,0.0125,0.1,9,100000,99.39198279380798,29.75440633803929,0.909185245333058,0.0004604849100244,30.31943836654021,0.941725972549292,0.0004043078747272,0.0263500527009689
965,1.0,False,1.0,1.0,1.0,0.1,0.01,anisotropic,0.0125,0.01,6,100000,100.17138838768004,30.14009427762928,0.920000201642941,0.0009541075162488,30.19546936155026,0.9352370398152166,0.0009420193175247,0.0308355594368755
966,1.0,False,1.0,1.0,1.0,0.1,0.01,anisotropic,0.0125,0.0215443469003188,7,100000,99.94733905792236,34.550962175932995,0.9683283791103604,0.0003502755171718,33.87754692388927,0.9719967418267732,0.0004090263702098,0.0274184776388812
967,1.0,False,1.0,1.0,1.0,0.1,0.01,anisotropic,0.0125,0.001,3,100000,99.3808479309082,28.69218585136129,0.9278840176448842,0.0013301909597805,27.82122461809594,0.9081551600291268,0.0016255866173628,0.036271578260142
968,1.0,False,1.0,1.0,1.0,0.1,0.01,anisotropic,0.0125,0.0464158883361277,8,100000,99.44529223442078,37.45240587848792,0.9782935891737828,0.0001796886846582,37.82186516464833,0.9881829324801508,0.0001650345225138,0.0249267739912932
969,1.0,False,1.0,1.0,1.0,0.1,0.01,anisotropic,0.0125,0.0215443469003188,7,100000,100.0723786354065,33.0371523002716,0.9664020063357768,0.0004953687725866,33.25811776824342,0.9778525284459796,0.0004707952570313,0.0280241373988643
970,1.0,False,1.0,1.0,1.0,0.1,0.01,anisotropic,0.0125,0.0464158883361277,8,100000,98.87658095359802,35.4986034997978,0.9649046388820276,0.0002818029454085,35.492264388154254,0.9741982189609708,0.0002822145750222,0.0291686532703001
971,1.0,False,1.0,1.0,1.0,0.1,0.01,anisotropic,0.0125,0.01,6,100000,100.20033502578735,33.631898744714505,0.9430704497856128,0.000432814673115,32.39706853285851,0.950904570307537,0.0005751551287484,0.0346923045989392
972,1.0,False,1.0,1.0,1.0,0.1,0.01,anisotropic,0.0125,0.0464158883361277,8,100000,100.64768648147584,29.941293548841266,0.9650504533857864,0.0010125027008943,30.552080682302872,0.9762512810523368,0.0008796653329538,0.0241179339048682
973,1.0,False,1.0,1.0,1.0,0.1,0.01,anisotropic,0.0125,0.0021544346900318,4,100000,100.46006846427916,34.242133225253895,0.9411090584432626,0.0003676050274387,33.23676822249286,0.9296306923885344,0.0004633593623486,0.026201803168757
974,1.0,False,1.0,1.0,1.0,0.1,0.01,anisotropic,0.0125,0.0001,0,100000,99.78901863098145,27.920023320491783,0.9313336952250664,0.0016131169491933,26.665659161309797,0.9222990860839398,0.0021532887446136,0.037810040729526
975,1.0,False,1.0,1.0,1.0,0.1,0.01,anisotropic,0.0125,0.0464158883361277,8,100000,99.89894604682922,32.995443220597494,0.9768246506292556,0.0005012391549715,32.612201422815446,0.9805603269952194,0.0005474811475932,0.0297031626505811
976,1.0,False,1.0,1.0,1.0,0.1,0.01,anisotropic,0.0125,0.0464158883361277,8,100000,100.58442783355711,33.867161985571975,0.9847188283802474,0.0004099435654438,33.93416641288807,0.9856274070914818,0.0004036673571513,0.0289110552924424
977,1.0,False,1.0,1.0,1.0,0.1,0.01,anisotropic,0.0125,0.0464158883361277,8,100000,99.1207242012024,35.87318625034039,0.9631813503568636,0.0002585402642147,36.07357686484534,0.9830455938773826,0.0002468818293916,0.0309195149287759
978,1.0,False,1.0,1.0,1.0,0.1,0.01,anisotropic,0.0125,0.0046415888336127,5,100000,99.40640783309937,34.93508046168224,0.9433598922167384,0.0003204377922417,33.64954188929708,0.9392407705989152,0.0004308217178622,0.0335356903670259
979,1.0,False,1.0,1.0,1.0,0.1,0.01,anisotropic,0.0125,0.0464158883361277,8,100000,99.4028708934784,35.78326845951575,0.9773023959410644,0.0002637784756613,35.3619333792561,0.9832919349728376,0.0002906516965011,0.0290724046857231
980,1.0,False,1.0,1.0,1.0,0.1,0.01,anisotropic,0.0125,0.0021544346900318,4,100000,100.1967556476593,33.49188632953761,0.916180588464322,0.0004206979248112,31.16816328782641,0.9299155601702832,0.0007183608802346,0.0380255792475857
981,1.0,False,1.0,1.0,1.0,0.1,0.01,anisotropic,0.0125,0.0046415888336127,5,100000,99.0287082195282,29.94766763032083,0.9206412152713797,0.0009789827518975,28.27982169089244,0.8965555460801167,0.0014373404052122,0.0372107155944064
982,1.0,False,1.0,1.0,1.0,0.1,0.01,anisotropic,0.0125,0.0046415888336127,5,100000,99.76183676719666,32.45556878021969,0.920140724441712,0.0005569346371759,32.16246069186461,0.9488297099016836,0.0005958199454967,0.0380908875203741
983,1.0,False,1.0,1.0,1.0,0.1,0.01,anisotropic,0.0125,0.0464158883361277,8,100000,98.48033785820007,40.39198578807472,0.9884166830468268,9.134524069206909e-05,39.89701689278504,0.9923444517357892,0.0001023723832843,0.0262810123013557
984,1.0,False,1.0,1.0,1.0,0.1,0.01,anisotropic,0.0125,0.01,6,100000,99.05146718025208,32.677528874591644,0.9702296767913512,0.0005368119840946,31.44102771368456,0.971360030575693,0.0007136287181713,0.0307459159080283
985,1.0,False,1.0,1.0,1.0,0.1,0.01,anisotropic,0.0125,0.0001,0,100000,99.3555142879486,27.551405745296865,0.9042547806520028,0.0017473413676558,29.187247403168108,0.9317951105970568,0.0011989293529653,0.033438390679238
986,1.0,False,1.0,1.0,1.0,0.1,0.01,anisotropic,0.0125,0.01,6,100000,99.96257710456848,27.91367063191749,0.935797085365614,0.0016120879433166,27.89258454995958,0.9491053967163154,0.0016199340650057,0.0271928208574752
987,1.0,False,1.0,1.0,1.0,0.1,0.01,anisotropic,0.0125,0.0046415888336127,5,100000,100.06394839286804,34.33927064075071,0.9679010585866024,0.0003677397372106,33.51659512147613,0.9739891333488704,0.0004444348570183,0.0314228864424857
988,1.0,False,1.0,1.0,1.0,0.1,0.01,anisotropic,0.0125,0.0046415888336127,5,100000,99.98010921478271,27.97701227357075,0.9240947979248412,0.0015210621170299,27.230947079595467,0.8889636156279507,0.0018061485612627,0.0318368861865997
989,1.0,False,1.0,1.0,1.0,0.1,0.01,anisotropic,0.0125,0.0464158883361277,8,100000,100.17185115814208,36.4068873309481,0.9895744400041684,0.0002286249023215,35.059395340200375,0.9817048901920824,0.0003117975741825,0.028970695325341
990,1.0,False,1.0,1.0,1.0,0.1,0.01,anisotropic,0.0125,0.0046415888336127,5,100000,99.94573879241943,34.12583449379652,0.9669780625019568,0.0003839180570413,32.61692766526795,0.965591136813767,0.0005434119966172,0.0336335309893455
991,1.0,False,1.0,1.0,1.0,0.1,0.01,anisotropic,0.0125,0.0021544346900318,4,100000,99.6907720565796,31.952360797036118,0.9201213312544676,0.0005697141291884,30.373871144667607,0.9327194504463784,0.0008194188599109,0.0384216472831823
992,1.0,False,1.0,1.0,1.0,0.1,0.01,anisotropic,0.0125,0.0215443469003188,7,100000,100.0402340888977,35.57857608122698,0.9504441401455254,0.0002755482477824,33.95886874051345,0.9633939983687538,0.0004000998492573,0.0288649503345278
993,1.0,False,1.0,1.0,1.0,0.1,0.01,anisotropic,0.0125,0.0464158883361277,8,100000,100.27103853225708,38.15085030948047,0.9790506561799184,0.0001529957666202,39.66296797584326,0.9907325179214111,0.0001080109155709,0.0247954906292125
994,1.0,False,1.0,1.0,1.0,0.1,0.01,anisotropic,0.0125,0.0215443469003188,7,100000,99.54585862159728,34.129126224937835,0.9426707518206,0.000384299643943,33.34296574237539,0.956203056269585,0.0004605598026408,0.0317528483957608
995,1.0,False,1.0,1.0,1.0,0.1,0.01,anisotropic,0.0125,0.0046415888336127,5,100000,99.4418761730194,31.464906439431797,0.9250478096914132,0.0006990417766038,31.95117094504317,0.9366797360986102,0.0006249951979979,0.031485486954835
996,1.0,False,1.0,1.0,1.0,0.1,0.01,anisotropic,0.0125,0.0046415888336127,5,100000,99.5595030784607,30.43378291779231,0.930616710106952,0.000891779967797,29.913057546167607,0.9415070981206012,0.0010053800187223,0.0320751169920723
997,1.0,False,1.0,1.0,1.0,0.1,0.01,anisotropic,0.0125,0.0215443469003188,7,100000,99.67676186561584,33.074087848072395,0.981566183826718,0.0004915576564295,32.31561803926531,0.9813927316334368,0.0005853578486511,0.0265275679727525
998,1.0,False,1.0,1.0,1.0,0.1,0.01,anisotropic,0.0125,0.0215443469003188,7,100000,99.3425350189209,30.67686030832119,0.97899856381593,0.0008539222512957,30.730721535885664,0.9803595321335318,0.0008433973025803,0.0279885931187751
999,1.0,False,1.0,1.0,1.0,0.1,0.01,anisotropic,0.0125,0.0464158883361277,8,100000,99.74480605125429,35.609382134702024,0.9678210844835002,0.0002740937421938,34.987325768139065,0.982181275540004,0.0003163040531021,0.0270562590080867
