sample_idx,psnr,ssim,mse,post_std_mean,sigma_used,alpha,scaling,clip,lambda_,zeta
0,24.642306415873897,0.8808379611740479,472.7161560058594,7.429882049560547,0.4933684710553483,380.0035095214844,375.16558837890625,True,25,0.8
1,21.66590434737765,0.8049270995158291,6152.130859375,35.44436264038086,0.3321822135169404,984.3523559570312,950.7636108398438,True,25,0.8
2,29.922673376970618,0.9329986487994868,508.8197021484375,11.553027153015137,0.5348545758036035,511.73492431640625,732.261962890625,True,25,0.8
3,29.005071525813424,0.8964966490068949,416.6777648925781,15.664999961853027,0.35642428268985726,615.5120849609375,599.059814453125,True,25,0.8
4,27.933998805141783,0.9449911620794681,39.02048110961914,2.6005969047546387,0.512501150306667,143.59335327148438,156.8626251220703,True,25,0.8
5,26.22239062681357,0.8974896465685032,54.291629791259766,3.2265865802764893,0.4103571677080943,144.07359313964844,156.83853149414062,True,25,0.8
6,23.759193309693607,0.8713123004578853,11.999197006225586,1.3651609420776367,0.4936075574329136,41.085121154785156,59.02552795410156,True,25,0.8
7,27.134201328077786,0.9376238725149102,1437.271484375,5.387294292449951,0.6397391773679931,557.6182250976562,866.3099975585938,True,25,0.8
8,22.373834211878613,0.823591201505369,2076.841796875,19.862424850463867,0.4243064889547035,656.1724853515625,601.513916015625,True,25,0.8
9,18.138995832938207,0.6869885160203462,7594.841796875,29.095918655395508,0.35521561077071434,641.4669799804688,708.364501953125,True,25,0.8
10,21.207569007383185,0.8828552616932535,3.4799349308013916,1.2341077327728271,0.33509812063743927,27.224153518676758,21.56390953063965,True,25,0.8
11,29.479474591445715,0.9365190283555856,1059.0294189453125,15.782384872436523,0.46223367214270816,871.3902587890625,969.93994140625,True,25,0.8
12,25.811030272988123,0.9041771375111874,1806.4017333984375,25.646089553833008,0.3486754647221321,1017.8936767578125,832.6101684570312,True,25,0.8
13,27.219099786259044,0.8811406002940285,85.91400909423828,6.3780107498168945,0.3480151642729153,219.89004516601562,213.12677001953125,True,25,0.8
14,35.618793068598634,0.9577357053172355,9.136237144470215,4.245903968811035,0.35462216024662113,185.89129638671875,182.6431427001953,True,25,0.8
15,24.816694875460588,0.8893852297704902,111.76406860351562,4.143780708312988,0.3220898699426239,203.28176879882812,184.22109985351562,True,25,0.8
16,35.37747297392605,0.9742085287045645,26.868696212768555,4.800057411193848,0.46771401367610144,283.8185119628906,304.93798828125,True,25,0.8
17,35.461070508846134,0.949983286568501,78.36756134033203,9.74290657043457,0.5100370487290423,514.8710327148438,525.231689453125,True,25,0.8
18,28.434281953743216,0.924770808325176,258.8869323730469,11.034764289855957,0.3992162689868469,434.41729736328125,432.5130615234375,True,25,0.8
19,28.199137229685643,0.9218909527399549,124.7233657836914,5.678293228149414,0.4746155974648504,260.83465576171875,291.9378967285156,True,25,0.8
20,25.91835746657994,0.7944826072123251,820.9317626953125,28.906179428100586,0.29623497198860327,769.1985473632812,612.2410278320312,True,25,0.8
21,33.164001582243856,0.9747644438647634,9.496855735778809,1.5586045980453491,0.5253410521491434,126.248291015625,140.3543701171875,True,25,0.8
22,24.58969605361917,0.8644186645588007,292.40789794921875,13.855358123779297,0.2655754808916664,298.6256103515625,292.8525085449219,True,25,0.8
23,29.978281620961916,0.9013246925080616,135.09625244140625,13.601600646972656,0.3124950714086287,415.2474670410156,366.9954833984375,True,25,0.8
24,28.611510269238238,0.9215904299719538,285.8633728027344,8.671473503112793,0.5499795854305319,395.0999755859375,456.6139221191406,True,25,0.8
25,32.29171244946392,0.9480266239882377,362.1451110839844,12.357706069946289,0.37133174043640677,675.5300903320312,785.3908081054688,True,25,0.8
26,27.74612038865946,0.8216720884914236,56.25242233276367,1.851441502571106,0.3653905957262247,116.6080551147461,200.47410583496094,True,25,0.8
27,31.183599036839276,0.954022028643957,201.49510192871094,9.563624382019043,0.32870145548939284,502.8088073730469,514.72021484375,True,25,0.8
28,26.361449170756654,0.832099292763302,708.7222290039062,19.610553741455078,0.3755742042820632,628.4304809570312,592.8221435546875,True,25,0.8
29,32.986416207748775,0.9841403766651518,1.1284000873565674,0.5670725703239441,0.390121158128683,48.25339126586914,47.403961181640625,True,25,0.8
30,20.62982803762996,0.8412056564632409,3192.0732421875,2.011974811553955,0.7359718758519458,357.7625732421875,607.9373168945312,True,25,0.8
31,16.70677990108888,0.6884978514291014,620.813720703125,7.71164083480835,0.2176239596050833,260.562255859375,171.35360717773438,True,25,0.8
32,30.40949179904752,0.9452283838831111,3.958204746246338,0.946908712387085,0.45914256048026675,58.723876953125,65.98654174804688,True,25,0.8
33,23.046155336380938,0.8939015110327513,4461.271484375,3.038723945617676,0.48733188855710036,677.9260864257812,948.9366455078125,True,25,0.8
34,32.58812502254363,0.924094718524377,513.0938110351562,31.410411834716797,0.2758080713435465,1047.446044921875,965.6663818359375,True,25,0.8
35,21.329434662678555,0.756392349925861,4807.69970703125,49.22624588012695,0.3236536497301446,1003.6050415039062,808.5889282226562,True,25,0.8
36,26.86602876430403,0.922363375550976,187.9012908935547,4.7285566329956055,0.6504169849024114,215.0670623779297,305.30914306640625,True,25,0.8
37,23.950344190330792,0.9230125271404062,38.96007537841797,0.9371941089630127,0.4925014151175573,74.400634765625,98.5744400024414,True,25,0.8
38,31.46998709014322,0.9202546989785505,330.4299621582031,16.027408599853516,0.3643612037048551,692.0751342773438,684.5487670898438,True,25,0.8
39,21.477196502345368,0.8683388449346682,1373.4210205078125,13.613473892211914,0.3235517648194452,484.3436279296875,440.71234130859375,True,25,0.8
40,25.439091543836323,0.9069379025011086,43.11540603637695,1.206836223602295,0.4298547169221017,112.17514038085938,122.91619873046875,True,25,0.8
41,27.41523900798245,0.9295390561392187,442.98553466796875,5.500182628631592,0.6521330153993273,404.0802917480469,495.6817321777344,True,25,0.8
42,27.35813834759833,0.9154383736452082,2.280480146408081,1.3887395858764648,0.3693555890093731,36.77047348022461,35.35413360595703,True,25,0.8
43,34.284151812942774,0.9341146033584026,307.7604675292969,24.64826202392578,0.3063706845336326,924.62158203125,909.4110717773438,True,25,0.8
44,25.152327085014882,0.8828344174705914,199.00050354003906,5.966540813446045,0.543912376882135,165.34979248046875,259.5212097167969,True,25,0.8
45,26.122007780044477,0.9263392566314969,1043.912841796875,15.894204139709473,0.2123811535984626,660.6799926757812,662.8597412109375,True,25,0.8
46,22.764962905532478,0.8316264851101937,500.63690185546875,7.151118278503418,0.5427300247223057,246.13612365722656,312.39935302734375,True,25,0.8
47,25.193680121730925,0.9002825676361906,807.8916015625,8.543004989624023,0.3841235071236242,410.5674743652344,520.5479736328125,True,25,0.8
48,25.47841773454611,0.9359020796071995,843.9823608398438,23.72288703918457,0.3304693294413659,546.9163818359375,547.16357421875,True,25,0.8
49,33.751465864927454,0.9574475975167025,14.481279373168945,5.075749397277832,0.36373658242265505,192.15245056152344,185.6696014404297,True,25,0.8
50,24.047698011221243,0.7815024137035131,3307.234619140625,51.62919998168945,0.3063817018572686,1451.0069580078125,969.6150512695312,True,25,0.8
51,26.531683339582134,0.9333808166815892,1328.783935546875,12.093404769897461,0.44296290481337675,656.9863891601562,775.357666015625,True,25,0.8
52,28.69217890366107,0.8947860301247346,931.656982421875,26.107656478881836,0.3993136230998763,944.8229370117188,939.5594482421875,True,25,0.8
53,18.92688065783552,0.7925386151321827,10242.3154296875,47.003196716308594,0.28837500915133457,1207.18603515625,894.9324951171875,True,25,0.8
54,23.05425552488972,0.9073522359326672,1770.1575927734375,3.9661166667938232,0.5223397054395446,500.265380859375,598.3020629882812,True,25,0.8
55,26.332799184095347,0.886838791372749,1960.48583984375,32.279335021972656,0.3328684739927737,993.68603515625,921.9523315429688,True,25,0.8
56,27.60909572015549,0.9300860910089778,13.769645690917969,2.582167625427246,0.46258049267425516,87.99364471435547,89.40400695800781,True,25,0.8
57,28.292171670650703,0.8820038581977265,43.01936340332031,5.572936534881592,0.5560342130456205,162.89459228515625,196.78688049316406,True,25,0.8
58,23.803042691320726,0.8807744424140429,8.88210678100586,1.9029154777526855,0.3492725659866379,54.25279998779297,46.18206024169922,True,25,0.8
59,21.743184094858027,0.8640557359532218,711.1091918945312,12.429786682128906,0.2725450230681463,388.6574401855469,326.0050048828125,True,25,0.8
60,28.781694120547954,0.9041639644233558,189.87362670898438,12.044511795043945,0.30693496278999416,430.969482421875,389.2886047363281,True,25,0.8
61,24.4305721038878,0.8511880178660007,245.03009033203125,6.344444274902344,0.46146255162635874,185.64987182617188,272.07769775390625,True,25,0.8
62,29.026426400516364,0.956407654226995,858.4772338867188,9.974894523620605,0.39564168981319575,764.438232421875,828.9087524414062,True,25,0.8
63,22.137218365559896,0.7721230977097616,774.7132568359375,6.947832107543945,0.6200420546558816,277.59576416015625,357.3965759277344,True,25,0.8
64,19.962720251881038,0.7841741562016876,799.546875,14.235994338989258,0.38232651276536234,334.7347412109375,281.653564453125,True,25,0.8
65,23.803405482262438,0.9082409282945629,1204.1866455078125,5.453779220581055,0.5706998354341292,422.51318359375,543.1533813476562,True,25,0.8
66,26.43329493167091,0.9324698375674471,45.66856384277344,1.8615375757217407,0.3367926893840682,122.3455581665039,141.78329467773438,True,25,0.8
67,27.614860252967397,0.9329355771742738,1008.3406372070312,22.95005989074707,0.4733057808600825,786.7031860351562,802.394775390625,True,25,0.8
68,27.033127750907646,0.8742268622409066,9.652420043945312,2.5940752029418945,0.3739172651257784,73.3372802734375,75.47608947753906,True,25,0.8
69,26.212800352291005,0.8887469849101833,2314.192138671875,34.5560302734375,0.3010735061403236,1162.0322265625,986.9000244140625,True,25,0.8
70,26.24839188150423,0.9368710562248471,1413.9359130859375,16.004100799560547,0.45680419532302585,800.1143798828125,772.4725341796875,True,25,0.8
71,19.152786177314475,0.7106937409053731,465.22491455078125,6.774726390838623,0.6418801666380685,171.09381103515625,199.5169677734375,True,25,0.8
72,34.199053749578525,0.9875061312696144,0.016139840707182884,0.06749317049980164,0.28757618801380025,6.318460464477539,6.516594886779785,True,25,0.8
73,18.616549298667294,0.7831658307725646,8994.646484375,26.09706687927246,0.25205394183043195,1099.971435546875,815.64599609375,True,25,0.8
74,24.86213491739292,0.7547762543513268,1591.3990478515625,36.99314498901367,0.27994705633624284,711.1936645507812,707.1505126953125,True,25,0.8
75,17.37445166308977,0.7143651910885912,9715.1533203125,68.1283187866211,0.164801980248651,1432.259765625,729.2781372070312,True,25,0.8
76,23.52332845024669,0.9198308426478803,2637.426025390625,7.008764743804932,0.4441744537615172,662.8194580078125,771.4990844726562,True,25,0.8
77,34.35112305536712,0.9655733697185576,2.0615389347076416,1.8766772747039795,0.2854169636020878,81.73834991455078,74.9706039428711,True,25,0.8
78,26.325493828123466,0.9091995655490764,299.8066711425781,16.239543914794922,0.3440528658930217,437.7508544921875,359.1072692871094,True,25,0.8
79,24.98793468704337,0.7959056914784255,40.19564437866211,4.956432342529297,0.47270810363100146,117.03877258300781,116.75318908691406,True,25,0.8
80,23.23984818019779,0.8152580796795011,3368.3955078125,28.29673194885254,0.3348586436299126,953.2152099609375,863.2402954101562,True,25,0.8
81,28.678632148506832,0.9275111636671673,523.3613891601562,7.48645544052124,0.5172815486858745,508.0447692871094,623.6748046875,True,25,0.8
82,34.313600282321524,0.9768145854043764,40.637969970703125,4.716063976287842,0.6607005090818503,309.6886291503906,331.567138671875,True,25,0.8
83,28.09509039901275,0.8973089479894153,6.3856635093688965,2.42226243019104,0.3854700258787038,78.07549285888672,64.49478912353516,True,25,0.8
84,34.21346234252294,0.9491591461164295,36.74681091308594,7.544643878936768,0.46439886541681,324.14849853515625,311.67132568359375,True,25,0.8
85,22.912651156480386,0.8726751023136518,539.425537109375,8.19456958770752,0.4851112157483131,169.4494171142578,325.8581237792969,True,25,0.8
86,25.672981920417655,0.888196431852683,1377.8328857421875,43.11863327026367,0.27574465932034525,1334.1627197265625,729.8765869140625,True,25,0.8
87,29.266111113011995,0.8758503765243099,462.02996826171875,25.926355361938477,0.3123946567935799,720.8015747070312,637.919921875,True,25,0.8
88,34.89093518835875,0.9543477203562409,255.06112670898438,16.634672164916992,0.317020425824048,944.5380859375,887.3255004882812,True,25,0.8
89,24.37492330361525,0.9014881026726389,808.0038452148438,3.8443970680236816,0.6146010357657853,300.14166259765625,472.7427062988281,True,25,0.8
90,28.631845618745594,0.9157590311793351,19.57042121887207,4.126734733581543,0.21407826436336921,136.1105194091797,120.47465515136719,True,25,0.8
91,27.628619694747357,0.9419075987148949,877.7293701171875,6.804248809814453,0.6615225982267716,551.5931396484375,713.5315551757812,True,25,0.8
92,32.74702202464678,0.9345143635029701,307.48614501953125,20.628284454345703,0.4426164795764749,826.0513305664062,761.0242919921875,True,25,0.8
93,32.08081129917931,0.945466503793118,195.3042449951172,9.281254768371582,0.5334178085652959,530.2343139648438,561.7159423828125,True,25,0.8
94,30.006483923524627,0.8538515757254187,576.9786376953125,27.21856117248535,0.4221667109148103,720.7278442382812,771.1962280273438,True,25,0.8
95,35.86931079729319,0.9760110911723876,63.119140625,5.309507846832275,0.34658190380745807,455.2807922363281,494.3017883300781,True,25,0.8
96,29.09302883621734,0.9326973144076496,337.034423828125,15.639580726623535,0.20778126958243348,666.3202514648438,523.2100830078125,True,25,0.8
97,32.22816388845577,0.966580449858194,109.59088897705078,4.720544338226318,0.6457723493395601,372.87506103515625,428.11346435546875,True,25,0.8
98,22.832266848274397,0.809304406663155,3.580660820007324,0.7453044056892395,0.5649058027609977,19.229351043701172,26.393707275390625,True,25,0.8
99,32.52748346095341,0.9347465316792882,6.608963966369629,2.5998446941375732,0.3654202536085407,107.32355499267578,108.78353881835938,True,25,0.8
100,34.18549338412932,0.9493678618833745,0.4001519978046417,0.6351991295814514,0.45475340719732066,31.363767623901367,32.39775466918945,True,25,0.8
101,28.979530279522873,0.9105955131647011,232.02349853515625,4.914283275604248,1.0843449449897586,221.26950073242188,636.7739868164062,True,25,0.8
102,25.74790504501452,0.8747235296709296,223.69287109375,7.020247459411621,0.5677561771875228,209.24063110351562,315.0416259765625,True,25,0.8
103,23.426948919353713,0.9096807907109598,1176.9678955078125,9.171196937561035,0.4495710147440222,488.63238525390625,509.0621337890625,True,25,0.8
104,23.955133024229546,0.8271807646327515,3150.29052734375,36.85272979736328,0.3381930956114352,1142.1312255859375,907.658935546875,True,25,0.8
105,22.112794177456657,0.8935562444844676,382.9747619628906,1.8197988271713257,0.6596245485444571,162.95811462402344,250.04293823242188,True,25,0.8
106,26.816029686404107,0.9590142235252141,350.9689025878906,3.6574366092681885,0.4905703915787681,358.4022521972656,410.9725341796875,True,25,0.8
107,29.293177542425237,0.961063954959959,672.1505126953125,7.438774585723877,0.6025161406754396,624.998046875,755.7955932617188,True,25,0.8
108,22.211750341997607,0.768991839128159,316.379638671875,18.50556755065918,0.23187200364563523,381.8511047363281,229.56936645507812,True,25,0.8
109,23.46119645219956,0.9057335293745109,27.32383155822754,0.26844921708106995,0.4576203318712847,51.944602966308594,77.9029312133789,True,25,0.8
110,19.45515317052926,0.7792201899192094,955.0291748046875,13.884505271911621,0.23983846364392583,387.5596923828125,290.4617004394531,True,25,0.8
111,26.526334176308186,0.8986614114163738,46.02882766723633,5.035511016845703,0.5486590255118169,152.62606811523438,162.06005859375,True,25,0.8
112,24.853379967089296,0.8069976539772976,2796.6005859375,59.534793853759766,0.2905427582725418,1350.0377197265625,929.7679443359375,True,25,0.8
113,28.466557006211296,0.9158388913462037,929.8604125976562,23.330698013305664,0.3839819705299946,906.0415649414062,808.312255859375,True,25,0.8
114,18.026596605909244,0.6469952503435543,6219.21826171875,29.117149353027344,0.29584511128459895,635.763916015625,633.7703247070312,True,25,0.8
115,17.617092258215227,0.6689059100515579,13117.40234375,68.38642120361328,0.33123838266098454,1152.814697265625,871.589111328125,True,25,0.8
116,19.874534216457505,0.7795987346578295,6625.8974609375,31.50879669189453,0.39095525602985887,895.5220947265625,803.868408203125,True,25,0.8
117,30.34217356988945,0.9583461588888714,32.447654724121094,1.4397720098495483,0.4082193504170884,159.0108184814453,187.38348388671875,True,25,0.8
118,29.961149767473408,0.9596565315505668,796.6083984375,11.545809745788574,0.3936947861424015,839.0573120117188,892.6664428710938,True,25,0.8
119,26.111905847821294,0.9228478786650895,708.1281127929688,12.809752464294434,0.43025272691365835,476.87603759765625,539.8029174804688,True,25,0.8
120,23.938372579832368,0.8730663508421889,2622.01171875,39.064266204833984,0.41146647465392655,997.095703125,807.6326904296875,True,25,0.8
121,27.311247098289243,0.8989573197537347,1448.388427734375,17.97637176513672,0.46045739218861303,743.5340576171875,896.1951904296875,True,25,0.8
122,30.99428202790773,0.9271271700487387,74.00985717773438,6.736475467681885,0.3165512559555081,326.0503234863281,318.68548583984375,True,25,0.8
123,23.250903916160304,0.8796624079021319,58.150146484375,2.2028403282165527,0.33775260427507214,105.75072479248047,110.9418716430664,True,25,0.8
124,29.873374210656976,0.9505544146455601,53.81169128417969,6.335667610168457,0.4501527131495523,230.4608154296875,228.7072296142578,True,25,0.8
125,26.91087425461925,0.9253042898572389,370.5806884765625,16.065597534179688,0.4083810466169847,421.48797607421875,427.6806945800781,True,25,0.8
126,29.72970910842145,0.9005399946133814,669.8701782226562,20.431299209594727,0.5278397124470184,743.9525756835938,818.19677734375,True,25,0.8
127,32.46918924478677,0.9671524873828002,414.9083251953125,29.198251724243164,0.4031142346322765,932.6288452148438,860.869873046875,True,25,0.8
128,30.311366500480638,0.9493364039558622,0.058320458978414536,0.1739833801984787,0.381363817035468,7.406680107116699,7.945178508758545,True,25,0.8
129,28.057679888466566,0.8629483274021739,372.56488037109375,15.568310737609863,0.4100281410708979,507.4248962402344,511.2365417480469,True,25,0.8
130,26.244725973103186,0.910747663034328,406.5966796875,18.901458740234375,0.3640456834206401,459.6800231933594,417.99359130859375,True,25,0.8
131,26.814083335799094,0.9145859849895855,92.90380859375,8.641963005065918,0.5558909477519373,220.57667541503906,222.8856964111328,True,25,0.8
132,19.570670260708933,0.8302375779106831,160.5806884765625,2.773494243621826,0.25764723592243766,130.70933532714844,120.74549865722656,True,25,0.8
133,29.9341025717438,0.8605127803158588,115.39738464355469,15.409778594970703,0.32372869248831365,372.541259765625,338.2775573730469,True,25,0.8
134,23.80179712108444,0.8335792142362022,3614.706787109375,37.08364486694336,0.3130077136643569,1519.34619140625,942.966796875,True,25,0.8
135,20.85505116475895,0.8094143393300272,764.208740234375,6.176522731781006,0.572005061097771,227.79505920410156,323.8797302246094,True,25,0.8
136,28.029737786791383,0.899527532364731,415.9189147949219,22.54291343688965,0.29007742115900204,649.539306640625,519.2718505859375,True,25,0.8
137,27.472975993499432,0.8946291816904295,884.217529296875,22.899829864501953,0.3382163136713652,820.2363891601562,703.31591796875,True,25,0.8
138,32.471673213373,0.9332833225705245,75.07865905761719,8.864982604980469,0.442617139756017,375.7500915527344,364.2659606933594,True,25,0.8
139,27.670266496185803,0.8713950069546238,1614.48779296875,44.53620147705078,0.41843424068193497,1208.7044677734375,971.810302734375,True,25,0.8
140,24.271217799213854,0.8377173104483323,3135.895263671875,42.3955078125,0.3949781147533398,1187.222900390625,962.48486328125,True,25,0.8
141,29.660830577978125,0.9509362143428826,68.6664047241211,4.105276584625244,0.48961021324738646,217.1969451904297,252.530517578125,True,25,0.8
142,23.496094347405524,0.9083200744509417,1105.0650634765625,6.528923034667969,0.3712144146724607,449.19000244140625,497.7512512207031,True,25,0.8
143,21.472191068785236,0.8425522095530262,646.6192016601562,7.338431358337402,0.2697949867255511,263.6920166015625,301.5774230957031,True,25,0.8
144,34.01171778358527,0.9807713632582388,32.33726501464844,3.7325656414031982,0.575775172043426,254.86610412597656,285.5556640625,True,25,0.8
145,22.56544916984115,0.8617960293887815,7.911726951599121,0.8150218725204468,0.4654491481570322,33.6671028137207,37.850059509277344,True,25,0.8
146,23.360634186155103,0.8684353259610499,1712.223876953125,10.822158813476562,0.4301077670579688,531.4796752929688,609.9547729492188,True,25,0.8
147,20.31719126661091,0.8616110026659549,2347.545166015625,15.608973503112793,0.2524063025229337,506.1527099609375,503.17633056640625,True,25,0.8
148,26.584163326409353,0.8258733336310083,5.149244785308838,0.6050893068313599,0.9776849378591956,23.926111221313477,52.42727279663086,True,25,0.8
149,27.291000100964734,0.8697060256181487,131.393798828125,2.8547236919403076,0.6380560734166442,146.22836303710938,279.3678283691406,True,25,0.8
150,28.188635524975595,0.9364474207485792,1250.179931640625,28.214519500732422,0.29728528516075037,1036.1373291015625,908.3576049804688,True,25,0.8
151,27.96462790608104,0.8494987659887763,82.86782836914062,2.88437557220459,0.7304393722377718,163.73048400878906,240.32232666015625,True,25,0.8
152,21.02274147811205,0.7964848872251094,167.7638397216797,10.391222953796387,0.30223684821261193,212.0378875732422,145.74998474121094,True,25,0.8
153,28.016405980470424,0.8809425127505103,378.757568359375,17.453529357910156,0.3565550903819342,560.0892333984375,489.96331787109375,True,25,0.8
154,35.40914830535425,0.9887893831797552,279.2491149902344,13.948602676391602,0.35525821754904346,917.47900390625,985.664794921875,True,25,0.8
155,19.766894818337782,0.8400757962187139,620.6810302734375,12.008960723876953,0.21616077755387433,355.6921691894531,242.81321716308594,True,25,0.8
156,28.519578979600947,0.9452981144128323,634.2432861328125,6.738211154937744,0.4095392614695362,562.9217529296875,672.4634399414062,True,25,0.8
157,23.30390795140574,0.8667503597812632,2702.95458984375,12.79273796081543,0.46308845167180074,574.44140625,761.8579711914062,True,25,0.8
158,22.06706081640021,0.8896721723801849,329.551025390625,4.259768962860107,0.5870072241974217,153.01882934570312,238.39990234375,True,25,0.8
159,24.206981852151568,0.9060070367887524,2001.6817626953125,7.820079326629639,0.7418144657707894,478.79644775390625,728.4881591796875,True,25,0.8
160,30.180822893674307,0.9396855635924113,130.15997314453125,8.89995002746582,0.3603896370264032,401.73638916015625,368.41534423828125,True,25,0.8
161,20.539018800967742,0.7790609662705418,3526.1884765625,39.97486114501953,0.21050627578664588,1022.2617797851562,632.6735229492188,True,25,0.8
162,33.47703555783815,0.9398681275907931,180.07310485839844,32.0994873046875,0.31444808045660505,807.718994140625,633.8961791992188,True,25,0.8
163,22.019747999755044,0.8989583765517076,1794.9129638671875,16.163715362548828,0.5096572832827401,472.9548645019531,536.2388916015625,True,25,0.8
164,25.930875594128267,0.9153012027281603,21.142593383789062,0.9557807445526123,0.40443461792951113,69.00981903076172,91.19947814941406,True,25,0.8
165,25.926115120229255,0.9293238093792504,1687.8646240234375,13.782265663146973,0.45427290459781966,680.2315063476562,835.4671630859375,True,25,0.8
166,26.08592364674179,0.9160925080217382,254.41412353515625,2.370358467102051,0.41706740074348075,279.0860595703125,321.45928955078125,True,25,0.8
167,36.47744822153307,0.9897409938006702,7.867883682250977,1.753242015838623,0.5006833050512162,187.7801971435547,187.3319854736328,True,25,0.8
168,27.966426034978653,0.9077821706024732,2.779954433441162,0.6867272853851318,0.3934317061913713,38.06119918823242,41.73436737060547,True,25,0.8
169,21.148810887053777,0.8309947709582738,2681.07080078125,24.778627395629883,0.2635266955642825,740.4520263671875,591.3020629882812,True,25,0.8
170,25.53715191643264,0.9100652380920446,1281.6773681640625,3.9207887649536133,0.587141221586146,514.024169921875,677.8867797851562,True,25,0.8
171,20.399338304873005,0.7713197388326302,2.7369120121002197,0.8904834389686584,0.16162902502759496,41.58572006225586,17.57124137878418,True,25,0.8
172,29.1365652418275,0.925708717475304,319.7179870605469,19.916452407836914,0.3996987617392021,633.8482055664062,512.5809936523438,True,25,0.8
173,31.78781906044,0.9819845711914256,34.05687713623047,2.9075326919555664,0.5228883904717513,206.69546508789062,227.26927185058594,True,25,0.8
174,29.425091742086988,0.9612763089553613,473.13720703125,16.690250396728516,0.49933043802631916,640.741455078125,645.527587890625,True,25,0.8
175,26.862891130894862,0.8358866329597955,47.626617431640625,2.3287272453308105,1.0283660767461948,77.37335205078125,175.1920623779297,True,25,0.8
176,21.341293586192947,0.8564059209961337,3506.350830078125,19.802034378051758,0.2637199470728078,833.7570190429688,691.246826171875,True,25,0.8
177,31.331675821156857,0.9656230679821796,110.33763122558594,6.163181781768799,0.4671275284241811,339.2594909667969,387.3486022949219,True,25,0.8
178,30.93751128825925,0.9330417326842776,665.0350952148438,20.556018829345703,0.2388654540662485,972.6226806640625,936.7932739257812,True,25,0.8
179,25.770852909549117,0.951249706286887,50.47923278808594,1.9260071516036987,0.4240699770303733,112.78202056884766,138.3834228515625,True,25,0.8
180,27.192708533016482,0.9293221772981902,218.89088439941406,3.533574342727661,0.6887171605105333,218.41746520996094,341.72528076171875,True,25,0.8
181,30.489269212826944,0.9483056927197858,11.627418518066406,3.642284393310547,0.35076696655913187,118.69149780273438,114.36004638671875,True,25,0.8
182,27.212098285370665,0.8888956638297183,1623.9029541015625,42.11577606201172,0.3151619689969472,1105.942626953125,924.7689208984375,True,25,0.8
183,24.111597436610552,0.9426895512543187,2983.442626953125,20.29206085205078,0.5327489551209238,1007.4448852539062,877.4620361328125,True,25,0.8
184,24.765409838419163,0.9263481889208404,221.58177185058594,3.088803768157959,0.8042631212404078,173.04470825195312,258.6836853027344,True,25,0.8
185,18.05089970631422,0.6845555683501345,6812.7109375,58.29179763793945,0.13643897359042484,1684.597412109375,660.3240356445312,True,25,0.8
186,29.614919657826672,0.9510766459538594,729.7239990234375,12.982556343078613,0.41564350672811823,720.8290405273438,817.4049682617188,True,25,0.8
187,25.349464544005723,0.8700509206598511,896.700439453125,29.91676902770996,0.23890015137237866,725.2573852539062,555.6456298828125,True,25,0.8
188,34.46473581600809,0.9688751225747068,100.32646942138672,5.2519354820251465,0.4059195621475374,491.4121398925781,530.1209106445312,True,25,0.8
189,22.496943187187405,0.8390335547245505,327.3525085449219,13.47176456451416,0.33414518446462393,325.26727294921875,242.61044311523438,True,25,0.8
190,32.069645226126774,0.9774115137886583,5.476263523101807,1.738925814628601,0.5834847095328198,81.68616485595703,94.0096664428711,True,25,0.8
191,33.27537585483077,0.9401770624283113,378.55084228515625,21.337825775146484,0.37973237386275166,950.6551513671875,897.3185424804688,True,25,0.8
192,33.159913744299054,0.9312865793497386,390.4572448730469,35.14581298828125,0.3790008141199321,1023.9500732421875,900.5176391601562,True,25,0.8
193,21.791278206198687,0.7785139431846804,2596.575439453125,44.497520446777344,0.20620778473021736,991.787841796875,633.4683837890625,True,25,0.8
194,20.17209329182933,0.8159232925005777,1107.2342529296875,12.85285472869873,0.3254208934490172,410.36956787109375,339.6907653808594,True,25,0.8
195,28.18231317933956,0.9011311153910085,185.37557983398438,9.954689025878906,0.41719603549049294,342.5935363769531,349.8603515625,True,25,0.8
196,22.822935262397927,0.7862239611906423,2697.644287109375,26.402822494506836,0.48521351402391455,714.2645263671875,726.229736328125,True,25,0.8
197,24.112751624837788,0.8348125389094836,3111.5068359375,50.42033386230469,0.3548996937452334,997.2540893554688,897.213134765625,True,25,0.8
198,18.543102764861285,0.7931083699923068,10977.775390625,17.33318328857422,0.5993965893801099,821.3302001953125,887.1993408203125,True,25,0.8
199,26.658063714069094,0.8704786611984265,1248.5367431640625,22.125032424926758,0.4495434138469124,817.6699829101562,780.0956420898438,True,25,0.8
200,32.74921890504575,0.9431595909567809,215.3284149169922,14.246146202087402,0.38035912330967153,627.2174682617188,642.3895874023438,True,25,0.8
201,23.87037583366891,0.8517524424000376,29.007761001586914,1.4113411903381348,0.4829005906461769,45.76891326904297,85.05582427978516,True,25,0.8
202,28.442367325737404,0.9497101283464023,37.629695892333984,2.1018381118774414,0.33602251224431867,141.81057739257812,162.4670867919922,True,25,0.8
203,26.330318871962906,0.863507546096179,1841.6192626953125,35.05306625366211,0.38172669692023703,1096.41845703125,898.6556396484375,True,25,0.8
204,28.09838524302669,0.9391200341691789,569.7354736328125,4.571615219116211,0.6045393059253313,473.2978210449219,606.8226318359375,True,25,0.8
205,21.46415752968586,0.8301370980702696,0.7389108538627625,0.32483410835266113,0.49671489426038073,9.63833236694336,10.187854766845703,True,25,0.8
206,36.72507189608449,0.960468186290456,2.2241411209106445,2.8350472450256348,0.5465679716043963,102.52914428710938,102.37007141113281,True,25,0.8
207,34.39159478968574,0.9475522396011495,160.257080078125,11.22822093963623,0.18368636657317464,650.8795166015625,663.8382568359375,True,25,0.8
208,22.07319069813581,0.7687915961769428,0.2273288071155548,0.4207591414451599,0.3146780258665012,7.8879570960998535,6.056522369384766,True,25,0.8
209,32.98198293108718,0.9458485984842229,13.135377883911133,2.8010594844818115,0.41558094253495204,153.14431762695312,161.64724731445312,True,25,0.8
210,16.453549028131505,0.6246604885317236,6758.51025390625,34.75391387939453,0.2672832355798676,730.8765869140625,549.18505859375,True,25,0.8
211,27.795956874919053,0.9289783155170757,783.866455078125,22.581809997558594,0.5284003357866545,741.5393676757812,692.2033081054688,True,25,0.8
212,24.728713508624622,0.8660130058045203,1431.1219482421875,33.54300308227539,0.20380045054801865,854.3740234375,652.309326171875,True,25,0.8
213,27.0814855803614,0.8984314590679665,88.30952453613281,5.392903804779053,0.32265101455569956,281.3373718261719,225.0450439453125,True,25,0.8
214,28.782812371890685,0.955830021877653,670.8326416015625,14.452350616455078,0.4280442788020353,686.3305053710938,712.467041015625,True,25,0.8
215,29.049760506836027,0.922508738354479,65.4445571899414,3.851975917816162,0.6182764508874856,170.56936645507812,238.0118408203125,True,25,0.8
216,26.393708043657227,0.8943829234864638,210.63836669921875,10.85278606414795,0.38358321848552834,369.57489013671875,326.0743103027344,True,25,0.8
217,27.068011232908297,0.9247162871711089,1089.963134765625,7.059906005859375,0.5387333719867471,610.0344848632812,746.7449340820312,True,25,0.8
218,21.168215638615344,0.776025140681238,3220.987060546875,39.601036071777344,0.28245873910814967,893.096923828125,649.9832763671875,True,25,0.8
219,24.556072010126417,0.8475065566003477,2524.830078125,39.93556213378906,0.21614094157484373,998.43115234375,849.3742065429688,True,25,0.8
220,29.801412065549428,0.9016458895557221,449.2027282714844,22.1478328704834,0.2976138158805782,739.1449584960938,657.9552612304688,True,25,0.8
221,27.901092373059107,0.9306044062393861,523.6754150390625,19.6447696685791,0.3117885297476622,631.9686889648438,568.7402954101562,True,25,0.8
222,29.140338191687654,0.9225084296824068,10.540243148803711,1.221703290939331,0.8216816468856296,46.393646240234375,94.58109283447266,True,25,0.8
223,30.120542857476124,0.9327479302191144,131.85580444335938,7.918545246124268,0.38763942453803385,356.47735595703125,368.34808349609375,True,25,0.8
224,23.961721892077335,0.8733253731508619,270.0521545410156,13.974266052246094,0.2967107254966031,315.30126953125,265.9371643066406,True,25,0.8
225,31.265301744958784,0.9603198910260841,44.74333953857422,2.365841865539551,0.2652093672296105,213.82957458496094,244.7456512451172,True,25,0.8
226,29.985969370623824,0.9302164419132244,949.4656372070312,29.92304039001465,0.38161297851688286,1160.0224609375,973.0375366210938,True,25,0.8
227,27.532907310253524,0.9282198730775446,273.11053466796875,10.388415336608887,0.3436665415390784,404.6163024902344,393.7046203613281,True,25,0.8
228,23.396082334925424,0.8805108486383507,3632.387939453125,14.91318416595459,0.5799112870463019,726.2467041015625,892.1544799804688,True,25,0.8
229,23.84211653734716,0.7632833781267976,1063.494873046875,20.86931800842285,0.4520150611778431,554.14453125,631.5075073242188,True,25,0.8
230,25.14603395351695,0.8575485560332128,1749.42919921875,24.8749942779541,0.34328876608770453,790.5114135742188,795.0164794921875,True,25,0.8
231,30.771518933405282,0.9602741887571888,211.43878173828125,5.207657814025879,0.5853148567291763,443.3415832519531,503.13446044921875,True,25,0.8
232,34.84622708803077,0.9587242339263883,108.96781921386719,9.306777954101562,0.4316602285375448,596.18212890625,577.3269653320312,True,25,0.8
233,25.658515812858674,0.9145094158264383,659.7328491210938,11.356744766235352,0.2607777829168738,527.850341796875,493.0251770019531,True,25,0.8
234,29.508845020776285,0.9350026950813922,41.32134246826172,2.6332898139953613,0.4668824445355209,160.98565673828125,196.04774475097656,True,25,0.8
235,20.772134097804184,0.8429410093885887,4357.431640625,12.418431282043457,0.4436809694082196,624.3439331054688,722.7296752929688,True,25,0.8
236,33.624313311109574,0.9677494102925585,34.35184860229492,3.9262583255767822,0.3792106438640666,245.61172485351562,281.4915771484375,True,25,0.8
237,26.76158032541664,0.9206857045140969,1.3339779376983643,0.565493106842041,0.6169656734945834,21.088266372680664,25.291650772094727,True,25,0.8
238,26.810441701119075,0.8578264508575545,858.6069946289062,46.65338134765625,0.19296681775219438,1604.06005859375,645.8268432617188,True,25,0.8
239,26.28260488680674,0.93571647291213,74.4600601196289,1.7360758781433105,0.36363282482312814,146.7004852294922,177.93356323242188,True,25,0.8
240,27.56740657315494,0.8790015049847717,1543.8372802734375,31.623334884643555,0.4166526899713545,1000.3893432617188,940.5181274414062,True,25,0.8
241,29.838713246557234,0.9598623914077064,943.0806274414062,16.470300674438477,0.444588122958679,918.3546752929688,953.9746704101562,True,25,0.8
242,21.262068690463938,0.8473973837287357,6248.87890625,48.45730209350586,0.2054457020448945,1922.3931884765625,914.9495239257812,True,25,0.8
243,25.359486299747136,0.9056133103552846,378.8018493652344,11.481511116027832,0.35327417346993306,388.314208984375,370.7885437011719,True,25,0.8
244,29.64661465067886,0.9349674302142718,0.29284465312957764,0.2709078788757324,0.5545242594660424,14.21762752532959,16.441160202026367,True,25,0.8
245,29.61709488389826,0.8935794570293807,821.525146484375,5.601524829864502,1.0191576426482865,364.7825012207031,928.3902587890625,True,25,0.8
246,26.896065622477433,0.865676760870552,369.8829650878906,12.843677520751953,0.4599559215990748,421.8335876464844,428.7559509277344,True,25,0.8
247,26.624278766231694,0.9389617383956786,2030.125,13.652586936950684,0.41965810775447854,832.6605224609375,966.6881713867188,True,25,0.8
248,23.938607428553887,0.8083190800933507,3199.999755859375,45.50777053833008,0.2715787270498098,1271.1363525390625,963.6563720703125,True,25,0.8
249,35.88712123505312,0.9614373829035074,187.1446990966797,12.828888893127441,0.31587232431267925,798.3771362304688,853.1564331054688,True,25,0.8
250,32.47120247505362,0.9541445394941405,49.25071716308594,4.128246784210205,0.4026794784940405,268.7037658691406,295.1544494628906,True,25,0.8
251,24.77022417956146,0.906230401932671,429.1074523925781,5.4685211181640625,0.5772314406105984,269.9188537597656,385.7126159667969,True,25,0.8
252,21.684783273716505,0.7872150884851116,4861.3359375,25.393310546875,0.501705805828356,571.4020385742188,851.2855224609375,True,25,0.8
253,34.50842602541385,0.9682992441950691,35.035438537597656,4.363975524902344,0.33621401365519377,284.3335266113281,317.6050720214844,True,25,0.8
254,21.886376914357367,0.9236151151585785,186.71884155273438,6.386160373687744,0.2505211144361047,212.2365264892578,170.32325744628906,True,25,0.8
255,26.27751341019924,0.8585938177853861,565.1429443359375,4.3947038650512695,0.8931553916887486,241.27655029296875,557.2444458007812,True,25,0.8
256,24.2758641624668,0.8689948377863603,2675.007568359375,20.246654510498047,0.4767476532466262,1235.526123046875,936.2186279296875,True,25,0.8
257,33.92038963634918,0.9594414000187004,196.4680938720703,10.397587776184082,0.5233469755110853,664.0465698242188,696.333740234375,True,25,0.8
258,27.087873876678742,0.8952496025030827,603.4208374023438,17.07729721069336,0.49978621817027746,512.9044799804688,570.4910888671875,True,25,0.8
259,24.949250594587188,0.8639277778142992,29.932077407836914,4.971600532531738,0.37444714513497057,147.08724975585938,98.07931518554688,True,25,0.8
260,27.308950572938762,0.9125650341442803,702.7006225585938,18.124191284179688,0.40626702803035564,762.0195922851562,615.3922119140625,True,25,0.8
261,33.06157168604453,0.9542856882600224,482.4604187011719,15.747878074645996,0.6250525937112118,853.4048461914062,990.0637817382812,True,25,0.8
262,28.737755755984168,0.900216167637938,23.636993408203125,4.785914897918701,0.2717825886917715,162.2755889892578,140.9439239501953,True,25,0.8
263,29.1288752149663,0.9225052637543041,328.59033203125,11.214393615722656,0.47964059099108053,510.81103515625,518.8113403320312,True,25,0.8
264,26.71724533394255,0.9370417555465418,1637.66748046875,20.17548179626465,0.3308390329917903,964.8951416015625,877.4957275390625,True,25,0.8
265,30.29022626200028,0.9220806020970377,507.24395751953125,11.076790809631348,0.613853333678909,527.50146484375,741.02783203125,True,25,0.8
266,20.09735017094848,0.7931499635396209,4749.90576171875,47.88385009765625,0.20813319313208647,1065.5372314453125,697.3187255859375,True,25,0.8
267,23.49475345730761,0.8649066962842458,2106.024169921875,15.260941505432129,0.4831102976381929,582.5689697265625,702.7816162109375,True,25,0.8
268,33.727206285335505,0.9619168890765085,54.94809341430664,5.321104526519775,0.5256541352331021,331.39483642578125,360.13165283203125,True,25,0.8
269,21.683371749355036,0.7789475363728262,533.1124877929688,11.621210098266602,0.6120156054342468,264.62042236328125,294.2982482910156,True,25,0.8
270,28.06204715927024,0.8933995335917416,1020.640869140625,29.572195053100586,0.26710676164834957,895.01220703125,809.5518188476562,True,25,0.8
271,25.734072448777255,0.8765872129834074,1739.828125,38.754676818847656,0.22063213852376168,1005.0065307617188,810.3032836914062,True,25,0.8
272,22.411671641818987,0.7042977714177531,4216.73876953125,41.379005432128906,0.30307602583971643,1050.4208984375,867.2052612304688,True,25,0.8
273,30.697776713376793,0.9415540089148363,708.5513916015625,33.89610290527344,0.37920399636120444,1016.9407348632812,913.3273315429688,True,25,0.8
274,22.680933053703765,0.7862767556230684,1394.920654296875,31.082761764526367,0.37432475129841,674.9470825195312,511.8310546875,True,25,0.8
275,16.458288326166358,0.747988800612224,5674.53955078125,10.722415924072266,0.5628124377737541,461.31011962890625,502.0147705078125,True,25,0.8
276,32.59587143572558,0.9463738359057251,347.30084228515625,16.481122970581055,0.25582301542582064,876.532958984375,798.4968872070312,True,25,0.8
277,24.398315862147438,0.855887290778963,1520.8233642578125,17.14767074584961,0.30676310996761236,691.84521484375,650.31396484375,True,25,0.8
278,27.581043856148337,0.8883265078462318,831.6409301757812,12.673588752746582,0.4967579591639616,563.6644287109375,702.264892578125,True,25,0.8
279,23.433585617998354,0.8445320833086106,2864.77880859375,34.88783264160156,0.4404158990984956,828.04296875,795.9968872070312,True,25,0.8
280,25.45911475119121,0.8984299559564012,2067.4970703125,22.86372184753418,0.5380225658671851,737.45703125,890.1153564453125,True,25,0.8
281,21.67851180716621,0.8800249712718184,777.7314453125,5.6066436767578125,0.33320632851889687,334.2789611816406,338.65716552734375,True,25,0.8
282,19.69367415474782,0.7805377224515989,1518.3380126953125,15.998834609985352,0.2725321010988849,448.56927490234375,376.2073669433594,True,25,0.8
283,32.00889370518323,0.9319086755492308,5.664769172668457,3.005256175994873,0.4863900332828548,102.71062469482422,94.88795471191406,True,25,0.8
284,28.362506723705415,0.8769719911862013,481.15960693359375,11.674938201904297,0.28543049213002686,528.7236938476562,578.7018432617188,True,25,0.8
285,23.498211562439224,0.8509065637829504,5.962993144989014,0.4567646384239197,0.5676794867305243,20.697059631347656,36.90633010864258,True,25,0.8
286,30.38687108155136,0.9076951461987353,198.15396118164062,22.86312484741211,0.38163784279438734,601.058349609375,466.1324157714844,True,25,0.8
287,29.21625913333676,0.9449859712622729,351.2769775390625,10.376816749572754,0.47187873095123695,546.3441772460938,543.1019897460938,True,25,0.8
288,26.61135047734134,0.8917622267738584,179.01425170898438,11.736708641052246,0.3015655429491384,404.6523742675781,287.25469970703125,True,25,0.8
289,22.989522296884605,0.7967753333245742,1721.9176025390625,39.672298431396484,0.20315550876326394,865.9376220703125,591.242431640625,True,25,0.8
290,31.636194450876303,0.9503027823272135,0.6789634227752686,0.47508180141448975,0.3280485437828913,31.26865005493164,31.469749450683594,True,25,0.8
291,20.72828917655496,0.7780695907849438,12.297088623046875,0.9783847332000732,0.3587779707259821,34.23165512084961,38.31084060668945,True,25,0.8
292,27.487319477349537,0.928222528336833,1174.8424072265625,13.388257026672363,0.4739029499922305,652.022705078125,822.7779541015625,True,25,0.8
293,23.032901171190957,0.8669651321350353,640.8483276367188,9.012175559997559,0.5819327763444284,297.2591857910156,360.8304443359375,True,25,0.8
294,28.91620256214747,0.9032500753653985,16.266849517822266,1.8391599655151367,0.6895484790256153,77.9914321899414,127.9334487915039,True,25,0.8
295,21.580250735105132,0.8219008856448856,1873.7115478515625,13.371567726135254,0.4318285614161406,408.0794982910156,522.7210083007812,True,25,0.8
296,30.847415867604845,0.9218811212939867,481.9374084472656,29.190704345703125,0.35388205968252906,817.03466796875,770.2235717773438,True,25,0.8
297,25.52686771752502,0.8449098361253362,127.55357360839844,11.556173324584961,0.2566932197440555,233.48509216308594,216.60520935058594,True,25,0.8
298,27.014425556083978,0.9309444520257267,771.8467407226562,19.369138717651367,0.35537789806134545,731.3717651367188,623.267578125,True,25,0.8
299,27.381750668668225,0.9553843960550424,13.577589988708496,0.6493377685546875,0.5210817694614359,74.07111358642578,86.26211547851562,True,25,0.8
300,41.77129942024551,0.976612763831121,0.18306203186511993,0.9752382636070251,0.431991964296279,57.38587188720703,52.63003921508789,True,25,0.8
301,26.616711192167422,0.9158796098302392,594.3526000976562,19.80046272277832,0.34234338820299876,570.7068481445312,531.8233032226562,True,25,0.8
302,24.575980148922987,0.8528223033990592,1020.6871337890625,29.210742950439453,0.41519360187031545,670.8427124023438,541.094482421875,True,25,0.8
303,28.933403405738296,0.9252896138588956,516.7922973632812,35.837345123291016,0.3088801925326778,961.0787353515625,637.79248046875,True,25,0.8
304,19.70674086943562,0.7401496342308869,5606.83740234375,23.943485260009766,0.42071753963615827,713.0094604492188,726.365234375,True,25,0.8
305,27.367904555131524,0.9286365119511621,1729.929443359375,37.379512786865234,0.40332760239095594,890.4200439453125,975.876220703125,True,25,0.8
306,23.813125282218234,0.8766882682407287,1093.9063720703125,13.231225967407227,0.46724908331640136,569.54736328125,516.7840576171875,True,25,0.8
307,23.837681322507205,0.7699839721094544,412.5044250488281,19.082624435424805,0.33907073124647313,480.34503173828125,323.6335144042969,True,25,0.8
308,28.314341942777133,0.9126818369578097,888.5418701171875,15.166858673095703,0.385988550121678,609.057373046875,795.3909912109375,True,25,0.8
309,31.635505160496887,0.9672577650016183,50.551658630371094,2.8035800457000732,0.4408535125506735,237.27845764160156,271.5614318847656,True,25,0.8
310,23.185201677328312,0.8276737349314682,897.2025146484375,20.230066299438477,0.41824485136522827,460.990966796875,439.5324401855469,True,25,0.8
311,31.753126888228156,0.9395854174706343,4.152740001678467,1.3172491788864136,0.4065801316555777,69.168701171875,79.37792205810547,True,25,0.8
312,21.759153303593312,0.8774843266376858,4.59644079208374,0.508843719959259,0.4761642332488536,22.871843338012695,26.32539176940918,True,25,0.8
313,29.914984582360084,0.9018791546185873,944.0425415039062,34.66576385498047,0.3193114738272552,1105.1614990234375,962.685791015625,True,25,0.8
314,29.252467408060724,0.90843183926323,818.1478271484375,31.678464889526367,0.4369157820923573,899.3908081054688,836.1441650390625,True,25,0.8
315,33.91936557045261,0.980413284617927,196.15866088867188,10.731877326965332,0.488331503769309,719.5858154296875,696.2782592773438,True,25,0.8
316,28.811489732068573,0.9500148698948977,214.41566467285156,11.679158210754395,0.34535152883667464,416.23516845703125,409.54400634765625,True,25,0.8
317,18.898904226902754,0.7790764584353816,367.97796630859375,10.116948127746582,0.2898255960968802,268.5276794433594,174.12103271484375,True,25,0.8
318,26.096189231985782,0.906420038011544,60.31437683105469,6.518929958343506,0.45034180238378213,153.37252807617188,157.28060913085938,True,25,0.8
319,28.283083837528714,0.9318525542661747,93.5280990600586,4.522900104522705,0.5240252076793308,235.7394256591797,250.99266052246094,True,25,0.8
320,25.482621005532447,0.9137233406559048,846.7601928710938,1.3333083391189575,0.47405652638053686,349.679443359375,549.6774291992188,True,25,0.8
321,30.517279428429216,0.9228872631967714,453.227783203125,18.633098602294922,0.4145191832958909,782.776611328125,714.88134765625,True,25,0.8
322,19.231854185234884,0.7296275425234029,5161.1298828125,19.879457473754883,0.41622250308486414,511.7484130859375,660.5371704101562,True,25,0.8
323,28.153448952385105,0.953884070443126,119.2109146118164,12.677215576171875,0.3727586512787083,367.0713195800781,280.6539611816406,True,25,0.8
324,27.469791553141654,0.9640795584802657,1624.2545166015625,16.43860626220703,0.35676786109159925,875.520751953125,954.910400390625,True,25,0.8
325,29.86459654267259,0.950195789844628,447.2661437988281,12.603432655334473,0.547206536153892,567.2923583984375,738.1589965820312,True,25,0.8
326,27.529113512199167,0.9382747808861536,543.4506225585938,11.839340209960938,0.38030623113647843,519.9638671875,554.7996826171875,True,25,0.8
327,25.441134395010412,0.9151530987799352,1064.5704345703125,3.932842254638672,0.6798374373556024,410.0207214355469,612.1090087890625,True,25,0.8
328,25.21279976589912,0.9084091247393393,506.5279235839844,7.411801815032959,0.49820847211058034,325.36529541015625,420.1804504394531,True,25,0.8
329,31.330439061563638,0.9643635058735177,45.426883697509766,6.266506671905518,0.27118099366654497,264.8666076660156,248.48326110839844,True,25,0.8
330,29.00675656513323,0.9267797828507797,156.90200805664062,4.483410835266113,0.48116961909147105,309.65234375,356.61669921875,True,25,0.8
331,39.33512763172325,0.9808317548042726,66.89421844482422,13.970149993896484,0.3393190231990771,774.6458740234375,758.0882568359375,True,25,0.8
332,28.988903143534408,0.9481237812584767,0.29751354455947876,0.17349475622177124,0.5127818800455157,13.652734756469727,15.379095077514648,True,25,0.8
333,38.95835934051388,0.9856179921558151,1.7366360425949097,1.5924770832061768,0.2808455706900044,118.87759399414062,116.9565658569336,True,25,0.8
334,30.61869112301896,0.9584850352738049,1.910893440246582,1.099433183670044,0.3864379895729087,44.090885162353516,46.95663833618164,True,25,0.8
335,27.38565778739817,0.8899219766705152,3.0953149795532227,1.3501750230789185,0.6723831464058327,34.107845306396484,41.688072204589844,True,25,0.8
336,24.94482080768542,0.8930918512816284,2250.37548828125,23.791465759277344,0.4315708982161896,817.02734375,855.6051025390625,True,25,0.8
337,23.213694943795986,0.8953193868861233,2354.892578125,3.6351025104522705,0.6013985766126626,464.9458923339844,703.9542236328125,True,25,0.8
338,27.752737005979693,0.958458451125521,371.4452209472656,4.216454982757568,0.4791179715827748,392.3320007324219,474.69964599609375,True,25,0.8
339,34.554924903519115,0.9717380374485494,3.4108712673187256,1.0039732456207275,0.36163624745125866,88.72054290771484,98.736328125,True,25,0.8
340,30.052141501084904,0.9158062233106148,230.58140563964844,15.762041091918945,0.3330843307703967,531.1515502929688,492.124267578125,True,25,0.8
341,17.213930583346308,0.6546533614503989,4220.4111328125,13.875970840454102,0.5655430989696462,413.072021484375,473.998291015625,True,25,0.8
342,26.657810108762128,0.8357493287131145,46.108306884765625,5.59485387802124,0.33846542368488386,160.7209014892578,174.02867126464844,True,25,0.8
343,24.185242763596584,0.8650887102238624,540.0006103515625,6.939631462097168,0.3567677442486697,311.86260986328125,434.41778564453125,True,25,0.8
344,28.57364364008138,0.9391508471947336,220.87078857421875,5.267259120941162,0.6323846113529538,324.90533447265625,399.1062316894531,True,25,0.8
345,29.811826542721292,0.9218951571895309,378.4937438964844,16.974538803100586,0.35601692656474626,778.3507690429688,616.2342529296875,True,25,0.8
346,26.775014326892798,0.8361120190177309,825.0430297851562,15.300882339477539,0.6214710347424589,491.3570861816406,635.4585571289062,True,25,0.8
347,29.29454890536162,0.9607396366226538,2.453322410583496,1.3966431617736816,0.31742164709436554,50.05332565307617,46.258705139160156,True,25,0.8
348,35.203314665236725,0.958251165424092,42.432945251464844,8.71611499786377,0.2774519721774563,375.549072265625,375.2380065917969,True,25,0.8
349,31.086650394524295,0.9097278967914936,305.21795654296875,20.147815704345703,0.497615309107283,682.3514404296875,626.2340698242188,True,25,0.8
350,27.766333044981714,0.9359307515332081,423.83282470703125,12.141326904296875,0.3276870628408693,513.5924682617188,503.63311767578125,True,25,0.8
351,23.860788978788747,0.8824772917587691,3013.781005859375,28.528175354003906,0.31167397366741273,1052.0008544921875,856.6333618164062,True,25,0.8
352,29.13419056803079,0.9298863406105676,530.1434326171875,17.284496307373047,0.22635567014525557,753.6513061523438,659.034912109375,True,25,0.8
353,19.664556602212954,0.8281271214537699,288.7493896484375,7.94720458984375,0.3870367392320726,257.8955383300781,163.77149963378906,True,25,0.8
354,22.03888576950853,0.8871080421403404,31.950429916381836,1.6748806238174438,0.4061694711074796,80.8881607055664,71.49817657470703,True,25,0.8
355,19.25596661579602,0.7987608435718483,4894.67822265625,15.200553894042969,0.47955697813914555,655.904052734375,642.77685546875,True,25,0.8
356,22.07458786306512,0.8723823201977884,4.67324161529541,0.6174899339675903,0.310593856067006,25.84926414489746,27.484798431396484,True,25,0.8
357,23.12007510950448,0.8470662597916779,1652.071044921875,8.043145179748535,0.518877369612815,378.338134765625,586.1898193359375,True,25,0.8
358,28.259890531502286,0.9281366898633071,1260.3970947265625,17.58680534362793,0.4553012601289668,851.7020263671875,940.2900390625,True,25,0.8
359,34.51561392817283,0.9531126114759898,117.22626495361328,16.068653106689453,0.2887781113994716,576.2633666992188,575.898681640625,True,25,0.8
360,30.878981221835122,0.953434597058808,123.38192749023438,10.101880073547363,0.3648326442258568,362.8840637207031,388.7817687988281,True,25,0.8
361,28.144787012553124,0.8583884698091799,578.4165649414062,18.999774932861328,0.48014922034240776,558.2237548828125,643.6449584960938,True,25,0.8
362,25.696255425078714,0.914868440552085,566.9319458007812,9.112773895263672,0.44940303419103644,420.9289855957031,458.7946472167969,True,25,0.8
363,34.931873684085545,0.9640465898072141,95.70438385009766,10.970751762390137,0.4067067359015323,538.8723754882812,546.0711669921875,True,25,0.8
364,31.670613912378958,0.9741208847339186,603.0651245117188,27.90049171447754,0.4783215061256681,917.3604736328125,941.5233154296875,True,25,0.8
365,28.548979379982683,0.9181816735842157,196.66485595703125,7.010405540466309,0.6159895734714207,296.55517578125,386.7165222167969,True,25,0.8
366,20.564478678839553,0.7442583363812036,8047.26025390625,54.540767669677734,0.21354281703046157,1302.6663818359375,961.2293701171875,True,25,0.8
367,31.598903130335948,0.9632393192534476,565.575439453125,8.074454307556152,0.493768564214663,724.6279296875,905.4453125,True,25,0.8
368,20.441528034650474,0.8176079947581675,348.53765869140625,10.515168190002441,0.39510400598410206,255.80474853515625,196.5953369140625,True,25,0.8
369,26.88435723156578,0.9150242176218298,10.088766098022461,2.4594099521636963,0.30519902578654984,72.88156127929688,70.29193878173828,True,25,0.8
370,28.591099973569523,0.940088766170483,14.28320026397705,2.420090913772583,0.653860114671134,104.33677673339844,101.6772232055664,True,25,0.8
371,23.848490492300233,0.8216861128956101,1.297387957572937,0.15726114809513092,0.6113177194559392,11.695296287536621,19.203603744506836,True,25,0.8
372,26.6681415873418,0.9111860377424621,18.06675910949707,3.030367851257324,0.2631140466123551,163.295166015625,95.34851837158203,True,25,0.8
373,29.16740336471994,0.9224068470783647,564.5025634765625,19.747146606445312,0.3320876326398743,779.4713134765625,683.3237915039062,True,25,0.8
374,28.95200761711882,0.9388929484690798,6.277785778045654,1.1870136260986328,0.5922933726700759,59.783409118652344,72.11746215820312,True,25,0.8
375,29.998502645120585,0.9643550070908048,101.23717498779297,7.994453430175781,0.3873866216563903,311.8320007324219,319.6566467285156,True,25,0.8
376,25.366283313672735,0.9264457864759892,2047.5638427734375,17.56954002380371,0.2738618033635931,877.1362915039062,845.0304565429688,True,25,0.8
377,28.175271694829405,0.8765083393170325,0.8747432827949524,1.0137540102005005,0.4619684949692317,33.22639846801758,24.2486629486084,True,25,0.8
378,25.86211895126063,0.8531104227522209,1640.5986328125,27.45928192138672,0.4948800591563072,793.3827514648438,814.6539916992188,True,25,0.8
379,27.073219254919294,0.9121801169056702,156.44805908203125,7.666507244110107,0.34330821590716076,297.536376953125,282.5729064941406,True,25,0.8
380,18.235254824712406,0.7466793673646889,209.29864501953125,3.228886365890503,0.5130234398336786,90.59416961669922,119.04666137695312,True,25,0.8
381,19.3087443388661,0.7394381211855534,5600.4873046875,33.948463439941406,0.3515777276119973,814.789794921875,697.0404052734375,True,25,0.8
382,18.6758420540522,0.8078945608754566,5333.93408203125,20.365276336669922,0.2736293209994521,771.2257690429688,629.3139038085938,True,25,0.8
383,24.79119091370798,0.8761153096283648,2365.1484375,27.927946090698242,0.3816263042380977,1073.0562744140625,877.5945434570312,True,25,0.8
384,34.92382066811256,0.9630658016669861,173.8115234375,10.882283210754395,0.4370094119583291,700.9152221679688,735.3359985351562,True,25,0.8
385,27.68798191772611,0.9075605423565496,1096.649658203125,42.074859619140625,0.4476692849715848,986.394775390625,803.6774291992188,True,25,0.8
386,23.72607238990517,0.8989703915518266,335.4360046386719,11.942098617553711,0.4220722929541368,295.306396484375,282.7525329589844,True,25,0.8
387,21.380950766091395,0.8619407696058465,230.00567626953125,3.413196325302124,0.42522983477249954,129.03443908691406,178.26210021972656,True,25,0.8
388,27.216271935102576,0.9431494356308928,1059.614990234375,40.020328521728516,0.3148922565856467,879.0562744140625,750.8641357421875,True,25,0.8
389,28.206056473282153,0.9260584867114376,975.619384765625,8.541237831115723,0.47715339144865854,631.9866333007812,807.0278930664062,True,25,0.8
390,34.80021137647552,0.9749808469393182,324.571044921875,24.824899673461914,0.44349091995916035,1005.1463623046875,990.5146484375,True,25,0.8
391,30.197661260130513,0.9105936182880057,162.67893981933594,15.666722297668457,0.4371358288866305,413.7054138183594,413.2050476074219,True,25,0.8
392,18.433284642186184,0.7980853737878202,1987.829833984375,6.2881245613098145,0.638934826685784,222.88990783691406,372.64605712890625,True,25,0.8
393,29.27467835703952,0.9592218293863184,683.3875122070312,14.135425567626953,0.48911603407594556,619.99609375,776.6365356445312,True,25,0.8
394,28.198117287633565,0.8874784962988245,176.0620574951172,12.244028091430664,0.22827802447045023,407.957763671875,341.4627380371094,True,25,0.8
395,21.614260275297607,0.6733708024372528,5858.29345703125,46.666770935058594,0.24263006757799024,1048.5389404296875,930.8265380859375,True,25,0.8
396,31.892486839799975,0.9117691650509957,473.82000732421875,35.84160232543945,0.23730020285073924,958.1747436523438,858.5543212890625,True,25,0.8
397,21.07154809967612,0.7739424083715699,1425.6575927734375,10.93432903289795,0.5214930653962824,304.73114013671875,429.5650329589844,True,25,0.8
398,26.041696610114847,0.9071356721611172,1395.0870361328125,12.709863662719727,0.6783381582986662,519.319091796875,751.1201782226562,True,25,0.8
399,28.451393680782502,0.9343579079344546,812.82666015625,6.528124809265137,0.35347649465539244,643.377197265625,754.788330078125,True,25,0.8
400,34.087546503740235,0.9885826723494396,4.216895580291748,1.5505136251449585,0.44106389164445636,97.8050308227539,104.02074432373047,True,25,0.8
401,30.86757198347048,0.9105940826904697,545.1431274414062,8.242899894714355,0.7984759859107644,523.587890625,902.6503295898438,True,25,0.8
402,29.574664360528814,0.9615875780774651,268.6011657714844,10.361906051635742,0.26867557603076575,507.15545654296875,505.74713134765625,True,25,0.8
403,18.070971089520125,0.6985322562255032,10614.6650390625,60.39277648925781,0.27254047157803146,1328.81640625,826.6309814453125,True,25,0.8
404,30.030171167250252,0.9348799191238464,102.12408447265625,8.146809577941895,0.5158395729107209,316.2989501953125,320.72955322265625,True,25,0.8
405,26.432631927511558,0.869957782616464,1822.035888671875,48.36286926269531,0.16625147838237944,1198.1966552734375,895.627685546875,True,25,0.8
406,28.56341932765676,0.9528368829112304,210.97291564941406,4.991823673248291,0.3597248235650801,321.7030029296875,389.8124694824219,True,25,0.8
407,18.43313838777139,0.7762641029864799,2.0040526390075684,0.7048488259315491,0.21983519706134377,16.077863693237305,11.826813697814941,True,25,0.8
408,27.036404863698216,0.9225391085318244,1479.5494384765625,16.57921028137207,0.6779109956724074,688.7269897460938,905.4766235351562,True,25,0.8
409,31.9397273219042,0.9469291060870769,5.3825788497924805,1.068264126777649,0.37635284364856253,63.80628204345703,92.19538879394531,True,25,0.8
410,39.12660497901045,0.9815908913703403,12.51069164276123,6.093191146850586,0.5547553512026926,317.40557861328125,319.99432373046875,True,25,0.8
411,24.970219538958517,0.9184622675037709,2833.853515625,28.451894760131836,0.4590976494811336,1062.2498779296875,950.1118774414062,True,25,0.8
412,29.951354530388805,0.9497438577168128,913.0005493164062,26.000267028808594,0.3169711785055245,1118.092529296875,950.6565551757812,True,25,0.8
413,28.17846074399414,0.9138073768385977,500.70709228515625,12.60253620147705,0.33034844219837495,566.962646484375,573.8644409179688,True,25,0.8
414,28.657403078625045,0.9316096670456592,543.4081420898438,12.891040802001953,0.36609852884340843,665.0215454101562,632.2053833007812,True,25,0.8
415,27.86668347476699,0.9417616560924471,329.30120849609375,2.9122307300567627,0.3605985641167586,354.5767822265625,448.9970703125,True,25,0.8
416,21.842477995464314,0.7746129616528775,561.3505859375,19.568655014038086,0.3441193333140284,414.1744079589844,293.9175720214844,True,25,0.8
417,24.775740738211056,0.8480872685979702,353.1235046386719,18.891080856323242,0.4294888479519332,395.83197021484375,329.33587646484375,True,25,0.8
418,22.651049180081394,0.8889220037034562,2445.021728515625,8.018697738647461,0.49051818215227655,511.52685546875,672.845947265625,True,25,0.8
419,26.36731963740262,0.9439797445062944,1306.1192626953125,9.290709495544434,0.4734537425596418,677.4248046875,752.6221313476562,True,25,0.8
420,31.434548964855693,0.9515019016276941,450.0464172363281,9.115219116210938,0.29688505612732397,767.8801879882812,791.7874755859375,True,25,0.8
421,23.33670450921556,0.8799954568453026,2844.01953125,15.551087379455566,0.43835124607093356,639.9534301757812,789.8285522460938,True,25,0.8
422,35.26556712972932,0.9672411132846085,2.5227317810058594,1.3803691864013672,0.47955018045969733,90.36827087402344,92.11489868164062,True,25,0.8
423,31.98765011624907,0.9586467356935251,154.44032287597656,12.302316665649414,0.4264368323253868,487.61077880859375,494.9258728027344,True,25,0.8
424,23.977272518504286,0.8686918234173882,13.643142700195312,2.470032215118408,0.19775456912424716,108.0763931274414,58.50120162963867,True,25,0.8
425,27.32742506556397,0.9415983002098475,547.5894775390625,24.371427536010742,0.33572800399701924,718.79736328125,549.9793701171875,True,25,0.8
426,20.93323843740582,0.8173167706998213,1517.80419921875,16.56502914428711,0.23421900614654773,535.1668701171875,442.0889587402344,True,25,0.8
427,22.70484919110164,0.8831536818768587,4218.68017578125,4.645190238952637,0.7514241556989922,636.2562255859375,887.8164672851562,True,25,0.8
428,27.879888641112235,0.9215557375928566,200.2540740966797,9.573636054992676,0.513524613043209,329.6365051269531,351.5640869140625,True,25,0.8
429,28.125244950940566,0.8462470310641178,20.847126007080078,6.294765472412109,0.23688401649088572,179.82382202148438,117.949951171875,True,25,0.8
430,26.665321827208185,0.9142800398916775,44.23798370361328,2.4220633506774902,0.48655500945218694,103.24742889404297,143.84869384765625,True,25,0.8
431,27.307144910631735,0.9105644755226909,1019.0859375,13.069844245910645,0.6265377305469142,534.9549560546875,761.7491455078125,True,25,0.8
432,28.846584260243844,0.9265055325578118,498.0254211425781,11.82046890258789,0.5217232513366233,617.0877075195312,618.599853515625,True,25,0.8
433,20.78303422446066,0.8129359536635883,85.1142807006836,1.1258524656295776,0.6802013323355254,66.40940856933594,102.02155303955078,True,25,0.8
434,31.515210469974193,0.9603717899021104,5.098066806793213,0.9701066613197327,0.5217550503998593,74.1771469116211,85.02269744873047,True,25,0.8
435,22.569272876064446,0.7838234967839018,2703.297607421875,49.88752365112305,0.2608171550091149,1044.5399169921875,701.2681884765625,True,25,0.8
436,22.57891625191634,0.8936719500701932,29.745704650878906,3.993868589401245,0.2822840945198178,108.79447174072266,73.69024658203125,True,25,0.8
437,25.329575374993667,0.9070473157880506,1939.2196044921875,14.573473930358887,0.6385334014525227,610.3588256835938,822.0382080078125,True,25,0.8
438,27.27293819353815,0.948950744623278,934.6065673828125,6.2320756912231445,0.5684566116974971,586.6806640625,706.5360107421875,True,25,0.8
439,27.772541657120154,0.9340919248103303,11.260645866394043,1.6119182109832764,0.43758130751701746,81.14279174804688,82.2674331665039,True,25,0.8
440,35.175203119590265,0.9568768763920471,2.2302775382995605,1.7110525369644165,0.43830609202928966,83.07258605957031,85.75287628173828,True,25,0.8
441,31.870818776108734,0.9344038223488289,632.6218872070312,23.821334838867188,0.45344991043201427,976.0597534179688,986.6529541015625,True,25,0.8
442,32.84434183148716,0.9452797221356255,72.86920928955078,7.964969158172607,0.3825659685860327,405.3866271972656,374.8965148925781,True,25,0.8
443,22.363511854590552,0.7797544514186258,786.4761352539062,21.771331787109375,0.3363272527595343,660.8004760742188,371.2715148925781,True,25,0.8
444,32.07601841852813,0.9234364081762338,409.540771484375,24.90984344482422,0.41447123845754785,874.2658081054688,812.9867553710938,True,25,0.8
445,34.59265998188916,0.9384094276210779,310.95574951171875,31.13165855407715,0.3796062646343016,992.3638916015625,947.3013305664062,True,25,0.8
446,28.59780316259129,0.9461007920986232,1340.8819580078125,11.780973434448242,0.35092887039057663,982.927978515625,986.0150756835938,True,25,0.8
447,27.780240604519975,0.9174554781652833,876.6258544921875,12.92098617553711,0.5774619168020384,628.7391357421875,753.6248168945312,True,25,0.8
448,20.974286413349272,0.7500366461865741,1015.26171875,21.79204559326172,0.2525721580765177,613.8971557617188,376.8833312988281,True,25,0.8
449,30.979006631602417,0.952203926456356,5.200216770172119,2.4444544315338135,0.43151435781028863,77.91272735595703,84.4172134399414,True,25,0.8
450,35.558134537405664,0.9603524787584079,167.98146057128906,11.293932914733887,0.38617305393148743,782.6691284179688,777.3697509765625,True,25,0.8
451,26.388168930070307,0.8994853882613074,712.9046020507812,20.460615158081055,0.3090145273978553,752.5054321289062,558.8458251953125,True,25,0.8
452,19.271143331825115,0.8462681926135022,2127.442626953125,6.9765400886535645,0.3611076848459304,393.88519287109375,424.79779052734375,True,25,0.8
453,25.695058209304143,0.9175312784188057,2200.90380859375,42.19274139404297,0.3563900976061834,1206.793701171875,906.4480590820312,True,25,0.8
454,29.87305339443651,0.962548885202291,12.64210319519043,2.3564658164978027,0.44152606458709626,121.12796020507812,112.08628845214844,True,25,0.8
455,28.540271247642856,0.9366038668558571,338.772705078125,14.531771659851074,0.42581995151339175,520.4652709960938,493.1324768066406,True,25,0.8
456,26.462625215993143,0.9182315106716072,0.3403288424015045,0.3127121925354004,0.44900060218097293,11.396308898925781,12.342290878295898,True,25,0.8
457,29.488031540004684,0.9060619183026939,212.1488494873047,8.285117149353027,0.5414029689010981,404.63812255859375,469.1919860839844,True,25,0.8
458,35.514175596123366,0.9633516095909295,0.918954074382782,1.4037606716156006,0.43698380541724124,59.12214660644531,57.246971130371094,True,25,0.8
459,23.300483663958303,0.9042032133207356,66.90135192871094,1.215260624885559,0.586174870755505,90.59590911865234,119.6990966796875,True,25,0.8
460,26.23809822921832,0.9023372659361676,33.07749938964844,1.1993693113327026,0.397324921017764,93.91578674316406,118.40872192382812,True,25,0.8
461,25.67672984798827,0.8567425996618744,1140.560791015625,33.50973129272461,0.2787051157814137,836.4977416992188,649.5610961914062,True,25,0.8
462,21.426078181536194,0.7626097892498515,3936.113525390625,30.341920852661133,0.2744424064864595,884.7984008789062,746.298828125,True,25,0.8
463,15.581914183948975,0.635706976026094,9348.96875,25.599733352661133,0.41371488047267807,486.4858093261719,583.785400390625,True,25,0.8
464,29.027161783182194,0.8675281934382949,969.9209594726562,31.273357391357422,0.3187609638350498,1042.4815673828125,962.2103881835938,True,25,0.8
465,29.792456709371244,0.9632705827123487,144.78424072265625,5.505861759185791,0.3098804414887559,346.9898986816406,375.4956970214844,True,25,0.8
466,26.709265331283312,0.9148720259420425,172.29800415039062,7.230207920074463,0.36619661865322045,271.09393310546875,286.4263610839844,True,25,0.8
467,22.928954905408588,0.8981006389238244,3838.280517578125,10.110339164733887,0.56957778463719,695.0338745117188,868.7305297851562,True,25,0.8
468,23.139580754571227,0.8867070633792561,242.30076599121094,2.026904821395874,0.8254254354373635,149.9650115966797,224.3722381591797,True,25,0.8
469,29.88407188837778,0.8495596778282071,884.9323120117188,25.725921630859375,0.5138556653036356,910.38671875,963.2593383789062,True,25,0.8
470,24.657230632458766,0.9059415660262486,0.5826265215873718,0.22963882982730865,0.48684082831966224,10.357511520385742,13.14232063293457,True,25,0.8
471,23.696338438050386,0.905330495683955,4002.27685546875,4.948802471160889,0.6355747658587303,753.2316284179688,969.908935546875,True,25,0.8
472,28.145932965689852,0.9574635190076134,2.7739782333374023,1.1249452829360962,0.35396961171883223,43.838233947753906,44.11675262451172,True,25,0.8
473,21.672920729156612,0.803095527332429,5354.85498046875,52.715145111083984,0.23721306751277002,1386.026123046875,891.251953125,True,25,0.8
474,34.029438844218944,0.9811995460183751,110.0823745727539,6.085693836212158,0.34483362985665833,525.4991455078125,528.1734008789062,True,25,0.8
475,28.29541364868424,0.9033657493424421,1371.297119140625,37.41802978515625,0.35976339376764244,1219.1954345703125,992.9718017578125,True,25,0.8
476,21.072888022870053,0.8308981185961828,43.05654525756836,1.0337934494018555,0.48190263201737077,55.136505126953125,74.72277069091797,True,25,0.8
477,24.339141989788903,0.8200971485605217,1017.901611328125,22.065032958984375,0.25159105131616405,708.5757446289062,554.3004150390625,True,25,0.8
478,33.0156776032877,0.9778691586818242,468.8419494628906,12.73110580444336,0.5694980903867571,863.039306640625,969.333251953125,True,25,0.8
479,21.868796057843035,0.873923887121258,1779.7706298828125,9.773043632507324,0.43719782467993124,526.1101684570312,523.5747680664062,True,25,0.8
480,34.14743590199415,0.9509186812890819,152.35867309570312,10.100314140319824,0.5187957010164962,552.2006225585938,629.7692260742188,True,25,0.8
481,29.210369418401,0.9555633349499836,575.2832641601562,8.655132293701172,0.4592967891527295,610.4376220703125,696.0529174804688,True,25,0.8
482,28.741392810329145,0.911620918596,276.3236389160156,11.831708908081055,0.31792881249539867,535.5643310546875,455.0865173339844,True,25,0.8
483,24.70678027862568,0.8959226490997843,1317.8114013671875,15.221923828125,0.5489109295309826,520.6483154296875,627.9305419921875,True,25,0.8
484,19.557968615992046,0.8423889456999222,3775.379150390625,20.79283905029297,0.41887274185462886,632.8746337890625,584.72998046875,True,25,0.8
485,20.188965882914186,0.7164412717679216,7656.990234375,9.734148979187012,0.9391131824339941,523.4080810546875,901.2568359375,True,25,0.8
486,27.782009552096916,0.948668064809067,3.5015666484832764,1.0590920448303223,0.3217642935909383,37.8587646484375,46.40093231201172,True,25,0.8
487,23.113110366124477,0.8899511167620019,382.3573913574219,1.2183375358581543,0.5293969553833024,157.55267333984375,281.6822204589844,True,25,0.8
488,24.68455685784258,0.9199535637852227,3064.16796875,34.64336013793945,0.3340329656669488,943.2124633789062,950.4610595703125,True,25,0.8
489,25.410156905240303,0.8876815907572088,2238.24462890625,43.75055694580078,0.3854184381538885,1009.5795288085938,890.37353515625,True,25,0.8
490,29.648071888288676,0.9113263190602374,204.00453186035156,10.41817569732666,0.35333968689000717,421.4351806640625,456.20111083984375,True,25,0.8
491,20.780989089465237,0.8647775211590977,3206.7421875,16.666358947753906,0.46457930810657383,647.6880493164062,620.512451171875,True,25,0.8
492,25.939641155708394,0.8985768638828037,196.7730255126953,10.405662536621094,0.27773511067571005,323.3518981933594,278.1037902832031,True,25,0.8
493,31.907197232324606,0.9355485508116529,22.993074417114258,4.28663969039917,0.3886972807395167,197.50018310546875,188.93304443359375,True,25,0.8
494,36.23743644877536,0.9637491220321941,51.184967041015625,7.341691493988037,0.28607558665708815,471.9165344238281,464.2347106933594,True,25,0.8
495,30.78710828243057,0.9745456794866959,104.29524993896484,4.678873538970947,0.3383128991829389,290.2762756347656,353.9988708496094,True,25,0.8
496,23.419310467710513,0.8455205198877751,1344.2669677734375,12.360553741455078,0.5507348368991722,333.1909484863281,584.0724487304688,True,25,0.8
497,31.255384354306287,0.9624650358876946,4.481551170349121,1.8231571912765503,0.3599935931434814,81.96394348144531,78.65690612792969,True,25,0.8
498,19.89655035985679,0.776607029914656,9705.2529296875,58.59147262573242,0.2974780479173256,1499.765380859375,974.42041015625,True,25,0.8
499,21.543249762960922,0.8493224970958055,6743.240234375,12.645589828491211,0.6194419960102542,740.5764770507812,986.2245483398438,True,25,0.8
500,25.62013844996679,0.8398610824186087,1297.2767333984375,18.571531295776367,0.4535133050397275,515.198486328125,698.4635620117188,True,25,0.8
501,23.73057077599612,0.9073347336938461,1218.491943359375,12.417381286621094,0.3251148313384972,657.2909545898438,536.5602416992188,True,25,0.8
502,30.51943119994267,0.9593409353211692,79.1044921875,4.872164249420166,0.6025942927975443,229.79824829101562,310.21807861328125,True,25,0.8
503,25.62494613278968,0.9412313343119573,1811.5887451171875,9.830751419067383,0.6114668185775558,757.0656127929688,813.981201171875,True,25,0.8
504,23.523685770838792,0.8945197085624078,2059.240966796875,4.139889240264893,0.35380343146704646,483.3109436035156,685.0464477539062,True,25,0.8
505,32.876539254469954,0.9553338734219687,13.750776290893555,3.1185014247894287,0.3881679490911027,174.8369598388672,163.45431518554688,True,25,0.8
506,24.067807033461612,0.8994531459391302,3228.76513671875,9.060976028442383,0.5596038736740528,619.3462524414062,911.0162353515625,True,25,0.8
507,25.872373643107146,0.913257215931335,1683.3553466796875,18.217876434326172,0.31393997125564826,810.4088745117188,822.7147216796875,True,25,0.8
508,25.763842536888394,0.9058974157515202,2349.82177734375,11.680060386657715,0.6205626902130246,695.82373046875,949.85009765625,True,25,0.8
509,27.815998393652116,0.8488054429502895,863.3425903320312,31.823240280151367,0.2878043060840112,1038.2237548828125,725.9937744140625,True,25,0.8
510,21.766191877094148,0.8260301661753227,2258.59521484375,21.23424530029297,0.34375674830140823,658.8368530273438,613.8017578125,True,25,0.8
511,23.445220979318393,0.84064063705589,789.737060546875,15.605484008789062,0.4644708862188581,398.9794006347656,418.8247985839844,True,25,0.8
512,24.603115212044123,0.8340213635819964,2567.020263671875,7.028296947479248,0.7812676293278199,484.5369567871094,932.7957763671875,True,25,0.8
513,21.224305668001264,0.8333954118736189,5631.357421875,25.373701095581055,0.4165385869688056,680.499755859375,866.1978149414062,True,25,0.8
514,27.10504346136258,0.8651175622735077,4.144845485687256,2.4699974060058594,0.3235911102424114,61.360713958740234,46.1734504699707,True,25,0.8
515,28.497332551240536,0.9470986191979134,1.0226640701293945,0.6837688088417053,0.377053893743861,24.422452926635742,27.340606689453125,True,25,0.8
516,22.961459293870337,0.8677757085856989,689.4923706054688,12.41716194152832,0.3882550082943521,403.3454895019531,377.0869140625,True,25,0.8
517,29.093050802001738,0.9383306982427243,752.5151977539062,20.37350845336914,0.363501296303087,892.14794921875,810.7427978515625,True,25,0.8
518,25.40437375569075,0.8456828231936989,2707.2783203125,31.579193115234375,0.44465875401377997,1129.7977294921875,987.2888793945312,True,25,0.8
519,28.454156870223322,0.9192914110142708,27.302326202392578,4.647887706756592,0.3569435508843436,145.31541442871094,151.2664794921875,True,25,0.8
520,23.315155320601086,0.8209829525077553,1632.6397705078125,6.067679405212402,0.4651539457833998,398.9576416015625,594.5365600585938,True,25,0.8
521,28.904209663275928,0.9618871066992251,187.2178955078125,6.633516788482666,0.5425232348660327,337.4257507324219,381.5099792480469,True,25,0.8
522,29.262804562950304,0.9694171431479193,1113.260009765625,5.58991003036499,0.4332882410468444,879.3634033203125,969.9444580078125,True,25,0.8
523,25.408690015172112,0.8357799977048034,1229.158203125,11.053786277770996,0.48436668692640705,523.6959838867188,842.2767944335938,True,25,0.8
524,23.02130855670383,0.8325130911803467,3505.211669921875,68.40130615234375,0.24474337057465978,1288.597900390625,838.4903564453125,True,25,0.8
525,24.023712114553135,0.8517597022392356,827.1770629882812,3.1472995281219482,0.8750986324212747,245.74664306640625,469.2244567871094,True,25,0.8
526,31.802691954068877,0.9408132809495902,113.25911712646484,15.572274208068848,0.23489884446252404,493.3334655761719,415.4046936035156,True,25,0.8
527,24.40948471189123,0.8805492724281409,269.3355712890625,2.1352767944335938,0.4530734198871852,205.5581512451172,274.1336669921875,True,25,0.8
528,28.014887357042923,0.8963373029475764,5.094000816345215,2.353325605392456,0.29160400144744314,57.569271087646484,57.319122314453125,True,25,0.8
529,29.702856054922663,0.9631352889340975,800.3303833007812,15.584612846374512,0.36934912446307505,780.6942138671875,864.857666015625,True,25,0.8
530,21.05565905615768,0.8174955007943241,5092.35595703125,28.576908111572266,0.4421117245030516,692.4064331054688,813.088134765625,True,25,0.8
531,33.29754527339138,0.9730656276177326,467.310546875,13.666027069091797,0.2661757029163136,897.0240478515625,999.7179565429688,True,25,0.8
532,20.364551402944528,0.7474170712553737,9090.71484375,40.90484619140625,0.24350171238204685,1176.94580078125,996.6401977539062,True,25,0.8
533,23.714683488079036,0.9006387783508552,1300.976318359375,2.506117105484009,0.5978235013390921,350.1075744628906,555.8762817382812,True,25,0.8
534,21.508332951128082,0.8213153948488809,4165.4169921875,15.698633193969727,0.3852352528321813,646.8299560546875,769.2184448242188,True,25,0.8
535,31.042277854284258,0.9194338768432292,584.7392578125,9.057999610900879,0.8478541855123701,441.47222900390625,944.8209838867188,True,25,0.8
536,26.478122450905257,0.9149782553822633,1621.3436279296875,15.708258628845215,0.3465148804869085,781.6776733398438,849.7977294921875,True,25,0.8
537,28.735617233811595,0.9336550758749831,82.3138656616211,3.055753469467163,0.548252828658207,217.08236694335938,248.1007537841797,True,25,0.8
538,34.15315649928726,0.9769806285822231,77.6968765258789,7.752148628234863,0.5374816233767445,392.417236328125,451.0935974121094,True,25,0.8
539,26.354467357482726,0.9081773120483193,38.96934509277344,5.42032527923584,0.34120445756345485,144.2819061279297,130.03025817871094,True,25,0.8
540,20.945145428382112,0.7964850262962464,7097.3818359375,18.890323638916016,0.7008486226941399,686.01220703125,954.0969848632812,True,25,0.8
541,28.671021164688128,0.8797016728696316,496.9119873046875,18.990943908691406,0.3459559618665397,607.5944213867188,606.5684814453125,True,25,0.8
542,19.923899677575406,0.7450387302746811,531.7496337890625,9.491637229919434,0.36024849173076573,197.95452880859375,229.41416931152344,True,25,0.8
543,27.60081207012828,0.8981174134233173,775.2078247070312,21.27469825744629,0.3998749802634706,679.1896362304688,672.0289916992188,True,25,0.8
544,31.65340147802654,0.9219327672962311,261.19036865234375,15.644217491149902,0.34642682295130295,644.294677734375,618.5101318359375,True,25,0.8
545,19.701784420421426,0.7540640971781104,1365.6700439453125,15.095573425292969,0.4522194599301463,308.2001037597656,358.8045654296875,True,25,0.8
546,27.41498443208512,0.922556274277384,23.457950592041016,3.517059087753296,0.5197053831176245,111.52831268310547,114.44403839111328,True,25,0.8
547,26.869519630398088,0.9330152229043598,888.0175170898438,11.65762710571289,0.43436681040868674,493.95574951171875,671.901611328125,True,25,0.8
548,30.44344501641723,0.9460949362193161,238.92198181152344,6.339614391326904,0.5737846718661423,371.9333190917969,520.7874145507812,True,25,0.8
549,24.73984621958579,0.8173723241323423,1972.67626953125,9.533428192138672,0.5586157817385975,483.7199401855469,772.5460815429688,True,25,0.8
550,30.614659042893557,0.9316487499926973,229.31719970703125,13.065159797668457,0.26413656045418604,500.4821472167969,520.643310546875,True,25,0.8
551,31.52822542805737,0.9166627757563806,413.1557312011719,13.109870910644531,0.4476719555439077,708.6851196289062,852.329345703125,True,25,0.8
552,31.07340727695981,0.9302799740635143,238.23838806152344,15.225739479064941,0.37514991783363544,626.8692626953125,552.3549194335938,True,25,0.8
553,31.01996303617827,0.9273377158693484,201.1114044189453,8.187289237976074,0.45478479174435926,454.2555847167969,561.3770141601562,True,25,0.8
554,28.734403975225362,0.9160089951515067,945.87890625,12.901118278503418,0.6689433486133152,638.9658813476562,876.7769775390625,True,25,0.8
555,27.992202948572768,0.9135468969750146,258.8887939453125,12.953872680664062,0.420190482807883,463.8065185546875,404.0793762207031,True,25,0.8
556,27.02229918378226,0.9548499211130742,35.94335174560547,1.721145510673523,0.44008466296560406,116.9078598022461,134.88121032714844,True,25,0.8
557,30.741202072981583,0.9271541237754226,0.7293462753295898,0.9837614297866821,0.4442549517031345,33.749229431152344,29.75389289855957,True,25,0.8
558,33.85098982066979,0.9503655877690935,234.8585662841797,15.156286239624023,0.465029715944227,801.3395385742188,755.3821411132812,True,25,0.8
559,32.95661663202487,0.945678082351468,194.8822479248047,18.307403564453125,0.4217779544774644,656.7537231445312,620.6892700195312,True,25,0.8
560,30.652650715888306,0.9614257632117522,426.4737548828125,7.923789024353027,0.4752434243930286,594.6758422851562,704.3756713867188,True,25,0.8
561,24.46415478391451,0.8416392303906767,161.01979064941406,6.851226329803467,0.4775536205812879,176.5662078857422,213.75119018554688,True,25,0.8
562,25.99095311259873,0.8766644751357291,45.54392623901367,4.5095295906066895,0.25548372072749814,189.0374755859375,137.235107421875,True,25,0.8
563,22.122426098871824,0.8021768458897365,1.4780771732330322,0.9449408054351807,0.2883946604471947,23.204160690307617,15.530120849609375,True,25,0.8
564,26.71803429297164,0.944946661691486,262.428955078125,4.412032604217529,0.38750416802242826,302.94097900390625,351.2369689941406,True,25,0.8
565,27.342366471612593,0.9375237169203621,619.9776000976562,17.468584060668945,0.31055578903026526,614.3389892578125,590.3277587890625,True,25,0.8
566,26.032970606082873,0.8737677149830234,269.69671630859375,11.56342601776123,0.23187023914786817,534.1383056640625,392.851806640625,True,25,0.8
567,29.431587161108617,0.9507054045327369,218.64942932128906,2.8940746784210205,0.46841392215196903,380.75140380859375,438.0374450683594,True,25,0.8
568,27.932806817369364,0.8636401053191277,1275.6546630859375,35.49555587768555,0.3277637883438039,933.7918090820312,904.2545166015625,True,25,0.8
569,25.4485713570051,0.9032374101934111,347.1352233886719,11.763936042785645,0.5067234834636074,371.44525146484375,348.9072265625,True,25,0.8
570,27.184321167726498,0.8724190685426968,494.8218994140625,19.892009735107422,0.37767999722248197,498.3864440917969,514.4755249023438,True,25,0.8
571,21.2758694304312,0.8333175838458803,4565.7958984375,37.843711853027344,0.26458084916762464,1128.362548828125,783.869384765625,True,25,0.8
572,31.385619080261122,0.9245865068526244,98.98404693603516,9.640848159790039,0.6129856276464648,337.98681640625,397.146240234375,True,25,0.8
573,25.05647169413318,0.8457758968246195,1205.72900390625,27.547773361206055,0.32937558340294903,734.4922485351562,622.464599609375,True,25,0.8
574,28.536145746752595,0.9494907360281738,1023.697509765625,21.234821319580078,0.4197120776761041,785.1111450195312,862.5013427734375,True,25,0.8
575,23.920933519366887,0.8179213259497925,3654.479248046875,53.608055114746094,0.3612546294536099,1252.159423828125,949.5711059570312,True,25,0.8
576,28.564752017764114,0.9359931904126739,30.41620445251465,1.3857587575912476,0.5380739006471515,100.44510650634766,147.92640686035156,True,25,0.8
577,28.960323295813218,0.9241313742640956,1044.3038330078125,15.045796394348145,0.5702275889916821,718.1337280273438,926.6610107421875,True,25,0.8
578,30.69728626673838,0.9274062933573275,205.5054931640625,13.767845153808594,0.30349574114982086,488.7713623046875,492.6241760253906,True,25,0.8
579,21.058050303602695,0.8929740365640759,521.974365234375,10.50976276397705,0.3683003637614656,301.60064697265625,258.98614501953125,True,25,0.8
580,27.480894717069653,0.9558904169144645,376.905517578125,3.443537712097168,0.5528520774710387,393.38037109375,459.6766052246094,True,25,0.8
581,32.99928395872318,0.9326172414532756,481.3436584472656,26.568618774414062,0.3808955332231153,1019.0059814453125,980.0525512695312,True,25,0.8
582,29.827072497602103,0.9327915260804696,250.30210876464844,13.612874031066895,0.36397921893505936,526.6200561523438,493.12548828125,True,25,0.8
583,34.428007996120684,0.9472451894798761,39.120384216308594,7.021788120269775,0.2989534659522242,327.95050048828125,329.4228515625,True,25,0.8
584,18.87748531940202,0.8243035398802352,5159.33740234375,19.997844696044922,0.27720108536365884,828.832763671875,633.7674560546875,True,25,0.8
585,27.262965980286303,0.9219195477979717,103.38671112060547,5.803626537322998,0.4582488237304939,224.1237335205078,240.9054718017578,True,25,0.8
586,24.251804679310453,0.8033131808859476,22.088165283203125,2.4463748931884766,0.3303309559178296,78.62112426757812,76.78746795654297,True,25,0.8
587,30.676876841383816,0.944592688394128,14.3892822265625,3.343609571456909,0.40263869419338405,141.8543701171875,129.75083923339844,True,25,0.8
588,27.904352648159634,0.9485686211793908,26.85487937927246,1.59546959400177,0.31654435141148574,123.28907012939453,128.91778564453125,True,25,0.8
589,29.27325375849037,0.9461664428282818,26.304489135742188,3.1824445724487305,0.27078953614996426,141.55062866210938,152.75079345703125,True,25,0.8
590,27.076205314785206,0.8876336313751925,37.00201416015625,1.81403386592865,0.8947290662866477,98.83989715576172,139.68833923339844,True,25,0.8
591,29.75168692176971,0.9267037586069697,418.9446105957031,12.576970100402832,0.5741588353649123,460.3796691894531,641.23388671875,True,25,0.8
592,22.52048606712245,0.8071561011427668,177.13856506347656,3.619267702102661,0.5471783540712227,123.71742248535156,182.69821166992188,True,25,0.8
593,32.859080345333986,0.9645659808988296,62.011714935302734,12.419992446899414,0.4835550606215743,417.4512023925781,346.3216247558594,True,25,0.8
594,26.12595402422896,0.8417157339637616,1944.9913330078125,50.30186080932617,0.23851173078834506,1646.9383544921875,896.8916015625,True,25,0.8
595,24.856453897085164,0.8198164014595738,717.797119140625,11.554106712341309,0.7705294134226817,346.475830078125,474.4876708984375,True,25,0.8
596,24.46262698948854,0.8815593708439186,1580.2027587890625,25.679027557373047,0.3294495858344335,701.4837036132812,667.8901977539062,True,25,0.8
597,26.807619261660108,0.9308450088304755,62.41651153564453,1.2514898777008057,0.5336322904604044,138.2368927001953,173.14755249023438,True,25,0.8
598,29.728313542269554,0.9748078254046701,39.66248321533203,2.319958209991455,0.5279919572402083,174.30789184570312,193.0967254638672,True,25,0.8
599,27.438411633138394,0.943126745545089,3.1548569202423096,0.6521902680397034,0.5309582644770531,39.39924621582031,41.8277473449707,True,25,0.8
600,28.690990420199523,0.9452442619238353,38.84909439086914,3.6975862979888916,0.4065491042178864,152.84559631347656,169.76612854003906,True,25,0.8
601,28.40606418490374,0.9305696592150089,112.59757995605469,5.571219444274902,0.40821599817611137,297.2968444824219,279.3117370605469,True,25,0.8
602,29.752201034221784,0.9185143787917461,28.696744918823242,2.5903332233428955,0.406070354066596,161.8734893798828,177.83348083496094,True,25,0.8
603,28.787204767897588,0.9244232443617839,10.603123664855957,3.1841626167297363,0.4564792987636715,100.87686920166016,89.61383056640625,True,25,0.8
604,24.983417096436888,0.8938910881720192,45.4642448425293,3.6710002422332764,0.6006650737535489,118.06010437011719,121.5152359008789,True,25,0.8
605,24.466770938036984,0.8109589223539991,756.3572998046875,21.23349380493164,0.3912323962113689,567.2230834960938,461.3179931640625,True,25,0.8
606,34.95489289356556,0.9795464396753547,13.68151569366455,3.4873433113098145,0.45936989933806854,200.71304321289062,207.12738037109375,True,25,0.8
607,24.017399347109055,0.9045747397626078,525.3178100585938,4.819994926452637,0.3324659953689791,294.9997253417969,364.90557861328125,True,25,0.8
608,30.302706035345295,0.9071788453180785,236.31039428710938,18.406442642211914,0.3085499010326689,756.345703125,503.9138488769531,True,25,0.8
609,23.58457565700902,0.8435412656296702,2087.01220703125,34.238277435302734,0.35645154210112107,871.7857055664062,690.7044067382812,True,25,0.8
610,19.329027471477055,0.7902764274012755,18.92044448852539,0.27977925539016724,0.7739017670711735,26.938190460205078,40.2728271484375,True,25,0.8
611,29.480401777025797,0.9332159562468898,709.4632568359375,15.432695388793945,0.4108260178120752,733.8853759765625,799.6109619140625,True,25,0.8
612,29.070705095929075,0.9613734882851627,485.8656311035156,13.761628150939941,0.40290008082472906,577.9952392578125,628.2724609375,True,25,0.8
613,21.865462072102815,0.7758925836527301,44.15009307861328,3.7835206985473633,0.22602645647103237,140.33441162109375,82.67727661132812,True,25,0.8
614,17.890258963183765,0.7193781549116535,12334.255859375,43.78599548339844,0.20181141333370473,1402.3931884765625,873.7050170898438,True,25,0.8
615,28.830458189686,0.926044816138046,1086.5439453125,28.28453826904297,0.3374387378798298,1051.0665283203125,920.9515380859375,True,25,0.8
616,23.70091896170644,0.9011596673287421,15.41163444519043,1.0308489799499512,0.40583049964497125,42.764129638671875,62.01688003540039,True,25,0.8
617,23.03778503848249,0.8478718916556973,379.8454895019531,3.538663864135742,0.6246565094235254,182.7495574951172,277.60076904296875,True,25,0.8
618,19.1550265412264,0.793035079603205,7676.37109375,37.80263137817383,0.1747987110975568,978.8526000976562,806.3950805664062,True,25,0.8
619,28.760116152497964,0.9080466662751755,727.4446411132812,10.749605178833008,0.6283302363838352,535.8318481445312,748.5114135742188,True,25,0.8
620,21.991813323355718,0.8127955356036132,216.7515106201172,7.53316593170166,0.31123477772429964,205.91148376464844,185.3365020751953,True,25,0.8
621,24.14107066146567,0.8501818484915166,158.53529357910156,1.3492189645767212,0.7978084648782829,112.5685806274414,210.1399688720703,True,25,0.8
622,36.37101584194098,0.9595281240925331,31.754776000976562,9.14261245727539,0.45543669093395706,395.7625732421875,371.10162353515625,True,25,0.8
623,24.33223659527682,0.9021970321740513,854.8488159179688,11.065195083618164,0.35877752729777707,447.08538818359375,485.0384521484375,True,25,0.8
624,28.161300873666235,0.9680828523617411,581.4315795898438,8.475799560546875,0.5622514122169985,503.7381896972656,618.6365356445312,True,25,0.8
625,26.84170142643825,0.910022818063404,279.0108337402344,13.011276245117188,0.28889090275107776,477.51171875,369.54473876953125,True,25,0.8
626,27.088058190764155,0.9390141561212185,418.9868469238281,3.3811471462249756,0.42826883470507016,375.8512878417969,463.0721740722656,True,25,0.8
627,26.479743511920205,0.9355096513418898,1255.0301513671875,3.125869035720825,0.5767147599122202,566.3529663085938,747.7234497070312,True,25,0.8
628,25.49633323340752,0.899311900234396,3.1992781162261963,1.2840052843093872,0.33318021505981754,43.90364456176758,37.64651870727539,True,25,0.8
629,32.17629687522007,0.943826280103687,38.19046401977539,5.824215412139893,0.40251229743906053,256.28936767578125,253.18450927734375,True,25,0.8
630,35.9982586276023,0.9515971932079647,127.69401550292969,16.537582397460938,0.3840484054625833,744.7415771484375,713.63623046875,True,25,0.8
631,28.516106043054226,0.9216813085518077,1108.27001953125,17.949993133544922,0.39940352376794686,798.5947265625,895.3116455078125,True,25,0.8
632,30.211133359413775,0.9480850847728235,246.08998107910156,9.530522346496582,0.3729245773950645,439.47760009765625,512.165771484375,True,25,0.8
633,25.66918940107966,0.9115096087633825,764.810302734375,2.4303627014160156,0.5451902592488608,368.2655029296875,532.5813598632812,True,25,0.8
634,25.444411514045253,0.9380304720906312,33.21945571899414,0.9895375967025757,0.4552053579302024,93.87210845947266,108.0648422241211,True,25,0.8
635,34.11643704557849,0.9789908854954014,77.7273178100586,5.410258769989014,0.5903887947099523,430.4128112792969,447.9649658203125,True,25,0.8
636,33.87695987662903,0.9678273692311886,116.3163070678711,5.649871349334717,0.367796481747864,508.2989807128906,533.0846557617188,True,25,0.8
637,24.16808546153154,0.866256274885793,213.94432067871094,5.148904323577881,0.6978727694802817,167.07388305664062,243.22802734375,True,25,0.8
638,23.371864645848408,0.8218289145313672,335.27679443359375,13.302167892456055,0.2607987058307687,351.9013671875,269.9739990234375,True,25,0.8
639,24.408890438882818,0.8710336711991029,511.5113220214844,3.189390182495117,0.6851568939413091,189.53042602539062,377.9068908691406,True,25,0.8
640,25.663177259943176,0.8749890671956465,1.1829242706298828,1.3268998861312866,0.2653047245200758,25.346010208129883,21.05112648010254,True,25,0.8
641,21.256603826630304,0.7477958674277818,757.1231689453125,9.43375015258789,0.7282174425632427,232.79933166503906,322.757080078125,True,25,0.8
642,24.573367660176118,0.8601778481511607,154.2902069091797,6.643099308013916,0.40997914170984984,245.30184936523438,212.23655700683594,True,25,0.8
643,26.841292570937306,0.9015941280944675,219.81573486328125,7.613930702209473,0.5750264291957236,287.92242431640625,328.16986083984375,True,25,0.8
644,25.52760449076944,0.8982862155380879,36.850486755371094,1.3723034858703613,0.8819938564712503,64.80018615722656,120.64237213134766,True,25,0.8
645,33.460498987700824,0.9547587966217714,357.3746032714844,18.245685577392578,0.32158607253356813,927.4649047851562,890.6367797851562,True,25,0.8
646,23.496395023110335,0.9158876799368968,1570.5247802734375,15.905872344970703,0.1988085440127037,598.8351440429688,593.9988403320312,True,25,0.8
647,26.14413302368378,0.9221789909890008,999.3472900390625,23.157432556152344,0.41106260469111877,638.0230712890625,679.4232177734375,True,25,0.8
648,27.143609956732398,0.8260129576172477,1014.0296020507812,31.05999755859375,0.41923388818436946,744.9058227539062,789.382080078125,True,25,0.8
649,27.030211380766072,0.937084575711343,493.0596923828125,21.357425689697266,0.2340124306359762,979.9397583007812,498.9437561035156,True,25,0.8
650,26.563604127823204,0.9126899475145266,9.477581977844238,1.1424226760864258,0.87559620147941,40.704612731933594,87.83336639404297,True,25,0.8
651,19.26113130614737,0.7990496702100822,3418.322509765625,26.84962272644043,0.36929481680197984,664.0743408203125,537.5694580078125,True,25,0.8
652,30.40690965987877,0.940309446554927,298.9290466308594,12.504255294799805,0.5612762511324018,555.8319091796875,587.2542724609375,True,25,0.8
653,28.488463885555554,0.8491067415694578,770.138427734375,13.590583801269531,0.40553265226949436,648.9791870117188,745.6940307617188,True,25,0.8
654,26.96904286514731,0.8912144270085804,373.96832275390625,5.167208194732666,0.45424358062655623,381.5509338378906,432.2278747558594,True,25,0.8
655,32.28331738283807,0.976500151557819,9.727874755859375,2.2989583015441895,0.43657665986021477,121.33436584472656,128.45272827148438,True,25,0.8
656,26.904912404740084,0.8372614475641587,136.41209411621094,11.68531608581543,0.4406716938843472,291.60113525390625,284.49212646484375,True,25,0.8
657,24.5840205006277,0.8566357445175317,370.14337158203125,5.67940092086792,0.5326092216672137,277.470458984375,363.7192077636719,True,25,0.8
658,28.02710413997453,0.9178193125005375,447.2822570800781,6.542690753936768,0.9947015018348812,315.2495422363281,646.2713012695312,True,25,0.8
659,27.548898673644587,0.9220909203976485,529.8958740234375,14.500775337219238,0.3427725254278352,546.9208374023438,571.20751953125,True,25,0.8
660,24.298836397657567,0.7511043135597026,458.4848937988281,6.383566379547119,0.4663006587689419,235.92247009277344,356.7406311035156,True,25,0.8
661,28.132412520713803,0.9153770692146722,1429.610107421875,23.87978172302246,0.44447647211585734,876.4105834960938,986.5287475585938,True,25,0.8
662,22.678980322488055,0.8849431313069127,1963.805908203125,13.734003067016602,0.396945135315406,588.8455200195312,606.1690673828125,True,25,0.8
663,37.954782269677565,0.9738082543123125,9.036614418029785,4.075314521789551,0.3657629859032121,236.59759521484375,237.98956298828125,True,25,0.8
664,26.04473285188892,0.9101998598781084,26.123939514160156,3.3395609855651855,0.45940769762445155,91.4959487915039,102.6806869506836,True,25,0.8
665,26.490110687764087,0.9164825669452318,52.970462799072266,3.766258955001831,0.37670798965285895,177.9238739013672,153.70628356933594,True,25,0.8
666,24.137847624043218,0.7662445961357641,231.06285095214844,18.14582633972168,0.25550628620688537,366.4731750488281,246.71177673339844,True,25,0.8
667,20.606196022210224,0.8385115017334982,226.7135467529297,8.43906307220459,0.11027809092583957,378.66351318359375,161.52069091796875,True,25,0.8
668,20.451273794248102,0.8115557606256398,312.18389892578125,5.61011266708374,0.25325579916228136,200.08477783203125,187.38046264648438,True,25,0.8
669,22.946887490168287,0.9100360826276083,413.8236083984375,3.5314548015594482,0.4948062428210222,232.00965881347656,285.81005859375,True,25,0.8
670,30.21456614259225,0.9270108383056641,26.83820915222168,2.915548801422119,0.5823576764417946,151.28091430664062,174.20022583007812,True,25,0.8
671,23.271464901084755,0.9155092595223918,3775.303466796875,5.442391872406006,0.5850009464971003,620.6710815429688,896.86865234375,True,25,0.8
672,31.79212669746249,0.9702982977417108,4.3564910888671875,0.9078681468963623,0.42680690621506784,69.9513931274414,81.15351104736328,True,25,0.8
673,31.006530594498432,0.9388583574916926,218.3765411376953,14.013115882873535,0.38339520678658,612.652099609375,524.9868774414062,True,25,0.8
674,32.507811614630164,0.9208553542216742,93.14214324951172,3.4011387825012207,0.5915917501429652,213.14141845703125,410.9864196777344,True,25,0.8
675,34.357784867724035,0.9565106136080405,334.1031188964844,18.40140724182129,0.40232557440536565,873.1802978515625,982.396240234375,True,25,0.8
676,28.37387159336025,0.9375469905965346,16.38120460510254,1.7378422021865845,0.2914534433899859,79.69676208496094,112.92686462402344,True,25,0.8
677,21.86281669473205,0.8217920771481851,1031.99267578125,22.704730987548828,0.30001845647317316,507.1251220703125,398.4577331542969,True,25,0.8
678,25.82166054857112,0.924369627215791,2441.5859375,17.440250396728516,0.597346061248389,746.3525390625,969.5009765625,True,25,0.8
679,33.96880126918934,0.9813453475911059,299.1655578613281,13.099896430969238,0.5384267638784241,790.297119140625,865.6416015625,True,25,0.8
680,29.750716315377552,0.9413089984864519,706.9052124023438,12.639471054077148,0.38102608443431335,708.2969360351562,817.2550048828125,True,25,0.8
681,19.5564474450337,0.7940656307484208,735.2900390625,11.416193008422852,0.3252840121605668,298.35565185546875,258.6449279785156,True,25,0.8
682,25.263284527040568,0.9127867119425237,83.68506622314453,4.445127010345459,0.29249745568601143,152.8539276123047,171.71670532226562,True,25,0.8
683,32.78766098419066,0.9615481316935659,235.28887939453125,5.580946445465088,0.3454208188826886,589.8569946289062,668.9745483398438,True,25,0.8
684,24.033152707485094,0.8288323114365647,3005.205078125,28.947357177734375,0.23211393197155758,1782.8128662109375,929.4465942382812,True,25,0.8
685,29.868107984663318,0.9503483558217808,319.8564147949219,9.390836715698242,0.5103577199457812,509.13995361328125,557.2061157226562,True,25,0.8
686,24.81859480100727,0.9369114271244486,1074.3731689453125,10.334842681884766,0.26876457992105274,523.490234375,572.0410766601562,True,25,0.8
687,25.625148761021048,0.9161002857358771,215.73265075683594,9.048569679260254,0.3571138347608119,387.4846496582031,280.6991271972656,True,25,0.8
688,31.50279206306353,0.9277305260446727,418.93853759765625,20.69304656982422,0.3637897612664521,816.50341796875,769.7234497070312,True,25,0.8
689,27.498567358118457,0.9375419210108195,62.76116180419922,1.5504179000854492,0.299157232985135,150.41213989257812,187.85670471191406,True,25,0.8
690,34.31167993177545,0.9724642519211498,38.93431091308594,3.7156641483306885,0.44610801607841694,301.3489990234375,324.3555603027344,True,25,0.8
691,32.92019015281329,0.9567973674020285,91.94564819335938,13.906021118164062,0.21022359878989139,562.1993408203125,426.0110168457031,True,25,0.8
692,31.888149072117606,0.9383713278392766,166.43167114257812,7.106409549713135,0.39655900266231003,469.3795166015625,508.102783203125,True,25,0.8
693,25.974474114239072,0.9177882422772846,148.56143188476562,8.109543800354004,0.358601484581906,249.96926879882812,243.16732788085938,True,25,0.8
694,26.792016687689095,0.9322958323562477,27.991859436035156,0.7303662300109863,0.45124886909813816,83.10588836669922,115.72198486328125,True,25,0.8
695,20.922461254537996,0.8238461962613847,2963.519775390625,18.237459182739258,0.3509340253318143,463.1978759765625,611.0093994140625,True,25,0.8
696,24.441751450194698,0.8480619168700987,294.2357482910156,4.660750389099121,0.7073997218722246,217.00318908691406,289.3419189453125,True,25,0.8
697,21.446017135635486,0.793804974245371,2325.357666015625,15.907504081726074,0.5830208231735253,413.64215087890625,581.656982421875,True,25,0.8
698,25.16123996467783,0.9325905925141584,71.47097778320312,3.227017879486084,0.45204393847593033,128.01158142089844,155.20835876464844,True,25,0.8
699,24.3146450476829,0.8505363943295792,852.5035400390625,20.98643684387207,0.4638110031338104,477.4429931640625,481.6589660644531,True,25,0.8
700,33.04314660944811,0.9733756589323621,139.74362182617188,4.6917619705200195,0.4403223201130646,482.7119445800781,533.0568237304688,True,25,0.8
701,28.837435422673153,0.9196185816247093,3.259774684906006,1.1238064765930176,0.5269386739797706,43.905517578125,52.77171325683594,True,25,0.8
702,23.395051621188138,0.8300160251313035,517.0411376953125,14.523015022277832,0.21277306870142723,518.3749389648438,337.2676696777344,True,25,0.8
703,26.24680908303973,0.8361727724408528,42.8786735534668,3.8564014434814453,0.38579971980183375,137.7220916748047,135.28025817871094,True,25,0.8
704,28.982332953041645,0.909146198701792,5.078962326049805,1.3076406717300415,0.4519534729762406,58.07139205932617,64.31159210205078,True,25,0.8
705,27.909265705951416,0.932452667331548,1580.0657958984375,7.029710292816162,0.6299639196051703,729.5718994140625,989.9702758789062,True,25,0.8
706,28.489077332425765,0.8311388599191349,132.988525390625,14.884905815124512,0.4704164881561158,336.64227294921875,323.031494140625,True,25,0.8
707,17.593107815287894,0.7092081274574991,11398.806640625,35.89845657348633,0.3172062066119286,892.3746337890625,810.0645751953125,True,25,0.8
708,28.63722483908299,0.9357648765970064,74.02360534667969,4.987490653991699,0.40527123896049894,213.56704711914062,255.38601684570312,True,25,0.8
709,27.715036632281493,0.8615501024659389,786.20654296875,24.141477584838867,0.35212598646682103,737.7520751953125,681.8212280273438,True,25,0.8
710,24.76382860992763,0.8854837150697887,1905.0963134765625,24.331850051879883,0.33013833644930174,729.6478271484375,760.4676513671875,True,25,0.8
711,19.77042215313907,0.7232611205151797,3663.860595703125,27.943552017211914,0.24276495454050548,875.6212158203125,596.0430908203125,True,25,0.8
712,32.937049419147314,0.9340916820277986,113.23890686035156,16.14824867248535,0.4486035591936789,505.9434509277344,472.1046142578125,True,25,0.8
713,27.92755526015504,0.8809936801932744,244.97157287597656,2.6382150650024414,1.0894093003861773,153.95216369628906,412.4290771484375,True,25,0.8
714,33.254487659082265,0.9262093491237169,57.73048400878906,9.280588150024414,0.48795790507704057,360.0029602050781,349.5194091796875,True,25,0.8
715,24.013857005906445,0.8655569386948189,3428.322265625,52.72809982299805,0.23149659145244067,1320.6580810546875,929.599609375,True,25,0.8
716,28.545490015404653,0.934537500781233,961.2754516601562,24.851905822753906,0.38325280772937437,901.2139892578125,830.788818359375,True,25,0.8
717,20.620608279035828,0.825915624520677,8072.41162109375,54.185821533203125,0.2906577086292059,1438.51953125,965.0618896484375,True,25,0.8
718,25.54567811655947,0.9136258799756202,43.6310920715332,7.308398723602295,0.19989451654445406,271.80816650390625,125.17292785644531,True,25,0.8
719,33.25335223332089,0.9640825338223401,252.2953643798828,12.765995979309082,0.3499838915741189,688.6544799804688,731.1365966796875,True,25,0.8
720,18.981480092895154,0.7996522504191171,11082.9501953125,26.919910430908203,0.5255447281948294,801.8054809570312,938.402099609375,True,25,0.8
721,25.771025533925823,0.913246512191968,87.24457550048828,3.1519856452941895,0.4480200321556891,135.37347412109375,182.0518341064453,True,25,0.8
722,23.983373462900033,0.8710703480049836,17.844449996948242,1.7640633583068848,0.40662219353502116,72.32689666748047,67.42977142333984,True,25,0.8
723,29.499077536131235,0.8704264830870956,484.9186096191406,10.707340240478516,0.6802023091532161,382.5823059082031,741.3795166015625,True,25,0.8
724,26.376911897900342,0.8510358081919106,718.1055297851562,27.46339988708496,0.29459692096368123,840.162109375,574.8986206054688,True,25,0.8
725,28.874996605583533,0.8550952879339072,546.2063598632812,28.830541610717773,0.3447157988037471,745.0735473632812,841.9869384765625,True,25,0.8
726,24.100508100091798,0.8912008770052251,76.74716186523438,4.0551533699035645,0.3812199339450716,148.76036071777344,140.63259887695312,True,25,0.8
727,29.212462604065426,0.9397731771763757,758.0411376953125,20.966516494750977,0.275652489588972,850.7290649414062,795.4720458984375,True,25,0.8
728,25.06166158236184,0.9083543621903234,127.56063079833984,6.223646640777588,0.41026979773618866,202.72019958496094,202.42568969726562,True,25,0.8
729,24.151448844650968,0.9291881324931925,102.65362548828125,6.039032459259033,0.27896254859020336,224.99082946777344,164.49229431152344,True,25,0.8
730,20.38278868027746,0.7962500100998137,239.8779296875,6.454052925109863,0.34054151788856724,187.0750274658203,165.10153198242188,True,25,0.8
731,35.32420394807943,0.9587981216724812,194.68896484375,14.26904010772705,0.2732531976488384,876.7275390625,814.7601318359375,True,25,0.8
732,27.656166336713355,0.9515912793538273,758.5289306640625,8.402048110961914,0.32772236092798834,543.9300537109375,665.5320434570312,True,25,0.8
733,24.727999424295124,0.8709425238870331,914.270751953125,18.95345687866211,0.3558518690974888,560.7610473632812,523.5423583984375,True,25,0.8
734,30.1065272204374,0.9225398153143525,126.01544952392578,7.967952728271484,0.2870469641242235,396.7105712890625,359.4716491699219,True,25,0.8
735,24.127726511687815,0.8447353295189923,2927.072265625,45.148780822753906,0.30340914943411496,1159.0299072265625,877.3233642578125,True,25,0.8
736,25.80270865532942,0.930227843427529,401.6017150878906,11.070024490356445,0.4128392362429087,355.3631591796875,393.05267333984375,True,25,0.8
737,27.697524874385437,0.9145669871789833,1112.188720703125,9.188948631286621,0.5055345243451084,642.7879638671875,816.7828369140625,True,25,0.8
738,23.752521630404452,0.885686941798565,812.3668212890625,14.79794979095459,0.4214071080593599,384.2941589355469,439.6957702636719,True,25,0.8
739,20.02917085452235,0.6253757201176997,1411.7379150390625,21.920852661132812,0.34001760700896994,443.05670166015625,377.5674743652344,True,25,0.8
740,24.33085552136079,0.8373787066811779,791.28759765625,17.16716766357422,0.4218600699969677,546.0790405273438,463.21710205078125,True,25,0.8
741,26.146287483930784,0.8706201165837646,221.4053192138672,9.907702445983887,0.4837591295434372,308.25799560546875,302.0765075683594,True,25,0.8
742,33.83566628440529,0.951126103638311,230.92076110839844,23.562702178955078,0.5621540364093797,774.3768310546875,747.8617553710938,True,25,0.8
743,20.383801566239526,0.8489476080389231,2315.057861328125,20.279386520385742,0.3248381502859761,580.0424194335938,503.2176818847656,True,25,0.8
744,27.29660710185947,0.9267467124843192,95.37165832519531,7.049407958984375,0.24020215076577758,273.28338623046875,232.98048400878906,True,25,0.8
745,25.4816312147053,0.8677727517334558,2194.20166015625,3.4843075275421143,1.0584081904188152,350.74566650390625,899.6749877929688,True,25,0.8
746,26.558485533637466,0.9381201795164892,325.95379638671875,5.083925247192383,0.47825463871174156,303.13226318359375,384.50732421875,True,25,0.8
747,34.773195516082104,0.9526211213478117,98.47859954833984,12.640796661376953,0.5849350014896249,545.9719848632812,544.0093383789062,True,25,0.8
748,26.787313886565386,0.9058838911846874,1598.4259033203125,6.823504447937012,0.6712579593195221,454.6060485839844,906.5656127929688,True,25,0.8
749,16.469995801864627,0.6025055751361994,8641.251953125,34.356842041015625,0.27476846039079145,801.3678588867188,624.61376953125,True,25,0.8
750,24.91895690311409,0.8562062892268887,39.347835540771484,3.2361948490142822,0.17706521135663597,175.34747314453125,117.78114318847656,True,25,0.8
751,21.69899082485909,0.8508688770477267,5961.53076171875,63.862586975097656,0.14253144838707152,1606.2191162109375,939.8922729492188,True,25,0.8
752,28.884038398400843,0.9297053614598617,503.1618957519531,26.84236717224121,0.24573170454495408,859.2198486328125,628.080322265625,True,25,0.8
753,26.920417501193388,0.8929445871510721,227.49659729003906,4.6288628578186035,0.4432565485123523,242.43218994140625,335.5707092285156,True,25,0.8
754,25.509474960160496,0.9045503245295632,55.00057601928711,2.2024753093719482,0.4451338063733783,108.75617218017578,140.13279724121094,True,25,0.8
755,32.19287844225539,0.9100127312651729,380.5019836425781,25.746152877807617,0.5122197612693662,804.5584716796875,794.2311401367188,True,25,0.8
756,25.738724101864637,0.9147514706194955,1025.9178466796875,18.485126495361328,0.21665911604473026,745.025634765625,620.4526977539062,True,25,0.8
757,27.62266077089,0.8976303211861926,476.10137939453125,16.992555618286133,0.1581217785092957,901.55712890625,533.9276123046875,True,25,0.8
758,26.1874725537124,0.9068157253758088,1918.54833984375,33.98579406738281,0.27014703997943007,1156.496826171875,893.9987182617188,True,25,0.8
759,23.51977861903886,0.7893143355126858,2602.83740234375,32.976070404052734,0.44378201308403314,765.1300048828125,788.80859375,True,25,0.8
760,31.077698400493926,0.9323503465475312,18.127086639404297,4.5411272048950195,0.44859803316908237,152.5746307373047,152.52320861816406,True,25,0.8
761,31.126075488339218,0.9393763473359301,70.09220123291016,6.224380016326904,0.42705815953355447,226.3419189453125,312.41033935546875,True,25,0.8
762,21.942818465604823,0.8246194284652387,393.1774597167969,7.5790205001831055,0.45511078217460543,239.09535217285156,249.2406463623047,True,25,0.8
763,21.115824217600874,0.8597889911542936,4267.64501953125,4.738694667816162,0.7387426801206427,484.87060546875,744.2023315429688,True,25,0.8
764,33.742570531854106,0.9455746118175355,0.5024779438972473,0.9947489500045776,0.4728879558250815,36.42634582519531,34.4989013671875,True,25,0.8
765,33.061113933928794,0.9278409860497657,156.7244873046875,15.746894836425781,0.36770823101421113,585.3328857421875,570.31982421875,True,25,0.8
766,25.700139945302652,0.8821900793260767,1500.56396484375,20.48390007019043,0.46588742157736085,591.9148559570312,762.6962280273438,True,25,0.8
767,25.744706250746002,0.9084479600626683,1964.2413330078125,10.751533508300781,0.4495243192185761,612.313720703125,876.8888549804688,True,25,0.8
768,31.97214912783555,0.9635055330346489,74.37315368652344,8.079055786132812,0.4251470020989912,352.545654296875,342.7396545410156,True,25,0.8
769,27.867456045743065,0.8258631857667336,934.0077514648438,19.1600399017334,0.5087283700638845,625.5663452148438,821.43603515625,True,25,0.8
770,21.22569813026629,0.7824210016072454,92.20272064208984,2.775097370147705,0.5345789616354889,90.03595733642578,111.52110290527344,True,25,0.8
771,35.53305778317895,0.9821114867341285,200.29690551757812,7.82837438583374,0.3709125033760094,761.3554077148438,846.6058349609375,True,25,0.8
772,29.559885175355426,0.9008437768701306,18.23098373413086,8.288345336914062,0.2577160826157173,211.15032958984375,128.36117553710938,True,25,0.8
773,31.472041533820367,0.9354260398384464,111.38155364990234,14.775853157043457,0.3902685546840531,432.30682373046875,397.8900146484375,True,25,0.8
774,26.82052941350488,0.9030365778058306,1319.4056396484375,27.718347549438477,0.3856215328766186,911.0387573242188,797.498046875,True,25,0.8
775,30.731751422606823,0.913321172319962,14.71963119506836,2.2864139080047607,0.6178180442221382,98.09215545654297,150.76751708984375,True,25,0.8
776,24.24882027276512,0.8824221726403148,198.5920867919922,11.858266830444336,0.2886297630345094,303.57177734375,230.0221405029297,True,25,0.8
777,28.665158580649518,0.8783526818188867,708.347412109375,47.6163330078125,0.3649725518461459,1108.97998046875,722.5303344726562,True,25,0.8
778,25.038420303583955,0.9211897808308817,1624.8212890625,14.598222732543945,0.6834733072870995,739.5421752929688,720.3165283203125,True,25,0.8
779,31.573526442333414,0.9517949650638858,285.9867858886719,6.184599876403809,0.5900831778219833,571.1243896484375,641.5064697265625,True,25,0.8
780,28.41361267620627,0.9126971685880232,680.2676391601562,10.277525901794434,0.42848758948961263,491.9484558105469,694.2545166015625,True,25,0.8
781,30.721259181073236,0.9619358547946864,249.88751220703125,12.306889533996582,0.4607825350334681,533.390625,543.1817016601562,True,25,0.8
782,23.835636036907772,0.8872076499504609,261.289794921875,4.990926742553711,0.7013677621049028,163.11782836914062,252.54725646972656,True,25,0.8
783,28.514040110821888,0.9169469937248207,163.62042236328125,8.7512845993042,0.4962301743795081,336.2350769042969,346.3503112792969,True,25,0.8
784,30.82087566452133,0.9645916125722714,27.524085998535156,2.5378499031066895,0.4480184106980919,170.21234130859375,182.41612243652344,True,25,0.8
785,26.56219183219191,0.9009853868185387,1664.513671875,9.818896293640137,0.2667472092746741,662.1905517578125,908.5421142578125,True,25,0.8
786,31.50988038009008,0.9615564527311069,240.00177001953125,15.343722343444824,0.4818727729392617,647.5901489257812,583.8084106445312,True,25,0.8
787,25.33540125066687,0.8120395938700168,459.4299621582031,23.834409713745117,0.26683348454346867,626.99462890625,401.4505615234375,True,25,0.8
788,34.398734619380505,0.9814756227997434,75.81098175048828,6.603610992431641,0.3845235521904847,457.0013122558594,462.5437927246094,True,25,0.8
789,32.43649037513411,0.9563194224908871,511.669189453125,12.061875343322754,0.4825065896262507,798.966796875,947.3360595703125,True,25,0.8
790,25.351240077581863,0.8926494999435971,62.0869140625,5.099966526031494,0.5359223419744739,157.15655517578125,154.19805908203125,True,25,0.8
791,29.849390688369194,0.922061769139902,356.13250732421875,14.157877922058105,0.39145993387410705,606.0697631835938,586.6436157226562,True,25,0.8
792,27.31025481839484,0.9666122393403875,474.849853515625,6.889255523681641,0.5893007934037681,395.6227111816406,506.3827819824219,True,25,0.8
793,24.064699521570255,0.9238577193837186,1459.08349609375,27.68726921081543,0.40672456467938495,784.362060546875,611.8427734375,True,25,0.8
794,20.75473706476671,0.8509784823637244,3.0476388931274414,0.44758474826812744,0.29108531915158753,17.448970794677734,19.092073440551758,True,25,0.8
795,21.486369529853047,0.8356023956387197,5402.21533203125,35.993412017822266,0.24207486761195343,1138.28857421875,872.2517700195312,True,25,0.8
796,26.887192441070717,0.8564222323005659,1575.0335693359375,29.827722549438477,0.4461885912204192,1032.3331298828125,932.1861572265625,True,25,0.8
797,33.97739292462142,0.9307498125238315,127.5637435913086,17.46281623840332,0.31104367781369485,553.60595703125,565.5680541992188,True,25,0.8
798,28.830646245343594,0.940539938146854,634.01904296875,8.056154251098633,0.38917602921363087,604.3672485351562,696.9541625976562,True,25,0.8
799,28.43339530214784,0.857456927846106,889.0979614257812,19.97865867614746,0.3579847781120884,920.1131591796875,922.576904296875,True,25,0.8
800,23.19209107565928,0.8164762968922553,2231.29150390625,41.885894775390625,0.19950729907452988,1116.382568359375,707.5313720703125,True,25,0.8
801,30.759393970968233,0.9721020264829767,19.726770401000977,1.7015678882598877,0.5993805677607482,130.23489379882812,153.38650512695312,True,25,0.8
802,25.89380904053953,0.8745428640868153,842.782470703125,9.507044792175293,0.6072141137435486,462.4934997558594,576.7120971679688,True,25,0.8
803,28.882359435062593,0.9521616946356092,476.2624206542969,12.294645309448242,0.40534483330706506,588.6279296875,607.1083374023438,True,25,0.8
804,33.827869331418576,0.9811284743380129,73.88168334960938,13.828828811645508,0.3521769818905594,560.556640625,424.70654296875,True,25,0.8
805,26.864188361112774,0.9266329660119779,1116.127685546875,12.077095031738281,0.44360088440918266,597.4813232421875,736.707763671875,True,25,0.8
806,34.97949392080139,0.9698281069704253,277.15386962890625,11.272400856018066,0.4299057103095975,935.1051635742188,934.4326782226562,True,25,0.8
807,28.955610923782743,0.9381621793696755,1084.03466796875,27.88518714904785,0.4572859226661594,971.3065795898438,925.6429443359375,True,25,0.8
808,33.85078151215766,0.9610569611791486,83.87227630615234,7.168330192565918,0.5902796304243881,426.22393798828125,451.3885192871094,True,25,0.8
809,21.96569246189594,0.7889054885006272,81.06990051269531,8.352996826171875,0.29827935464794864,173.49874877929688,114.12480926513672,True,25,0.8
810,20.738737283128927,0.8441121741775875,8159.88671875,29.604717254638672,0.40637195812430604,929.22900390625,984.8563842773438,True,25,0.8
811,32.37392483661911,0.946075908793569,407.3144836425781,14.691916465759277,0.399690395679722,797.881591796875,839.0592041015625,True,25,0.8
812,28.79261984040204,0.9425666679784855,20.79401206970215,3.339047908782959,0.30058758810968284,141.7127685546875,125.53801727294922,True,25,0.8
813,25.61352768620256,0.8231899384639857,2284.739013671875,45.55211639404297,0.31259488998718604,1016.8909301757812,920.9210205078125,True,25,0.8
814,26.843865025900765,0.9029048380583248,1480.806396484375,19.53554344177246,0.5457631899231334,690.2993774414062,870.0264892578125,True,25,0.8
815,31.404252965336852,0.9680530459795943,195.08633422851562,7.159485816955566,0.433979074938355,474.8185729980469,519.3192138671875,True,25,0.8
816,20.092760005467625,0.853341849752672,3389.163330078125,13.621115684509277,0.3497859284373654,538.911376953125,591.6841430664062,True,25,0.8
817,28.048338579125534,0.9061444444683745,250.1826934814453,12.836231231689453,0.29812958452560906,455.78076171875,399.60369873046875,True,25,0.8
818,27.75401668057471,0.9342828414895955,5.203526496887207,0.8428775072097778,0.4266193824190338,52.3123779296875,55.706878662109375,True,25,0.8
819,24.234241350236204,0.9064921773528013,425.2190856933594,1.4704416990280151,0.3950924544544106,247.3595428466797,335.8620300292969,True,25,0.8
820,28.953286521303244,0.9161445858308774,819.5599975585938,28.463056564331055,0.4341430498111166,881.9854125976562,803.0505981445312,True,25,0.8
821,25.159729909200923,0.8543069135325273,0.08432010561227798,0.1295301914215088,0.4526297029726755,4.763887405395508,5.6273908615112305,True,25,0.8
822,32.7983701175735,0.9719585715278876,57.85374450683594,8.993534088134766,0.37825195448278354,349.6514587402344,334.1656799316406,True,25,0.8
823,18.474446801337034,0.8047331113535747,2256.97412109375,17.58564567565918,0.37425302998113874,565.39453125,398.7705383300781,True,25,0.8
824,31.97402106988925,0.9602719439564598,183.53875732421875,12.291379928588867,0.2810015689859418,601.8377075195312,537.8582153320312,True,25,0.8
825,22.98390362807637,0.830564275116158,4228.421875,21.19129753112793,0.5037409446982782,766.1240844726562,919.935791015625,True,25,0.8
826,29.38736446899506,0.9127428870286766,138.11825561523438,13.680488586425781,0.37628322577430373,372.365478515625,346.9996337890625,True,25,0.8
827,30.08450618485798,0.9265399397080774,116.74760437011719,11.974472999572754,0.12369517926622633,746.94140625,347.60626220703125,True,25,0.8
828,27.995043932913873,0.948895173412529,847.307861328125,20.479711532592773,0.39753253599229016,884.368408203125,737.7637329101562,True,25,0.8
829,28.785726542003797,0.9471581136448342,221.51162719726562,4.554620265960693,0.5543676234483984,278.8099365234375,452.7657165527344,True,25,0.8
830,25.262213362631215,0.8672472007622629,150.98419189453125,8.017594337463379,0.2599696244020622,248.26502990722656,225.38021850585938,True,25,0.8
831,20.102627759763255,0.735803005805045,2001.101318359375,30.21275520324707,0.25007449942432264,671.3919067382812,452.9870910644531,True,25,0.8
832,22.906851909134268,0.9048389224921832,102.54125213623047,3.6633424758911133,0.3171337975763479,151.20205688476562,141.71615600585938,True,25,0.8
833,26.833009734642182,0.8498687207327831,57.52666091918945,4.88662576675415,0.7246671362768352,138.63449096679688,177.21060180664062,True,25,0.8
834,29.17572073746111,0.8845406380338812,296.5386657714844,19.589614868164062,0.401160843879271,533.88232421875,498.8694152832031,True,25,0.8
835,31.541537182880234,0.9643224485456882,122.05180358886719,6.37148380279541,0.5929435084928079,343.7698059082031,419.50653076171875,True,25,0.8
836,26.5257075266277,0.8503348909787473,1820.0654296875,18.290464401245117,0.37625290535265343,818.044921875,914.9310302734375,True,25,0.8
837,22.825226142953024,0.8430774056774846,678.6649780273438,6.860906600952148,0.428154251236157,319.56683349609375,363.031494140625,True,25,0.8
838,30.117917729294057,0.9247995910875815,327.87445068359375,23.78792953491211,0.28918439785769157,685.546630859375,581.0077514648438,True,25,0.8
839,27.05983112002039,0.8695250590317676,711.0330200195312,16.66565704345703,0.5497379389049961,525.4088134765625,632.6320190429688,True,25,0.8
840,34.32270868450887,0.9750864874990609,0.07312878966331482,0.16976258158683777,0.36441030748712877,12.627579689025879,14.081361770629883,True,25,0.8
841,22.874613726049976,0.8897151172188014,2249.104736328125,14.767273902893066,0.5035223681476083,538.9315795898438,663.8738403320312,True,25,0.8
842,22.30473065137121,0.8508642026344523,185.10939025878906,7.025406837463379,0.2955253787197685,233.4499053955078,178.85792541503906,True,25,0.8
843,24.328905368592366,0.8893061003410349,3407.377685546875,34.45440673828125,0.2897717436898264,1251.6553955078125,961.1092529296875,True,25,0.8
844,28.899269363738682,0.8886468098667076,28.719701766967773,3.158723831176758,0.3774213871863133,151.33387756347656,149.51406860351562,True,25,0.8
845,29.9503630117841,0.9367255267097977,174.18295288085938,6.364964008331299,0.5095714221389488,343.6224670410156,415.2095031738281,True,25,0.8
846,36.051119368500935,0.9417000467916883,1.8458737134933472,3.2714860439300537,0.32228878587922755,92.10704040527344,86.26432037353516,True,25,0.8
847,24.654339193160986,0.8799030570061431,3276.505126953125,13.439374923706055,0.9111042735318091,560.7780151367188,996.8773803710938,True,25,0.8
848,29.16575425363657,0.9409967348425504,305.79632568359375,8.461087226867676,0.303532156265072,413.7514953613281,502.69281005859375,True,25,0.8
849,21.151725348847652,0.8335048213975468,2667.650634765625,16.498533248901367,0.4346462431060837,695.9942626953125,595.7896118164062,True,25,0.8
850,25.548340912534762,0.9049960811898327,12.507699012756348,2.1242449283599854,0.30964496449605466,77.27288055419922,68.0093994140625,True,25,0.8
851,30.893497493508868,0.9456387986308896,457.41119384765625,19.187719345092773,0.43999242371237135,762.4271240234375,750.2105102539062,True,25,0.8
852,20.960339487166166,0.7890373328139609,159.99563598632812,9.42871379852295,0.16030617978832382,341.76611328125,210.69569396972656,True,25,0.8
853,26.815455305803205,0.8846915146601227,1649.02392578125,29.65216636657715,0.3168752167310634,870.900634765625,898.15625,True,25,0.8
854,28.906972339185014,0.956782734354091,54.446990966796875,1.4528868198394775,0.5328524928764113,178.86843872070312,205.9344940185547,True,25,0.8
855,22.50659130521253,0.9205845696976557,205.1065216064453,7.567262649536133,0.28100745813397854,239.2444305419922,191.49703979492188,True,25,0.8
856,27.53313730899326,0.935056443792317,2.477818250656128,0.441387802362442,0.40822640973245283,32.67285919189453,37.513118743896484,True,25,0.8
857,24.426574495152217,0.884191078283455,800.10791015625,12.841592788696289,0.5393924245749137,424.71478271484375,472.5948791503906,True,25,0.8
858,35.83160314002025,0.9612226803605401,83.32682800292969,12.068552017211914,0.43653262483637134,589.8223876953125,565.2763061523438,True,25,0.8
859,20.940281240377892,0.8678824819273135,35.6611328125,2.0382168292999268,0.38299961783571757,68.33557891845703,66.64292907714844,True,25,0.8
860,18.163654007024668,0.8055915933883757,9166.52734375,12.429625511169434,0.3849145935172833,811.9132080078125,775.7520751953125,True,25,0.8
861,25.468416900701403,0.9334237163846061,548.1356811523438,11.307530403137207,0.51551026467207,381.14447021484375,453.8355407714844,True,25,0.8
862,32.834671448827784,0.9606942227273657,138.7699737548828,6.41578483581543,0.5929473509387546,326.70794677734375,524.8659057617188,True,25,0.8
863,25.320419253320843,0.8845332455754658,561.9843139648438,18.771421432495117,0.3689124332519508,471.4989318847656,441.3219909667969,True,25,0.8
864,27.561673342876713,0.9013642822541258,276.03173828125,7.28097677230835,0.4011894539179314,339.4676513671875,401.3623046875,True,25,0.8
865,27.96211923068025,0.9039500815442103,501.10198974609375,21.24004364013672,0.3334196175459914,649.0740356445312,560.0806884765625,True,25,0.8
866,27.049498022621513,0.9157068136429762,48.03728485107422,2.6853325366973877,0.36186148237249305,143.59832763671875,156.0850067138672,True,25,0.8
867,30.394195882042652,0.9662378621821064,30.460678100585938,2.1894443035125732,0.4105267715134223,159.65878295898438,182.74620056152344,True,25,0.8
868,20.826599230592436,0.7881992274222048,5997.201171875,24.99028968811035,0.3621559882834277,822.0902709960938,861.923828125,True,25,0.8
869,29.398545443489354,0.9122443963668787,1026.7086181640625,37.6141357421875,0.32085363015337554,1119.7796630859375,946.1693725585938,True,25,0.8
870,26.926767211595823,0.9248783253017963,283.6324157714844,2.711408853530884,0.56084242941587,300.23553466796875,373.9360046386719,True,25,0.8
871,24.32443625296036,0.8299625542816199,270.9601745605469,15.44890022277832,0.18807560054992958,545.5687866210938,271.47393798828125,True,25,0.8
872,16.265237706310923,0.7092174519692241,9788.52734375,29.645797729492188,0.3306561945136427,766.97705078125,644.3555297851562,True,25,0.8
873,32.01027188268562,0.9617375890090984,105.17584228515625,9.975221633911133,0.4461441666857705,411.3454284667969,409.325439453125,True,25,0.8
874,26.514822255707102,0.8283637672322586,1.4373003244400024,0.6206754446029663,0.3759377619783749,29.3565731048584,26.36096954345703,True,25,0.8
875,21.435846048468576,0.8370673298856539,176.5552978515625,2.8783442974090576,0.45128283552610604,127.0671157836914,156.99644470214844,True,25,0.8
876,21.412922642677195,0.7911424298675335,3682.862060546875,34.05827713012695,0.4537924735378446,893.6389770507812,716.2562866210938,True,25,0.8
877,23.72255706570001,0.8612997151567179,1843.6234130859375,31.493099212646484,0.3631695986107482,847.6769409179688,659.2650146484375,True,25,0.8
878,21.08953959069816,0.8369092688099476,5.638856887817383,1.0219184160232544,0.25343223175046575,42.87688064575195,28.068897247314453,True,25,0.8
879,31.353306498829063,0.966149581421332,36.31748962402344,1.762865424156189,0.474144364996548,207.8626251220703,222.75018310546875,True,25,0.8
880,27.98664026185794,0.9460272281800692,82.0635986328125,8.029375076293945,0.12725625499950088,427.7084045410156,231.84371948242188,True,25,0.8
881,26.18937214799888,0.8590975343927326,910.8265991210938,12.448493003845215,0.48439217759686454,460.0262451171875,672.2208251953125,True,25,0.8
882,26.945507696424897,0.9423590494998345,0.789106547832489,0.330917626619339,0.5177897580275613,15.461018562316895,20.690826416015625,True,25,0.8
883,21.63383714960174,0.8246570947208568,75.39568328857422,6.740433692932129,0.20316491277489804,133.57919311523438,105.00447082519531,True,25,0.8
884,21.23488772887694,0.830040665693731,4808.61279296875,38.27618408203125,0.38406829770734485,923.2257080078125,800.1161499023438,True,25,0.8
885,21.35755764054569,0.7697789346849954,226.74755859375,5.089889049530029,0.4849422829291723,124.78433990478516,179.36611938476562,True,25,0.8
886,25.33020194495366,0.8737581418410892,1245.1229248046875,13.820058822631836,0.286307401848626,632.4046020507812,653.0933837890625,True,25,0.8
887,29.706286745549345,0.9374388667021496,61.046875,6.691573143005371,0.24447279786931353,271.2525329589844,238.94459533691406,True,25,0.8
888,34.360273019581726,0.9614281193790544,3.685399293899536,2.335648775100708,0.4529454363284247,99.29500579833984,100.34194946289062,True,25,0.8
889,23.648838231845737,0.783415497103211,252.98399353027344,7.490839958190918,0.46483518986507627,175.51759338378906,243.92901611328125,True,25,0.8
890,33.24674267178712,0.9754251084060738,246.46823120117188,8.644424438476562,0.3147361881570884,625.6771240234375,722.544677734375,True,25,0.8
891,37.84073972028879,0.9776373150824762,120.2405776977539,12.549345970153809,0.35005044703925847,853.81640625,855.8407592773438,True,25,0.8
892,25.89282862934421,0.9241891596737819,1756.8062744140625,30.628021240234375,0.3604827485362551,955.0289306640625,830.3896484375,True,25,0.8
893,20.80857945780656,0.8545308020213375,1309.8197021484375,9.5436372756958,0.44778772331500816,422.4907531738281,397.7863464355469,True,25,0.8
894,26.431996561452266,0.9109592037419602,1015.1123046875,5.989035129547119,0.554958474090265,534.9075927734375,668.4170532226562,True,25,0.8
895,33.55878836505837,0.9294125543305626,18.643075942993164,5.1538496017456055,0.45140768339467124,204.00050354003906,205.77931213378906,True,25,0.8
896,24.319743095119556,0.8400208007268138,299.50787353515625,14.689655303955078,0.28664372132773247,398.7952575683594,293.8545837402344,True,25,0.8
897,28.95105713607292,0.8866592279546587,758.04833984375,11.954926490783691,0.5211020409476717,606.946044921875,896.439453125,True,25,0.8
898,30.17958678320216,0.9363415232783624,0.18743880093097687,0.3653005063533783,0.20215268145856785,16.305326461791992,13.988921165466309,True,25,0.8
899,29.919744561407665,0.9144436668362411,7.6049885749816895,2.8824427127838135,0.28906689160960974,98.94273376464844,86.42301940917969,True,25,0.8
900,32.06762165802878,0.9494008090658453,26.989255905151367,5.264026165008545,0.34416715987853663,237.6265106201172,208.67837524414062,True,25,0.8
901,33.845776575545024,0.953858546066887,0.3114357590675354,0.4100414514541626,0.5182251257498661,27.181074142456055,27.505672454833984,True,25,0.8
902,23.079386427091514,0.83713887168171,153.42388916015625,5.873687744140625,0.6039823821525878,187.75973510742188,182.25399780273438,True,25,0.8
903,31.278999406604818,0.946580483156215,229.47088623046875,11.758809089660645,0.4689504547528022,570.52587890625,583.45849609375,True,25,0.8
904,29.044774844206817,0.9417825557822045,220.92031860351562,6.65748405456543,0.512462057225175,312.3017272949219,422.00311279296875,True,25,0.8
905,24.324441274994086,0.9200211940265969,2931.844482421875,31.254486083984375,0.43394851454775657,953.4322509765625,892.779052734375,True,25,0.8
906,29.27555883877684,0.9682529720298031,788.6561889648438,15.985488891601562,0.35013000073087347,811.716064453125,817.6260986328125,True,25,0.8
907,27.197309999553095,0.9288836790189162,222.97052001953125,11.400680541992188,0.30265538424182864,426.3211669921875,342.47552490234375,True,25,0.8
908,30.118021340599768,0.9378737769482736,65.8417739868164,7.032261848449707,0.29644250444647147,292.34332275390625,260.16400146484375,True,25,0.8
909,25.29222357756225,0.9273793309446668,426.6405944824219,4.514256477355957,0.3373712090340289,345.3846435546875,380.3127136230469,True,25,0.8
910,30.414245494117274,0.9380544054641997,316.5613708496094,18.426633834838867,0.4027459686767144,660.5719604492188,590.7046508789062,True,25,0.8
911,29.315036338628794,0.9095880574209402,70.40423583984375,5.0493693351745605,0.6359366682707461,210.2894287109375,268.7955627441406,True,25,0.8
912,28.18983811849057,0.9304013197974401,460.15484619140625,10.6674165725708,0.5616445490062179,503.37713623046875,624.5247802734375,True,25,0.8
913,27.180252120625855,0.8171812008475977,233.45703125,9.067193031311035,0.584008243206285,279.18646240234375,410.0022277832031,True,25,0.8
914,33.11020545886007,0.9322073723586474,149.036376953125,17.408777236938477,0.35289872147491497,600.93505859375,552.4951171875,True,25,0.8
915,22.15788068882786,0.8678730983329805,1159.6123046875,4.801550388336182,0.4830454269271204,360.2721862792969,436.6903991699219,True,25,0.8
916,21.82959395175352,0.8744787042662578,570.6950073242188,2.496105670928955,0.6320360350488109,182.13299560546875,295.1712951660156,True,25,0.8
917,31.677852188307163,0.9569543731101895,610.7928466796875,12.127617835998535,0.4220538580713623,848.0360107421875,948.5048828125,True,25,0.8
918,22.47881088846132,0.9064729739488963,3224.766357421875,13.282760620117188,0.5301411477490426,543.7166748046875,763.8421630859375,True,25,0.8
919,27.625887411972165,0.9335940655078682,34.20640182495117,2.603100061416626,0.30091371600412403,124.5046615600586,140.9730682373047,True,25,0.8
920,24.57251320679716,0.7785589878002357,2536.111328125,52.16771697998047,0.2747521886197848,1084.740478515625,868.5994873046875,True,25,0.8
921,30.199405555416817,0.9120958482738972,168.412353515625,9.103828430175781,0.6630149801039031,376.26812744140625,487.9437561035156,True,25,0.8
922,29.87930092889038,0.9372179029880416,822.5313110351562,9.703612327575684,0.2651925820036711,791.2984008789062,894.6576538085938,True,25,0.8
923,34.953031506833995,0.9627678579621025,202.7604522705078,17.688867568969727,0.3095713924423735,838.6489868164062,800.055419921875,True,25,0.8
924,31.21715971955874,0.9294605169472188,136.74697875976562,24.058942794799805,0.29554205292779495,583.4779663085938,425.7882995605469,True,25,0.8
925,26.11958825363974,0.8794371636624768,1.3430402278900146,0.8965699672698975,0.2221055391428457,30.546886444091797,23.44683837890625,True,25,0.8
926,30.836565605608115,0.9491084129294867,59.711029052734375,7.721382141113281,0.3939205128871674,300.53515625,269.40869140625,True,25,0.8
927,23.045602019641713,0.8134005535103065,1456.181640625,30.546297073364258,0.30709782224562276,713.625732421875,542.0925903320312,True,25,0.8
928,29.630886522010208,0.9511734844176762,433.32110595703125,10.326807022094727,0.39369841838032543,586.8887939453125,633.8447265625,True,25,0.8
929,25.971513347156325,0.8970112426127658,169.09738159179688,10.025586128234863,0.44651433331191986,309.7340087890625,258.6297912597656,True,25,0.8
930,26.858647966130018,0.9175714733731675,40.33171463012695,5.420538902282715,0.313360727113844,164.06736755371094,140.2167205810547,True,25,0.8
931,24.347509607222367,0.8649893591499535,2531.50927734375,39.48240280151367,0.3164392281438185,837.1724853515625,835.0953369140625,True,25,0.8
932,32.364238806400316,0.9711352769896711,560.3985595703125,18.624483108520508,0.3635972475280159,1012.5308837890625,984.4177856445312,True,25,0.8
933,27.120705625776598,0.8475280128856647,499.3370056152344,1.983128309249878,1.1007307658669063,161.903564453125,526.1644897460938,True,25,0.8
934,24.736193178226195,0.8470195904663058,92.74127960205078,5.26685094833374,0.341908217163373,206.58544921875,172.5076141357422,True,25,0.8
935,26.447824543510695,0.9247288708990753,167.7476043701172,4.873554706573486,0.3355707216991508,291.896728515625,273.0350341796875,True,25,0.8
936,27.57303537042262,0.9023865779306282,0.6450286507606506,0.4855700731277466,0.4740196054799092,18.19919204711914,19.372285842895508,True,25,0.8
937,33.505110599853445,0.9546872981899909,366.7307434082031,33.881649017333984,0.2963812487673521,1107.908935546875,914.384521484375,True,25,0.8
938,22.69989777649245,0.8627185434418019,75.54801940917969,3.003857135772705,0.390813969701013,127.1668701171875,118.63333129882812,True,25,0.8
939,27.936507031065414,0.9260594181647241,527.4935913085938,15.336383819580078,0.40254250122502605,544.0732421875,576.93994140625,True,25,0.8
940,21.122909198134234,0.7890790715051899,576.9876098632812,5.8888020515441895,0.4803975928812056,223.40249633789062,274.7811584472656,True,25,0.8
941,24.43814553230775,0.8566103470419227,879.542724609375,11.64242172241211,0.5498168931950487,395.0554504394531,554.6238403320312,True,25,0.8
942,28.473384222216502,0.920792772717821,586.2745361328125,19.880813598632812,0.28521799870155917,628.4768676757812,651.7689819335938,True,25,0.8
943,25.039481612813535,0.8166428350838263,2039.8133544921875,45.261024475097656,0.2728297428954335,1306.8033447265625,829.9120483398438,True,25,0.8
944,26.713468518490767,0.9132436556305248,86.68992614746094,6.676800727844238,0.5091117633441352,193.9835662841797,207.21484375,True,25,0.8
945,21.151053351452337,0.8404634535518152,1.0917398929595947,0.1278076171875,0.8366195389061488,5.982147216796875,11.984832763671875,True,25,0.8
946,23.37843605242699,0.8318278170517531,86.10640716552734,7.215692520141602,0.13831670187380998,328.633056640625,137.74874877929688,True,25,0.8
947,22.570025896171767,0.8501315775716757,4191.3994140625,26.696786880493164,0.49142916091231637,852.8739013671875,900.11865234375,True,25,0.8
948,25.915200992539592,0.8933647417754581,1947.2962646484375,32.75975036621094,0.4292318016210601,969.026123046875,874.0161743164062,True,25,0.8
949,32.80397192270914,0.9612129761984474,186.9893798828125,10.1589994430542,0.35495930581366725,587.9185180664062,597.815673828125,True,25,0.8
950,25.141390336097075,0.9185073385466855,1093.2491455078125,4.052768707275391,0.5252383847803361,482.1771545410156,600.9163208007812,True,25,0.8
951,35.39533992953733,0.9630775894542966,127.67755889892578,11.206950187683105,0.4073066181596861,656.24951171875,665.3716430664062,True,25,0.8
952,21.37914600061928,0.7133486927389643,191.91795349121094,7.005559921264648,0.3811261096871909,180.66651916503906,176.19590759277344,True,25,0.8
953,25.879733706606327,0.875476174179553,2098.197021484375,33.69757843017578,0.3449360495620894,1098.606201171875,914.49755859375,True,25,0.8
954,14.92581977318567,0.6413947425978388,5594.13232421875,26.385473251342773,0.2672523373650427,821.6067504882812,419.35174560546875,True,25,0.8
955,28.3146581222667,0.9347132873770437,214.35433959960938,6.253438472747803,0.5523227589867314,302.4385070800781,383.7554016113281,True,25,0.8
956,31.60552797214901,0.9680231820841938,186.1251678466797,5.143429279327393,0.3087399192785851,472.0236511230469,519.3988037109375,True,25,0.8
957,32.79920933516925,0.9496219161248183,1.2052456140518188,0.8307735323905945,0.35916801779283436,49.55443572998047,47.919002532958984,True,25,0.8
958,27.291328019969157,0.9317946831154627,49.85232925415039,4.419327259063721,0.366365111145865,183.62161254882812,167.11708068847656,True,25,0.8
959,27.262843482042356,0.94490067151032,1017.3181762695312,11.655945777893066,0.3506060859639024,650.60693359375,738.2955932617188,True,25,0.8
960,27.798614032510077,0.8710685478359623,8.913994789123535,1.9406758546829224,0.43671536014808426,62.72739791870117,83.71586608886719,True,25,0.8
961,22.5525347277007,0.8127224678461396,1983.453857421875,19.52051544189453,0.33126428219361154,640.5730590820312,603.5489501953125,True,25,0.8
962,34.25728707923372,0.9601911670221756,22.697641372680664,4.904231071472168,0.4354805052833721,259.7334899902344,246.103759765625,True,25,0.8
963,21.66608136978974,0.8408763543475297,1010.3455200195312,15.300387382507324,0.3155450818185901,508.2894287109375,389.90631103515625,True,25,0.8
964,26.32504024189805,0.872019772718613,84.95015716552734,2.946286916732788,0.7254671290143678,136.9882049560547,289.405029296875,True,25,0.8
965,25.317933601929283,0.9129986238326604,367.6940612792969,6.54525089263916,0.6209141672847401,252.26675415039062,356.3170471191406,True,25,0.8
966,34.56329868502036,0.9577866807441593,180.72935485839844,13.203373908996582,0.42408989884191683,751.574462890625,719.3268432617188,True,25,0.8
967,19.717667630010858,0.8657303840610562,931.72314453125,8.477850914001465,0.38570500911727784,320.16204833984375,297.8245849609375,True,25,0.8
968,31.2381027042335,0.9485325904330479,241.47341918945312,6.0918474197387695,0.5625503761315289,496.06988525390625,566.8382568359375,True,25,0.8
969,28.32600688767328,0.9486673202430993,332.89288330078125,6.9416890144348145,0.4036819717994851,428.9957275390625,476.5743408203125,True,25,0.8
970,20.31041840974071,0.8130708281490963,4103.08056640625,32.202919006347656,0.36173526524022415,902.0074462890625,664.0075073242188,True,25,0.8
971,30.139458928034703,0.906397663364408,849.0355224609375,32.85028839111328,0.35327419164327534,953.3761596679688,936.8928833007812,True,25,0.8
972,27.204354569556127,0.9549657915737114,1021.1930541992188,12.726940155029297,0.33775289927125546,705.2911376953125,732.8395385742188,True,25,0.8
973,29.399154170359555,0.9571591213655969,52.17735290527344,3.356905937194824,0.5650818546759009,182.6448211669922,215.72543334960938,True,25,0.8
974,31.32246398626438,0.9511486828188778,0.7617921233177185,0.3661433756351471,0.7102415917964281,28.92178726196289,32.15195083618164,True,25,0.8
975,27.827736061236564,0.9204417354435928,113.95489501953125,7.876416206359863,0.36944751426461137,275.75677490234375,263.00177001953125,True,25,0.8
976,21.12393821700517,0.8383444836225337,2733.9150390625,25.814498901367188,0.29512011288582435,870.9280395507812,595.4828491210938,True,25,0.8
977,30.767525630744643,0.9453243978928978,2.297905445098877,1.3307033777236938,0.4728896707649722,52.4644660949707,52.374385833740234,True,25,0.8
978,28.034887162046633,0.85295333176413,387.4792175292969,23.15151023864746,0.3113569961633028,760.4304809570312,496.869873046875,True,25,0.8
979,28.604945580350826,0.9215603625119286,491.3355407714844,18.840051651000977,0.44362431389592744,645.7202758789062,597.2460327148438,True,25,0.8
980,22.04213434980749,0.8214111328713084,658.8717651367188,12.261018753051758,0.3412883791345035,345.6493835449219,334.9096374511719,True,25,0.8
981,20.981198326203142,0.750550879886203,4588.70166015625,49.35013961791992,0.32334207734622844,962.8984375,771.1412963867188,True,25,0.8
982,25.79659993086162,0.8749112057104569,29.81608772277832,4.22498893737793,0.2346506896675389,121.26075744628906,107.49165344238281,True,25,0.8
983,32.734005092153744,0.9519488815414278,3.081958770751953,2.179774522781372,0.2676278519434097,85.22981262207031,76.0626449584961,True,25,0.8
984,22.55966807434625,0.8961402616235696,2926.984130859375,22.33262825012207,0.33020498780149143,778.2683715820312,728.4605712890625,True,25,0.8
985,23.608572832484896,0.8970096810587266,1065.6561279296875,3.5297648906707764,0.5703235710964939,338.2538146972656,495.9958190917969,True,25,0.8
986,22.446003209836036,0.8990589220468935,2692.98095703125,1.2744895219802856,0.687235172142071,399.4423522949219,688.7139892578125,True,25,0.8
987,23.14800191854804,0.8756935878831262,917.126708984375,1.463080644607544,0.5722056765792001,291.77117919921875,435.39251708984375,True,25,0.8
988,22.15743488688836,0.8108467321814796,354.8506774902344,6.736034393310547,0.4842805280758885,176.7118377685547,247.15562438964844,True,25,0.8
989,29.166480581309955,0.9626098004918472,812.8909912109375,16.125150680541992,0.38451233278162117,731.7345581054688,819.283203125,True,25,0.8
990,16.917612480972167,0.745620661048013,12906.96484375,29.92335319519043,0.39188871731126745,783.078369140625,799.616455078125,True,25,0.8
991,23.573840881870932,0.8414577022736391,1894.4398193359375,27.47589874267578,0.6261472149193748,663.5797729492188,695.0017700195312,True,25,0.8
992,26.985055548794207,0.9374600742685044,148.41258239746094,6.1785359382629395,0.4310191023584275,250.77719116210938,272.87298583984375,True,25,0.8
993,27.168454788373616,0.948773132127751,669.2144775390625,2.569798231124878,0.3371557046875486,455.23486328125,590.6404418945312,True,25,0.8
994,29.081408097828,0.9344518857674579,160.66812133789062,17.137985229492188,0.3356579197537247,402.5601806640625,361.6129150390625,True,25,0.8
995,29.51604899375114,0.8840902243681747,9.366622924804688,2.3301291465759277,0.49090895351468244,88.34182739257812,92.49049377441406,True,25,0.8
996,22.174436036720188,0.8211110585220617,5026.970703125,22.808393478393555,0.49239172931617764,913.8782958984375,917.396240234375,True,25,0.8
997,23.678715637111793,0.9241892243142003,81.07086944580078,1.9541276693344116,0.6527961240292922,131.00611877441406,137.6818084716797,True,25,0.8
998,18.574098534509204,0.832492328561161,12514.232421875,18.31284523010254,0.5324671208779421,876.2667846679688,950.287109375,True,25,0.8
999,28.166826833882116,0.9378210866076043,303.32891845703125,10.84537410736084,0.4735674781937066,464.49603271484375,446.55975341796875,True,25,0.8
