sample_idx,psnr,ssim,mse,post_std_mean,sigma_used,alpha,scaling,clip,lambda_,zeta
0,24.65576963195861,0.8885134762447207,471.2529296875,7.244054317474365,0.04845482624585157,380.7405090332031,375.16558837890625,True,25,0.8
1,23.533219865383668,0.8521914682143962,4002.156005859375,30.52651023864746,0.042113662323534175,931.7965087890625,950.7636108398438,True,25,0.8
2,29.879022955073072,0.9332830093311933,513.9595947265625,10.536548614501953,0.05983660709436955,514.7506103515625,732.261962890625,True,25,0.8
3,-66.28272107122143,0.4366426501914371,1407925223424.0,2188389.5,0.03863034625941565,610.43896484375,599.059814453125,True,25,0.8
4,30.95890559073965,0.9674354394892052,19.444730758666992,3.948725700378418,0.03634551826552693,188.302978515625,156.8626251220703,True,25,0.8
5,-inf,,inf,inf,0.023304782452355267,212.1734619140625,156.83853149414062,True,25,0.8
6,23.249689862169753,0.8761658441705218,13.492814064025879,1.318518042564392,0.05934492823576891,41.32557678222656,59.02552795410156,True,25,0.8
7,36.34206758413027,0.9760552922607821,172.48533630371094,12.132692337036133,0.0445131018192114,870.899658203125,866.3099975585938,True,25,0.8
8,22.780249599862028,0.8443084105972289,1891.3062744140625,21.88181495666504,0.040314480520657045,734.3673095703125,601.513916015625,True,25,0.8
9,-55.71633863874068,0.28898660178972746,184523718656.0,1505072.25,0.0328162440589951,639.7719116210938,708.364501953125,True,25,0.8
10,-108.98625730698686,0.3334902445980702,36387629826048.0,12023347.0,0.033572015112573544,29.01528549194336,21.56390953063965,True,25,0.8
11,30.336812119011597,0.9438584988900259,869.3092651367188,15.340433120727539,0.040838067008539175,868.2483520507812,969.93994140625,True,25,0.8
12,28.853993861012597,0.941189287505252,896.433349609375,14.964997291564941,0.05686167296330586,813.1863403320312,832.6101684570312,True,25,0.8
13,-191.74726628758364,0.39939776516612713,6.771745706263248e+23,505651167232.0,0.03045512882858716,217.288818359375,213.12677001953125,True,25,0.8
14,34.569578198465976,0.9532415854318839,11.632922172546387,4.6613311767578125,0.03962231329993495,186.11752319335938,182.6431427001953,True,25,0.8
15,-94.75724909803887,0.4640751943644434,101320325332992.0,18755116.0,0.031376224827181755,203.8285675048828,184.22109985351562,True,25,0.8
16,37.10835935811638,0.9830750809488404,18.03673553466797,4.103039741516113,0.04537144082275024,281.05169677734375,304.93798828125,True,25,0.8
17,36.4340804768838,0.9631004761769921,62.637630462646484,9.888001441955566,0.05921581775597847,514.60302734375,525.231689453125,True,25,0.8
18,28.440543869430506,0.9456026879887954,258.5139465332031,9.96224594116211,0.04173522394964861,439.974365234375,432.5130615234375,True,25,0.8
19,28.890974961946355,0.9403670451635546,106.35649871826172,5.762227535247803,0.0507300824461079,263.7850036621094,291.9378967285156,True,25,0.8
20,26.799553141812375,0.822075794181856,670.1738891601562,26.843067169189453,0.03803646213922644,683.6611938476562,612.2410278320312,True,25,0.8
21,32.19292991864562,0.9776979443858406,11.876459121704102,1.2351537942886353,0.053952848009052666,123.45020294189453,140.3543701171875,True,25,0.8
22,27.365708933314114,0.9147080800220201,154.30776977539062,12.523900032043457,0.04370868996211281,293.6880187988281,292.8525085449219,True,25,0.8
23,34.33958517275584,0.9426110250062248,49.4894905090332,7.567862510681152,0.0486886942864221,362.41473388671875,366.9954833984375,True,25,0.8
24,29.67194485905427,0.9383196364415443,223.93145751953125,8.24217414855957,0.0519058046343665,401.71759033203125,456.6139221191406,True,25,0.8
25,-30.392769726634388,0.4357894692817543,671940544.0,59537.48046875,0.035130999109891876,673.4308471679688,785.3908081054688,True,25,0.8
26,28.222995785915952,0.8375890758018006,50.40269088745117,2.1138718128204346,0.05256014332759635,115.65808868408203,200.47410583496094,True,25,0.8
27,-267.24990275817805,0.4679287525337916,1.4048007198978043e+32,1.2075540211879117e+17,0.023373083801737353,552.4368286132812,514.72021484375,True,25,0.8
28,-inf,,inf,inf,0.027337681205673547,809.919921875,592.8221435546875,True,25,0.8
29,14.556119973942907,0.7127927298497903,78.61270904541016,33.22114181518555,0.038803991692102524,47.77521896362305,47.403961181640625,True,25,0.8
30,20.43540129243665,0.8427187611538267,3338.224609375,1.612189769744873,0.07797331719351973,360.1393127441406,607.9373168945312,True,25,0.8
31,-inf,,inf,inf,0.02432245555555686,259.6395568847656,171.35360717773438,True,25,0.8
32,33.20541313418292,0.9455444688867428,2.079247236251831,1.6262222528457642,0.039886976059035545,71.82304382324219,65.98654174804688,True,25,0.8
33,-47.83884502989197,0.5032701015042377,54696394752.0,1182899.0,0.03623820355765659,1081.74755859375,948.9366455078125,True,25,0.8
34,32.932732149605116,0.9610633935521754,473.9538269042969,17.436708450317383,0.04009209550381997,884.121826171875,965.6663818359375,True,25,0.8
35,-76.96921956432591,0.2809589959732941,32493969342464.0,13131455.0,0.03695765104908244,1005.0577392578125,808.5889282226562,True,25,0.8
36,-inf,,inf,inf,0.02059270081172662,665.0034790039062,305.30914306640625,True,25,0.8
37,24.505945631500655,0.9329255406941327,34.281490325927734,0.8768320083618164,0.05889187727159295,74.10772705078125,98.5744400024414,True,25,0.8
38,29.247397089237452,0.8744052653501875,551.237060546875,7.723347187042236,0.059503036508778896,466.35528564453125,684.5487670898438,True,25,0.8
39,22.221313187919517,0.8843819373281253,1157.15625,13.380572319030762,0.03586085801063022,486.3189697265625,440.71234130859375,True,25,0.8
40,26.44347580741712,0.927386058727039,34.21323013305664,1.0969350337982178,0.04132232178507976,111.56830596923828,122.91619873046875,True,25,0.8
41,32.79473670481727,0.9504069212912529,128.36297607421875,9.170902252197266,0.06535944691296668,464.21905517578125,495.6817321777344,True,25,0.8
42,28.355120496165462,0.9351389876829213,1.8127092123031616,1.3309921026229858,0.04053500183899819,36.51865768432617,35.35413360595703,True,25,0.8
43,-46.568050484417384,0.2629280403735544,37448384512.0,199028.15625,0.04130950987703785,919.9638061523438,909.4110717773438,True,25,0.8
44,25.29086844928632,0.9162765520502755,192.7524871826172,4.639556407928467,0.059831346517002615,166.04843139648438,259.5212097167969,True,25,0.8
45,27.523607829007418,0.9508247919595955,755.9694213867188,11.565534591674805,0.03883328568402857,535.4263916015625,662.8597412109375,True,25,0.8
46,23.333990765426357,0.8680770981259609,439.1572570800781,6.854838848114014,0.06168126822683693,246.8367919921875,312.39935302734375,True,25,0.8
47,24.781424779737744,0.9027169818741965,888.3387451171875,6.858897686004639,0.06688631488790707,382.3568115234375,520.5479736328125,True,25,0.8
48,-209.6102200183085,0.3473384339378967,2.7239371723722358e+26,35146025664512.0,0.029487622134011224,546.46484375,547.16357421875,True,25,0.8
49,32.716479946114546,0.9578851252425197,18.378307342529297,4.68963623046875,0.046135438419803214,192.23448181152344,185.6696014404297,True,25,0.8
50,26.211814701879746,0.858609312326408,2009.339599609375,37.97330856323242,0.06298965091874562,871.7655639648438,969.6150512695312,True,25,0.8
51,-107.38893321783291,0.4681763676825283,3.2772990617780224e+16,345074240.0,0.03223006109405084,737.1287231445312,775.357666015625,True,25,0.8
52,29.714524154093866,0.9118269897355353,736.2435302734375,22.42123031616211,0.06399603612966735,833.8023071289062,939.5594482421875,True,25,0.8
53,25.494503451596255,0.9308549585080368,2257.542236328125,10.584181785583496,0.052011316411285875,774.1221313476562,894.9324951171875,True,25,0.8
54,24.40335256231166,0.9262816094764786,1297.4847412109375,3.6630921363830566,0.06262824399064354,499.50335693359375,598.3020629882812,True,25,0.8
55,-146.50214360035153,0.40773382337187586,3.765806214509547e+20,12437059584.0,0.033780889235636824,1130.2156982421875,921.9523315429688,True,25,0.8
56,28.996845666261425,0.9451957820805118,10.003401756286621,2.16618013381958,0.04629172566388503,88.30255126953125,89.40400695800781,True,25,0.8
57,27.990517115235694,0.8887512861522514,46.11363983154297,6.165380954742432,0.05520927111921254,164.4226531982422,196.78688049316406,True,25,0.8
58,22.947123229368238,0.8664104643559432,10.817028045654297,1.7708353996276855,0.03636182721999728,53.93374252319336,46.18206024169922,True,25,0.8
59,-61.35951033413878,0.37276239446620374,145279959040.0,3161247.75,0.03504046576028379,389.4566345214844,326.0050048828125,True,25,0.8
60,30.052576238989236,0.9148674550301888,141.7021484375,11.758398056030273,0.04219385774570028,428.6156005859375,389.2886047363281,True,25,0.8
61,24.894147439484627,0.8747874881982376,220.2225799560547,6.469315528869629,0.06566174708276408,186.91943359375,272.07769775390625,True,25,0.8
62,32.23743391893719,0.9677955933968595,409.8529357910156,8.497118949890137,0.06141109698097626,766.1358032226562,828.9087524414062,True,25,0.8
63,23.44607053721218,0.8306105713381877,573.1334838867188,13.455172538757324,0.045313806320821916,382.3616027832031,357.3965759277344,True,25,0.8
64,23.32152115118626,0.9015037705977634,368.9468688964844,4.206063747406006,0.06139941189424212,223.25717163085938,281.653564453125,True,25,0.8
65,23.03638366464049,0.8997988663046738,1436.7989501953125,3.762324333190918,0.06269421310558523,408.13720703125,543.1533813476562,True,25,0.8
66,-129.35712086795434,0.4386468694400847,1.7324430911235686e+17,1512382848.0,0.031101098207859088,137.6886749267578,141.78329467773438,True,25,0.8
67,27.937452225269833,0.943391114457965,936.1556396484375,22.0460147857666,0.04528911857235939,787.8834838867188,802.394775390625,True,25,0.8
68,27.89081187747709,0.9068253863856611,7.922601222991943,2.212557077407837,0.044240090206590046,65.87187957763672,75.47608947753906,True,25,0.8
69,-284.10364917038424,,2.4891114292986506e+34,1.1670292008638874e+18,0.03070451684156169,1163.03955078125,986.9000244140625,True,25,0.8
70,26.631417060568264,0.9515104525414044,1294.574951171875,10.805447578430176,0.05102758767462113,720.2788696289062,772.4725341796875,True,25,0.8
71,20.567028251430393,0.7448098977381208,335.9222106933594,3.011986255645752,0.09326654534585521,135.1296844482422,199.5169677734375,True,25,0.8
72,-3.6861859328660174,0.5341172255928949,99.17979431152344,34.459251403808594,0.03738439174464158,6.26146936416626,6.516594886779785,True,25,0.8
73,-122.59586426968093,0.46516733009958655,1.1891196264164884e+18,7630833664.0,0.02778911925102817,1096.966064453125,815.64599609375,True,25,0.8
74,-159.49058907826938,0.2779184253763079,4.3356229610939477e+21,237209141248.0,0.032556796059535584,708.872314453125,707.1505126953125,True,25,0.8
75,-inf,,inf,inf,0.02214835025968672,1214.607666015625,729.2781372070312,True,25,0.8
76,23.4716411115878,0.9173013569833519,2669.0029296875,7.310217380523682,0.05000229575181864,664.3209228515625,771.4990844726562,True,25,0.8
77,-84.4431732189646,0.4839640588759318,1561784877056.0,8278994.0,0.03020116746603652,81.94861602783203,74.9706039428711,True,25,0.8
78,28.099215119776744,0.9216608421951994,199.28250122070312,16.02819061279297,0.043474883642252424,436.0497131347656,359.1072692871094,True,25,0.8
79,25.654039836697976,0.8240028130360547,34.480098724365234,4.668296813964844,0.03457970121157286,125.59879302978516,116.75318908691406,True,25,0.8
80,24.32206876199483,0.8760468419726556,2625.433349609375,21.739795684814453,0.04929947176437549,744.8167114257812,863.2402954101562,True,25,0.8
81,29.848901681421527,0.9527327649226129,399.73736572265625,6.760396957397461,0.04980974830704239,509.1497802734375,623.6748046875,True,25,0.8
82,35.11792414382282,0.9842158836476943,33.76755142211914,4.395658493041992,0.0666871658281954,307.5702209472656,331.567138671875,True,25,0.8
83,31.403677182697407,0.9153439877871943,2.9808998107910156,2.3687877655029297,0.04002357343008067,76.44062042236328,64.49478912353516,True,25,0.8
84,28.060584953124522,0.9482317066706248,151.53305053710938,2.851841926574707,0.07458632816679465,234.74111938476562,311.67132568359375,True,25,0.8
85,22.672084717021804,0.8950944319636521,570.148681640625,7.7116594314575195,0.0614319421449535,168.77781677246094,325.8581237792969,True,25,0.8
86,25.80036221650434,0.89006431563882,1338.00732421875,41.34440231323242,0.032684523449393765,1337.6883544921875,729.8765869140625,True,25,0.8
87,-93.85464159195307,0.30998077163144594,947862640787456.0,29625830.0,0.031209818736333824,730.0197143554688,637.919921875,True,25,0.8
88,25.849877440654954,0.9306772183723002,2045.26708984375,2.8293731212615967,0.04266348125935441,667.318603515625,887.3255004882812,True,25,0.8
89,28.00973694209479,0.9586689674878883,349.8904113769531,5.698270797729492,0.05390374223880287,350.8832702636719,472.7427062988281,True,25,0.8
90,-180.65485116240433,0.4392070981581427,1.66061837045982e+22,124828024832.0,0.029219186163997324,134.71051025390625,120.47465515136719,True,25,0.8
91,28.498077150328953,0.9515878133037511,718.4804077148438,6.260685443878174,0.05847779376010423,544.55615234375,713.5315551757812,True,25,0.8
92,33.01763928392752,0.9388327046775166,288.91082763671875,20.622743606567383,0.045184332537515366,838.735107421875,761.0242919921875,True,25,0.8
93,27.484380638512754,0.8902051280876401,562.8008422851562,16.243797302246094,0.03947836168886234,655.1192626953125,561.7159423828125,True,25,0.8
94,-76.38868247657551,0.30226171330081225,25158014205952.0,3703009.25,0.03411899831792765,726.07666015625,771.1962280273438,True,25,0.8
95,35.89244762775588,0.9751320487297725,62.78377914428711,5.492560386657715,0.03202516670610073,457.88421630859375,494.3017883300781,True,25,0.8
96,-inf,,inf,3.5102865291864965e+18,0.026319539661694123,548.552734375,523.2100830078125,True,25,0.8
97,39.10839056144915,0.9819873319352498,22.477699279785156,5.994675636291504,0.06217470504283494,429.9076843261719,428.11346435546875,True,25,0.8
98,23.00921890021502,0.824886198993556,3.4377002716064453,0.9319280982017517,0.045513684760068285,23.740251541137695,26.393707275390625,True,25,0.8
99,32.932173337552854,0.941739599271394,6.020941734313965,2.3110804557800293,0.04937318403441788,107.26676177978516,108.78353881835938,True,25,0.8
100,29.348246843866434,0.9134960158336889,1.2188483476638794,1.2652145624160767,0.03820782008038693,41.07635498046875,32.39775466918945,True,25,0.8
101,33.8683202677143,0.9524453029409435,75.27538299560547,6.302220344543457,0.0685632072028277,373.6495056152344,636.7739868164062,True,25,0.8
102,26.65242394068958,0.9012767944977041,181.63531494140625,5.899569511413574,0.05525522617852997,214.73690795898438,315.0416259765625,True,25,0.8
103,24.12575071460918,0.9264451394432346,1002.03857421875,9.189011573791504,0.05062125683654126,486.79852294921875,509.0621337890625,True,25,0.8
104,-18.274941835046462,0.39378027275269406,52645116.0,25808.005859375,0.04130250393190874,1146.4537353515625,907.658935546875,True,25,0.8
105,22.554552768246655,0.9120401667228081,345.9348449707031,1.7011547088623047,0.06420169446134402,160.61761474609375,250.04293823242188,True,25,0.8
106,27.27308768260247,0.9617226482729425,315.90960693359375,3.0242605209350586,0.043479603182018337,359.6219787597656,410.9725341796875,True,25,0.8
107,29.761794345181585,0.9670517145510921,603.3994140625,7.348123550415039,0.06165357869199862,628.9404907226562,755.7955932617188,True,25,0.8
108,-295.1753106461776,0.22457751170806453,1.733463173386548e+34,1.11382460628992e+17,0.02907739525879295,301.2425231933594,229.56936645507812,True,25,0.8
109,23.622170746925136,0.9077491407523891,26.329593658447266,0.24586425721645355,0.062053278766866296,52.08560562133789,77.9029312133789,True,25,0.8
110,-220.57979838088488,0.3016954168323639,9.62746198531488e+26,69240514150400.0,0.02689152533627091,387.678466796875,290.4617004394531,True,25,0.8
111,28.2343287081382,0.9422400172250066,31.062074661254883,3.326390504837036,0.0760417410852568,118.96592712402344,162.06005859375,True,25,0.8
112,-61.8112673380044,0.2565057668501734,1297463508992.0,2369376.5,0.044647273251035555,1176.7618408203125,929.7679443359375,True,25,0.8
113,31.315101484555974,0.9414061861702839,482.5733337402344,18.90761375427246,0.0465121571528591,877.33984375,808.312255859375,True,25,0.8
114,-72.42995224698117,0.22460274067936045,6908610084864.0,6663111.5,0.038276902891961284,606.2822265625,633.7703247070312,True,25,0.8
115,-inf,,inf,4.3907160670816174e+18,0.02955713044020755,1154.434814453125,871.589111328125,True,25,0.8
116,-188.6623723876383,0.41293300406851635,4.730808750587129e+24,2857583509504.0,0.029494866620036662,897.6604614257812,803.868408203125,True,25,0.8
117,35.32413910100578,0.9687544107821581,10.303546905517578,2.5073630809783936,0.03632759751213799,184.07241821289062,187.38348388671875,True,25,0.8
118,-97.50678312440898,0.517428613955948,4446703121858560.0,93914960.0,0.031361319391001174,837.0311279296875,892.6664428710938,True,25,0.8
119,26.1606736774509,0.9271545302607235,700.2208251953125,12.24769401550293,0.05324700787787264,477.240966796875,539.8029174804688,True,25,0.8
120,22.696040580957117,0.8567099939100444,3490.3408203125,36.23860168457031,0.047680564155512056,995.96630859375,807.6326904296875,True,25,0.8
121,28.517398056272057,0.9367873920598697,1097.159912109375,17.134416580200195,0.054847205286757586,739.9180908203125,896.1951904296875,True,25,0.8
122,30.474005465954306,0.9291063820706802,83.42903900146484,6.589698314666748,0.036704618119029364,331.2109375,318.68548583984375,True,25,0.8
123,23.288841163656436,0.8855300588808162,57.6443977355957,1.4592429399490356,0.04798786112517402,96.38754272460938,110.9418716430664,True,25,0.8
124,27.81525429798775,0.9473278482355201,86.43479919433594,6.427882671356201,0.05032741075953413,230.57595825195312,228.7072296142578,True,25,0.8
125,29.048215256303585,0.9436822900369809,226.5419921875,16.97185516357422,0.050788128323817495,424.0066833496094,427.6806945800781,True,25,0.8
126,28.833580423917446,0.8869982818802047,823.3861083984375,6.614072322845459,0.10003114939276675,415.5957946777344,818.19677734375,True,25,0.8
127,32.47456523963402,0.9668433878905264,414.39501953125,31.60379981994629,0.03897793881188236,963.5911254882812,860.869873046875,True,25,0.8
128,31.9566777945411,0.9642206987883162,0.03992912918329239,0.1780678927898407,0.04199616415603968,7.505207538604736,7.945178508758545,True,25,0.8
129,28.497360763443545,0.8711069646523064,336.6927795410156,18.385696411132812,0.0422905052030953,599.0614624023438,511.2365417480469,True,25,0.8
130,-97.69995744297307,0.4189438563604616,1008398459994112.0,360160416.0,0.027755827829007516,454.0958251953125,417.99359130859375,True,25,0.8
131,-46.37825911266759,0.34150427464107386,1937616256.0,243659.734375,0.0370185271136603,218.1951446533203,222.8856964111328,True,25,0.8
132,-86.53150685324184,0.4386836311242875,6545020551168.0,754091.375,0.028601948340165273,131.3751678466797,120.74549865722656,True,25,0.8
133,-inf,,inf,inf,0.029457830868303485,371.1028747558594,338.2775573730469,True,25,0.8
134,-81.88381783466491,0.45057243032805105,133854996201472.0,40137516.0,0.029985350678054273,1515.6480712890625,942.966796875,True,25,0.8
135,21.362838372876126,0.8418153270847675,679.881591796875,6.94282341003418,0.06987274875134768,238.98446655273438,323.8797302246094,True,25,0.8
136,-274.4814588809586,0.36771673058385107,7.415294104957984e+32,6.429453943465574e+16,0.02673813235540017,653.0167846679688,519.2718505859375,True,25,0.8
137,26.904265072993688,0.8913909171547422,1007.9296264648438,21.271615982055664,0.04734496921438393,816.0029907226562,703.31591796875,True,25,0.8
138,32.73021378027844,0.9374104041310164,70.73957824707031,9.032535552978516,0.050023248978978876,376.35076904296875,364.2659606933594,True,25,0.8
139,32.868030771438725,0.9205779288813734,487.818603515625,24.3464412689209,0.052901580248119716,999.5834350585938,971.810302734375,True,25,0.8
140,23.343968457016885,0.837903836056782,3882.27685546875,40.00893783569336,0.04033247385532973,1184.8603515625,962.48486328125,True,25,0.8
141,31.698041954728193,0.9707757326994395,42.95594024658203,3.779528856277466,0.0463333030779611,225.8572235107422,252.530517578125,True,25,0.8
142,-172.94378152948835,0.426967668283128,4.868278607196822e+22,126095745024.0,0.03819516334505505,511.6150817871094,497.7512512207031,True,25,0.8
143,-132.8102653920632,0.4467630495611344,1.7333817304563057e+18,2345090560.0,0.031269084959630766,277.0333557128906,301.5774230957031,True,25,0.8
144,34.12567090492176,0.9839645530663285,31.49981117248535,3.4356884956359863,0.05874176805793796,255.4085693359375,285.5556640625,True,25,0.8
145,22.568859574877216,0.8740545893770376,7.905517578125,0.8797097206115723,0.05452902226630798,33.89630126953125,37.850059509277344,True,25,0.8
146,23.717890749018764,0.8850211089455798,1577.01171875,11.489654541015625,0.04134912023631226,539.6436767578125,609.9547729492188,True,25,0.8
147,-178.515964462575,0.4223076932447491,1.7944425181351603e+23,457202237440.0,0.028485910095489918,509.8603515625,503.17633056640625,True,25,0.8
148,27.642617056549675,0.882380234003807,4.035507678985596,1.3340744972229004,0.049775014799463106,51.45517349243164,52.42727279663086,True,25,0.8
149,28.853256076708295,0.9266500554168836,91.69575500488281,4.494519233703613,0.04479995123084312,203.90249633789062,279.3678283691406,True,25,0.8
150,-190.0192228306102,0.38793891459180596,8.274816821693786e+24,4463956328448.0,0.03004792298350082,1031.2493896484375,908.3576049804688,True,25,0.8
151,28.862849998863425,0.8620233091990915,67.38507843017578,2.620187282562256,0.07080883354188393,163.37942504882812,240.32232666015625,True,25,0.8
152,-247.74295568252228,0.2687428936264707,1.2626065650300126e+29,383360694222848.0,0.028950633885385556,265.8795166015625,145.74998474121094,True,25,0.8
153,25.183357074551893,0.8527342387743225,727.2205810546875,19.929410934448242,0.03406982308762551,614.5558471679688,489.96331787109375,True,25,0.8
154,36.66765744351199,0.9926194130482442,208.99740600585938,12.420414924621582,0.03999745421987916,920.6411743164062,985.664794921875,True,25,0.8
155,-inf,,inf,inf,0.02095763804789424,355.46612548828125,242.81321716308594,True,25,0.8
156,29.3839504185226,0.9591184338579729,519.7789916992188,5.151127815246582,0.06607490982639987,561.9484252929688,672.4634399414062,True,25,0.8
157,23.876162552564537,0.8773019895057499,2369.26318359375,12.22108268737793,0.0527688814817856,578.2982788085938,761.8579711914062,True,25,0.8
158,22.96824093835122,0.9118030053444237,267.7963562011719,4.458395481109619,0.03704200219089277,155.42300415039062,238.39990234375,True,25,0.8
159,24.709700096841715,0.9162021563395616,1782.8841552734375,5.62642240524292,0.07103483853832138,477.9827880859375,728.4881591796875,True,25,0.8
160,32.8421998951044,0.955889245420233,70.52446746826172,7.329930782318115,0.03757916820669977,401.8556823730469,368.41534423828125,True,25,0.8
161,-inf,,inf,inf,0.02457681295741385,826.9069213867188,632.6735229492188,True,25,0.8
162,-251.06050545857426,0.3484429905005092,5.119210285805073e+30,3.035185742348288e+16,0.02664634999348108,885.2498168945312,633.8961791992188,True,25,0.8
163,22.914164364694365,0.9269532991036761,1460.8370361328125,12.29288101196289,0.046785579128794164,445.1361083984375,536.2388916015625,True,25,0.8
164,26.436305055058572,0.9339950876300857,18.819814682006836,0.7801377773284912,0.054561598197066324,68.66792297363281,91.19947814941406,True,25,0.8
165,25.34091303401969,0.9258077000088796,1931.3359375,5.342059135437012,0.07245375118508415,481.0039978027344,835.4671630859375,True,25,0.8
166,26.949304216705713,0.9373199004906742,208.54660034179688,2.105786085128784,0.046786328022653555,281.0571594238281,321.45928955078125,True,25,0.8
167,37.450582296346916,0.9901659714578968,6.288463592529297,1.6843563318252563,0.047977794794759075,187.28659057617188,187.3319854736328,True,25,0.8
168,27.99445735708342,0.9171397209175169,2.7620692253112793,0.5900330543518066,0.04655586018423275,37.949283599853516,41.73436737060547,True,25,0.8
169,-inf,,inf,inf,0.023606800221918606,733.5706176757812,591.3020629882812,True,25,0.8
170,34.04535624042283,0.9789471809278455,180.70005798339844,10.195600509643555,0.05710695003877509,606.2575073242188,677.8867797851562,True,25,0.8
171,-inf,,inf,inf,0.017419748874968128,41.515445709228516,17.57124137878418,True,25,0.8
172,28.829964293480266,0.9206286367717111,343.1051025390625,17.43720817565918,0.04705555466006646,634.2523193359375,512.5809936523438,True,25,0.8
173,31.780301976214208,0.9832218134827658,34.11587142944336,2.856961488723755,0.052165605870233035,205.74789428710938,227.26927185058594,True,25,0.8
174,27.654322434973302,0.9544516391398614,711.318359375,11.145258903503418,0.05922075397870299,596.176513671875,645.527587890625,True,25,0.8
175,27.577259160403777,0.8332667665844288,40.40293502807617,1.9521057605743408,0.10888810395274066,74.06460571289062,175.1920623779297,True,25,0.8
176,24.458822055658086,0.9164753749599475,1710.4189453125,9.425854682922363,0.04677712592543746,671.9679565429688,691.246826171875,True,25,0.8
177,26.618501247984767,0.9298774750501502,326.61871337890625,9.738003730773926,0.03646678220681687,435.81390380859375,387.3486022949219,True,25,0.8
178,-221.7739010909541,0.5216509087474477,1.2416115611666494e+28,138584149458944.0,0.02859595398288497,969.8778686523438,936.7932739257812,True,25,0.8
179,26.27244800634823,0.9481007291236652,44.973140716552734,1.7875956296920776,0.0486671600735671,113.1688003540039,138.3834228515625,True,25,0.8
180,29.186082554117178,0.9624773895692837,138.3217010498047,3.55802583694458,0.047130449498453186,237.94491577148438,341.72528076171875,True,25,0.8
181,26.497788607557396,0.9249725019475407,29.149518966674805,4.864312648773193,0.03669603532751534,135.07029724121094,114.36004638671875,True,25,0.8
182,-77.19182201571017,0.39618984042911637,44766393794560.0,14770833.0,0.03474380535803393,978.515625,924.7689208984375,True,25,0.8
183,24.499336820162213,0.9514647033268594,2728.624267578125,19.77031135559082,0.04766430409915803,1001.0556030273438,877.4620361328125,True,25,0.8
184,25.04286391174626,0.9407553441507283,207.8684539794922,2.826998472213745,0.0700533269907212,176.39016723632812,258.6836853027344,True,25,0.8
185,,,,,0.015272085632783582,1692.2503662109375,660.3240356445312,True,25,0.8
186,30.290197169188723,0.9560169012461653,624.6415405273438,13.18344783782959,0.044535800630479475,723.5394287109375,817.4049682617188,True,25,0.8
187,,,,,0.020191474595404664,721.8516235351562,555.6456298828125,True,25,0.8
188,37.20270877124003,0.9773888588874333,53.40946578979492,5.748827934265137,0.04733584354975127,505.8673095703125,530.1209106445312,True,25,0.8
189,-153.46639114134234,0.34314948752507124,1.292257687382807e+20,438402416640.0,0.027419909139043595,323.34320068359375,242.61044311523438,True,25,0.8
190,33.62883910755394,0.951033594461602,3.8244142532348633,4.568216323852539,0.045143228170063866,119.5159683227539,94.0096664428711,True,25,0.8
191,-45.47976336312372,0.41709495605346636,28420919296.0,472334.78125,0.03762139821868022,1015.28369140625,897.3185424804688,True,25,0.8
192,-19.505326865389854,0.3302537926119942,72126944.0,30110.46484375,0.0366703757114444,1021.9576416015625,900.5176391601562,True,25,0.8
193,-inf,,inf,inf,0.023709851656101285,841.7232055664062,633.4683837890625,True,25,0.8
194,19.806247560700598,0.8153786387474095,1204.5479736328125,11.435698509216309,0.0408956328956292,408.7657470703125,339.6907653808594,True,25,0.8
195,27.212420243881358,0.9127829284749597,231.76177978515625,10.146239280700684,0.05876556290596955,343.724365234375,349.8603515625,True,25,0.8
196,22.516447449398044,0.7909794997662244,2894.8994140625,27.036514282226562,0.05124782118675531,704.7727661132812,726.229736328125,True,25,0.8
197,-inf,,inf,inf,0.030648378170329286,995.472412109375,897.213134765625,True,25,0.8
198,18.918047943359888,0.8062151277349383,10069.77734375,17.04925537109375,0.06189764836366994,817.5848999023438,887.1993408203125,True,25,0.8
199,26.387596526378488,0.8806165092003692,1328.7646484375,19.350690841674805,0.047153678008335684,823.01025390625,780.0956420898438,True,25,0.8
200,32.45289676188833,0.94307722921711,230.53323364257812,13.556057929992676,0.044909175555747735,623.8955078125,642.3895874023438,True,25,0.8
201,-163.10501963496975,0.3830644799736631,1.4456187127170964e+20,148299939840.0,0.030403607466435306,81.53514099121094,85.05582427978516,True,25,0.8
202,28.787909476123627,0.9556561268873751,34.751731872558594,2.2050435543060303,0.0365740277291827,142.21522521972656,162.4670867919922,True,25,0.8
203,-156.94284787258934,0.3391142922627767,3.913060059681959e+21,11754198016.0,0.043990092659098236,1101.4627685546875,898.6556396484375,True,25,0.8
204,35.7185534140504,0.963656837856868,98.54996490478516,8.37392520904541,0.05073578894909698,617.9964599609375,606.8226318359375,True,25,0.8
205,22.60713621687655,0.8680570322631688,0.567929208278656,0.32162460684776306,0.053820248167315024,9.690330505371094,10.187854766845703,True,25,0.8
206,37.154455012871985,0.9710823016546828,2.014763116836548,2.696636915206909,0.053801824579482196,103.71092224121094,102.37007141113281,True,25,0.8
207,-inf,,inf,inf,0.021469686927795436,654.6333618164062,663.8382568359375,True,25,0.8
208,-170.71723338587677,0.21978165249934806,4.322120560281649e+18,6941303296.0,0.03384797337460786,7.865467548370361,6.056522369384766,True,25,0.8
209,-33.74073869082534,0.4247643389485191,61761060.0,33710.953125,0.038377322747552026,153.04461669921875,161.64724731445312,True,25,0.8
210,-101.04342281757334,0.2959210113422574,3797940527169536.0,160095408.0,0.03419993861120619,733.947509765625,549.18505859375,True,25,0.8
211,25.9200356057693,0.9115500351331428,1207.3529052734375,22.133529663085938,0.05107195595154081,738.3336791992188,692.2033081054688,True,25,0.8
212,-295.9154529585694,,inf,3.8235973840430694e+17,0.024508498790773138,850.3191528320312,652.309326171875,True,25,0.8
213,28.866428560658555,0.921947810075883,58.548160552978516,4.8914666175842285,0.03688131547079415,276.7034912109375,225.0450439453125,True,25,0.8
214,27.491197011402114,0.9505975519771177,903.1829223632812,16.615190505981445,0.04134331536334988,705.703369140625,712.467041015625,True,25,0.8
215,29.261845453512507,0.9214632121848002,62.32540512084961,5.958640098571777,0.05583950282511764,202.4635467529297,238.0118408203125,True,25,0.8
216,-70.79627139106827,0.4836788760205212,1102898135040.0,4593128.5,0.03397406418614523,366.6465759277344,326.0743103027344,True,25,0.8
217,27.886271022097908,0.9431727226781279,902.7881469726562,7.436068058013916,0.051025438374453204,614.1533203125,746.7449340820312,True,25,0.8
218,-82.3881367172028,0.23553350824529926,73050674429952.0,2945242.25,0.03654896634908253,609.6837768554688,649.9832763671875,True,25,0.8
219,-inf,,inf,inf,0.020764156175585403,932.2901000976562,849.3742065429688,True,25,0.8
220,29.16871429969486,0.9078223265926627,519.6513671875,19.407562255859375,0.0399265967408704,736.7225341796875,657.9552612304688,True,25,0.8
221,-175.64187492241803,0.3224072188078379,1.1840198508257583e+23,439860822016.0,0.03643292266970638,635.2533569335938,568.7402954101562,True,25,0.8
222,29.51286920211961,0.9247240338607147,9.673810005187988,0.5225148797035217,0.12899950767217364,26.898178100585938,94.58109283447266,True,25,0.8
223,33.31065541952626,0.948936855606927,63.254005432128906,7.795538902282715,0.04247534557027334,363.4761047363281,368.34808349609375,True,25,0.8
224,22.42879165622153,0.8483495110049036,384.3621826171875,14.360441207885742,0.0404782661790123,314.6289367675781,265.9371643066406,True,25,0.8
225,-106.4346162804609,0.5161823458388635,2634633334226944.0,114149408.0,0.030494989140543157,233.51611328125,244.7456512451172,True,25,0.8
226,31.79597915207332,0.9699167261982358,625.861572265625,20.573030471801758,0.04192731238160518,957.7757568359375,973.0375366210938,True,25,0.8
227,-36.78776578280899,0.4071927960093003,738593920.0,126304.4296875,0.03386094294986728,370.9008483886719,393.7046203613281,True,25,0.8
228,23.75519851606986,0.8837217751033104,3344.110595703125,12.422688484191895,0.05882960009147598,702.45556640625,892.1544799804688,True,25,0.8
229,22.91909721035637,0.7346847057653692,1315.3377685546875,17.299293518066406,0.07239221663076255,400.70623779296875,631.5075073242188,True,25,0.8
230,25.998958811008674,0.8844968961456635,1437.4869384765625,23.815383911132812,0.04494987742103198,791.4769897460938,795.0164794921875,True,25,0.8
231,31.6136338014514,0.9690697365685513,174.169921875,5.352227687835693,0.05926919236245224,443.9303894042969,503.13446044921875,True,25,0.8
232,35.53673008320123,0.968169319102208,92.94969940185547,8.181943893432617,0.04198004840157529,602.68994140625,577.3269653320312,True,25,0.8
233,-93.39265296357428,0.3715841768631107,530255185969152.0,67086392.0,0.0387791341059258,527.828369140625,493.0251770019531,True,25,0.8
234,30.178395745530345,0.9422832595696721,35.41761779785156,2.449359178543091,0.050479067977567994,160.90562438964844,196.04774475097656,True,25,0.8
235,21.736286761021404,0.8575120898284656,3489.9189453125,13.363847732543945,0.05142269847872454,625.66357421875,722.7296752929688,True,25,0.8
236,32.77589779225818,0.9714997779074345,41.76300048828125,3.7263054847717285,0.039066523260193296,237.7809295654297,281.4915771484375,True,25,0.8
237,25.01234194940052,0.9070295278480088,1.9955953359603882,0.7242985367774963,0.04196700095748984,26.675275802612305,25.291650772094727,True,25,0.8
238,-inf,,inf,inf,0.019376634482346635,1597.9658203125,645.8268432617188,True,25,0.8
239,27.434914364715443,0.9423954675456565,57.10740280151367,1.6379374265670776,0.05405085101116408,147.26869201660156,177.93356323242188,True,25,0.8
240,29.694133986926175,0.9129957182081061,946.08203125,24.445377349853516,0.04477099423716367,998.70458984375,940.5181274414062,True,25,0.8
241,28.5785612439729,0.9605660725796309,1260.5615234375,11.01484203338623,0.0479728788932907,842.2924194335938,953.9746704101562,True,25,0.8
242,-233.4202743718981,0.4413072407300487,1.8366922857522903e+29,1253445403148288.0,0.028292812450597293,1927.3203125,914.9495239257812,True,25,0.8
243,26.285888227325046,0.929674172186084,306.0355529785156,8.388551712036133,0.055555197638077994,317.37261962890625,370.7885437011719,True,25,0.8
244,31.437288395161524,0.9578148421703601,0.19389647245407104,0.3249291479587555,0.04545475919216391,15.87014102935791,16.441160202026367,True,25,0.8
245,32.04390501428555,0.9185285267138505,469.8289794921875,17.785289764404297,0.06384777447019632,645.8587646484375,928.3902587890625,True,25,0.8
246,25.770232490808667,0.845402665468285,479.3443908691406,13.240975379943848,0.055787460953745635,453.8508605957031,428.7559509277344,True,25,0.8
247,26.783887338252022,0.9480931213888714,1956.86962890625,14.540863037109375,0.05145682601785328,833.5153198242188,966.6881713867188,True,25,0.8
248,-inf,,inf,inf,0.024374768494502826,1757.849853515625,963.6563720703125,True,25,0.8
249,28.368998491508517,0.948029734778638,1056.7926025390625,7.085055351257324,0.04860223248902207,665.0499877929688,853.1564331054688,True,25,0.8
250,31.64626621329937,0.9626890322341516,59.553348541259766,2.816768169403076,0.04500084978575333,256.1878356933594,295.1544494628906,True,25,0.8
251,25.148995099452303,0.9303545758055601,393.2683410644531,4.26650333404541,0.06234190625449809,272.8666076660156,385.7126159667969,True,25,0.8
252,22.124009839043577,0.828554542180294,4393.72607421875,27.332351684570312,0.05851126066908032,569.8941040039062,851.2855224609375,True,25,0.8
253,36.93237406252659,0.9739216551169276,20.049922943115234,3.701406240463257,0.039469263438344296,284.98504638671875,317.6050720214844,True,25,0.8
254,-152.0633573018659,0.4991931471016388,4.636193692805864e+19,6380003328.0,0.026751415252197507,211.10519409179688,170.32325744628906,True,25,0.8
255,25.956064254239596,0.8519853447404521,608.5597534179688,7.925131320953369,0.07020226572465522,276.6850280761719,557.2444458007812,True,25,0.8
256,27.85107989811397,0.9593169326798835,1174.3658447265625,6.055305480957031,0.09600793198579712,511.92059326171875,936.2186279296875,True,25,0.8
257,34.952039601852825,0.9727083276515159,154.92697143554688,9.35879898071289,0.046112705284106825,667.2576293945312,696.333740234375,True,25,0.8
258,27.169047099988806,0.9159973837796626,592.2471923828125,17.58515739440918,0.0394782667753647,519.6598510742188,570.4910888671875,True,25,0.8
259,-137.23576306197208,0.39677696463492873,4.950376212993147e+17,406551424.0,0.038057047799358715,147.2713165283203,98.07931518554688,True,25,0.8
260,35.45515632970316,0.9770474759140989,107.68365478515625,8.043314933776855,0.0611994970603184,580.8622436523438,615.3922119140625,True,25,0.8
261,33.089877960875825,0.9763930248648267,479.3260498046875,14.372624397277832,0.057114014561854595,760.94775390625,990.0637817382812,True,25,0.8
262,29.64387722205988,0.9026942021329767,19.185808181762695,4.760214805603027,0.03344684221803062,163.0865478515625,140.9439239501953,True,25,0.8
263,16.50801153477522,0.644496285122583,6008.15576171875,302.0090637207031,0.039984791280026494,509.6423034667969,518.8113403320312,True,25,0.8
264,27.301896206372454,0.9375023914479926,1431.3988037109375,21.038293838500977,0.03938172773373907,953.621337890625,877.4957275390625,True,25,0.8
265,30.582576207912968,0.9354014635255217,474.2222595214844,9.855234146118164,0.07244503067324874,534.2945556640625,741.02783203125,True,25,0.8
266,-194.4505538237732,0.3519332579138109,1.3535533660071323e+25,9759692423168.0,0.027289777786147506,1003.1060180664062,697.3187255859375,True,25,0.8
267,23.329355168974047,0.8864391639660442,2187.777587890625,13.018813133239746,0.040505009545725654,587.7024536132812,702.7816162109375,True,25,0.8
268,26.533576742218692,0.9317987727076277,287.9490051269531,1.7469453811645508,0.08324212292190093,284.1318359375,360.13165283203125,True,25,0.8
269,-254.7663942798335,0.38640095159734367,2.353940415733784e+30,3240040649981952.0,0.025088058238527125,565.07470703125,294.2982482910156,True,25,0.8
270,-129.6031831485132,0.42805233690030686,5.96205507237118e+18,2396864000.0,0.029865959461173226,897.104248046875,809.5518188476562,True,25,0.8
271,26.954102711895466,0.9202709547344929,1313.721435546875,26.656341552734375,0.04553807133271234,746.3238525390625,810.3032836914062,True,25,0.8
272,-inf,,inf,2.832086866453332e+19,0.027281206960934435,1036.9217529296875,867.2052612304688,True,25,0.8
273,30.599963160418238,0.9500699447173822,724.6907348632812,32.0826301574707,0.044574546426891605,1006.8471069335938,913.3273315429688,True,25,0.8
274,-128.46066358592,0.3492965798355195,1.8143002887024804e+18,1036555072.0,0.03335393682358909,672.309814453125,511.8310546875,True,25,0.8
275,16.420370256238822,0.7493602847422149,5724.30078125,9.919554710388184,0.052376080509746605,461.0181579589844,502.0147705078125,True,25,0.8
276,31.724899168805962,0.9557929823273107,424.4270324707031,13.880462646484375,0.03379061561587142,662.7864379882812,798.4968872070312,True,25,0.8
277,24.51502642101103,0.8870326459042102,1480.49755859375,15.464232444763184,0.03554208617361071,690.7867431640625,650.31396484375,True,25,0.8
278,27.944187809050533,0.9054292597597939,764.9296264648438,11.051139831542969,0.06413652221367094,564.0244140625,702.264892578125,True,25,0.8
279,22.737767029510664,0.831139254098291,3362.58251953125,41.02490234375,0.037378416922392965,916.4077758789062,795.9968872070312,True,25,0.8
280,26.001336589943453,0.9187145768804139,1824.831298828125,20.704235076904297,0.0450765467397597,737.7913818359375,890.1153564453125,True,25,0.8
281,7.846503783812993,0.5377026609182691,18794.486328125,542.4029541015625,0.03224053414014422,351.60052490234375,338.65716552734375,True,25,0.8
282,-inf,,inf,2.565091908124672e+18,0.031443208989604884,446.1329650878906,376.2073669433594,True,25,0.8
283,31.761211211537624,0.9367148266957209,5.997227191925049,2.8629212379455566,0.04947748349809932,104.78459930419922,94.88795471191406,True,25,0.8
284,-137.3883288725703,0.4546247147277452,1.8087259846519816e+19,38329413632.0,0.02740489094122917,705.6870727539062,578.7018432617188,True,25,0.8
285,24.22829253533806,0.8915989102927994,5.040297985076904,0.4236968159675598,0.05635631319845013,20.611452102661133,36.90633010864258,True,25,0.8
286,-84.18485869762335,0.3311567380023893,56777437609984.0,23695998.0,0.03254515949844783,697.0110473632812,466.1324157714844,True,25,0.8
287,30.615543300456885,0.964771312087682,254.51963806152344,9.426976203918457,0.05526427614692778,543.0794677734375,543.1019897460938,True,25,0.8
288,-150.1748427574537,0.39387740643503477,8.540964103317461e+19,46763823104.0,0.03179271442104809,312.2510681152344,287.25469970703125,True,25,0.8
289,-inf,,inf,inf,0.024106481864111177,866.9932861328125,591.242431640625,True,25,0.8
290,-233.39264288464776,0.49464735473334115,2.161374934923708e+26,12105350643712.0,0.027768405847057413,32.304107666015625,31.469749450683594,True,25,0.8
291,21.967218655685095,0.8283423129792933,9.245052337646484,0.6565417051315308,0.046809338761109626,30.419036865234375,38.31084060668945,True,25,0.8
292,-84.50862362678365,0.5084396384439143,186026123329536.0,9453986.0,0.031112349539535167,741.7365112304688,822.7779541015625,True,25,0.8
293,24.1063213905718,0.8981684696666226,500.5105285644531,8.6953763961792,0.05428162075718182,299.6009826660156,360.8304443359375,True,25,0.8
294,31.126986357278078,0.9228649666711642,9.777438163757324,3.1920278072357178,0.04738758826048471,148.939208984375,127.9334487915039,True,25,0.8
295,-inf,,inf,inf,0.025179409838226013,652.0946044921875,522.7210083007812,True,25,0.8
296,29.58833102448986,0.9403967354965653,644.0196533203125,26.732694625854492,0.04496098589674888,826.44189453125,770.2235717773438,True,25,0.8
297,25.239842203376142,0.8462470315935732,136.2683868408203,11.823368072509766,0.04444983830844062,233.1262664794922,216.60520935058594,True,25,0.8
298,27.000551217027876,0.9270978760862314,774.3164672851562,17.54128646850586,0.0439075430227399,719.73486328125,623.267578125,True,25,0.8
299,27.556725001256083,0.959603050191213,13.041431427001953,0.5007832050323486,0.04987625551349509,74.42073822021484,86.26211547851562,True,25,0.8
300,33.353887345150795,0.9765692585300735,1.2715678215026855,0.4995597302913666,0.06315933659036477,41.64698791503906,52.63003921508789,True,25,0.8
301,26.95726101150526,0.9244604953271562,549.5272216796875,18.721521377563477,0.05155020491427741,566.1815185546875,531.8233032226562,True,25,0.8
302,25.039015228836547,0.8606239722155503,917.4641723632812,29.970977783203125,0.045926768350840586,672.2415161132812,541.094482421875,True,25,0.8
303,-inf,,inf,inf,0.0319330969809745,967.028076171875,637.79248046875,True,25,0.8
304,20.281287783636856,0.7758117054720578,4912.0556640625,18.589412689208984,0.06527083410121264,620.9793090820312,726.365234375,True,25,0.8
305,27.694215815013337,0.9382288823263687,1604.7125244140625,37.87754821777344,0.043218658269893545,886.3869018554688,975.876220703125,True,25,0.8
306,22.082216963949005,0.8598052459825777,1629.5625,15.604562759399414,0.046077897686660936,630.873291015625,516.7840576171875,True,25,0.8
307,-205.5906638989016,0.28440346006511474,3.616289101332178e+25,34291249577984.0,0.029218095029174655,483.0830383300781,323.6335144042969,True,25,0.8
308,27.13708186174651,0.9068515358023707,1165.209228515625,22.132709503173828,0.03661774051707658,828.2034912109375,795.3909912109375,True,25,0.8
309,40.881937963129985,0.9851866046772161,6.013012409210205,4.877233028411865,0.03888335513360006,275.5180969238281,271.5614318847656,True,25,0.8
310,24.344540151219487,0.8550752810906798,686.9998779296875,18.94516944885254,0.0475815348703002,456.4749755859375,439.5324401855469,True,25,0.8
311,32.67148347303661,0.9668444225447342,3.361236572265625,0.9037826657295227,0.03718246649147606,59.160011291503906,79.37792205810547,True,25,0.8
312,22.061251224821497,0.882718311965257,4.287576675415039,0.6171994209289551,0.047719383177129676,22.90860939025879,26.32539176940918,True,25,0.8
313,-165.64606220671118,0.3912243155841363,3.397005301050521e+22,286348443648.0,0.02954069011090527,1055.5333251953125,962.685791015625,True,25,0.8
314,29.84925865944021,0.9433221222892388,713.1036376953125,20.60967254638672,0.05673229535946516,771.2968139648438,836.1441650390625,True,25,0.8
315,28.421734455739994,0.9596051502784463,695.61767578125,2.5546324253082275,0.06713312394413494,536.9077758789062,696.2782592773438,True,25,0.8
316,28.648569615705366,0.9543525052821058,222.6119842529297,9.630817413330078,0.03971989220454667,384.5065612792969,409.54400634765625,True,25,0.8
317,19.879783369605693,0.8053076227300803,293.58502197265625,7.720389366149902,0.03670938463147911,207.40963745117188,174.12103271484375,True,25,0.8
318,29.3395199876787,0.9527582236026463,28.581680297851562,5.307971477508545,0.05108275556174476,153.6209716796875,157.28060913085938,True,25,0.8
319,26.903363925888545,0.9088441169675597,128.5032501220703,8.101709365844727,0.04386241920107363,281.1535339355469,250.99266052246094,True,25,0.8
320,25.277231510785455,0.9117796808265927,887.7677001953125,1.2122242450714111,0.04833082386290332,348.8980407714844,549.6774291992188,True,25,0.8
321,36.89776256415924,0.9619185662567923,104.29613494873047,13.461307525634766,0.0534680914764607,712.0919189453125,714.88134765625,True,25,0.8
322,18.281233199862278,0.7017164977047048,6424.02001953125,19.356477737426758,0.04804774347390573,513.4183349609375,660.5371704101562,True,25,0.8
323,27.883497902097997,0.955795160581005,126.85603332519531,12.728410720825195,0.04088164763491823,364.94793701171875,280.6539611816406,True,25,0.8
324,27.093505862440832,0.9615998543237632,1771.2613525390625,16.259063720703125,0.04147857913839198,876.8706665039062,954.910400390625,True,25,0.8
325,31.031942311905702,0.9611373595332091,341.84674072265625,11.513960838317871,0.05805186743866112,566.1552124023438,738.1589965820312,True,25,0.8
326,-17.695204555783988,0.40263529856384334,18096388.0,26024.373046875,0.03285880415389194,601.9039916992188,554.7996826171875,True,25,0.8
327,25.181971476550842,0.9061564945753268,1130.03173828125,3.575082302093506,0.07819747070381494,415.53582763671875,612.1090087890625,True,25,0.8
328,-35.603143958631144,0.5106982908214375,611220288.0,40463.56640625,0.03677103261394707,474.37908935546875,420.1804504394531,True,25,0.8
329,-262.91956217077166,0.4314527108159476,1.20868488069878e+31,3286295837147136.0,0.028570485787004697,265.0841064453125,248.48326110839844,True,25,0.8
330,31.011579970891667,0.9566084528716725,98.88858032226562,3.902388572692871,0.03646510464585543,310.4356994628906,356.61669921875,True,25,0.8
331,33.612185734614336,0.9828701836159847,249.8519287109375,7.539466381072998,0.04011531733574414,660.8153076171875,758.0882568359375,True,25,0.8
332,22.89208303051193,0.903479726937041,1.211124300956726,0.0409376360476017,0.07921863652768198,10.567303657531738,15.379095077514648,True,25,0.8
333,-1.3646615826723343,0.5471068237734349,18707.291015625,432.6213684082031,0.035380924802277586,111.0516357421875,116.9565658569336,True,25,0.8
334,-99.79910633831345,0.3847801651629715,21038568046592.0,4266270.0,0.0376526092956305,44.24379348754883,46.95663833618164,True,25,0.8
335,29.817231273030952,0.9342077010771561,1.7682653665542603,1.0971400737762451,0.06839982455365089,34.27102279663086,41.688072204589844,True,25,0.8
336,24.758202599680818,0.9116764913271763,2349.182861328125,20.950111389160156,0.04552249471810656,815.5614624023438,855.6051025390625,True,25,0.8
337,23.606858340978203,0.900951052215277,2151.07080078125,4.2500433921813965,0.06110264575864116,477.6021423339844,703.9542236328125,True,25,0.8
338,28.584663430783515,0.9643612386672243,306.6917724609375,3.457228660583496,0.040756901740484075,393.61285400390625,474.69964599609375,True,25,0.8
339,34.927051709183516,0.9794366278361732,3.1307809352874756,1.0427143573760986,0.03636556259406374,88.69244384765625,98.736328125,True,25,0.8
340,29.74194423443436,0.9101456106285746,247.65328979492188,17.080549240112305,0.044932627021594854,530.5756225585938,492.124267578125,True,25,0.8
341,17.521532507186212,0.6674225628628451,3931.828857421875,14.072635650634766,0.06364197316634769,414.16827392578125,473.998291015625,True,25,0.8
342,25.591643692222966,0.8328969724859823,58.93804931640625,5.719720840454102,0.04324030743212579,163.74136352539062,174.02867126464844,True,25,0.8
343,23.947032379851144,0.8649521628605643,570.447021484375,7.045744895935059,0.051549872894667684,307.8400573730469,434.41778564453125,True,25,0.8
344,31.275051704645712,0.946946792904253,118.576171875,8.075783729553223,0.04542836630832656,392.7552185058594,399.1062316894531,True,25,0.8
345,30.574971490665398,0.9293565473060813,317.5003356933594,13.17742919921875,0.039174206050573014,643.8831176757812,616.2342529296875,True,25,0.8
346,29.816372521055264,0.9059716907817144,409.5819396972656,12.623150825500488,0.06268843918566794,489.7850341796875,635.4585571289062,True,25,0.8
347,-305.0578920400824,0.482128710323566,6.683420394654854e+33,4.846142510679982e+17,0.02233602298824156,49.79066848754883,46.258705139160156,True,25,0.8
348,-inf,,inf,7.554653134983791e+18,0.027032051626646906,375.2469482421875,375.2380065917969,True,25,0.8
349,31.173454565937156,0.9138043113033623,299.1780090332031,18.436338424682617,0.0597067343396716,679.3448486328125,626.2340698242188,True,25,0.8
350,29.720247834434943,0.952532028250773,270.2732849121094,10.187499046325684,0.0462228042421338,496.8899230957031,503.63311767578125,True,25,0.8
351,-157.7851611685688,0.39358193940178726,4.4025745990543443e+21,572029140992.0,0.03265850389502255,1062.021240234375,856.6333618164062,True,25,0.8
352,-inf,,inf,inf,0.03193278016607543,750.435546875,659.034912109375,True,25,0.8
353,-38.737472767784006,0.4509782232705993,199859152.0,32011.7734375,0.03671552108820004,258.6495056152344,163.77149963378906,True,25,0.8
354,25.729518056882657,0.9342481272431596,13.658828735351562,0.6494330763816833,0.053977636404726276,59.568111419677734,71.49817657470703,True,25,0.8
355,20.183804730232097,0.8270397305003703,3953.12353515625,16.952423095703125,0.047974093676864615,650.8970947265625,642.77685546875,True,25,0.8
356,19.062996180395388,0.7951876834168035,9.349264144897461,0.10160470753908157,0.057170970351860854,16.660015106201172,27.484798431396484,True,25,0.8
357,23.079707003709768,0.8440771104037365,1667.498779296875,5.465598106384277,0.07225528249322123,348.56231689453125,586.1898193359375,True,25,0.8
358,28.514658732889835,0.9379204731469184,1188.5858154296875,19.749143600463867,0.05479284690270801,971.626708984375,940.2900390625,True,25,0.8
359,-141.05128198981168,0.37886445798864565,4.223908498324744e+19,10901468160.0,0.03375346960558392,582.0108642578125,575.898681640625,True,25,0.8
360,33.50982158226027,0.9565994083973646,67.32362365722656,11.742900848388672,0.040286050684201276,375.43865966796875,388.7817687988281,True,25,0.8
361,29.046755314466065,0.8632313010424099,469.9415588378906,20.28289031982422,0.05150076491075751,701.5872192382812,643.6449584960938,True,25,0.8
362,26.473539432971744,0.932211547105797,474.0263671875,8.154501914978027,0.04817043073546494,422.033203125,458.7946472167969,True,25,0.8
363,40.28932761279858,0.9839781984702229,27.8731746673584,7.740466594696045,0.039402938791054526,540.2576904296875,546.0711669921875,True,25,0.8
364,29.501149673632206,0.9673499422084436,993.8267211914062,31.014766693115234,0.05789683417031475,920.9439697265625,941.5233154296875,True,25,0.8
365,30.085731474173542,0.9489278220278436,138.05479431152344,8.366839408874512,0.05407778959303921,347.1697692871094,386.7165222167969,True,25,0.8
366,-inf,,inf,inf,0.02121742773953419,1305.77734375,961.2293701171875,True,25,0.8
367,31.903230996715024,0.9678147999248761,527.2999877929688,7.2350945472717285,0.053752938855760705,726.8140258789062,905.4453125,True,25,0.8
368,21.81231075578111,0.8349717237926675,254.19761657714844,10.747118949890137,0.04227746865898141,256.60125732421875,196.5953369140625,True,25,0.8
369,27.05753152106814,0.9281495839811024,9.694393157958984,2.1882495880126953,0.04098420681818629,69.80805969238281,70.29193878173828,True,25,0.8
370,24.28568436623682,0.8761397466107711,38.49169921875,4.004161834716797,0.04606712685584839,122.67278289794922,101.6772232055664,True,25,0.8
371,24.346908407392593,0.83470367801657,1.1567195653915405,0.15366806089878082,0.0716100732783651,11.678215980529785,19.203603744506836,True,25,0.8
372,27.547010464779937,0.9195111793738869,14.756840705871582,2.4880025386810303,0.04479078094027665,101.857177734375,95.34851837158203,True,25,0.8
373,29.822659990203046,0.9247781245135948,485.4452209472656,21.71303367614746,0.03840866190170987,779.6431274414062,683.3237915039062,True,25,0.8
374,30.609297908206305,0.9618612597739733,4.28624963760376,0.9757658839225769,0.06320612276586494,59.55173873901367,72.11746215820312,True,25,0.8
375,31.81002090584021,0.9697980012194906,66.70957946777344,7.669630527496338,0.047677488929909355,308.82598876953125,319.6566467285156,True,25,0.8
376,25.702061118620602,0.9252952679014266,1895.2200927734375,19.195348739624023,0.033284839458170234,876.8618774414062,845.0304565429688,True,25,0.8
377,27.838257514423805,0.8945837114856869,0.9453268647193909,0.880712628364563,0.05712821056875776,26.58564567565918,24.2486629486084,True,25,0.8
378,27.252488003935703,0.8960321488664308,1191.1473388671875,26.58909034729004,0.04570526154287377,797.2160034179688,814.6539916992188,True,25,0.8
379,24.730364712967354,0.9102634556660711,268.3216247558594,4.142485618591309,0.04875822469990003,259.6918029785156,282.5729064941406,True,25,0.8
380,18.224530523760578,0.7525491050069227,209.81613159179688,3.342052459716797,0.04807674292913489,92.23505401611328,119.04666137695312,True,25,0.8
381,21.245023751283355,0.7719334724288452,3585.897705078125,11.802711486816406,0.04339927718812816,510.08441162109375,697.0404052734375,True,25,0.8
382,18.896835590686457,0.8178824674114883,5069.30419921875,22.785329818725586,0.03244455361472996,771.3469848632812,629.3139038085938,True,25,0.8
383,24.67006855145495,0.8804434339983929,2432.03955078125,28.87029457092285,0.041865046039273296,1063.995849609375,877.5945434570312,True,25,0.8
384,33.25815219431093,0.9655972800080129,255.06179809570312,7.056297302246094,0.046294555627040566,665.1238403320312,735.3359985351562,True,25,0.8
385,28.292533934672043,0.9193174322669166,954.1411743164062,33.78175354003906,0.0410026058755104,926.41552734375,803.6774291992188,True,25,0.8
386,22.184031304824142,0.8729845829636255,478.4248962402344,10.718721389770508,0.05653971538281919,294.05975341796875,282.7525329589844,True,25,0.8
387,21.79843965731851,0.8765659354622116,208.9246368408203,3.0539867877960205,0.04660410639705844,128.29669189453125,178.26210021972656,True,25,0.8
388,29.701351218546893,0.9569068201831988,597.9159545898438,33.34503173828125,0.04236811155782726,781.284912109375,750.8641357421875,True,25,0.8
389,32.46768776057764,0.9610902793067282,365.693603515625,15.639420509338379,0.03930863787161111,780.614013671875,807.0278930664062,True,25,0.8
390,36.59160950964261,0.9831346795193551,214.8671112060547,24.062498092651367,0.042544044591694544,998.2448120117188,990.5146484375,True,25,0.8
391,-132.36094819584108,0.2952044006086621,2.932191352848384e+18,10911394816.0,0.029974239474148658,489.5196228027344,413.2050476074219,True,25,0.8
392,18.34815812264828,0.7838684535070906,2027.177978515625,5.52912712097168,0.06777730132306249,222.8542938232422,372.64605712890625,True,25,0.8
393,30.29747516083441,0.9696463629280451,539.9920654296875,13.300015449523926,0.05696460381706496,621.3583374023438,776.6365356445312,True,25,0.8
394,28.8996015702773,0.918217337372164,149.80191040039062,8.613322257995605,0.05036569421974878,299.1189270019531,341.4627380371094,True,25,0.8
395,22.964023890486818,0.7156936201354406,4293.3349609375,34.612281799316406,0.043669447259683865,870.1618041992188,930.8265380859375,True,25,0.8
396,-166.33118335679316,0.24419464689463471,3.147606311965886e+22,896143589376.0,0.03374969660483854,971.66943359375,858.5543212890625,True,25,0.8
397,19.81569603207575,0.7570559140073133,1903.7083740234375,15.52634334564209,0.0399649371956301,446.7234191894531,429.5650329589844,True,25,0.8
398,28.325429971380586,0.9503101863474485,824.5708618164062,13.679293632507324,0.05607428056290436,699.3887329101562,751.1201782226562,True,25,0.8
399,-26.017582349481646,0.39074623648178003,227455040.0,21574.27734375,0.04406932067407934,633.2023315429688,754.788330078125,True,25,0.8
400,36.573565402960725,0.9903591816977697,2.378980875015259,1.3436992168426514,0.04603693141801849,99.66162109375,104.02074432373047,True,25,0.8
401,27.930997878206746,0.8778511741512404,1071.9337158203125,14.379098892211914,0.0739759639586095,650.2533569335938,902.6503295898438,True,25,0.8
402,30.681634059223015,0.9656592107947889,208.16650390625,9.731985092163086,0.03384205371613447,480.7625732421875,505.74713134765625,True,25,0.8
403,-228.59925081557972,0.20341665868396208,4.930926020692397e+28,309906821349376.0,0.03316484938254143,1332.543701171875,826.6309814453125,True,25,0.8
404,28.9168232400533,0.9206900116982721,131.96627807617188,10.525447845458984,0.04568032358968608,360.0321350097656,320.72955322265625,True,25,0.8
405,-inf,,inf,inf,0.019889116220872097,1278.89697265625,895.627685546875,True,25,0.8
406,31.04167224778276,0.9648303876797235,119.23436737060547,6.525301933288574,0.035792385478085095,354.5910339355469,389.8124694824219,True,25,0.8
407,-213.40137695897766,0.3197405875257716,3.0574591993766915e+23,9499722121216.0,0.028344269932117663,16.12114906311035,11.826813697814941,True,25,0.8
408,28.374424412432067,0.9494213729297167,1087.2452392578125,13.299759864807129,0.0661195563213647,697.4300537109375,905.4766235351562,True,25,0.8
409,-45.4492952073073,0.4658362456933109,295048000.0,135123.5,0.03481848796240414,77.01016235351562,92.19538879394531,True,25,0.8
410,40.09606805285033,0.9847356536194021,10.00771713256836,5.7823872566223145,0.05383494346293445,315.4366455078125,319.99432373046875,True,25,0.8
411,27.21001689215031,0.9407000540149224,1691.9892578125,27.59403419494629,0.05520693251969267,1057.509765625,950.1118774414062,True,25,0.8
412,31.057670227302275,0.9642859735863497,707.6841430664062,20.523948669433594,0.03591224047724512,1072.2960205078125,950.6565551757812,True,25,0.8
413,-inf,,inf,inf,0.029062694450722407,737.5315551757812,573.8644409179688,True,25,0.8
414,31.348426681909384,0.9565960704834345,292.4312438964844,10.45799732208252,0.03693789192617325,620.35546875,632.2053833007812,True,25,0.8
415,-161.96688259169733,0.5347735193337941,3.1692019166040576e+21,58932908032.0,0.027133539959096887,435.0625,448.9970703125,True,25,0.8
416,22.69491723013724,0.7889588961386871,461.3072509765625,17.63376808166504,0.03582428270720103,414.1772155761719,293.9175720214844,True,25,0.8
417,23.87271626725154,0.8370301538645972,434.739501953125,17.222312927246094,0.049859022830621075,397.44488525390625,329.33587646484375,True,25,0.8
418,23.19955643396511,0.9020600704729972,2154.92431640625,6.792705535888672,0.06731774452116804,511.6961669921875,672.845947265625,True,25,0.8
419,26.787447795341354,0.9483778133634689,1185.6868896484375,8.019742965698242,0.05404370715166299,672.9707641601562,752.6221313476562,True,25,0.8
420,32.30284107009236,0.9560476930271853,368.4920349121094,9.651597023010254,0.03975841146527761,771.3507080078125,791.7874755859375,True,25,0.8
421,24.406877596377363,0.9161705550813607,2222.876220703125,14.146997451782227,0.051513612411565046,626.7348022460938,789.8285522460938,True,25,0.8
422,37.802249186623065,0.9767192093303698,1.4067045450210571,1.1529260873794556,0.04248445064641276,92.17292785644531,92.11489868164062,True,25,0.8
423,27.802323128455626,0.9500507237879854,404.8492736816406,6.873027324676514,0.06901217784520668,429.8590087890625,494.9258728027344,True,25,0.8
424,28.334540714297912,0.9566967271122278,5.002505779266357,1.209875226020813,0.046100485301694874,53.97938919067383,58.50120162963867,True,25,0.8
425,28.08559391373125,0.9481558617400495,459.87335205078125,22.43610954284668,0.030246162532918796,720.8095092773438,549.9793701171875,True,25,0.8
426,-96.30023527299403,0.41121784884231116,802718247550976.0,356154080.0,0.029263994448122818,533.0030517578125,442.0889587402344,True,25,0.8
427,22.81389101920583,0.8890524524138131,4114.07666015625,3.7006967067718506,0.0756116314211273,636.531494140625,887.8164672851562,True,25,0.8
428,28.225158128423008,0.941860523670758,184.9499969482422,9.478924751281738,0.05400835179162553,327.88214111328125,351.5640869140625,True,25,0.8
429,-inf,,inf,inf,0.022800715961949443,179.50489807128906,117.949951171875,True,25,0.8
430,28.94434877179544,0.9520697724477795,26.175357818603516,1.912704348564148,0.049698880462158306,110.27731323242188,143.84869384765625,True,25,0.8
431,28.80704707220199,0.9461352906975091,721.4739379882812,16.602998733520508,0.04578424052683354,640.7402954101562,761.7491455078125,True,25,0.8
432,29.420860028680387,0.9351720761496216,436.3388977050781,9.855581283569336,0.057131449836047454,580.8766479492188,618.599853515625,True,25,0.8
433,19.54812269059311,0.7805517065927234,113.10807800292969,3.365234851837158,0.0498117940014075,108.08555603027344,102.02155303955078,True,25,0.8
434,35.00179776311124,0.9732251147306126,2.284266710281372,1.0881339311599731,0.04703112033387176,78.25555419921875,85.02269744873047,True,25,0.8
435,-inf,,inf,2.3119241881245975e+19,0.0255982712830372,1038.25830078125,701.2681884765625,True,25,0.8
436,-inf,,inf,inf,0.027609314159989618,108.40127563476562,73.69024658203125,True,25,0.8
437,27.788301198323936,0.9456458481795648,1100.91650390625,21.570764541625977,0.04945615289927464,867.324462890625,822.0382080078125,True,25,0.8
438,30.55866094186385,0.9697086059010681,438.58782958984375,13.141600608825684,0.045195380526132194,732.785400390625,706.5360107421875,True,25,0.8
439,27.995086405357927,0.9391344592484123,10.698153495788574,1.4165135622024536,0.039103532859196974,81.25596618652344,82.2674331665039,True,25,0.8
440,35.163635419318496,0.9633503961842987,2.2362260818481445,1.4614629745483398,0.044573709333563465,83.01445770263672,85.75287628173828,True,25,0.8
441,30.457597691464365,0.9185133796219855,875.9238891601562,27.47475242614746,0.040912874871362914,1054.1661376953125,986.6529541015625,True,25,0.8
442,-43.80083204051279,0.47167750861427726,3365592064.0,118972.75,0.03521932723775344,426.7248229980469,374.8965148925781,True,25,0.8
443,-207.5469972455512,0.3454989262930155,7.7043582940354964e+25,3410499993600.0,0.03216132235654774,666.3417358398438,371.2715148925781,True,25,0.8
444,29.491858468624574,0.909300600869583,742.5284423828125,25.192787170410156,0.04275721334805376,877.1889038085938,812.9867553710938,True,25,0.8
445,34.55945172770116,0.9395896472628886,313.3425598144531,35.16333770751953,0.04639875634133852,1055.56982421875,947.3013305664062,True,25,0.8
446,25.813925455566043,0.9457011762256777,2545.530517578125,3.471656560897827,0.04667134989299658,835.29931640625,986.0150756835938,True,25,0.8
447,29.250241263449492,0.9416423489341031,624.9053344726562,10.426356315612793,0.06415070834714127,626.20849609375,753.6248168945312,True,25,0.8
448,-241.77633916450355,0.3404061384060319,1.9126721401471138e+29,169363042729984.0,0.028884418743015637,437.7333679199219,376.8833312988281,True,25,0.8
449,32.389613653225034,0.9653969857192015,3.7580344676971436,2.1259102821350098,0.05433344068812266,78.5173110961914,84.4172134399414,True,25,0.8
450,37.187460056230954,0.975524746196804,115.43268585205078,11.277713775634766,0.04345182502009544,782.702880859375,777.3697509765625,True,25,0.8
451,-198.97954310200444,0.37296859404691307,2.453593358793575e+25,8289030504448.0,0.02965919132074711,750.901123046875,558.8458251953125,True,25,0.8
452,19.52506697653568,0.8526214168313795,2006.6217041015625,7.236199855804443,0.035774911069757186,397.9576721191406,424.79779052734375,True,25,0.8
453,25.402292805329076,0.9219043522358095,2354.3857421875,14.265373229980469,0.0653795886395396,795.3998413085938,906.4480590820312,True,25,0.8
454,29.51492305404329,0.962970451189453,13.728792190551758,2.511613368988037,0.04056828462618837,120.9034652709961,112.08628845214844,True,25,0.8
455,27.8128967828587,0.9419648803163116,400.5399169921875,11.091690063476562,0.046179049340810054,472.5551452636719,493.1324768066406,True,25,0.8
456,26.188041326874373,0.9101438673887828,0.36254099011421204,0.3081316649913788,0.046576509574860724,11.361538887023926,12.342290878295898,True,25,0.8
457,31.485452678113827,0.9413293008341754,133.93638610839844,7.474197864532471,0.048728948274135674,402.91497802734375,469.1919860839844,True,25,0.8
458,36.34805552909957,0.9687581430386341,0.7584130764007568,1.3541351556777954,0.047740201887683124,59.363258361816406,57.246971130371094,True,25,0.8
459,27.499488551635146,0.9476433993769873,25.44101333618164,2.4283559322357178,0.049739327315190804,112.80621337890625,119.6990966796875,True,25,0.8
460,26.87414272463259,0.9250167328153109,28.571186065673828,1.2595478296279907,0.06300518645155387,93.88148498535156,118.40872192382812,True,25,0.8
461,-113.96725881305414,0.3232168354776517,1.0507932983413965e+17,330540704.0,0.032619816066939235,715.2738037109375,649.5610961914062,True,25,0.8
462,-inf,,inf,inf,0.021137421080956065,767.6953735351562,746.298828125,True,25,0.8
463,16.051857732354872,0.6652305011642434,8390.142578125,28.645885467529297,0.052854741884567166,485.3098449707031,583.785400390625,True,25,0.8
464,-55.03301792666149,0.4293843176668646,247032627200.0,1762733.5,0.03337718252643977,954.709716796875,962.2103881835938,True,25,0.8
465,-130.67354057198298,0.5520302765571062,1.6118366298806682e+18,1879227392.0,0.03083789653926985,349.81109619140625,375.4956970214844,True,25,0.8
466,26.290027569576495,0.9262630772510252,189.7597198486328,8.445117950439453,0.049120463814252446,299.3262634277344,286.4263610839844,True,25,0.8
467,23.657977734061788,0.9044611873830812,3245.147216796875,12.402329444885254,0.048748474475824824,776.1304321289062,868.7305297851562,True,25,0.8
468,23.979985446111623,0.8829864078842959,199.67068481445312,8.507702827453613,0.049942874619217335,262.89349365234375,224.3722381591797,True,25,0.8
469,33.39025296289425,0.9529010021465113,394.7225646972656,13.678627014160156,0.07339323842884693,592.3710327148438,963.2593383789062,True,25,0.8
470,25.077965981824004,0.9273278426804981,0.5288307666778564,0.21619227528572083,0.05000853590712933,10.430926322937012,13.14232063293457,True,25,0.8
471,24.29470931565448,0.9156947080257384,3487.14501953125,4.434963703155518,0.06462580692963299,768.1588745117188,969.908935546875,True,25,0.8
472,26.838952219612416,0.9496374024449241,3.748013496398926,0.8191959857940674,0.0594511337596822,34.51653289794922,44.11675262451172,True,25,0.8
473,-62.42926977830835,0.41176235088318014,1377104166912.0,2753820.25,0.03297186284847242,1121.0032958984375,891.251953125,True,25,0.8
474,-16.67254150315848,0.5223800513876112,12939451.0,10394.6162109375,0.0382471225822156,518.0341186523438,528.1734008789062,True,25,0.8
475,-12.104960806971203,0.4313872915859094,15037270.0,14155.1171875,0.03547567160815436,1447.2999267578125,992.9718017578125,True,25,0.8
476,21.60021434202442,0.8469940624100467,38.133487701416016,0.9946568012237549,0.04200182220509534,54.57417678833008,74.72277069091797,True,25,0.8
477,-192.3600264336789,0.35530431607067275,4.760171643696832e+24,2853126537216.0,0.027961782384488064,751.2611694335938,554.3004150390625,True,25,0.8
478,37.52401280111489,0.988118050006767,166.03244018554688,16.483753204345703,0.0542144854193356,962.963623046875,969.333251953125,True,25,0.8
479,24.106593937007432,0.9130471304397342,1063.124755859375,6.673401832580566,0.04982675685725,480.5497741699219,523.5747680664062,True,25,0.8
480,35.103369422168285,0.96081693391282,122.25701141357422,10.798375129699707,0.04247371153221678,560.8671875,629.7692260742188,True,25,0.8
481,30.506911613756948,0.9615660180617412,426.80303955078125,7.140260696411133,0.05005072809372808,620.3533935546875,696.0529174804688,True,25,0.8
482,-166.56908541004975,0.44748279127850754,9.385682330375162e+21,42319917056.0,0.03463664116983619,499.9281005859375,455.0865173339844,True,25,0.8
483,25.92392003919081,0.923985156048632,995.7247314453125,13.478948593139648,0.06439039830058912,523.1592407226562,627.9305419921875,True,25,0.8
484,19.464322905335408,0.8500061870338871,3857.6708984375,19.593338012695312,0.04456117658821924,634.2418212890625,584.72998046875,True,25,0.8
485,20.05258228626206,0.7018712469380468,7901.26171875,15.696738243103027,0.08184058009645079,585.0467529296875,901.2568359375,True,25,0.8
486,27.96906573797953,0.9531723876148308,3.3539514541625977,0.9642906188964844,0.042457605040141434,37.34877395629883,46.40093231201172,True,25,0.8
487,23.116635310595278,0.8889264655352346,382.0472106933594,0.9792171716690063,0.04827629658721123,159.74253845214844,281.6822204589844,True,25,0.8
488,25.751027549203638,0.9284927740182979,2396.98583984375,32.543392181396484,0.0429221357267896,942.8920288085938,950.4610595703125,True,25,0.8
489,-119.22251687559752,0.3567591934999987,6.503916392771748e+17,920906112.0,0.03381074379980109,1007.8623657226562,890.37353515625,True,25,0.8
490,31.46635434140026,0.9225443367758849,134.21826171875,9.598867416381836,0.04949271646472696,419.716796875,456.20111083984375,True,25,0.8
491,20.741935181148136,0.8655896313711703,3235.708984375,12.647408485412598,0.05517830690464197,581.2483520507812,620.512451171875,True,25,0.8
492,-224.53057469094006,0.39276390547697343,2.192740118339677e+27,78562568699904.0,0.029013649911497973,323.2547912597656,278.1037902832031,True,25,0.8
493,33.290428228011415,0.9513210389144158,16.72144889831543,2.748492479324341,0.043934974035860476,181.80099487304688,188.93304443359375,True,25,0.8
494,-98.23587962202573,0.4616640474485353,1433752022548480.0,171094672.0,0.032487328537451,486.9484558105469,464.2347106933594,True,25,0.8
495,26.72032652308982,0.9472151475240571,266.03741455078125,2.2266416549682617,0.04894341966744246,234.15550231933594,353.9988708496094,True,25,0.8
496,23.694584216699788,0.8708834997831817,1261.705810546875,12.967957496643066,0.046292153633485815,388.1307678222656,584.0724487304688,True,25,0.8
497,-76.45877490814009,0.5440271134399027,264755068928.0,143099.203125,0.037246817731948066,81.4576644897461,78.65690612792969,True,25,0.8
498,-186.2543918250036,0.32199305612728446,4.0003785018775986e+24,4517114937344.0,0.029076749272124155,1496.203369140625,974.42041015625,True,25,0.8
499,21.791304206547622,0.8634966076147464,6368.8818359375,12.126331329345703,0.059594782360380544,745.727294921875,986.2245483398438,True,25,0.8
500,25.77801971277184,0.819489169546155,1250.962890625,13.57834243774414,0.04821499327800966,444.1671447753906,698.4635620117188,True,25,0.8
501,28.548724974106076,0.9658296548129973,401.7975158691406,2.673351526260376,0.0493389180820174,487.7631530761719,536.5602416992188,True,25,0.8
502,31.599410791158583,0.9683086375087899,61.68836212158203,4.578633785247803,0.05184385485995109,230.0924530029297,310.21807861328125,True,25,0.8
503,25.251522233911857,0.9359003519747423,1974.249267578125,9.543428421020508,0.05996496966770143,755.78857421875,813.981201171875,True,25,0.8
504,23.983359322444894,0.9154141379373246,1852.4217529296875,3.515310049057007,0.05109218344290587,487.16888427734375,685.0464477539062,True,25,0.8
505,34.97722140840098,0.960936367911574,8.477328300476074,2.591630458831787,0.04976334241050649,170.43727111816406,163.45431518554688,True,25,0.8
506,24.053886019209134,0.9065208502875024,3239.13134765625,7.727254390716553,0.07046395484736044,606.314697265625,911.0162353515625,True,25,0.8
507,28.418521184734985,0.9580752302049607,936.6148071289062,9.726317405700684,0.046801811372531955,596.0739135742188,822.7147216796875,True,25,0.8
508,27.26545381450462,0.9270407320514429,1662.92919921875,11.194987297058105,0.06075000101701709,690.1597900390625,949.85009765625,True,25,0.8
509,31.5684371625119,0.915086641842336,363.8641357421875,25.547992706298828,0.046029889994179944,763.9810180664062,725.9937744140625,True,25,0.8
510,22.686757742293935,0.8566191959168198,1827.18212890625,21.83400535583496,0.04025325652418072,592.12939453125,613.8017578125,True,25,0.8
511,-161.75315961553605,0.3620334809653093,2.6140901968592073e+21,89562587136.0,0.03381736540595741,585.7208251953125,418.8247985839844,True,25,0.8
512,28.371909527108446,0.9323087455080082,1077.8289794921875,22.296995162963867,0.04893661636951704,867.0193481445312,932.7957763671875,True,25,0.8
513,21.60851998034122,0.8430043431311585,5154.56005859375,26.52088737487793,0.053674978820745935,681.7705688476562,866.1978149414062,True,25,0.8
514,-55.2594329447405,0.30630809055537317,714423936.0,54938.0078125,0.03128876356360447,66.7584457397461,46.1734504699707,True,25,0.8
515,26.136235457083963,0.9394924654745496,1.7613378763198853,0.3654996454715729,0.04237738071043883,19.708728790283203,27.340606689453125,True,25,0.8
516,-13.60245364827084,0.44042904703793256,3125509.25,12180.0673828125,0.03900976431799101,408.4281005859375,377.0869140625,True,25,0.8
517,29.377592960471045,0.9429964054591177,704.7921752929688,20.412416458129883,0.04202689166600708,883.7156982421875,810.7427978515625,True,25,0.8
518,25.642898696934804,0.8392276360535124,2562.59765625,33.57843017578125,0.04329507188926482,1137.444091796875,987.2888793945312,True,25,0.8
519,-246.41424088834637,0.47303789938628,8.37605293040622e+28,1442228811595776.0,0.02390039318608594,164.83238220214844,151.2664794921875,True,25,0.8
520,24.098487384386193,0.8437050079217844,1363.1923828125,4.600127696990967,0.0692007905213151,374.0686340332031,594.5365600585938,True,25,0.8
521,29.436579462620497,0.9694051524495438,165.6190948486328,5.983788013458252,0.05918475434784946,337.8650817871094,381.5099792480469,True,25,0.8
522,30.027924996795843,0.9416015695192312,933.43603515625,17.69733428955078,0.03798691803583856,1096.4219970703125,969.9444580078125,True,25,0.8
523,25.943415540055362,0.845390839636051,1086.7640380859375,8.211907386779785,0.0733879279442153,490.87469482421875,842.2767944335938,True,25,0.8
524,-inf,,inf,inf,0.026496708753827935,1292.4354248046875,838.4903564453125,True,25,0.8
525,28.019738441881515,0.947838148469311,329.6065673828125,9.102425575256348,0.050621597200776226,393.2015686035156,469.2244567871094,True,25,0.8
526,-174.09516712901853,0.46295993857497064,4.404119615201509e+22,506729431040.0,0.029530278090470378,493.5380554199219,415.4046936035156,True,25,0.8
527,-81.70355918337026,0.48904355727891247,11005204627456.0,14755557.0,0.037504988946287586,266.4352722167969,274.1336669921875,True,25,0.8
528,-inf,,inf,inf,0.019239836917803614,80.20136260986328,57.319122314453125,True,25,0.8
529,31.432835107320777,0.9616032891106188,537.3674926757812,35.07080078125,0.040732311218752704,872.155517578125,864.857666015625,True,25,0.8
530,21.26623759710732,0.842431674853111,4851.3310546875,24.481365203857422,0.04531179337474287,697.2127685546875,813.088134765625,True,25,0.8
531,-247.17230377361918,0.4836761496107645,5.207035119822617e+30,2249964386254848.0,0.026725389363789834,867.6725463867188,999.7179565429688,True,25,0.8
532,-inf,,inf,inf,0.022931196399334594,1450.591796875,996.6401977539062,True,25,0.8
533,-14.530401150695697,0.5323807750125297,8685160.0,4487.83935546875,0.03654457123728026,529.1082153320312,555.8762817382812,True,25,0.8
534,-inf,,inf,inf,0.025207647217830052,901.6033325195312,769.2184448242188,True,25,0.8
535,28.25260202222252,0.9146318094880811,1111.5521240234375,2.392515182495117,0.19518424727571812,307.51904296875,944.8209838867188,True,25,0.8
536,27.319358575600955,0.9225155828968536,1335.830810546875,12.963203430175781,0.043292634613782605,779.56494140625,849.7977294921875,True,25,0.8
537,-79.39756728989961,0.3722240558357321,5355393777664.0,1216852.5,0.039604851823193364,216.87863159179688,248.1007537841797,True,25,0.8
538,34.49099481879911,0.9770356794075331,71.88192749023438,9.29020881652832,0.0529166337579404,427.34918212890625,451.0935974121094,True,25,0.8
539,28.054747933007455,0.9242850715223357,26.344804763793945,5.3775224685668945,0.04109271203542835,144.9923858642578,130.03025817871094,True,25,0.8
540,21.632772358122487,0.8419796143226798,6058.08642578125,17.749576568603516,0.08749566277665924,686.0296630859375,954.0969848632812,True,25,0.8
541,-291.1923909543987,,4.815270830522104e+34,4.143128605674701e+16,0.028135370554537586,724.2571411132812,606.5684814453125,True,25,0.8
542,19.5555063239859,0.7254151414423989,578.823974609375,9.314319610595703,0.04082927326553603,197.87550354003906,229.41416931152344,True,25,0.8
543,28.119574076973862,0.9026687440738251,687.9263916015625,20.4132137298584,0.04246164981394688,676.1978149414062,672.0289916992188,True,25,0.8
544,-152.937630891217,0.30468148126875305,7.517274093705453e+20,40792387584.0,0.03463543109852654,646.4942016601562,618.5101318359375,True,25,0.8
545,19.632160219324334,0.7392811186667096,1387.740234375,15.430996894836426,0.0471878392560864,311.804443359375,358.8045654296875,True,25,0.8
546,27.950724677319137,0.9489640565694794,20.735572814941406,2.9032413959503174,0.050683588721508924,112.01449584960938,114.44403839111328,True,25,0.8
547,28.312868735850728,0.9473529257210908,636.9225463867188,10.9727201461792,0.05937115739769195,499.8187561035156,671.901611328125,True,25,0.8
548,30.94874409514621,0.9566470993100306,212.67977905273438,6.096129894256592,0.0510272439357269,370.914794921875,520.7874145507812,True,25,0.8
549,24.661525066946584,0.8300518904839606,2008.5745849609375,8.667218208312988,0.058136893203028554,485.1812438964844,772.5460815429688,True,25,0.8
550,-162.70824626329627,0.46842676498018926,4.928640353002469e+21,292291772416.0,0.031234859169971256,501.50189208984375,520.643310546875,True,25,0.8
551,30.776445653834923,0.941586168936547,491.2378234863281,15.545869827270508,0.02690777108297845,1136.4093017578125,852.329345703125,True,25,0.8
552,34.66305052064735,0.9557959020322322,104.24312591552734,11.082781791687012,0.04645841284465738,590.9140014648438,552.3549194335938,True,25,0.8
553,32.43380228724365,0.9434521384806333,145.2288055419922,7.514013767242432,0.06156638457648681,445.74957275390625,561.3770141601562,True,25,0.8
554,31.750011175791045,0.9621046827058428,472.3618469238281,11.19802188873291,0.07007480886064352,634.20703125,876.7769775390625,True,25,0.8
555,11.383554601178362,0.5707936341533185,11857.0888671875,441.15069580078125,0.04105885151540254,461.96978759765625,404.0793762207031,True,25,0.8
556,28.086086764897935,0.9664212733245733,28.134538650512695,1.6743987798690796,0.04404977187564762,117.65939331054688,134.88121032714844,True,25,0.8
557,26.533585416849057,0.8688308572189035,1.921743631362915,0.3461422920227051,0.06968219653703307,20.951513290405273,29.75389289855957,True,25,0.8
558,35.5830946851867,0.9597420685446915,157.6144256591797,12.464606285095215,0.04856233269330171,795.9926147460938,755.3821411132812,True,25,0.8
559,34.63913920741417,0.9610618806460447,132.28787231445312,13.866175651550293,0.04313233672668446,657.6893310546875,620.6892700195312,True,25,0.8
560,37.56031161337524,0.9841551555261031,86.92130279541016,9.059946060180664,0.04381103776440943,655.0282592773438,704.3756713867188,True,25,0.8
561,23.94247368343916,0.8445648093327257,181.5713653564453,8.102615356445312,0.04515638728763571,207.2327117919922,213.75119018554688,True,25,0.8
562,25.27245614212006,0.8613423708097296,53.73783493041992,3.3683407306671143,0.04096957223582633,125.25186920166016,137.235107421875,True,25,0.8
563,32.626145331286075,0.9347236678888493,0.13162098824977875,0.4068053662776947,0.04695031553517441,16.59722137451172,15.530120849609375,True,25,0.8
564,27.33128571800979,0.955721268551453,227.86968994140625,4.0460124015808105,0.03396456117755345,305.1650390625,351.2369689941406,True,25,0.8
565,-11.195015351729591,0.5199731310296245,4427047.5,4475.04248046875,0.037415979715677575,426.6435241699219,590.3277587890625,True,25,0.8
566,28.745826240356962,0.9043019323910599,144.40762329101562,5.274796962738037,0.04718638743106653,274.8126220703125,392.851806640625,True,25,0.8
567,30.89522142353395,0.949367927077877,156.0935516357422,8.50961685180664,0.03581121151378475,506.2588195800781,438.0374450683594,True,25,0.8
568,-230.3980086991648,0.36043612316796914,8.685896840080264e+28,112199267778560.0,0.03678767462969573,928.076416015625,904.2545166015625,True,25,0.8
569,25.44870734876456,0.9027959483611264,347.12432861328125,10.999494552612305,0.05424281576936307,370.3865051269531,348.9072265625,True,25,0.8
570,-99.9623688280592,0.40782078849065156,2565180491825152.0,46058320.0,0.03399679074425314,505.8011474609375,514.4755249023438,True,25,0.8
571,-245.07874682319087,0.3619298063569909,1.9723233357278575e+30,1.4864992406863872e+16,0.0287244148563805,1065.77734375,783.869384765625,True,25,0.8
572,34.22587373265428,0.9530654486933852,51.468284606933594,7.674482822418213,0.06064098794908802,339.12213134765625,397.146240234375,True,25,0.8
573,-101.63873389117387,0.3483778012214428,5633395606421504.0,213554544.0,0.031010991652687545,741.6294555664062,622.464599609375,True,25,0.8
574,30.524699951800027,0.9619698358701602,647.6139526367188,23.41360855102539,0.04732399091985545,874.832275390625,862.5013427734375,True,25,0.8
575,25.904547909353774,0.8510265115713864,2314.53662109375,58.830142974853516,0.04216848343329678,1259.1475830078125,949.5711059570312,True,25,0.8
576,-7.456108339530153,0.5178553060058706,121672.109375,987.8258666992188,0.04044911427919347,123.4189453125,147.92640686035156,True,25,0.8
577,29.530608765945217,0.9428938049188709,915.7951049804688,13.122007369995117,0.058657160914615376,714.2528076171875,926.6610107421875,True,25,0.8
578,-7.64245634192957,0.4588759699132478,1402160.5,4112.982421875,0.03517363644899327,491.7650451660156,492.6241760253906,True,25,0.8
579,24.079117014128105,0.9454833932059468,260.34100341796875,6.267027378082275,0.05362885954993743,206.76785278320312,258.98614501953125,True,25,0.8
580,29.147414354620516,0.9681294601952698,256.79144287109375,3.3356661796569824,0.05503896929610939,401.3169250488281,459.6766052246094,True,25,0.8
581,-105.48989928766386,0.3721252381570017,3.399175416001331e+16,204440480.0,0.037975007132878456,1139.77587890625,980.0525512695312,True,25,0.8
582,-123.93380853357975,0.3580141322728328,5.950488210046976e+17,697770560.0,0.03777008646859444,527.9588012695312,493.12548828125,True,25,0.8
583,-156.08818023726295,0.3880466807376338,4.405770888152382e+20,2002267264.0,0.036135179579576314,325.8504333496094,329.4228515625,True,25,0.8
584,19.747727924487975,0.8447453585929294,4222.5,19.93880844116211,0.03497970536688386,825.8541259765625,633.7674560546875,True,25,0.8
585,28.46700691450593,0.9390376162848851,78.3539047241211,5.502546310424805,0.04658940220445907,222.34707641601562,240.9054718017578,True,25,0.8
586,26.525733171740974,0.8420823158156145,13.084790229797363,2.262105703353882,0.0475002554497893,78.735595703125,76.78746795654297,True,25,0.8
587,-30.6425293015039,0.48772368813240424,19497538.0,3691.093505859375,0.040061951918675016,142.4226531982422,129.75083923339844,True,25,0.8
588,28.55625346584341,0.9626440119894051,23.111764907836914,0.9233317375183105,0.049235765931263414,111.79804229736328,128.91778564453125,True,25,0.8
589,28.547287842164863,0.9414694021207014,31.090410232543945,3.282238483428955,0.04440494880628117,142.8227996826172,152.75079345703125,True,25,0.8
590,27.92131993995727,0.9287809194772052,30.458877563476562,1.3450225591659546,0.08978913594902392,98.25524139404297,139.68833923339844,True,25,0.8
591,31.403230259850208,0.954222419198268,286.4193115234375,10.126440048217773,0.05886804600965882,454.9189147949219,641.23388671875,True,25,0.8
592,22.95778760817889,0.849265541822094,160.170654296875,2.8008086681365967,0.062833068806135,122.15390014648438,182.69821166992188,True,25,0.8
593,30.923226096420734,0.9604434444423923,96.84098052978516,10.793073654174805,0.04468071745836306,416.4940490722656,346.3216247558594,True,25,0.8
594,-138.30211061956388,0.2519152409698955,5.3916804467809845e+19,19510165504.0,0.035002393529870425,1049.3912353515625,896.8916015625,True,25,0.8
595,28.147613892073657,0.8988699614598009,336.4230041503906,15.690731048583984,0.05171426462398656,551.6155395507812,474.4876708984375,True,25,0.8
596,24.434311313520368,0.8858424494683578,1590.539306640625,23.179725646972656,0.03698822301317555,700.5524291992188,667.8901977539062,True,25,0.8
597,33.75354019431113,0.9625288302653591,12.609777450561523,3.871124029159546,0.03782481359848989,183.2451934814453,173.14755249023438,True,25,0.8
598,30.313141768431432,0.9774924328606441,34.665470123291016,2.1684346199035645,0.05236346136169205,174.13453674316406,193.0967254638672,True,25,0.8
599,29.14090747778062,0.9599582544913355,2.1317195892333984,0.6057468056678772,0.049552334193127635,38.30103302001953,41.8277473449707,True,25,0.8
600,29.94535469211162,0.964918913410052,29.10344886779785,3.2725086212158203,0.047118452331487926,151.11842346191406,169.76612854003906,True,25,0.8
601,28.171054774095698,0.9445839149433393,118.85843658447266,5.452116012573242,0.048045280826562564,293.32464599609375,279.3117370605469,True,25,0.8
602,-85.65647492173653,0.5402652761899632,9970117509120.0,8102328.5,0.033225298891548044,165.1393280029297,177.83348083496094,True,25,0.8
603,34.70454989756049,0.9677598407517031,2.7145590782165527,2.3184814453125,0.053074687548882574,91.20689392089844,89.61383056640625,True,25,0.8
604,24.612657923587573,0.9079495944657966,49.51604461669922,3.304595947265625,0.0561955806834859,119.32820129394531,121.5152359008789,True,25,0.8
605,24.135126046869523,0.8177156182623759,816.3783569335938,18.03236961364746,0.04474923565509425,572.8247680664062,461.3179931640625,True,25,0.8
606,35.22754180633759,0.9848159667108327,12.849000930786133,2.6241397857666016,0.04752643181321709,187.2003173828125,207.12738037109375,True,25,0.8
607,24.52610701717517,0.9134586886538845,467.25225830078125,5.6074700355529785,0.039582542019108,295.5899353027344,364.90557861328125,True,25,0.8
608,29.77159051309963,0.9163673100065559,267.05108642578125,14.976751327514648,0.03955797275883535,631.2208251953125,503.9138488769531,True,25,0.8
609,-190.3930035236221,0.3406199097971675,5.215343612563735e+24,6349467418624.0,0.027648571175858075,864.2941284179688,690.7044067382812,True,25,0.8
610,19.584265267095184,0.8092596054387514,17.84052276611328,0.2358132302761078,0.07257362050760041,26.70496368408203,40.2728271484375,True,25,0.8
611,31.060146936757093,0.9553396285533658,493.1231384277344,16.668004989624023,0.039054714542674604,828.1228637695312,799.6109619140625,True,25,0.8
612,27.90332721188127,0.9600387963747954,635.7025146484375,7.341460227966309,0.05253207353396319,473.9884338378906,628.2724609375,True,25,0.8
613,-298.5670709011983,0.3797727960735652,4.877361198720509e+33,5.532867065020416e+16,0.024817946287086504,140.49057006835938,82.67727661132812,True,25,0.8
614,-inf,,inf,inf,0.023372506850523615,1390.5596923828125,873.7050170898438,True,25,0.8
615,-38.916802233631756,0.47790975396429203,6468048896.0,248441.015625,0.03471650832008454,1149.56201171875,920.9515380859375,True,25,0.8
616,23.70981326430472,0.914876179793543,15.380101203918457,0.9458080530166626,0.04690883256122602,43.89585876464844,62.01688003540039,True,25,0.8
617,23.789997700377498,0.8859558042411352,319.4373779296875,3.4200007915496826,0.06402370050066075,183.083251953125,277.60076904296875,True,25,0.8
618,19.373996845761752,0.8030053336279379,7298.92529296875,27.981002807617188,0.04064023409794936,562.5477905273438,806.3950805664062,True,25,0.8
619,32.76158752949374,0.9537708779914215,289.5028076171875,11.868973731994629,0.05897284606637637,728.1124877929688,748.5114135742188,True,25,0.8
620,23.124164398820774,0.8547454291975781,167.0040740966797,4.0443644523620605,0.04537328898268972,158.9849853515625,185.3365020751953,True,25,0.8
621,25.882066050639065,0.8875619714925631,106.17601776123047,1.8339604139328003,0.07834433067779419,129.22805786132812,210.1399688720703,True,25,0.8
622,31.70482750897719,0.9757202129092133,92.98820495605469,5.616933822631836,0.05811370997236459,336.3564758300781,371.10162353515625,True,25,0.8
623,26.460143534891344,0.9333661999957111,523.7193603515625,11.415886878967285,0.050656908427204266,459.6392822265625,485.0384521484375,True,25,0.8
624,32.073390778776655,0.9851834973007041,236.20526123046875,18.494251251220703,0.044930539939868806,701.915771484375,618.6365356445312,True,25,0.8
625,25.941568267815263,0.8992046210953295,343.26885986328125,11.88875961303711,0.03174465648896575,475.8399353027344,369.54473876953125,True,25,0.8
626,33.52809521115792,0.9743230678256452,95.10355377197266,5.853312969207764,0.04045628218762911,433.58489990234375,463.0721740722656,True,25,0.8
627,27.40887259223428,0.9492323634409806,1013.3074951171875,3.2119007110595703,0.05418261470749111,577.3458251953125,747.7234497070312,True,25,0.8
628,25.46721374093117,0.8900722778045401,3.22080135345459,1.3211544752120972,0.0446260854084985,44.281280517578125,37.64651870727539,True,25,0.8
629,30.96908068262249,0.9469081893009667,50.42855453491211,3.8957602977752686,0.045125875530053,217.52395629882812,253.18450927734375,True,25,0.8
630,37.589546969358224,0.9587461645835078,88.52005767822266,16.052532196044922,0.039408916173489496,760.9739990234375,713.63623046875,True,25,0.8
631,-19.743590629284814,0.499501514946634,74236128.0,275423.46875,0.03843005999280889,808.5278930664062,895.3116455078125,True,25,0.8
632,31.223265017737983,0.9641456149741469,194.93092346191406,8.2052640914917,0.048869274727560905,435.3731689453125,512.165771484375,True,25,0.8
633,23.714006605645093,0.8957913505320483,1199.6981201171875,9.639813423156738,0.042782314763123934,542.0618896484375,532.5813598632812,True,25,0.8
634,35.39841514657647,0.9907181148866135,3.3573153018951416,2.10276198387146,0.040973175596176144,114.51940155029297,108.0648422241211,True,25,0.8
635,34.556817503399216,0.9846325468414217,70.23210144042969,6.851511478424072,0.053350009574875526,472.0325927734375,447.9649658203125,True,25,0.8
636,-26.414025100005404,0.5396594246693499,124376712.0,51066.234375,0.03412420148954008,514.26318359375,533.0846557617188,True,25,0.8
637,-inf,,inf,inf,0.020354624389459893,378.4268493652344,243.22802734375,True,25,0.8
638,-20.459353029883232,0.23392139894727126,8100751.5,8959.6865234375,0.04079813755762555,273.0469665527344,269.9739990234375,True,25,0.8
639,27.581308881389663,0.9324370215351859,246.38453674316406,8.959676742553711,0.03771931258458822,313.876953125,377.9068908691406,True,25,0.8
640,-160.83879211181937,0.2939329852066701,5.286324912754e+18,2636932352.0,0.03166476932533456,25.497528076171875,21.05112648010254,True,25,0.8
641,21.50749054853856,0.7597629235782521,714.6244506835938,9.279603004455566,0.06752450879132382,234.52906799316406,322.757080078125,True,25,0.8
642,24.57167665053355,0.8908629579117793,154.3502960205078,6.203644275665283,0.042735657627282354,243.91192626953125,212.23655700683594,True,25,0.8
643,29.380615411383452,0.9379321604782582,122.4972915649414,8.76872730255127,0.05496654454978402,318.36187744140625,328.16986083984375,True,25,0.8
644,25.435066149764612,0.8942401267076824,37.644107818603516,1.1119468212127686,0.08960946427815789,65.44762420654297,120.64237213134766,True,25,0.8
645,36.615406258986965,0.9675867725452033,172.8355255126953,15.673166275024414,0.04134110721196289,924.4411010742188,890.6367797851562,True,25,0.8
646,-148.79946609905198,0.4975512520296857,2.6645932464211912e+20,20478535680.0,0.03061297769023642,536.0809326171875,593.9988403320312,True,25,0.8
647,26.02699421190023,0.9181312719365761,1026.6688232421875,22.89242935180664,0.03984938780865706,638.9141235351562,679.4232177734375,True,25,0.8
648,27.561127607576328,0.8298186633600858,921.083251953125,27.878803253173828,0.047122999467440155,740.0182495117188,789.382080078125,True,25,0.8
649,32.33891175946778,0.9659347603303237,145.2210235595703,8.732381820678711,0.05236902026763776,538.1145629882812,498.9437561035156,True,25,0.8
650,26.460538695401603,0.9193810312859753,9.705191612243652,1.1895627975463867,0.08542530001286214,41.37338638305664,87.83336639404297,True,25,0.8
651,-154.0473378321324,0.39560088306142577,7.32250959463284e+20,13125745664.0,0.031106444016008143,667.1256713867188,537.5694580078125,True,25,0.8
652,32.48496599795017,0.9597873080702513,185.2518310546875,9.387483596801758,0.052294430543490686,524.3004150390625,587.2542724609375,True,25,0.8
653,-15.595310671249635,0.43377368239611225,19721788.0,7675.67919921875,0.042836516718330074,654.6729125976562,745.6940307617188,True,25,0.8
654,28.781716361771576,0.9180869537704096,246.3584442138672,4.485653400421143,0.04734266617852127,381.18939208984375,432.2278747558594,True,25,0.8
655,29.68615159790653,0.9735590560886513,17.69027328491211,1.3535786867141724,0.054476711453500866,111.81200408935547,128.45272827148438,True,25,0.8
656,27.69983202168489,0.8473185762538122,113.59544372558594,11.06771469116211,0.05237879431181469,291.3539733886719,284.49212646484375,True,25,0.8
657,25.424950955748372,0.8827254204575385,304.9839172363281,5.346029758453369,0.0654812075676624,273.45098876953125,363.7192077636719,True,25,0.8
658,29.84075718792667,0.9573566538077021,294.5888977050781,4.615860462188721,0.11481630772774387,316.6560363769531,646.2713012695312,True,25,0.8
659,29.840232865733167,0.9481036163345354,312.6490173339844,12.726009368896484,0.03928066587545974,548.1184692382812,571.20751953125,True,25,0.8
660,23.511590861144192,0.7786027633383682,549.6036376953125,9.61463737487793,0.04485593141678598,274.8642578125,356.7406311035156,True,25,0.8
661,26.622444089125025,0.9222109407438561,2024.0184326171875,35.736141204833984,0.03412620526631483,1111.1767578125,986.5287475585938,True,25,0.8
662,23.933486282202743,0.9167249039495128,1471.11962890625,9.857956886291504,0.046322999711733086,498.9450378417969,606.1690673828125,True,25,0.8
663,38.400703514149264,0.9687992283080631,8.154806137084961,5.4984564781188965,0.0323835019112626,261.6630554199219,237.98956298828125,True,25,0.8
664,25.419667899476927,0.9000459505334955,30.167903900146484,4.362928867340088,0.04994134068390814,108.27565002441406,102.6806869506836,True,25,0.8
665,-121.98295545542996,0.4931508266461761,3.726836753026253e+16,73139696.0,0.038116316935241076,177.89413452148438,153.70628356933594,True,25,0.8
666,-inf,,inf,inf,0.022770077861779165,367.8800964355469,246.71177673339844,True,25,0.8
667,-inf,,inf,1.1627974554864845e+18,0.02362803659199408,160.78150939941406,161.52069091796875,True,25,0.8
668,-305.50527139715166,,inf,1.2976175097000755e+18,0.023171881386940214,199.03863525390625,187.38046264648438,True,25,0.8
669,-60.66963408092546,0.4266181579260522,95162843136.0,368491.21875,0.035913794965382204,359.31402587890625,285.81005859375,True,25,0.8
670,31.21642690652919,0.9462172940327287,21.309215545654297,2.196923017501831,0.06682829659645567,136.93234252929688,174.20022583007812,True,25,0.8
671,23.63893823378519,0.9230323753812734,3469.00146484375,4.518715858459473,0.0619067706196789,620.14697265625,896.86865234375,True,25,0.8
672,27.731831177200284,0.951139269029516,11.095996856689453,0.36366045475006104,0.05160958568792233,60.661033630371094,81.15351104736328,True,25,0.8
673,34.38198043685276,0.9568372283965134,100.38319396972656,12.072795867919922,0.046865954524495386,578.18408203125,524.9868774414062,True,25,0.8
674,33.03252932753723,0.9415199397472036,82.5418930053711,2.1552693843841553,0.08610336927246294,191.30274963378906,410.9864196777344,True,25,0.8
675,35.44735444169003,0.9619286492451549,259.9702453613281,16.98553466796875,0.042970945795400756,878.5175170898438,982.396240234375,True,25,0.8
676,29.437348320117522,0.946137898973544,12.82325267791748,2.125138521194458,0.04757336299079714,87.99678802490234,112.92686462402344,True,25,0.8
677,-224.19647005299083,0.2553307749652604,4.1649073527016685e+27,192073537945600.0,0.03164455911408336,469.89642333984375,398.4577331542969,True,25,0.8
678,23.22917163059184,0.77324832030918,4435.2783203125,234.26568603515625,0.03367737528916748,1213.03076171875,969.5009765625,True,25,0.8
679,35.31443126391421,0.9847028371258048,219.45657348632812,12.922347068786621,0.05842450662247364,795.9209594726562,865.6416015625,True,25,0.8
680,29.054407326564714,0.9416832302007881,829.8356323242188,12.611516952514648,0.04600794989592022,708.3740844726562,817.2550048828125,True,25,0.8
681,-43.766528846313065,0.41223999148782836,1580360960.0,48225.3671875,0.034122219337393,339.33935546875,258.6449279785156,True,25,0.8
682,-89.78385435312462,0.39189269615268685,26752342556672.0,25020464.0,0.037115477043583575,154.1826934814453,171.71670532226562,True,25,0.8
683,31.00360736911623,0.9665185733322512,354.8189392089844,4.112606525421143,0.04140924950824022,559.389892578125,668.9745483398438,True,25,0.8
684,25.123865951099727,0.830142611297476,2337.775390625,26.16170883178711,0.038824330506895696,1197.0626220703125,929.4465942382812,True,25,0.8
685,31.173100721568403,0.9324901876826958,236.84042358398438,18.201435089111328,0.04001971528059771,625.4273071289062,557.2061157226562,True,25,0.8
686,-76.26994730543677,0.487799786737898,13804140232704.0,4967028.0,0.03514817497562948,524.8735961914062,572.0410766601562,True,25,0.8
687,29.57478779568381,0.9448624538417264,86.88644409179688,6.052628040313721,0.04889840332102139,330.6499938964844,280.6991271972656,True,25,0.8
688,35.063803398355205,0.9569895139927096,184.52243041992188,16.15679168701172,0.04282377505001552,798.0311279296875,769.7234497070312,True,25,0.8
689,37.247745863525395,0.9714264071193764,6.649257183074951,3.3911757469177246,0.03420332579986423,187.97679138183594,187.85670471191406,True,25,0.8
690,35.60266645505919,0.9797015045111147,28.922367095947266,3.803400993347168,0.043501897888084416,300.1246337890625,324.3555603027344,True,25,0.8
691,-114.21319542870091,0.49514979748446414,4.751926475987354e+16,12627475456.0,0.027834106981183125,563.0439453125,426.0110168457031,True,25,0.8
692,32.117200225741975,0.9456012007406499,157.88136291503906,6.74083948135376,0.054221567613307174,466.8974609375,508.102783203125,True,25,0.8
693,24.754023632300882,0.9039572160117957,196.76649475097656,8.175263404846191,0.03977254404158907,249.8285369873047,243.16732788085938,True,25,0.8
694,21.561895341985597,0.8500504675287642,93.3348617553711,0.3026535212993622,0.07723875702053229,62.0540885925293,115.72198486328125,True,25,0.8
695,21.053407961959874,0.8314936251742792,2875.49853515625,18.22796630859375,0.037734791458254556,466.8949890136719,611.0093994140625,True,25,0.8
696,25.910434788316913,0.9053906019824154,209.8104248046875,8.64583969116211,0.06858314187574457,271.74365234375,289.3419189453125,True,25,0.8
697,21.409989954713225,0.7850744856527013,2344.727783203125,14.72488021850586,0.06406350634480332,382.57098388671875,581.656982421875,True,25,0.8
698,25.481730450196153,0.9409386424224735,66.38664245605469,3.211005449295044,0.04590646480110228,128.70541381835938,155.20835876464844,True,25,0.8
699,23.49984138786937,0.8513252079726286,1028.4344482421875,13.597976684570312,0.0745216735148265,363.44244384765625,481.6589660644531,True,25,0.8
700,36.17115720055313,0.9814690460054006,68.00344848632812,4.602382659912109,0.049739354405003225,486.1512451171875,533.0568237304688,True,25,0.8
701,29.37610397092363,0.9282798915918843,2.879523992538452,1.1337271928787231,0.055574108393419586,44.222415924072266,52.77171325683594,True,25,0.8
702,-57.18995878511414,0.43997290960584456,59159724032.0,515605.28125,0.029043800962257494,520.41064453125,337.2676696777344,True,25,0.8
703,26.38692315331102,0.8671584441213628,41.51737594604492,3.5173776149749756,0.03942114169144898,139.61288452148438,135.28025817871094,True,25,0.8
704,-inf,,inf,inf,0.025714972095766245,108.08719635009766,64.31159210205078,True,25,0.8
705,34.77129006034218,0.9722238479660761,325.4413757324219,9.462355613708496,0.04658867356737952,888.9102783203125,989.9702758789062,True,25,0.8
706,29.616125858478284,0.8588760648599381,102.59101104736328,13.514370918273926,0.04559780270491429,336.5072937011719,323.031494140625,True,25,0.8
707,-138.93391683198777,0.28945581571740203,5.123442270654798e+19,17751281664.0,0.03403582217747731,887.5543212890625,810.0645751953125,True,25,0.8
708,29.56213494056531,0.9511527791849969,59.824520111083984,4.647192001342773,0.048889330088272356,213.48423767089844,255.38601684570312,True,25,0.8
709,-77.2551969194386,0.16664225483358808,24692213678080.0,12379413.0,0.039198528089117154,736.98193359375,681.8212280273438,True,25,0.8
710,23.76937054170814,0.8781274630421662,2395.31591796875,23.570785522460938,0.04321697998934502,664.3707885742188,760.4676513671875,True,25,0.8
711,-inf,,inf,inf,0.02536398704620111,867.6229858398438,596.0430908203125,True,25,0.8
712,33.45118943344703,0.9368339949840117,100.59622955322266,14.308621406555176,0.060468453336107085,506.98443603515625,472.1046142578125,True,25,0.8
713,28.1847454159493,0.8822565132798195,230.885498046875,2.716137409210205,0.12530460643752273,163.58644104003906,412.4290771484375,True,25,0.8
714,31.107181250975202,0.9165672160169903,94.65331268310547,10.559551239013672,0.044874095561027005,382.52459716796875,349.5194091796875,True,25,0.8
715,-152.63626423034364,0.31615689649579237,1.5852354028995346e+21,152077238272.0,0.03090721394880975,1312.56298828125,929.599609375,True,25,0.8
716,32.26886895988153,0.9557934277167138,407.8588562011719,23.041255950927734,0.0399594259208556,904.6119384765625,830.788818359375,True,25,0.8
717,27.6808989645615,0.9346509551662102,1588.4525146484375,27.56709098815918,0.039739945484950405,1074.1461181640625,965.0618896484375,True,25,0.8
718,-inf,,inf,inf,0.02153797722335326,272.57763671875,125.17292785644531,True,25,0.8
719,-40.279181742321164,0.4400870044737468,5690660352.0,96165.1484375,0.0366765135366132,719.0491333007812,731.1365966796875,True,25,0.8
720,19.74105478402656,0.8185185286335617,9304.603515625,25.29877281188965,0.043632408979018,806.2796630859375,938.402099609375,True,25,0.8
721,26.323570312180436,0.9346722014848108,76.82170104980469,3.13234543800354,0.05808928268410531,135.42178344726562,182.0518341064453,True,25,0.8
722,-72.13823151483706,0.45244189036887605,73057312768.0,549056.375,0.033926393218417714,71.82827758789062,67.42977142333984,True,25,0.8
723,29.404033300748964,0.8893878892317829,495.6479187011719,14.840280532836914,0.0459657930431415,641.4480590820312,741.3795166015625,True,25,0.8
724,29.395074409699184,0.8965084982546473,358.4033203125,15.687835693359375,0.05084672824410992,483.4678039550781,574.8986206054688,True,25,0.8
725,28.80354087335038,0.8458604657074862,555.2676391601562,26.939210891723633,0.04163001778897204,750.92333984375,841.9869384765625,True,25,0.8
726,24.21196115149779,0.8989553657758548,74.80265808105469,3.9617295265197754,0.042329823202532375,149.53309631347656,140.63259887695312,True,25,0.8
727,-83.7995026932559,0.385962762935381,151666368184320.0,11819714.0,0.038723481645477315,846.6017456054688,795.4720458984375,True,25,0.8
728,-91.78704962082747,0.39583692205177196,61743007006720.0,2251057.5,0.04062200322362894,226.99588012695312,202.42568969726562,True,25,0.8
729,-58.82959437847339,0.4917028416903107,20392882176.0,247614.71875,0.02990153883739056,225.88021850585938,164.49229431152344,True,25,0.8
730,-119.51964159539399,0.34037663372557714,2.345488082796544e+16,111609712.0,0.04288847079491677,177.22088623046875,165.10153198242188,True,25,0.8
731,36.63004843264031,0.97516171860252,144.13084411621094,10.315044403076172,0.041283426017362006,783.5292358398438,814.7601318359375,True,25,0.8
732,28.090898039680354,0.9580910064672169,686.2762451171875,9.334860801696777,0.04440622966356875,545.1997680664062,665.5320434570312,True,25,0.8
733,-132.73158219092258,0.45727108829532753,5.09369542336997e+18,251098726400.0,0.02617633000094424,804.7628784179688,523.5423583984375,True,25,0.8
734,-258.04175660050674,0.6576805643611668,8.227201407677735e+30,2073571824238592.0,0.03215526797192811,329.1762390136719,359.4716491699219,True,25,0.8
735,26.62118679310838,0.8959257597155615,1648.4940185546875,30.29901695251465,0.054449142173027834,687.1290893554688,877.3233642578125,True,25,0.8
736,-35.69588342316598,0.35634214559067257,567093632.0,386946.625,0.03388069227921771,465.30322265625,393.05267333984375,True,25,0.8
737,26.345055851404542,0.9010044757663743,1518.537109375,32.339927673339844,0.03149981515644551,1109.798828125,816.7828369140625,True,25,0.8
738,23.483956322318157,0.8849381398797896,864.18896484375,13.592011451721191,0.04072860283832476,384.85595703125,439.6957702636719,True,25,0.8
739,-212.14856023597716,0.15416695142943485,2.3309191441726132e+26,453694810226688.0,0.031321687618027914,440.88116455078125,377.5674743652344,True,25,0.8
740,24.37695850777984,0.8483653862223459,782.9320678710938,18.36487579345703,0.04704490653547648,546.6156616210938,463.21710205078125,True,25,0.8
741,-46.63961465260391,0.32643727992548643,4205119232.0,129122.3515625,0.036178584223596356,398.3138427734375,302.0765075683594,True,25,0.8
742,25.31522832002249,0.8677504896998436,1642.50537109375,32.2940559387207,0.04778455200362383,917.9945678710938,747.8617553710938,True,25,0.8
743,-111.83580754206602,0.2934904920063955,3.859426258924339e+16,550071104.0,0.03742711240630762,581.6807250976562,503.2176818847656,True,25,0.8
744,28.972702548454272,0.9384934045797285,64.83503723144531,5.918882846832275,0.04003938410662346,242.88021850585938,232.98048400878906,True,25,0.8
745,25.656045216650686,0.8709909877991179,2107.82763671875,17.324119567871094,0.06778436517259862,617.6552734375,899.6749877929688,True,25,0.8
746,32.63038572916412,0.9517534680134002,80.53155517578125,11.190613746643066,0.04040359917839628,400.2776794433594,384.50732421875,True,25,0.8
747,36.76694398706359,0.9680654689116005,62.22530746459961,11.104263305664062,0.055788898854177545,544.0161743164062,544.0093383789062,True,25,0.8
748,30.24328732128164,0.9585504093821573,721.2655639648438,11.945039749145508,0.05438832472548333,695.78076171875,906.5656127929688,True,25,0.8
749,20.215195644055676,0.7038638540381428,3648.01513671875,9.51518726348877,0.04664243478924144,482.510009765625,624.61376953125,True,25,0.8
750,-192.6907513711633,0.4575588541995384,2.2692988202533737e+23,2297152667648.0,0.02597494389141653,149.91302490234375,117.78114318847656,True,25,0.8
751,-inf,,inf,inf,0.024493295332111045,1609.1776123046875,939.8922729492188,True,25,0.8
752,-inf,,inf,inf,0.02502920063652902,853.8203735351562,628.080322265625,True,25,0.8
753,26.719231468666344,0.9000825163614201,238.28323364257812,4.084319114685059,0.04209745289566784,241.80445861816406,335.5707092285156,True,25,0.8
754,26.01960489282149,0.9252380254083497,48.905113220214844,1.8977376222610474,0.05074639743885477,109.34468078613281,140.13279724121094,True,25,0.8
755,26.94306997682533,0.9338383588813037,1274.4937744140625,9.494207382202148,0.05458031751006499,650.4507446289062,794.2311401367188,True,25,0.8
756,-291.6626517975486,,5.639624511026537e+34,2.4456019322203013e+18,0.02513805427581781,738.2156982421875,620.4526977539062,True,25,0.8
757,-284.8182390577146,,8.351980352485732e+33,4.859997731579494e+16,0.025930978288788754,906.5337524414062,533.9276123046875,True,25,0.8
758,32.430599873672406,0.9732292091514304,455.68011474609375,7.137106418609619,0.044295252787153,794.902587890625,893.9987182617188,True,25,0.8
759,24.293357147485647,0.7993964990406317,2178.1572265625,26.710498809814453,0.0426415814846827,766.03857421875,788.80859375,True,25,0.8
760,28.316388927993327,0.9483782886320838,34.23410415649414,2.938633441925049,0.04496905812163016,135.05723571777344,152.52320861816406,True,25,0.8
761,-61.16908878231676,0.43024788710368816,118901170176.0,1695465.875,0.032704291423596384,305.4798889160156,312.41033935546875,True,25,0.8
762,25.312716776721448,0.9061043943933013,180.9667510986328,6.737268447875977,0.04900294040498419,239.0863037109375,249.2406463623047,True,25,0.8
763,20.676955569814297,0.84272778948512,4721.44677734375,24.12516975402832,0.053963086952870117,752.1536254882812,744.2023315429688,True,25,0.8
764,33.557080317078835,0.9374788696228904,0.5244040489196777,0.91464763879776,0.0524550520795479,36.425254821777344,34.4989013671875,True,25,0.8
765,32.85012141958743,0.9374827044267281,164.52659606933594,17.160442352294922,0.0473246379358683,583.43994140625,570.31982421875,True,25,0.8
766,25.457666936817837,0.8860064167472579,1586.7257080078125,16.70671272277832,0.04649689773569526,594.2255859375,762.6962280273438,True,25,0.8
767,26.3400502026167,0.9323434926131192,1712.6175537109375,7.585036754608154,0.06024756792749905,604.6930541992188,876.8888549804688,True,25,0.8
768,33.835520424147376,0.9709720004915083,48.426048278808594,7.213401794433594,0.047602923561876155,351.3951416015625,342.7396545410156,True,25,0.8
769,27.51302600437152,0.8575976952406797,1013.4293212890625,8.772610664367676,0.06293494634072153,470.34442138671875,821.43603515625,True,25,0.8
770,21.25711464463086,0.7733642161003615,91.53814697265625,2.69667649269104,0.05703884857742901,89.35546112060547,111.52110290527344,True,25,0.8
771,37.08855614520469,0.9881124622558539,139.9988250732422,7.54504919052124,0.03491478403028725,765.6506958007812,846.6058349609375,True,25,0.8
772,-267.67539226168145,0.3465621481054055,9.645790627725219e+30,2447849769926656.0,0.02938189955604568,212.2255401611328,128.36117553710938,True,25,0.8
773,33.307972346231075,0.9454892612647715,72.98274230957031,13.585673332214355,0.04309221954360006,433.3269348144531,397.8900146484375,True,25,0.8
774,-60.00674213990996,0.3404874885491638,635485224960.0,2414017.0,0.037984048564027616,914.2549438476562,797.498046875,True,25,0.8
775,30.473840239416347,0.903224788349939,15.620250701904297,3.3491711616516113,0.05786078661049503,124.48258972167969,150.76751708984375,True,25,0.8
776,28.63907287855219,0.9640193826704448,72.26644134521484,2.798887252807617,0.05396831866685239,195.32017517089844,230.0221405029297,True,25,0.8
777,24.775572983295966,0.891490585825207,1734.6219482421875,13.656730651855469,0.07694394498292319,562.1967163085938,722.5303344726562,True,25,0.8
778,27.857412715879203,0.950897972796293,848.9973754882812,13.234601974487305,0.08194191022510368,738.6217651367188,720.3165283203125,True,25,0.8
779,37.05046635355403,0.9753749505900254,81.0311508178711,7.8014373779296875,0.061003968455288916,605.1445922851562,641.5064697265625,True,25,0.8
780,29.699499740154735,0.9403633853214937,505.9307556152344,9.33361530303955,0.04604390298512519,495.44769287109375,694.2545166015625,True,25,0.8
781,31.188412016519308,0.9657479082882958,224.40328979492188,10.371281623840332,0.054651521860358106,532.6989135742188,543.1817016601562,True,25,0.8
782,23.87833259357759,0.9037079220790016,258.7335510253906,4.410402774810791,0.07998720971090316,164.10581970214844,252.54725646972656,True,25,0.8
783,30.604010760602186,0.9520837211956427,101.12079620361328,7.805208683013916,0.04240596700724557,332.1837158203125,346.3503112792969,True,25,0.8
784,32.66119928332904,0.9693972958622825,18.016918182373047,2.668961524963379,0.04162856413032117,177.519287109375,182.41612243652344,True,25,0.8
785,-266.44898142812303,0.4327069027995486,3.329696995072444e+32,1.5327141625331712e+16,0.028568467826921864,912.7202758789062,908.5421142578125,True,25,0.8
786,30.541812476625193,0.9657774037067366,299.9309387207031,7.9033732414245605,0.06013612542094523,554.9339599609375,583.8084106445312,True,25,0.8
787,-271.4722939588663,0.36643897645921286,2.2028700048663035e+32,3.297174452436992e+16,0.025162672314013756,629.3140869140625,401.4505615234375,True,25,0.8
788,33.88857996058335,0.9795386217942056,85.26044464111328,6.489138603210449,0.03659973595555252,457.6866149902344,462.5437927246094,True,25,0.8
789,38.25060797479759,0.9703058071196141,134.14593505859375,15.293928146362305,0.041818152967674715,907.7702026367188,947.3360595703125,True,25,0.8
790,24.428012959086853,0.9017310019443628,76.79320526123047,4.8347086906433105,0.04742934817882742,157.98513793945312,154.19805908203125,True,25,0.8
791,33.18920739022473,0.9498630895349509,165.05548095703125,12.976048469543457,0.04324866538284629,606.2849731445312,586.6436157226562,True,25,0.8
792,28.081837201927904,0.9531546068926591,397.5557861328125,11.739485740661621,0.051068721618119255,465.6028137207031,506.3827819824219,True,25,0.8
793,23.07539645856268,0.9126746239766798,1832.3583984375,24.517229080200195,0.04669860467522689,776.2433471679688,611.8427734375,True,25,0.8
794,-274.06580884368003,0.39188980615833746,9.247367514322192e+29,419192062869504.0,0.035727035557873404,13.407703399658203,19.092073440551758,True,25,0.8
795,-147.81835546670726,0.3757145335461482,4.6030362923930694e+20,290557788160.0,0.03110421894296625,1028.2703857421875,872.2517700195312,True,25,0.8
796,27.277010677163155,0.866722892016899,1439.8193359375,30.71780014038086,0.03696874595468295,1027.860107421875,932.1861572265625,True,25,0.8
797,37.00215700939584,0.9451398431093762,63.569793701171875,15.587158203125,0.0349797241953949,565.2827758789062,565.5680541992188,True,25,0.8
798,29.894825898155922,0.952628383026588,496.2314758300781,7.618891716003418,0.040942173850126794,593.0232543945312,696.9541625976562,True,25,0.8
799,29.559086536859184,0.8711355129589391,686.0890502929688,19.906692504882812,0.03999965236247409,908.5812377929688,922.576904296875,True,25,0.8
800,-inf,,inf,3.463588414928978e+17,0.032321447212734174,1027.8614501953125,707.5313720703125,True,25,0.8
801,28.088344589114826,0.9582245816602549,36.488914489746094,0.9785760641098022,0.05830206354738389,121.0130615234375,153.38650512695312,True,25,0.8
802,27.253390256264844,0.9303962608570593,616.2506103515625,12.504997253417969,0.049115593089477466,562.0639038085938,576.7120971679688,True,25,0.8
803,27.45433902958673,0.9491181371904626,661.6804809570312,5.698695659637451,0.03973475810867903,512.1371459960938,607.1083374023438,True,25,0.8
804,-140.29720887192795,0.5512940312809921,1.9100491697352606e+19,13962417152.0,0.028641682562874575,563.9419555664062,424.70654296875,True,25,0.8
805,-104.30890346527275,0.25252621695795435,1.4622547945455616e+16,177825696.0,0.03912630057233928,771.2211303710938,736.707763671875,True,25,0.8
806,25.388242808000516,0.9367684729251207,2522.58642578125,3.1129355430603027,0.05272392222898426,755.1873779296875,934.4326782226562,True,25,0.8
807,27.403532988057076,0.9325520710248819,1549.7119140625,28.25293731689453,0.05099190358985277,981.5977783203125,925.6429443359375,True,25,0.8
808,32.9607407417084,0.9589073543193662,102.94908142089844,8.921890258789062,0.06113155952278259,457.4323425292969,451.3885192871094,True,25,0.8
809,-107.89623264901337,0.22517893652989276,785329938235392.0,43676524.0,0.04002922628459836,173.52291870117188,114.12480926513672,True,25,0.8
810,20.10101337447622,0.8218169403352077,9450.5380859375,40.07019805908203,0.04245456632444974,1150.8118896484375,984.8563842773438,True,25,0.8
811,35.044524787212374,0.9590315523300746,220.2266387939453,14.308349609375,0.03997229022251843,802.7035522460938,839.0592041015625,True,25,0.8
812,-129.82878133787352,0.459855941380947,1.513834409717924e+17,1160256000.0,0.030529678693429204,143.09060668945312,125.53801727294922,True,25,0.8
813,26.375250692779208,0.8464317513250513,1917.18603515625,40.46164321899414,0.035709754803501956,1009.230224609375,920.9210205078125,True,25,0.8
814,26.582056146508464,0.9145263477341032,1572.820556640625,17.068300247192383,0.06422988541909065,675.1314697265625,870.0264892578125,True,25,0.8
815,30.76315381114356,0.9346144177765423,226.11883544921875,11.040064811706543,0.0364976833587104,594.387939453125,519.3192138671875,True,25,0.8
816,20.529898019855025,0.8738905511862191,3064.634765625,13.938286781311035,0.0438844404583431,539.7647705078125,591.6841430664062,True,25,0.8
817,-128.7461198803209,0.40879695609591565,1.195922717174399e+18,3749349120.0,0.029285515412476183,474.66119384765625,399.60369873046875,True,25,0.8
818,-219.8604232121359,0.4215455415267016,3.0042890824806467e+25,20640809615360.0,0.03525431648112238,52.1364860534668,55.706878662109375,True,25,0.8
819,24.23381849899442,0.9123509777219672,425.2604675292969,1.287154197692871,0.06329038357627807,246.6718292236328,335.8620300292969,True,25,0.8
820,31.293300692072073,0.9602207084127747,478.16668701171875,12.84411334991455,0.060082858267361,724.52587890625,803.0505981445312,True,25,0.8
821,27.091952421661894,0.8882257877483818,0.05403919517993927,0.12595978379249573,0.06159244919537258,4.750667572021484,5.6273908615112305,True,25,0.8
822,33.22483722772346,0.9753857611594924,52.442665100097656,8.688713073730469,0.04063618318816068,347.8895568847656,334.1656799316406,True,25,0.8
823,-65.37290571773306,0.4294248437999811,547345825792.0,639297.75,0.03417078266994102,600.0203857421875,398.7705383300781,True,25,0.8
824,32.01722978991675,0.9708851495578931,181.7217559814453,9.717117309570312,0.03566531917154114,571.0374755859375,537.8582153320312,True,25,0.8
825,23.88286796936162,0.8598733848269949,3437.81005859375,5.047931671142578,0.0867979694377511,547.3547973632812,919.935791015625,True,25,0.8
826,30.116724154371177,0.9247232840787638,116.76566314697266,13.371138572692871,0.04189843306849015,371.0638122558594,346.9996337890625,True,25,0.8
827,-inf,,inf,inf,0.01724231841160805,748.4368286132812,347.60626220703125,True,25,0.8
828,29.739111338652798,0.9670623398017834,567.0671997070312,23.464815139770508,0.041857888408100515,892.7411499023438,737.7637329101562,True,25,0.8
829,-33.6735305225428,0.36089473781750997,390231392.0,88597.453125,0.03657715400593982,500.89422607421875,452.7657165527344,True,25,0.8
830,-237.30644884014237,0.3803113092609726,2.7277071187011845e+28,185118576607232.0,0.02484645321875179,246.84689331054688,225.38021850585938,True,25,0.8
831,-229.47128238565261,0.20489583993537883,1.814095195447781e+28,56985164709888.0,0.02995514513436538,674.7939453125,452.9870910644531,True,25,0.8
832,25.356547752143722,0.946506880963571,58.33497619628906,2.335517168045044,0.0428282297397435,133.94859313964844,141.71615600585938,True,25,0.8
833,-98.24680420882504,0.30947685369541544,185289402220544.0,15010463.0,0.036762132924263224,244.3474578857422,177.21060180664062,True,25,0.8
834,29.447435703351815,0.8970196143223282,278.55426025390625,18.925100326538086,0.0421879296936283,535.326171875,498.8694152832031,True,25,0.8
835,32.135206033889695,0.9768533291923741,106.457763671875,6.048261642456055,0.046769825342906024,339.9326171875,419.50653076171875,True,25,0.8
836,26.525371338435914,0.8586743597702438,1820.2060546875,19.672168731689453,0.04402078264241751,843.5980224609375,914.9310302734375,True,25,0.8
837,23.354247383752096,0.8748144784065129,600.8323364257812,6.373547554016113,0.04912009288441681,321.72369384765625,363.031494140625,True,25,0.8
838,27.587779948975097,0.9197274796103423,587.1124877929688,11.952034950256348,0.04126351844064578,522.9559936523438,581.0077514648438,True,25,0.8
839,27.222882965503356,0.8839093440287277,684.8328857421875,14.16585636138916,0.05572135686141128,529.3777465820312,632.6320190429688,True,25,0.8
840,35.71861526360707,0.9664972622804844,0.05302708223462105,0.2847703695297241,0.036903588723875565,14.714873313903809,14.081361770629883,True,25,0.8
841,23.883183070851818,0.910488574055357,1783.005615234375,14.694121360778809,0.05181271114368286,545.0040283203125,663.8738403320312,True,25,0.8
842,-219.2580067560603,0.3907305832371234,2.6527856824032085e+26,24448696582144.0,0.028684095439772336,234.45799255371094,178.85792541503906,True,25,0.8
843,-108.41351597347673,0.4617324552184913,6.407113241578701e+16,404331584.0,0.03294711067232445,1055.365966796875,961.1092529296875,True,25,0.8
844,-73.99910793294761,0.41910691152794916,559780331520.0,1389662.75,0.03306067929365881,152.22384643554688,149.51406860351562,True,25,0.8
845,29.819403941264074,0.9490418694798053,179.51535034179688,6.946963787078857,0.06022506895834618,345.0016174316406,415.2095031738281,True,25,0.8
846,-153.60341524680635,0.3605581779874886,1.7047292270946025e+19,5742252032.0,0.03132063703285066,88.25975799560547,86.26432037353516,True,25,0.8
847,25.644871341464025,0.9130151516597399,2608.300537109375,18.526086807250977,0.06290974963862957,695.0621948242188,996.8773803710938,True,25,0.8
848,31.89036941368439,0.9730449035471561,163.294189453125,9.473665237426758,0.03532139995654518,414.06597900390625,502.69281005859375,True,25,0.8
849,22.255796791159916,0.8665088343702427,2068.815673828125,15.133394241333008,0.040395031789592056,692.975830078125,595.7896118164062,True,25,0.8
850,24.042840146862954,0.8768394254931317,17.689987182617188,2.1516921520233154,0.03995864423112956,76.55010986328125,68.0093994140625,True,25,0.8
851,30.216553831305262,0.9650468612695257,534.5657348632812,12.105423927307129,0.07150294726756082,622.0899658203125,750.2105102539062,True,25,0.8
852,,,,,0.018636710008256376,342.6788024902344,210.69569396972656,True,25,0.8
853,26.284438418743726,0.8901695868253162,1863.4967041015625,28.77124786376953,0.042493650546035974,876.0259399414062,898.15625,True,25,0.8
854,29.725587473424426,0.9663931109526332,45.09333801269531,1.2531040906906128,0.05822287316260552,180.30799865722656,205.9344940185547,True,25,0.8
855,-67.19615346668773,0.3692263029784882,191537561600.0,369270.0,0.041755554841389445,239.29788208007812,191.49703979492188,True,25,0.8
856,-37.571276105259685,0.4993041463686732,8026214.5,5981.419921875,0.03375878562807321,43.985286712646484,37.513118743896484,True,25,0.8
857,23.60209065319408,0.8905100814599707,967.3796997070312,9.581897735595703,0.06522769664687068,371.3981628417969,472.5948791503906,True,25,0.8
858,36.937476671608856,0.9664919372759491,64.59479522705078,10.403182029724121,0.04262181396403182,589.1234130859375,565.2763061523438,True,25,0.8
859,22.972048685191112,0.914422829993938,22.336668014526367,0.8655011057853699,0.05324216408564413,52.4975700378418,66.64292907714844,True,25,0.8
860,20.358464501060137,0.8574085881557774,5529.982421875,10.796066284179688,0.05115687814050016,707.0034790039062,775.7520751953125,True,25,0.8
861,25.850757388264306,0.9418613051955268,501.9425048828125,10.684420585632324,0.05917912543199638,385.94110107421875,453.8355407714844,True,25,0.8
862,31.5475190189758,0.9618567143123832,186.64259338378906,7.65173864364624,0.05905831189655881,329.8975830078125,524.8659057617188,True,25,0.8
863,-8.359355793413604,0.387456598970473,1311299.0,3989.744384765625,0.04056491465391532,392.8366394042969,441.3219909667969,True,25,0.8
864,28.661759597857564,0.9199665670578202,214.2645721435547,6.3687744140625,0.05507887582811735,337.2442321777344,401.3623046875,True,25,0.8
865,26.874890949625787,0.8994289593611554,643.6487426757812,20.594837188720703,0.04919036195512731,649.7576293945312,560.0806884765625,True,25,0.8
866,-201.341078684069,0.2128071796921414,3.316164841062491e+24,643937533952.0,0.03749472020692172,143.76119995117188,156.0850067138672,True,25,0.8
867,35.077913352981064,0.9841501714798196,10.36019229888916,2.184695243835449,0.047139514685047616,168.8441619873047,182.74620056152344,True,25,0.8
868,21.040481823654595,0.8088264737477174,5709.00439453125,24.02813148498535,0.03693926452071588,816.5928955078125,861.923828125,True,25,0.8
869,35.04356085453135,0.9561038107002852,279.8630676269531,23.280244827270508,0.04284364194568065,987.298095703125,946.1693725585938,True,25,0.8
870,34.79372307824867,0.9691300811044203,46.35112380981445,5.713833332061768,0.04819857452137962,358.0832824707031,373.9360046386719,True,25,0.8
871,-inf,,inf,inf,0.0189085835942496,543.7420043945312,271.47393798828125,True,25,0.8
872,17.087859876002646,0.7385869922830148,8099.44287109375,28.447763442993164,0.0393576581950836,768.1283569335938,644.3555297851562,True,25,0.8
873,25.639048130708886,0.9350176848955568,456.07720947265625,4.741250038146973,0.05963798447404696,333.2570495605469,409.325439453125,True,25,0.8
874,-13.960656070567605,0.3632437361541128,16035.9736328125,518.2544555664062,0.03805339751703118,30.057979583740234,26.36096954345703,True,25,0.8
875,21.20826482286183,0.8282660795640012,186.05393981933594,5.104218006134033,0.04557629332343307,145.78173828125,156.99644470214844,True,25,0.8
876,21.47328047236007,0.7805166074933924,3632.0322265625,32.06257247924805,0.03953674949249367,892.1544799804688,716.2562866210938,True,25,0.8
877,32.10742608724371,0.9608310889010582,267.41473388671875,10.46521282196045,0.05774351459453709,602.3727416992188,659.2650146484375,True,25,0.8
878,26.734885051589732,0.9229820368102994,1.5369385480880737,0.5395774245262146,0.05507164158608909,22.195865631103516,28.068897247314453,True,25,0.8
879,32.13437899589075,0.9778915786629367,30.339509963989258,1.6606680154800415,0.05637291402965948,208.66014099121094,222.75018310546875,True,25,0.8
880,-inf,,inf,inf,0.018361324655539524,426.196533203125,231.84371948242188,True,25,0.8
881,26.942219244364935,0.8788286813160441,765.8628540039062,10.4654541015625,0.07384056706806087,453.9308166503906,672.2208251953125,True,25,0.8
882,26.874331565545685,0.937737046772666,0.8021457195281982,0.3586755096912384,0.054164217155490024,15.513278007507324,20.690826416015625,True,25,0.8
883,-inf,,inf,inf,0.023943351347498483,133.2611846923828,105.00447082519531,True,25,0.8
884,23.959794326502085,0.9070517232389765,2567.610595703125,20.215984344482422,0.04697933224694749,732.2741088867188,800.1161499023438,True,25,0.8
885,21.459145494949546,0.7652807833620134,221.50514221191406,5.563673973083496,0.05679795625197786,125.67916107177734,179.36611938476562,True,25,0.8
886,-230.03117657559173,0.4702836266753649,4.279077468886023e+28,235262588223488.0,0.031972268594643145,729.0624389648438,653.0933837890625,True,25,0.8
887,-272.52128487695006,0.43722955420128223,1.019578248330783e+32,3363291984297984.0,0.030433951648003374,285.0230407714844,238.94459533691406,True,25,0.8
888,32.911728840635675,0.9333275810760611,5.1444501876831055,3.191847085952759,0.0429415210072162,107.73998260498047,100.34194946289062,True,25,0.8
889,25.820177815281728,0.8487776107858445,153.44725036621094,3.6722803115844727,0.06781715226085991,137.3443603515625,243.92901611328125,True,25,0.8
890,-118.97564531751152,0.5118049809593088,4.111494539452088e+17,1961243520.0,0.02953356587899069,784.639892578125,722.544677734375,True,25,0.8
891,39.223335126136256,0.9818114070884952,87.4563980102539,11.803410530090332,0.03483143161882434,850.5872192382812,855.8407592773438,True,25,0.8
892,-60.16174259546932,0.4320944879992562,708240801792.0,1788720.625,0.03763235086977326,1023.49658203125,830.3896484375,True,25,0.8
893,20.4276739885479,0.8454388222454469,1429.887939453125,9.984648704528809,0.046341845043100585,425.3108215332031,397.7863464355469,True,25,0.8
894,34.97373497252815,0.9557751484745797,142.01698303222656,14.385163307189941,0.0467736362932323,655.7117919921875,668.4170532226562,True,25,0.8
895,34.27258468986349,0.9363726145511934,15.817503929138184,4.856198310852051,0.04552199060376228,203.83836364746094,205.77931213378906,True,25,0.8
896,-281.2662647917398,0.31373570981174936,1.0839494282060687e+33,1.832078429650944e+16,0.03228417302877961,400.1663513183594,293.8545837402344,True,25,0.8
897,30.221090108649907,0.9277859940877188,565.8399658203125,15.852529525756836,0.040128105917440024,805.5267944335938,896.439453125,True,25,0.8
898,-228.26791362657548,0.5095534219615108,1.3110207081963802e+25,10634034937856.0,0.025604910686595723,15.298623085021973,13.988921165466309,True,25,0.8
899,-221.7842228228183,0.32198269030054305,1.1258883545691478e+26,8873572302848.0,0.03408356565359877,98.6786880493164,86.42301940917969,True,25,0.8
900,35.728497631910415,0.9834201435248057,11.61724853515625,2.6309123039245605,0.04475253322174079,189.97276306152344,208.67837524414062,True,25,0.8
901,34.538720749808625,0.9674649933973948,0.2655058205127716,0.4301263391971588,0.05713868535057407,27.111217498779297,27.505672454833984,True,25,0.8
902,24.31144084536179,0.8754655910988403,115.528076171875,5.527776718139648,0.05209699171411372,185.11341857910156,182.25399780273438,True,25,0.8
903,33.24203543804479,0.9509359358111156,146.02391052246094,10.00433349609375,0.04034641232058797,571.01806640625,583.45849609375,True,25,0.8
904,29.764206248860244,0.966270140957537,187.19424438476562,6.068130970001221,0.04688205031544411,312.601806640625,422.00311279296875,True,25,0.8
905,23.766407003411988,0.908981547961002,3333.836669921875,29.095172882080078,0.04790637061670344,834.689453125,892.779052734375,True,25,0.8
906,28.710372166872258,0.965321741713705,898.2689819335938,14.822265625,0.03709005033640314,808.0278930664062,817.6260986328125,True,25,0.8
907,36.197037631982816,0.9681454407064661,28.072084426879883,7.2224440574646,0.039783625368499796,349.1821594238281,342.47552490234375,True,25,0.8
908,31.469377576600408,0.9719761793950517,48.23540496826172,3.3062806129455566,0.04410908546279959,232.89637756347656,260.16400146484375,True,25,0.8
909,26.562782872631118,0.9459777982872829,318.42431640625,4.440727233886719,0.038869284869285446,342.7615661621094,380.3127136230469,True,25,0.8
910,31.185706964684265,0.9502798248893582,265.04022216796875,14.909699440002441,0.04750515300098119,628.769775390625,590.7046508789062,True,25,0.8
911,29.129521116210558,0.9169382864130724,73.47682189941406,5.7153191566467285,0.07010821695212459,210.7938690185547,268.7955627441406,True,25,0.8
912,28.779204854234983,0.9413365072064233,401.7606201171875,10.3929443359375,0.0625923339290721,505.912353515625,624.5247802734375,True,25,0.8
913,27.417920405809056,0.8555927531643329,221.02435302734375,14.977250099182129,0.04148724897386285,410.4080505371094,410.0022277832031,True,25,0.8
914,28.51009618211571,0.9545269513308572,429.83642578125,7.0560173988342285,0.05269122597226049,449.51617431640625,552.4951171875,True,25,0.8
915,22.104327805707765,0.8798796054091395,1174.0,2.6666390895843506,0.0583139671717692,328.83416748046875,436.6903991699219,True,25,0.8
916,21.922777031019514,0.8775024080196813,558.5805053710938,2.5147697925567627,0.06872795710637473,189.10903930664062,295.1712951660156,True,25,0.8
917,29.875521191783566,0.9587181019909119,924.9686889648438,8.549178123474121,0.042489727691626004,811.7426147460938,948.5048828125,True,25,0.8
918,22.81137304926117,0.9201798543864544,2987.046630859375,15.191826820373535,0.06776888685370897,540.4207763671875,763.8421630859375,True,25,0.8
919,-276.9866739096116,0.2748611011646435,9.893809254959242e+31,1.5718021230231552e+16,0.03218093646154563,152.0435791015625,140.9730682373047,True,25,0.8
920,-264.5878753703834,0.2925627630165534,2.090293091690609e+32,3.390379752475853e+16,0.02786521928190505,1078.618896484375,868.5994873046875,True,25,0.8
921,31.418118423742733,0.934120678853232,127.20454406738281,8.632983207702637,0.05800989425581689,364.0146484375,487.9437561035156,True,25,0.8
922,-242.97399387210405,0.5429736838990321,1.5866528785644906e+30,1.959698057092137e+17,0.023241217722455826,902.5352783203125,894.6576538085938,True,25,0.8
923,-22.387728404109613,0.4575321778947927,109915568.0,27289.546875,0.03935260104097717,709.6416015625,800.055419921875,True,25,0.8
924,30.47857623634776,0.9157900075217703,162.09742736816406,22.891036987304688,0.04069432168411218,536.757568359375,425.7882995605469,True,25,0.8
925,-250.5116612987075,0.4464518905793181,6.183209303696197e+27,86300724035584.0,0.02695628193570581,30.68913459777832,23.44683837890625,True,25,0.8
926,29.114105706465473,0.9460444066931096,88.77700805664062,8.092995643615723,0.04039560338151332,298.5377197265625,269.40869140625,True,25,0.8
927,-101.76655514734577,0.31535202246451066,4409925585338368.0,114786728.0,0.03283381085736031,709.0692749023438,542.0925903320312,True,25,0.8
928,-54.71267724074423,0.5279456665488867,117805670400.0,47962924.0,0.03247950438190831,650.7999267578125,633.8447265625,True,25,0.8
929,26.822469508501094,0.9099921642027035,139.0084686279297,10.906914710998535,0.05008762884976735,310.49945068359375,258.6297912597656,True,25,0.8
930,-112.26234016805415,0.43377075366575946,3294166364717056.0,145803184.0,0.030741581883877822,164.983154296875,140.2167205810547,True,25,0.8
931,-21.697464727726803,0.33530348843787555,101830280.0,18931.4609375,0.04169776766489829,846.443115234375,835.0953369140625,True,25,0.8
932,32.264018624923764,0.9792713473086756,573.48095703125,13.897285461425781,0.04814536472036302,943.35302734375,984.4177856445312,True,25,0.8
933,26.3752755564202,0.8639820185759065,592.8389892578125,4.644957542419434,0.09687768892817666,204.3769073486328,526.1644897460938,True,25,0.8
934,24.350185684480277,0.8454109536681154,101.3616943359375,5.571423530578613,0.0445028145496491,206.04287719726562,172.5076141357422,True,25,0.8
935,-95.06634298929804,0.4886494330435429,237724040691712.0,21020064.0,0.031344238262124305,289.8316650390625,273.0350341796875,True,25,0.8
936,27.516633163598208,0.8995039469143904,0.6534603238105774,0.5530810356140137,0.045076169592153666,19.016088485717773,19.372285842895508,True,25,0.8
937,33.29748388611365,0.9533726856635328,384.689208984375,30.94209098815918,0.03666931114831605,1111.46533203125,914.384521484375,True,25,0.8
938,22.050184801278792,0.8654459590403223,87.73934173583984,2.966360092163086,0.041801811697109524,127.4599838256836,118.63333129882812,True,25,0.8
939,-157.65540953481602,0.46287440158757387,1.911652222504186e+21,31376039936.0,0.03362747931622037,541.8240966796875,576.93994140625,True,25,0.8
940,21.21296560750511,0.8060168740827344,565.146240234375,3.839874744415283,0.0653521780055158,204.9054718017578,274.7811584472656,True,25,0.8
941,25.027757579949338,0.8904477271756688,767.8842163085938,10.682303428649902,0.0734309424264243,405.7451477050781,554.6238403320312,True,25,0.8
942,29.484563524943436,0.9195084605352536,464.4971923828125,21.493938446044922,0.04089882860403425,622.33251953125,651.7689819335938,True,25,0.8
943,26.91274924305177,0.8959616228392188,1325.1458740234375,33.39862060546875,0.043343142124966955,887.488525390625,829.9120483398438,True,25,0.8
944,26.525773252889206,0.92754408436317,90.51866912841797,6.341219902038574,0.05484643405996274,192.7318878173828,207.21484375,True,25,0.8
945,21.48796030308783,0.8683963849191708,1.0102492570877075,0.11107663810253143,0.08561771476544117,5.888315677642822,11.984832763671875,True,25,0.8
946,-inf,,inf,inf,0.01762856093986257,328.78082275390625,137.74874877929688,True,25,0.8
947,22.793187519210715,0.8622152668095249,3981.46435546875,18.076826095581055,0.06203475425747277,729.5916137695312,900.11865234375,True,25,0.8
948,24.101727975608917,0.9022062908400569,2956.509765625,9.828654289245605,0.04687889900038382,679.972900390625,874.0161743164062,True,25,0.8
949,33.846823080464944,0.9639970151355761,147.0726318359375,10.769388198852539,0.03954063803248296,589.687255859375,597.815673828125,True,25,0.8
950,25.45422247042685,0.9322324799694759,1017.2691650390625,3.743533134460449,0.06569490268411027,487.32659912109375,600.9163208007812,True,25,0.8
951,37.549433471443734,0.9702090178573095,77.75086212158203,9.386146545410156,0.04525778327859163,668.1436157226562,665.3716430664062,True,25,0.8
952,22.156308502643014,0.7465984534084897,160.47201538085938,5.532221794128418,0.03986606811654558,156.9288787841797,176.19590759277344,True,25,0.8
953,27.038957664180707,0.9006841402381689,1606.6595458984375,32.84220886230469,0.058988388506692135,1009.63134765625,914.49755859375,True,25,0.8
954,-inf,,inf,inf,0.021605013678939758,822.833740234375,419.35174560546875,True,25,0.8
955,28.253398114486167,0.9427368521375122,217.39938354492188,6.741349220275879,0.059483344381836264,303.8360595703125,383.7554016113281,True,25,0.8
956,-112.36646790508799,0.49961324514375577,4.645202981132698e+16,305277888.0,0.0360322124208632,507.1477355957031,519.3988037109375,True,25,0.8
957,31.973070030465912,0.9569255675124803,1.4577716588974,0.7895131707191467,0.04601345033700534,49.85968017578125,47.919002532958984,True,25,0.8
958,-11.700523446943812,0.5490449659802252,395248.84375,983.8538818359375,0.04512499804912176,130.0323944091797,167.11708068847656,True,25,0.8
959,27.03177814702879,0.946256011970518,1072.9102783203125,6.610090255737305,0.0443678205236595,591.2627563476562,738.2955932617188,True,25,0.8
960,-52.547565953155264,0.4348526727609363,965362368.0,438728.96875,0.036122816063189934,62.75065994262695,83.71586608886719,True,25,0.8
961,-130.34615958095378,0.46230234916185575,3.8662638640394404e+18,3841246720.0,0.02775014560661275,807.8616943359375,603.5489501953125,True,25,0.8
962,-76.84056246156406,0.46990330374205014,2922574774272.0,880034.6875,0.03510965397276354,269.0803527832031,246.103759765625,True,25,0.8
963,24.546847521520263,0.9065602520450476,520.4672241210938,10.016241073608398,0.04591126339496956,365.0384521484375,389.90631103515625,True,25,0.8
964,-118.56843781317724,0.4051297592282677,2.621271368846541e+16,2246292224.0,0.027699124999133868,321.5137023925781,289.405029296875,True,25,0.8
965,25.324702206710157,0.9241035281878995,367.1214599609375,5.943406581878662,0.06119056287481673,250.88046264648438,356.3170471191406,True,25,0.8
966,29.467820827546486,0.967641741006613,584.2200317382812,6.063434600830078,0.053276542146985933,635.4185180664062,719.3268432617188,True,25,0.8
967,19.789203319743716,0.8758840923911437,916.501708984375,7.922608375549316,0.04030096185100774,324.8468017578125,297.8245849609375,True,25,0.8
968,37.04510717712404,0.9652453947762341,63.41162872314453,10.53492546081543,0.045442870365952126,583.272216796875,566.8382568359375,True,25,0.8
969,-89.57165433665611,0.47090392508732,205149582655488.0,53548424.0,0.03399332442992352,545.15283203125,476.5743408203125,True,25,0.8
970,27.26910783571533,0.932011827442053,826.4967041015625,13.763903617858887,0.04635595660968234,697.8916015625,664.0075073242188,True,25,0.8
971,-227.41814795056052,0.34502654808248595,4.8382306890001485e+28,211956719943680.0,0.03131347771919759,1085.7374267578125,936.8928833007812,True,25,0.8
972,22.897246997127777,0.9085971697765115,2753.07861328125,3.5732362270355225,0.04684204493994108,544.50927734375,732.8395385742188,True,25,0.8
973,29.790024214961303,0.964800540250183,47.686458587646484,3.170199155807495,0.04346183332483141,178.87631225585938,215.72543334960938,True,25,0.8
974,34.7216874844362,0.9645690460476959,0.34826844930648804,0.4786657392978668,0.061566466365781704,31.81566619873047,32.15195083618164,True,25,0.8
975,-120.10043456452283,0.3987400962308573,7.072127938828698e+16,960703808.0,0.03368170300663426,277.6970520019531,263.00177001953125,True,25,0.8
976,31.183337086121668,0.9537885269405795,269.677734375,9.287997245788574,0.0433586404069143,568.5294799804688,595.4828491210938,True,25,0.8
977,30.139610972284856,0.9316663151670351,2.6553614139556885,1.1818832159042358,0.056929796980032664,51.65888595581055,52.374385833740234,True,25,0.8
978,-186.74545581251394,0.30404343820319596,1.1648841460810536e+24,6290436259840.0,0.03155193234321614,769.9834594726562,496.869873046875,True,25,0.8
979,29.628643959465318,0.9289038162467035,388.1578369140625,17.008441925048828,0.05379625301975447,648.500732421875,597.2460327148438,True,25,0.8
980,22.14442055387249,0.8382555312444975,643.53515625,13.128711700439453,0.047329803669040764,346.8584899902344,334.9096374511719,True,25,0.8
981,-39.76437255641053,0.2267804469525567,5448123392.0,190973.75,0.03965769162501656,954.57861328125,771.1412963867188,True,25,0.8
982,-253.4768137886394,0.2623923127890965,2.522272606898472e+29,2721176925241344.0,0.03179125679693457,120.98605346679688,107.49165344238281,True,25,0.8
983,28.660936391008853,0.9579907591513313,7.872880935668945,0.5422850847244263,0.03986916470377292,62.7833137512207,76.0626449584961,True,25,0.8
984,-139.9806450590059,0.4534366429968568,5.253535606843952e+19,42586546176.0,0.03165482895633124,784.3834228515625,728.4605712890625,True,25,0.8
985,28.345472513932528,0.9544281360488558,358.036376953125,7.248174667358398,0.03777182553448096,436.7923278808594,495.9958190917969,True,25,0.8
986,22.851652984086908,0.9019414877424822,2452.8349609375,1.281190276145935,0.056879845836615386,401.997314453125,688.7139892578125,True,25,0.8
987,34.98321970380904,0.9628471479404206,60.104583740234375,7.866642475128174,0.03851825619057842,444.6424560546875,435.39251708984375,True,25,0.8
988,21.375920167773614,0.7900370374589458,424.8123474121094,6.454892158508301,0.03816683637252982,176.4395751953125,247.15562438964844,True,25,0.8
989,27.429211896812586,0.9462415419703483,1212.7161865234375,10.049193382263184,0.040775789851386135,671.6444091796875,819.283203125,True,25,0.8
990,-89.87459105667222,0.42428778503892983,616658183913472.0,24789262.0,0.03408063710593048,581.226318359375,799.616455078125,True,25,0.8
991,23.89571470165999,0.8667250033956977,1759.1116943359375,24.306598663330078,0.07635802966589722,617.6410522460938,695.0017700195312,True,25,0.8
992,28.170024082682605,0.9481410422930407,112.9728012084961,5.940445899963379,0.05326709343702952,247.5399169921875,272.87298583984375,True,25,0.8
993,-222.40666407383227,0.47579736307469594,6.068442221358826e+27,552172336971776.0,0.028170750354759275,531.5812377929688,590.6404418945312,True,25,0.8
994,26.54272203150064,0.9321988399445211,288.2692565917969,15.381507873535156,0.03332965287554596,400.9943542480469,361.6129150390625,True,25,0.8
995,29.988338392356063,0.90114793158737,8.401447296142578,2.0714190006256104,0.045353168240124524,89.00309753417969,92.49049377441406,True,25,0.8
996,23.016633334227272,0.8541758773977925,4140.82275390625,22.594404220581055,0.0557585643111589,896.651123046875,917.396240234375,True,25,0.8
997,22.12340786012949,0.8963643282874415,115.98333740234375,2.86700701713562,0.04896464291258732,149.1040496826172,137.6818084716797,True,25,0.8
998,18.584491443905847,0.8363432942399341,12484.3203125,17.310041427612305,0.05682296253061432,870.7645874023438,950.287109375,True,25,0.8
999,30.223411860019272,0.9489542914341109,188.91015625,10.430459022521973,0.04625232867512749,463.69207763671875,446.55975341796875,True,25,0.8
