sample_idx,psnr,ssim,mse,post_std_mean,sigma_used,alpha,scaling,clip,lambda_,zeta
0,24.923258974265817,0.8903096723972154,0.003148177172988653,0.018719445914030075,0.25,1.0,1.0,True,25,0.8
1,22.64543882251276,0.8237714179391685,0.005431590136140585,0.03424575924873352,0.25,1.0,1.0,True,25,0.8
2,28.609256516127594,0.909195452919908,0.00128402269911021,0.01767006702721119,0.25,1.0,1.0,True,25,0.8
3,29.626820808397667,0.9065119194609793,0.0010062017245218158,0.02527731843292713,0.25,1.0,1.0,True,25,0.8
4,29.791851898560402,0.9571644930924424,0.0010338756255805492,0.0209763552993536,0.25,1.0,1.0,True,25,0.8
5,25.990296806033566,0.8910228869565633,0.0023282882757484913,0.024072367697954178,0.25,1.0,1.0,True,25,0.8
6,21.674034561934757,0.8121314415681844,0.005566577427089214,0.03418494388461113,0.25,1.0,1.0,True,25,0.8
7,36.119846093698065,0.972475490979735,0.00024189545365516096,0.012997908517718315,0.25,1.0,1.0,True,25,0.8
8,22.16641661458443,0.8144657387428459,0.006020794622600079,0.026511717587709427,0.25,1.0,1.0,True,25,0.8
9,17.699499366507084,0.6802062766383615,0.016747688874602318,0.04233483597636223,0.25,1.0,1.0,True,25,0.8
10,22.681392071828427,0.9020766727801427,0.0053300815634429455,0.05014720559120178,0.25,1.0,1.0,True,25,0.8
11,33.01027353820846,0.9483906849757436,0.0004992734175175428,0.02742859348654747,0.25,1.0,1.0,True,25,0.8
12,27.93333109750112,0.9291069219840384,0.0015984565252438188,0.01891496777534485,0.25,1.0,1.0,True,25,0.8
13,26.76249784169956,0.8855589365430937,0.0021011068020015955,0.029069360345602036,0.25,1.0,1.0,True,25,0.8
14,34.65312235729909,0.9562560106148046,0.000342079991241917,0.024011678993701935,0.25,1.0,1.0,True,25,0.8
15,26.936990251634665,0.9192546170639303,0.002021128311753273,0.023445336148142815,0.25,1.0,1.0,True,25,0.8
16,39.349241182735575,0.9782164587540277,0.00011578349949559197,0.017285441979765892,0.25,1.0,1.0,True,25,0.8
17,35.826538488209394,0.9519811318754781,0.0002611486124806106,0.02270994521677494,0.25,1.0,1.0,True,25,0.8
18,31.299833350429513,0.9481933823756882,0.0007154124905355275,0.022880837321281433,0.25,1.0,1.0,True,25,0.8
19,28.446923282439577,0.9283617913175876,0.0013822553446516395,0.02256903424859047,0.25,1.0,1.0,True,25,0.8
20,26.027329069684015,0.7986472279863707,0.0021358218509703875,0.041605766862630844,0.25,1.0,1.0,True,25,0.8
21,36.27959582442526,0.9795451044913293,0.00023527105804532766,0.016258394345641136,0.25,1.0,1.0,True,25,0.8
22,27.18879274829497,0.9003032923006175,0.0018740511732175946,0.04324312135577202,0.25,1.0,1.0,True,25,0.8
23,33.735982067902796,0.9356506103255677,0.0004222326970193535,0.02516803704202175,0.25,1.0,1.0,True,25,0.8
24,30.05252971393153,0.9212107285165196,0.0009839166887104511,0.028637202456593513,0.25,1.0,1.0,True,25,0.8
25,31.82286368701898,0.9363246081460371,0.0006540272734127939,0.01701490208506584,0.25,1.0,1.0,True,25,0.8
26,28.84133455852747,0.8900032149139077,0.0010876852320507169,0.02824370190501213,0.25,1.0,1.0,True,25,0.8
27,31.763892506698014,0.9598110277432529,0.0006654152530245483,0.021115742623806,0.25,1.0,1.0,True,25,0.8
28,27.104670916083684,0.8334238951753595,0.001699436572380364,0.03184923902153969,0.25,1.0,1.0,True,25,0.8
29,32.22265260217531,0.9790970169169246,0.0005987013573758304,0.011037852615118027,0.25,1.0,1.0,True,25,0.8
30,21.138951905601708,0.8740289307144635,0.007681444752961397,0.02493639662861824,0.25,1.0,1.0,True,25,0.8
31,16.4595921507,0.6786335203821855,0.022381726652383804,0.040209848433732986,0.25,1.0,1.0,True,25,0.8
32,36.31485194626072,0.9651737289255249,0.00023337350285146385,0.01629534363746643,0.25,1.0,1.0,True,25,0.8
33,32.32275769054597,0.9759763923192049,0.0005852264584973454,0.01380842737853527,0.25,1.0,1.0,True,25,0.8
34,34.27344079727332,0.9416693789409656,0.0003732595650944859,0.024426789954304695,0.25,1.0,1.0,True,25,0.8
35,23.69909329864363,0.8096593435425061,0.004261042922735214,0.04075270891189575,0.25,1.0,1.0,True,25,0.8
36,28.77701254372374,0.9303570330081463,0.0012982304906472564,0.02477400191128254,0.25,1.0,1.0,True,25,0.8
37,26.91885034129615,0.9402379823312301,0.002024139976128936,0.02835836075246334,0.25,1.0,1.0,True,25,0.8
38,31.34853672832088,0.9193550724078688,0.000725129502825439,0.02392815239727497,0.25,1.0,1.0,True,25,0.8
39,21.440350810253342,0.8709838616332425,0.007131451275199652,0.024353355169296265,0.25,1.0,1.0,True,25,0.8
40,26.630413011013466,0.9064202783254462,0.002169112442061305,0.016197608783841133,0.25,1.0,1.0,True,25,0.8
41,33.46402258748421,0.9429112867489687,0.0004478219198063016,0.023615054786205292,0.25,1.0,1.0,True,25,0.8
42,27.738939111647475,0.9224824879637566,0.0016713440418243408,0.03843425214290619,0.25,1.0,1.0,True,25,0.8
43,34.38488491493413,0.935451619234801,0.00036359598743729293,0.028442542999982834,0.25,1.0,1.0,True,25,0.8
44,24.426456953608362,0.824245962659589,0.0034921702463179827,0.04347171261906624,0.25,1.0,1.0,True,25,0.8
45,25.658876677262754,0.9146645543556199,0.002643224550411105,0.024853067472577095,0.25,1.0,1.0,True,25,0.8
46,22.283979874518746,0.8178567386012341,0.005730609875172377,0.02731746807694435,0.25,1.0,1.0,True,25,0.8
47,27.009315443510342,0.9242165526182952,0.0019627639558166265,0.02928308956325054,0.25,1.0,1.0,True,25,0.8
48,26.58698061875116,0.9204472714210442,0.0021839505061507225,0.04548434540629387,0.25,1.0,1.0,True,25,0.8
49,32.902038364148694,0.958909296960223,0.0005108202458359301,0.023527059704065323,0.25,1.0,1.0,True,25,0.8
50,24.761665051246446,0.8184673412277924,0.0029844865202903748,0.044009771198034286,0.25,1.0,1.0,True,25,0.8
51,28.644777663647343,0.9420556332781465,0.0013587538851425052,0.021561676636338234,0.25,1.0,1.0,True,25,0.8
52,27.880343302132594,0.8898048789218014,0.0012723044492304325,0.028447456657886505,0.25,1.0,1.0,True,25,0.8
53,23.33276686948792,0.890908069278126,0.004636913072317839,0.02290559560060501,0.25,1.0,1.0,True,25,0.8
54,37.22446732927464,0.9804086050074413,0.00018929960788227618,0.013197049498558044,0.25,1.0,1.0,True,25,0.8
55,29.190090022226446,0.9245940205930387,0.0011945866281166673,0.03065316192805767,0.25,1.0,1.0,True,25,0.8
56,29.13848178548657,0.9359182459100412,0.0012113513657823205,0.02728009596467018,0.25,1.0,1.0,True,25,0.8
57,27.53158064178112,0.8739802345337483,0.0013235207879915833,0.03464651107788086,0.25,1.0,1.0,True,25,0.8
58,27.33634026635054,0.9328417751103855,0.0018460337305441499,0.02484334446489811,0.25,1.0,1.0,True,25,0.8
59,27.02757656136376,0.9552214196311277,0.001981748268008232,0.022756464779376984,0.25,1.0,1.0,True,25,0.8
60,30.168579125694105,0.9168120008404103,0.0009104009950533509,0.026872368529438972,0.25,1.0,1.0,True,25,0.8
61,23.413838190854598,0.8307133977550348,0.004183183424174786,0.03805201128125191,0.25,1.0,1.0,True,25,0.8
62,31.60475759484963,0.9503561741450438,0.0006900526350364089,0.016124404966831207,0.25,1.0,1.0,True,25,0.8
63,22.022656388704135,0.7970328061729158,0.0062272516079247,0.03560745343565941,0.25,1.0,1.0,True,25,0.8
64,21.01945703622185,0.8207578787355051,0.007902049459517002,0.02981066145002842,0.25,1.0,1.0,True,25,0.8
65,29.11539479402295,0.9585151097768969,0.0012012955266982317,0.024182112887501717,0.25,1.0,1.0,True,25,0.8
66,24.29300226816761,0.913244375764893,0.003718745894730091,0.02154836803674698,0.25,1.0,1.0,True,25,0.8
67,26.919788995358523,0.9266732316598743,0.001837969059124589,0.029538854956626892,0.25,1.0,1.0,True,25,0.8
68,26.74676288530796,0.8814214587370524,0.001809897250495851,0.035536497831344604,0.25,1.0,1.0,True,25,0.8
69,29.590407975646595,0.9329910926853371,0.0010916724568232894,0.02361069805920124,0.25,1.0,1.0,True,25,0.8
70,27.3562309719668,0.9523299064937022,0.0018360293470323086,0.019481850787997246,0.25,1.0,1.0,True,25,0.8
71,18.90462536272478,0.7087108436856568,0.012374261394143105,0.04738675057888031,0.25,1.0,1.0,True,25,0.8
72,38.464499049216094,0.9919044696663433,0.00014233551337383687,0.012150192633271217,0.25,1.0,1.0,True,25,0.8
73,18.320402720180805,0.7740322313506576,0.014474227093160152,0.029981791973114014,0.25,1.0,1.0,True,25,0.8
74,25.307003452164423,0.7670030720990634,0.0028725562151521444,0.046227145940065384,0.25,1.0,1.0,True,25,0.8
75,25.265006769976495,0.9123035792522786,0.002968983259052038,0.0204554945230484,0.25,1.0,1.0,True,25,0.8
76,21.531415280520953,0.8866752289620399,0.007009722758084536,0.015609655529260635,0.25,1.0,1.0,True,25,0.8
77,30.821925443255896,0.9584303492885871,0.0008266644435934722,0.020094988867640495,0.25,1.0,1.0,True,25,0.8
78,28.890024327580978,0.9351245054390793,0.0012880711583420634,0.034840937703847885,0.25,1.0,1.0,True,25,0.8
79,25.20869917174735,0.8036519071162689,0.0028026255313307047,0.039807625114917755,0.25,1.0,1.0,True,25,0.8
80,24.401729490802595,0.8552742067759187,0.003459167666733265,0.029225025326013565,0.25,1.0,1.0,True,25,0.8
81,32.40493793650712,0.9472464284522245,0.0005704987561330199,0.024105623364448547,0.25,1.0,1.0,True,25,0.8
82,39.623777583698505,0.9848947411843252,0.00010883567301789299,0.01630277931690216,0.25,1.0,1.0,True,25,0.8
83,30.945391300082328,0.9268079498327184,0.0007963915704749525,0.030359851196408272,0.25,1.0,1.0,True,25,0.8
84,33.60536320300297,0.949871206669554,0.0004351469106040895,0.02075878158211708,0.25,1.0,1.0,True,25,0.8
85,22.701649314839717,0.8605783782974752,0.005333036184310913,0.03785509243607521,0.25,1.0,1.0,True,25,0.8
86,31.891320673402994,0.9095058024613911,0.0006178226321935654,0.03321206569671631,0.25,1.0,1.0,True,25,0.8
87,28.20133670015702,0.8862501114181683,0.0014508258318528533,0.041303545236587524,0.25,1.0,1.0,True,25,0.8
88,37.41356405715366,0.9687809280059286,0.00018122389155905694,0.014075870625674725,0.25,1.0,1.0,True,25,0.8
89,28.97208748666076,0.9629750356993132,0.0012544326018542051,0.024865536019206047,0.25,1.0,1.0,True,25,0.8
90,28.280762810167825,0.9195401867845848,0.0014618979766964912,0.028535449877381325,0.25,1.0,1.0,True,25,0.8
91,33.22158717063153,0.9578312418286153,0.00047559529775753617,0.017388172447681427,0.25,1.0,1.0,True,25,0.8
92,36.68954337437041,0.9562556853419856,0.00021417874086182564,0.01994471065700054,0.25,1.0,1.0,True,25,0.8
93,33.40817974991437,0.9386069950166133,0.00045597535790875554,0.02223352901637554,0.25,1.0,1.0,True,25,0.8
94,29.956150777818472,0.8436630087086722,0.0009814389050006866,0.035970646888017654,0.25,1.0,1.0,True,25,0.8
95,39.091590191779694,0.9732473651322049,0.000123012374388054,0.014072628691792488,0.25,1.0,1.0,True,25,0.8
96,28.26541262097561,0.946719240078124,0.0014896480133756995,0.027596868574619293,0.25,1.0,1.0,True,25,0.8
97,38.86327130405921,0.9800289517001348,0.00012976153811905533,0.015059830620884895,0.25,1.0,1.0,True,25,0.8
98,24.127767946711536,0.8273232276042484,0.0038142777048051357,0.044984906911849976,0.25,1.0,1.0,True,25,0.8
99,33.33626393539064,0.938966583195301,0.0004635846125893295,0.024949785321950912,0.25,1.0,1.0,True,25,0.8
100,34.790142982801896,0.9459260817467243,0.00033168832305818796,0.024737387895584106,0.25,1.0,1.0,True,25,0.8
101,34.78529806043913,0.9527596673544716,0.00015030885697342455,0.010120827704668045,0.25,1.0,1.0,True,25,0.8
102,26.539669520629623,0.8797827897356945,0.001878191251307726,0.02691555954515934,0.25,1.0,1.0,True,25,0.8
103,23.07826608008741,0.9047329153469595,0.004921430256217718,0.02043539099395275,0.25,1.0,1.0,True,25,0.8
104,24.249979444600047,0.8500891559104573,0.0035728979855775833,0.03477361798286438,0.25,1.0,1.0,True,25,0.8
105,21.232488766598266,0.8772315737728571,0.007501904387027025,0.026888104155659676,0.25,1.0,1.0,True,25,0.8
106,24.873643069839044,0.9289800711710177,0.003249987494200468,0.01698043756186962,0.25,1.0,1.0,True,25,0.8
107,37.350085350765305,0.9793767407767174,0.0001840632176026702,0.0149781359359622,0.25,1.0,1.0,True,25,0.8
108,30.934089329713853,0.9121658676472119,0.0008056506630964577,0.027721421793103218,0.25,1.0,1.0,True,25,0.8
109,22.368266114287856,0.8675689802152345,0.005790645722299814,0.0305413156747818,0.25,1.0,1.0,True,25,0.8
110,32.44049251237237,0.961627556382072,0.0005692525301128626,0.016330989077687263,0.25,1.0,1.0,True,25,0.8
111,27.04946485589588,0.9134701687969475,0.0015536918072029948,0.02938607893884182,0.25,1.0,1.0,True,25,0.8
112,27.20413258023757,0.8352168485122445,0.0018828082829713821,0.037000518292188644,0.25,1.0,1.0,True,25,0.8
113,31.882632357462867,0.9451367188594905,0.0006481147720478475,0.019648903980851173,0.25,1.0,1.0,True,25,0.8
114,17.219849554011525,0.6200548750257534,0.01864432357251644,0.042674947530031204,0.25,1.0,1.0,True,25,0.8
115,18.831843053281887,0.7225839026042853,0.013054166920483112,0.041394542902708054,0.25,1.0,1.0,True,25,0.8
116,21.365145094745614,0.8216545153434321,0.00727467704564333,0.03447151929140091,0.25,1.0,1.0,True,25,0.8
117,33.385222851992474,0.9606982154312271,0.00045858067460358143,0.0167783722281456,0.25,1.0,1.0,True,25,0.8
118,33.940143281412404,0.9723207740991601,0.0003999144828412682,0.01565767638385296,0.25,1.0,1.0,True,25,0.8
119,26.111396121003445,0.9164270810682953,0.0024304816033691168,0.028343914076685905,0.25,1.0,1.0,True,25,0.8
120,30.946885507686023,0.9651078508073085,0.0008004893898032606,0.019678307697176933,0.25,1.0,1.0,True,25,0.8
121,24.867442491932223,0.885698787406987,0.0031656306236982346,0.03034270741045475,0.25,1.0,1.0,True,25,0.8
122,31.30791603597476,0.9289984565028312,0.0006779561517760158,0.018503742292523384,0.25,1.0,1.0,True,25,0.8
123,23.196458133726065,0.8761642941675496,0.0047841458581388,0.02225605770945549,0.25,1.0,1.0,True,25,0.8
124,28.881869145795388,0.9474976971837759,0.0012926094932481647,0.02666820026934147,0.25,1.0,1.0,True,25,0.8
125,25.382441535287022,0.9102447675483376,0.0028806254267692566,0.0373847596347332,0.25,1.0,1.0,True,25,0.8
126,30.431609860328635,0.9054355207500043,0.0008513047359883785,0.025848999619483948,0.25,1.0,1.0,True,25,0.8
127,33.60513860598145,0.9731976492609156,0.0004310048825573176,0.027645695954561234,0.25,1.0,1.0,True,25,0.8
128,32.044693991609776,0.9573726307435424,0.0006198418559506536,0.02528263069689274,0.25,1.0,1.0,True,25,0.8
129,26.847323805050202,0.8586451595416533,0.0018836220260709524,0.031089967116713524,0.25,1.0,1.0,True,25,0.8
130,27.557729697479374,0.9340348688595312,0.0017199830617755651,0.03748071566224098,0.25,1.0,1.0,True,25,0.8
131,26.2103360396358,0.9067196449182228,0.002149036852642894,0.03887678310275078,0.25,1.0,1.0,True,25,0.8
132,21.316002868500952,0.8635058634526647,0.007369162514805794,0.01702776737511158,0.25,1.0,1.0,True,25,0.8
133,30.87220884700517,0.8849190163846109,0.0008125291205942631,0.03777214139699936,0.25,1.0,1.0,True,25,0.8
134,26.829469712005917,0.8660878450929616,0.0020244778133928776,0.0234127938747406,0.25,1.0,1.0,True,25,0.8
135,20.404330773780202,0.7940396328567949,0.008081955835223198,0.029100192710757256,0.25,1.0,1.0,True,25,0.8
136,30.119056079320217,0.9352172075994736,0.0009534267010167241,0.030643880367279053,0.25,1.0,1.0,True,25,0.8
137,34.21171605741523,0.9467333769435361,0.0003787775640375912,0.023218868300318718,0.25,1.0,1.0,True,25,0.8
138,32.13392120049364,0.9417957115007258,0.0006115817814134061,0.02379881963133812,0.25,1.0,1.0,True,25,0.8
139,32.99806959216725,0.9294554932875284,0.0005012928158976138,0.024451272562146187,0.25,1.0,1.0,True,25,0.8
140,26.287835704874976,0.892144036805113,0.0021277079358696938,0.03425091877579689,0.25,1.0,1.0,True,25,0.8
141,31.682344119847357,0.9606756577181742,0.0006760288379155099,0.020460769534111023,0.25,1.0,1.0,True,25,0.8
142,21.951018445855194,0.867815981511535,0.0063660601153969765,0.020467689260840416,0.25,1.0,1.0,True,25,0.8
143,21.399156243411323,0.8456031778743271,0.007230269256979227,0.03460623323917389,0.25,1.0,1.0,True,25,0.8
144,39.35900589131235,0.9771262697175807,0.00011576917313504964,0.019462330266833305,0.25,1.0,1.0,True,25,0.8
145,22.114997812685967,0.8565905595888356,0.006126089487224817,0.03217046335339546,0.25,1.0,1.0,True,25,0.8
146,24.95189748408078,0.891943935935373,0.003190354909747839,0.02895510382950306,0.25,1.0,1.0,True,25,0.8
147,20.210688331078828,0.8586449448724005,0.009502192959189415,0.03214653581380844,0.25,1.0,1.0,True,25,0.8
148,27.765977154460543,0.881376119261325,0.001427077455446124,0.025103459134697914,0.25,1.0,1.0,True,25,0.8
149,26.846676472471206,0.8959684759494728,0.0018648954574018717,0.023304270580410957,0.25,1.0,1.0,True,25,0.8
150,32.10695107359754,0.97262544490174,0.0006146490923129022,0.018143320456147194,0.25,1.0,1.0,True,25,0.8
151,30.62574381513648,0.8975786427583765,0.000777474488131702,0.0280115008354187,0.25,1.0,1.0,True,25,0.8
152,31.038964807565822,0.9349589589887113,0.0007867902750149369,0.024649960920214653,0.25,1.0,1.0,True,25,0.8
153,33.84560102354678,0.935720786367715,0.0004122063401155174,0.025498608127236366,0.25,1.0,1.0,True,25,0.8
154,42.1390282345077,0.9937539393903055,6.1030270444462076e-05,0.016554895788431168,0.25,1.0,1.0,True,25,0.8
155,18.442599680249096,0.8047464165199352,0.014280824922025204,0.029447441920638084,0.25,1.0,1.0,True,25,0.8
156,32.11246061919554,0.9747419067888191,0.0006132399430498481,0.022047914564609528,0.25,1.0,1.0,True,25,0.8
157,25.147685002225742,0.8621901618134157,0.00304588139988482,0.029230410233139992,0.25,1.0,1.0,True,25,0.8
158,21.76748352898903,0.8816355355635984,0.0062125264666974545,0.025858072564005852,0.25,1.0,1.0,True,25,0.8
159,24.476797877129624,0.9251367346648404,0.0035446095280349255,0.022076722234487534,0.25,1.0,1.0,True,25,0.8
160,33.87466092325285,0.9652908570656958,0.0004096549819223583,0.016597872599959373,0.25,1.0,1.0,True,25,0.8
161,22.79634552811515,0.8575372622232194,0.005238579586148262,0.027606844902038574,0.25,1.0,1.0,True,25,0.8
162,34.53249181686202,0.9682878705339412,0.00035145279252901673,0.029013173654675484,0.25,1.0,1.0,True,25,0.8
163,21.37095052421913,0.8873304609520221,0.007247805129736662,0.034862812608480453,0.25,1.0,1.0,True,25,0.8
164,24.344700658962655,0.9074239179160292,0.003662613220512867,0.029233189299702644,0.25,1.0,1.0,True,25,0.8
165,25.635199204136295,0.9258998420842879,0.002585654379799962,0.019109224900603294,0.25,1.0,1.0,True,25,0.8
166,32.54891211223147,0.9512057016969835,0.0005558919510804117,0.016154099255800247,0.25,1.0,1.0,True,25,0.8
167,37.97678304965646,0.9900485313160131,0.00015874519885983318,0.008227228187024593,0.25,1.0,1.0,True,25,0.8
168,28.756399591066494,0.9156547591966742,0.0013306159526109695,0.022126175463199615,0.25,1.0,1.0,True,25,0.8
169,25.899447939241398,0.9059072527092554,0.0025681823026388884,0.02737010456621647,0.25,1.0,1.0,True,25,0.8
170,35.867129840062375,0.9732453810018405,0.00025850359816104174,0.02428065612912178,0.25,1.0,1.0,True,25,0.8
171,23.320666667303612,0.812380187129203,0.004524005576968193,0.028216209262609482,0.25,1.0,1.0,True,25,0.8
172,29.84877153632607,0.94024192626416,0.0010328124044463038,0.026093829423189163,0.25,1.0,1.0,True,25,0.8
173,33.18567952910463,0.9858953317836834,0.0004779003211297095,0.01962200179696083,0.25,1.0,1.0,True,25,0.8
174,31.061095933747453,0.9701507312040949,0.0007790352101437747,0.024080591276288033,0.25,1.0,1.0,True,25,0.8
175,27.620013998226085,0.8622200463170914,0.0013034926960244775,0.029339803382754326,0.25,1.0,1.0,True,25,0.8
176,24.476943832672376,0.907972892415705,0.0035647086333483458,0.01599070616066456,0.25,1.0,1.0,True,25,0.8
177,28.756217556980303,0.9511011830916468,0.0013306548353284597,0.018743306398391724,0.25,1.0,1.0,True,25,0.8
178,29.79089431607654,0.9230211447295805,0.0009867764310911298,0.02359151281416416,0.25,1.0,1.0,True,25,0.8
179,27.8221589265255,0.9511868333130675,0.0016436678124591708,0.024455999955534935,0.25,1.0,1.0,True,25,0.8
180,31.139148812724887,0.9493065043299683,0.0007554912590421736,0.02173224464058876,0.25,1.0,1.0,True,25,0.8
181,30.26152440218859,0.9470323797842052,0.0009369342587888241,0.032850924879312515,0.25,1.0,1.0,True,25,0.8
182,33.76163125805613,0.9456234406314644,0.0004202815471217036,0.02873530425131321,0.25,1.0,1.0,True,25,0.8
183,25.637978167765674,0.9613792482240681,0.0027266100514680147,0.015196803957223892,0.25,1.0,1.0,True,25,0.8
184,23.76156240997509,0.9083098017623104,0.004172349348664284,0.03653385117650032,0.25,1.0,1.0,True,25,0.8
185,27.93193279904591,0.8957538874002925,0.0016058405162766576,0.021147385239601135,0.25,1.0,1.0,True,25,0.8
186,33.1055782459122,0.9506530690442297,0.0004888979019597173,0.02509027160704136,0.25,1.0,1.0,True,25,0.8
187,22.36061301740616,0.815827929389953,0.0057801175862550735,0.043448079377412796,0.25,1.0,1.0,True,25,0.8
188,37.74812363828026,0.9758065272318689,0.00016762042650952935,0.014249458909034729,0.25,1.0,1.0,True,25,0.8
189,24.61702554705012,0.8860022835050838,0.0034134099259972572,0.04026326164603233,0.25,1.0,1.0,True,25,0.8
190,37.90525201499411,0.9792542111424593,0.00016165108536370099,0.02916540578007698,0.25,1.0,1.0,True,25,0.8
191,32.877489830265645,0.9493949719011722,0.000515251827891916,0.021229712292551994,0.25,1.0,1.0,True,25,0.8
192,37.73713671852292,0.9679013494982684,0.0001678288826951757,0.02684507705271244,0.25,1.0,1.0,True,25,0.8
193,23.359427885259038,0.8425340761799811,0.004509580321609974,0.03684179484844208,0.25,1.0,1.0,True,25,0.8
194,22.13210371171239,0.869295011852148,0.00611041858792305,0.018482791259884834,0.25,1.0,1.0,True,25,0.8
195,27.054723318111577,0.9014280959150454,0.0019634601194411516,0.03277040645480156,0.25,1.0,1.0,True,25,0.8
196,22.634978670177503,0.7892373273497778,0.005341119132936001,0.03744876757264137,0.25,1.0,1.0,True,25,0.8
197,25.521665375601078,0.8486519163111379,0.0027943968307226896,0.042511723935604095,0.25,1.0,1.0,True,25,0.8
198,17.809545780755457,0.7755127400723891,0.01651306264102459,0.027567798271775246,0.25,1.0,1.0,True,25,0.8
199,27.248407310884414,0.8836483106125719,0.0017908998997882009,0.02749582752585411,0.25,1.0,1.0,True,25,0.8
200,33.073564665719466,0.944800394015354,0.00048425013665109873,0.021916674450039864,0.25,1.0,1.0,True,25,0.8
201,23.50820269911589,0.8286393983356878,0.004358363337814808,0.03243473172187805,0.25,1.0,1.0,True,25,0.8
202,32.435329079652654,0.9562324280816951,0.0005684650386683643,0.022371700033545494,0.25,1.0,1.0,True,25,0.8
203,28.756779159378866,0.8888677394342435,0.0013042689533904195,0.03088550642132759,0.25,1.0,1.0,True,25,0.8
204,34.2953434982778,0.9608683487240867,0.0003714102494996041,0.017338523641228676,0.25,1.0,1.0,True,25,0.8
205,21.12213594970022,0.822453772958048,0.0077024479396641254,0.03631947934627533,0.25,1.0,1.0,True,25,0.8
206,36.15682215730456,0.9723132267455936,0.00024190302065107971,0.028455831110477448,0.25,1.0,1.0,True,25,0.8
207,33.66884462047152,0.9391437010268678,0.0004295045218896121,0.02059648558497429,0.25,1.0,1.0,True,25,0.8
208,25.258157688028405,0.8277257597025857,0.0029765355866402388,0.03469719737768173,0.25,1.0,1.0,True,25,0.8
209,34.23910320683207,0.9480881690094776,0.0003763516724575311,0.021847324445843697,0.25,1.0,1.0,True,25,0.8
210,16.93989018978547,0.613918196491936,0.020034538581967354,0.04780641198158264,0.25,1.0,1.0,True,25,0.8
211,27.259428018641415,0.9287898070856514,0.0018510904628783464,0.029368897899985313,0.25,1.0,1.0,True,25,0.8
212,28.987405180553573,0.9214049076163608,0.0012615378946065903,0.022448992356657982,0.25,1.0,1.0,True,25,0.8
213,27.867284056371226,0.8895606077427546,0.0014550865162163973,0.02172039821743965,0.25,1.0,1.0,True,25,0.8
214,28.441364812089844,0.953196676107752,0.0014296489534899592,0.022454237565398216,0.25,1.0,1.0,True,25,0.8
215,28.578526885094018,0.9026044232480543,0.0012876559048891068,0.02829129248857498,0.25,1.0,1.0,True,25,0.8
216,27.118746207576603,0.9102181882231801,0.0016764879692345858,0.025054344907402992,0.25,1.0,1.0,True,25,0.8
217,32.28065147949295,0.9492062394909937,0.0005885768914595246,0.01683948002755642,0.25,1.0,1.0,True,25,0.8
218,22.235508437169983,0.8031944734341359,0.005962869618088007,0.04167528450489044,0.25,1.0,1.0,True,25,0.8
219,27.086155221445082,0.8859489250685962,0.001954454928636551,0.0263227391988039,0.25,1.0,1.0,True,25,0.8
220,31.763747392262065,0.9281269241704906,0.0006604136433452368,0.023192284628748894,0.25,1.0,1.0,True,25,0.8
221,26.473586029354834,0.9421618428115874,0.0022489759139716625,0.02810368873178959,0.25,1.0,1.0,True,25,0.8
222,29.435753642292998,0.9276242586924177,0.0011007797438651323,0.012857520021498203,0.25,1.0,1.0,True,25,0.8
223,32.25867347557336,0.9432164604311388,0.0005939766997471452,0.021655146032571793,0.25,1.0,1.0,True,25,0.8
224,24.951007265225712,0.8819488186806813,0.003040611743927002,0.043585602194070816,0.25,1.0,1.0,True,25,0.8
225,34.298306029314716,0.9742274993436625,0.0003715335042215884,0.0148003613576293,0.25,1.0,1.0,True,25,0.8
226,32.99708462443208,0.9637680581479618,0.0005013125482946634,0.02110033482313156,0.25,1.0,1.0,True,25,0.8
227,29.353251917811775,0.9390035000917097,0.0011586783220991492,0.02438081055879593,0.25,1.0,1.0,True,25,0.8
228,23.087784397870486,0.8509900888130867,0.004899388179183006,0.0360126867890358,0.25,1.0,1.0,True,25,0.8
229,23.477220940835544,0.7484901757171147,0.0029004665557295084,0.033100008964538574,0.25,1.0,1.0,True,25,0.8
230,26.30322768946951,0.8795325850108706,0.002120434073731303,0.030886810272932053,0.25,1.0,1.0,True,25,0.8
231,33.60741246914137,0.9672957599101544,0.00043473756522871554,0.017172375693917274,0.25,1.0,1.0,True,25,0.8
232,37.504144358218916,0.9682159559768543,0.00017728125385474414,0.012180880643427372,0.25,1.0,1.0,True,25,0.8
233,26.491770873011937,0.9258169561078612,0.0022402906324714422,0.018436649814248085,0.25,1.0,1.0,True,25,0.8
234,30.382357252303475,0.9347850688425843,0.0008792239823378623,0.02089303731918335,0.25,1.0,1.0,True,25,0.8
235,21.922100771203144,0.8533855478391743,0.006401506252586842,0.02656295895576477,0.25,1.0,1.0,True,25,0.8
236,37.90693170176088,0.9701330289782878,0.000161717674927786,0.018139492720365524,0.25,1.0,1.0,True,25,0.8
237,24.53697247672408,0.8966127355222353,0.003480607643723488,0.031145630404353142,0.25,1.0,1.0,True,25,0.8
238,22.449368861158096,0.7775748948268009,0.005619135685265064,0.04119711369276047,0.25,1.0,1.0,True,25,0.8
239,34.71552094166539,0.9649047159404331,0.0003373774525243789,0.019032973796129227,0.25,1.0,1.0,True,25,0.8
240,29.02531981427422,0.8984131679184911,0.0012476012343540788,0.02557947300374508,0.25,1.0,1.0,True,25,0.8
241,31.00541553251777,0.9599758496871305,0.0007921453798189759,0.020016424357891083,0.25,1.0,1.0,True,25,0.8
242,30.468423425571917,0.9699501771522134,0.0008961327257566154,0.013572276569902897,0.25,1.0,1.0,True,25,0.8
243,26.174184950437148,0.9157675285328668,0.0022839659359306097,0.027977371588349342,0.25,1.0,1.0,True,25,0.8
244,31.75290549222583,0.9522178834621382,0.0006670267321169376,0.02607772685587406,0.25,1.0,1.0,True,25,0.8
245,32.1046532429356,0.9074913626046557,0.0005375314503908157,0.019658897072076797,0.25,1.0,1.0,True,25,0.8
246,26.22801065975668,0.854491361697042,0.002346656285226345,0.03350888192653656,0.25,1.0,1.0,True,25,0.8
247,31.022681231729514,0.9734366809866623,0.0007890594424679875,0.02767239324748516,0.25,1.0,1.0,True,25,0.8
248,24.448556938718937,0.8467419584999216,0.0030641539487987757,0.0407753624022007,0.25,1.0,1.0,True,25,0.8
249,36.57408958611072,0.9538849545998347,0.00021949435176793486,0.01967255026102066,0.25,1.0,1.0,True,25,0.8
250,35.325992485620105,0.9616779104736322,0.0002929779584519565,0.020295340567827225,0.25,1.0,1.0,True,25,0.8
251,25.008278856416688,0.9029057993969503,0.002730441512539983,0.023720357567071915,0.25,1.0,1.0,True,25,0.8
252,20.527848078914573,0.7596268165666539,0.00875585712492466,0.04857829585671425,0.25,1.0,1.0,True,25,0.8
253,34.68450775501757,0.966162490125042,0.000333521980792284,0.014301249757409096,0.25,1.0,1.0,True,25,0.8
254,21.89084847987352,0.9248179620856533,0.006429735105484724,0.02410859987139702,0.25,1.0,1.0,True,25,0.8
255,28.363438024458745,0.8801898116410938,0.0011258338345214725,0.028859304264187813,0.25,1.0,1.0,True,25,0.8
256,25.8089482641612,0.8974782366567374,0.0021441837307065725,0.018048137426376343,0.25,1.0,1.0,True,25,0.8
257,32.99987336450981,0.9572969662608007,0.0005008513107895851,0.015024414286017418,0.25,1.0,1.0,True,25,0.8
258,26.35643900464251,0.8884078102307423,0.0021941487211734056,0.033449918031692505,0.25,1.0,1.0,True,25,0.8
259,29.798690573176025,0.8978494867390278,0.0010186803992837667,0.03018246963620186,0.25,1.0,1.0,True,25,0.8
260,35.082168004643705,0.967798940868139,0.00030984508339315653,0.01727750524878502,0.25,1.0,1.0,True,25,0.8
261,35.12005047844055,0.9651067406554217,0.00030639907345175743,0.02264721691608429,0.25,1.0,1.0,True,25,0.8
262,28.966520003492946,0.9019588229858669,0.0011288158129900694,0.03242487832903862,0.25,1.0,1.0,True,25,0.8
263,28.5512810518859,0.9203292968633928,0.0013944254023954272,0.02285207249224186,0.25,1.0,1.0,True,25,0.8
264,28.477569793384486,0.9624984894866668,0.0014180883299559355,0.018738707527518272,0.25,1.0,1.0,True,25,0.8
265,30.324369312612905,0.9269669783542892,0.0009165023220703006,0.017501650378108025,0.25,1.0,1.0,True,25,0.8
266,35.14287757856599,0.9619607353665635,0.00030568180955015123,0.016799844801425934,0.25,1.0,1.0,True,25,0.8
267,22.15018262792485,0.8576113713365308,0.005811385344713926,0.023813264444470406,0.25,1.0,1.0,True,25,0.8
268,37.35717466767223,0.9657428262465018,0.00018366787116974592,0.016479238867759705,0.25,1.0,1.0,True,25,0.8
269,20.47429884822181,0.7470635864971964,0.008131127804517746,0.038958918303251266,0.25,1.0,1.0,True,25,0.8
270,31.41323596549167,0.9215857505344692,0.0007198876701295376,0.027489256113767624,0.25,1.0,1.0,True,25,0.8
271,26.158607048424205,0.8913461550266719,0.002403021790087223,0.03550956770777702,0.25,1.0,1.0,True,25,0.8
272,24.45881532277746,0.7559341003955414,0.0034996012691408396,0.04095717892050743,0.25,1.0,1.0,True,25,0.8
273,30.185320791963818,0.9500443948926818,0.0009557933663018048,0.029367562383413315,0.25,1.0,1.0,True,25,0.8
274,27.355167534654964,0.890545113993255,0.0018149839015677571,0.04282611235976219,0.25,1.0,1.0,True,25,0.8
275,15.77455560145507,0.7293296195675981,0.026355480775237083,0.023439941927790642,0.25,1.0,1.0,True,25,0.8
276,31.91409132789915,0.9395251602887861,0.0006372904754243791,0.02246759831905365,0.25,1.0,1.0,True,25,0.8
277,23.34716955038644,0.8305486251878029,0.004580861888825893,0.020241934806108475,0.25,1.0,1.0,True,25,0.8
278,28.76033797155943,0.9065928096877953,0.0012853002408519387,0.022549327462911606,0.25,1.0,1.0,True,25,0.8
279,22.6063731036551,0.8388743963584177,0.005470029078423977,0.03937758132815361,0.25,1.0,1.0,True,25,0.8
280,25.16787182748587,0.8974104176738691,0.002790465485304594,0.027623077854514122,0.25,1.0,1.0,True,25,0.8
281,21.41445577365381,0.8776560049393873,0.007206339854747057,0.017856696620583534,0.25,1.0,1.0,True,25,0.8
282,20.11126302004181,0.7950570931729272,0.00974439736455679,0.03391113877296448,0.25,1.0,1.0,True,25,0.8
283,35.45184323348976,0.9549052753438645,0.00028475085855461657,0.023358596488833427,0.25,1.0,1.0,True,25,0.8
284,28.076385180664843,0.8835164559539077,0.0015345873543992639,0.024578018113970757,0.25,1.0,1.0,True,25,0.8
285,22.894217391674555,0.8652798739896248,0.005031089298427105,0.027764257043600082,0.25,1.0,1.0,True,25,0.8
286,35.666368840065154,0.9501576236803835,0.0002704172511585057,0.034679267555475235,0.25,1.0,1.0,True,25,0.8
287,31.50496047578916,0.9571498392766843,0.000703099591191858,0.01735374890267849,0.25,1.0,1.0,True,25,0.8
288,28.469365877484123,0.9453421422387055,0.0014143334701657295,0.02488725632429123,0.25,1.0,1.0,True,25,0.8
289,28.83129510474658,0.8911945677023108,0.001283228280954063,0.04139726608991623,0.25,1.0,1.0,True,25,0.8
290,32.01961242545343,0.9566763785155442,0.0006276506464928389,0.015765581279993057,0.25,1.0,1.0,True,25,0.8
291,21.08125256040989,0.778331745292092,0.00772436149418354,0.03535274416208267,0.25,1.0,1.0,True,25,0.8
292,30.883655668295855,0.950396998571107,0.0007939272909425199,0.022693384438753128,0.25,1.0,1.0,True,25,0.8
293,23.592262066968757,0.8790709612438392,0.004327258560806513,0.031238436698913574,0.25,1.0,1.0,True,25,0.8
294,31.389997374646228,0.920104511128306,0.0005622840253636241,0.02540985867381096,0.25,1.0,1.0,True,25,0.8
295,21.44604700273984,0.8181016751516623,0.007072665728628635,0.037243086844682693,0.25,1.0,1.0,True,25,0.8
296,30.36077102897182,0.9292571391944915,0.0009087020298466086,0.034717485308647156,0.25,1.0,1.0,True,25,0.8
297,26.09781890339836,0.8589587986884472,0.0023837443441152573,0.04536185786128044,0.25,1.0,1.0,True,25,0.8
298,32.67154543520368,0.9638752046630356,0.0005400948575697839,0.02281867526471615,0.25,1.0,1.0,True,25,0.8
299,35.97003453561448,0.9911129326550954,0.0002525539312046021,0.014234721660614014,0.25,1.0,1.0,True,25,0.8
300,39.24620589391792,0.9784692790055546,0.00011820621875813231,0.015848154202103615,0.25,1.0,1.0,True,25,0.8
301,27.142272488253866,0.9236267475705398,0.00186188705265522,0.03257438912987709,0.25,1.0,1.0,True,25,0.8
302,27.99110628217502,0.9246341555011223,0.0015879390994086862,0.03130803629755974,0.25,1.0,1.0,True,25,0.8
303,24.289164981813535,0.8957554502153176,0.003701528301462531,0.036529216915369034,0.25,1.0,1.0,True,25,0.8
304,18.913389139672145,0.7294134981606479,0.012756837531924248,0.039851102977991104,0.25,1.0,1.0,True,25,0.8
305,29.249143076005858,0.9430588834041536,0.0011779179330915213,0.04207717254757881,0.25,1.0,1.0,True,25,0.8
306,25.443453743648263,0.9007498246157,0.0028140326030552387,0.0198693685233593,0.25,1.0,1.0,True,25,0.8
307,28.714097117280275,0.8691236639454946,0.0012813861249014735,0.0386710986495018,0.25,1.0,1.0,True,25,0.8
308,27.26457263499356,0.9002691746311661,0.0017885188572108746,0.026801234111189842,0.25,1.0,1.0,True,25,0.8
309,40.00653117721665,0.9828349966690391,9.974624845199287e-05,0.018537301570177078,0.25,1.0,1.0,True,25,0.8
310,23.625117933835522,0.8428090520078649,0.004196787253022194,0.04093457758426666,0.25,1.0,1.0,True,25,0.8
311,30.764248904963058,0.9307896837715148,0.0008276049047708511,0.019958166405558586,0.25,1.0,1.0,True,25,0.8
312,19.82831604784167,0.8255093172038832,0.010345601476728916,0.027789685875177383,0.25,1.0,1.0,True,25,0.8
313,31.976903325530195,0.9325259129167894,0.000633622461464256,0.02575073391199112,0.25,1.0,1.0,True,25,0.8
314,28.331859326578858,0.9126005907561264,0.0014465394197031856,0.031069345772266388,0.25,1.0,1.0,True,25,0.8
315,34.69950822318407,0.9831253057355359,0.00033808627631515265,0.012646659277379513,0.25,1.0,1.0,True,25,0.8
316,28.676205106695573,0.951121043540745,0.0013188149314373732,0.027184363454580307,0.25,1.0,1.0,True,25,0.8
317,22.34239866501777,0.8618682624078805,0.005492497701197863,0.03415463864803314,0.25,1.0,1.0,True,25,0.8
318,28.604277369925608,0.9227408133716283,0.0013685532612726092,0.037048399448394775,0.25,1.0,1.0,True,25,0.8
319,28.26769282962646,0.933456961968981,0.0014899070374667645,0.02309407666325569,0.25,1.0,1.0,True,25,0.8
320,34.096422068450224,0.9514115734642873,0.00038562441477552056,0.017549406737089157,0.25,1.0,1.0,True,25,0.8
321,35.15516048040135,0.95270510740632,0.00030483200680464506,0.02096926048398018,0.25,1.0,1.0,True,25,0.8
322,18.165997763119922,0.7207999501931909,0.015119444578886032,0.03767092153429985,0.25,1.0,1.0,True,25,0.8
323,30.89248060989793,0.9716313067435357,0.0008055091020651162,0.028227921575307846,0.25,1.0,1.0,True,25,0.8
324,26.43620655592827,0.9496101802762817,0.002259890316054225,0.022564182057976723,0.25,1.0,1.0,True,25,0.8
325,29.866731990539563,0.9607317863672326,0.0008204510086216033,0.015424392186105251,0.25,1.0,1.0,True,25,0.8
326,29.8138429818006,0.9372594375989878,0.0010433131828904152,0.02454420179128647,0.25,1.0,1.0,True,25,0.8
327,28.478067962960722,0.9445957360468167,0.0014119636034592986,0.018158579245209694,0.25,1.0,1.0,True,25,0.8
328,25.248548484536517,0.9179665033846817,0.002845488488674164,0.027581317350268364,0.25,1.0,1.0,True,25,0.8
329,32.82445970325642,0.9741548593968183,0.0005215747514739633,0.017655182629823685,0.25,1.0,1.0,True,25,0.8
330,30.42469638822951,0.9461898922889471,0.0008900843095034361,0.017456332221627235,0.25,1.0,1.0,True,25,0.8
331,37.30617372771221,0.9810479662089894,0.00018571389955468476,0.016367226839065552,0.25,1.0,1.0,True,25,0.8
332,30.329908783912618,0.9475226039953542,0.0009237289777956903,0.015001020394265652,0.25,1.0,1.0,True,25,0.8
333,36.50077331355787,0.9864096136838659,0.00022357240959536284,0.012131022289395332,0.25,1.0,1.0,True,25,0.8
334,32.60081760025039,0.9588104381357676,0.0005490726325660944,0.028566857799887657,0.25,1.0,1.0,True,25,0.8
335,29.11727136210828,0.8967591558753198,0.0011954180663451552,0.03977932780981064,0.25,1.0,1.0,True,25,0.8
336,24.262646992443678,0.895036383871262,0.0035968776792287827,0.031948626041412354,0.25,1.0,1.0,True,25,0.8
337,24.773971735116493,0.8875487679713981,0.0033178331796079874,0.029373589903116226,0.25,1.0,1.0,True,25,0.8
338,34.65831866158892,0.9879128324296576,0.0003361233975738287,0.014464087784290314,0.25,1.0,1.0,True,25,0.8
339,35.28451532718841,0.9742230286877468,0.00029576884116977453,0.01283632218837738,0.25,1.0,1.0,True,25,0.8
340,29.79731680793259,0.9049423613227034,0.0010096185142174363,0.03365934267640114,0.25,1.0,1.0,True,25,0.8
341,17.108366365503283,0.6562928547944699,0.01924676075577736,0.04269976541399956,0.25,1.0,1.0,True,25,0.8
342,24.85517490976296,0.8027099789876175,0.0023056906647980213,0.03244331106543541,0.25,1.0,1.0,True,25,0.8
343,22.397153497097207,0.8252756504270597,0.004319047089666128,0.02136034332215786,0.25,1.0,1.0,True,25,0.8
344,32.73100302198483,0.9379252671687964,0.0005323844379745424,0.01991303451359272,0.25,1.0,1.0,True,25,0.8
345,31.10387414636195,0.921240072147642,0.0007402224582619965,0.02165379375219345,0.25,1.0,1.0,True,25,0.8
346,29.421009709773756,0.8546759217373943,0.0011109706247225404,0.03593050688505173,0.25,1.0,1.0,True,25,0.8
347,29.598688683755228,0.9658197704452726,0.0010689409682527184,0.0243918988853693,0.25,1.0,1.0,True,25,0.8
348,36.70813303517308,0.9654145765861245,0.00021311189630068839,0.02230711653828621,0.25,1.0,1.0,True,25,0.8
349,32.70135553785721,0.9321764913205945,0.000536619161721319,0.022502334788441658,0.25,1.0,1.0,True,25,0.8
350,28.65007625520661,0.9411295657771783,0.0013633009511977434,0.022716976702213287,0.25,1.0,1.0,True,25,0.8
351,28.282038949433517,0.9495842020547304,0.0014838731149211526,0.017713334411382675,0.25,1.0,1.0,True,25,0.8
352,31.077902442630343,0.9387333091767457,0.0007801990141160786,0.013910531997680664,0.25,1.0,1.0,True,25,0.8
353,24.642367874751756,0.9119824709672163,0.003421868197619915,0.02657388150691986,0.25,1.0,1.0,True,25,0.8
354,23.95943369465546,0.9210675162781257,0.004016353283077478,0.017800763249397278,0.25,1.0,1.0,True,25,0.8
355,19.7463171309642,0.811173471740837,0.010582022368907928,0.024859655648469925,0.25,1.0,1.0,True,25,0.8
356,20.395514282807262,0.8355604674462221,0.009106269106268883,0.02742733061313629,0.25,1.0,1.0,True,25,0.8
357,25.537890149460488,0.9053774503116391,0.0027553115505725145,0.03169356659054756,0.25,1.0,1.0,True,25,0.8
358,28.740941406244108,0.9386738368432096,0.0012760822428390384,0.02053222618997097,0.25,1.0,1.0,True,25,0.8
359,34.47309518283027,0.9494235820691529,0.0003569312975741923,0.025156170129776,0.25,1.0,1.0,True,25,0.8
360,32.22295228183166,0.9480455156542569,0.00059902184875682,0.030548255890607834,0.25,1.0,1.0,True,25,0.8
361,28.45767825089232,0.855088685248028,0.0012991487747058272,0.028923770412802696,0.25,1.0,1.0,True,25,0.8
362,27.17753586013761,0.9273939491148704,0.0019149883883073926,0.02537994459271431,0.25,1.0,1.0,True,25,0.8
363,36.15841460843712,0.9755639287770963,0.0002419799129711464,0.018148330971598625,0.25,1.0,1.0,True,25,0.8
364,27.198485290463204,0.9540202631485352,0.0019050872651860118,0.03417632728815079,0.25,1.0,1.0,True,25,0.8
365,29.706030601373968,0.9354172915420172,0.0010074792662635446,0.028129450976848602,0.25,1.0,1.0,True,25,0.8
366,24.086837899625053,0.8342467921818929,0.003870419692248106,0.030250562354922295,0.25,1.0,1.0,True,25,0.8
367,34.74912217817673,0.9590714043861696,0.00033399826497770846,0.01939120516180992,0.25,1.0,1.0,True,25,0.8
368,27.702624859818346,0.9529833276943526,0.0016943129012361169,0.02127908170223236,0.25,1.0,1.0,True,25,0.8
369,27.15204296277078,0.9180051671423718,0.0019198106601834297,0.029298430308699608,0.25,1.0,1.0,True,25,0.8
370,32.78294333909005,0.9645490634213784,0.0005262520280666649,0.020617861300706863,0.25,1.0,1.0,True,25,0.8
371,24.989574957188907,0.8850784439606048,0.002705178689211607,0.021511834114789963,0.25,1.0,1.0,True,25,0.8
372,26.92820006643812,0.9086294651495579,0.001871744403615594,0.02546754851937294,0.25,1.0,1.0,True,25,0.8
373,36.533865648625714,0.9676443149630746,0.00022170045122038573,0.021106384694576263,0.25,1.0,1.0,True,25,0.8
374,30.09467747534123,0.9416491967021373,0.0009278091019950807,0.019946414977312088,0.25,1.0,1.0,True,25,0.8
375,30.920749949835557,0.9683293471241637,0.0008012126781977713,0.025263065472245216,0.25,1.0,1.0,True,25,0.8
376,25.01132931133366,0.9162406584741,0.003111631143838167,0.022296922281384468,0.25,1.0,1.0,True,25,0.8
377,28.371148492624677,0.8971691573205932,0.001422058092430234,0.03136404603719711,0.25,1.0,1.0,True,25,0.8
378,25.671265409088395,0.8615671768598306,0.0025831006933003664,0.030441012233495712,0.25,1.0,1.0,True,25,0.8
379,26.042770114262197,0.9141345205452481,0.0024840140249580145,0.024271806702017784,0.25,1.0,1.0,True,25,0.8
380,17.63840513386709,0.7203366970147825,0.01694404147565365,0.035705629736185074,0.25,1.0,1.0,True,25,0.8
381,18.891437555463565,0.719950313170602,0.012689383700489998,0.04099117964506149,0.25,1.0,1.0,True,25,0.8
382,20.19311965927241,0.8639889480898276,0.009496974758803844,0.027198975905776024,0.25,1.0,1.0,True,25,0.8
383,24.363003928157102,0.8721458915912208,0.0033891380298882723,0.027591388672590256,0.25,1.0,1.0,True,25,0.8
384,36.825119179878335,0.963314726349001,0.00020748042152263224,0.015474634245038033,0.25,1.0,1.0,True,25,0.8
385,31.911895070270088,0.9514198866052893,0.0006419674609787762,0.031668100506067276,0.25,1.0,1.0,True,25,0.8
386,22.263146897545845,0.8765505703522462,0.005876101087778807,0.03492094948887825,0.25,1.0,1.0,True,25,0.8
387,21.118874776778547,0.8565186311318463,0.007688261102885008,0.033089350908994675,0.25,1.0,1.0,True,25,0.8
388,28.59129601428867,0.9483735619806776,0.0013693766668438911,0.04450303316116333,0.25,1.0,1.0,True,25,0.8
389,32.19308395745183,0.9552286607285402,0.0005981369176879525,0.02113804593682289,0.25,1.0,1.0,True,25,0.8
390,37.167430208387344,0.9813023023499546,0.00019180771778337657,0.022247610613703728,0.25,1.0,1.0,True,25,0.8
391,28.535982222252954,0.9081644529228794,0.0013969086576253176,0.03482990339398384,0.25,1.0,1.0,True,25,0.8
392,19.713650458290758,0.8216277609473432,0.010659812949597836,0.038430940359830856,0.25,1.0,1.0,True,25,0.8
393,32.56382336985773,0.9703465104333756,0.0005312719149515033,0.02766919881105423,0.25,1.0,1.0,True,25,0.8
394,28.482028856573066,0.8967482522822017,0.0014144513988867402,0.03321976214647293,0.25,1.0,1.0,True,25,0.8
395,22.43875063873114,0.7029921504193304,0.005592224188148975,0.04312968626618385,0.25,1.0,1.0,True,25,0.8
396,30.630517984972894,0.9341124160709273,0.0008595571271143854,0.03313427045941353,0.25,1.0,1.0,True,25,0.8
397,19.849482159057,0.7594653489322921,0.01023679319769144,0.03286275267601013,0.25,1.0,1.0,True,25,0.8
398,27.69395461635301,0.9378183004729858,0.001690272125415504,0.020630644634366035,0.25,1.0,1.0,True,25,0.8
399,34.7413024606736,0.9501344820386485,0.0003352407074999064,0.019336776807904243,0.25,1.0,1.0,True,25,0.8
400,35.67563008682725,0.9893711333550412,0.00027036131359636784,0.016808578744530678,0.25,1.0,1.0,True,25,0.8
401,27.18239704401336,0.8735689199683367,0.0015631079440936446,0.02987435646355152,0.25,1.0,1.0,True,25,0.8
402,30.33940143101846,0.9625746524432373,0.0008805767865851521,0.02063169702887535,0.25,1.0,1.0,True,25,0.8
403,18.27124032228954,0.6983711766059846,0.014833921566605568,0.03875748813152313,0.25,1.0,1.0,True,25,0.8
404,34.0526185984772,0.9480123723192972,0.0003931927203666419,0.026390010491013527,0.25,1.0,1.0,True,25,0.8
405,32.391985425753,0.9551203707454128,0.000575925805605948,0.023669688031077385,0.25,1.0,1.0,True,25,0.8
406,31.070657152290806,0.945686875820406,0.0007794558187015355,0.023109370842576027,0.25,1.0,1.0,True,25,0.8
407,22.09499294183248,0.867955145175243,0.006165781524032354,0.025457413867115974,0.25,1.0,1.0,True,25,0.8
408,29.834487216234812,0.9422465281251537,0.0009474728722125292,0.02682271972298622,0.25,1.0,1.0,True,25,0.8
409,34.18313736044452,0.9435388518668427,0.00037777310353703797,0.01900273747742176,0.25,1.0,1.0,True,25,0.8
410,37.50685545475489,0.9819492568541607,0.00017740738985594362,0.0181924719363451,0.25,1.0,1.0,True,25,0.8
411,26.65331501020401,0.9296242016741488,0.0021306804846972227,0.022608302533626556,0.25,1.0,1.0,True,25,0.8
412,35.488664245675146,0.9779979164863026,0.0002822882088366896,0.014187641441822052,0.25,1.0,1.0,True,25,0.8
413,28.642256525442335,0.9100010194599444,0.0013664240250363946,0.021564871072769165,0.25,1.0,1.0,True,25,0.8
414,31.38029438793335,0.9528837126475,0.0007263076258823276,0.018056752160191536,0.25,1.0,1.0,True,25,0.8
415,38.34726815646536,0.9792796797181553,0.00014623381139244884,0.015687337145209312,0.25,1.0,1.0,True,25,0.8
416,28.524308870288813,0.8862007325378192,0.0013950829161331058,0.03470844775438309,0.25,1.0,1.0,True,25,0.8
417,28.207557313186385,0.9101502517136381,0.0014772935537621379,0.037314027547836304,0.25,1.0,1.0,True,25,0.8
418,23.62362710853331,0.8865458584391541,0.004317115060985088,0.025844378396868706,0.25,1.0,1.0,True,25,0.8
419,26.425666487510526,0.9354769820337817,0.002275067148730159,0.020062509924173355,0.25,1.0,1.0,True,25,0.8
420,32.57370031506884,0.9489860888974216,0.0005522362771444023,0.01392011996358633,0.25,1.0,1.0,True,25,0.8
421,24.677096464338216,0.89818224689459,0.00334832607768476,0.029546992853283882,0.25,1.0,1.0,True,25,0.8
422,36.763188859814115,0.9730210849790382,0.0002105955354636535,0.013600052334368229,0.25,1.0,1.0,True,25,0.8
423,32.91956671944333,0.9613305399476928,0.0005087316385470331,0.02594243362545967,0.25,1.0,1.0,True,25,0.8
424,28.684510640107497,0.9293005327214521,0.0013485312229022384,0.028294404968619347,0.25,1.0,1.0,True,25,0.8
425,28.586692736700975,0.9542942192901399,0.0013546764384955168,0.028192590922117233,0.25,1.0,1.0,True,25,0.8
426,23.63253329391833,0.8843478641265636,0.00417125690728426,0.03242360055446625,0.25,1.0,1.0,True,25,0.8
427,32.68045306237231,0.9561568577961287,0.0005382323288358748,0.023679547011852264,0.25,1.0,1.0,True,25,0.8
428,26.78966520094962,0.9134138427805483,0.00208254624158144,0.03377262502908707,0.25,1.0,1.0,True,25,0.8
429,31.478893669310366,0.8760382562752724,0.0006922864122316241,0.03529145568609238,0.25,1.0,1.0,True,25,0.8
430,25.102354997940786,0.8807587578615906,0.0030639395117759705,0.022439077496528625,0.25,1.0,1.0,True,25,0.8
431,29.277498777038478,0.9384973678964702,0.001115710474550724,0.025423645973205566,0.25,1.0,1.0,True,25,0.8
432,29.365644046397442,0.9280870550757099,0.001154851051978767,0.018831253051757812,0.25,1.0,1.0,True,25,0.8
433,19.533758751586337,0.7757341654820347,0.010903000831604004,0.031567029654979706,0.25,1.0,1.0,True,25,0.8
434,37.7086508209599,0.9710982065989998,0.00016943055379670113,0.01713089644908905,0.25,1.0,1.0,True,25,0.8
435,24.86774584562373,0.7983874118328479,0.0032380109187215567,0.04559866711497307,0.25,1.0,1.0,True,25,0.8
436,21.40183654847136,0.8669019715635344,0.00718310521915555,0.03861032426357269,0.25,1.0,1.0,True,25,0.8
437,27.267841333440494,0.9336872153114855,0.0018366079311817884,0.026957403868436813,0.25,1.0,1.0,True,25,0.8
438,33.123645261088875,0.9798892683535045,0.00048673158744350076,0.01689084991812706,0.25,1.0,1.0,True,25,0.8
439,27.881791458629582,0.9358763329796945,0.001622491516172886,0.019725792109966278,0.25,1.0,1.0,True,25,0.8
440,34.70323388679568,0.9542346261403263,0.00033811034518294036,0.02108193188905716,0.25,1.0,1.0,True,25,0.8
441,34.39012908234395,0.9463841975873223,0.00036381816607899964,0.022993363440036774,0.25,1.0,1.0,True,25,0.8
442,32.921167833267965,0.9526573047272561,0.0005093762301839888,0.015070302411913872,0.25,1.0,1.0,True,25,0.8
443,27.81595441233967,0.8471846074400272,0.0016257662791758776,0.03655698895454407,0.25,1.0,1.0,True,25,0.8
444,30.154748191800476,0.9228630042928045,0.000964400009252131,0.022416092455387115,0.25,1.0,1.0,True,25,0.8
445,36.064806425819484,0.9493049071530809,0.0002468923630658537,0.027735862880945206,0.25,1.0,1.0,True,25,0.8
446,29.484895504504326,0.9543229227864459,0.0011243828339502215,0.01210236269980669,0.25,1.0,1.0,True,25,0.8
447,29.208193051402862,0.9384692268055874,0.0011109862243756652,0.019710516557097435,0.25,1.0,1.0,True,25,0.8
448,23.403106137515888,0.7844713945455957,0.004085847642272711,0.04035276919603348,0.25,1.0,1.0,True,25,0.8
449,30.094252751091588,0.9522119685007938,0.000894612108822912,0.03138173371553421,0.25,1.0,1.0,True,25,0.8
450,36.12102366531592,0.9660344622237271,0.0002441839606035501,0.013978643342852592,0.25,1.0,1.0,True,25,0.8
451,27.500956694817734,0.9303699466097096,0.0017667238134890795,0.025310339406132698,0.25,1.0,1.0,True,25,0.8
452,18.29734053765893,0.8236747958483049,0.014752772636711597,0.018998805433511734,0.25,1.0,1.0,True,25,0.8
453,27.858961013527992,0.9321737744998267,0.00162751495372504,0.027051974087953568,0.25,1.0,1.0,True,25,0.8
454,30.26748954927424,0.9656351406061858,0.0009189051343128085,0.01796804927289486,0.25,1.0,1.0,True,25,0.8
455,27.890260944200868,0.9335913181120397,0.0016180137172341347,0.024742983281612396,0.25,1.0,1.0,True,25,0.8
456,25.324082768392703,0.8985250456099109,0.002903764834627509,0.03031191974878311,0.25,1.0,1.0,True,25,0.8
457,30.10744986822654,0.9343017536584073,0.0008355985046364367,0.019641870632767677,0.25,1.0,1.0,True,25,0.8
458,35.60573341936696,0.9726927926296789,0.0002745573001448065,0.023613842204213142,0.25,1.0,1.0,True,25,0.8
459,31.27491747013903,0.9553030604117918,0.0007444057846441865,0.024297751486301422,0.25,1.0,1.0,True,25,0.8
460,29.423596582877998,0.9227444928051025,0.0011329622939229012,0.02372734807431698,0.25,1.0,1.0,True,25,0.8
461,33.56582385595951,0.9332585052055594,0.0004395103023853153,0.030949033796787262,0.25,1.0,1.0,True,25,0.8
462,24.923151848740574,0.8450295396061577,0.0031588911078870296,0.03139658272266388,0.25,1.0,1.0,True,25,0.8
463,15.481955786615714,0.638688294178786,0.028070688247680664,0.05199364945292473,0.25,1.0,1.0,True,25,0.8
464,29.45049307235493,0.8741148912200802,0.0009503053152002394,0.02967185340821743,0.25,1.0,1.0,True,25,0.8
465,30.491804302637576,0.9658993760775486,0.0008741311612538993,0.018832098692655563,0.25,1.0,1.0,True,25,0.8
466,27.456427039988167,0.9245252204238138,0.0017682274337857962,0.028364235535264015,0.25,1.0,1.0,True,25,0.8
467,23.42310759120524,0.8960368057407277,0.004538906738162041,0.022359177470207214,0.25,1.0,1.0,True,25,0.8
468,22.888538002299388,0.8657656788472298,0.00509942090138793,0.0319746695458889,0.25,1.0,1.0,True,25,0.8
469,31.081291625261862,0.8807740827293834,0.0007239384576678276,0.02336113154888153,0.25,1.0,1.0,True,25,0.8
470,24.64232686112097,0.9002965535679966,0.003384827170521021,0.02384183742105961,0.25,1.0,1.0,True,25,0.8
471,32.32275262409325,0.9641428416896654,0.0005837189382873476,0.014362233690917492,0.25,1.0,1.0,True,25,0.8
472,27.27412804823583,0.9446240153328984,0.0017421134980395436,0.02736159972846508,0.25,1.0,1.0,True,25,0.8
473,29.046345101811678,0.895953538715628,0.001234253286384046,0.02288047783076763,0.25,1.0,1.0,True,25,0.8
474,34.86277626542431,0.9816611244182715,0.0003257099015172571,0.01285418402403593,0.25,1.0,1.0,True,25,0.8
475,30.044547642992576,0.9200777332649266,0.0009297033539041877,0.026228858157992363,0.25,1.0,1.0,True,25,0.8
476,20.704964421660215,0.7891490021580416,0.008393161930143833,0.03017435409128666,0.25,1.0,1.0,True,25,0.8
477,26.377098664113063,0.8574410301454892,0.0020721429027616978,0.03316037729382515,0.25,1.0,1.0,True,25,0.8
478,37.349906492424374,0.9860080998041066,0.00018393203208688647,0.019428594037890434,0.25,1.0,1.0,True,25,0.8
479,22.26170631310762,0.8838870473477198,0.00593083119019866,0.01940840482711792,0.25,1.0,1.0,True,25,0.8
480,35.611792609505805,0.9428445527981678,0.0002742007200140506,0.022695669904351234,0.25,1.0,1.0,True,25,0.8
481,30.02346507677155,0.95467393148702,0.0009846630273386836,0.01619352027773857,0.25,1.0,1.0,True,25,0.8
482,35.91715211732049,0.9611678896135467,0.00025565491523593664,0.01758377067744732,0.25,1.0,1.0,True,25,0.8
483,26.46231478163795,0.9214824088945239,0.0022308824118226767,0.029918506741523743,0.25,1.0,1.0,True,25,0.8
484,21.212482344492326,0.8880368269936043,0.007543943822383881,0.02963261306285858,0.25,1.0,1.0,True,25,0.8
485,20.515948427243146,0.7799653242028399,0.008743044920265675,0.03841967508196831,0.25,1.0,1.0,True,25,0.8
486,29.354655600158853,0.9539900127917498,0.001132255420088768,0.03139437362551689,0.25,1.0,1.0,True,25,0.8
487,29.665353211891926,0.967045782336252,0.001065924298018217,0.02422080561518669,0.25,1.0,1.0,True,25,0.8
488,24.838758445556948,0.9094023690967444,0.0032735858112573624,0.03393388167023659,0.25,1.0,1.0,True,25,0.8
489,26.286321148272464,0.9054351612258514,0.0023075263015925884,0.043705035001039505,0.25,1.0,1.0,True,25,0.8
490,29.560868798317593,0.9111839719236827,0.0010001093614846468,0.02481784299015999,0.25,1.0,1.0,True,25,0.8
491,21.058570779021373,0.8695677901706845,0.00781276822090149,0.025834722444415092,0.25,1.0,1.0,True,25,0.8
492,26.881393717753696,0.9241774544904107,0.0020482197869569063,0.021721452474594116,0.25,1.0,1.0,True,25,0.8
493,33.479719311664134,0.9504112941285036,0.0004484654637053609,0.020026270300149918,0.25,1.0,1.0,True,25,0.8
494,36.20179105018641,0.966209319822867,0.0002394593320786953,0.01596515253186226,0.25,1.0,1.0,True,25,0.8
495,34.62845333001194,0.9832119926641107,0.0003436578263062984,0.020314399152994156,0.25,1.0,1.0,True,25,0.8
496,23.091689897235028,0.8420510329902018,0.004249268211424351,0.028738314285874367,0.25,1.0,1.0,True,25,0.8
497,32.127432475687066,0.9653300717703698,0.0005925839068368077,0.021208304911851883,0.25,1.0,1.0,True,25,0.8
498,32.45288009735444,0.9612727285477153,0.0005673892446793616,0.01646261289715767,0.25,1.0,1.0,True,25,0.8
499,24.973625733983486,0.9069277763555198,0.0031468744855374098,0.03385094180703163,0.25,1.0,1.0,True,25,0.8
500,26.42529035308046,0.870605324813087,0.0022091735154390335,0.0323069766163826,0.25,1.0,1.0,True,25,0.8
501,27.523326655508683,0.9494501522274148,0.0017672987887635827,0.00983445718884468,0.25,1.0,1.0,True,25,0.8
502,33.357570947140545,0.9717402673634952,0.0004276150430087,0.020687231793999672,0.25,1.0,1.0,True,25,0.8
503,26.540804421925817,0.9421561185089857,0.0022143435198813677,0.015140349045395851,0.25,1.0,1.0,True,25,0.8
504,28.207580045240977,0.9529500971053284,0.0014923742273822427,0.019971901550889015,0.25,1.0,1.0,True,25,0.8
505,34.07792570469952,0.9677568860544262,0.00039029758772812784,0.014341767877340317,0.25,1.0,1.0,True,25,0.8
506,27.9024074272508,0.9506880227780071,0.001608881982974708,0.024406637996435165,0.25,1.0,1.0,True,25,0.8
507,27.049146334713843,0.9248587330620662,0.0018967058276757598,0.021324101835489273,0.25,1.0,1.0,True,25,0.8
508,28.374261135266604,0.9267665658865059,0.001427851035259664,0.02371829003095627,0.25,1.0,1.0,True,25,0.8
509,32.625742878471385,0.9196688934768501,0.0005411814781837165,0.03624146059155464,0.25,1.0,1.0,True,25,0.8
510,22.046799602808143,0.8299211400452429,0.005619807168841362,0.03334039822220802,0.25,1.0,1.0,True,25,0.8
511,23.672048895881463,0.856509121458173,0.004273020196706057,0.039302170276641846,0.25,1.0,1.0,True,25,0.8
512,28.713541879614233,0.9300930877518913,0.0011450210586190224,0.027068812400102615,0.25,1.0,1.0,True,25,0.8
513,20.60619719430816,0.8066272637476449,0.008653460070490837,0.03979381546378136,0.25,1.0,1.0,True,25,0.8
514,29.91291801477544,0.9396917121975046,0.0010184417478740215,0.028859147801995277,0.25,1.0,1.0,True,25,0.8
515,28.477058105022294,0.9381272438971251,0.0013744980096817017,0.028654973953962326,0.25,1.0,1.0,True,25,0.8
516,24.589341417813767,0.9035437888908776,0.0033331767190247774,0.029735194519162178,0.25,1.0,1.0,True,25,0.8
517,29.392187323678908,0.9404508987844367,0.0010686499299481511,0.02449469082057476,0.25,1.0,1.0,True,25,0.8
518,25.147357715350147,0.8347456964214358,0.002946768421679735,0.03134293481707573,0.25,1.0,1.0,True,25,0.8
519,28.40695919517662,0.9204107742668062,0.001206240733154118,0.03277704492211342,0.25,1.0,1.0,True,25,0.8
520,23.610584393677918,0.8268439416169074,0.004315095022320747,0.02919263020157814,0.25,1.0,1.0,True,25,0.8
521,31.94411897960661,0.967219537118271,0.0006387700559571385,0.028294630348682404,0.25,1.0,1.0,True,25,0.8
522,36.12711506428599,0.9764788368845626,0.0002435969072394073,0.01078418456017971,0.25,1.0,1.0,True,25,0.8
523,26.10463444482042,0.8453315054903853,0.0014760588528588414,0.02798767201602459,0.25,1.0,1.0,True,25,0.8
524,28.922870066081646,0.9308835772261161,0.0012810379266738892,0.02787782996892929,0.25,1.0,1.0,True,25,0.8
525,27.530813947880493,0.9332284020534856,0.0016754327807575464,0.02574278600513935,0.25,1.0,1.0,True,25,0.8
526,30.194345467001085,0.9351572747293272,0.0009505283087491989,0.025567660108208656,0.25,1.0,1.0,True,25,0.8
527,28.95937583632357,0.9324466254911986,0.0012571288971230388,0.02526705712080002,0.25,1.0,1.0,True,25,0.8
528,28.661044556437403,0.8998745749423414,0.0013361162273213267,0.037251122295856476,0.25,1.0,1.0,True,25,0.8
529,28.931885837347902,0.9512393227994627,0.0012778417440131307,0.025201937183737755,0.25,1.0,1.0,True,25,0.8
530,21.024091883075123,0.8124446662709212,0.007758901920169592,0.045123953372240067,0.25,1.0,1.0,True,25,0.8
531,36.93165728541784,0.970822693701253,0.00020250669331289828,0.01833086460828781,0.25,1.0,1.0,True,25,0.8
532,19.90572353849919,0.6851607601342615,0.01017194613814354,0.032896123826503754,0.25,1.0,1.0,True,25,0.8
533,29.821115343411666,0.9712788217592412,0.0010319765424355865,0.02051260508596897,0.25,1.0,1.0,True,25,0.8
534,21.32351143192231,0.8089552063904176,0.0073458356782794,0.03623586893081665,0.25,1.0,1.0,True,25,0.8
535,31.585526667008562,0.9409477886339214,0.0005780139472335577,0.019778553396463394,0.25,1.0,1.0,True,25,0.8
536,27.00442257232481,0.9087966543240752,0.001988904317840934,0.024424931034445763,0.25,1.0,1.0,True,25,0.8
537,34.349641966010424,0.955264051063265,0.00036712532164528966,0.020046276971697807,0.25,1.0,1.0,True,25,0.8
538,37.84383251130318,0.9794166531294615,0.00016323097224812955,0.02104547806084156,0.25,1.0,1.0,True,25,0.8
539,26.890405466762672,0.9179736135836971,0.0020372315775603056,0.034351326525211334,0.25,1.0,1.0,True,25,0.8
540,20.747667321992616,0.8080856550895292,0.008159450255334377,0.025649847462773323,0.25,1.0,1.0,True,25,0.8
541,28.9441621861422,0.8895738327239474,0.0012682524975389242,0.030323060229420662,0.25,1.0,1.0,True,25,0.8
542,20.2873211128298,0.7600984249071598,0.009292329661548138,0.04406696557998657,0.25,1.0,1.0,True,25,0.8
543,26.82704069045968,0.894037651612209,0.0020512533374130726,0.029501603916287422,0.25,1.0,1.0,True,25,0.8
544,33.8098084474261,0.9361683033614335,0.00041554958443157375,0.021933663636446,0.25,1.0,1.0,True,25,0.8
545,19.31209295833504,0.7212753008585814,0.011603767052292824,0.04610100015997887,0.25,1.0,1.0,True,25,0.8
546,27.15546767845781,0.9274361881555295,0.0019013206474483013,0.029190611094236374,0.25,1.0,1.0,True,25,0.8
547,30.738916793775758,0.948243228666738,0.0008069943869486451,0.025362376123666763,0.25,1.0,1.0,True,25,0.8
548,30.41093691809522,0.944804111577309,0.0008875360363163054,0.014530929736793041,0.25,1.0,1.0,True,25,0.8
549,23.66584645773534,0.8003861158072249,0.004232598468661308,0.040623102337121964,0.25,1.0,1.0,True,25,0.8
550,30.968492588564658,0.9262372026425643,0.0007797810831107199,0.02440621517598629,0.25,1.0,1.0,True,25,0.8
551,33.1071335534243,0.9429929781209204,0.0003953739651478827,0.018277209252119064,0.25,1.0,1.0,True,25,0.8
552,35.72684275262694,0.9650937108586324,0.0002674433053471148,0.018472671508789062,0.25,1.0,1.0,True,25,0.8
553,31.728909495574598,0.9246828158542714,0.0005420418456196785,0.01622285135090351,0.25,1.0,1.0,True,25,0.8
554,29.567237268395644,0.9332822790790917,0.001015719841234386,0.025070326402783394,0.25,1.0,1.0,True,25,0.8
555,28.312745305914646,0.9305673050660529,0.0014727385714650154,0.019864454865455627,0.25,1.0,1.0,True,25,0.8
556,32.46743654220377,0.9785225585764283,0.000563899811822921,0.020414311438798904,0.25,1.0,1.0,True,25,0.8
557,31.279385812608073,0.9305139132097778,0.0007278264383785427,0.027464168146252632,0.25,1.0,1.0,True,25,0.8
558,35.70456422312762,0.9639673745961258,0.00026860591606236994,0.016500765457749367,0.25,1.0,1.0,True,25,0.8
559,35.2137372792842,0.9618696657665866,0.00030082344892434776,0.021252606064081192,0.25,1.0,1.0,True,25,0.8
560,39.375107154112314,0.9814323178109001,0.00011535540397744626,0.016552191227674484,0.25,1.0,1.0,True,25,0.8
561,24.082660654233024,0.8337588301487123,0.003847791813313961,0.039339207112789154,0.25,1.0,1.0,True,25,0.8
562,25.330096740574547,0.8721181444211751,0.0028156950138509274,0.024401836097240448,0.25,1.0,1.0,True,25,0.8
563,33.73395631080422,0.9584424687920463,0.0004228578181937337,0.02155974693596363,0.25,1.0,1.0,True,25,0.8
564,29.953079369079326,0.9658323460718918,0.0010099661303684115,0.019563544541597366,0.25,1.0,1.0,True,25,0.8
565,27.081415914863733,0.9335622557845462,0.0018892292864620686,0.027700180187821388,0.25,1.0,1.0,True,25,0.8
566,24.71484182544099,0.8498290819985147,0.0023671784438192844,0.028606444597244263,0.25,1.0,1.0,True,25,0.8
567,34.094395466586114,0.966112226186276,0.00038944403058849275,0.013387983664870262,0.25,1.0,1.0,True,25,0.8
568,27.354777085240784,0.8602199445539168,0.001782192848622799,0.03834591060876846,0.25,1.0,1.0,True,25,0.8
569,26.379936718537316,0.9079593317342924,0.0023011357989162207,0.027173712849617004,0.25,1.0,1.0,True,25,0.8
570,26.797050510276375,0.8635533918396899,0.0020438386127352715,0.035120755434036255,0.25,1.0,1.0,True,25,0.8
571,22.395037651367062,0.8764133961761699,0.005742649082094431,0.026620112359523773,0.25,1.0,1.0,True,25,0.8
572,33.69034367389255,0.9490527920078936,0.00036914064548909664,0.026633886620402336,0.25,1.0,1.0,True,25,0.8
573,32.99157836251977,0.9220114861556374,0.0005006217979826033,0.02860405668616295,0.25,1.0,1.0,True,25,0.8
574,30.689823595012097,0.9596130227126081,0.0008380776853300631,0.02718198485672474,0.25,1.0,1.0,True,25,0.8
575,32.35662173990371,0.9210094869313656,0.0005810342263430357,0.02473483234643936,0.25,1.0,1.0,True,25,0.8
576,34.700732288693345,0.9591632465859807,0.00033838849049061537,0.020248375833034515,0.25,1.0,1.0,True,25,0.8
577,32.97681123771221,0.9429329335535765,0.0004823211347684264,0.02962650917470455,0.25,1.0,1.0,True,25,0.8
578,30.771342415137294,0.9346263581676403,0.0008325041271746159,0.0297396183013916,0.25,1.0,1.0,True,25,0.8
579,21.79483596934391,0.897417992116584,0.006567764561623335,0.035514507442712784,0.25,1.0,1.0,True,25,0.8
580,35.25153368786997,0.9832844022350046,0.00029803262441419065,0.015389010310173035,0.25,1.0,1.0,True,25,0.8
581,34.407400339987085,0.9499334106827299,0.0003623638767749071,0.020428260788321495,0.25,1.0,1.0,True,25,0.8
582,30.877774298421127,0.9457604092294956,0.0008081267005763948,0.023498404771089554,0.25,1.0,1.0,True,25,0.8
583,35.30209602887195,0.9552781531823678,0.0002947723842225969,0.021312817931175232,0.25,1.0,1.0,True,25,0.8
584,20.346664942242594,0.861408070100616,0.009158327244222164,0.022727061063051224,0.25,1.0,1.0,True,25,0.8
585,26.822294465053265,0.9167196873289036,0.001971689285710454,0.02656612917780876,0.25,1.0,1.0,True,25,0.8
586,25.54251450618915,0.8172140220032141,0.00278296647593379,0.02947431616485119,0.25,1.0,1.0,True,25,0.8
587,34.66929937946964,0.9617771641250366,0.00034086042433045805,0.01964583434164524,0.25,1.0,1.0,True,25,0.8
588,27.8781168471551,0.9366424021352432,0.0016256277449429035,0.014951515942811966,0.25,1.0,1.0,True,25,0.8
589,27.72833078219271,0.9319294944359422,0.001608997001312673,0.02443053387105465,0.25,1.0,1.0,True,25,0.8
590,33.77334483882366,0.9483885400543149,0.0004056870238855481,0.02404562011361122,0.25,1.0,1.0,True,25,0.8
591,30.49604767122743,0.9129118292647249,0.0008583958260715008,0.02304118126630783,0.25,1.0,1.0,True,25,0.8
592,21.887208800385785,0.8181438400720437,0.006140055134892464,0.0310658048838377,0.25,1.0,1.0,True,25,0.8
593,35.25358020413455,0.9783399843363816,0.0002978958946187049,0.017770325765013695,0.25,1.0,1.0,True,25,0.8
594,31.949279749079,0.9454637794564137,0.000632565061096102,0.027361774817109108,0.25,1.0,1.0,True,25,0.8
595,28.854745421634476,0.9021682173044443,0.0012697629863396287,0.02948427014052868,0.25,1.0,1.0,True,25,0.8
596,25.768649272170986,0.8960915787772143,0.0026224092580378056,0.03457093611359596,0.25,1.0,1.0,True,25,0.8
597,37.158534015862,0.975508796218379,0.0001920327340485528,0.017814388498663902,0.25,1.0,1.0,True,25,0.8
598,34.719838988153136,0.9820974051829339,0.00033703696681186557,0.01722901687026024,0.25,1.0,1.0,True,25,0.8
599,30.404980093535805,0.9589281947927701,0.0009107389487326145,0.019793087616562843,0.25,1.0,1.0,True,25,0.8
600,31.74947851985422,0.9613671264965837,0.0006665457622148097,0.027242349460721016,0.25,1.0,1.0,True,25,0.8
601,30.506806917518734,0.9506150757503706,0.0008897672523744404,0.015900515019893646,0.25,1.0,1.0,True,25,0.8
602,29.888686193411264,0.9224257812026977,0.0008793405722826719,0.013440705835819244,0.25,1.0,1.0,True,25,0.8
603,34.444924398634654,0.969498660957481,0.0003588490653783083,0.024859171360731125,0.25,1.0,1.0,True,25,0.8
604,25.54039226255528,0.9148954613330332,0.0027083889581263065,0.02792324498295784,0.25,1.0,1.0,True,25,0.8
605,24.74369718039126,0.8283832261299905,0.003334522247314453,0.03716013580560684,0.25,1.0,1.0,True,25,0.8
606,36.62039212627492,0.9788868488941891,0.00021732479217462242,0.01905258186161518,0.25,1.0,1.0,True,25,0.8
607,28.827363150592692,0.9566218232884004,0.001303361146710813,0.030389394611120224,0.25,1.0,1.0,True,25,0.8
608,32.343461191761406,0.949452365524644,0.0005816942430101335,0.024323178455233574,0.25,1.0,1.0,True,25,0.8
609,32.138836095142764,0.936944551727474,0.000610259419772774,0.02653203159570694,0.25,1.0,1.0,True,25,0.8
610,26.384788422527517,0.9109900248524329,0.002297899452969432,0.03735368326306343,0.25,1.0,1.0,True,25,0.8
611,29.24449162259906,0.9406387665923166,0.0011715568834915757,0.0196258332580328,0.25,1.0,1.0,True,25,0.8
612,30.642744156129226,0.9687058087842014,0.0008570697973482311,0.02428782545030117,0.25,1.0,1.0,True,25,0.8
613,24.97758491222293,0.8124044456233435,0.0031546195968985558,0.04196402430534363,0.25,1.0,1.0,True,25,0.8
614,17.194279210231166,0.6629620023246179,0.01896624080836773,0.04259487986564636,0.25,1.0,1.0,True,25,0.8
615,31.825630304116146,0.9510166913240194,0.0006427713669836521,0.020964251831173897,0.25,1.0,1.0,True,25,0.8
616,23.166430033528297,0.8880719954582135,0.004531873390078545,0.02877623401582241,0.25,1.0,1.0,True,25,0.8
617,23.873761409597435,0.8649919843383173,0.004066006280481815,0.029365718364715576,0.25,1.0,1.0,True,25,0.8
618,19.356098203904118,0.7755054686061958,0.011270754970610142,0.04826666787266731,0.25,1.0,1.0,True,25,0.8
619,32.30806954276396,0.9445961334188041,0.0005735981394536793,0.02037201263010502,0.25,1.0,1.0,True,25,0.8
620,22.756556355847252,0.8331644551557469,0.005291342735290527,0.03399006277322769,0.25,1.0,1.0,True,25,0.8
621,24.897195233540618,0.9009202539601716,0.0030164504423737526,0.02611543796956539,0.25,1.0,1.0,True,25,0.8
622,35.16320497522609,0.9719149433576163,0.0003045120101887733,0.020864851772785187,0.25,1.0,1.0,True,25,0.8
623,26.31364507046171,0.9216581529354286,0.00230248156003654,0.027359232306480408,0.25,1.0,1.0,True,25,0.8
624,32.05665587646345,0.9847942982080428,0.0006195722380653024,0.022725915536284447,0.25,1.0,1.0,True,25,0.8
625,28.446938805948477,0.9267003484400925,0.0014117679093033075,0.016879921779036522,0.25,1.0,1.0,True,25,0.8
626,34.93238852490351,0.9699568791916618,0.00032097415532916784,0.01767246052622795,0.25,1.0,1.0,True,25,0.8
627,32.17392281173547,0.963656686507819,0.0006049983785487711,0.011770482175052166,0.25,1.0,1.0,True,25,0.8
628,26.40533073518974,0.9083096901869345,0.0018310602754354477,0.031782206147909164,0.25,1.0,1.0,True,25,0.8
629,31.70025727230626,0.9418294748101073,0.0006647902191616595,0.021931014955043793,0.25,1.0,1.0,True,25,0.8
630,35.54830823807434,0.9468075057839584,0.0002781068906188011,0.02274801954627037,0.25,1.0,1.0,True,25,0.8
631,28.432815763824483,0.9217619840805376,0.001409373595379293,0.022101357579231262,0.25,1.0,1.0,True,25,0.8
632,32.15675009778357,0.9426611582176727,0.0005993922823108733,0.02058333531022072,0.25,1.0,1.0,True,25,0.8
633,24.203488461526174,0.8989822345775464,0.0037787824403494596,0.01918718032538891,0.25,1.0,1.0,True,25,0.8
634,31.055777507030044,0.9811346783880356,0.0007814245764166117,0.016750594601035118,0.25,1.0,1.0,True,25,0.8
635,34.83183354761917,0.9858519615618929,0.0003285080019850284,0.011030972935259342,0.25,1.0,1.0,True,25,0.8
636,35.835652588718645,0.973849361971928,0.0002607227652333677,0.01270963717252016,0.25,1.0,1.0,True,25,0.8
637,21.513553488211564,0.7873239344354984,0.006663873791694641,0.03532867506146431,0.25,1.0,1.0,True,25,0.8
638,32.774165802614704,0.9455862223517661,0.0005278730532154441,0.023554768413305283,0.25,1.0,1.0,True,25,0.8
639,25.917619350982235,0.8965321662951111,0.0025305375456809998,0.029517563059926033,0.25,1.0,1.0,True,25,0.8
640,28.414650639869187,0.9080953200196826,0.0014166381442919374,0.0471218042075634,0.25,1.0,1.0,True,25,0.8
641,21.075112019200716,0.7542777134152298,0.007578166667371988,0.03348749876022339,0.25,1.0,1.0,True,25,0.8
642,24.588419804772485,0.8460606273575351,0.003413444384932518,0.024174029007554054,0.25,1.0,1.0,True,25,0.8
643,27.316155907040272,0.917807438725104,0.001829679822549224,0.02856266126036644,0.25,1.0,1.0,True,25,0.8
644,30.608213359645553,0.9573708266419646,0.0007859277538955212,0.024836786091327667,0.25,1.0,1.0,True,25,0.8
645,35.118089964862655,0.9647876695874921,0.0003075837157666683,0.019210435450077057,0.25,1.0,1.0,True,25,0.8
646,24.32150295443342,0.9215704071714175,0.0036809740122407675,0.025541510432958603,0.25,1.0,1.0,True,25,0.8
647,25.998227469911825,0.9180742255013179,0.0022388563957065344,0.035614095628261566,0.25,1.0,1.0,True,25,0.8
648,27.63653969735618,0.833393034579759,0.0014527241000905633,0.038340047001838684,0.25,1.0,1.0,True,25,0.8
649,33.90402559447636,0.971169273596799,0.0004068317939527333,0.015003561973571777,0.25,1.0,1.0,True,25,0.8
650,26.95345627050898,0.9122038745620241,0.0011230349773541093,0.016804970800876617,0.25,1.0,1.0,True,25,0.8
651,22.543641144653904,0.8656030649784712,0.0055551123805344105,0.030952543020248413,0.25,1.0,1.0,True,25,0.8
652,32.60215750149053,0.9565619549822635,0.0005228666705079377,0.01685788668692112,0.25,1.0,1.0,True,25,0.8
653,28.407020163641366,0.8582607499262274,0.0014112107455730438,0.025823241099715233,0.25,1.0,1.0,True,25,0.8
654,27.758029901467975,0.9025506807550773,0.0016692084027454257,0.018533235415816307,0.25,1.0,1.0,True,25,0.8
655,32.69750620469576,0.9708519688239408,0.0005359353963285685,0.01741262711584568,0.25,1.0,1.0,True,25,0.8
656,28.335390916414,0.8542372489962448,0.0012124517234042287,0.042141832411289215,0.25,1.0,1.0,True,25,0.8
657,24.212062213245396,0.8581770315926841,0.0030481291469186544,0.018073327839374542,0.25,1.0,1.0,True,25,0.8
658,27.92253781823817,0.9137914688763726,0.0010970048606395721,0.019621120765805244,0.25,1.0,1.0,True,25,0.8
659,29.41898669710623,0.9329578185884592,0.0010558298090472817,0.02384660579264164,0.25,1.0,1.0,True,25,0.8
660,25.05748778954471,0.8145284583006137,0.0030252046417444944,0.035124521702528,0.25,1.0,1.0,True,25,0.8
661,27.36335168299458,0.9157141916496128,0.0017534937942400575,0.031260810792446136,0.25,1.0,1.0,True,25,0.8
662,22.883476535782084,0.8905066994861752,0.005098723340779543,0.01960897259414196,0.25,1.0,1.0,True,25,0.8
663,38.24997232648108,0.9747309476383207,0.00014906337310094386,0.018237631767988205,0.25,1.0,1.0,True,25,0.8
664,26.87522133116586,0.9166369375780463,0.0020465024281293154,0.03827513009309769,0.25,1.0,1.0,True,25,0.8
665,27.558492406012405,0.9414069303902495,0.0017531228950247169,0.01620267890393734,0.25,1.0,1.0,True,25,0.8
666,23.466153328536656,0.7655369747177553,0.0044311839155852795,0.04273319989442825,0.25,1.0,1.0,True,25,0.8
667,28.87646841635914,0.9595481417804065,0.0012941776076331735,0.017101068049669266,0.25,1.0,1.0,True,25,0.8
668,22.049960400006526,0.8419792126764539,0.00615308852866292,0.029345080256462097,0.25,1.0,1.0,True,25,0.8
669,21.273603743533446,0.8503291550931064,0.0074471235275268555,0.02850678749382496,0.25,1.0,1.0,True,25,0.8
670,33.14367616244928,0.9504162749838779,0.00045055217924527824,0.017023788765072823,0.25,1.0,1.0,True,25,0.8
671,22.889811844537583,0.9052089283510012,0.005124594550579786,0.018515057861804962,0.25,1.0,1.0,True,25,0.8
672,38.04620725096359,0.9773313127558052,0.00015671625442337245,0.01620742678642273,0.25,1.0,1.0,True,25,0.8
673,35.408753476896045,0.9629739780205814,0.00028753242804668844,0.017377370968461037,0.25,1.0,1.0,True,25,0.8
674,29.60552411801707,0.9015415572591118,0.001075771520845592,0.019835064187645912,0.25,1.0,1.0,True,25,0.8
675,32.680096216450494,0.9389298733004722,0.0005094201187603176,0.022313732653856277,0.25,1.0,1.0,True,25,0.8
676,28.61399229729777,0.9236104646380472,0.0012154558207839727,0.02802056074142456,0.25,1.0,1.0,True,25,0.8
677,21.612543559468026,0.8496851716953463,0.006885563023388386,0.029154717922210693,0.25,1.0,1.0,True,25,0.8
678,28.49904435625419,0.9340711918931505,0.0014022878604009748,0.028745954856276512,0.25,1.0,1.0,True,25,0.8
679,35.55044678127186,0.9833034519625153,0.00027737722848542035,0.020525140687823296,0.25,1.0,1.0,True,25,0.8
680,29.927392711090903,0.9330812462358529,0.001016198075376451,0.026818396523594856,0.25,1.0,1.0,True,25,0.8
681,20.134638025333146,0.8043729752961346,0.009621253237128258,0.03494923189282417,0.25,1.0,1.0,True,25,0.8
682,22.758397680766084,0.8652663896789234,0.005052560940384865,0.03467820957303047,0.25,1.0,1.0,True,25,0.8
683,36.604846820358404,0.9698177123955529,0.00021830496552865952,0.012715088203549385,0.25,1.0,1.0,True,25,0.8
684,26.95395061642902,0.8679785688164556,0.0017756011802703142,0.024886002764105797,0.25,1.0,1.0,True,25,0.8
685,31.354354099866836,0.9531926373087093,0.000731642241589725,0.02458190731704235,0.25,1.0,1.0,True,25,0.8
686,23.876165906076228,0.9196924733113828,0.00407890509814024,0.025308294221758842,0.25,1.0,1.0,True,25,0.8
687,35.588649894704446,0.9711162107155665,0.00027611092082224786,0.0113603500649333,0.25,1.0,1.0,True,25,0.8
688,34.36148080537925,0.9493848313534223,0.00036611035466194153,0.020505111664533615,0.25,1.0,1.0,True,25,0.8
689,33.32749462390642,0.9614106800995375,0.00046467018546536565,0.018498972058296204,0.25,1.0,1.0,True,25,0.8
690,37.799159464924244,0.9757181928715101,0.00016578369832132012,0.015861866995692253,0.25,1.0,1.0,True,25,0.8
691,33.372157092332756,0.9597576289323339,0.0004565546987578273,0.024099556729197502,0.25,1.0,1.0,True,25,0.8
692,32.80827341441044,0.9319183220519801,0.0005215792916715145,0.022276001051068306,0.25,1.0,1.0,True,25,0.8
693,25.819484556937674,0.9144033515788385,0.002603721572086215,0.030663955956697464,0.25,1.0,1.0,True,25,0.8
694,34.16441520772415,0.9811008668075036,0.0003827896434813738,0.018071044236421585,0.25,1.0,1.0,True,25,0.8
695,20.593664383976666,0.8002438336509036,0.00856232549995184,0.032706499099731445,0.25,1.0,1.0,True,25,0.8
696,24.698544371073822,0.859795801122399,0.0033127854112535715,0.032827697694301605,0.25,1.0,1.0,True,25,0.8
697,21.566037069948294,0.7906132631820927,0.006685806903988123,0.031595874577760696,0.25,1.0,1.0,True,25,0.8
698,25.380016577248725,0.9324210271877462,0.002821121597662568,0.028500182554125786,0.25,1.0,1.0,True,25,0.8
699,25.72337425535506,0.8829990836058361,0.002656708937138319,0.041090305894613266,0.25,1.0,1.0,True,25,0.8
700,31.176348598266785,0.9568791496341565,0.0007559008663520217,0.012864287942647934,0.25,1.0,1.0,True,25,0.8
701,29.09375432296272,0.920663062865597,0.0011034515919163823,0.02825562283396721,0.25,1.0,1.0,True,25,0.8
702,22.524009906096655,0.7992962609565998,0.005554946605116129,0.03528547286987305,0.25,1.0,1.0,True,25,0.8
703,26.5459291058079,0.8540344839153707,0.002187059260904789,0.024457847699522972,0.25,1.0,1.0,True,25,0.8
704,26.98536851612176,0.9097886452905116,0.0019448805833235383,0.022156305611133575,0.25,1.0,1.0,True,25,0.8
705,34.41425065441826,0.9685452135723811,0.00036052250652574003,0.018573885783553123,0.25,1.0,1.0,True,25,0.8
706,29.17875441637129,0.8504793554529071,0.0010873184073716402,0.042725857347249985,0.25,1.0,1.0,True,25,0.8
707,17.7252262858813,0.7295427191465886,0.016850322484970093,0.0364919975399971,0.25,1.0,1.0,True,25,0.8
708,28.94329967986708,0.9402945991086517,0.0010577146895229816,0.02298371121287346,0.25,1.0,1.0,True,25,0.8
709,28.9237656676709,0.8820089636403218,0.0012803322169929743,0.03092600218951702,0.25,1.0,1.0,True,25,0.8
710,23.712558008750708,0.866642681863359,0.004196454770863056,0.034621257334947586,0.25,1.0,1.0,True,25,0.8
711,21.77979660832582,0.7818088042517802,0.006493011489510536,0.03685199096798897,0.25,1.0,1.0,True,25,0.8
712,35.24186438839774,0.9560255269194166,0.0002988392661791295,0.025380685925483704,0.25,1.0,1.0,True,25,0.8
713,28.388393721660286,0.867489228716122,0.0012951892567798495,0.02563556842505932,0.25,1.0,1.0,True,25,0.8
714,33.92891527802273,0.9368142576194277,0.0004045942914672196,0.0206886138767004,0.25,1.0,1.0,True,25,0.8
715,33.520018584719416,0.967152688832967,0.0004445018421392888,0.016223767772316933,0.25,1.0,1.0,True,25,0.8
716,31.96762669027442,0.9560335246601956,0.0006333632627502084,0.023564856499433517,0.25,1.0,1.0,True,25,0.8
717,31.622959720540894,0.9695932191130546,0.0006881100125610828,0.02122517302632332,0.25,1.0,1.0,True,25,0.8
718,31.870743732873976,0.9642685004678181,0.0006490359082818031,0.025326795876026154,0.25,1.0,1.0,True,25,0.8
719,34.16232835121964,0.9589198570779234,0.0003828376065939665,0.02101566642522812,0.25,1.0,1.0,True,25,0.8
720,19.619817322317477,0.8074094780611863,0.01086534932255745,0.03517648205161095,0.25,1.0,1.0,True,25,0.8
721,27.285657916004705,0.9103535816949957,0.001857312978245318,0.03439449891448021,0.25,1.0,1.0,True,25,0.8
722,24.029494060168616,0.8714683028280407,0.0038831818383187056,0.021694669499993324,0.25,1.0,1.0,True,25,0.8
723,29.103999597752917,0.8896005953574636,0.0009662632364779711,0.02232278883457184,0.25,1.0,1.0,True,25,0.8
724,28.448178019490467,0.8695832163256342,0.0013485874515026808,0.03513379767537117,0.25,1.0,1.0,True,25,0.8
725,28.27178694861469,0.8355271817380572,0.0008852522005327046,0.03458807244896889,0.25,1.0,1.0,True,25,0.8
726,25.44554464428699,0.910497889026492,0.0028469949029386044,0.02475208416581154,0.25,1.0,1.0,True,25,0.8
727,29.548320524029883,0.9406585049333956,0.0011088101891800761,0.019903942942619324,0.25,1.0,1.0,True,25,0.8
728,25.831304739349278,0.9141714205990389,0.002607480389997363,0.026331063359975815,0.25,1.0,1.0,True,25,0.8
729,31.344525373268564,0.9811243470777422,0.0007240616250783205,0.023568086326122284,0.25,1.0,1.0,True,25,0.8
730,21.19652605886445,0.8236320719949568,0.007296494673937559,0.030129382386803627,0.25,1.0,1.0,True,25,0.8
731,36.41919087702542,0.9686347967853733,0.00022792036179453135,0.014188199304044247,0.25,1.0,1.0,True,25,0.8
732,36.78860815127309,0.9746746880197427,0.00020911730825901031,0.02508644573390484,0.25,1.0,1.0,True,25,0.8
733,26.76138082768253,0.9056616315995817,0.0020884929690510035,0.029726454988121986,0.25,1.0,1.0,True,25,0.8
734,29.656062051041165,0.9361485284133223,0.001081785187125206,0.017442017793655396,0.25,1.0,1.0,True,25,0.8
735,25.078600046843125,0.8653975619412613,0.00305510894395411,0.04648821800947189,0.25,1.0,1.0,True,25,0.8
736,26.077450097286277,0.9255024528715248,0.002440169220790267,0.037101104855537415,0.25,1.0,1.0,True,25,0.8
737,28.597652999621058,0.9237294301330098,0.0013550410512834787,0.022513892501592636,0.25,1.0,1.0,True,25,0.8
738,22.61609281272065,0.8517646383651762,0.005458715837448835,0.04573182016611099,0.25,1.0,1.0,True,25,0.8
739,21.481226990648913,0.6852741057830932,0.007088582031428814,0.0383724719285965,0.25,1.0,1.0,True,25,0.8
740,31.152661545708398,0.9246178087504471,0.0007666277815587819,0.017334312200546265,0.25,1.0,1.0,True,25,0.8
741,26.40305215827417,0.8882040503262797,0.0022870609536767006,0.035155802965164185,0.25,1.0,1.0,True,25,0.8
742,37.86394535302794,0.9673481231134373,0.00016330234939232469,0.025736825540661812,0.25,1.0,1.0,True,25,0.8
743,22.138177625444584,0.8999235632207525,0.006103971041738987,0.02835865132510662,0.25,1.0,1.0,True,25,0.8
744,25.3138824654418,0.8972624915472248,0.002773656975477934,0.034383684396743774,0.25,1.0,1.0,True,25,0.8
745,26.827309093787544,0.885024808983207,0.0019885541405528784,0.022921286523342133,0.25,1.0,1.0,True,25,0.8
746,31.99549331985991,0.9597402565465746,0.0006304433336481452,0.03046223148703575,0.25,1.0,1.0,True,25,0.8
747,36.21024138860939,0.9611621961935631,0.000239014727412723,0.02129480428993702,0.25,1.0,1.0,True,25,0.8
748,28.417197424321134,0.9279364866691846,0.0013363054022192955,0.02163238637149334,0.25,1.0,1.0,True,25,0.8
749,17.09448161639983,0.5934452016263206,0.019182488322257996,0.03295419365167618,0.25,1.0,1.0,True,25,0.8
750,28.429795778683456,0.8934795235067902,0.0012638205662369728,0.028017915785312653,0.25,1.0,1.0,True,25,0.8
751,20.891525656911423,0.8481814444547575,0.008127335458993912,0.021636927500367165,0.25,1.0,1.0,True,25,0.8
752,34.294731150893355,0.9732694888969939,0.00036695096059702337,0.026636622846126556,0.25,1.0,1.0,True,25,0.8
753,28.169421686558756,0.9357962919316486,0.0015153271378949285,0.021921610459685326,0.25,1.0,1.0,True,25,0.8
754,26.636746227225704,0.9266025652826386,0.0021605310030281544,0.02723623253405094,0.25,1.0,1.0,True,25,0.8
755,32.89225732727318,0.9216691439796404,0.0005134820239618421,0.02892838791012764,0.25,1.0,1.0,True,25,0.8
756,28.015715476641954,0.9398448417660991,0.0015775971114635468,0.017458636313676834,0.25,1.0,1.0,True,25,0.8
757,30.43164378230978,0.9242500305960053,0.0008746542735025287,0.019506296142935753,0.25,1.0,1.0,True,25,0.8
758,29.109643111055192,0.9449250673100552,0.0012248472776263952,0.01746092364192009,0.25,1.0,1.0,True,25,0.8
759,24.017945074920902,0.7976349637150703,0.003729813499376178,0.04190445318818092,0.25,1.0,1.0,True,25,0.8
760,30.998217338447652,0.941023909001466,0.0007936046458780766,0.029839131981134415,0.25,1.0,1.0,True,25,0.8
761,30.159035354100272,0.9115221178939065,0.0008972695795819163,0.029547806829214096,0.25,1.0,1.0,True,25,0.8
762,23.707323602529105,0.8690692936001033,0.0042159971781075,0.03506302833557129,0.25,1.0,1.0,True,25,0.8
763,21.094108073269794,0.8524944678966414,0.007744221948087215,0.031206039711833,0.25,1.0,1.0,True,25,0.8
764,35.86287940543113,0.9617377975715327,0.00025910488329827785,0.023774774745106697,0.25,1.0,1.0,True,25,0.8
765,32.603356494315214,0.9243190535819936,0.0005353966844268143,0.027348242700099945,0.25,1.0,1.0,True,25,0.8
766,24.638716091766703,0.8585427400451326,0.003293773625046015,0.043703384697437286,0.25,1.0,1.0,True,25,0.8
767,28.627057856768023,0.935704909680244,0.0013154384214431047,0.02336079441010952,0.25,1.0,1.0,True,25,0.8
768,32.87836865541859,0.9683429256266116,0.0005138844717293978,0.02036247029900551,0.25,1.0,1.0,True,25,0.8
769,29.194659593470703,0.8891064123214142,0.0010197238298133016,0.02478967420756817,0.25,1.0,1.0,True,25,0.8
770,20.717555879147397,0.7616566870916852,0.008333815261721611,0.03443925455212593,0.25,1.0,1.0,True,25,0.8
771,39.7057016221635,0.9848927044308715,0.00010691714123822749,0.012433739379048347,0.25,1.0,1.0,True,25,0.8
772,34.933352734028695,0.9450936595629612,0.0003210672293789685,0.024606596678495407,0.25,1.0,1.0,True,25,0.8
773,32.129096672657056,0.9398747057153222,0.0006047580973245203,0.029726702719926834,0.25,1.0,1.0,True,25,0.8
774,27.920487072719467,0.928960192737134,0.0016103610396385193,0.025486605241894722,0.25,1.0,1.0,True,25,0.8
775,30.87429045806627,0.9155846903985078,0.0006266534910537302,0.02424352802336216,0.25,1.0,1.0,True,25,0.8
776,31.937677528325995,0.9583360278907821,0.0006390531198121607,0.026203103363513947,0.25,1.0,1.0,True,25,0.8
777,29.11462204241236,0.8964601370503106,0.0012234542518854141,0.043324436992406845,0.25,1.0,1.0,True,25,0.8
778,27.2344309289739,0.9490159319942457,0.001888677361421287,0.01710902340710163,0.25,1.0,1.0,True,25,0.8
779,36.57447264529113,0.9696917497428947,0.00021970970556139946,0.013428964652121067,0.25,1.0,1.0,True,25,0.8
780,26.713974389827904,0.8818337069122723,0.0020874023903161287,0.021573957055807114,0.25,1.0,1.0,True,25,0.8
781,31.798116890706236,0.9652467654831516,0.0006609498523175716,0.019976386800408363,0.25,1.0,1.0,True,25,0.8
782,22.9562053344441,0.8552412329598745,0.005016262177377939,0.028816789388656616,0.25,1.0,1.0,True,25,0.8
783,29.478887370353874,0.9393662063460663,0.0010922489454969764,0.02466879040002823,0.25,1.0,1.0,True,25,0.8
784,32.380635488539006,0.9639480959920076,0.0005775777390226722,0.01654602773487568,0.25,1.0,1.0,True,25,0.8
785,30.420204109066535,0.9315074351188507,0.0008294611470773816,0.02945692464709282,0.25,1.0,1.0,True,25,0.8
786,31.066124032758687,0.9606589883627414,0.0007799188606441021,0.016652286052703857,0.25,1.0,1.0,True,25,0.8
787,26.715447116150393,0.8486896048260802,0.0020746777299791574,0.04546349123120308,0.25,1.0,1.0,True,25,0.8
788,34.05178517407544,0.9790136992347007,0.0003838144475594163,0.014486647211015224,0.25,1.0,1.0,True,25,0.8
789,36.42896605650579,0.9570848582883368,0.00022737019753549248,0.017801634967327118,0.25,1.0,1.0,True,25,0.8
790,26.155890341427295,0.9040323637149098,0.0021695878822356462,0.031191229820251465,0.25,1.0,1.0,True,25,0.8
791,30.878737042253043,0.9339277411208433,0.000816447485703975,0.01878630742430687,0.25,1.0,1.0,True,25,0.8
792,27.377672697612248,0.9318358083443007,0.0018232938600704074,0.02901965193450451,0.25,1.0,1.0,True,25,0.8
793,26.75068234822058,0.9554279404235821,0.002099917270243168,0.028605416417121887,0.25,1.0,1.0,True,25,0.8
794,21.859786757704963,0.8698722756276978,0.0064826468005776405,0.031217318028211594,0.25,1.0,1.0,True,25,0.8
795,30.463233249924908,0.9460671658486405,0.0008986732573248446,0.02291889488697052,0.25,1.0,1.0,True,25,0.8
796,26.442459839922627,0.8305780156822495,0.002007972914725542,0.033263057470321655,0.25,1.0,1.0,True,25,0.8
797,34.87360886353145,0.9343243346956123,0.00032444109092466533,0.03160236403346062,0.25,1.0,1.0,True,25,0.8
798,31.12469512259431,0.9349739841993809,0.0007696422981098294,0.016977081075310707,0.25,1.0,1.0,True,25,0.8
799,28.99971752241597,0.8589046360411603,0.000916879391297698,0.02244776114821434,0.25,1.0,1.0,True,25,0.8
800,26.400009465240352,0.8819427091793626,0.0021294772159308195,0.03790677338838577,0.25,1.0,1.0,True,25,0.8
801,38.51011946172339,0.981391447677947,0.00014073727652430534,0.01615668274462223,0.25,1.0,1.0,True,25,0.8
802,26.670437529319457,0.909855201754621,0.002119017532095313,0.024583587422966957,0.25,1.0,1.0,True,25,0.8
803,30.618373574431903,0.9581163501284317,0.0008663880871608853,0.021657181903719902,0.25,1.0,1.0,True,25,0.8
804,34.937488848874,0.9901301738708996,0.0003172465367242694,0.01517188549041748,0.25,1.0,1.0,True,25,0.8
805,33.43969650398736,0.9627901844687998,0.0004524520772974938,0.03296344727277756,0.25,1.0,1.0,True,25,0.8
806,36.01481559246029,0.9751186087435367,0.0002500879345461726,0.009876550175249577,0.25,1.0,1.0,True,25,0.8
807,28.79491695604043,0.9317308445494733,0.0013128815917298198,0.02516752853989601,0.25,1.0,1.0,True,25,0.8
808,35.223317531159225,0.9614346647563979,0.0003000984725076705,0.019626818597316742,0.25,1.0,1.0,True,25,0.8
809,26.41442636854738,0.8762103428697008,0.0022347355261445045,0.04027140140533447,0.25,1.0,1.0,True,25,0.8
810,20.58541803190235,0.8373529983865712,0.00871505681425333,0.03418589383363724,0.25,1.0,1.0,True,25,0.8
811,34.73270894518712,0.9484265158250851,0.0003360982227604836,0.01957644708454609,0.25,1.0,1.0,True,25,0.8
812,32.1327665744836,0.9694663493656644,0.0006114670541137457,0.01843654364347458,0.25,1.0,1.0,True,25,0.8
813,28.204523737644838,0.8631264542754382,0.0014835159527137876,0.03830761834979057,0.25,1.0,1.0,True,25,0.8
814,23.78778204689511,0.8686376095959262,0.003954045008867979,0.03210611268877983,0.25,1.0,1.0,True,25,0.8
815,36.04494019054954,0.9715200721356398,0.00024847875465638936,0.0171015914529562,0.25,1.0,1.0,True,25,0.8
816,19.884562157277106,0.8475603687540186,0.010156229138374329,0.026602372527122498,0.25,1.0,1.0,True,25,0.8
817,33.26540502684831,0.9493832011371697,0.0004712936352007091,0.02120709791779518,0.25,1.0,1.0,True,25,0.8
818,28.37013938738633,0.9407578269087001,0.0014550162013620138,0.020167039707303047,0.25,1.0,1.0,True,25,0.8
819,35.08271174839549,0.9831194427206543,0.0003100586764048785,0.017879342660307884,0.25,1.0,1.0,True,25,0.8
820,31.49576834899072,0.9482771893050156,0.00070769595913589,0.025339679792523384,0.25,1.0,1.0,True,25,0.8
821,25.744710428901524,0.8651983478893833,0.002327120862901211,0.024380937218666077,0.25,1.0,1.0,True,25,0.8
822,31.812693766877132,0.9697350192857355,0.0006500928429886699,0.0255291685461998,0.25,1.0,1.0,True,25,0.8
823,24.519217312366553,0.9287099162860551,0.003528607776388526,0.016320841386914253,0.25,1.0,1.0,True,25,0.8
824,35.06023248288841,0.9767256133696612,0.00031172457966022193,0.013837393373250961,0.25,1.0,1.0,True,25,0.8
825,23.095271903811145,0.8699039929162404,0.004869972355663776,0.029887361451983452,0.25,1.0,1.0,True,25,0.8
826,30.84057205316169,0.9316715908124351,0.0008208660292439163,0.03330027312040329,0.25,1.0,1.0,True,25,0.8
827,28.319980189084006,0.9138549396074286,0.0014505257131531835,0.024490201845765114,0.25,1.0,1.0,True,25,0.8
828,29.06909218873149,0.9615268857805568,0.001215631142258644,0.024751383811235428,0.25,1.0,1.0,True,25,0.8
829,27.534767022006097,0.9076417365733254,0.0014412699965760112,0.023345718160271645,0.25,1.0,1.0,True,25,0.8
830,29.34775898393621,0.9130020683748558,0.0011602333979681134,0.023620136082172394,0.25,1.0,1.0,True,25,0.8
831,20.801459806792522,0.7906850786569458,0.008302601054310799,0.044353242963552475,0.25,1.0,1.0,True,25,0.8
832,24.17756348437117,0.9234575755685501,0.0038105591665953398,0.02015060745179653,0.25,1.0,1.0,True,25,0.8
833,25.801871478765158,0.8334726919536599,0.0023227562196552753,0.03545542061328888,0.25,1.0,1.0,True,25,0.8
834,29.612033932411617,0.8986129457182929,0.0010776461567729712,0.03620995581150055,0.25,1.0,1.0,True,25,0.8
835,34.185503324040255,0.9770583966814205,0.0003772855270653963,0.018998609855771065,0.25,1.0,1.0,True,25,0.8
836,26.92536397559048,0.8608082694023601,0.001983099849894643,0.02216007374227047,0.25,1.0,1.0,True,25,0.8
837,22.648282790900343,0.8633548406621809,0.005363659001886845,0.028223108500242233,0.25,1.0,1.0,True,25,0.8
838,29.542586390053977,0.9199955132554436,0.0011088602477684617,0.03008728101849556,0.25,1.0,1.0,True,25,0.8
839,28.43220665998894,0.8915249398721851,0.0012952388497069478,0.033275045454502106,0.25,1.0,1.0,True,25,0.8
840,37.55606171066849,0.9713469452779236,0.00017517163360025734,0.016411660239100456,0.25,1.0,1.0,True,25,0.8
841,24.304772639063337,0.9122469151554528,0.0036713231820613146,0.03492577373981476,0.25,1.0,1.0,True,25,0.8
842,29.917841516297827,0.9359638356671921,0.0010025384835898876,0.02367304265499115,0.25,1.0,1.0,True,25,0.8
843,31.264826694060144,0.9531666873747596,0.0007469347328878939,0.02034025266766548,0.25,1.0,1.0,True,25,0.8
844,29.723358006540632,0.9030279900697977,0.001062690862454474,0.026949044317007065,0.25,1.0,1.0,True,25,0.8
845,31.710481079730798,0.9334643893212972,0.0006736887735314667,0.025671683251857758,0.25,1.0,1.0,True,25,0.8
846,35.67397134008421,0.9473438208501774,0.0002705542428884655,0.02871326543390751,0.25,1.0,1.0,True,25,0.8
847,25.943497005961124,0.9123480843939463,0.0024502568412572145,0.028982013463974,0.25,1.0,1.0,True,25,0.8
848,30.767850382102825,0.9436598317880257,0.00083679158706218,0.022637583315372467,0.25,1.0,1.0,True,25,0.8
849,23.692051061316622,0.8805855073320369,0.0041870721615850925,0.01587464101612568,0.25,1.0,1.0,True,25,0.8
850,27.14193797574127,0.9202135914751166,0.0018736128695309162,0.02820790931582451,0.25,1.0,1.0,True,25,0.8
851,28.992732675515533,0.9437358436031484,0.001258974545635283,0.024720821529626846,0.25,1.0,1.0,True,25,0.8
852,22.879035878544997,0.8003246701330065,0.002317005768418312,0.037972237914800644,0.25,1.0,1.0,True,25,0.8
853,27.894384298726706,0.8992275696399673,0.0015945208724588156,0.030437545850872993,0.25,1.0,1.0,True,25,0.8
854,35.13125099331903,0.9701535899203628,0.00030625826912000775,0.013380416668951511,0.25,1.0,1.0,True,25,0.8
855,21.805242318172894,0.923589259101572,0.006573403254151344,0.02858565002679825,0.25,1.0,1.0,True,25,0.8
856,31.604100073094358,0.9511849553515545,0.0006896152044646442,0.019290033727884293,0.25,1.0,1.0,True,25,0.8
857,22.87639117904646,0.8507486615365782,0.005119044333696365,0.02989283949136734,0.25,1.0,1.0,True,25,0.8
858,36.64089922402841,0.9703639256234509,0.0002164381294278428,0.018075821921229362,0.25,1.0,1.0,True,25,0.8
859,20.477872614862527,0.8591208660131898,0.008931570686399937,0.027738498523831367,0.25,1.0,1.0,True,25,0.8
860,19.463136865257795,0.8352489221127437,0.011293034069240093,0.020905381068587303,0.25,1.0,1.0,True,25,0.8
861,26.55688699678926,0.9409662082606793,0.0020713049452751875,0.028736013919115067,0.25,1.0,1.0,True,25,0.8
862,32.826818722155494,0.9476676142252636,0.0005046428414061666,0.020516106858849525,0.25,1.0,1.0,True,25,0.8
863,27.97831236347504,0.9271723940907002,0.001564673730172217,0.034746211022138596,0.25,1.0,1.0,True,25,0.8
864,28.10915031172143,0.9066402211370114,0.0015105605125427246,0.027497299015522003,0.25,1.0,1.0,True,25,0.8
865,29.42508845018292,0.9261605343882329,0.0011405859841033816,0.025370121002197266,0.25,1.0,1.0,True,25,0.8
866,28.5426774544792,0.9164744891664561,0.001398099702782929,0.0242666844278574,0.25,1.0,1.0,True,25,0.8
867,37.00718763877148,0.9722210122243539,0.0001989498850889504,0.01880555786192417,0.25,1.0,1.0,True,25,0.8
868,20.306709373638412,0.7829453082833839,0.00909912958741188,0.033524416387081146,0.25,1.0,1.0,True,25,0.8
869,35.66802321817911,0.964006682029388,0.0002707457751967013,0.021285749971866608,0.25,1.0,1.0,True,25,0.8
870,34.93791073383418,0.9611694205194804,0.0003206615801900625,0.019337287172675133,0.25,1.0,1.0,True,25,0.8
871,23.07611994550001,0.8059741389539196,0.004900955595076084,0.036689601838588715,0.25,1.0,1.0,True,25,0.8
872,17.50469114915336,0.7551282068494163,0.01772233285009861,0.02822909690439701,0.25,1.0,1.0,True,25,0.8
873,29.955517205411045,0.9560476905590364,0.001007520710118115,0.02355154976248741,0.25,1.0,1.0,True,25,0.8
874,26.888014600564418,0.832850752138795,0.0018980406457558274,0.023341761901974678,0.25,1.0,1.0,True,25,0.8
875,21.724568171878946,0.8229701104463377,0.006702377926558256,0.035186514258384705,0.25,1.0,1.0,True,25,0.8
876,25.56775085652737,0.8676163839576122,0.0027578186709433794,0.02789236046373844,0.25,1.0,1.0,True,25,0.8
877,30.81624079656473,0.9393652198284526,0.0008282926864922047,0.021499810740351677,0.25,1.0,1.0,True,25,0.8
878,23.579325728976922,0.870119724085221,0.004034240264445543,0.027429157868027687,0.25,1.0,1.0,True,25,0.8
879,33.75721092933196,0.973666919627918,0.00042081307037733495,0.010723987594246864,0.25,1.0,1.0,True,25,0.8
880,29.66059849287977,0.9245060020445013,0.0010383985936641693,0.016028014943003654,0.25,1.0,1.0,True,25,0.8
881,26.52717311616456,0.8624794625904112,0.0018647973192855716,0.028165042400360107,0.25,1.0,1.0,True,25,0.8
882,26.658562682980588,0.937261229829807,0.0019691302441060543,0.02212975174188614,0.25,1.0,1.0,True,25,0.8
883,21.145885837560215,0.795160425523975,0.00765113765373826,0.04398509860038757,0.25,1.0,1.0,True,25,0.8
884,22.777679671327732,0.8721796044785726,0.005265437997877598,0.03492642939090729,0.25,1.0,1.0,True,25,0.8
885,21.376360176041885,0.7671158858853651,0.007017485331743956,0.03677951171994209,0.25,1.0,1.0,True,25,0.8
886,24.76570292147809,0.8739081334464576,0.0033243875950574875,0.022433293983340263,0.25,1.0,1.0,True,25,0.8
887,32.342958743714036,0.9636588360041657,0.0005826419801451266,0.01957293599843979,0.25,1.0,1.0,True,25,0.8
888,35.48271116077967,0.9578072713578448,0.0002826673735398799,0.02304692007601261,0.25,1.0,1.0,True,25,0.8
889,24.913895258350838,0.799005437837683,0.0031773161608725786,0.036595989018678665,0.25,1.0,1.0,True,25,0.8
890,38.284725299988374,0.9768002318800787,0.00014799030032008886,0.018336297944188118,0.25,1.0,1.0,True,25,0.8
891,39.212928526872425,0.9779979091895008,0.00011968681064900011,0.012735364027321339,0.25,1.0,1.0,True,25,0.8
892,25.283094750069665,0.9176694771026956,0.002931793686002493,0.03427286073565483,0.25,1.0,1.0,True,25,0.8
893,21.86922467461394,0.8743963762591579,0.006484063807874918,0.020123494789004326,0.25,1.0,1.0,True,25,0.8
894,34.07750691766631,0.9434842260437176,0.0003907222126144916,0.022060101851820946,0.25,1.0,1.0,True,25,0.8
895,33.64937912506749,0.9277145616648674,0.0004311764787416905,0.02706613577902317,0.25,1.0,1.0,True,25,0.8
896,27.347278085722166,0.8440404464985687,0.0017273877747356892,0.03987482935190201,0.25,1.0,1.0,True,25,0.8
897,29.345648522229073,0.9191202471538287,0.0008613821119070053,0.019089607521891594,0.25,1.0,1.0,True,25,0.8
898,33.20639606412981,0.9564689734741139,0.0004771007806994021,0.017111998051404953,0.25,1.0,1.0,True,25,0.8
899,33.60415871768561,0.9411610608960822,0.0004359114682301879,0.018031204119324684,0.25,1.0,1.0,True,25,0.8
900,37.80059873871605,0.9744187912243438,0.00016555347247049212,0.014949624426662922,0.25,1.0,1.0,True,25,0.8
901,34.95976790095247,0.9605634303684697,0.0003185112727805972,0.01617426611483097,0.25,1.0,1.0,True,25,0.8
902,23.50994553055707,0.8503964653760541,0.004182952921837568,0.03101447783410549,0.25,1.0,1.0,True,25,0.8
903,31.900146240373207,0.9510675068902403,0.0005842422833666205,0.01894845999777317,0.25,1.0,1.0,True,25,0.8
904,32.88684465211964,0.9381782164253194,0.0005121502326801419,0.02867143787443638,0.25,1.0,1.0,True,25,0.8
905,24.69457619029603,0.9223781569511389,0.0033778429497033358,0.036154188215732574,0.25,1.0,1.0,True,25,0.8
906,29.28170786029179,0.9672354887267507,0.0011780490167438984,0.018191179260611534,0.25,1.0,1.0,True,25,0.8
907,36.108653737694446,0.9660409514026254,0.00024426094023510814,0.01885157637298107,0.25,1.0,1.0,True,25,0.8
908,33.88717463804766,0.9657490266904127,0.00040840564179234207,0.01992013491690159,0.25,1.0,1.0,True,25,0.8
909,25.89940456725499,0.9200682466728584,0.0025648525916039944,0.019854305312037468,0.25,1.0,1.0,True,25,0.8
910,36.07145048370246,0.973104948844949,0.0002466019941493869,0.022159595042467117,0.25,1.0,1.0,True,25,0.8
911,27.715554045065055,0.9119968720137139,0.001408324926160276,0.024549493566155434,0.25,1.0,1.0,True,25,0.8
912,27.980047005325765,0.9240917990712681,0.0012381799751892686,0.020535320043563843,0.25,1.0,1.0,True,25,0.8
913,26.46368309960704,0.8301737394054244,0.0016379152657464147,0.03713568300008774,0.25,1.0,1.0,True,25,0.8
914,36.830923972570936,0.9581694593739584,0.00020728293748106807,0.02768866904079914,0.25,1.0,1.0,True,25,0.8
915,21.70440812899657,0.8451139167896918,0.006750140339136124,0.0246577188372612,0.25,1.0,1.0,True,25,0.8
916,22.045150384499937,0.8678321379460645,0.006233044434338808,0.02875666320323944,0.25,1.0,1.0,True,25,0.8
917,34.48904548559507,0.9605937105429554,0.000355382013367489,0.020112620666623116,0.25,1.0,1.0,True,25,0.8
918,21.324915108371492,0.8799617158849748,0.007209092378616333,0.0275767482817173,0.25,1.0,1.0,True,25,0.8
919,29.747780249575303,0.9550604355224515,0.0010559558868408203,0.027485638856887817,0.25,1.0,1.0,True,25,0.8
920,27.010330665996097,0.815510720577967,0.00191755301784724,0.04286198690533638,0.25,1.0,1.0,True,25,0.8
921,31.322690535217475,0.9183577811085957,0.0005461424007080495,0.016428684815764427,0.25,1.0,1.0,True,25,0.8
922,34.432157637274784,0.9609152072631169,0.00036020771949552,0.016551895067095757,0.25,1.0,1.0,True,25,0.8
923,34.296006352694086,0.9655490025678041,0.0003685068804770708,0.02266627363860607,0.25,1.0,1.0,True,25,0.8
924,36.98164798831502,0.9558012740623102,0.00020002371456939727,0.02890678495168686,0.25,1.0,1.0,True,25,0.8
925,32.53545995562647,0.9425165424636643,0.0005576135008595884,0.01909860409796238,0.25,1.0,1.0,True,25,0.8
926,32.57841958990483,0.9650258377994054,0.0005508659523911774,0.020779818296432495,0.25,1.0,1.0,True,25,0.8
927,30.804658790414386,0.9300449617799098,0.0008301622001454234,0.027908125892281532,0.25,1.0,1.0,True,25,0.8
928,32.20447648918061,0.9577423471753689,0.000596327823586762,0.018466439098119736,0.25,1.0,1.0,True,25,0.8
929,28.376038824306306,0.9407119412586415,0.0014532061759382486,0.026433434337377548,0.25,1.0,1.0,True,25,0.8
930,30.874684214024093,0.9448055669403913,0.0008136609103530645,0.02832634374499321,0.25,1.0,1.0,True,25,0.8
931,26.036394762058194,0.8814179849963716,0.0024604746140539646,0.04544096812605858,0.25,1.0,1.0,True,25,0.8
932,31.814511572991986,0.9733036730680672,0.0006563126808032393,0.018448464572429657,0.25,1.0,1.0,True,25,0.8
933,26.18996285662138,0.8855292836870166,0.0022347294725477695,0.0122074568644166,0.25,1.0,1.0,True,25,0.8
934,24.562624618726584,0.8451799285492136,0.003243496408686042,0.02725769393146038,0.25,1.0,1.0,True,25,0.8
935,27.405111969234586,0.9349716896283987,0.001805056817829609,0.014087129384279251,0.25,1.0,1.0,True,25,0.8
936,27.363545902342775,0.893318436038368,0.0018037081463262439,0.029038019478321075,0.25,1.0,1.0,True,25,0.8
937,33.8190910847962,0.9642974475804251,0.0004080294747836888,0.022207554429769516,0.25,1.0,1.0,True,25,0.8
938,24.27605708406744,0.89579865434356,0.003734166733920574,0.017150890082120895,0.25,1.0,1.0,True,25,0.8
939,28.704168430072706,0.9274995259179419,0.0013279748382046819,0.027684858068823814,0.25,1.0,1.0,True,25,0.8
940,20.311014016947595,0.7832399466451431,0.009212598204612732,0.029555797576904297,0.25,1.0,1.0,True,25,0.8
941,23.824626758578606,0.8502679484018681,0.003293151967227459,0.027337348088622093,0.25,1.0,1.0,True,25,0.8
942,28.3277085992454,0.8965265210203719,0.0014271881664171815,0.029535548761487007,0.25,1.0,1.0,True,25,0.8
943,28.505549989595306,0.8917897489033371,0.0013332742964848876,0.03660031035542488,0.25,1.0,1.0,True,25,0.8
944,26.77889975110034,0.92357581184929,0.001988766249269247,0.03595944121479988,0.25,1.0,1.0,True,25,0.8
945,23.896949139091713,0.9194174767140264,0.0040389238856732845,0.028858909383416176,0.25,1.0,1.0,True,25,0.8
946,30.562320790661772,0.9342944034758736,0.0008679039310663939,0.03267009183764458,0.25,1.0,1.0,True,25,0.8
947,22.156469617287264,0.8320487770455567,0.005690037738531828,0.03025824949145317,0.25,1.0,1.0,True,25,0.8
948,28.698749179342965,0.9164903381122401,0.0013428832171484828,0.027536684647202492,0.25,1.0,1.0,True,25,0.8
949,33.80042015546421,0.960573328245658,0.0004159465606790036,0.019585903733968735,0.25,1.0,1.0,True,25,0.8
950,32.25489827802501,0.9503665263577142,0.0005884917336516082,0.020792488008737564,0.25,1.0,1.0,True,25,0.8
951,36.0688881598125,0.9633736496308762,0.00024696261971257627,0.016590889543294907,0.25,1.0,1.0,True,25,0.8
952,22.169074043528084,0.7399665847092951,0.005153842736035585,0.03744269907474518,0.25,1.0,1.0,True,25,0.8
953,27.55391943425845,0.8947175637664133,0.001706328010186553,0.03295484557747841,0.25,1.0,1.0,True,25,0.8
954,16.492029037663386,0.634226750858117,0.022179659456014633,0.03944231942296028,0.25,1.0,1.0,True,25,0.8
955,28.102246712340833,0.9359461804438609,0.0015284965047612786,0.02089979499578476,0.25,1.0,1.0,True,25,0.8
956,34.89629491524139,0.9675915283991948,0.000323389918776229,0.014628279022872448,0.25,1.0,1.0,True,25,0.8
957,31.654233305776106,0.9543703049267531,0.0006832153885625303,0.014620456844568253,0.25,1.0,1.0,True,25,0.8
958,30.315428810152163,0.9483070299413797,0.0008896795916371047,0.02129140868782997,0.25,1.0,1.0,True,25,0.8
959,28.708659638263402,0.9431880977239279,0.0013378722360357642,0.02125895768404007,0.25,1.0,1.0,True,25,0.8
960,28.110307299868694,0.8975974373611688,0.0011838249629363418,0.02802068181335926,0.25,1.0,1.0,True,25,0.8
961,22.90644305282891,0.805353756820167,0.005018873605877161,0.03196624666452408,0.25,1.0,1.0,True,25,0.8
962,35.99499144260214,0.9657448288456943,0.00025117347831837833,0.014541499316692352,0.25,1.0,1.0,True,25,0.8
963,24.83067214884931,0.8977224203951126,0.0032069366425275803,0.03308626636862755,0.25,1.0,1.0,True,25,0.8
964,20.776679747769798,0.779622923670254,0.0036390505265444517,0.02456500753760338,0.25,1.0,1.0,True,25,0.8
965,28.885968448626112,0.9361583979759976,0.0012735321652144194,0.030776621773838997,0.25,1.0,1.0,True,25,0.8
966,35.5242971681877,0.9699737292909524,0.00027994730044156313,0.016969094052910805,0.25,1.0,1.0,True,25,0.8
967,20.634750755112034,0.8906834244115857,0.008504671044647694,0.02775796316564083,0.25,1.0,1.0,True,25,0.8
968,34.14029391874354,0.9613026422597429,0.00038524047704413533,0.018226567655801773,0.25,1.0,1.0,True,25,0.8
969,31.496583667385558,0.9569876535389077,0.0007062939694151282,0.022052360698580742,0.25,1.0,1.0,True,25,0.8
970,28.17808051088816,0.9550042380151119,0.001520539983175695,0.016979679465293884,0.25,1.0,1.0,True,25,0.8
971,31.104814343905495,0.9250748513652813,0.000774480402469635,0.03297029063105583,0.25,1.0,1.0,True,25,0.8
972,27.600174247989948,0.9529649080291498,0.0017358337063342333,0.019007792696356773,0.25,1.0,1.0,True,25,0.8
973,29.357385080054584,0.9603410363824456,0.0011320256162434816,0.017774786800146103,0.25,1.0,1.0,True,25,0.8
974,35.059526584104525,0.9629341464324386,0.0003116847074124962,0.013182827271521091,0.25,1.0,1.0,True,25,0.8
975,27.525734731454637,0.9283785478041822,0.0017661023885011673,0.028462378308176994,0.25,1.0,1.0,True,25,0.8
976,29.126026753055424,0.9352085383607015,0.0012213429436087608,0.02303094044327736,0.25,1.0,1.0,True,25,0.8
977,29.238962104612114,0.9286754346838061,0.0011911065084859729,0.02501499094069004,0.25,1.0,1.0,True,25,0.8
978,28.301586690538176,0.9359494942414379,0.0014760229969397187,0.027272049337625504,0.25,1.0,1.0,True,25,0.8
979,27.588311122007294,0.9259964606395016,0.0017407448031008244,0.02390487678349018,0.25,1.0,1.0,True,25,0.8
980,23.482669563443707,0.8491858060006653,0.004215917084366083,0.0375673733651638,0.25,1.0,1.0,True,25,0.8
981,21.320915354164384,0.7749361539150467,0.007135924883186817,0.04856041818857193,0.25,1.0,1.0,True,25,0.8
982,26.856966763831387,0.8941055650181753,0.0020214568357914686,0.0337635800242424,0.25,1.0,1.0,True,25,0.8
983,36.26911064496524,0.9662381791508727,0.0002360333746764809,0.019774803891777992,0.25,1.0,1.0,True,25,0.8
984,22.91281354208025,0.9056940044621097,0.005085032898932695,0.026006460189819336,0.25,1.0,1.0,True,25,0.8
985,28.723890698526418,0.9488890922260235,0.001333918422460556,0.02541346475481987,0.25,1.0,1.0,True,25,0.8
986,20.807295315657477,0.8515825303857935,0.008279922418296337,0.019292570650577545,0.25,1.0,1.0,True,25,0.8
987,35.69637385158999,0.9597232480244124,0.0002690482942853123,0.016530824825167656,0.25,1.0,1.0,True,25,0.8
988,21.543246948433822,0.7757467692856371,0.00669149961322546,0.0335950031876564,0.25,1.0,1.0,True,25,0.8
989,30.43272008739908,0.9625624340139061,0.0009047742933034897,0.02460489608347416,0.25,1.0,1.0,True,25,0.8
990,17.17013866609401,0.7557694500270942,0.01904618926346302,0.0358363538980484,0.25,1.0,1.0,True,25,0.8
991,23.408632525905368,0.8383241780597228,0.004074082709848881,0.04183002561330795,0.25,1.0,1.0,True,25,0.8
992,28.268269798870186,0.9407860937194804,0.0014832974411547184,0.023093869909644127,0.25,1.0,1.0,True,25,0.8
993,36.825815419796925,0.9817018807241914,0.00020757876336574554,0.013633585534989834,0.25,1.0,1.0,True,25,0.8
994,25.636547780184664,0.9182014624877488,0.0027159880846738815,0.03685528039932251,0.25,1.0,1.0,True,25,0.8
995,29.196463101412384,0.8878211303417292,0.0011785485548898578,0.024851342663168907,0.25,1.0,1.0,True,25,0.8
996,23.404487303557033,0.8518419827612586,0.004499739035964012,0.02759101241827011,0.25,1.0,1.0,True,25,0.8
997,23.391916391954002,0.9180914331772975,0.004568689037114382,0.016180874779820442,0.25,1.0,1.0,True,25,0.8
998,17.239732514243666,0.7993075668257984,0.0188421793282032,0.022744029760360718,0.25,1.0,1.0,True,25,0.8
999,31.585807492563784,0.9542931887495136,0.0006922398461028934,0.021915221586823463,0.25,1.0,1.0,True,25,0.8
