sample_idx,psnr,ssim,mse,post_std_mean,sigma_used,alpha,scaling,clip,lambda_,zeta
0,25.662005736151414,0.899397467300046,373.79241943359375,7.494839191436768,0.2507727406771334,380.4129638671875,375.16558837890625,True,25,0.8
1,21.96250699890745,0.8129558775711409,5745.99609375,35.534786224365234,0.16903702224586947,971.399169921875,950.7636108398438,True,25,0.8
2,28.870928416551745,0.9157709351106921,648.243896484375,11.086365699768066,0.2766607673537165,513.4102783203125,732.261962890625,True,25,0.8
3,29.1091518854438,0.901625723731334,406.8106384277344,16.554595947265625,0.18013300063665696,612.6936645507812,599.059814453125,True,25,0.8
4,28.524471803010734,0.9514951978659236,34.060054779052734,2.49259877204895,0.2553036317541809,142.59068298339844,156.8626251220703,True,25,0.8
5,28.384191101794514,0.9259397760923842,33.00295639038086,3.53631854057312,0.22136358833208375,142.5239715576172,156.83853149414062,True,25,0.8
6,23.334931033548784,0.8622255560511775,13.230565071105957,1.5061613321304321,0.31049000225446255,41.21870422363281,59.02552795410156,True,25,0.8
7,27.376251550013436,0.9399682951954619,1359.3577880859375,4.445559978485107,0.3176175940272876,556.4368896484375,866.3099975585938,True,25,0.8
8,21.39353406873649,0.8152472875221566,2602.755859375,23.192399978637695,0.1895538924921126,730.8443603515625,601.513916015625,True,25,0.8
9,18.19716487722058,0.6796156524843524,7493.79541015625,28.83107566833496,0.19358755212082368,640.5252685546875,708.364501953125,True,25,0.8
10,21.07016087337253,0.8669178517901094,3.5917985439300537,1.3996297121047974,0.1597365387715992,29.030498504638672,21.56390953063965,True,25,0.8
11,29.84678133206171,0.941171062081837,973.1445922851562,16.717327117919922,0.22850046251261558,869.644775390625,969.93994140625,True,25,0.8
12,26.36814046900583,0.9131598665702885,1588.9248046875,25.275266647338867,0.18838487061983247,1013.555908203125,832.6101684570312,True,25,0.8
13,27.67761859382054,0.8860722989309099,77.3058090209961,6.743267059326172,0.17019387810212971,220.08665466308594,213.12677001953125,True,25,0.8
14,33.76092785748553,0.953056403873075,14.013733863830566,4.005612850189209,0.1822409406955683,186.01698303222656,182.6431427001953,True,25,0.8
15,24.02716736569877,0.8845902272453003,134.04632568359375,4.410058498382568,0.16019201357019414,203.58554077148438,184.22109985351562,True,25,0.8
16,36.38545798013202,0.9779656423165456,21.30335807800293,4.5414347648620605,0.23745707608502112,282.2814025878906,304.93798828125,True,25,0.8
17,35.992477431219314,0.9575325615465703,69.34188842773438,10.978232383728027,0.2584207289113145,514.7221069335938,525.231689453125,True,25,0.8
18,27.482598739609898,0.9317022576866627,322.3134765625,11.846396446228027,0.200033474821828,437.5045166015625,432.5130615234375,True,25,0.8
19,28.20728330089914,0.9321589933629498,124.48963928222656,5.196315765380859,0.22903838553873104,262.4737243652344,291.9378967285156,True,25,0.8
20,26.022853102238862,0.7922942520955902,801.4151000976562,29.995424270629883,0.14852837421691,770.5387573242188,612.2410278320312,True,25,0.8
21,31.8988603700451,0.9730773963518556,12.708489418029785,1.384688138961792,0.27111748796270696,122.98668670654297,140.3543701171875,True,25,0.8
22,26.231295289679505,0.8874481768530896,200.3683624267578,13.528962135314941,0.1468412903417449,295.88250732421875,292.8525085449219,True,25,0.8
23,34.02312143921676,0.942414471785412,53.23035430908203,8.105299949645996,0.2042993046949753,363.53094482421875,366.9954833984375,True,25,0.8
24,29.05170730135253,0.9256704081891737,258.30859375,10.051219940185547,0.2967545653523439,407.6339111328125,456.6139221191406,True,25,0.8
25,31.005067692357294,0.9417837734561956,487.02032470703125,11.38759708404541,0.18222487430056739,674.3638305664062,785.3908081054688,True,25,0.8
26,27.806908447124666,0.8244307174661386,55.470542907714844,1.9363633394241333,0.17644589394670138,116.08030700683594,200.47410583496094,True,25,0.8
27,27.6664199339281,0.9380899032402948,452.8792724609375,12.461113929748535,0.155597928858589,553.3515625,514.72021484375,True,25,0.8
28,26.51301836469183,0.8399334902575016,684.4143676757812,19.066957473754883,0.18695064625682561,628.582275390625,592.8221435546875,True,25,0.8
29,33.968873508019726,0.9825859832720614,0.8999479413032532,0.5433453321456909,0.18962470323214436,47.98773956298828,47.403961181640625,True,25,0.8
30,20.547357555307244,0.84111021241877,3253.2685546875,1.6584306955337524,0.36514371818809954,359.08294677734375,607.9373168945312,True,25,0.8
31,16.983726022915505,0.6920923730832883,582.4607543945312,8.043268203735352,0.106416348454527,260.0496520996094,171.35360717773438,True,25,0.8
32,33.73313536086378,0.9486427365026607,1.8413397073745728,1.4889763593673706,0.18914374168953457,71.974853515625,65.98654174804688,True,25,0.8
33,22.966227602188397,0.8965898742140016,4544.13720703125,3.20568585395813,0.2538361556653152,674.3029174804688,948.9366455078125,True,25,0.8
34,33.32184577950523,0.9300192085270634,433.3359069824219,30.89772605895996,0.15387179350512392,1046.640869140625,965.6663818359375,True,25,0.8
35,22.5419044827124,0.7718277485441452,3636.556640625,48.353546142578125,0.15376567607470165,1004.412109375,808.5889282226562,True,25,0.8
36,26.408582501815193,0.9030668378208828,208.7730255126953,8.883902549743652,0.10456343317901566,661.6065063476562,305.30914306640625,True,25,0.8
37,24.190352361879754,0.9273299954493287,36.86540603637695,0.8405008912086487,0.24464029658686362,74.26615905761719,98.5744400024414,True,25,0.8
38,28.447613997498507,0.8550930049590669,662.6995849609375,7.650900363922119,0.2705184480103378,464.6277160644531,684.5487670898438,True,25,0.8
39,21.88007523002678,0.8740647726170733,1251.744873046875,13.766382217407227,0.15888694997168215,485.4410095214844,440.71234130859375,True,25,0.8
40,26.28316096021093,0.9217156710947015,35.49977111816406,1.2392741441726685,0.20718693685827083,111.8380126953125,122.91619873046875,True,25,0.8
41,33.48109295408993,0.9353343152140254,109.59837341308594,16.76968765258789,0.24642964938052475,559.5408325195312,495.6817321777344,True,25,0.8
42,29.329582001966127,0.9329478954290827,1.448378086090088,1.3488521575927734,0.18493513034020564,36.630577087402344,35.35413360595703,True,25,0.8
43,34.0841477931641,0.9276586681089226,322.2651062011719,26.038267135620117,0.15239004080599453,922.033935546875,909.4110717773438,True,25,0.8
44,25.203799737425797,0.8979729962284351,196.65585327148438,5.865682601928711,0.2723530149373939,165.73793029785156,259.5212097167969,True,25,0.8
45,26.633984733496693,0.9293296940497846,927.8260498046875,16.77669334411621,0.12039254119979201,661.1792602539062,662.8597412109375,True,25,0.8
46,22.88279412076448,0.8419111779462409,487.2364196777344,6.567228317260742,0.28175166226301485,246.525390625,312.39935302734375,True,25,0.8
47,27.033076562777865,0.9267467659786612,528.9485473632812,13.172531127929688,0.1629013895442222,490.9692687988281,520.5479736328125,True,25,0.8
48,26.941912468308033,0.934662226391466,602.5372924804688,24.069381713867188,0.16161555966526464,546.66552734375,547.16357421875,True,25,0.8
49,32.99480220777417,0.9551939270060252,17.23746109008789,5.1106977462768555,0.18437134528575155,192.19801330566406,185.6696014404297,True,25,0.8
50,26.08335077580875,0.8346674785156608,2069.663330078125,38.0429573059082,0.2595774491147866,870.9512939453125,969.6150512695312,True,25,0.8
51,27.195360068680777,0.942034774012979,1140.4775390625,12.629905700683594,0.22237744582815963,660.840576171875,775.357666015625,True,25,0.8
52,28.611921145273328,0.9024478152873472,949.0339965820312,21.318004608154297,0.21234136466348905,940.1302490234375,939.5594482421875,True,25,0.8
53,25.325352927156377,0.9181955736265033,2347.2041015625,9.945711135864258,0.22816933665505115,774.18212890625,894.9324951171875,True,25,0.8
54,23.792635872423247,0.9172490338584237,1493.392333984375,4.0410895347595215,0.2683898287441045,499.8420104980469,598.3020629882812,True,25,0.8
55,28.393110355291924,0.9081005503118837,1219.923583984375,36.16896057128906,0.14906285108043826,1132.19482421875,921.9523315429688,True,25,0.8
56,28.58114778400054,0.9308611607540426,11.008231163024902,2.367751121520996,0.22496637676815104,88.16526794433594,89.40400695800781,True,25,0.8
57,27.54738353454336,0.8779190153522552,51.06728744506836,6.066178321838379,0.29030362607950316,163.74349975585938,196.78688049316406,True,25,0.8
58,23.06108349110162,0.8751374731461207,10.536876678466797,1.835464358329773,0.1779975140346991,54.07554626464844,46.18206024169922,True,25,0.8
59,21.548166601734415,0.8647768276667182,743.7689208984375,12.119617462158203,0.14043486139766717,389.10137939453125,326.0050048828125,True,25,0.8
60,26.580461214443723,0.8993110333995122,315.2012634277344,12.492460250854492,0.15245733462592967,429.6617736816406,389.2886047363281,True,25,0.8
61,25.507119460006102,0.8783014597134186,191.2338104248047,6.630149841308594,0.24629750266376582,186.3551788330078,272.07769775390625,True,25,0.8
62,29.646536568438748,0.9612946392443527,744.2481689453125,9.861336708068848,0.22489547056110332,765.38134765625,828.9087524414062,True,25,0.8
63,23.249811329506596,0.8212585004993981,599.6277465820312,13.455697059631348,0.22933154856286933,381.1568603515625,357.3965759277344,True,25,0.8
64,20.052039702075458,0.7795997460176742,783.2708740234375,13.346121788024902,0.19410589801116607,333.7342834472656,281.653564453125,True,25,0.8
65,24.032950751185925,0.9128905964295175,1142.1922607421875,4.983664035797119,0.286695441931409,423.0423889160156,543.1533813476562,True,25,0.8
66,25.360222620590157,0.9253603039603484,58.46885681152344,2.302563190460205,0.14967631799583234,131.92845153808594,141.78329467773438,True,25,0.8
67,27.100360500538144,0.934883798215965,1135.160400390625,21.784645080566406,0.2418180021858764,787.3589477539062,802.394775390625,True,25,0.8
68,27.61867111449873,0.8998962784036972,8.434937477111816,2.1464481353759766,0.20881020537187636,65.98583984375,75.47608947753906,True,25,0.8
69,27.55447931423309,0.9087208525936761,1699.149169921875,34.532623291015625,0.1484869649188735,1162.5919189453125,986.9000244140625,True,25,0.8
70,27.63806538341663,0.9535985070293225,1026.744384765625,10.748839378356934,0.2520843285261868,721.0105590820312,772.4725341796875,True,25,0.8
71,20.943923899889732,0.744877162593965,307.9988708496094,3.0009961128234863,0.4238213285775787,135.5009307861328,199.5169677734375,True,25,0.8
72,35.12634247175499,0.9892572266337057,0.01303678099066019,0.07095394283533096,0.14303804966682906,6.28679895401001,6.516594886779785,True,25,0.8
73,18.814340136274563,0.7876610827675431,8594.19140625,26.626007080078125,0.1229942289276502,1098.3017578125,815.64599609375,True,25,0.8
74,25.00818784710328,0.7598249056815256,1538.7703857421875,32.37828063964844,0.1479512330293974,709.9041137695312,707.1505126953125,True,25,0.8
75,17.777276767961506,0.7100406087162413,8854.564453125,72.58479309082031,0.08018602055749206,1431.555908203125,729.2781372070312,True,25,0.8
76,23.30909873731288,0.9161643405097476,2770.7880859375,6.5559163093566895,0.20568258946226076,663.653564453125,771.4990844726562,True,25,0.8
77,34.310140765333365,0.9656388369937676,2.081084966659546,1.8538110256195068,0.14425781958875455,81.85517120361328,74.9706039428711,True,25,0.8
78,24.696833874175926,0.894991567441271,436.22174072265625,16.41693115234375,0.16066046071573817,436.8057556152344,359.1072692871094,True,25,0.8
79,24.31074081989094,0.7980864861104503,46.978424072265625,4.905850887298584,0.2249730562336001,117.38394165039062,116.75318908691406,True,25,0.8
80,24.9265590787863,0.8807896489264988,2284.294189453125,22.475261688232422,0.20322305227190557,747.6808471679688,863.2402954101562,True,25,0.8
81,29.04508539493405,0.9400852721249848,481.01251220703125,7.559021949768066,0.26082127219993895,508.65863037109375,623.6748046875,True,25,0.8
82,35.53728010687122,0.9819960827613393,30.659423828125,4.1283488273620605,0.32352220670187976,308.5117492675781,331.567138671875,True,25,0.8
83,27.881527471816774,0.8900769688573477,6.707525730133057,2.502955675125122,0.19614175265656714,77.16722869873047,64.49478912353516,True,25,0.8
84,27.64383403655762,0.9423597643788139,166.7947998046875,2.981259346008301,0.3237323772001038,233.365234375,311.67132568359375,True,25,0.8
85,22.950408549581297,0.8934643821266044,534.7560424804688,7.0635857582092285,0.24362639698174782,169.07630920410156,325.8581237792969,True,25,0.8
86,28.28328134495881,0.8905138701418659,755.3818969726562,42.75212478637695,0.13698536303526188,1336.1214599609375,729.8765869140625,True,25,0.8
87,29.87733213534337,0.890774858842524,401.37286376953125,24.157390594482422,0.1558236543933167,725.9228515625,637.919921875,True,25,0.8
88,25.824748102787645,0.9246890871632764,2057.135986328125,3.792354106903076,0.2194347070210365,665.289306640625,887.3255004882812,True,25,0.8
89,27.605921360549356,0.9489977932751363,383.9844665527344,6.113716125488281,0.2674306849001198,350.0270690917969,472.7427062988281,True,25,0.8
90,29.271523908599058,0.9274817189303591,16.890104293823242,3.508434295654297,0.11512125971032676,135.33273315429688,120.47465515136719,True,25,0.8
91,28.240175749880784,0.9493245270306973,762.4389038085938,7.283520698547363,0.33041632073106175,547.6837158203125,713.5315551757812,True,25,0.8
92,32.06133122202838,0.9397070249052424,360.0763854980469,21.43031883239746,0.21930305461520613,833.0979614257812,761.0242919921875,True,25,0.8
93,28.607991702184083,0.8977159532354096,434.5038757324219,18.101852416992188,0.21697358234471026,656.1723022460938,561.7159423828125,True,25,0.8
94,30.949448697146245,0.8740088471468112,464.3690185546875,28.082500457763672,0.1726888260366729,723.6994018554688,771.1962280273438,True,25,0.8
95,36.39518285143708,0.976963671737411,55.920860290527344,4.214486122131348,0.1752439390422339,456.72711181640625,494.3017883300781,True,25,0.8
96,27.996450034814522,0.9400210926007437,433.842529296875,15.31535530090332,0.1277861518895825,549.4151611328125,523.2100830078125,True,25,0.8
97,35.25187976023933,0.9805533464602026,54.626441955566406,4.771297454833984,0.3075979715748486,390.9042053222656,428.11346435546875,True,25,0.8
98,22.808436927840845,0.8080275594250511,3.6003623008728027,1.0382812023162842,0.23098598979991622,23.625871658325195,26.393707275390625,True,25,0.8
99,32.30546942474354,0.9384142876640192,6.955604076385498,2.499094247817993,0.20130522852272115,107.29200744628906,108.78353881835938,True,25,0.8
100,28.396863588930653,0.9011353065766263,1.517357587814331,1.136886477470398,0.17466411548833477,41.285865783691406,32.39775466918945,True,25,0.8
101,29.611630771095886,0.9252297820982796,200.5958251953125,4.3733110427856445,0.5361742001284051,224.9988250732422,636.7739868164062,True,25,0.8
102,26.02008973262276,0.8840074123732046,210.1036834716797,6.783758163452148,0.27614183893115657,212.29412841796875,315.0416259765625,True,25,0.8
103,22.675212281856233,0.9003760938689312,1399.388427734375,8.657923698425293,0.21764645965858312,487.613525390625,509.0621337890625,True,25,0.8
104,24.456081000209785,0.8424311291731394,2807.08642578125,35.74584197998047,0.17347309266168737,1144.5325927734375,907.658935546875,True,25,0.8
105,22.2849900162919,0.9007010905253233,368.08709716796875,1.6825954914093018,0.34105742387871035,161.6578369140625,250.04293823242188,True,25,0.8
106,26.63032818111509,0.9571974830523179,366.30157470703125,3.536865234375,0.24247913325565407,359.07989501953125,410.9725341796875,True,25,0.8
107,28.187209507499396,0.959041781262163,867.08837890625,7.7823967933654785,0.29713569305285964,627.1883544921875,755.7955932617188,True,25,0.8
108,23.952279292720853,0.8116065512235412,211.9120330810547,14.680840492248535,0.1480230715637798,301.44879150390625,229.56936645507812,True,25,0.8
109,23.5348214570976,0.9064950110742551,26.86452293395996,0.22767508029937744,0.22505714572528418,52.022945404052734,77.9029312133789,True,25,0.8
110,19.066737413336334,0.770490899825672,1044.379150390625,13.745574951171875,0.1203483756804886,387.6257019042969,290.4617004394531,True,25,0.8
111,27.283857099008934,0.9299385634792048,38.661399841308594,3.5650367736816406,0.3566993529012703,119.36589050292969,162.06005859375,True,25,0.8
112,23.922234239104583,0.7859569874397379,3465.333251953125,57.45781326293945,0.16857354488973625,1353.26708984375,929.7679443359375,True,25,0.8
113,30.27115743256358,0.923473024123778,613.7022705078125,20.880664825439453,0.18992099181527733,903.5820922851562,808.312255859375,True,25,0.8
114,17.401086048601083,0.630845924004557,7182.68505859375,27.401241302490234,0.14111919772501624,635.5857543945312,633.7703247070312,True,25,0.8
115,18.26718938474191,0.6984557449662437,11293.7490234375,69.70170593261719,0.13627015768949488,1153.71484375,871.589111328125,True,25,0.8
116,21.305939154091224,0.8288916346274765,4765.45361328125,31.806041717529297,0.18022699416861182,896.7101440429688,803.868408203125,True,25,0.8
117,34.67535431163077,0.9672935759981227,11.963691711425781,2.221864938735962,0.17753769402298764,183.4229278564453,187.38348388671875,True,25,0.8
118,31.38637211113685,0.9695703674211591,573.7499389648438,9.58692455291748,0.1964629793425774,837.9317016601562,892.6664428710938,True,25,0.8
119,25.272636204408975,0.9118905010339969,859.0902099609375,15.13153076171875,0.20987156973051546,477.0788269042969,539.8029174804688,True,25,0.8
120,23.440657132135435,0.8624383851587129,2940.3984375,36.740299224853516,0.20637094065791559,996.4683227539062,807.6326904296875,True,25,0.8
121,27.662639071375278,0.9176127277526108,1335.8135986328125,18.372817993164062,0.22023589882715242,741.5252075195312,896.1951904296875,True,25,0.8
122,31.201250877846043,0.9319705113411042,70.56554412841797,7.613513469696045,0.16381351466877367,328.9173278808594,318.68548583984375,True,25,0.8
123,23.251355180322403,0.879809177200953,58.144107818603516,2.263615369796753,0.16773911293993435,105.76222229003906,110.9418716430664,True,25,0.8
124,27.817859930359894,0.9414091510361808,86.3829574584961,6.6559367179870605,0.22621883611312427,230.52476501464844,228.7072296142578,True,25,0.8
125,28.048768293419943,0.9357236007341906,285.16314697265625,16.972929000854492,0.21461994043516822,422.88726806640625,427.6806945800781,True,25,0.8
126,28.7436310651783,0.8816623873965406,840.6175537109375,13.01195240020752,0.39879768792395676,495.2818908691406,818.19677734375,True,25,0.8
127,34.55334233540052,0.9713766359876922,256.76556396484375,27.344449996948242,0.19156205273027355,964.0587768554688,860.869873046875,True,25,0.8
128,31.61929101275515,0.9610010897442776,0.04315473884344101,0.1824784129858017,0.19477659598739164,7.4614176750183105,7.945178508758545,True,25,0.8
129,29.448873124534735,0.8800201914777789,270.447265625,17.888652801513672,0.18293264666574968,597.2667236328125,511.2365417480469,True,25,0.8
130,26.98313853571321,0.9269406810475915,343.0224914550781,18.227588653564453,0.17956667175395674,451.3088684082031,417.99359130859375,True,25,0.8
131,26.426618076021285,0.9091910437303062,101.57341766357422,7.998557090759277,0.2515913594289486,219.25360107421875,222.8856964111328,True,25,0.8
132,20.102310159850454,0.840827798332145,142.0788116455078,3.0306098461151123,0.12946429506857066,131.07925415039062,120.74549865722656,True,25,0.8
133,29.874791818879615,0.8815723919570139,116.9841537475586,14.3736572265625,0.16270335459087235,371.7421569824219,338.2775573730469,True,25,0.8
134,22.7040686288108,0.8215194774704617,4654.20947265625,34.09010314941406,0.15533628533314647,1517.2916259765625,942.966796875,True,25,0.8
135,19.879829294496652,0.7915009513269208,956.6083374023438,6.208680152893066,0.263935874705113,239.51893615722656,323.8797302246094,True,25,0.8
136,28.384691916940174,0.9126225519844622,383.2774658203125,21.679784774780273,0.14788387677943132,651.4712524414062,519.2718505859375,True,25,0.8
137,26.493730845573644,0.8855261543892532,1107.85693359375,22.590957641601562,0.1707491182980578,817.884521484375,703.31591796875,True,25,0.8
138,30.282292276431374,0.9242183798568475,124.29527282714844,8.961868286132812,0.20522607901875953,375.7351379394531,364.2659606933594,True,25,0.8
139,32.13550245094821,0.9184299096911069,577.4457397460938,24.998193740844727,0.271075994002989,1000.5391235351562,971.810302734375,True,25,0.8
140,24.834276876662425,0.8574742652433545,2754.581787109375,44.9939079284668,0.16720986141193525,1185.910400390625,962.48486328125,True,25,0.8
141,31.711825677057828,0.9634555067532572,42.819820404052734,4.233444690704346,0.24459485587741453,224.83811950683594,252.530517578125,True,25,0.8
142,23.23756096874852,0.8988128235035983,1172.846435546875,6.214488506317139,0.18821547706734504,449.3302917480469,497.7512512207031,True,25,0.8
143,21.516007483980783,0.8381050392102978,640.1281127929688,7.976749897003174,0.12599288265686612,277.85650634765625,301.5774230957031,True,25,0.8
144,33.858227276506064,0.9808950092801123,33.500579833984375,3.782787322998047,0.2885775015988789,255.16746520996094,285.5556640625,True,25,0.8
145,22.601265421577217,0.8693886283012366,7.846748352050781,0.8318710327148438,0.23579073413185767,33.79443359375,37.850059509277344,True,25,0.8
146,24.04302726036823,0.8788919938176531,1463.2591552734375,11.546574592590332,0.21543421861396295,536.0152587890625,609.9547729492188,True,25,0.8
147,19.902207485377094,0.85660684873417,2582.927978515625,16.850006103515625,0.12501739164845385,508.2125244140625,503.17633056640625,True,25,0.8
148,27.505220607442507,0.8711756555987301,4.165218830108643,0.8954116106033325,0.39162898241956173,29.665258407592773,52.42727279663086,True,25,0.8
149,28.128830236655723,0.8970683560090599,108.34075927734375,2.5078980922698975,0.2766330233265365,146.81422424316406,279.3678283691406,True,25,0.8
150,29.119651226001157,0.9390242184301832,1008.9530639648438,25.604047775268555,0.1492413970246375,1033.421875,908.3576049804688,True,25,0.8
151,28.185033264777793,0.8513405447524028,78.76720428466797,2.797311782836914,0.386016195629953,163.5354461669922,240.32232666015625,True,25,0.8
152,19.436001711533223,0.7680702387692621,241.75323486328125,12.584644317626953,0.12856626195729626,266.13848876953125,145.74998474121094,True,25,0.8
153,27.6746541248883,0.8873016137276056,409.7665100097656,17.480377197265625,0.1804850655340789,560.542236328125,489.96331787109375,True,25,0.8
154,36.70015082597751,0.9916825923295951,207.43954467773438,13.587684631347656,0.17726767621738054,919.2357788085938,985.664794921875,True,25,0.8
155,18.492595707664748,0.8028977225604058,832.3353881835938,11.636478424072266,0.10656706910855408,355.56658935546875,242.81321716308594,True,25,0.8
156,28.911333066639273,0.9518549956142964,579.5360717773438,5.595507621765137,0.26240043737552976,562.3809814453125,672.4634399414062,True,25,0.8
157,23.5287244336588,0.8723973680798914,2566.593505859375,12.142862319946289,0.22709665669287038,576.5841064453125,761.8579711914062,True,25,0.8
158,22.619157192048547,0.8995970193203577,290.21044921875,4.6484246253967285,0.28446809903028675,154.35446166992188,238.39990234375,True,25,0.8
159,24.354628727781446,0.9091036915232178,1934.774169921875,7.431041240692139,0.3743175890301051,478.3443908691406,728.4881591796875,True,25,0.8
160,31.873615560943268,0.9505321588847783,88.1451187133789,7.80050802230835,0.18141672383927082,401.8027038574219,368.41534423828125,True,25,0.8
161,20.879851880357393,0.8025290357651549,3260.03466796875,34.44745635986328,0.128007920088597,827.2406005859375,632.6735229492188,True,25,0.8
162,28.222087844511172,0.9167272347276425,603.8702392578125,31.732378005981445,0.14154403598141732,883.3905639648438,633.8961791992188,True,25,0.8
163,22.48082662981084,0.9144603347045253,1614.1190185546875,13.054136276245117,0.2661702467323094,445.40924072265625,536.2388916015625,True,25,0.8
164,26.241277818108955,0.9243768174220472,19.684213638305664,0.902898371219635,0.20191304726197182,68.81988525390625,91.19947814941406,True,25,0.8
165,24.820475438985085,0.9123732856851094,2177.21630859375,6.173997402191162,0.3274121286463547,482.0770568847656,835.4671630859375,True,25,0.8
166,26.52962890828309,0.9258208907102653,229.70510864257812,2.2518694400787354,0.2107091251973919,280.18109130859375,321.45928955078125,True,25,0.8
167,36.94016727564776,0.9894866745446119,7.072713375091553,1.942450761795044,0.24964179609504644,187.5059814453125,187.3319854736328,True,25,0.8
168,28.114136916826887,0.9126955683470941,2.686993360519409,0.6457587480545044,0.20238240742897254,37.9990234375,41.73436737060547,True,25,0.8
169,21.411402970669787,0.8313511233426961,2523.766357421875,27.0347843170166,0.13017313922386983,736.6289672851562,591.3020629882812,True,25,0.8
170,25.600990585618028,0.9156148641978624,1262.9752197265625,3.7592036724090576,0.29306843562530493,511.26275634765625,677.8867797851562,True,25,0.8
171,19.62187471144014,0.7531164539318341,3.273461103439331,0.8699082732200623,0.08390635069757611,41.54668045043945,17.57124137878418,True,25,0.8
172,27.967605996387924,0.9250694829490039,418.4687194824219,18.861055374145508,0.19595737539257999,634.0726928710938,512.5809936523438,True,25,0.8
173,30.775833579688587,0.9814397923040932,42.993553161621094,2.637671709060669,0.26093441258235395,206.16903686523438,227.26927185058594,True,25,0.8
174,28.403641426605937,0.9552599259789637,598.5936889648438,16.01696014404297,0.27137290684031984,642.6317749023438,645.527587890625,True,25,0.8
175,27.302416782163913,0.8313118538809522,43.04246520996094,1.7960093021392822,0.5545275500813512,74.14046478271484,175.1920623779297,True,25,0.8
176,24.73943001413832,0.9161080225011367,1603.3994140625,9.315484046936035,0.1681902061177154,672.3358154296875,691.246826171875,True,25,0.8
177,32.1062793996315,0.973418205392127,92.3130874633789,5.988515853881836,0.23590523739870978,342.2486572265625,387.3486022949219,True,25,0.8
178,30.6905243454862,0.9317846387793898,703.9522705078125,22.052770614624023,0.09252193068877236,971.0978393554688,936.7932739257812,True,25,0.8
179,25.973972416073195,0.9494928345468637,48.17267608642578,1.7847776412963867,0.20650261374710185,112.99689483642578,138.3834228515625,True,25,0.8
180,27.56586590272711,0.9428302765150157,200.86856079101562,2.9676997661590576,0.3288669804239874,219.4977264404297,341.72528076171875,True,25,0.8
181,29.723662088075034,0.9459734357762755,13.868963241577148,3.7141733169555664,0.183112275360766,117.91571044921875,114.36004638671875,True,25,0.8
182,30.546038205635334,0.9223774699945968,753.6437377929688,27.919557571411133,0.17350458081651876,979.213134765625,924.7689208984375,True,25,0.8
183,24.381851343478917,0.9454213897291556,2803.44677734375,19.467212677001953,0.2640190293888151,1003.8953857421875,877.4620361328125,True,25,0.8
184,24.86155882661565,0.9319284656868384,216.7300262451172,3.058767080307007,0.39386107864910996,175.74676513671875,258.6836853027344,True,25,0.8
185,19.161300567405448,0.7224713320371967,5275.697265625,56.183021545410156,0.07074275000917958,1688.84912109375,660.3240356445312,True,25,0.8
186,29.58685559528869,0.9524919843556834,734.4547119140625,13.984248161315918,0.21378556427330228,722.3348999023438,817.4049682617188,True,25,0.8
187,24.459908052239655,0.8685227119307619,1100.53271484375,30.49757194519043,0.11583668287626912,723.3652954101562,555.6456298828125,True,25,0.8
188,34.97299234126078,0.9732156947516558,89.24622344970703,5.71179723739624,0.2036169288663631,488.685302734375,530.1209106445312,True,25,0.8
189,23.218837994636846,0.8511564383985835,277.2210388183594,14.420267105102539,0.16430350329854168,324.1983337402344,242.61044311523438,True,25,0.8
190,34.67209695251992,0.9493362329000659,3.0077319145202637,4.271520137786865,0.17465507337710534,119.6582260131836,94.0096664428711,True,25,0.8
191,33.18576318732934,0.9476850188891831,386.4429931640625,23.574201583862305,0.19563681212230077,951.40380859375,897.3185424804688,True,25,0.8
192,33.250162325059904,0.9469044453573054,382.42706298828125,32.51450729370117,0.18624715162902025,1022.8432006835938,900.5176391601562,True,25,0.8
193,21.672305746620854,0.7648438752717511,2668.6904296875,43.084774017333984,0.10173639811179258,987.6394653320312,633.4683837890625,True,25,0.8
194,20.749201703170904,0.8289075599482593,969.4573364257812,13.487604141235352,0.1668876978334213,409.4784851074219,339.6907653808594,True,25,0.8
195,28.36130669698932,0.9134715424840492,177.8906707763672,10.743042945861816,0.24501357777145297,343.2217712402344,349.8603515625,True,25,0.8
196,22.737775524194976,0.7913440002136111,2751.063720703125,25.291662216186523,0.2472435919619935,708.9913330078125,726.229736328125,True,25,0.8
197,25.931064010991403,0.855311845827865,2047.1021728515625,49.6330680847168,0.16348399054720655,996.2642822265625,897.213134765625,True,25,0.8
198,18.555552703076962,0.7943754126501613,10946.3505859375,17.34311866760254,0.32315864069094297,819.24951171875,887.1993408203125,True,25,0.8
199,26.95596772840399,0.876390733139328,1165.7647705078125,21.412433624267578,0.230415145411639,820.6367797851562,780.0956420898438,True,25,0.8
200,33.62512445206257,0.9507573644243281,175.99925231933594,13.101011276245117,0.1825366629992525,625.3718872070312,642.3895874023438,True,25,0.8
201,23.28743144569751,0.8531207646541461,33.174827575683594,1.2823575735092163,0.2303321389627926,45.797298431396484,85.05582427978516,True,25,0.8
202,28.43730443110951,0.9536446370684203,37.673587799072266,2.1161835193634033,0.16689505728731296,142.03538513183594,162.4670867919922,True,25,0.8
203,26.969127317655982,0.8656815548530242,1589.7139892578125,37.88932418823242,0.1958252793115863,1099.220947265625,898.6556396484375,True,25,0.8
204,31.2142568174324,0.961555489007349,278.02642822265625,5.6712965965271,0.2794666924643565,517.977783203125,606.8226318359375,True,25,0.8
205,21.73727386029273,0.8354121202532281,0.6938737034797668,0.32006242871284485,0.24484315288807706,9.667219161987305,10.187854766845703,True,25,0.8
206,35.624845731693895,0.9667986143453449,2.8653976917266846,2.751873016357422,0.2723775772648007,103.1856918334961,102.37007141113281,True,25,0.8
207,33.61764409587502,0.9498549395224505,191.51919555664062,12.278529167175293,0.08957015274002732,652.9649658203125,663.8382568359375,True,25,0.8
208,22.21391781894146,0.7818649322105912,0.22008056938648224,0.40081626176834106,0.15822972295662605,7.875462532043457,6.056522369384766,True,25,0.8
209,33.28812419909913,0.9551013719417363,12.241325378417969,3.225980758666992,0.20111089476594654,153.08892822265625,161.64724731445312,True,25,0.8
210,17.046269588319102,0.6396486141061279,5896.291015625,35.641685485839844,0.13546417186427578,732.5826416015625,549.18505859375,True,25,0.8
211,24.07861872766746,0.87860533533021,1844.9129638671875,22.216672897338867,0.26649242178534466,739.7584838867188,692.2033081054688,True,25,0.8
212,23.760373525908193,0.8563804456058762,1788.5892333984375,32.30397033691406,0.10130832826450761,852.121337890625,652.309326171875,True,25,0.8
213,26.697363339700594,0.894401383309306,96.47611236572266,5.162317752838135,0.17789746132932216,278.7629699707031,225.0450439453125,True,25,0.8
214,28.251693007161197,0.9532142418626046,758.099365234375,16.783714294433594,0.20568884976455948,707.4219360351562,712.467041015625,True,25,0.8
215,30.010678859097144,0.9282291299818224,52.454376220703125,4.91954231262207,0.2511491777627872,185.82237243652344,238.0118408203125,True,25,0.8
216,27.329282043766593,0.9105460345837294,169.8165740966797,8.172711372375488,0.23450290063690782,296.68145751953125,326.0743103027344,True,25,0.8
217,27.38196492681269,0.9299861393615189,1013.9498291015625,7.627349853515625,0.2671956631666706,612.3228149414062,746.7449340820312,True,25,0.8
218,22.056236486672034,0.7946783324698888,2625.347900390625,38.49858093261719,0.16299730578730032,809.8186645507812,649.9832763671875,True,25,0.8
219,24.06428257301078,0.8417471947294533,2827.55517578125,38.311241149902344,0.10699640020129197,997.0989379882812,849.3742065429688,True,25,0.8
220,30.93392135745061,0.9177928991515816,346.0918884277344,19.9924259185791,0.14252958198069474,737.7991943359375,657.9552612304688,True,25,0.8
221,29.77595041067704,0.9472210346206915,340.0763244628906,20.72236442565918,0.1551850367384744,633.7935180664062,568.7402954101562,True,25,0.8
222,29.661776392086626,0.9306839064911673,9.34774398803711,1.0288550853729248,0.40778154943568273,45.837158203125,94.58109283447266,True,25,0.8
223,31.35557670937515,0.9377899678852659,99.21924591064453,7.681002140045166,0.2166828073220234,357.0953674316406,368.34808349609375,True,25,0.8
224,22.890631733402955,0.854522313755229,345.58642578125,14.386757850646973,0.15339045902565168,314.92779541015625,265.9371643066406,True,25,0.8
225,35.38458508025231,0.9771188850004238,17.330059051513672,2.6511354446411133,0.12626912452806424,233.57693481445312,244.7456512451172,True,25,0.8
226,30.7020611185269,0.9296816394302005,805.1376342773438,33.767906188964844,0.18777900223643773,1159.98681640625,973.0375366210938,True,25,0.8
227,29.214979853448156,0.9499598535083396,185.40914916992188,7.006613731384277,0.18331775893382973,370.50323486328125,393.7046203613281,True,25,0.8
228,23.6998478652998,0.882199018117198,3387.00390625,16.433887481689453,0.28728290364214437,727.0889282226562,892.1544799804688,True,25,0.8
229,23.512394301985466,0.741102911306363,1147.3807373046875,18.23118782043457,0.31426194311197353,398.6584777832031,631.5075073242188,True,25,0.8
230,25.93030235385479,0.8749673031654951,1460.392333984375,25.484880447387695,0.16584888870645462,791.0477905273438,795.0164794921875,True,25,0.8
231,31.309491104121875,0.9632674584201738,186.80455017089844,5.48816442489624,0.29532271505251534,443.6686706542969,503.13446044921875,True,25,0.8
232,33.99321694048556,0.960981414129552,132.61703491210938,10.012155532836914,0.22518786220912368,593.6854858398438,577.3269653320312,True,25,0.8
233,26.316755983614193,0.9186207462290553,566.9490966796875,12.02158260345459,0.16275000719811206,527.8381958007812,493.0251770019531,True,25,0.8
234,30.535445346443247,0.9490280315862397,32.62228775024414,2.440894365310669,0.23804449457982324,160.94119262695312,196.04774475097656,True,25,0.8
235,21.512747925396013,0.860583240202829,3674.254638671875,14.534358978271484,0.22627094199914033,625.0770263671875,722.7296752929688,True,25,0.8
236,32.728340869936986,0.9664872420646089,42.22283172607422,3.4914755821228027,0.19576058089350662,237.14561462402344,281.4915771484375,True,25,0.8
237,26.383604497163358,0.9234259921442997,1.455278992652893,0.586360514163971,0.30026943207285156,21.212303161621094,25.291650772094727,True,25,0.8
238,28.64494845545518,0.891352290399584,562.7865600585938,43.443485260009766,0.09779208953195545,1600.674560546875,645.8268432617188,True,25,0.8
239,26.55305214431776,0.9358216792544959,69.96465301513672,1.7188948392868042,0.2073310215176135,147.0161590576172,177.93356323242188,True,25,0.8
240,26.353063174465188,0.8866650693241596,2041.906494140625,30.78534507751465,0.20014139501401126,999.4535522460938,940.5181274414062,True,25,0.8
241,31.299757986432944,0.9655488184331248,673.66552734375,14.08757495880127,0.22773396872881502,902.0408325195312,953.9746704101562,True,25,0.8
242,20.52176434374548,0.8428084651367826,7410.244140625,44.28187561035156,0.13017322695695407,1925.1304931640625,914.9495239257812,True,25,0.8
243,25.032552097489727,0.9039966584782863,408.41864013671875,11.38303279876709,0.17527582773741515,390.1691589355469,370.7885437011719,True,25,0.8
244,28.711155232860506,0.9387440972099363,0.36323127150535583,0.3565143346786499,0.2525995057434437,15.844000816345215,16.441160202026367,True,25,0.8
245,31.517581109506597,0.9243199708655292,530.3617553710938,6.531800746917725,0.4800887562102179,394.26983642578125,928.3902587890625,True,25,0.8
246,26.369797064592724,0.8541515428751661,417.53338623046875,12.821767807006836,0.2053328044206822,423.70086669921875,428.7559509277344,True,25,0.8
247,26.929039852219955,0.9431954653639543,1892.546875,13.373307228088379,0.2226071749422293,833.1353149414062,966.6881713867188,True,25,0.8
248,22.77073308836119,0.7809494987522955,4187.33203125,53.628562927246094,0.09764556983847962,1756.0111083984375,963.6563720703125,True,25,0.8
249,27.862947581062866,0.9406134371325696,1187.39404296875,7.001394271850586,0.1910092366691646,660.7786254882812,853.1564331054688,True,25,0.8
250,33.60329429380547,0.9620134594885803,37.94926452636719,3.582080125808716,0.2129028920690123,269.2373352050781,295.1544494628906,True,25,0.8
251,25.182130195563566,0.9188972168148642,390.2792663574219,4.913213729858398,0.28685093539115003,271.5564880371094,385.7126159667969,True,25,0.8
252,21.1478599439381,0.7733517530445652,5501.080078125,26.313871383666992,0.26224173296784115,570.5642700195312,851.2855224609375,True,25,0.8
253,33.48077942236318,0.961191358442646,44.388671875,3.4544663429260254,0.18786504165924797,284.6954650878906,317.6050720214844,True,25,0.8
254,21.075308553565918,0.903784475469735,225.05825805664062,5.841387748718262,0.12238383135724104,211.60800170898438,170.32325744628906,True,25,0.8
255,25.178894311149747,0.8412653330737433,727.813720703125,7.185333728790283,0.3828326839045866,278.4398193359375,557.2444458007812,True,25,0.8
256,25.069603362726582,0.8850194738237851,2228.184326171875,19.93818473815918,0.23140111023395749,1244.9207763671875,936.2186279296875,True,25,0.8
257,34.13917434081787,0.9622418664941724,186.81578063964844,8.860675811767578,0.27592108967766854,664.4381713867188,696.333740234375,True,25,0.8
258,26.339132878292197,0.9000691855701131,716.9591674804688,16.253915786743164,0.2544854845576731,516.657470703125,570.4910888671875,True,25,0.8
259,28.346361395843797,0.8813814745737303,13.690703392028809,4.959718704223633,0.1945011232907926,147.1894989013672,98.07931518554688,True,25,0.8
260,28.472512465890667,0.918870197011252,537.544189453125,21.775249481201172,0.20939062052790378,758.5300903320312,615.3922119140625,True,25,0.8
261,31.446347270768648,0.9611878823046837,699.81640625,16.246854782104492,0.35046319194803965,749.5384521484375,990.0637817382812,True,25,0.8
262,29.470863659735596,0.9029267868882486,19.965557098388672,5.048454761505127,0.1330362441685759,162.7261199951172,140.9439239501953,True,25,0.8
263,28.617837557014457,0.922653481683341,369.6226501464844,11.340020179748535,0.22682344538307755,510.1617431640625,518.8113403320312,True,25,0.8
264,27.600034920600955,0.9421530298973262,1336.4317626953125,21.181659698486328,0.17250913745924706,958.6319580078125,877.4957275390625,True,25,0.8
265,29.74709750167601,0.9214144795940818,574.8171997070312,9.86491584777832,0.31332709435599254,531.2755126953125,741.02783203125,True,25,0.8
266,18.91622023154443,0.7625018372607703,6234.44775390625,42.84782791137695,0.09686093169339124,1062.7935791015625,697.3187255859375,True,25,0.8
267,23.43823942484483,0.8805249452249626,2133.608642578125,14.127116203308105,0.2346034566309296,585.4208984375,702.7816162109375,True,25,0.8
268,26.491473050622815,0.9253226718850919,290.7541809082031,2.1547250747680664,0.3172483968211353,283.6076354980469,360.13165283203125,True,25,0.8
269,20.52002553434211,0.7497805420790344,696.8727416992188,13.298521041870117,0.14010064125400784,563.6614990234375,294.2982482910156,True,25,0.8
270,28.797684284852323,0.9025657326232938,861.6069946289062,28.85254669189453,0.13440715278558635,896.1744995117188,809.5518188476562,True,25,0.8
271,26.900132881950828,0.9100392452365228,1330.1490478515625,28.089860916137695,0.14918437949873428,746.0679321289062,810.3032836914062,True,25,0.8
272,22.914368398914206,0.7199910665262526,3755.839599609375,39.97946548461914,0.1523300276662877,1042.9212646484375,867.2052612304688,True,25,0.8
273,29.9684838873943,0.9424702913583985,838.1092529296875,33.48768997192383,0.19023055540652165,1011.3331909179688,913.3273315429688,True,25,0.8
274,24.476900180390942,0.8362258805234275,922.47119140625,31.845293045043945,0.18818095447226146,673.48193359375,511.8310546875,True,25,0.8
275,16.571585593382537,0.7532926710562688,5528.41845703125,9.582282066345215,0.2852143909930953,461.14794921875,502.0147705078125,True,25,0.8
276,32.06711448986727,0.9544462752600572,392.26678466796875,12.11584186553955,0.18095103169152083,661.4148559570312,798.4968872070312,True,25,0.8
277,24.08978533922167,0.8596071546887623,1632.7955322265625,15.689531326293945,0.14880687335670348,691.2572021484375,650.31396484375,True,25,0.8
278,27.433347495800128,0.8893429089512511,860.4100952148438,12.295685768127441,0.2503417275415079,563.8643798828125,702.264892578125,True,25,0.8
279,23.59694437113123,0.8449926003544631,2759.0224609375,34.13918685913086,0.21992120701011836,829.6949462890625,795.9968872070312,True,25,0.8
280,25.06872342058786,0.8966541093728426,2261.95556640625,19.520658493041992,0.2528026470312991,737.6427612304688,890.1153564453125,True,25,0.8
281,20.51780796568884,0.8603479932732031,1016.0148315429688,13.285308837890625,0.09150146328379528,591.1920776367188,338.65716552734375,True,25,0.8
282,19.689306250972937,0.7808525306321642,1519.86572265625,17.44574737548828,0.15106807411060472,447.2157897949219,376.2073669433594,True,25,0.8
283,33.24329599559617,0.9408929714908049,4.263261795043945,2.6925570964813232,0.24713624754975802,100.12980651855469,94.88795471191406,True,25,0.8
284,29.25310188513897,0.8967983155741748,391.9490661621094,12.01150131225586,0.15100196041361424,530.4268188476562,578.7018432617188,True,25,0.8
285,23.68267980402542,0.8622282611328296,5.7150163650512695,0.4377751350402832,0.2898785188198427,20.64950180053711,36.90633010864258,True,25,0.8
286,31.58175688893625,0.9088754077068116,150.4922637939453,23.46849250793457,0.18956657784881029,597.58447265625,466.1324157714844,True,25,0.8
287,31.648858512112096,0.961897665025403,200.627197265625,9.381522178649902,0.23948939684042725,544.5303955078125,543.1019897460938,True,25,0.8
288,26.955426652148958,0.9062378548308668,165.3788604736328,13.486674308776855,0.15087052493840852,403.94317626953125,287.25469970703125,True,25,0.8
289,24.54460802157138,0.8150279044391832,1203.6600341796875,43.54050064086914,0.10008170840995972,866.5241088867188,591.242431640625,True,25,0.8
290,32.60199035409249,0.9530240603337224,0.5435841679573059,0.5211765766143799,0.15229485443694793,32.24093246459961,31.469749450683594,True,25,0.8
291,22.034921976616126,0.8247389579925256,9.102046012878418,0.6489160060882568,0.19213886364734703,30.469032287597656,38.31084060668945,True,25,0.8
292,28.259892757639655,0.9419197809754634,983.382080078125,11.078163146972656,0.2363552045911779,647.173583984375,822.7779541015625,True,25,0.8
293,23.297780726956976,0.8782538219798482,602.9305419921875,9.492746353149414,0.3044917415235739,298.5602111816406,360.8304443359375,True,25,0.8
294,30.297735679182832,0.9032549284964654,11.834505081176758,3.836132049560547,0.1820313167291706,149.70571899414062,127.9334487915039,True,25,0.8
295,21.48458828095309,0.8287564421731448,1915.44189453125,13.487299919128418,0.22780782103091735,407.86712646484375,522.7210083007812,True,25,0.8
296,31.231145055542576,0.934570382807646,441.181884765625,27.46640968322754,0.18388252738677321,822.2609252929688,770.2235717773438,True,25,0.8
297,25.793494346565943,0.8441093649703292,119.95820617675781,11.686840057373047,0.15312178375869887,233.28575134277344,216.60520935058594,True,25,0.8
298,27.723692318222582,0.9386610511009907,655.5478515625,19.65976333618164,0.16494818333074707,724.9067993164062,623.267578125,True,25,0.8
299,27.52995803283758,0.9572292132797133,13.122058868408203,0.5425015091896057,0.2551999371693842,74.26535034179688,86.26211547851562,True,25,0.8
300,32.165665676384265,0.9689014488667772,1.671712875366211,0.5824154615402222,0.29709552756718594,41.818580627441406,52.63003921508789,True,25,0.8
301,26.492351677963196,0.9154344212621358,611.6177978515625,19.477994918823242,0.17741880647797234,568.1928100585938,531.8233032226562,True,25,0.8
302,28.340443924045367,0.8852907962947161,428.9891357421875,32.536476135253906,0.21460472041570294,671.6198120117188,541.094482421875,True,25,0.8
303,28.006504776506517,0.917427019476583,639.7435302734375,36.88199996948242,0.15696614765042735,964.3840942382812,637.79248046875,True,25,0.8
304,19.22376914863889,0.7343168367053982,6266.35693359375,27.481536865234375,0.2142242989373113,712.41943359375,726.365234375,True,25,0.8
305,28.129494320449126,0.9391224908847189,1451.675048828125,37.10783767700195,0.20090995477439008,888.179443359375,975.876220703125,True,25,0.8
306,22.456504457962723,0.8572821016408988,1495.003662109375,16.280738830566406,0.2155152888925791,629.24658203125,516.7840576171875,True,25,0.8
307,24.059997164668765,0.7825624775901361,391.9196472167969,19.36443328857422,0.18062407293726343,481.8661193847656,323.6335144042969,True,25,0.8
308,27.35234476064334,0.9097362899012917,1108.8623046875,15.6831693649292,0.19862945923813796,610.8065795898438,795.3909912109375,True,25,0.8
309,34.0222889917805,0.9787441400428551,29.1781005859375,3.1505205631256104,0.21766632189554502,240.23098754882812,271.5614318847656,True,25,0.8
310,23.988101761541564,0.8460107435155532,745.7623901367188,18.36734390258789,0.1978077937817722,458.4820861816406,439.5324401855469,True,25,0.8
311,32.37148857129817,0.9595989014864952,3.6016252040863037,1.077083945274353,0.23545390535672722,59.47634506225586,79.37792205810547,True,25,0.8
312,21.528020637128023,0.8710584934347696,4.847691535949707,0.5471103191375732,0.2340679063787114,22.892269134521484,26.32539176940918,True,25,0.8
313,28.159775919889345,0.8911361109130892,1414.2052001953125,33.09082794189453,0.1606166339727205,1104.8724365234375,962.685791015625,True,25,0.8
314,28.90314863494904,0.9255470293425062,886.67333984375,23.493785858154297,0.22266122250718523,768.500244140625,836.1441650390625,True,25,0.8
315,28.086760774086024,0.9536011800500569,751.3944091796875,3.089998245239258,0.3276197211340428,538.768310546875,696.2782592773438,True,25,0.8
316,28.344374507657623,0.9445384769586095,238.7635498046875,10.483386993408203,0.18944268523627747,384.0989685058594,409.54400634765625,True,25,0.8
317,18.001981751160095,0.7548641051007535,452.39111328125,10.154526710510254,0.15539981974569805,268.1758117675781,174.12103271484375,True,25,0.8
318,25.317045714602134,0.901502125933997,72.16642761230469,5.987532138824463,0.22405856268316743,153.51055908203125,157.28060913085938,True,25,0.8
319,27.57301707145856,0.92843384823932,110.14095306396484,4.534087181091309,0.27073993171654254,235.38194274902344,250.99266052246094,True,25,0.8
320,25.36080813638156,0.9123679563341618,870.8466796875,1.2190017700195312,0.23656415623426313,349.2453308105469,549.6774291992188,True,25,0.8
321,36.08616666684551,0.9591930693763205,125.7267837524414,16.449649810791016,0.22926297048835761,708.8928833007812,714.88134765625,True,25,0.8
322,18.379087103544723,0.7002583354921716,6280.89453125,18.135576248168945,0.21356835107507008,512.6760864257812,660.5371704101562,True,25,0.8
323,28.167180146990436,0.9567052678284845,118.83460235595703,12.181571006774902,0.19042474284036157,365.8916320800781,280.6539611816406,True,25,0.8
324,26.62524036167588,0.9589678209094317,1972.9188232421875,16.21465301513672,0.18176665261062722,876.2706298828125,954.910400390625,True,25,0.8
325,29.872500585027527,0.9523382245421687,446.452880859375,11.894002914428711,0.27497396643404126,566.66064453125,738.1589965820312,True,25,0.8
326,27.412967990557796,0.9406078601307913,558.1804809570312,11.006953239440918,0.19804112482419298,497.9955749511719,554.7996826171875,True,25,0.8
327,25.241047143606995,0.9096647522982183,1114.764404296875,3.4785280227661133,0.33648545599801655,413.08465576171875,612.1090087890625,True,25,0.8
328,25.563041364992,0.9224417667830064,467.2821960449219,12.781010627746582,0.17889518950135447,474.52642822265625,420.1804504394531,True,25,0.8
329,33.96230893100007,0.9727715423755479,24.78140640258789,6.007373809814453,0.14232187944685243,264.9874267578125,248.48326110839844,True,25,0.8
330,29.874838553884516,0.9443530976874187,128.47549438476562,4.492590427398682,0.23664994283506394,310.0875549316406,356.61669921875,True,25,0.8
331,36.52692653348759,0.9745696448212561,127.7052230834961,16.748144149780273,0.15772259121441046,829.8181762695312,758.0882568359375,True,25,0.8
332,22.92121504390138,0.9022115266990489,1.203027367591858,0.03920135647058487,0.3231926605454843,10.553099632263184,15.379095077514648,True,25,0.8
333,32.44163820276769,0.9832692744654399,7.787192344665527,1.0291157960891724,0.15260597870517312,110.91535186767578,116.9565658569336,True,25,0.8
334,32.076624956384244,0.9670473861866569,1.3659759759902954,1.0799099206924438,0.1898759588374525,44.17583465576172,46.95663833618164,True,25,0.8
335,28.637340581569383,0.9077971501139418,2.3202593326568604,1.3198164701461792,0.3347980218924137,34.19850158691406,41.688072204589844,True,25,0.8
336,25.315725878585805,0.9095213161502707,2066.16259765625,22.09854507446289,0.19929373235321698,816.2130126953125,855.6051025390625,True,25,0.8
337,23.479714870881594,0.8984107941973443,2214.9765625,4.269265651702881,0.2903379335720756,477.7301025390625,703.9542236328125,True,25,0.8
338,27.949066169024626,0.9599894651656795,355.0273742675781,3.3478803634643555,0.23928530554414185,393.0435791015625,474.69964599609375,True,25,0.8
339,34.64095167356932,0.9741543019334599,3.3439722061157227,1.0894873142242432,0.16917230747450723,88.7049331665039,98.736328125,True,25,0.8
340,28.925531803801547,0.9065836074736097,298.8720397949219,17.195846557617188,0.1598265971388775,530.8316650390625,492.124267578125,True,25,0.8
341,17.78925466518332,0.6729994043384071,3696.769287109375,15.64381217956543,0.28859056924565163,413.6810607910156,473.998291015625,True,25,0.8
342,25.61902211385607,0.8239616855393705,58.56766891479492,5.790257930755615,0.18157252900198884,162.39894104003906,174.02867126464844,True,25,0.8
343,24.337833186046304,0.8690086327830423,521.3569946289062,6.63899040222168,0.17969024587897006,309.62786865234375,434.41778564453125,True,25,0.8
344,29.3478947677637,0.9351771127036604,184.8047637939453,8.452901840209961,0.263311816440383,390.98492431640625,399.1062316894531,True,25,0.8
345,31.261725788027398,0.9286220508509376,271.06207275390625,12.789338111877441,0.20247136598576956,644.6800537109375,616.2342529296875,True,25,0.8
346,27.884138432356195,0.8705191772208396,639.0932006835938,13.462058067321777,0.3016939218537385,490.48370361328125,635.4585571289062,True,25,0.8
347,27.697287271190383,0.9573269107977795,3.5438950061798096,1.432189702987671,0.16028200340795298,49.907405853271484,46.258705139160156,True,25,0.8
348,35.151612976905696,0.9590833941926282,42.94111633300781,9.028525352478027,0.15192469755882101,375.3811950683594,375.2380065917969,True,25,0.8
349,31.69086324666274,0.9116672382000891,265.57598876953125,22.751771926879883,0.25159789242819974,682.2035522460938,626.2340698242188,True,25,0.8
350,28.42663978640775,0.9442127746817252,364.05242919921875,11.576064109802246,0.17719278632946645,498.4703369140625,503.63311767578125,True,25,0.8
351,23.971245629107337,0.8820752215094027,2938.096435546875,29.522560119628906,0.15237610657007858,1057.5677490234375,856.6333618164062,True,25,0.8
352,30.380366235509722,0.9340841304760722,397.9017028808594,18.29598045349121,0.12416366996705457,751.86474609375,659.034912109375,True,25,0.8
353,20.48276369989442,0.8319855404969557,239.16651916503906,8.126538276672363,0.18918892456884662,258.3144226074219,163.77149963378906,True,25,0.8
354,25.16343987840203,0.9216736862003434,15.560417175292969,0.6073591709136963,0.27448365645887374,59.59103012084961,71.49817657470703,True,25,0.8
355,19.39299527805862,0.8001232566615308,4742.65283203125,14.927285194396973,0.23823284294439703,653.1224365234375,642.77685546875,True,25,0.8
356,21.44596411797924,0.8605290662383269,5.4010796546936035,0.6253504753112793,0.1533815083153612,25.859909057617188,27.484798431396484,True,25,0.8
357,23.377002810843823,0.8523433769272661,1557.1697998046875,7.36621618270874,0.26640100204713124,376.8164978027344,586.1898193359375,True,25,0.8
358,29.298116727907306,0.9355996597339126,992.3954467773438,17.39901351928711,0.25233425715962776,781.537841796875,940.2900390625,True,25,0.8
359,34.637443023688796,0.9501499880462793,113.98350524902344,16.601266860961914,0.1500076786842464,579.4564208984375,575.898681640625,True,25,0.8
360,31.3981702139047,0.9591640420680937,109.47945404052734,10.023649215698242,0.18575460804047042,362.0023193359375,388.7817687988281,True,25,0.8
361,28.46513144932532,0.8593388340705996,537.2869262695312,20.301633834838867,0.2081754965395089,702.8717651367188,643.6449584960938,True,25,0.8
362,25.773372547451956,0.9186279395800871,556.9537353515625,9.229063987731934,0.22039041695479886,421.54248046875,458.7946472167969,True,25,0.8
363,37.89473860694401,0.9790016532528634,48.377716064453125,10.060035705566406,0.20111800760890453,540.2830200195312,546.0711669921875,True,25,0.8
364,29.402547269459912,0.9662553570526426,1016.6485595703125,28.878646850585938,0.24649369513416364,919.351318359375,941.5233154296875,True,25,0.8
365,28.81511539304009,0.9317857579427115,184.97503662109375,6.883800506591797,0.3114181516902236,297.5810546875,386.7165222167969,True,25,0.8
366,20.655061402793752,0.7463968074739977,7881.15283203125,50.61042022705078,0.1073677107756774,1304.394775390625,961.2293701171875,True,25,0.8
367,31.780986400607386,0.9650088337368271,542.3532104492188,8.906656265258789,0.25709176844693954,725.8424682617188,905.4453125,True,25,0.8
368,21.783442266800485,0.8374590772051284,255.8929443359375,10.322226524353027,0.19873649917646316,256.24725341796875,196.5953369140625,True,25,0.8
369,24.83572894877879,0.9150411386054367,16.169658660888672,1.0350637435913086,0.20152892634821717,56.26762390136719,70.29193878173828,True,25,0.8
370,23.25468401206471,0.8652939546739892,48.80531692504883,3.614173650741577,0.27450955054633613,122.80585479736328,101.6772232055664,True,25,0.8
371,24.094076910274353,0.8243223997149235,1.2260586023330688,0.16925939917564392,0.315126641404136,11.685807228088379,19.203603744506836,True,25,0.8
372,28.06881390647568,0.9194928678387552,13.086185455322266,2.7083306312561035,0.19570290693914216,102.39297485351562,95.34851837158203,True,25,0.8
373,29.274504592675036,0.9207810268894038,550.751708984375,17.928661346435547,0.17437274822482782,779.5668334960938,683.3237915039062,True,25,0.8
374,30.25730342837676,0.9548558562117464,4.648115634918213,0.993989884853363,0.29441471332588953,59.65470504760742,72.11746215820312,True,25,0.8
375,31.00984068496775,0.9709855046803737,80.20587158203125,7.109233379364014,0.19696981213351294,310.1619873046875,319.6566467285156,True,25,0.8
376,24.690037713113004,0.9151399461559709,2392.555419921875,19.347646713256836,0.14104690481673698,876.9838256835938,845.0304565429688,True,25,0.8
377,27.305055082874496,0.8850950387443951,1.0688142776489258,0.8585266470909119,0.2884700762386629,26.563247680664062,24.2486629486084,True,25,0.8
378,26.031303399390623,0.8654971858169365,1577.9161376953125,24.72440528869629,0.24600874243133594,795.5123291015625,814.6539916992188,True,25,0.8
379,27.430314213713398,0.9194029663661563,144.09890747070312,7.765921592712402,0.16942793517157295,298.6116027832031,282.5729064941406,True,25,0.8
380,17.639149309239503,0.7229870290494471,240.09161376953125,3.14888334274292,0.24974241733514246,90.40522766113281,119.04666137695312,True,25,0.8
381,21.80887671224631,0.7681113775703365,3149.28955078125,12.88343620300293,0.2735587610296006,510.9735107421875,697.0404052734375,True,25,0.8
382,19.02615243799947,0.8216281093173334,4920.58447265625,20.993850708007812,0.14088076703511773,771.2930908203125,629.3139038085938,True,25,0.8
383,23.983543449645985,0.8679117305404065,2848.54541015625,30.241504669189453,0.20444429122480454,1068.0225830078125,877.5945434570312,True,25,0.8
384,33.06089403106044,0.9427788087173573,266.9139099121094,17.074844360351562,0.18944832409013554,817.3724365234375,735.3359985351562,True,25,0.8
385,28.661507912089952,0.9175430708579234,876.4259643554688,35.839019775390625,0.21816885601904792,925.8621826171875,803.6774291992188,True,25,0.8
386,22.32268362239762,0.872599805762676,463.39202880859375,11.438033103942871,0.2568557231503728,294.6138000488281,282.7525329589844,True,25,0.8
387,21.689751134583062,0.8696595899162067,214.21926879882812,3.232400894165039,0.21207336046806824,128.62457275390625,178.26210021972656,True,25,0.8
388,28.789026768212757,0.9526681004263177,737.6878051757812,33.71286392211914,0.1765101673530978,780.9401245117188,750.8641357421875,True,25,0.8
389,32.78624829153782,0.9645267848475184,339.8296813964844,14.162700653076172,0.2043326815486905,778.1744384765625,807.0278930664062,True,25,0.8
390,36.238890706312006,0.9765355800142967,233.0460968017578,23.878883361816406,0.24087011922039067,1001.3121948242188,990.5146484375,True,25,0.8
391,26.181057019954928,0.8761663579807777,410.19635009765625,19.14769172668457,0.1774768457198507,488.3458557128906,413.2050476074219,True,25,0.8
392,18.32129759397636,0.7878849866824158,2039.754638671875,5.806570053100586,0.3554724398855622,222.87013244628906,372.64605712890625,True,25,0.8
393,29.84813170583775,0.9655998790073445,598.8550415039062,13.80517578125,0.2623483149558484,620.7529296875,776.6365356445312,True,25,0.8
394,29.889793787000308,0.9233136954577976,119.26091766357422,8.539949417114258,0.16981550395342834,298.6932678222656,341.4627380371094,True,25,0.8
395,21.784127206135494,0.6849999255452678,5633.5791015625,43.63804626464844,0.12601966272294657,1050.79541015625,930.8265380859375,True,25,0.8
396,32.6452207011863,0.9193107639780601,398.4189758300781,37.375633239746094,0.11664163806541021,965.6717529296875,858.5543212890625,True,25,0.8
397,20.388155164813956,0.7730559761231329,1668.608642578125,12.641847610473633,0.21351391878246762,370.5063781738281,429.5650329589844,True,25,0.8
398,27.787388032093748,0.9341585496546253,933.3233642578125,16.090360641479492,0.24223401412284878,704.5718383789062,751.1201782226562,True,25,0.8
399,35.19489283088692,0.9555246119836289,172.04737854003906,11.725318908691406,0.15238522283120373,742.6113891601562,754.788330078125,True,25,0.8
400,33.83300617843607,0.9862687024446464,4.471434593200684,1.5145665407180786,0.2197721512968312,98.83646392822266,104.02074432373047,True,25,0.8
401,28.71792661006998,0.8801685525209375,894.2831420898438,15.434440612792969,0.3426207762553655,651.47119140625,902.6503295898438,True,25,0.8
402,30.556532988702575,0.9671883704092726,214.2500762939453,10.061884880065918,0.13260691455304094,508.8463134765625,505.74713134765625,True,25,0.8
403,17.496975144266248,0.6909362633111711,12114.5107421875,57.411773681640625,0.1421729597829954,1330.8870849609375,826.6309814453125,True,25,0.8
404,30.247760051956362,0.9148681280256025,97.13356018066406,10.196765899658203,0.20348246819186427,359.669921875,320.72955322265625,True,25,0.8
405,24.253945015560376,0.8370454999050212,3009.0234375,53.745601654052734,0.09117111969201937,1278.23583984375,895.627685546875,True,25,0.8
406,30.8147402232669,0.952601008609291,125.63037109375,6.60126256942749,0.1875940462323998,353.1524963378906,389.8124694824219,True,25,0.8
407,20.31603984071658,0.8181389140765787,1.2990293502807617,0.699906051158905,0.12661603434904767,16.101911544799805,11.826813697814941,True,25,0.8
408,27.952755961453004,0.9354747658820344,1198.103515625,14.433005332946777,0.3355129893214775,697.72607421875,905.4766235351562,True,25,0.8
409,30.666984833283557,0.9288363289107233,7.215470314025879,2.141630172729492,0.10586006471152042,114.17767333984375,92.19538879394531,True,25,0.8
410,39.985580801557724,0.9836821773380687,10.265584945678711,5.93581485748291,0.2764608622850724,317.1986083984375,319.99432373046875,True,25,0.8
411,26.12878277991922,0.9269358850554231,2170.306396484375,28.45577621459961,0.2511680366914897,1059.616455078125,950.1118774414062,True,25,0.8
412,32.0507818962433,0.975919210896957,563.0257568359375,9.155367851257324,0.19691637594878844,903.3641357421875,950.6565551757812,True,25,0.8
413,24.942009199795436,0.8589681893398734,1054.9427490234375,25.817964553833008,0.12512093333972243,737.4940795898438,573.8644409179688,True,25,0.8
414,31.25685593282649,0.9534531737705625,298.66259765625,11.334148406982422,0.2008198606363257,618.3763427734375,632.2053833007812,True,25,0.8
415,37.68015161549533,0.9788880588869315,34.375301361083984,6.26111364364624,0.14401614335774934,440.0441589355469,448.9970703125,True,25,0.8
416,21.831852694935815,0.774459940748615,562.7256469726562,19.663734436035156,0.17405239896287272,414.1759948730469,293.9175720214844,True,25,0.8
417,23.918164806763563,0.830640873284381,430.2137145996094,18.41400718688965,0.21719526984069598,396.7280578613281,329.33587646484375,True,25,0.8
418,22.874393543285017,0.8948852356835157,2322.4599609375,7.584897518157959,0.24402196615251975,511.6208801269531,672.845947265625,True,25,0.8
419,25.716761451066713,0.939841294666931,1517.1854248046875,8.644828796386719,0.23571068598979997,674.9503173828125,752.6221313476562,True,25,0.8
420,32.16090052087393,0.9512695366645499,380.73443603515625,9.574575424194336,0.183199839175893,769.8081665039062,791.7874755859375,True,25,0.8
421,23.377502961037564,0.8916791937668627,2817.42724609375,13.551918029785156,0.2234164653659733,632.6096801757812,789.8285522460938,True,25,0.8
422,36.63218959810128,0.974777352245538,1.8416574001312256,1.079385757446289,0.2456762230071589,90.2058334350586,92.11489868164062,True,25,0.8
423,33.12977633094811,0.9649509356210106,118.72660064697266,11.536057472229004,0.20941944718730707,485.28680419921875,494.9258728027344,True,25,0.8
424,28.409277523157968,0.9388560611135697,4.9171552658081055,1.2582285404205322,0.2128300252103824,53.71665954589844,58.50120162963867,True,25,0.8
425,29.1272118587762,0.9544673835084042,361.8065490722656,22.922883987426758,0.16639265787713362,719.9151611328125,549.9793701171875,True,25,0.8
426,21.435574105199674,0.8351488054782379,1352.01708984375,17.580778121948242,0.13179339594841524,533.9647216796875,442.0889587402344,True,25,0.8
427,22.759076843562962,0.8847855931442035,4166.33154296875,4.009860038757324,0.3623274143954398,636.4091186523438,887.8164672851562,True,25,0.8
428,29.206090219556597,0.9399940422260356,147.5574493408203,10.169988632202148,0.2558991324833847,328.661865234375,351.5640869140625,True,25,0.8
429,28.029832749762143,0.8457475565027895,21.310195922851562,6.424444198608398,0.11519778655524868,179.6466522216797,117.949951171875,True,25,0.8
430,28.308994997776313,0.9443580893447894,30.298978805541992,1.9318959712982178,0.24130452493764637,103.29061126708984,143.84869384765625,True,25,0.8
431,28.36926835127762,0.9269082057679031,797.991943359375,15.975000381469727,0.2606920507941735,640.529296875,761.7491455078125,True,25,0.8
432,28.41877894443014,0.9313315442648896,549.5814819335938,9.696191787719727,0.2713388254445119,580.1926879882812,618.599853515625,True,25,0.8
433,20.458652865948963,0.8121333076094562,91.71504211425781,1.136108636856079,0.33964668006259274,66.58576202392578,102.02155303955078,True,25,0.8
434,33.57787830442682,0.967833388177726,3.1705803871154785,1.2217875719070435,0.2514632722007436,77.32905578613281,85.02269744873047,True,25,0.8
435,23.349573644513697,0.8063904518376646,2258.72705078125,54.442691802978516,0.12729846969196495,1041.0501708984375,701.2681884765625,True,25,0.8
436,22.262592501040377,0.8919026481720039,31.993120193481445,4.09509801864624,0.13816925037717978,108.5760269165039,73.69024658203125,True,25,0.8
437,25.499452414171966,0.9146678766146326,1864.8302001953125,13.913102149963379,0.32864577515225074,607.0313110351562,822.0382080078125,True,25,0.8
438,31.63490622801185,0.9706957320633688,342.3197937011719,12.619563102722168,0.22944788665680046,732.4141235351562,706.5360107421875,True,25,0.8
439,26.97545756959512,0.9297392628452634,13.52918815612793,1.454032063484192,0.21892349321500953,81.20565795898438,82.2674331665039,True,25,0.8
440,35.777844201791254,0.9616412844189796,1.9413098096847534,1.5535506010055542,0.22678075315568164,83.04029083251953,85.75287628173828,True,25,0.8
441,31.186731508587762,0.9228821728912916,740.5475463867188,28.01982879638672,0.20877226146132055,1050.977783203125,986.6529541015625,True,25,0.8
442,32.09565735740977,0.9437695840148734,86.57898712158203,10.033473014831543,0.16254487888652602,427.4895935058594,374.8965148925781,True,25,0.8
443,22.727154354316973,0.7944079435590583,723.3048095703125,23.672786712646484,0.16873335707151388,663.87890625,371.2715148925781,True,25,0.8
444,31.043219206294403,0.9163395625964899,519.4898071289062,23.42379379272461,0.2124256223286353,875.8897094726562,812.9867553710938,True,25,0.8
445,33.04156589688774,0.9286031271643376,444.4346923828125,33.8426628112793,0.19247422722036975,1058.1719970703125,947.3013305664062,True,25,0.8
446,29.80892450073233,0.9570140572585804,1014.5614624023438,11.17377758026123,0.17832594500210044,981.1476440429688,986.0150756835938,True,25,0.8
447,28.399269632888124,0.9286344753399537,760.171142578125,12.617053031921387,0.2961320079815322,627.3331909179688,753.6248168945312,True,25,0.8
448,21.969235521386842,0.7706140240264376,807.3895263671875,22.808801651000977,0.143914066184902,614.1463623046875,376.8833312988281,True,25,0.8
449,31.596280897534417,0.9572132203816384,4.5112199783325195,2.3694911003112793,0.2177961167102712,78.24860382080078,84.4172134399414,True,25,0.8
450,35.93537141171423,0.9700184963159147,154.00601196289062,12.409866333007812,0.1971888964045704,782.6878662109375,777.3697509765625,True,25,0.8
451,24.566683608911397,0.8930065173990217,1084.3760986328125,19.79517364501953,0.1522835434672787,751.6141967773438,558.8458251953125,True,25,0.8
452,19.696032873599755,0.8586806712958768,1929.1629638671875,7.271023750305176,0.17819191695165437,396.1477355957031,424.79779052734375,True,25,0.8
453,25.367037564753076,0.9166495113653276,2373.576171875,14.666857719421387,0.29063411808176154,795.8580322265625,906.4480590820312,True,25,0.8
454,29.604234965278877,0.9608833488380638,13.449345588684082,2.4325361251831055,0.21630679900853308,121.00323486328125,112.08628845214844,True,25,0.8
455,31.087870975710224,0.9451973410659653,188.42929077148438,14.4281644821167,0.21289660044427075,519.5542602539062,493.1324768066406,True,25,0.8
456,25.884351975968514,0.9103636038100388,0.38879984617233276,0.30501437187194824,0.22891617191162753,11.376992225646973,12.342290878295898,True,25,0.8
457,31.2753098798893,0.9409666667443434,140.5765380859375,6.866922378540039,0.27213480203679946,403.6807861328125,469.1919860839844,True,25,0.8
458,36.971025692392246,0.9679966059708497,0.657065749168396,1.4106783866882324,0.23287534851802186,59.25609588623047,57.246971130371094,True,25,0.8
459,23.23593995256113,0.9057045880901186,67.90304565429688,1.2432359457015991,0.29529673462789285,90.84720611572266,119.6990966796875,True,25,0.8
460,26.461863468020415,0.9108862347624066,31.4163818359375,1.2838592529296875,0.24377689119885843,93.89673614501953,118.40872192382812,True,25,0.8
461,26.16289879411628,0.8547814320753664,1019.7683715820312,32.60883712768555,0.14343730085603104,831.730712890625,649.5610961914062,True,25,0.8
462,24.767386912426982,0.839556942487249,1823.6300048828125,24.799203872680664,0.1525757931325429,764.9070434570312,746.298828125,True,25,0.8
463,15.659233491733215,0.6441919745854987,9183.998046875,26.678354263305664,0.2087011310096548,485.83245849609375,583.785400390625,True,25,0.8
464,30.126238415975983,0.8848839324386742,753.0584716796875,28.888818740844727,0.16670353242738492,955.8362426757812,962.2103881835938,True,25,0.8
465,30.083933560000023,0.9667152196353435,135.38595581054688,5.289680480957031,0.15010159110143115,348.55718994140625,375.4956970214844,True,25,0.8
466,27.546707296237937,0.9300088425915615,142.08102416992188,7.364203453063965,0.1870408812834724,271.9159240722656,286.4263610839844,True,25,0.8
467,23.380896680143557,0.9066842865377619,3458.93603515625,9.442900657653809,0.2869406885108464,699.0485229492188,868.7305297851562,True,25,0.8
468,22.96466907141333,0.8662396108821612,252.25857543945312,9.13980770111084,0.2526139812792867,262.76068115234375,224.3722381591797,True,25,0.8
469,31.471395604240175,0.9234990559833584,614.0131225585938,15.9559965133667,0.41244750944670655,536.39208984375,963.2593383789062,True,25,0.8
470,24.99863805123745,0.9176083581144389,0.5385791063308716,0.19849582016468048,0.21682234277781248,10.398299217224121,13.14232063293457,True,25,0.8
471,24.260316734879346,0.913015317360191,3514.8701171875,4.984034061431885,0.30889925832156145,770.7671508789062,969.908935546875,True,25,0.8
472,26.78497925879261,0.9495921075397908,3.7948830127716064,0.7060827016830444,0.2428866248564049,34.551944732666016,44.11675262451172,True,25,0.8
473,22.97745709447337,0.8238380870486776,3965.465087890625,38.019195556640625,0.14586445930188865,1122.3746337890625,891.251953125,True,25,0.8
474,34.06504224093727,0.9819272351984638,109.1836166381836,6.029260158538818,0.18719668384877713,521.3519287109375,528.1734008789062,True,25,0.8
475,27.698168290807196,0.9008930056347244,1573.46142578125,34.1879997253418,0.18159939458795338,1215.3154296875,992.9718017578125,True,25,0.8
476,21.591230877346202,0.8472594646128022,38.21244812011719,1.0663788318634033,0.23838826891133882,54.878936767578125,74.72277069091797,True,25,0.8
477,25.245369252174385,0.8334902227919653,826.1959228515625,23.258922576904297,0.12371772084865981,709.6350708007812,554.3004150390625,True,25,0.8
478,33.07094411215983,0.9782552018500211,462.9134521484375,13.574596405029297,0.30177405725411516,864.5794677734375,969.333251953125,True,25,0.8
479,20.124212997582948,0.8448033834584494,2659.636474609375,15.309104919433594,0.18357476908888185,620.762939453125,523.5747680664062,True,25,0.8
480,34.830201037812074,0.9547063226670304,130.1938934326172,9.28221321105957,0.2579366514280242,557.0154418945312,629.7692260742188,True,25,0.8
481,29.264549363741704,0.9553106033057743,568.15087890625,8.28608226776123,0.23458750517506227,615.9464111328125,696.0529174804688,True,25,0.8
482,32.09328239414147,0.9362800351091275,127.71122741699219,10.648262023925781,0.17143276641986213,501.9068603515625,455.0865173339844,True,25,0.8
483,25.646553822473944,0.913492563132089,1061.39208984375,13.562947273254395,0.27166609358392463,522.0432739257812,627.9305419921875,True,25,0.8
484,19.62961652455415,0.8466366187328621,3713.60595703125,18.46585464477539,0.2099270112507264,633.6342163085938,584.72998046875,True,25,0.8
485,19.432190451957105,0.6882674612277413,9114.55859375,15.227328300476074,0.41636206956804517,583.3394775390625,901.2568359375,True,25,0.8
486,28.719040878792978,0.9576561196761972,2.822014570236206,0.9569840431213379,0.17278514087313168,37.575435638427734,46.40093231201172,True,25,0.8
487,23.078710621600564,0.8888714375345361,385.3980407714844,0.937642514705658,0.24945185549821083,158.76927185058594,281.6822204589844,True,25,0.8
488,25.82009653474885,0.9273441689328259,2359.166748046875,31.44416046142578,0.16783220358772652,943.034423828125,950.4610595703125,True,25,0.8
489,25.515615748926077,0.8865108567697763,2184.54833984375,42.91221618652344,0.18983440260158352,1008.62548828125,890.37353515625,True,25,0.8
490,30.45498947859617,0.9179240857333645,169.41351318359375,10.485119819641113,0.18917008012450878,420.48052978515625,456.20111083984375,True,25,0.8
491,21.159948000713356,0.8710021745968196,2938.78759765625,18.3897705078125,0.2352218761878043,647.44921875,620.512451171875,True,25,0.8
492,24.687699728566045,0.886390745328399,262.5184020996094,9.780189514160156,0.14022839668799575,323.2979431152344,278.1037902832031,True,25,0.8
493,32.33154569289928,0.9359495811033667,20.852693557739258,4.454258918762207,0.19105917288134128,197.7096710205078,188.93304443359375,True,25,0.8
494,37.04494863266659,0.9676173508659359,42.50022888183594,7.561617851257324,0.1446257864028363,473.99285888671875,464.2347106933594,True,25,0.8
495,26.57537467198938,0.9446999797495649,275.0666198730469,2.637834072113037,0.20923055699329907,235.8152313232422,353.9988708496094,True,25,0.8
496,24.276447331049454,0.880772883005007,1103.4986572265625,11.822380065917969,0.27709687515847375,339.4078369140625,584.0724487304688,True,25,0.8
497,32.74627565972197,0.9690482984724674,3.179356575012207,1.6988130807876587,0.18310389002300698,81.68267822265625,78.65690612792969,True,25,0.8
498,20.031058677050844,0.7796215487493181,9409.2724609375,60.43036651611328,0.15056141195336512,1497.7864990234375,974.42041015625,True,25,0.8
499,21.636614018340588,0.8549141013952261,6599.82177734375,12.406421661376953,0.31225812754659293,743.4381103515625,986.2245483398438,True,25,0.8
500,26.226801677485877,0.8435901046554243,1128.1484375,17.227266311645508,0.2299576570427475,515.9661865234375,698.4635620117188,True,25,0.8
501,29.17006563027182,0.9703326021370134,348.235595703125,2.8804173469543457,0.22195178424815268,487.666015625,536.5602416992188,True,25,0.8
502,31.20192663003666,0.9645746082252025,67.60076904296875,4.834271430969238,0.28599500888143076,229.96170043945312,310.21807861328125,True,25,0.8
503,25.728335899662873,0.9424668164266383,1768.970458984375,9.270289421081543,0.3052393843606897,756.52587890625,813.981201171875,True,25,0.8
504,23.74746148441828,0.904898796611157,1955.8233642578125,3.999603271484375,0.17874236242143182,485.4542541503906,685.0464477539062,True,25,0.8
505,34.05265951098394,0.9602183523454287,10.488543510437012,2.720757246017456,0.20189421332215732,170.71888732910156,163.45431518554688,True,25,0.8
506,24.241890545718046,0.9052738072648567,3101.90234375,8.965465545654297,0.27918184064412155,620.515625,911.0162353515625,True,25,0.8
507,26.568286310406055,0.9225080805697062,1434.1168212890625,16.133455276489258,0.16437704400556966,810.3596801757812,822.7147216796875,True,25,0.8
508,26.519155603884812,0.9175467768412995,1974.7113037109375,11.124889373779297,0.3061345656725812,692.6771850585938,949.85009765625,True,25,0.8
509,30.804823805580508,0.9060650898837576,433.8110656738281,26.920957565307617,0.198788835724147,763.062744140625,725.9937744140625,True,25,0.8
510,21.858928167694508,0.8332116822040543,2210.8779296875,21.740352630615234,0.17540016272254316,655.95263671875,613.8017578125,True,25,0.8
511,24.322350304704848,0.8657672921090144,645.311767578125,23.565397262573242,0.15868178745330472,585.1373901367188,418.8247985839844,True,25,0.8
512,29.677009567071234,0.9437850677130515,798.0679321289062,20.444650650024414,0.22616672916280456,869.1943359375,932.7957763671875,True,25,0.8
513,21.632198920118192,0.8492342560740439,5126.53271484375,23.89105224609375,0.1986003067501703,681.2056884765625,866.1978149414062,True,25,0.8
514,25.84246884966429,0.8586680923287744,5.543267250061035,2.428694009780884,0.14813524589696045,66.82768249511719,46.1734504699707,True,25,0.8
515,26.08817310844625,0.9324517647925115,1.780938744544983,0.3626595139503479,0.23215065331015103,19.64643669128418,27.340606689453125,True,25,0.8
516,22.991745995314812,0.8687322299509507,684.7007446289062,13.570271492004395,0.20022484193442955,406.16912841796875,377.0869140625,True,25,0.8
517,29.53465458883833,0.9431545566940456,679.7589721679688,20.879623413085938,0.18024451176737596,887.46337890625,810.7427978515625,True,25,0.8
518,25.56735392725889,0.847824301840007,2607.563720703125,34.845672607421875,0.22363647367526496,1134.0457763671875,987.2888793945312,True,25,0.8
519,27.98417560065728,0.9260138823922053,30.42270278930664,5.120274543762207,0.1431055778358102,163.2128448486328,151.2664794921875,True,25,0.8
520,23.519036419668975,0.8301841413162642,1557.76611328125,6.64208984375,0.24749114440192035,397.14971923828125,594.5365600585938,True,25,0.8
521,29.16733896394332,0.9674068792685636,176.21156311035156,6.091757297515869,0.2975890134132989,337.6698303222656,381.5099792480469,True,25,0.8
522,27.523611949537326,0.9224719573831103,1661.5592041015625,26.656404495239258,0.15994040020290598,1194.7979736328125,969.9444580078125,True,25,0.8
523,26.033513513923193,0.8393613184721801,1064.450439453125,9.043035507202148,0.251995665159661,490.9322204589844,842.2767944335938,True,25,0.8
524,24.1191479097685,0.8468946108000567,2722.2646484375,67.85872650146484,0.12404425232551948,1290.7298583984375,838.4903564453125,True,25,0.8
525,26.690375926078588,0.9302420393365336,447.6433410644531,9.711276054382324,0.2716590973067592,392.23309326171875,469.2244567871094,True,25,0.8
526,32.54169180365999,0.9429371353657868,95.53736114501953,14.722540855407715,0.11594811708923976,493.44708251953125,415.4046936035156,True,25,0.8
527,24.662060111987074,0.8949021770781285,254.11843872070312,2.0844779014587402,0.22887188102931788,206.50254821777344,274.1336669921875,True,25,0.8
528,26.954316609335393,0.873058733827568,6.503034591674805,3.3852784633636475,0.10523308144465743,80.58424377441406,57.319122314453125,True,25,0.8
529,30.152058793073433,0.964489561400854,721.6871948242188,16.330507278442383,0.18504520022493204,782.1373291015625,864.857666015625,True,25,0.8
530,21.34101434172976,0.8331696871428782,4768.515625,26.81470489501953,0.23606097486550695,695.0765991210938,813.088134765625,True,25,0.8
531,35.62570401310642,0.9785524726344582,273.39447021484375,16.246479034423828,0.12721111257860718,932.1085815429688,999.7179565429688,True,25,0.8
532,20.31535654019629,0.7433356928496268,9194.275390625,40.38579177856445,0.11943902966398902,1180.4866943359375,996.6401977539062,True,25,0.8
533,28.584127736245573,0.9661609366443873,423.9600524902344,10.456660270690918,0.19752068687158045,526.6959228515625,555.8762817382812,True,25,0.8
534,20.990694725130723,0.8108737822628068,4692.6943359375,15.518535614013672,0.19129874029682722,644.528076171875,769.2184448242188,True,25,0.8
535,28.072760401281652,0.9075967184127315,1158.5479736328125,2.7205395698547363,0.5894877434248486,307.2492370605469,944.8209838867188,True,25,0.8
536,27.36819660735406,0.925385442157771,1320.89306640625,13.979318618774414,0.16834172337707512,780.50390625,849.7977294921875,True,25,0.8
537,28.859200264336145,0.9409075809721484,80.00455474853516,3.0676136016845703,0.2611682064642736,216.9691925048828,248.1007537841797,True,25,0.8
538,33.50418892570361,0.9761674777211543,90.21947479248047,9.078048706054688,0.26924186379555975,394.828125,451.0935974121094,True,25,0.8
539,27.89861139838679,0.921362518795196,27.309181213378906,5.2400383949279785,0.18501364548136603,144.67662048339844,130.03025817871094,True,25,0.8
540,21.470090575555577,0.8261878542484085,6289.3193359375,19.1113224029541,0.35674901374875295,686.0219116210938,954.0969848632812,True,25,0.8
541,26.209689149811503,0.8662849854662538,875.815673828125,20.182233810424805,0.14605856772476958,686.1172485351562,606.5684814453125,True,25,0.8
542,19.32532063566693,0.7264764935761977,610.3305053710938,9.659235000610352,0.18282455834388053,197.91064453125,229.41416931152344,True,25,0.8
543,27.25445673784369,0.8940375179506,839.5637817382812,18.87800407409668,0.180582778784229,677.5274658203125,672.0289916992188,True,25,0.8
544,31.157528363311542,0.9216711406967958,292.78204345703125,14.818695068359375,0.17431778072256007,645.5166625976562,618.5101318359375,True,25,0.8
545,20.074018031295125,0.7587021667792239,1253.494384765625,14.902031898498535,0.23620295933501734,310.2025146484375,358.8045654296875,True,25,0.8
546,27.303686077784604,0.9307105466569663,24.066884994506836,3.420741558074951,0.25493346670632916,111.79840850830078,114.44403839111328,True,25,0.8
547,27.770289519513756,0.9418213515858656,721.6798095703125,10.311025619506836,0.21516652422024007,497.2129821777344,671.901611328125,True,25,0.8
548,30.423043092643965,0.9483202762509647,240.04701232910156,5.942526817321777,0.2708542523199788,371.3674621582031,520.7874145507812,True,25,0.8
549,24.555688662623886,0.8228720900719414,2058.124267578125,9.458284378051758,0.2581982811890732,484.5318298339844,772.5460815429688,True,25,0.8
550,31.328952380070646,0.93310959311923,194.53927612304688,12.23692512512207,0.13228467919028708,501.04864501953125,520.643310546875,True,25,0.8
551,32.12881409306497,0.9281934540500981,359.79486083984375,11.619488716125488,0.23161620239698294,713.25830078125,852.329345703125,True,25,0.8
552,26.524375982127463,0.9390304271819914,679.070556640625,3.7560994625091553,0.2580379835028289,452.47015380859375,552.3549194335938,True,25,0.8
553,31.681939037978005,0.9310109961251233,172.6788330078125,7.773928642272949,0.18830188580615917,449.5299987792969,561.3770141601562,True,25,0.8
554,30.62530787557953,0.9466977386059714,611.9911499023438,12.534531593322754,0.3309380845043403,636.322021484375,876.7769775390625,True,25,0.8
555,29.051269084366858,0.9189769914537146,202.86477661132812,13.273619651794434,0.21390078759867734,462.7861328125,404.0793762207031,True,25,0.8
556,27.409402279324013,0.9599825210477176,32.87821578979492,2.048982858657837,0.22622367590837628,117.32537078857422,134.88121032714844,True,25,0.8
557,28.43612370660623,0.9162154179239421,1.2400568723678589,0.5340668559074402,0.3124949792698516,23.767160415649414,29.75389289855957,True,25,0.8
558,34.294764010967626,0.9545803540477565,212.04547119140625,12.60140609741211,0.23522584572215174,798.3690185546875,755.3821411132812,True,25,0.8
559,31.82498542190094,0.9473602804052571,252.8921661376953,14.621337890625,0.20884016166008962,657.2734375,620.6892700195312,True,25,0.8
560,31.025744312246747,0.9661144932695463,391.3658752441406,7.216268062591553,0.25019673489039507,593.0249633789062,704.3756713867188,True,25,0.8
561,23.983460066954585,0.845495813240521,179.86585998535156,7.035494804382324,0.21859331538756363,177.00399780273438,213.75119018554688,True,25,0.8
562,25.262260795541746,0.8534420965859566,53.864131927490234,3.402104616165161,0.18529712703519172,125.17166900634766,137.235107421875,True,25,0.8
563,22.448003259482846,0.8107779006140573,1.3713217973709106,0.9098342061042786,0.15434348424151467,23.20907211303711,15.530120849609375,True,25,0.8
564,26.785979716855085,0.946809502289668,258.355224609375,5.046474456787109,0.18528321680847432,304.17657470703125,351.2369689941406,True,25,0.8
565,25.2566236141943,0.9219592701878218,1002.1904296875,7.861815929412842,0.2222063562378617,416.37554931640625,590.3277587890625,True,25,0.8
566,28.574851570116877,0.8991311060483841,150.2061004638672,5.1252546310424805,0.2347995799643063,274.2279968261719,392.851806640625,True,25,0.8
567,29.98102552730737,0.957961906551146,192.66575622558594,3.0647714138031006,0.23808890289541193,379.69427490234375,438.0374450683594,True,25,0.8
568,27.475539157926946,0.8585652870398065,1417.2938232421875,34.56636047363281,0.1806505100175304,930.6165161132812,904.2545166015625,True,25,0.8
569,25.976310237805308,0.9022543368778423,307.41485595703125,12.298521041870117,0.25943237314853124,370.8570556640625,348.9072265625,True,25,0.8
570,27.23273565198271,0.8758624074115611,489.33636474609375,20.17332649230957,0.18685163408691563,502.5057067871094,514.4755249023438,True,25,0.8
571,22.27793258089143,0.8493810334068438,3625.018310546875,37.95310592651367,0.1413110372178003,1061.379150390625,783.869384765625,True,25,0.8
572,32.62066524918976,0.9361712465406817,74.48358154296875,8.491921424865723,0.32281247107581695,338.6175231933594,397.146240234375,True,25,0.8
573,26.927009774662068,0.867622989518193,783.7830810546875,27.672080993652344,0.1769947395979051,738.4573364257812,622.464599609375,True,25,0.8
574,29.30515320396871,0.9499106059164208,857.5726318359375,27.2902889251709,0.17894491399406603,904.64892578125,862.5013427734375,True,25,0.8
575,25.592015638976445,0.8520793574136538,2487.23779296875,59.15258026123047,0.1806815214316196,1256.0416259765625,949.5711059570312,True,25,0.8
576,32.32874931731089,0.9622732991712135,12.785134315490723,2.11486554145813,0.2147237474048565,123.17704010009766,147.92640686035156,True,25,0.8
577,28.95438335542968,0.9338807730452072,1045.733154296875,14.787012100219727,0.2806397093135564,715.9776611328125,926.6610107421875,True,25,0.8
578,31.255741208627317,0.9343687276537573,180.70826721191406,15.478296279907227,0.1507078503434666,490.43450927734375,492.6241760253906,True,25,0.8
579,23.03923119576265,0.9244553917688313,330.7738037109375,6.563230514526367,0.26600615992964294,206.98684692382812,258.98614501953125,True,25,0.8
580,29.01060728622251,0.9661819934229856,265.0093688964844,3.6837427616119385,0.2680772194967215,401.0846862792969,459.6766052246094,True,25,0.8
581,29.799122537850977,0.9080589493665502,1005.7069091796875,34.2655029296875,0.18951956078017138,1140.85009765625,980.0525512695312,True,25,0.8
582,29.41601234534396,0.9344575548903984,275.150634765625,14.523262023925781,0.17745622619882023,527.36376953125,493.12548828125,True,25,0.8
583,36.45820526349603,0.9615499078381664,24.51226043701172,6.561448574066162,0.1486665794621706,328.4903259277344,329.4228515625,True,25,0.8
584,19.433094273505308,0.8377660993842917,4539.76171875,19.396059036254883,0.1354216419234763,827.1779174804688,633.7674560546875,True,25,0.8
585,28.351351527365345,0.9364466213297302,80.46854400634766,5.484489440917969,0.22218751397580577,223.13668823242188,240.9054718017578,True,25,0.8
586,25.031779853869192,0.8154245376787788,18.457042694091797,2.3569276332855225,0.17475575134900226,78.6847152709961,76.78746795654297,True,25,0.8
587,32.23490307122624,0.9476941012891761,10.051630973815918,3.3252785205841064,0.19955377429711618,142.17007446289062,129.75083923339844,True,25,0.8
588,27.8942203543646,0.9611485504359776,26.917606353759766,0.9105660319328308,0.17826236316520208,112.17738342285156,128.91778564453125,True,25,0.8
589,28.78536871338057,0.9448867736401573,29.43190574645996,3.348402500152588,0.12930766189483814,142.2574005126953,152.75079345703125,True,25,0.8
590,27.223172251627492,0.9036627738744739,35.77080154418945,1.6206730604171753,0.4513721513223162,98.51509094238281,139.68833923339844,True,25,0.8
591,31.11352991758698,0.9429748673357216,306.17681884765625,10.386598587036133,0.29401591892761336,457.3459167480469,641.23388671875,True,25,0.8
592,22.588714183120793,0.8248419580828318,174.37744140625,3.4536032676696777,0.2850427868225616,122.84879302978516,182.69821166992188,True,25,0.8
593,30.226041511208738,0.9598835234763822,113.70449829101562,10.694206237792969,0.24100732023973598,416.9014892578125,346.3216247558594,True,25,0.8
594,31.026825599298444,0.9090749392530066,629.2605590820312,33.94448471069336,0.17761192573460943,1091.498291015625,896.8916015625,True,25,0.8
595,29.28220990597233,0.9158423262291709,259.0753173828125,14.810239791870117,0.23965716771101872,553.0371704101562,474.4876708984375,True,25,0.8
596,24.61678984802286,0.8822082674770662,1525.09375,23.85154914855957,0.1708220058770712,700.96630859375,667.8901977539062,True,25,0.8
597,26.812251678456658,0.9318699609984186,62.34996795654297,1.1792902946472168,0.2653992087943988,137.9259796142578,173.14755249023438,True,25,0.8
598,30.008717206378336,0.9760477807222874,37.182579040527344,1.9798200130462646,0.2718221416571291,174.2115936279297,193.0967254638672,True,25,0.8
599,27.852415095120186,0.9490110510719942,2.8680009841918945,0.6226369142532349,0.2792401534223007,38.241878509521484,41.8277473449707,True,25,0.8
600,29.459604020487244,0.9575332192044755,32.547645568847656,3.584934949874878,0.20381634867737647,151.88604736328125,169.76612854003906,True,25,0.8
601,29.314667585305585,0.9461654368153667,91.34162139892578,5.843832969665527,0.2099890434386874,293.71246337890625,279.3117370605469,True,25,0.8
602,30.966915991516206,0.9312293086907614,21.69507598876953,2.4925196170806885,0.2001596698636684,163.68785095214844,177.83348083496094,True,25,0.8
603,30.083513184181335,0.9272614209552298,7.866888046264648,3.0943400859832764,0.2507830042675782,100.49699401855469,89.61383056640625,True,25,0.8
604,25.67054666449543,0.9115770407736117,38.81119918823242,3.619626522064209,0.2972477173250747,118.76461029052734,121.5152359008789,True,25,0.8
605,24.890845287524037,0.8253510564995038,685.9928588867188,18.17619514465332,0.18982145775248008,570.3351440429688,461.3179931640625,True,25,0.8
606,38.68299325287276,0.9830124762343672,5.798614025115967,3.4633679389953613,0.2279912818637475,200.9095001220703,207.12738037109375,True,25,0.8
607,24.294254327241415,0.9090440380346161,492.87481689453125,4.708925247192383,0.15745890251356395,295.3276062011719,364.90557861328125,True,25,0.8
608,30.413107821746713,0.9171045953753886,230.3788604736328,16.05115509033203,0.18461453463749292,634.2573852539062,503.9138488769531,True,25,0.8
609,24.89808573488741,0.8687784206218272,1542.318359375,38.27702713012695,0.17388389058210205,872.17578125,690.7044067382812,True,25,0.8
610,19.47392767957734,0.7982036798319508,18.29958724975586,0.2697964906692505,0.393286541957174,26.808622360229492,40.2728271484375,True,25,0.8
611,29.90953821822771,0.9446766185348371,642.7117919921875,16.239011764526367,0.1694963502109574,888.0961303710938,799.6109619140625,True,25,0.8
612,30.681270389013523,0.9673504341774312,335.3200988769531,13.009990692138672,0.20660067093407575,579.2086791992188,628.2724609375,True,25,0.8
613,22.19749069996416,0.776750365572994,40.9005126953125,3.941295623779297,0.11322770007001251,140.42115783691406,82.67727661132812,True,25,0.8
614,18.379504900613806,0.728638941379657,11020.171875,45.2644157409668,0.10259219864358457,1395.819091796875,873.7050170898438,True,25,0.8
615,30.58154890952015,0.9392723868628896,726.0026245117188,26.576160430908203,0.16875542299726076,1054.01904296875,920.9515380859375,True,25,0.8
616,23.501577630056577,0.9054640380833134,16.135513305664062,1.009917974472046,0.19637984223167945,43.919898986816406,62.01688003540039,True,25,0.8
617,23.481934949426552,0.8656816936961362,342.9193420410156,3.549295425415039,0.32404816568762995,182.93495178222656,277.60076904296875,True,25,0.8
618,20.441095788697893,0.8396519970943105,5708.85498046875,29.299049377441406,0.1551866756618834,563.4505004882812,806.3950805664062,True,25,0.8
619,32.67520524321442,0.9510804214606098,295.3187561035156,14.048850059509277,0.25455594386932806,723.8837280273438,748.5114135742188,True,25,0.8
620,22.60761919712244,0.8364468325473469,188.09686279296875,3.93373703956604,0.20754859967428207,159.97189331054688,185.3365020751953,True,25,0.8
621,24.439042542663536,0.8532018266938484,148.02285766601562,1.2323700189590454,0.3929265305335017,113.49915313720703,210.1399688720703,True,25,0.8
622,32.08981677965773,0.9746722869490445,85.09988403320312,5.556734561920166,0.26870273500321384,336.1961975097656,371.10162353515625,True,25,0.8
623,25.553467028314607,0.916690836568537,645.306884765625,10.105903625488281,0.19699962337058066,448.1665954589844,485.0384521484375,True,25,0.8
624,32.139045431008455,0.9868081635704228,232.66128540039062,16.533151626586914,0.20587761345531755,700.147216796875,618.6365356445312,True,25,0.8
625,26.761344608141332,0.9041176249260627,284.2214050292969,11.32691478729248,0.14816302719062213,476.5829772949219,369.54473876953125,True,25,0.8
626,33.82245291281016,0.9738412303359885,88.87118530273438,6.1762800216674805,0.16999272275821806,436.1725769042969,463.0721740722656,True,25,0.8
627,29.297406777201655,0.9591864354762376,655.975830078125,5.292181491851807,0.25413522006028055,644.60986328125,747.7234497070312,True,25,0.8
628,24.81909913384852,0.883444375062618,3.7391717433929443,1.3176219463348389,0.16618682211936536,44.11344528198242,37.64651870727539,True,25,0.8
629,30.6602072702375,0.9414692996848294,54.145687103271484,3.8259294033050537,0.23214168628591103,218.7540283203125,253.18450927734375,True,25,0.8
630,36.02023327342618,0.9518559939305848,127.04952239990234,16.955791473388672,0.1885335862754399,753.7596435546875,713.63623046875,True,25,0.8
631,28.699908743000698,0.9293715825825315,1062.3443603515625,18.20033836364746,0.21868226781116284,804.1130981445312,895.3116455078125,True,25,0.8
632,31.086265257257587,0.9577834791627831,201.17811584472656,8.955944061279297,0.20687374909108094,437.1973571777344,512.165771484375,True,25,0.8
633,25.696147018731857,0.9139946787988131,760.07763671875,2.154433488845825,0.22945227338459545,367.196044921875,532.5813598632812,True,25,0.8
634,26.197170950447127,0.9458641405568158,27.93292999267578,0.9594811201095581,0.22543920272633602,92.7637939453125,108.0648422241211,True,25,0.8
635,35.99656361044987,0.9836513263368508,50.4151496887207,4.657589435577393,0.2947644820900988,430.83526611328125,447.9649658203125,True,25,0.8
636,35.83572456317533,0.9761732357051474,74.09076690673828,6.314191818237305,0.18190384610810914,513.26171875,533.0846557617188,True,25,0.8
637,20.149281379375736,0.7604299107833427,539.7357177734375,9.133445739746094,0.14749847403810204,377.27947998046875,243.22802734375,True,25,0.8
638,34.52264661918284,0.9507123365598443,25.723220825195312,5.923663139343262,0.1702292977335715,273.2907409667969,269.9739990234375,True,25,0.8
639,26.587203270668635,0.9173202998657453,309.759033203125,9.38503360748291,0.20780262335796448,313.09112548828125,377.9068908691406,True,25,0.8
640,25.552344880603542,0.885366386766447,1.2135009765625,1.2613184452056885,0.12370831146361341,25.430187225341797,21.05112648010254,True,25,0.8
641,21.176135487015348,0.747767246835644,771.2822875976562,9.354083061218262,0.363952168822984,233.7602996826172,322.757080078125,True,25,0.8
642,25.616523303630846,0.8915479111324076,121.34526062011719,5.921209335327148,0.19862817350551895,244.5296630859375,212.23655700683594,True,25,0.8
643,27.110454313191923,0.916205714538432,206.60586547851562,6.493564605712891,0.2992451104310804,275.244140625,328.16986083984375,True,25,0.8
644,25.56790557209693,0.8976020329853883,36.51010513305664,1.2321195602416992,0.4260011903097592,65.15986633300781,120.64237213134766,True,25,0.8
645,34.38522078411109,0.961487352355961,288.8361511230469,16.58176040649414,0.16438023950457478,925.7849731445312,890.6367797851562,True,25,0.8
646,25.225802054668097,0.9328311381609755,1054.6396484375,15.803343772888184,0.12288328222466173,595.2406005859375,593.9988403320312,True,25,0.8
647,25.852122243123862,0.9165504500154555,1068.8519287109375,23.47410774230957,0.2000174975225783,638.5181274414062,679.4232177734375,True,25,0.8
648,27.957122979509286,0.8388813309859479,840.8128051757812,27.919944763183594,0.21798814297541072,742.1904907226562,789.382080078125,True,25,0.8
649,32.33510166274699,0.968717428199155,145.3484649658203,6.718355655670166,0.23519825294685442,501.4652404785156,498.9437561035156,True,25,0.8
650,26.594686241137953,0.9222307211120677,9.409994125366211,1.182974934577942,0.43601769635363286,41.07615661621094,87.83336639404297,True,25,0.8
651,20.189751979220954,0.8207157741726536,2760.266357421875,28.269241333007812,0.18588242687525056,665.7695922851562,537.5694580078125,True,25,0.8
652,32.29524928538162,0.957109211045399,193.52369689941406,10.575590133666992,0.28899192825340225,527.9268188476562,587.2542724609375,True,25,0.8
653,29.692036260676655,0.8839131478462066,583.7293701171875,12.766895294189453,0.20343477557303663,652.1423950195312,745.6940307617188,True,25,0.8
654,28.071770176388885,0.9084346081432868,290.10955810546875,4.928676128387451,0.22885949033616942,381.35009765625,432.2278747558594,True,25,0.8
655,31.317978363085697,0.9487614093042749,12.14931869506836,4.045348167419434,0.19577855444322997,142.02920532226562,128.45272827148438,True,25,0.8
656,27.695849724524393,0.8467669540995076,113.69965362548828,11.331364631652832,0.20868414582994352,291.46380615234375,284.49212646484375,True,25,0.8
657,24.678660813996096,0.8622768932633424,362.16455078125,5.381441593170166,0.2664162429028829,275.2373962402344,363.7192077636719,True,25,0.8
658,28.845615302758695,0.9360214784660668,370.4508056640625,5.870811462402344,0.4954458183318901,317.67437744140625,646.2713012695312,True,25,0.8
659,28.976664721234297,0.9346579006343015,381.4291687011719,14.206380844116211,0.177460419218222,547.586181640625,571.20751953125,True,25,0.8
660,24.345400232114866,0.7839612518841176,453.5954284667969,9.594347953796387,0.2045849819557372,273.73077392578125,356.7406311035156,True,25,0.8
661,27.400059059801897,0.9169092658749551,1692.2049560546875,24.241458892822266,0.2025117037978482,880.7461547851562,986.5287475585938,True,25,0.8
662,23.602714487324278,0.9072310257543821,1587.541748046875,9.936357498168945,0.22406614484630955,501.2064208984375,606.1690673828125,True,25,0.8
663,36.76025120207345,0.9749533214959075,11.89758586883545,4.626843452453613,0.1810319768287259,236.10903930664062,237.98956298828125,True,25,0.8
664,22.356569499558127,0.833303079208548,61.07381057739258,5.025201320648193,0.17180098938852326,127.3600845336914,102.6806869506836,True,25,0.8
665,26.75613449156305,0.9238497859445641,49.82317352294922,3.449091911315918,0.19151659309615976,177.90736389160156,153.70628356933594,True,25,0.8
666,24.62413260668541,0.7726016485745469,206.5863494873047,18.479467391967773,0.12434767196107496,367.25482177734375,246.71177673339844,True,25,0.8
667,27.67434152795991,0.9559202870609713,44.53104782104492,2.64106822013855,0.12683892873747218,160.78565979003906,161.52069091796875,True,25,0.8
668,21.238809661175505,0.8301741190417358,260.4095458984375,5.819693565368652,0.12627561556438757,199.50360107421875,187.38046264648438,True,25,0.8
669,19.913292392755586,0.8179415478539279,832.0985717773438,13.598114013671875,0.17160340799057497,359.22906494140625,285.81005859375,True,25,0.8
670,31.070616544332257,0.9367046924721223,22.03679847717285,3.1046581268310547,0.2950864239304177,150.8003692626953,174.20022583007812,True,25,0.8
671,23.33127554296194,0.9175566491835258,3723.666259765625,5.5453948974609375,0.2856597952993141,620.3798828125,896.86865234375,True,25,0.8
672,27.49214088359802,0.9453757681313929,11.725606918334961,0.42044922709465027,0.24965132083075953,60.80413055419922,81.15351104736328,True,25,0.8
673,30.400908032699334,0.936870430007008,251.0546417236328,12.413568496704102,0.19340212049476815,612.5521240234375,524.9868774414062,True,25,0.8
674,32.1400419310708,0.9153270097612812,101.37321472167969,4.00698709487915,0.27375755570601895,235.0729522705078,410.9864196777344,True,25,0.8
675,34.020266001219866,0.9586887564836887,361.1041259765625,16.26359748840332,0.20487171299065413,876.1453857421875,982.396240234375,True,25,0.8
676,28.96292359360045,0.9464194510820234,14.303443908691406,1.6530966758728027,0.15281521449562097,79.41472625732422,112.92686462402344,True,25,0.8
677,21.955260689044454,0.8356579009311849,1010.2579345703125,21.382686614990234,0.15679089240662697,470.0010681152344,398.4577331542969,True,25,0.8
678,26.915115703336333,0.9352879703767651,1898.13232421875,18.83653450012207,0.2771961393470435,800.6458129882812,969.5009765625,True,25,0.8
679,35.356310873621844,0.9840169436422295,217.35049438476562,12.688129425048828,0.27258951131504505,793.4215087890625,865.6416015625,True,25,0.8
680,29.101814724896336,0.9407253392171442,820.8264770507812,12.929913520812988,0.20364371426567443,708.3397216796875,817.2550048828125,True,25,0.8
681,20.088537500987194,0.8122565893698301,650.5034790039062,11.004743576049805,0.16242077185021683,297.47918701171875,258.6449279785156,True,25,0.8
682,24.535974015411636,0.9041398969046163,98.94161987304688,4.71737813949585,0.15304191990831542,153.59213256835938,171.71670532226562,True,25,0.8
683,33.314894205241025,0.9690243261332852,208.39059448242188,5.160152435302734,0.1708846583213231,589.5458374023438,668.9745483398438,True,25,0.8
684,25.561396123813587,0.8414898303551724,2113.731201171875,28.46338653564453,0.18224408940852918,1205.3443603515625,929.4465942382812,True,25,0.8
685,31.424707742121264,0.9427751939516934,223.50906372070312,14.355279922485352,0.2196807077183263,594.9743041992188,557.2061157226562,True,25,0.8
686,26.5701746985018,0.9523408660940034,717.7896118164062,11.279479026794434,0.13222697190916072,524.2587280273438,572.0410766601562,True,25,0.8
687,26.75756112603898,0.9242476894855653,166.21669006347656,10.219096183776855,0.18850211692188942,384.9292297363281,280.6991271972656,True,25,0.8
688,33.5424503001916,0.9473043229234847,261.9295349121094,17.30324935913086,0.18553769279095672,799.366943359375,769.7234497070312,True,25,0.8
689,33.27712465184041,0.971709609554525,16.589574813842773,3.366420269012451,0.12047870867584959,183.78172302246094,187.85670471191406,True,25,0.8
690,29.757207235793295,0.9604514496875745,111.1167984008789,2.6260812282562256,0.22536810487204126,272.6420593261719,324.3555603027344,True,25,0.8
691,31.91200967257459,0.9547622718985728,115.97093963623047,13.651496887207031,0.12459817001458547,562.6685791015625,426.0110168457031,True,25,0.8
692,31.747896188855947,0.9393447944731043,171.8942108154297,7.394183158874512,0.22985146239335896,468.0005798339844,508.102783203125,True,25,0.8
693,25.859536672717987,0.9166604465121639,152.545654296875,8.038683891296387,0.2023720722565776,249.89108276367188,243.16732788085938,True,25,0.8
694,26.88072624325452,0.9388073687321508,27.425891876220703,0.7312632203102112,0.2450038016040496,82.23224639892578,115.72198486328125,True,25,0.8
695,20.917928834208933,0.8148189652560979,2966.6142578125,17.659671783447266,0.1719115592529693,465.2518005371094,611.0093994140625,True,25,0.8
696,25.17302968614807,0.8697769638925591,248.63803100585938,8.70038890838623,0.29418551461302334,271.66302490234375,289.3419189453125,True,25,0.8
697,21.230511175557215,0.774195939037071,2443.657470703125,15.031221389770508,0.29538759215305876,407.229736328125,581.656982421875,True,25,0.8
698,24.674539404441024,0.9250647381579521,79.9465560913086,3.3099136352539062,0.20793169644576087,128.39703369140625,155.20835876464844,True,25,0.8
699,24.645179020124335,0.8716612773990148,790.028564453125,19.91277313232422,0.23377248640684012,478.2501525878906,481.6589660644531,True,25,0.8
700,33.867745164189756,0.9747699277381286,115.57718658447266,4.4229536056518555,0.22117319727556164,484.6227111816406,533.0568237304688,True,25,0.8
701,29.09008749544479,0.9195242402906002,3.075546979904175,1.0789155960083008,0.2529581021347004,44.081573486328125,52.77171325683594,True,25,0.8
702,23.712880052807574,0.8332376588681827,480.5540771484375,15.006025314331055,0.10334128426139197,519.5059204101562,337.2676696777344,True,25,0.8
703,26.68834500717063,0.8657821190841539,38.73359298706055,3.583784341812134,0.18595819858757898,138.7725372314453,135.28025817871094,True,25,0.8
704,23.708111252383542,0.8978838533926198,17.10791778564453,2.1896326541900635,0.11632897893942087,107.90043640136719,64.31159210205078,True,25,0.8
705,33.55232641907712,0.9676977210707954,430.8926696777344,10.954771995544434,0.2583353452351228,887.1057739257812,989.9702758789062,True,25,0.8
706,29.277670945691998,0.8465526949218306,110.90593719482422,12.282532691955566,0.2308801605203037,336.5672607421875,323.031494140625,True,25,0.8
707,18.01592582915387,0.7264709818282408,10341.357421875,36.025325775146484,0.16074834303379942,889.6967163085938,810.0645751953125,True,25,0.8
708,29.289714449103577,0.9432801173575092,63.697330474853516,5.031804084777832,0.22680068852882168,213.52102661132812,255.38601684570312,True,25,0.8
709,28.18954620869761,0.8598748230124498,704.8321533203125,26.239160537719727,0.17728795677597944,737.32421875,681.8212280273438,True,25,0.8
710,25.206110386053815,0.8996971487245446,1720.635009765625,24.847610473632812,0.16852499068893828,729.9129638671875,760.4676513671875,True,25,0.8
711,20.54005273700062,0.7514825564970371,3068.851318359375,27.53093147277832,0.12237686463406662,871.1777954101562,596.0430908203125,True,25,0.8
712,33.217472840631714,0.9386547450725877,106.15815734863281,14.353509902954102,0.2221959016505052,506.52178955078125,472.1046142578125,True,25,0.8
713,28.00006660549959,0.880262391809451,240.91537475585938,2.693662643432617,0.5124076452483759,161.8261260986328,412.4290771484375,True,25,0.8
714,29.509755651508478,0.9099229816135915,136.73458862304688,11.37801742553711,0.22267023700303137,392.6737976074219,349.5194091796875,True,25,0.8
715,24.690942555266837,0.8775561521227699,2933.41162109375,53.629024505615234,0.13941766547733767,1316.160888671875,929.599609375,True,25,0.8
716,32.273395229750136,0.9511667383359927,407.43402099609375,24.99135398864746,0.18695648589026845,903.1017456054688,830.788818359375,True,25,0.8
717,26.229507575101305,0.9258984685889892,2218.775390625,27.931514739990234,0.1975166095929718,1074.186279296875,965.0618896484375,True,25,0.8
718,26.467920600272834,0.9276630329689005,35.28351593017578,7.2500433921813965,0.09921509510718932,272.2356872558594,125.17292785644531,True,25,0.8
719,35.396512902524265,0.9659709001134916,154.0257110595703,13.414323806762695,0.14585412002698844,716.814697265625,731.1365966796875,True,25,0.8
720,19.910042830573943,0.8245876586423373,8949.5068359375,27.043611526489258,0.24632447520797943,804.2911376953125,938.402099609375,True,25,0.8
721,25.944174116837992,0.9199830221244825,83.83464813232422,3.1318199634552,0.2591371648131338,135.4003143310547,182.0518341064453,True,25,0.8
722,23.857439587211683,0.8655433634035687,18.36946678161621,1.8780430555343628,0.20708169935540247,72.04988098144531,67.42977142333984,True,25,0.8
723,30.377539906963236,0.8906543028336191,396.1162109375,9.91671085357666,0.3295179302299836,381.2461242675781,741.3795166015625,True,25,0.8
724,28.63065880793307,0.8845183078175116,427.37939453125,16.879079818725586,0.25558498912585936,486.5377502441406,574.8986206054688,True,25,0.8
725,28.496483486699056,0.8466665766992912,595.9476318359375,27.530000686645508,0.18617609741567495,748.323486328125,841.9869384765625,True,25,0.8
726,24.520170778664244,0.8968874845653833,69.67805480957031,3.8796322345733643,0.19280029065301707,149.18966674804688,140.63259887695312,True,25,0.8
727,29.643259261544816,0.9385110002445486,686.4566040039062,18.581758499145508,0.15260355590194707,848.4360961914062,795.4720458984375,True,25,0.8
728,24.937938931153553,0.9100240194560697,131.24685668945312,6.21804141998291,0.22566716985769292,202.6455078125,202.42568969726562,True,25,0.8
729,25.800636615742114,0.9479598656848292,70.2191390991211,6.505684852600098,0.13997402719386165,225.4849090576172,164.49229431152344,True,25,0.8
730,21.069096485516177,0.8148947058227699,204.81390380859375,6.561514377593994,0.16602071465122265,186.93601989746094,165.10153198242188,True,25,0.8
731,35.11675059496427,0.9599420765051532,204.21456909179688,13.039502143859863,0.135197570958779,880.7608032226562,814.7601318359375,True,25,0.8
732,27.736002366524563,0.9544257331405016,744.7122802734375,9.73973560333252,0.16385763708454723,544.6354370117188,665.5320434570312,True,25,0.8
733,24.108057946616732,0.8795448510712484,1054.554443359375,24.06200408935547,0.12335013140892175,804.2484741210938,523.5423583984375,True,25,0.8
734,28.27099442632663,0.9515498861885784,192.29901123046875,4.196861267089844,0.186760077767823,328.9413757324219,359.4716491699219,True,25,0.8
735,25.644714923128944,0.8895312664632458,2064.118408203125,29.252241134643555,0.2548925354898393,684.58056640625,877.3233642578125,True,25,0.8
736,25.096026981741556,0.9084569120426903,472.5673522949219,18.06472396850586,0.15833615079682556,464.2234191894531,393.05267333984375,True,25,0.8
737,26.485499968796656,0.9071074738282561,1470.215576171875,30.677013397216797,0.14781187124952475,1108.33935546875,816.7828369140625,True,25,0.8
738,24.482208176420414,0.8968390549376407,686.72607421875,14.610091209411621,0.20671111162951533,384.60626220703125,439.6957702636719,True,25,0.8
739,19.91866208877337,0.6224896562136012,1448.121337890625,21.1041316986084,0.1988254464557053,441.84814453125,377.5674743652344,True,25,0.8
740,23.707517013608893,0.8374310399427763,913.4152221679688,15.46869945526123,0.22093661327617117,546.3771362304688,463.21710205078125,True,25,0.8
741,25.995998606234927,0.8715483532301597,229.20123291015625,13.647414207458496,0.2167701508151898,339.66204833984375,302.0765075683594,True,25,0.8
742,24.636516809028773,0.8536734120435897,1920.3392333984375,36.3890380859375,0.23309636408124082,939.4151611328125,747.8617553710938,True,25,0.8
743,21.503930144082485,0.8718261116497138,1788.747314453125,20.548851013183594,0.1644535105227537,580.9525146484375,503.2176818847656,True,25,0.8
744,27.233375197184312,0.9233997402572379,96.7704086303711,6.29073429107666,0.1281210651525185,244.77781677246094,232.98048400878906,True,25,0.8
745,25.272975263673885,0.8631934816510259,2302.195068359375,7.7708516120910645,0.4579094469284862,423.3498840332031,899.6749877929688,True,25,0.8
746,26.37589323765882,0.9374146489166992,339.9502258300781,4.810421466827393,0.2206575185952707,303.48095703125,384.50732421875,True,25,0.8
747,35.73062821764408,0.9592778763903922,78.99481964111328,12.497039794921875,0.2916385929928334,544.8854370117188,544.0093383789062,True,25,0.8
748,28.340448319961297,0.9374990028197521,1117.838623046875,14.31137752532959,0.21368771947457854,693.4862670898438,906.5656127929688,True,25,0.8
749,20.70008500568095,0.7120115950314849,3262.629150390625,9.908061981201172,0.2382422975351556,482.6217041015625,624.61376953125,True,25,0.8
750,27.07124406690052,0.879687517184208,23.971332550048828,4.477839469909668,0.09550499193612343,173.9346923828125,117.78114318847656,True,25,0.8
751,20.919026054795662,0.8466054084065627,7134.3486328125,55.24433135986328,0.08180082958727142,1607.862548828125,939.8922729492188,True,25,0.8
752,29.699761185306727,0.9535070585223421,416.9993896484375,28.649490356445312,0.11902070662971567,856.2200317382812,628.080322265625,True,25,0.8
753,26.895680779493656,0.8922030266361856,228.7960662841797,4.191145896911621,0.2250500813668573,242.08346557617188,335.5707092285156,True,25,0.8
754,25.638575985285662,0.9123373125267472,53.38966369628906,1.9196264743804932,0.229262389823512,109.08311462402344,140.13279724121094,True,25,0.8
755,33.34531713623146,0.9247639600429741,291.8186340332031,23.474714279174805,0.25041911582593307,807.0724487304688,794.2311401367188,True,25,0.8
756,26.595314184255983,0.9152419727287948,842.2743530273438,17.50843048095703,0.11877410244658618,741.2423095703125,620.4526977539062,True,25,0.8
757,27.75678014372965,0.8962126295360995,461.623046875,18.855714797973633,0.07793751151594752,904.3218994140625,533.9276123046875,True,25,0.8
758,25.918600188430805,0.9039698118272826,2041.079833984375,33.19133377075195,0.1411849502252095,1156.1229248046875,893.9987182617188,True,25,0.8
759,25.040399136453672,0.8257931566768844,1833.939453125,31.140789031982422,0.22158207711141462,765.6348266601562,788.80859375,True,25,0.8
760,27.296575989030988,0.9321083238634778,43.295249938964844,2.8741683959960938,0.2549398119833242,134.82379150390625,152.52320861816406,True,25,0.8
761,30.66855138420843,0.9383900241793678,77.87931060791016,6.424217224121094,0.22537359463084483,225.09487915039062,312.41033935546875,True,25,0.8
762,24.487893804572664,0.8892383919712838,218.8170166015625,8.343279838562012,0.22160196267501808,239.09031677246094,249.2406463623047,True,25,0.8
763,20.920349557027468,0.8454738776461425,4464.11865234375,21.90582847595215,0.2543234630108568,748.4652709960938,744.2023315429688,True,25,0.8
764,34.98538592508369,0.9486805863055652,0.37742915749549866,1.0905303955078125,0.23821847985121464,36.42573928833008,34.4989013671875,True,25,0.8
765,32.42908271677924,0.9190967723273579,181.2758331298828,15.752090454101562,0.1947576634328034,584.28125,570.31982421875,True,25,0.8
766,25.85969744653775,0.8876465494015893,1446.4345703125,17.202611923217773,0.24534217426010133,593.1986083984375,762.6962280273438,True,25,0.8
767,25.7937584542167,0.9170446840717512,1942.1802978515625,9.406692504882812,0.2503974040185358,608.0800170898438,876.8888549804688,True,25,0.8
768,32.13241466773484,0.9646420105522877,71.6786117553711,8.222929954528809,0.2180505514092939,351.9064636230469,342.7396545410156,True,25,0.8
769,27.51587640147409,0.845175205708577,1012.7642822265625,4.466341972351074,0.38588714124817025,423.8880615234375,821.43603515625,True,25,0.8
770,21.17589190807125,0.7726408436620529,93.26622772216797,2.644444227218628,0.2691131195305506,89.65789794921875,111.52110290527344,True,25,0.8
771,36.404764176506575,0.9852775983181777,163.87156677246094,8.33159065246582,0.186309112242295,763.74169921875,846.6058349609375,True,25,0.8
772,25.830426328306324,0.8661972041231253,43.02847671508789,8.060551643371582,0.13738165211222866,211.7476806640625,128.36117553710938,True,25,0.8
773,31.953670599953302,0.941117872071709,99.68971252441406,13.856815338134766,0.1909605312201763,432.8735656738281,397.8900146484375,True,25,0.8
774,29.32839586430552,0.914691628048233,740.6135864257812,29.60372543334961,0.19175775269590598,912.8255004882812,797.498046875,True,25,0.8
775,30.9272318222594,0.911230408245365,14.07177448272705,1.717805027961731,0.31866732806553383,92.41265106201172,150.76751708984375,True,25,0.8
776,28.69587837759387,0.9577929055389359,71.32736206054688,3.475602626800537,0.20682450981677886,195.4698486328125,230.0221405029297,True,25,0.8
777,27.97109940076366,0.8766380137503454,831.0979614257812,52.264015197753906,0.18371503336143627,1112.56298828125,722.5303344726562,True,25,0.8
778,26.700067791883964,0.9409122070138053,1108.2579345703125,14.499062538146973,0.30879579923820727,739.03076171875,720.3165283203125,True,25,0.8
779,36.43999136252359,0.9693128941167373,93.26087188720703,9.116874694824219,0.28196041963721447,640.887939453125,641.5064697265625,True,25,0.8
780,30.13214101203594,0.9374480915512463,457.9593811035156,8.783773422241211,0.21670550472201672,493.8924865722656,694.2545166015625,True,25,0.8
781,30.714471358300482,0.9630704435632325,250.2783966064453,11.912308692932129,0.2358243959309159,533.00634765625,543.1817016601562,True,25,0.8
782,23.1849486341046,0.8807845979261475,303.522705078125,4.376641750335693,0.3396476031930451,163.66671752929688,252.54725646972656,True,25,0.8
783,29.040769874132128,0.9325703601242342,144.93209838867188,8.05864429473877,0.24555436687762552,333.98431396484375,346.3503112792969,True,25,0.8
784,32.09645916754324,0.9708471301908463,20.518922805786133,2.430328130722046,0.20910058856611605,170.49554443359375,182.41612243652344,True,25,0.8
785,30.292379801065877,0.929956464713941,705.1290283203125,25.753211975097656,0.1212593429907564,914.8994750976562,908.5421142578125,True,25,0.8
786,34.346528478707214,0.970857734681406,124.89633178710938,13.425342559814453,0.23575196935819973,648.6556396484375,583.8084106445312,True,25,0.8
787,24.713544650957378,0.8080526801232324,530.1575927734375,21.83988380432129,0.13396987232693258,628.283203125,401.4505615234375,True,25,0.8
788,34.29404920067334,0.9812240338700721,77.66059112548828,6.991649627685547,0.19252251627106465,457.3820495605469,462.5437927246094,True,25,0.8
789,37.510122619241095,0.9637365434760895,159.0838165283203,16.747859954833984,0.23194050750116912,904.3308715820312,947.3360595703125,True,25,0.8
790,25.973270576267986,0.9047521540993139,53.80182647705078,5.019225597381592,0.22877825344513006,157.6168975830078,154.19805908203125,True,25,0.8
791,30.61087632912323,0.9300156112133657,298.8567199707031,13.05116081237793,0.1935359616367859,606.1893310546875,586.6436157226562,True,25,0.8
792,29.049380542081515,0.9604168054719827,318.1586608886719,12.055357933044434,0.2529633302136401,463.7758483886719,506.3827819824219,True,25,0.8
793,21.688904571392918,0.8840951180315367,2521.50390625,25.38318634033203,0.20702796959245023,779.8516845703125,611.8427734375,True,25,0.8
794,22.687184829523893,0.88292814372636,1.9530742168426514,0.1755976527929306,0.1489976571608269,13.4618558883667,19.092073440551758,True,25,0.8
795,26.662990818010336,0.9043377580945798,1640.2490234375,33.38462829589844,0.14008298596084065,1026.7041015625,872.2517700195312,True,25,0.8
796,26.938830943558266,0.8484660596476236,1556.4168701171875,31.35164451599121,0.22291294475112713,1029.84814453125,932.1861572265625,True,25,0.8
797,34.74522628794203,0.9409494815957496,106.89167785644531,16.089717864990234,0.16507456215432006,555.4971923828125,565.5680541992188,True,25,0.8
798,28.81888172684137,0.945525895100629,635.7388305664062,7.559088706970215,0.1910220435431364,598.0650024414062,696.9541625976562,True,25,0.8
799,29.88940034807917,0.8747213037571148,635.8418579101562,21.411270141601562,0.16907547937501574,913.7066040039062,922.576904296875,True,25,0.8
800,24.514616341674778,0.8367935653515948,1645.5223388671875,42.97740173339844,0.12685328038082466,1027.478271484375,707.5313720703125,True,25,0.8
801,31.002824521225698,0.9738896651533735,18.65146255493164,1.4733595848083496,0.3141121117586119,130.05630493164062,153.38650512695312,True,25,0.8
802,26.592380215543226,0.8915964227752249,717.5602416992188,8.800713539123535,0.2976300970720252,463.145751953125,576.7120971679688,True,25,0.8
803,29.53159841273134,0.9565416019183072,410.13079833984375,11.255607604980469,0.19376560259586662,590.2750854492188,607.1083374023438,True,25,0.8
804,31.50884721484954,0.9783707556340716,126.01984405517578,13.432109832763672,0.17026247171180298,562.4373779296875,424.70654296875,True,25,0.8
805,38.93002211914794,0.9611097555088554,69.36341094970703,29.26118278503418,0.1631923420072757,769.4135131835938,736.707763671875,True,25,0.8
806,37.19596177711843,0.9779335823221472,166.36965942382812,8.868790626525879,0.2094585160445709,938.966064453125,934.4326782226562,True,25,0.8
807,29.508368268190726,0.9368576308783486,954.4812622070312,27.7270450592041,0.22976201430836518,977.0238647460938,925.6429443359375,True,25,0.8
808,34.68794441970806,0.9672414181202311,69.1675033569336,7.163252830505371,0.2942701728094514,425.5644836425781,451.3885192871094,True,25,0.8
809,22.180545361078114,0.79566337094487,77.15682220458984,8.057872772216797,0.16012747757643062,173.51217651367188,114.12480926513672,True,25,0.8
810,21.10342392477048,0.8513085554241923,7502.66357421875,32.230350494384766,0.20301932189889904,931.5096435546875,984.8563842773438,True,25,0.8
811,34.50944623881142,0.9572876020266422,249.102294921875,15.331657409667969,0.22281205496972756,800.5604858398438,839.0592041015625,True,25,0.8
812,27.6541247739016,0.9347964257839971,27.02637481689453,2.8068580627441406,0.14933641172422377,142.47824096679688,125.53801727294922,True,25,0.8
813,25.6049155786123,0.8263219935702187,2289.27392578125,43.03450012207031,0.1557527051393851,1012.635009765625,920.9210205078125,True,25,0.8
814,26.56032471477272,0.907053583950358,1580.71044921875,16.244522094726562,0.2740457798467566,678.0311279296875,870.0264892578125,True,25,0.8
815,31.459045169908826,0.9686029977381414,192.64051818847656,7.455416679382324,0.21565355883356718,474.81964111328125,519.3192138671875,True,25,0.8
816,19.925585180279196,0.8547054958336106,3522.16748046875,14.129944801330566,0.17984419039226043,539.385498046875,591.6841430664062,True,25,0.8
817,26.96364215252251,0.8916423707639163,321.1640319824219,14.33869457244873,0.138974133228945,474.8488464355469,399.60369873046875,True,25,0.8
818,27.39695748674916,0.934666578714631,5.649417400360107,0.9109883904457092,0.20827737701420831,52.21466064453125,55.706878662109375,True,25,0.8
819,24.19849674061782,0.9081871276846304,428.7332763671875,1.362594485282898,0.2449865052423666,246.9774627685547,335.8620300292969,True,25,0.8
820,30.399289100345094,0.9469908894000285,587.4629516601562,22.474977493286133,0.223274434799802,817.4113159179688,803.0505981445312,True,25,0.8
821,26.795327242189067,0.8802920905871378,0.057859066873788834,0.11467742919921875,0.23084300415610964,4.756543159484863,5.6273908615112305,True,25,0.8
822,31.50844209326435,0.9716614221210205,77.86177062988281,8.88052749633789,0.19115727686545583,348.672607421875,334.1656799316406,True,25,0.8
823,17.9747555456273,0.8004008778104807,2532.186767578125,17.16724967956543,0.18446496058002668,566.8516235351562,398.7705383300781,True,25,0.8
824,33.464930376695754,0.970244356899131,130.207763671875,9.511324882507324,0.1509013040778705,570.934814453125,537.8582153320312,True,25,0.8
825,23.56195301857447,0.8574029542415637,3701.462646484375,19.303207397460938,0.2528833254182597,763.414306640625,919.935791015625,True,25,0.8
826,29.54562376278546,0.9138707662130042,133.17576599121094,13.246881484985352,0.19978340407305778,371.642333984375,346.9996337890625,True,25,0.8
827,28.890399203735058,0.9133234185131096,153.6946258544922,11.847350120544434,0.07356656418124835,747.7721557617188,347.60626220703125,True,25,0.8
828,27.955029936978057,0.9491678766806065,855.150634765625,20.914295196533203,0.1957411530360052,889.0199584960938,737.7637329101562,True,25,0.8
829,26.215277211689482,0.8942535997486613,400.3514709472656,12.360552787780762,0.17191954129408737,503.65130615234375,452.7657165527344,True,25,0.8
830,26.02628635405909,0.8768308374231106,126.62638092041016,8.686963081359863,0.13074034643050747,247.4771728515625,225.38021850585938,True,25,0.8
831,19.657717449605688,0.7290197363827293,2216.97119140625,30.849239349365234,0.13484198968511799,673.281982421875,452.9870910644531,True,25,0.8
832,23.277347870544325,0.9106362714842817,94.15621185302734,3.716865301132202,0.16010648179179054,150.4781036376953,141.71615600585938,True,25,0.8
833,25.61249416499619,0.8160466734832681,76.19398498535156,7.525712966918945,0.2058065694341074,245.89810180664062,177.21060180664062,True,25,0.8
834,27.377842856450524,0.8661181155252928,448.61016845703125,19.384342193603516,0.2039206035977654,534.6845092773438,498.8694152832031,True,25,0.8
835,32.56073921532519,0.9719528753475755,96.521484375,5.402133464813232,0.29819062803824203,341.6380615234375,419.50653076171875,True,25,0.8
836,27.329842811166035,0.8695471503025054,1512.423583984375,20.332002639770508,0.1843570340511377,844.47607421875,914.9310302734375,True,25,0.8
837,23.084614303049513,0.8586486038058229,639.3175048828125,6.835905075073242,0.21748584864507858,320.7651062011719,363.031494140625,True,25,0.8
838,25.916253518014397,0.8905102336950796,862.7281494140625,32.05400085449219,0.09305795679667338,1097.8531494140625,581.0077514648438,True,25,0.8
839,27.14522588172402,0.8753364862766866,697.1886596679688,15.196399688720703,0.25512691765235024,527.61376953125,632.6320190429688,True,25,0.8
840,38.052431116684865,0.9767307038462198,0.030982475727796555,0.2054583877325058,0.16122657242485824,13.839885711669922,14.081361770629883,True,25,0.8
841,23.980505873026505,0.9063316753635835,1743.493896484375,14.895325660705566,0.2476523694816361,542.3052368164062,663.8738403320312,True,25,0.8
842,24.30804415056305,0.8844708468363994,116.70706176757812,7.516811847686768,0.14504878888184958,234.00994873046875,178.85792541503906,True,25,0.8
843,29.330510738340436,0.934591755197913,1077.1092529296875,24.316274642944336,0.17561509042841286,1054.5572509765625,961.1092529296875,True,25,0.8
844,28.149690174649233,0.8851009767783192,34.130123138427734,3.1845405101776123,0.18760374771650754,151.8282928466797,149.51406860351562,True,25,0.8
845,30.017046753588513,0.9417802205980131,171.52891540527344,6.21011209487915,0.2694538475968874,344.3886413574219,415.2095031738281,True,25,0.8
846,32.244116207826735,0.9373486981495553,4.435088157653809,3.101830005645752,0.15893401685274405,92.68046569824219,86.26432037353516,True,25,0.8
847,24.62797407531292,0.8813077696471928,3296.45654296875,15.331761360168457,0.4388980109206628,579.3628540039062,996.8773803710938,True,25,0.8
848,30.967151497403414,0.9612064968229448,201.97264099121094,8.264467239379883,0.1548198279298006,413.92620849609375,502.69281005859375,True,25,0.8
849,20.577409861012605,0.8233903056140115,3044.81201171875,15.322832107543945,0.2179211276391352,694.3173828125,595.7896118164062,True,25,0.8
850,23.751483591859586,0.8714121991859305,18.9174747467041,1.8586208820343018,0.15849955040255348,76.871337890625,68.0093994140625,True,25,0.8
851,32.33801975771799,0.9521124224621568,327.98541259765625,18.6688175201416,0.24920437580666868,760.5573120117188,750.2105102539062,True,25,0.8
852,20.481836222209047,0.7765291917700776,178.63165283203125,10.3371000289917,0.07924840247166293,342.2731628417969,210.69569396972656,True,25,0.8
853,27.49501179365936,0.8906096331903738,1410.16943359375,29.428083419799805,0.1669500369110714,873.748046875,898.15625,True,25,0.8
854,29.102410491998963,0.9602294983601791,52.05112075805664,1.4334465265274048,0.26755003403473626,179.66819763183594,205.9344940185547,True,25,0.8
855,22.980933866765017,0.9244130405110103,183.88453674316406,8.640167236328125,0.16255429874655883,239.27415466308594,191.49703979492188,True,25,0.8
856,32.303058929817986,0.9365129045665387,0.8261849284172058,1.0609486103057861,0.15607323393998515,44.00193405151367,37.513118743896484,True,25,0.8
857,23.214524279748744,0.8639364016237039,1057.6783447265625,12.166552543640137,0.27953918429642277,425.1805419921875,472.5948791503906,True,25,0.8
858,37.09076191345263,0.9666285141687398,62.35467529296875,9.936565399169922,0.22772314546278416,589.43408203125,565.2763061523438,True,25,0.8
859,22.952562580945248,0.9114004506713205,22.437116622924805,0.8295611143112183,0.2501596233865438,52.3010139465332,66.64292907714844,True,25,0.8
860,20.523175195188173,0.8627492241252414,5324.18017578125,11.779984474182129,0.21870470926186011,710.5800170898438,775.7520751953125,True,25,0.8
861,25.281738434299154,0.9305799398753866,572.2106323242188,11.798429489135742,0.2614079545583753,383.8092956542969,453.8355407714844,True,25,0.8
862,32.07149494058469,0.9614009454815626,165.42958068847656,7.152965545654297,0.29990226345573007,328.47991943359375,524.8659057617188,True,25,0.8
863,26.84445291577783,0.9112372265434733,395.6588439941406,17.78504180908203,0.17904221807552276,472.7570495605469,441.3219909667969,True,25,0.8
864,28.12664794581288,0.9118502726480442,242.36036682128906,7.451169013977051,0.1967229004258698,338.232421875,401.3623046875,True,25,0.8
865,28.618056443364996,0.9033522709465986,430.8562316894531,21.724184036254883,0.20430317186420266,649.4537963867188,560.0806884765625,True,25,0.8
866,27.575127179510947,0.9325287118169668,42.561363220214844,2.856827735900879,0.1810755177719796,143.68881225585938,156.0850067138672,True,25,0.8
867,33.24321331922879,0.9791728302882552,15.806575775146484,2.816424608230591,0.23169958329881024,168.69207763671875,182.74620056152344,True,25,0.8
868,20.13219949004653,0.7738447691771895,7037.0166015625,23.843236923217773,0.1740754905195129,819.0361938476562,861.923828125,True,25,0.8
869,28.804795061365375,0.9101714277553484,1177.1240234375,33.94696044921875,0.16344641167277296,1123.022705078125,946.1693725585938,True,25,0.8
870,33.581114670051846,0.9630463613337531,61.280338287353516,6.542601108551025,0.2073396887101749,357.56829833984375,373.9360046386719,True,25,0.8
871,23.924911951006823,0.8349889344471493,297.0693664550781,15.642464637756348,0.09822040723961106,544.5538940429688,271.47393798828125,True,25,0.8
872,17.03914894133095,0.735264413726494,8190.7978515625,28.837337493896484,0.16683593563331867,767.6166381835938,644.3555297851562,True,25,0.8
873,30.919835173228055,0.9609668056170145,135.19468688964844,10.481304168701172,0.22232687498252518,410.397705078125,409.325439453125,True,25,0.8
874,26.963992475130787,0.8395152404464113,1.2960760593414307,0.5481352806091309,0.18684490733571696,29.746244430541992,26.36096954345703,True,25,0.8
875,21.946936190795554,0.8417249749903831,156.95375061035156,4.6275715827941895,0.19604108818711213,145.603271484375,156.99644470214844,True,25,0.8
876,21.001792300199277,0.7702849032367547,4048.541015625,32.189697265625,0.22600383227438423,892.8141479492188,716.2562866210938,True,25,0.8
877,31.46794149792658,0.953753517723428,309.83734130859375,9.731183052062988,0.2700472006063366,600.6713256835938,659.2650146484375,True,25,0.8
878,27.207470884317896,0.9285109054193408,1.3784719705581665,0.4829137921333313,0.2518375625418393,22.238149642944336,28.068897247314453,True,25,0.8
879,31.942307136439645,0.9732817890443546,31.711423873901367,1.7405037879943848,0.23604706859791896,208.30569458007812,222.75018310546875,True,25,0.8
880,27.59857908299167,0.9429386287617186,89.73393249511719,8.352309226989746,0.06319467197688357,426.8684997558594,231.84371948242188,True,25,0.8
881,26.811432209716713,0.8757537533108614,789.2774047851562,11.663400650024414,0.2528001406385823,456.6399230957031,672.2208251953125,True,25,0.8
882,26.675253774907336,0.9344855742634758,0.8397712707519531,0.37838029861450195,0.29483129964561483,15.490052223205566,20.690826416015625,True,25,0.8
883,21.690833969269093,0.8120922689725182,74.41265106201172,6.883810520172119,0.1097937794847065,133.40252685546875,105.00447082519531,True,25,0.8
884,22.035475788865355,0.8419947062990983,3999.08837890625,36.375457763671875,0.18823263359349302,922.566650390625,800.1161499023438,True,25,0.8
885,20.753277160581526,0.7530011269537391,260.59771728515625,5.126854419708252,0.24465386805137432,125.28145599365234,179.36611938476562,True,25,0.8
886,25.355348562469565,0.8803185144760353,1237.934326171875,12.707475662231445,0.1376899501238077,630.8956909179688,653.0933837890625,True,25,0.8
887,32.36926525209683,0.9524736151837343,33.06477355957031,6.565706729888916,0.12325566610419099,270.01312255859375,238.94459533691406,True,25,0.8
888,29.187987160328184,0.9010311243719238,12.125875473022461,3.097651720046997,0.20067522332488283,113.56128692626953,100.34194946289062,True,25,0.8
889,25.345191274260088,0.8421556123662586,171.18185424804688,3.6732382774353027,0.3062038664869126,137.58489990234375,243.92901611328125,True,25,0.8
890,31.587831389084467,0.9753818004646784,361.12042236328125,8.780044555664062,0.1616188151047091,622.6764526367188,722.544677734375,True,25,0.8
891,38.59048543622488,0.9803194192663927,101.17576599121094,10.547717094421387,0.1740792941885242,852.0223999023438,855.8407592773438,True,25,0.8
892,26.819308609484253,0.9294314675217628,1419.305419921875,32.383399963378906,0.17833496186323267,950.0221557617188,830.3896484375,True,25,0.8
893,20.839552711451688,0.8531656063173684,1300.5113525390625,10.460638046264648,0.22200220718699523,424.0574645996094,397.7863464355469,True,25,0.8
894,33.71578405915863,0.9484721433344394,189.729736328125,13.391688346862793,0.22200919848693987,654.8291625976562,668.4170532226562,True,25,0.8
895,33.3563768849428,0.9332277318703008,19.53253936767578,5.480971813201904,0.2250593109246892,203.91043090820312,205.77931213378906,True,25,0.8
896,26.559907134521485,0.8592963173458789,178.80999755859375,13.665172576904297,0.1411946574429899,399.55694580078125,293.8545837402344,True,25,0.8
897,29.564451918549555,0.8963288383024401,658.1993408203125,10.258329391479492,0.25732074669484456,614.1223754882812,896.439453125,True,25,0.8
898,32.96634685887866,0.9458380478815828,0.0986696258187294,0.2521843910217285,0.11371263293034574,15.353682518005371,13.988921165466309,True,25,0.8
899,30.71740704302617,0.9220494725640529,6.328959941864014,3.0829782485961914,0.16853023827818586,98.92449188232422,86.42301940917969,True,25,0.8
900,32.438632099414534,0.956578503621375,24.779346466064453,5.2640180587768555,0.1758163104227955,237.49937438964844,208.67837524414062,True,25,0.8
901,34.59130166416855,0.9612413484668523,0.2623106837272644,0.4484236240386963,0.2619695638143901,27.14226531982422,27.505672454833984,True,25,0.8
902,22.58249723918826,0.835056400464048,172.02117919921875,5.352415561676025,0.2996372783215079,186.28955078125,182.25399780273438,True,25,0.8
903,32.13230533081439,0.9533531373007256,188.53717041015625,11.117807388305664,0.23623338920388473,570.7992553710938,583.45849609375,True,25,0.8
904,28.931790326304885,0.9507828922432888,226.74313354492188,6.819651126861572,0.2524337420823296,312.4684143066406,422.00311279296875,True,25,0.8
905,23.71837837489751,0.9066039793877325,3370.910400390625,26.853731155395508,0.25849593269293314,761.928955078125,892.779052734375,True,25,0.8
906,30.37681372317848,0.9743052595540097,612.0151977539062,15.238649368286133,0.17454872143991818,809.6671752929688,817.6260986328125,True,25,0.8
907,35.30612844030592,0.9664384747544924,34.463993072509766,7.748927593231201,0.1829352321606664,350.3352966308594,342.47552490234375,True,25,0.8
908,30.402796004916684,0.9675176602214483,61.66291809082031,3.544961929321289,0.17652443208553353,233.48388671875,260.16400146484375,True,25,0.8
909,25.58396768441842,0.935072347785128,398.9217834472656,4.743858337402344,0.172741390894542,343.9273681640625,380.3127136230469,True,25,0.8
910,25.183945412184134,0.8891148490906223,1055.5721435546875,28.15952491760254,0.1682799325489732,792.0966796875,590.7046508789062,True,25,0.8
911,29.456459278808094,0.91689032228554,68.1485366821289,5.4188313484191895,0.30149964909153293,210.56968688964844,268.7955627441406,True,25,0.8
912,29.346057070308508,0.9403989958597041,352.599853515625,9.38554573059082,0.27745541695161835,504.78564453125,624.5247802734375,True,25,0.8
913,26.880069278510298,0.8341050304827029,250.16424560546875,15.407380104064941,0.1873558510128067,411.9981384277344,410.0022277832031,True,25,0.8
914,34.46916100053599,0.9390316544863769,108.9925308227539,19.173770904541016,0.17902135766665783,605.3485717773438,552.4951171875,True,25,0.8
915,21.50003362928148,0.86891196459063,1349.265869140625,1.974646806716919,0.2979707349129533,312.626708984375,436.6903991699219,True,25,0.8
916,21.96431683942565,0.8786866322418788,553.2632446289062,2.114908218383789,0.31505975247693463,182.6790771484375,295.1712951660156,True,25,0.8
917,31.93805557646716,0.9618995237876388,575.2725219726562,11.083128929138184,0.21172154220203737,846.9224243164062,948.5048828125,True,25,0.8
918,23.09972120621744,0.9227671412130197,2795.163330078125,13.783854484558105,0.2729265353115996,538.07373046875,763.8421630859375,True,25,0.8
919,27.693072571720847,0.9434253998000801,33.68130111694336,4.759298324584961,0.12433267728534689,152.19683837890625,140.9730682373047,True,25,0.8
920,24.18632008210936,0.7777992253372519,2771.96435546875,46.442543029785156,0.1313100465618027,1081.339599609375,868.5994873046875,True,25,0.8
921,31.480115441903777,0.9234694651375122,125.40155029296875,7.827705383300781,0.34235704616500656,367.1740417480469,487.9437561035156,True,25,0.8
922,30.582620619774946,0.9507590244121473,699.552734375,8.616692543029785,0.13276863456008525,788.2490844726562,894.6576538085938,True,25,0.8
923,36.02498105730816,0.9671675181256605,158.4120635986328,19.90057945251465,0.15358397624717104,835.714599609375,800.055419921875,True,25,0.8
924,29.464914457514816,0.907519579656476,204.71151733398438,24.45216941833496,0.15347810213320268,582.6944580078125,425.7882995605469,True,25,0.8
925,25.30327228705439,0.8738470977110744,1.6207669973373413,0.881329357624054,0.12042941336820454,30.625917434692383,23.44683837890625,True,25,0.8
926,30.429612567539003,0.9490711604724604,65.57673645019531,8.268342971801758,0.2013480711657477,299.42547607421875,269.40869140625,True,25,0.8
927,22.95140925669619,0.8084197893740669,1488.1092529296875,29.165531158447266,0.15607780082195113,711.0944213867188,542.0925903320312,True,25,0.8
928,30.589662919148548,0.9618646834041804,347.4819030761719,8.54576301574707,0.18848059788896884,584.9111328125,633.8447265625,True,25,0.8
929,25.6274590030794,0.9010513518428501,183.03843688964844,10.95115852355957,0.22725499859838819,310.1592712402344,258.6297912597656,True,25,0.8
930,25.39688797317931,0.8987423000264705,56.470638275146484,4.4833879470825195,0.1575120207030231,163.8097686767578,140.2167205810547,True,25,0.8
931,25.62427207334387,0.8693660053509716,1886.70166015625,37.8925895690918,0.1555010728868137,842.3228149414062,835.0953369140625,True,25,0.8
932,31.36333665650749,0.9678030321134257,705.646484375,18.00248146057129,0.18143196373043605,1008.4401245117188,984.4177856445312,True,25,0.8
933,26.31669613883819,0.8456811757557446,600.8895874023438,4.580929279327393,0.4410498543830559,205.26760864257812,526.1644897460938,True,25,0.8
934,24.3192822320351,0.8346630709594777,102.08553314208984,5.373104572296143,0.17284572191939807,206.28402709960938,172.5076141357422,True,25,0.8
935,25.912819798838488,0.9177933919864156,189.7390899658203,4.471517086029053,0.16487012344974084,290.74945068359375,273.0350341796875,True,25,0.8
936,26.930381981701274,0.8904800877868658,0.7479013800621033,0.48158520460128784,0.23529138736241484,18.132511138916016,19.372285842895508,True,25,0.8
937,34.40660904846014,0.961850723084466,297.9870910644531,30.579486846923828,0.14775397275635668,1109.884765625,914.384521484375,True,25,0.8
938,23.433810684990032,0.8786181247933942,63.80162811279297,3.0743250846862793,0.1916971466669271,127.32970428466797,118.63333129882812,True,25,0.8
939,28.01891308294309,0.9273133406144547,517.5789184570312,16.21699333190918,0.2010965157626952,542.8237915039062,576.93994140625,True,25,0.8
940,20.399230827194863,0.7753515029300552,681.607421875,5.728504180908203,0.24566952644512638,224.26821899414062,274.7811584472656,True,25,0.8
941,25.027785713898464,0.879731083441689,767.8792114257812,11.588166236877441,0.2744756019400749,406.35260009765625,554.6238403320312,True,25,0.8
942,29.13667188821258,0.9200371275785676,503.23663330078125,21.46584129333496,0.1450693767565358,625.0633544921875,651.7689819335938,True,25,0.8
943,24.29564348990344,0.8160070192793978,2420.885498046875,46.911128997802734,0.13713870349721,1310.9466552734375,829.9120483398438,True,25,0.8
944,26.512241086232212,0.9177916636623219,90.80115509033203,6.230990409851074,0.25350111132294206,193.28819274902344,207.21484375,True,25,0.8
945,21.354621985813715,0.8565244175618902,1.0417472124099731,0.1175239309668541,0.41615874557972155,5.930018901824951,11.984832763671875,True,25,0.8
946,23.747251981282012,0.8410116359765574,79.09588623046875,6.949864387512207,0.07128330911319382,328.7151794433594,137.74874877929688,True,25,0.8
947,23.72084763141425,0.8733066176361057,3215.709716796875,20.66159439086914,0.26829836733147905,728.36865234375,900.11865234375,True,25,0.8
948,24.31654426078922,0.9031336426627279,2813.828857421875,9.627604484558105,0.2956728365888152,680.0740966796875,874.0161743164062,True,25,0.8
949,33.546488139795095,0.9624960834796706,157.6033172607422,10.562801361083984,0.17407834922880178,588.9011840820312,597.815673828125,True,25,0.8
950,25.012695478144412,0.9227226100116199,1126.1302490234375,4.3154377937316895,0.2637860242059082,485.0379333496094,600.9163208007812,True,25,0.8
951,33.29339596751944,0.9624895108373541,207.16146850585938,8.55791187286377,0.2187771292197693,605.9679565429688,665.3716430664062,True,25,0.8
952,22.864934567883406,0.7585812682146302,136.3128204345703,6.733360290527344,0.1866538419527978,180.90843200683594,176.19590759277344,True,25,0.8
953,28.10762885971708,0.907331156541504,1256.194091796875,32.03443908691406,0.16593004710749942,1009.5888061523438,914.49755859375,True,25,0.8
954,14.705532102470244,0.6363517003985323,5885.20361328125,24.470157623291016,0.13192805751444084,822.2883911132812,419.35174560546875,True,25,0.8
955,27.580135384278414,0.9316218090488723,253.8543243408203,7.044356346130371,0.27604019366034516,303.21490478515625,383.7554016113281,True,25,0.8
956,34.18294842436592,0.9709456442587147,102.8165512084961,6.319364547729492,0.14999486334264653,507.075927734375,519.3988037109375,True,25,0.8
957,32.15436053834579,0.9568407357246514,1.398171305656433,0.8592789769172668,0.18386248267337443,49.72401428222656,47.919002532958984,True,25,0.8
958,29.92240284068675,0.9493027347437,27.2005672454834,4.169351577758789,0.17337106876392877,183.9255828857422,167.11708068847656,True,25,0.8
959,26.783619769602854,0.9428545783962997,1136.0023193359375,10.318755149841309,0.17497946706093398,653.3661499023438,738.2955932617188,True,25,0.8
960,28.638185095943022,0.8931097322219542,7.34708833694458,1.8091256618499756,0.21399664072475225,62.740325927734375,83.71586608886719,True,25,0.8
961,23.241696032626386,0.8257611935463411,1692.4114990234375,19.965940475463867,0.13409374888281206,805.83447265625,603.5489501953125,True,25,0.8
962,32.2677606003662,0.9515217800689063,35.886680603027344,5.185498237609863,0.20547871592608716,270.2503967285156,246.103759765625,True,25,0.8
963,22.134051329976486,0.8580714352741576,907.1370849609375,15.118797302246094,0.13683989839989263,511.180908203125,389.90631103515625,True,25,0.8
964,24.582287138864515,0.8501796726111209,126.89354705810547,3.4162843227386475,0.2963223920325107,149.0232696533203,289.405029296875,True,25,0.8
965,25.068815331540154,0.9127554952371693,389.4022521972656,6.979879856109619,0.3124095608795054,251.49661254882812,356.3170471191406,True,25,0.8
966,29.53044568964951,0.9670058677378577,575.8560791015625,6.135735988616943,0.251130965323023,634.9793701171875,719.3268432617188,True,25,0.8
967,19.948019354037704,0.8743537809413826,883.591796875,8.275827407836914,0.18872990765342268,322.7646789550781,297.8245849609375,True,25,0.8
968,31.674093106706508,0.9554856430020249,218.40887451171875,5.977097988128662,0.278080169868973,494.981689453125,566.8382568359375,True,25,0.8
969,31.69236819272757,0.9535229223846651,153.3445587158203,15.175172805786133,0.16006337682277552,542.5447998046875,476.5743408203125,True,25,0.8
970,20.658234715967172,0.8202150731644967,3787.288818359375,33.7197265625,0.18467797898348784,902.3259887695312,664.0075073242188,True,25,0.8
971,31.875340103810412,0.93308179437253,569.2955322265625,32.32455825805664,0.14096077816232144,956.41748046875,936.8928833007812,True,25,0.8
972,22.682762737984035,0.9038741131283351,2892.4580078125,3.612903356552124,0.21278405150662108,540.396240234375,732.8395385742188,True,25,0.8
973,28.932408538214027,0.9577880200591266,58.09738540649414,3.5823333263397217,0.2821648556818093,180.55120849609375,215.72543334960938,True,25,0.8
974,34.07407221951573,0.9582949352861065,0.4042738378047943,0.43182486295700073,0.3335257319132353,30.609668731689453,32.15195083618164,True,25,0.8
975,26.99679523925367,0.9285516622673309,137.98348999023438,6.876787185668945,0.20098039215686275,262.2216796875,263.00177001953125,True,25,0.8
976,30.051445283391743,0.9423104950733352,349.9728088378906,11.14755916595459,0.25233732293557004,568.5708618164062,595.4828491210938,True,25,0.8
977,30.17584841370563,0.9352363911683222,2.6332972049713135,1.0455119609832764,0.23862410371494827,52.45030212402344,52.374385833740234,True,25,0.8
978,25.487267620439106,0.8391435630388858,696.6431274414062,22.220125198364258,0.15619244608932709,765.7376708984375,496.869873046875,True,25,0.8
979,28.789217366646803,0.9215277859400977,470.9241638183594,16.020784378051758,0.223804782914587,647.2649536132812,597.2460327148438,True,25,0.8
980,22.640982295052726,0.8363766824204786,574.0055541992188,12.762234687805176,0.17224456413984535,346.32110595703125,334.9096374511719,True,25,0.8
981,20.569718330739576,0.7464757366139929,5044.7294921875,47.548824310302734,0.16568800257878796,958.2763061523438,771.1412963867188,True,25,0.8
982,25.918650523798846,0.8811095658309135,28.989824295043945,4.240510940551758,0.1269102676672533,121.108154296875,107.49165344238281,True,25,0.8
983,28.184584882085744,0.9470810243827209,8.785547256469727,0.6361418962478638,0.18418024451003137,62.555660247802734,76.0626449584961,True,25,0.8
984,24.136846327488275,0.9139235791432122,2035.6475830078125,22.553035736083984,0.1582990833235664,781.6655883789062,728.4605712890625,True,25,0.8
985,27.79416106833905,0.951194856281251,406.49786376953125,7.983813762664795,0.22116523136557845,435.05889892578125,495.9958190917969,True,25,0.8
986,22.708909452543907,0.9022201313007665,2534.793701171875,1.2899065017700195,0.33152222776871026,400.8617858886719,688.7139892578125,True,25,0.8
987,22.991393763611832,0.8841449722678423,950.8021240234375,1.409299612045288,0.29023546782919923,291.9175109863281,435.39251708984375,True,25,0.8
988,22.261233639149864,0.8127598636393506,346.47015380859375,6.675209999084473,0.23338771318893994,176.56057739257812,247.15562438964844,True,25,0.8
989,27.448878831331335,0.9465320415033645,1207.2369384765625,10.873087882995605,0.1935210291705072,670.7891845703125,819.283203125,True,25,0.8
990,16.99719811556276,0.7497139714878837,12672.595703125,31.391084671020508,0.1896650223889485,783.05322265625,799.616455078125,True,25,0.8
991,24.44497789283001,0.8559276201340329,1550.12646484375,24.380615234375,0.3145736469723422,664.24560546875,695.0017700195312,True,25,0.8
992,28.93491033888948,0.9491119880394547,94.72949981689453,5.778526306152344,0.24177718487449035,248.97872924804688,272.87298583984375,True,25,0.8
993,32.38513178631245,0.9781791608707577,201.32498168945312,5.851699352264404,0.17431700601017425,529.6499633789062,590.6404418945312,True,25,0.8
994,29.682857062367496,0.9343811584669247,139.889404296875,15.667852401733398,0.16862798941970986,401.6903076171875,361.6129150390625,True,25,0.8
995,30.018083222969064,0.902645033483381,8.344101905822754,2.1413071155548096,0.24115561549880957,88.7092056274414,92.49049377441406,True,25,0.8
996,22.237608252617097,0.8270218116721433,4954.37744140625,22.656797409057617,0.2531101309062385,904.3076782226562,917.396240234375,True,25,0.8
997,23.74653848636047,0.9229713789317363,79.81463623046875,1.7418851852416992,0.30868063055224987,130.83575439453125,137.6818084716797,True,25,0.8
998,18.623218430816703,0.8348284622688138,12373.490234375,18.33750343322754,0.2690001197343366,873.2100219726562,950.287109375,True,25,0.8
999,32.8331406976604,0.9552931364921716,103.58155059814453,9.937522888183594,0.22690379173443062,464.04937744140625,446.55975341796875,True,25,0.8
