sample_idx,psnr,ssim,mse,post_std_mean,sigma_used,alpha,scaling,clip,lambda_,lambda_rd,anis_param,zeta
0,32.639445986326024,0.9694409480835509,0.0005326481768861413,0.009742334485054016,0.35,1.0,1.0,True,10,0.0001,0.0046415888336127,0.9
1,32.42696361899625,0.9541192525003963,0.0005711819976568222,0.011062892153859138,0.35,1.0,1.0,True,10,0.0001,0.0464158883361277,0.9
2,34.03551571111508,0.9724851198517501,0.00036808388540521264,0.007009909953922033,0.35,1.0,1.0,True,10,0.0001,0.001,0.9
3,35.464027927250065,0.9559555449883451,0.00026240028091706336,0.0038828938268125057,0.35,1.0,1.0,True,10,0.0001,0.01,0.9
4,32.95860185850321,0.953540569011764,0.0004986471030861139,0.006425055209547281,0.35,1.0,1.0,True,10,0.0001,0.0046415888336127,0.9
5,36.43488270644112,0.9700161217874295,0.00021017358812969178,0.004119671415537596,0.35,1.0,1.0,True,10,0.0001,0.0046415888336127,0.9
6,31.40757970691928,0.9700075376575085,0.000591880118008703,0.005173087120056152,0.35,1.0,1.0,True,10,0.0001,0.0021544346900318,0.9
7,38.820790984307976,0.9841389425398764,0.00012987728405278176,0.0030183871276676655,0.35,1.0,1.0,True,10,0.0001,0.01,0.9
8,33.41524083176456,0.9585595155294343,0.00045161813613958657,0.007427203003317118,0.35,1.0,1.0,True,10,0.0001,0.0046415888336127,0.9
9,19.76511374959066,0.8058083882105053,0.010408625937998295,0.008297942578792572,0.35,1.0,1.0,True,10,0.0001,0.0215443469003188,0.9
10,30.62121161434567,0.9693127620207882,0.0008565483731217682,0.01084702368825674,0.35,1.0,1.0,True,10,0.0001,0.01,0.9
11,34.63954654736482,0.9627341317287785,0.0003430924261920154,0.008812319487333298,0.35,1.0,1.0,True,10,0.0001,0.1,0.9
12,27.613637616123157,0.9621493626074525,0.001720561645925045,0.007522929459810257,0.35,1.0,1.0,True,10,0.0001,0.01,0.9
13,24.19570951155574,0.9100161742403867,0.0037942593917250633,0.010836774483323097,0.35,1.0,1.0,True,10,0.0001,0.0215443469003188,0.9
14,39.06615809027922,0.9850114392360789,0.00012382949353195727,0.007214112672954798,0.35,1.0,1.0,True,10,0.0001,0.0021544346900318,0.9
15,40.95986478628913,0.9716253606573716,8.003988477867097e-05,0.004114532843232155,0.35,1.0,1.0,True,10,0.0001,0.01,0.9
16,40.97544461646693,0.9840758522074781,7.962076779222116e-05,0.0038401270285248756,0.35,1.0,1.0,True,10,0.0001,0.0464158883361277,0.9
17,40.88842651039009,0.9791491377495145,8.141396392602473e-05,0.004781625233590603,0.35,1.0,1.0,True,10,0.0001,0.0464158883361277,0.9
18,35.655320540775705,0.9699847332602684,0.00026242659077979624,0.0035649577621370554,0.35,1.0,1.0,True,10,0.0001,0.01,0.9
19,30.665315531507815,0.9589212628156408,0.0008293713326565921,0.005399687215685844,0.35,1.0,1.0,True,10,0.0001,0.0046415888336127,0.9
20,36.28472911612825,0.9591434877000603,0.00020129130280110985,0.006280488334596157,0.35,1.0,1.0,True,10,0.0001,0.01,0.9
21,43.595709486117336,0.991723686364413,4.3647276470437646e-05,0.003884741570800543,0.35,1.0,1.0,True,10,0.0001,0.0464158883361277,0.9
22,28.228857106768373,0.9489101602297499,0.0014749424299225211,0.009669908322393894,0.35,1.0,1.0,True,10,0.0001,0.0021544346900318,0.9
23,35.60928890914744,0.9580510458356333,0.0002742970536928624,0.006807154044508934,0.35,1.0,1.0,True,10,0.0001,0.0464158883361277,0.9
24,34.24910414015619,0.9484607577554581,0.00037436981801874936,0.008974540047347546,0.35,1.0,1.0,True,10,0.0001,0.001,0.9
25,40.40899597806185,0.9659445472792083,9.056963608600199e-05,0.0032508564181625843,0.35,1.0,1.0,True,10,0.0001,0.01,0.9
26,33.22311801105274,0.9412346606991485,0.0003965746145695448,0.008602789603173733,0.35,1.0,1.0,True,10,0.0001,0.0215443469003188,0.9
27,39.05981147521948,0.9854053126492367,0.0001240225974470377,0.004666009917855263,0.35,1.0,1.0,True,10,0.0001,0.0215443469003188,0.9
28,30.841526491671697,0.9278058935364303,0.0007188188028521836,0.01303789485245943,0.35,1.0,1.0,True,10,0.0001,0.0046415888336127,0.9
29,38.695163386661385,0.9912007232845383,0.00013488359400071204,0.006818391848355532,0.35,1.0,1.0,True,10,0.0001,0.01,0.9
30,25.389418318160388,0.9411544818777141,0.0028866638895124197,0.005977980326861143,0.35,1.0,1.0,True,10,0.0001,0.0464158883361277,0.9
31,19.212147952166102,0.8040741988078939,0.011875119060277939,0.01383441686630249,0.35,1.0,1.0,True,10,0.0001,0.0215443469003188,0.9
32,38.796208239239284,0.9787194300577491,0.00013180015957914293,0.004408258479088545,0.35,1.0,1.0,True,10,0.0001,0.0464158883361277,0.9
33,39.52150790605759,0.9910875581766183,0.00011154469393659383,0.007645284291356802,0.35,1.0,1.0,True,10,0.0001,0.0021544346900318,0.9
34,37.94020451252374,0.9684342367207426,0.00016044810763560236,0.004970712587237358,0.35,1.0,1.0,True,10,0.0001,0.0464158883361277,0.9
35,21.366388963836762,0.8087810404969403,0.007290986366569996,0.014680419117212296,0.35,1.0,1.0,True,10,0.0001,0.0215443469003188,0.9
36,36.13466771838223,0.9792777746915817,0.00023855376639403403,0.004216654226183891,0.35,1.0,1.0,True,10,0.0001,0.0046415888336127,0.9
37,24.556528400968705,0.9414795952338737,0.0034871669486165047,0.008296509273350239,0.35,1.0,1.0,True,10,0.0001,0.0215443469003188,0.9
38,32.727622043959435,0.9581854829355168,0.0005278457538224757,0.006982611957937479,0.35,1.0,1.0,True,10,0.0001,0.0046415888336127,0.9
39,27.52295139652118,0.9530289285230932,0.0017575907986611128,0.014747456647455692,0.35,1.0,1.0,True,10,0.0001,0.0004641588833612,0.9
40,27.357864945876575,0.9471255119263327,0.0018345809075981379,0.007267914712429047,0.35,1.0,1.0,True,10,0.0001,0.0215443469003188,0.9
41,26.563990912814887,0.9369643923678264,0.0021933529060333967,0.010638742707669735,0.35,1.0,1.0,True,10,0.0001,0.0046415888336127,0.9
42,43.1009335742955,0.970959544520137,4.8625763156451285e-05,0.006345600821077824,0.35,1.0,1.0,True,10,0.0001,0.0215443469003188,0.9
43,37.41911411785048,0.9602473745866457,0.00018079906294588,0.009078886359930038,0.35,1.0,1.0,True,10,0.0001,0.0464158883361277,0.9
44,28.8111250721543,0.9389012595110018,0.0012724145781248808,0.007312706671655178,0.35,1.0,1.0,True,10,0.0001,0.01,0.9
45,37.98606694038484,0.9770500924980309,0.00015467316552530974,0.003855167655274272,0.35,1.0,1.0,True,10,0.0001,0.0021544346900318,0.9
46,33.73600486461715,0.9720939118242116,0.0004102025704924017,0.005664695054292679,0.35,1.0,1.0,True,10,0.0001,0.0004641588833612,0.9
47,27.426994123782933,0.9481897364775155,0.001782790059223771,0.008639493025839329,0.35,1.0,1.0,True,10,0.0001,0.0046415888336127,0.9
48,34.201239454716514,0.9818062641118702,0.00037828306085430086,0.009030097164213657,0.35,1.0,1.0,True,10,0.0001,0.0021544346900318,0.9
49,23.182083023579985,0.8998309215956648,0.004789208061993122,0.010582809336483479,0.35,1.0,1.0,True,10,0.0001,0.01,0.9
50,34.03093759885461,0.9465344320325291,0.0003531363036017865,0.00654629385098815,0.35,1.0,1.0,True,10,0.0001,0.0046415888336127,0.9
51,36.26870280183316,0.9642719761752,0.0002348271373193711,0.003951722290366888,0.35,1.0,1.0,True,10,0.0001,0.0464158883361277,0.9
52,36.33731372373837,0.9605749742396107,0.00018150727555621415,0.0038959584198892117,0.35,1.0,1.0,True,10,0.0001,0.001,0.9
53,27.65072034704449,0.9411832180154828,0.0017156695248559117,0.006484685465693474,0.35,1.0,1.0,True,10,0.0001,0.0464158883361277,0.9
54,31.756110265328598,0.9799954428638344,0.0006667844136245549,0.006247701123356819,0.35,1.0,1.0,True,10,0.0001,0.0215443469003188,0.9
55,37.100292808730835,0.9650392134753666,0.00019328464986756444,0.0050678737461566925,0.35,1.0,1.0,True,10,0.0001,0.01,0.9
56,31.72775179633191,0.9573819137978972,0.0006673338357359171,0.005417916923761368,0.35,1.0,1.0,True,10,0.0001,0.0046415888336127,0.9
57,37.23578454683278,0.9722439944128995,0.000141680589877069,0.006941281259059906,0.35,1.0,1.0,True,10,0.0001,0.001,0.9
58,24.185885438916568,0.8800326620485207,0.003813160816207528,0.010028176940977573,0.35,1.0,1.0,True,10,0.0001,0.0464158883361277,0.9
59,32.85448554627469,0.9838544244275373,0.0005180332227610052,0.009290558286011219,0.35,1.0,1.0,True,10,0.0001,0.01,0.9
60,36.54448950302135,0.9678096646910113,0.0002097208780469373,0.004535164684057236,0.35,1.0,1.0,True,10,0.0001,0.01,0.9
61,24.661110781727274,0.9075119800402391,0.0031389156356453896,0.00684188399463892,0.35,1.0,1.0,True,10,0.0001,0.0021544346900318,0.9
62,25.821191761766926,0.9393608559263482,0.002613597782328725,0.007069975603371859,0.35,1.0,1.0,True,10,0.0001,0.01,0.9
63,21.592041824924202,0.8370128357853842,0.0068763489834964275,0.009938191622495651,0.35,1.0,1.0,True,10,0.0001,0.0464158883361277,0.9
64,21.452922565512537,0.8785266211016767,0.007151435595005751,0.010003158822655678,0.35,1.0,1.0,True,10,0.0001,0.0215443469003188,0.9
65,34.24393248605517,0.9765925442471224,0.00036880437983199954,0.004993969574570656,0.35,1.0,1.0,True,10,0.0001,0.01,0.9
66,29.35979090896812,0.9651360515316697,0.0011580241844058037,0.007118407171219587,0.35,1.0,1.0,True,10,0.0001,0.0464158883361277,0.9
67,32.09530935329517,0.9517715489962768,0.0005581952864304185,0.008264427073299885,0.35,1.0,1.0,True,10,0.0001,0.0046415888336127,0.9
68,36.321689113035525,0.9649509015205721,0.0001996003556996584,0.005490098614245653,0.35,1.0,1.0,True,10,0.0001,0.0021544346900318,0.9
69,27.532370019968777,0.9622957070191824,0.0017534609651193023,0.008882158435881138,0.35,1.0,1.0,True,10,0.0001,0.0004641588833612,0.9
70,28.233269079662627,0.9660751728881132,0.0015002922154963017,0.004420486278831959,0.35,1.0,1.0,True,10,0.0001,0.0464158883361277,0.9
71,21.99370396608336,0.8330453248947494,0.0060759116895496845,0.014373569749295712,0.35,1.0,1.0,True,10,0.0001,0.0046415888336127,0.9
72,42.19781481681658,0.9955294951258306,6.025341644999571e-05,0.006568570155650377,0.35,1.0,1.0,True,10,0.0001,0.0215443469003188,0.9
73,20.466534584690592,0.8589752758248534,0.008830437436699867,0.007193026598542929,0.35,1.0,1.0,True,10,0.0001,0.0215443469003188,0.9
74,26.135467141012896,0.857208632233963,0.0023736797738820314,0.013769825920462608,0.35,1.0,1.0,True,10,0.0001,0.0021544346900318,0.9
75,21.448537419699125,0.8506281729013889,0.00714915432035923,0.007064188364893198,0.35,1.0,1.0,True,10,0.0001,0.0215443469003188,0.9
76,23.817249346565845,0.9159734462444565,0.004141116049140692,0.006724802777171135,0.35,1.0,1.0,True,10,0.0001,0.01,0.9
77,31.990268464152585,0.9722254059601372,0.0006316768703982234,0.005578402895480394,0.35,1.0,1.0,True,10,0.0001,0.0215443469003188,0.9
78,38.562200564389656,0.9802085259319951,0.0001389063982060179,0.006578331347554922,0.35,1.0,1.0,True,10,0.0001,0.0215443469003188,0.9
79,31.23530187169885,0.9375012821764892,0.0006996886222623289,0.00919500831514597,0.35,1.0,1.0,True,10,0.0001,0.01,0.9
80,26.75859289167444,0.9135517562649206,0.002010412747040391,0.009510328061878681,0.35,1.0,1.0,True,10,0.0001,0.0021544346900318,0.9
81,26.833450318346642,0.9324036006089127,0.002057801466435194,0.008180438540875912,0.35,1.0,1.0,True,10,0.0001,0.01,0.9
82,37.58692612584125,0.990117147318842,0.00017396282055415213,0.007340607699006796,0.35,1.0,1.0,True,10,0.0001,0.0464158883361277,0.9
83,41.17809012659379,0.9691755095318005,7.548432040493935e-05,0.004566102754324675,0.35,1.0,1.0,True,10,0.0001,0.0215443469003188,0.9
84,33.55451570712984,0.9731449678432584,0.0004402715712785721,0.00370698980987072,0.35,1.0,1.0,True,10,0.0001,0.01,0.9
85,23.26851684859024,0.8975519242862737,0.004680451471358538,0.009549511596560478,0.35,1.0,1.0,True,10,0.0001,0.0215443469003188,0.9
86,27.32680600054551,0.9129396238286429,0.0017673203255981207,0.010468129068613052,0.35,1.0,1.0,True,10,0.0001,0.0046415888336127,0.9
87,28.46139657407928,0.9381159255809706,0.0013664988800883293,0.008189719170331955,0.35,1.0,1.0,True,10,0.0001,0.0046415888336127,0.9
88,41.04313198160419,0.9845295471395871,7.85703377914615e-05,0.004003826063126326,0.35,1.0,1.0,True,10,0.0001,0.0215443469003188,0.9
89,36.99374656354526,0.9826247956300053,0.00019782512390520424,0.006130661349743605,0.35,1.0,1.0,True,10,0.0001,0.01,0.9
90,36.693470117758146,0.9656805916390429,0.0002106911560986191,0.004470824263989925,0.35,1.0,1.0,True,10,0.0001,0.0021544346900318,0.9
91,37.84437031879479,0.9767786922900177,0.000164043580298312,0.003923153039067984,0.35,1.0,1.0,True,10,0.0001,0.0215443469003188,0.9
92,36.97304993615133,0.9737756703937017,0.0002006437862291932,0.004455141723155975,0.35,1.0,1.0,True,10,0.0001,0.0464158883361277,0.9
93,36.10262255463846,0.968874081246501,0.00024518679128959775,0.005137508735060692,0.35,1.0,1.0,True,10,0.0001,0.0464158883361277,0.9
94,31.11855328310113,0.9526945285968121,0.0007509707356803119,0.008087879978120327,0.35,1.0,1.0,True,10,0.0001,0.01,0.9
95,41.88184519188029,0.9810563197169142,6.470283551607281e-05,0.0034234055783599615,0.35,1.0,1.0,True,10,0.0001,0.0215443469003188,0.9
96,43.64118243301523,0.9847415820056317,4.320227890275419e-05,0.004340352024883032,0.35,1.0,1.0,True,10,0.0001,0.0215443469003188,0.9
97,42.201789533978705,0.9900787460115057,6.015811231918633e-05,0.0033066982869058847,0.35,1.0,1.0,True,10,0.0001,0.0464158883361277,0.9
98,25.954594130779206,0.9253400635364455,0.0025045503862202168,0.013034449890255928,0.35,1.0,1.0,True,10,0.0001,0.0215443469003188,0.9
99,23.960718493943844,0.880164709115176,0.004014981910586357,0.013856624253094196,0.35,1.0,1.0,True,10,0.0001,0.0464158883361277,0.9
100,36.90522823782541,0.9683702855656391,0.00020380820205900818,0.0045381695963442326,0.35,1.0,1.0,True,10,0.0001,0.1,0.9
101,36.908185515317,0.968651337251144,9.219255298376083e-05,0.004081744235008955,0.35,1.0,1.0,True,10,0.0001,0.0021544346900318,0.9
102,25.971024503733254,0.8990026630693205,0.002140939002856612,0.005119124427437782,0.35,1.0,1.0,True,10,0.0001,0.0464158883361277,0.9
103,29.60624264095912,0.9733873964032644,0.0010946962283924222,0.007124471012502909,0.35,1.0,1.0,True,10,0.0001,0.0215443469003188,0.9
104,25.82393234815136,0.9131810925285822,0.0024867109023034573,0.009619777090847492,0.35,1.0,1.0,True,10,0.0001,0.0046415888336127,0.9
105,23.329239683010897,0.9222751453974076,0.0046290988102555275,0.008731531910598278,0.35,1.0,1.0,True,10,0.0001,0.0215443469003188,0.9
106,27.125852774652675,0.9550565499809962,0.0019349096110090613,0.006934452801942825,0.35,1.0,1.0,True,10,0.0001,0.0215443469003188,0.9
107,37.442174176092806,0.9843245414080881,0.00018020140123553574,0.004473603796213865,0.35,1.0,1.0,True,10,0.0001,0.0004641588833612,0.9
108,25.735017799643494,0.9168226114552087,0.002667189808562398,0.027620747685432434,0.35,1.0,1.0,True,10,0.0001,0.0464158883361277,0.9
109,25.621491319757986,0.9274328809425665,0.0027378173545002937,0.008553184568881989,0.35,1.0,1.0,True,10,0.0001,0.01,0.9
110,20.926217536915097,0.8690015580225507,0.008067378774285316,0.0066065615974366665,0.35,1.0,1.0,True,10,0.0001,0.01,0.9
111,38.816647198562634,0.9832008337396341,0.00010343002941226587,0.0039475117810070515,0.35,1.0,1.0,True,10,0.0001,0.0046415888336127,0.9
112,18.153752557220667,0.7374918101288996,0.015130178071558475,0.01685917377471924,0.35,1.0,1.0,True,10,0.0001,0.0046415888336127,0.9
113,38.586132558456384,0.9750902703026131,0.00013845284411218017,0.005515294149518013,0.35,1.0,1.0,True,10,0.0001,0.0464158883361277,0.9
114,23.863678772320004,0.8422725203183217,0.004037976264953613,0.014330492354929447,0.35,1.0,1.0,True,10,0.0001,0.0021544346900318,0.9
115,23.975456795551526,0.9163281865364135,0.003993813879787922,0.025248855352401733,0.35,1.0,1.0,True,10,0.0001,0.0215443469003188,0.9
116,32.972754867205246,0.9608370375399496,0.0005024035926908255,0.010119875892996788,0.35,1.0,1.0,True,10,0.0001,0.0046415888336127,0.9
117,39.99246537017662,0.9810274824484706,0.00010015934822149575,0.004557184409350157,0.35,1.0,1.0,True,10,0.0001,0.0215443469003188,0.9
118,32.42155014203323,0.972508420992808,0.0005673178820870817,0.005755174905061722,0.35,1.0,1.0,True,10,0.0001,0.01,0.9
119,36.6089680322857,0.9717020250787676,0.00021673804440069944,0.006243458017706871,0.35,1.0,1.0,True,10,0.0001,0.0021544346900318,0.9
120,21.52452445432388,0.8809566764712661,0.007007961627095938,0.009561269544064999,0.35,1.0,1.0,True,10,0.0001,0.01,0.9
121,35.623005274456446,0.9656917013235629,0.00026601366698741913,0.0060438839718699455,0.35,1.0,1.0,True,10,0.0001,0.0046415888336127,0.9
122,34.028123852313904,0.9592208202920616,0.00036239385372027755,0.003714788006618619,0.35,1.0,1.0,True,10,0.0001,0.0215443469003188,0.9
123,21.137656552275466,0.8607742869293843,0.007685720454901457,0.005930343177169561,0.35,1.0,1.0,True,10,0.0001,0.0464158883361277,0.9
124,31.436517391140942,0.977393867815119,0.0007177984807640314,0.005514358635991812,0.35,1.0,1.0,True,10,0.0001,0.1,0.9
125,26.4405011237084,0.9548922575379735,0.002257775980979204,0.011540940031409264,0.35,1.0,1.0,True,10,0.0001,0.0046415888336127,0.9
126,28.797957884136718,0.9215231563972109,0.0012400816194713116,0.004269368480890989,0.35,1.0,1.0,True,10,0.0001,0.1,0.9
127,27.30965878840044,0.970435291128877,0.0018366656731814146,0.006812329404056072,0.35,1.0,1.0,True,10,0.0001,0.0021544346900318,0.9
128,38.532480578703755,0.9723948595970408,0.0001391561090713367,0.004622359294444323,0.35,1.0,1.0,True,10,0.0001,0.0046415888336127,0.9
129,28.898890647690646,0.9268179421514161,0.0011744569055736065,0.007339796982705593,0.35,1.0,1.0,True,10,0.0001,0.0021544346900318,0.9
130,31.175463630442678,0.9338299929096111,0.0007477403269149363,0.005844653584063053,0.35,1.0,1.0,True,10,0.0001,0.001,0.9
131,35.7063238468452,0.9855743505606588,0.00024134875275194645,0.005157771985977888,0.35,1.0,1.0,True,10,0.0001,0.0046415888336127,0.9
132,25.45239130207912,0.9368214744640085,0.0028430160600692034,0.007035060320049524,0.35,1.0,1.0,True,10,0.0001,0.0215443469003188,0.9
133,20.468098854107733,0.8214866875378941,0.008917639963328838,0.017277071252465248,0.35,1.0,1.0,True,10,0.0001,0.0215443469003188,0.9
134,24.167974118907765,0.9299313930108118,0.003736479440703988,0.01158329751342535,0.35,1.0,1.0,True,10,0.0001,0.0021544346900318,0.9
135,38.37078133873838,0.977809695498124,0.00012908372445963323,0.004510322120040655,0.35,1.0,1.0,True,10,0.0001,0.0021544346900318,0.9
136,31.773945991816174,0.9475973320988432,0.0006513258558697999,0.00634450139477849,0.35,1.0,1.0,True,10,0.0001,0.01,0.9
137,33.92004583176685,0.970800823902075,0.000405089755076915,0.005439369939267635,0.35,1.0,1.0,True,10,0.0001,0.0464158883361277,0.9
138,38.7414615916656,0.9729008802411726,0.0001335674023721367,0.0047546131536364555,0.35,1.0,1.0,True,10,0.0001,0.1,0.9
139,36.3139255413975,0.9588018510917392,0.00023361777130048722,0.005575201008468866,0.35,1.0,1.0,True,10,0.0001,0.1,0.9
140,37.30818094418728,0.9613530668357947,0.0001682199363131076,0.005250032525509596,0.35,1.0,1.0,True,10,0.0001,0.0046415888336127,0.9
141,38.963510192789485,0.9732482515283167,0.00012642955698538572,0.003982845693826675,0.35,1.0,1.0,True,10,0.0001,0.0215443469003188,0.9
142,24.875133295147837,0.9126799554973495,0.0032468275167047977,0.008463546633720398,0.35,1.0,1.0,True,10,0.0001,0.0215443469003188,0.9
143,24.53950672276666,0.9206323126307905,0.00350848282687366,0.012203557416796684,0.35,1.0,1.0,True,10,0.0001,0.0215443469003188,0.9
144,37.31372281011283,0.9900907757389287,0.00018540491873864084,0.0041850414127111435,0.35,1.0,1.0,True,10,0.0001,0.1,0.9
145,20.11004198239837,0.8287431335431883,0.00972028262913227,0.01164769846946001,0.35,1.0,1.0,True,10,0.0001,0.01,0.9
146,22.78930864381958,0.890003453484944,0.005249257665127516,0.014106140471994877,0.35,1.0,1.0,True,10,0.0001,0.01,0.9
147,24.58353096769221,0.9417940010047557,0.0034716790542006493,0.01068721991032362,0.35,1.0,1.0,True,10,0.0001,0.0215443469003188,0.9
148,29.512864040445017,0.9420452478069762,0.0009544625063426793,0.006629491224884987,0.35,1.0,1.0,True,10,0.0001,0.0215443469003188,0.9
149,29.524561346474513,0.9260926436497354,0.0010066209360957146,0.0076284268870949745,0.35,1.0,1.0,True,10,0.0001,0.01,0.9
150,32.93560433445612,0.9826493087321735,0.0005078809335827827,0.005904155317693949,0.35,1.0,1.0,True,10,0.0001,0.0215443469003188,0.9
151,26.881462343287346,0.9044274576259411,0.0018412562785670161,0.008739188313484192,0.35,1.0,1.0,True,10,0.0001,0.01,0.9
152,30.362207145499205,0.9457973300126622,0.0009194640442728996,0.006600960623472929,0.35,1.0,1.0,True,10,0.0001,0.1,0.9
153,33.83824369052463,0.9605789616842388,0.0004129052395001054,0.005244135856628418,0.35,1.0,1.0,True,10,0.0001,0.0464158883361277,0.9
154,42.70499822867595,0.9944966011771968,5.357329064281657e-05,0.00439678318798542,0.35,1.0,1.0,True,10,0.0001,0.0464158883361277,0.9
155,22.714090314231573,0.9039399114207214,0.00534077500924468,0.009217651560902596,0.35,1.0,1.0,True,10,0.0001,0.01,0.9
156,42.37251467129859,0.9899451044475577,5.775970930699259e-05,0.004062497057020664,0.35,1.0,1.0,True,10,0.0001,0.1,0.9
157,21.455792019638228,0.8551891441451567,0.00712692691013217,0.011535391211509705,0.35,1.0,1.0,True,10,0.0001,0.01,0.9
158,27.82393465533662,0.9636681676833623,0.0015403633005917072,0.008598316460847855,0.35,1.0,1.0,True,10,0.0001,0.0004641588833612,0.9
159,26.090436002442804,0.9508934135234485,0.0024445815943181515,0.005731318611651659,0.35,1.0,1.0,True,10,0.0001,0.0046415888336127,0.9
160,38.49809533516833,0.9771784683852865,0.00014127808390185237,0.004594295751303434,0.35,1.0,1.0,True,10,0.0001,0.0464158883361277,0.9
161,26.732048379576288,0.93991403067744,0.0021166217047721148,0.0158012006431818,0.35,1.0,1.0,True,10,0.0001,0.01,0.9
162,41.103196239935905,0.9811583839210809,7.740990986349061e-05,0.00597986439242959,0.35,1.0,1.0,True,10,0.0001,0.0464158883361277,0.9
163,28.666213222910603,0.9708803889828939,0.0013510773424059153,0.012715550139546394,0.35,1.0,1.0,True,10,0.0001,0.01,0.9
164,35.59607923653542,0.9778414546243915,0.000274570076726377,0.009027092717587948,0.35,1.0,1.0,True,10,0.0001,0.0046415888336127,0.9
165,40.02897404726352,0.9845559212876055,9.401408897247165e-05,0.0037071022670716047,0.35,1.0,1.0,True,10,0.0001,0.0046415888336127,0.9
166,34.5397135736688,0.9667811496308222,0.0003514877753332257,0.01020570658147335,0.35,1.0,1.0,True,10,0.0001,0.0464158883361277,0.9
167,32.69633246903951,0.9884312115186754,0.0005354829481802881,0.004718392621725798,0.35,1.0,1.0,True,10,0.0001,0.01,0.9
168,30.284906498283718,0.9533395220836004,0.0009358408278785646,0.006200525909662247,0.35,1.0,1.0,True,10,0.0001,0.0046415888336127,0.9
169,31.26749525015952,0.9630327113703185,0.0007461414206773043,0.005064287688583136,0.35,1.0,1.0,True,10,0.0001,0.1,0.9
170,40.612428402318095,0.9898675243275085,8.668356167618185e-05,0.005349345505237579,0.35,1.0,1.0,True,10,0.0001,0.0464158883361277,0.9
171,31.129991719070027,0.9569591556832394,0.0007491876604035497,0.010718107223510742,0.35,1.0,1.0,True,10,0.0001,0.0004641588833612,0.9
172,39.20656462928173,0.9804266094392544,0.00011974079097853974,0.004602664615958929,0.35,1.0,1.0,True,10,0.0001,0.01,0.9
173,40.64747610427645,0.9914081504316645,8.573490049457178e-05,0.0056549375876784325,0.35,1.0,1.0,True,10,0.0001,0.0021544346900318,0.9
174,27.639432812730817,0.964974432535877,0.0017128661274909973,0.007514549419283867,0.35,1.0,1.0,True,10,0.0001,0.01,0.9
175,27.462696952827663,0.8864119984278017,0.0013515754835680127,0.004470926243811846,0.35,1.0,1.0,True,10,0.0001,0.0464158883361277,0.9
176,28.168438557860163,0.954202956767028,0.001523612649179995,0.0076065813191235065,0.35,1.0,1.0,True,10,0.0001,0.0215443469003188,0.9
177,39.0727502809152,0.9883410760246686,0.00012371210323181003,0.005590274930000305,0.35,1.0,1.0,True,10,0.0001,0.001,0.9
178,35.50885554505247,0.9693658143374204,0.0002644981141202152,0.005267671309411526,0.35,1.0,1.0,True,10,0.0001,0.0046415888336127,0.9
179,23.268868983341605,0.8868687321349474,0.004689678084105253,0.011373949237167835,0.35,1.0,1.0,True,10,0.0001,0.0215443469003188,0.9
180,37.59359208745434,0.966267490965171,0.00017091695917770267,0.003267755499109626,0.35,1.0,1.0,True,10,0.0001,0.01,0.9
181,30.793207804911027,0.9622514999411055,0.0008289738325402141,0.010910823941230774,0.35,1.0,1.0,True,10,0.0001,0.0046415888336127,0.9
182,35.54059941721084,0.9710671349944714,0.0002790252328850329,0.00577233312651515,0.35,1.0,1.0,True,10,0.0001,0.0464158883361277,0.9
183,35.589665489279035,0.9933203422801783,0.00027571109239943326,0.006762135773897171,0.35,1.0,1.0,True,10,0.0001,0.01,0.9
184,29.240521355482933,0.9497115304164965,0.0011816389160230756,0.00915934145450592,0.35,1.0,1.0,True,10,0.0001,0.01,0.9
185,20.01276743180218,0.8119772835011866,0.009945324622094631,0.012768092565238476,0.35,1.0,1.0,True,10,0.0001,0.0046415888336127,0.9
186,37.02061296801339,0.97070680026607,0.00019847907242365181,0.005288847256451845,0.35,1.0,1.0,True,10,0.0001,0.0464158883361277,0.9
187,29.323063677883063,0.9496710285144571,0.001163299661129713,0.015120487660169601,0.35,1.0,1.0,True,10,0.0001,0.0046415888336127,0.9
188,39.49723434062253,0.987417140643048,0.00011205103510292247,0.0034117072355002165,0.35,1.0,1.0,True,10,0.0001,0.0464158883361277,0.9
189,37.909259026159624,0.9715516176478413,0.00015994295245036483,0.006777322385460138,0.35,1.0,1.0,True,10,0.0001,0.0021544346900318,0.9
190,39.078882045858144,0.987857587151114,0.00012337170483078808,0.005409571807831526,0.35,1.0,1.0,True,10,0.0001,0.0464158883361277,0.9
191,34.70692760081356,0.9835964247076873,0.0003381237911526114,0.004479966126382351,0.35,1.0,1.0,True,10,0.0001,0.0215443469003188,0.9
192,38.330685820205744,0.9784547415157344,0.0001463901426177472,0.005309252068400383,0.35,1.0,1.0,True,10,0.0001,0.1,0.9
193,30.303238627385415,0.9237594588806755,0.0009114965796470642,0.01067234855145216,0.35,1.0,1.0,True,10,0.0001,0.01,0.9
194,24.486185587064895,0.9144246322424819,0.0035535527858883142,0.013022366911172867,0.35,1.0,1.0,True,10,0.0001,0.0215443469003188,0.9
195,34.800436256301694,0.9549219664589909,0.00032995198853313923,0.009382040239870548,0.35,1.0,1.0,True,10,0.0001,0.01,0.9
196,24.137116615687255,0.9039863276098214,0.003779362188652158,0.005865451414138079,0.35,1.0,1.0,True,10,0.0001,0.0215443469003188,0.9
197,29.673653704304463,0.9211299803234845,0.001074210274964571,0.02758525311946869,0.35,1.0,1.0,True,10,0.0001,0.0046415888336127,0.9
198,19.923127776352874,0.8372037212311033,0.010150079615414143,0.0084249097853899,0.35,1.0,1.0,True,10,0.0001,0.0464158883361277,0.9
199,29.365964292146806,0.9463557259201757,0.0010998048819601536,0.009827223606407642,0.35,1.0,1.0,True,10,0.0001,0.01,0.9
200,27.505474935022605,0.9555769412162242,0.0017453349428251386,0.007396372966468334,0.35,1.0,1.0,True,10,0.0001,0.0046415888336127,0.9
201,23.942097085474895,0.867065257696777,0.0039439732208848,0.004533118102699518,0.35,1.0,1.0,True,10,0.0001,0.1,0.9
202,38.654868461738594,0.9804830377838806,0.00013575312914326787,0.0060712420381605625,0.35,1.0,1.0,True,10,0.0001,0.01,0.9
203,27.61278725389289,0.9170876100188543,0.0016973301535472274,0.01293192058801651,0.35,1.0,1.0,True,10,0.0001,0.0046415888336127,0.9
204,38.45122633562782,0.9693664775236718,0.00014264797209762037,0.004061718005686998,0.35,1.0,1.0,True,10,0.0001,0.0464158883361277,0.9
205,28.10932074591384,0.9506421024969733,0.0015413820510730147,0.012621138244867325,0.35,1.0,1.0,True,10,0.0001,0.0215443469003188,0.9
206,42.25372852185369,0.9894896112574635,5.942246571066789e-05,0.004817497450858355,0.35,1.0,1.0,True,10,0.0001,0.0464158883361277,0.9
207,31.999420784670537,0.9620544549589064,0.0006308267475105822,0.0059568388387560844,0.35,1.0,1.0,True,10,0.0001,0.0464158883361277,0.9
208,27.034530338706006,0.912389638492505,0.0019773058593273163,0.01636994630098343,0.35,1.0,1.0,True,10,0.0001,0.0464158883361277,0.9
209,36.801694719998764,0.9708770521992377,0.00020860982476733625,0.005330668296664953,0.35,1.0,1.0,True,10,0.0001,0.0464158883361277,0.9
210,21.715895849066836,0.8664966638449906,0.006670813541859388,0.012501235119998455,0.35,1.0,1.0,True,10,0.0001,0.01,0.9
211,43.79547024474466,0.9866694992540791,4.109826113563031e-05,0.004012265242636204,0.35,1.0,1.0,True,10,0.0001,0.0046415888336127,0.9
212,28.822293905009843,0.9578083292710892,0.0013104226673021913,0.008070269599556923,0.35,1.0,1.0,True,10,0.0001,0.0215443469003188,0.9
213,28.17239895588412,0.9361994189632197,0.001356367371045053,0.00630617793649435,0.35,1.0,1.0,True,10,0.0001,0.0215443469003188,0.9
214,30.859177697680806,0.9757492179810324,0.0008193097310140729,0.005490914918482304,0.35,1.0,1.0,True,10,0.0001,0.0464158883361277,0.9
215,31.84667695948424,0.9539964534457623,0.000606715097092092,0.006850537844002247,0.35,1.0,1.0,True,10,0.0001,0.0046415888336127,0.9
216,35.00545044069148,0.9662895660666735,0.0002727281826082617,0.005551036447286606,0.35,1.0,1.0,True,10,0.0001,0.01,0.9
217,36.77844850403098,0.9795984429902214,0.00020894090994261205,0.003724042559042573,0.35,1.0,1.0,True,10,0.0001,0.0046415888336127,0.9
218,36.002223250281304,0.9662044128889393,0.000250486220465973,0.008607721887528896,0.35,1.0,1.0,True,10,0.0001,0.0215443469003188,0.9
219,22.20466972628424,0.8444952445459701,0.00601414917036891,0.01551950816065073,0.35,1.0,1.0,True,10,0.0001,0.0464158883361277,0.9
220,22.694289935649564,0.8807078174306262,0.005330424290150404,0.008113962598145008,0.35,1.0,1.0,True,10,0.0001,0.0021544346900318,0.9
221,32.78796560276955,0.9714543625358704,0.0005254687857814133,0.00562197994440794,0.35,1.0,1.0,True,10,0.0001,0.0464158883361277,0.9
222,31.3272957649747,0.9456902904161113,0.0007121086237020791,0.004501569550484419,0.35,1.0,1.0,True,10,0.0001,0.01,0.9
223,36.84068501297568,0.9705403598008141,0.0002068084286293015,0.0057837748900055885,0.35,1.0,1.0,True,10,0.0001,0.0464158883361277,0.9
224,27.61324073718912,0.9526004417884952,0.0016471670242026448,0.007823103107511997,0.35,1.0,1.0,True,10,0.0001,0.01,0.9
225,40.40611723404424,0.9867552033211302,9.103677439270541e-05,0.0059721702709794044,0.35,1.0,1.0,True,10,0.0001,0.0004641588833612,0.9
226,29.842350525655583,0.975500082068522,0.0010365302441641688,0.004717736970633268,0.35,1.0,1.0,True,10,0.0001,0.0464158883361277,0.9
227,36.99688504368628,0.9728710610646335,0.00019934236479457468,0.005054226610809565,0.35,1.0,1.0,True,10,0.0001,0.0464158883361277,0.9
228,25.74672401745701,0.9238023389788235,0.0026561212725937366,0.0127261346206069,0.35,1.0,1.0,True,10,0.0001,0.0215443469003188,0.9
229,26.188158220373058,0.8963981501126644,0.0015537249855697155,0.004033323843032122,0.35,1.0,1.0,True,10,0.0001,0.1,0.9
230,29.4954322052227,0.9297720422262808,0.0010167269501835108,0.009367992170155048,0.35,1.0,1.0,True,10,0.0001,0.0021544346900318,0.9
231,39.70236510857199,0.9804179826049736,0.00010683951404644176,0.0038989409804344177,0.35,1.0,1.0,True,10,0.0001,0.0464158883361277,0.9
232,38.74106237713559,0.9752143446752038,0.00013334324466995895,0.003920553717762232,0.35,1.0,1.0,True,10,0.0001,0.0464158883361277,0.9
233,33.878959444604824,0.9799404590706831,0.0004088702262379229,0.009331070818006992,0.35,1.0,1.0,True,10,0.0001,0.0215443469003188,0.9
234,26.213661071465065,0.9525357472092313,0.0022959853522479534,0.006705549079924822,0.35,1.0,1.0,True,10,0.0001,0.0004641588833612,0.9
235,-38.4072526204971,0.2830668684572658,6905.85546875,159.16366577148438,0.35,1.0,1.0,True,10,0.0001,0.0001,0.9
236,42.71795749765556,0.9833775052283693,5.3413972636917606e-05,0.0039063310250639915,0.35,1.0,1.0,True,10,0.0001,0.0215443469003188,0.9
237,32.36605287491799,0.9718989444775478,0.0005737822502851486,0.007829231210052967,0.35,1.0,1.0,True,10,0.0001,0.0021544346900318,0.9
238,31.338027548085456,0.9397513050397607,0.0007257777615450323,0.014739841222763062,0.35,1.0,1.0,True,10,0.0001,0.0046415888336127,0.9
239,41.160609078818304,0.9833486911958954,7.649045437574387e-05,0.005929685663431883,0.35,1.0,1.0,True,10,0.0001,0.0464158883361277,0.9
240,33.90458945299882,0.960256008583172,0.00040564752998761833,0.003575329901650548,0.35,1.0,1.0,True,10,0.0001,0.0046415888336127,0.9
241,28.86466536299039,0.9672034959182897,0.0012968207010999322,0.004268714692443609,0.35,1.0,1.0,True,10,0.0001,0.0464158883361277,0.9
242,28.258091536640947,0.9647940774135852,0.0014907524455338717,0.005659964866936207,0.35,1.0,1.0,True,10,0.0001,0.01,0.9
243,40.72360776126573,0.9818668047617832,8.012118632905185e-05,0.0039683980867266655,0.35,1.0,1.0,True,10,0.0001,0.0046415888336127,0.9
244,38.521784402418476,0.9676953013236678,0.00014036387437954545,0.004657530691474676,0.35,1.0,1.0,True,10,0.0001,0.0215443469003188,0.9
245,33.259668970182375,0.9316639168912658,0.00041200482519343495,0.005185688380151987,0.35,1.0,1.0,True,10,0.0001,0.1,0.9
246,26.96329463004892,0.9350485292254198,0.0019811673555523157,0.005503586493432522,0.35,1.0,1.0,True,10,0.0001,0.0021544346900318,0.9
247,35.282462767724425,0.9822887911147008,0.0002958908735308796,0.008355536498129368,0.35,1.0,1.0,True,10,0.0001,0.01,0.9
248,38.55629046414961,0.9640015486101124,0.00011899733362952247,0.005340258590877056,0.35,1.0,1.0,True,10,0.0001,0.0046415888336127,0.9
249,39.9918465022554,0.9786728452295219,9.991889237426221e-05,0.0047499616630375385,0.35,1.0,1.0,True,10,0.0001,0.001,0.9
250,38.902750833726564,0.9785102890771732,0.0001285757462028414,0.004883413203060627,0.35,1.0,1.0,True,10,0.0001,0.0464158883361277,0.9
251,36.533645212400316,0.971156841138199,0.000192174717085436,0.0035297649446874857,0.35,1.0,1.0,True,10,0.0001,0.001,0.9
252,24.02149851534137,0.8772682435768817,0.003916820045560598,0.01063341461122036,0.35,1.0,1.0,True,10,0.0001,0.01,0.9
253,44.38313203889345,0.9834959365050736,3.57488461304456e-05,0.0024904138408601284,0.35,1.0,1.0,True,10,0.0001,0.0046415888336127,0.9
254,29.855322321299923,0.9857242620089721,0.0010274144588038325,0.008167223073542118,0.35,1.0,1.0,True,10,0.0001,0.0046415888336127,0.9
255,25.463101703679595,0.8798052828735647,0.002195371314883232,0.004496478941291571,0.35,1.0,1.0,True,10,0.0001,0.1,0.9
256,37.61890555895465,0.9814998249612725,0.000141340380650945,0.0025354556273669004,0.35,1.0,1.0,True,10,0.0001,0.0046415888336127,0.9
257,37.0502172727942,0.976723730125848,0.00019709442858584225,0.003928627353161573,0.35,1.0,1.0,True,10,0.0001,0.0464158883361277,0.9
258,30.5222053793071,0.9501540722215877,0.0008407936547882855,0.0067936694249510765,0.35,1.0,1.0,True,10,0.0001,0.0046415888336127,0.9
259,30.06948119939476,0.9403176358348322,0.0009571036207489669,0.011240042746067047,0.35,1.0,1.0,True,10,0.0001,0.0215443469003188,0.9
260,41.757540133968966,0.984437720340718,6.662042142124847e-05,0.004650595132261515,0.35,1.0,1.0,True,10,0.0001,0.0464158883361277,0.9
261,42.05868241043737,0.9626707652635619,6.200464849825948e-05,0.0037236374337226152,0.35,1.0,1.0,True,10,0.0001,0.0215443469003188,0.9
262,38.79386682070921,0.9650177294378802,0.00011745957453968003,0.003696856088936329,0.35,1.0,1.0,True,10,0.0001,0.0021544346900318,0.9
263,27.595903872929156,0.9436177591052217,0.0017375326715409756,0.010967036709189415,0.35,1.0,1.0,True,10,0.0001,0.0215443469003188,0.9
264,31.499267318307794,0.9798706737342142,0.0007071857689879835,0.005065446253865957,0.35,1.0,1.0,True,10,0.0001,0.0464158883361277,0.9
265,36.56603689238437,0.9706700072000024,0.00021775432105641812,0.003033774672076106,0.35,1.0,1.0,True,10,0.0001,0.0215443469003188,0.9
266,21.07589454153318,0.8840878015639735,0.007797724567353725,0.0066170464269816875,0.35,1.0,1.0,True,10,0.0001,0.01,0.9
267,27.16911984170334,0.9545610968035072,0.0018297255737707019,0.008737985044717789,0.35,1.0,1.0,True,10,0.0001,0.01,0.9
268,34.79166654724156,0.9761209684905622,0.00033157668076455593,0.0047956835478544235,0.35,1.0,1.0,True,10,0.0001,0.0464158883361277,0.9
269,30.32194938821517,0.9523459063425768,0.0008421427919529378,0.008989255875349045,0.35,1.0,1.0,True,10,0.0001,0.01,0.9
270,27.17162691400779,0.9503992359779614,0.0019117260817438364,0.010878951288759708,0.35,1.0,1.0,True,10,0.0001,0.0046415888336127,0.9
271,34.44039369652356,0.9571199715291261,0.00035692667006514966,0.005270984023809433,0.35,1.0,1.0,True,10,0.0001,0.001,0.9
272,23.593143989439177,0.8674265613454868,0.004271551966667175,0.010402055457234383,0.35,1.0,1.0,True,10,0.0001,0.0046415888336127,0.9
273,37.54789922295485,0.9780826433431992,0.0001754309341777116,0.0048684836365282536,0.35,1.0,1.0,True,10,0.0001,0.01,0.9
274,30.312891088020642,0.9647022480350775,0.000918544945307076,0.009499166160821915,0.35,1.0,1.0,True,10,0.0001,0.001,0.9
275,17.483566027041036,0.8071110476953554,0.017781559377908707,0.006729353219270706,0.35,1.0,1.0,True,10,0.0001,0.0464158883361277,0.9
276,37.08299171910272,0.9619896545606378,0.00019384175539016724,0.0034813040401786566,0.35,1.0,1.0,True,10,0.0001,0.0046415888336127,0.9
277,35.42188687037094,0.9761048231439202,0.000284102774458006,0.00893410388380289,0.35,1.0,1.0,True,10,0.0001,0.01,0.9
278,36.73766644631895,0.9556334652045071,0.0002047725283773616,0.0038408280815929174,0.35,1.0,1.0,True,10,0.0001,0.0004641588833612,0.9
279,22.998897645233356,0.8921971187665645,0.004997320473194122,0.012707493267953396,0.35,1.0,1.0,True,10,0.0001,0.0464158883361277,0.9
280,38.2589668329497,0.9702559364469427,0.00013695161032956094,0.004624336492270231,0.35,1.0,1.0,True,10,0.0001,0.0021544346900318,0.9
281,22.244017596709934,0.894964700573272,0.005953311454504728,0.007002539932727814,0.35,1.0,1.0,True,10,0.0001,0.0215443469003188,0.9
282,36.56722649243002,0.9504033859946042,0.0002203731273766607,0.007561664562672377,0.35,1.0,1.0,True,10,0.0001,0.0215443469003188,0.9
283,38.823536526607654,0.9825951886835236,0.00013100735668558627,0.005430800840258598,0.35,1.0,1.0,True,10,0.0001,0.0464158883361277,0.9
284,27.922354845182497,0.9599673788613948,0.0015899910358712077,0.010119528509676456,0.35,1.0,1.0,True,10,0.0001,0.0046415888336127,0.9
285,30.105832391855852,0.9450843436768427,0.0009560937760397792,0.01053460594266653,0.35,1.0,1.0,True,10,0.0001,0.0021544346900318,0.9
286,37.35305987042678,0.9797037804366634,0.00018338562222197652,0.0052728657610714436,0.35,1.0,1.0,True,10,0.0001,0.0464158883361277,0.9
287,36.437007019712276,0.973456527795585,0.00022584589896723628,0.004559031222015619,0.35,1.0,1.0,True,10,0.0001,0.0215443469003188,0.9
288,42.74837675247366,0.9826529546418795,5.280204277369194e-05,0.004572856239974499,0.35,1.0,1.0,True,10,0.0001,0.0464158883361277,0.9
289,26.84309396427397,0.945405987604599,0.0020282617770135403,0.015753740444779396,0.35,1.0,1.0,True,10,0.0001,0.0046415888336127,0.9
290,36.84801499637545,0.9749668077618591,0.00020647987548727542,0.004079888574779034,0.35,1.0,1.0,True,10,0.0001,0.0464158883361277,0.9
291,21.397902566824033,0.8648107648267646,0.007181209046393633,0.010913832113146782,0.35,1.0,1.0,True,10,0.0001,0.0046415888336127,0.9
292,25.302004471701412,0.93409082977057,0.0028704225551337004,0.006978297606110573,0.35,1.0,1.0,True,10,0.0001,0.0021544346900318,0.9
293,34.0991262783098,0.9593584292997885,0.0003850581997539848,0.0063014705665409565,0.35,1.0,1.0,True,10,0.0001,0.0021544346900318,0.9
294,32.375407505452245,0.9458582562243545,0.0004481410142034292,0.004203664138913155,0.35,1.0,1.0,True,10,0.0001,0.0046415888336127,0.9
295,24.389693883138996,0.9234345278157723,0.0035910250153392553,0.0131683936342597,0.35,1.0,1.0,True,10,0.0001,0.01,0.9
296,28.751744802779836,0.954069434619971,0.0013162068789824843,0.009183913469314575,0.35,1.0,1.0,True,10,0.0001,0.0046415888336127,0.9
297,25.644121482391235,0.91661873948472,0.0026462411042302847,0.016379816457629204,0.35,1.0,1.0,True,10,0.0001,0.001,0.9
298,40.07537136680953,0.9754889840096758,9.819456317927688e-05,0.006328072864562273,0.35,1.0,1.0,True,10,0.0001,0.0215443469003188,0.9
299,37.42460238182837,0.9892229470736718,0.00018067468772642314,0.005584429018199444,0.35,1.0,1.0,True,10,0.0001,0.0215443469003188,0.9
300,43.818748996227875,0.983948134677821,4.124639599467628e-05,0.003508578985929489,0.35,1.0,1.0,True,10,0.0001,0.01,0.9
301,24.147887231462914,0.929936214073242,0.0037101535126566887,0.007864837534725666,0.35,1.0,1.0,True,10,0.0001,0.0004641588833612,0.9
302,24.683013011221327,0.9095375519418865,0.003401285968720913,0.017209723591804504,0.35,1.0,1.0,True,10,0.0001,0.0464158883361277,0.9
303,23.070073800038333,0.8991740550653639,0.004901062697172165,0.012080175802111626,0.35,1.0,1.0,True,10,0.0001,0.0215443469003188,0.9
304,19.96126480282745,0.8227252187961818,0.010022024624049664,0.0074911341071128845,0.35,1.0,1.0,True,10,0.0001,0.1,0.9
305,26.489145016484215,0.9574253621370868,0.002223897958174348,0.01460776012390852,0.35,1.0,1.0,True,10,0.0001,0.0046415888336127,0.9
306,34.50912633383256,0.976066190914719,0.000348948931787163,0.007380584254860878,0.35,1.0,1.0,True,10,0.0001,0.01,0.9
307,27.369522047684324,0.9335544043476718,0.001746375230140984,0.010760201141238213,0.35,1.0,1.0,True,10,0.0001,0.0046415888336127,0.9
308,30.114906315735695,0.9469228954034232,0.0009278123616240919,0.006171814166009426,0.35,1.0,1.0,True,10,0.0001,0.0046415888336127,0.9
309,38.34257895137766,0.9878606526690494,0.00014631600060965866,0.004268139600753784,0.35,1.0,1.0,True,10,0.0001,0.0464158883361277,0.9
310,34.55248714019916,0.9617726963063389,0.0003389846533536911,0.007175572216510773,0.35,1.0,1.0,True,10,0.0001,0.0021544346900318,0.9
311,38.8466201918046,0.9680279789817345,0.00012870217324234545,0.003535713767632842,0.35,1.0,1.0,True,10,0.0001,0.0215443469003188,0.9
312,24.2301974405207,0.9225329162741636,0.0037546337116509676,0.007371874060481787,0.35,1.0,1.0,True,10,0.0001,0.0215443469003188,0.9
313,31.094240236443483,0.9606926076198756,0.0007764202309772372,0.005812309216707945,0.35,1.0,1.0,True,10,0.0001,0.0464158883361277,0.9
314,35.653373123383226,0.9627145570544267,0.0002680271863937378,0.004096361808478832,0.35,1.0,1.0,True,10,0.0001,0.01,0.9
315,42.90081606010994,0.9943348682947818,5.1156021072529256e-05,0.0034184674732387066,0.35,1.0,1.0,True,10,0.0001,0.0464158883361277,0.9
316,37.14646938110938,0.9832571099201838,0.00018756742065306753,0.005131174810230732,0.35,1.0,1.0,True,10,0.0001,0.0046415888336127,0.9
317,24.44686286320026,0.9197654160118294,0.0033831673208624125,0.017861682921648026,0.35,1.0,1.0,True,10,0.0001,0.001,0.9
318,37.487441711695986,0.950447898246617,0.000176988571183756,0.005900806747376919,0.35,1.0,1.0,True,10,0.0001,0.0215443469003188,0.9
319,31.846139998264302,0.9657054517814126,0.0006536036962643266,0.009572543203830719,0.35,1.0,1.0,True,10,0.0001,0.0464158883361277,0.9
320,29.74869173816266,0.9636026560814265,0.001049391576088965,0.006552175153046846,0.35,1.0,1.0,True,10,0.0001,0.0046415888336127,0.9
321,40.01273168082567,0.9745193565623802,9.961010800907388e-05,0.004843129310756922,0.35,1.0,1.0,True,10,0.0001,0.0464158883361277,0.9
322,20.37328708829028,0.8196152375358176,0.009095088578760624,0.009399309754371643,0.35,1.0,1.0,True,10,0.0001,0.0215443469003188,0.9
323,29.51648114668219,0.9742997140307421,0.0011057843221351504,0.008713350631296635,0.35,1.0,1.0,True,10,0.0001,0.0046415888336127,0.9
324,33.8388241502921,0.9880745403999146,0.0004109846777282655,0.010230441577732563,0.35,1.0,1.0,True,10,0.0001,0.01,0.9
325,41.08032473965167,0.9888923033933521,6.204308738233522e-05,0.0036839290987700224,0.35,1.0,1.0,True,10,0.0001,0.0021544346900318,0.9
326,29.328510593265356,0.952072068364566,0.001166669768281281,0.006518601439893246,0.35,1.0,1.0,True,10,0.0001,0.0464158883361277,0.9
327,28.663495989753383,0.931407366851412,0.0013529467396438122,0.0065095010213553905,0.35,1.0,1.0,True,10,0.0001,0.0215443469003188,0.9
328,37.29231133099739,0.9733034849043847,0.00017773809668142349,0.004238455556333065,0.35,1.0,1.0,True,10,0.0001,0.0046415888336127,0.9
329,37.09901142576571,0.9863871368123036,0.0001949222496477887,0.0042090280912816525,0.35,1.0,1.0,True,10,0.0001,0.0215443469003188,0.9
330,28.10442501349872,0.9557842651710791,0.0015186520759016275,0.006069412920624018,0.35,1.0,1.0,True,10,0.0001,0.0046415888336127,0.9
331,41.88150338443543,0.9904238926429375,6.476068665506318e-05,0.003535541705787182,0.35,1.0,1.0,True,10,0.0001,0.0215443469003188,0.9
332,30.894697077969056,0.9548482552249565,0.0008110838243737817,0.006296083796769381,0.35,1.0,1.0,True,10,0.0001,0.0215443469003188,0.9
333,32.87332097294772,0.9810174224730984,0.0005154226091690361,0.004523834679275751,0.35,1.0,1.0,True,10,0.0001,0.0215443469003188,0.9
334,40.94710060891455,0.9817640168748035,8.035289647523314e-05,0.007439222652465105,0.35,1.0,1.0,True,10,0.0001,0.01,0.9
335,29.459229816660475,0.9351979954815993,0.0011049025924876332,0.010295693762600422,0.35,1.0,1.0,True,10,0.0001,0.001,0.9
336,36.074525906525125,0.9548643029557293,0.00023699423763900995,0.004677379969507456,0.35,1.0,1.0,True,10,0.0001,0.01,0.9
337,21.817960309843514,0.8807210806589226,0.0065532345324754715,0.0074085635133087635,0.35,1.0,1.0,True,10,0.0001,0.1,0.9
338,34.58200796502296,0.9882261490735722,0.00034208170836791396,0.005310969427227974,0.35,1.0,1.0,True,10,0.0001,0.0046415888336127,0.9
339,40.69305116063781,0.9835291553454011,8.513316424796358e-05,0.0044183614663779736,0.35,1.0,1.0,True,10,0.0001,0.01,0.9
340,36.54934251503564,0.9712810104922367,0.00021328224102035165,0.005045033060014248,0.35,1.0,1.0,True,10,0.0001,0.0046415888336127,0.9
341,21.262479426433814,0.8439970807697008,0.007395138964056969,0.012491878122091293,0.35,1.0,1.0,True,10,0.0001,0.0464158883361277,0.9
342,31.574577142168106,0.9486755752019099,0.000490750593598932,0.005941620096564293,0.35,1.0,1.0,True,10,0.0001,0.0021544346900318,0.9
343,31.199277755155528,0.9437446055320641,0.0005690829129889607,0.007433769293129444,0.35,1.0,1.0,True,10,0.0001,0.001,0.9
344,38.21399395701155,0.9700556036673094,0.00015063511091284454,0.004004540853202343,0.35,1.0,1.0,True,10,0.0001,0.0464158883361277,0.9
345,29.18888944028774,0.9486697725144333,0.0011504312278702855,0.008307856507599354,0.35,1.0,1.0,True,10,0.0001,0.01,0.9
346,28.012223503716918,0.8772767694826528,0.0015366721199825406,0.012973673641681671,0.35,1.0,1.0,True,10,0.0001,0.001,0.9
347,26.27509101532152,0.9499883879172174,0.0022978067863732576,0.010348967276513577,0.35,1.0,1.0,True,10,0.0001,0.0046415888336127,0.9
348,40.80514885579148,0.9821450794413609,8.29671262181364e-05,0.00538802333176136,0.35,1.0,1.0,True,10,0.0001,0.0464158883361277,0.9
349,37.94357356677946,0.9680198900809106,0.00016048867837525904,0.005257276818156242,0.35,1.0,1.0,True,10,0.0001,0.1,0.9
350,35.13072660388663,0.9707442958319273,0.00030656790477223694,0.0059094675816595554,0.35,1.0,1.0,True,10,0.0001,0.0215443469003188,0.9
351,29.645579646488294,0.9663049987718171,0.0010840335162356496,0.0050185429863631725,0.35,1.0,1.0,True,10,0.0001,0.0215443469003188,0.9
352,29.932560247399934,0.9387429129597572,0.0010156395146623254,0.007308459375053644,0.35,1.0,1.0,True,10,0.0001,0.0464158883361277,0.9
353,20.307131135583212,0.8560896242425227,0.009285107254981995,0.009662847965955734,0.35,1.0,1.0,True,10,0.0001,0.01,0.9
354,32.7997357806329,0.9804154606949311,0.0005245678476057947,0.007528843358159065,0.35,1.0,1.0,True,10,0.0001,0.0464158883361277,0.9
355,23.807369244013287,0.9174158450531301,0.004153971094638109,0.008493470028042793,0.35,1.0,1.0,True,10,0.0001,0.0464158883361277,0.9
356,22.244452989009474,0.8840383844436841,0.005949036218225956,0.007621074095368385,0.35,1.0,1.0,True,10,0.0001,0.0215443469003188,0.9
357,27.146075253050277,0.9437628857430044,0.0019026206573471427,0.012185132130980492,0.35,1.0,1.0,True,10,0.0001,0.01,0.9
358,31.21908421848415,0.9673388050897941,0.0007212143391370773,0.004062536638230085,0.35,1.0,1.0,True,10,0.0001,0.01,0.9
359,39.60912608524668,0.9796364556371366,0.00010939098137896508,0.006008077412843704,0.35,1.0,1.0,True,10,0.0001,0.0215443469003188,0.9
360,38.54420896208991,0.9661204556408804,0.00013973879686091095,0.004785677883774042,0.35,1.0,1.0,True,10,0.0001,0.0464158883361277,0.9
361,35.12687363170035,0.954790062964024,0.0002797301858663559,0.003841930301859975,0.35,1.0,1.0,True,10,0.0001,0.0215443469003188,0.9
362,26.44622539809163,0.9457955840894312,0.0022661949042230844,0.008091063238680363,0.35,1.0,1.0,True,10,0.0001,0.0464158883361277,0.9
363,41.6223556255078,0.9871970836161583,6.876781117171049e-05,0.004822211340069771,0.35,1.0,1.0,True,10,0.0001,0.0215443469003188,0.9
364,36.64099496667711,0.9794371442867383,0.00021660274069290608,0.0058020930737257,0.35,1.0,1.0,True,10,0.0001,0.0464158883361277,0.9
365,33.46200247664869,0.9701814186000972,0.0004242667055223137,0.005244820844382048,0.35,1.0,1.0,True,10,0.0001,0.0046415888336127,0.9
366,33.75957662107875,0.9703811746325163,0.0004173344059381634,0.01044413074851036,0.35,1.0,1.0,True,10,0.0001,0.01,0.9
367,36.05087863910515,0.9653099125445319,0.00024749620934017,0.006284855306148529,0.35,1.0,1.0,True,10,0.0001,0.0215443469003188,0.9
368,36.82575760086461,0.985968291744113,0.00020733867131639272,0.011512958444654942,0.35,1.0,1.0,True,10,0.0001,0.0215443469003188,0.9
369,23.739287614934916,0.914899917014863,0.0042124418541789055,0.010701451450586319,0.35,1.0,1.0,True,10,0.0001,0.0215443469003188,0.9
370,39.44371174490667,0.9781912425600215,0.00011353164882166311,0.008889678865671158,0.35,1.0,1.0,True,10,0.0001,0.0464158883361277,0.9
371,29.470827297129137,0.9566075208200905,0.0009639860363677144,0.006180513184517622,0.35,1.0,1.0,True,10,0.0001,0.0004641588833612,0.9
372,34.47943340012715,0.9730497143847409,0.00032894493779167533,0.005516434088349342,0.35,1.0,1.0,True,10,0.0001,0.01,0.9
373,43.17361465755381,0.9882110939952242,4.806087235920131e-05,0.006597553845494986,0.35,1.0,1.0,True,10,0.0001,0.0215443469003188,0.9
374,38.47202520752027,0.9715485539137394,0.00013481055793818086,0.0033647497184574604,0.35,1.0,1.0,True,10,0.0001,0.0021544346900318,0.9
375,29.561344516315767,0.9784767735822528,0.0010956916958093643,0.0046789818443357944,0.35,1.0,1.0,True,10,0.0001,0.0046415888336127,0.9
376,35.92448283640577,0.977331350277821,0.0002521580026950687,0.0031915255822241306,0.35,1.0,1.0,True,10,0.0001,0.0021544346900318,0.9
377,26.886782019087477,0.9420920355442259,0.002001492539420724,0.007264424115419388,0.35,1.0,1.0,True,10,0.0001,0.01,0.9
378,25.612190848659676,0.8895275977197977,0.0026184769812971354,0.008896605111658573,0.35,1.0,1.0,True,10,0.0001,0.0046415888336127,0.9
379,23.283504895440956,0.910424881830996,0.004689003806561232,0.012018516659736633,0.35,1.0,1.0,True,10,0.0001,0.0215443469003188,0.9
380,21.71843077469795,0.8802931673167518,0.006622385233640671,0.014574442058801651,0.35,1.0,1.0,True,10,0.0001,0.0021544346900318,0.9
381,24.316184530393613,0.8895454940697759,0.0036388644948601723,0.013761905021965504,0.35,1.0,1.0,True,10,0.0001,0.0215443469003188,0.9
382,32.55217948765179,0.9781498250054624,0.0005516698583960533,0.008214493282139301,0.35,1.0,1.0,True,10,0.0001,0.0021544346900318,0.9
383,35.7305547427145,0.9643644088316013,0.00024736268096603453,0.004928539507091045,0.35,1.0,1.0,True,10,0.0001,0.0021544346900318,0.9
384,38.16902826761933,0.9777167955542251,0.0001522601378383115,0.004321380518376827,0.35,1.0,1.0,True,10,0.0001,0.0464158883361277,0.9
385,36.01350046437877,0.9651571073337728,0.0002496619999874383,0.00848306342959404,0.35,1.0,1.0,True,10,0.0001,0.01,0.9
386,20.992071545650038,0.8778232284575284,0.007874025031924248,0.014706871472299099,0.35,1.0,1.0,True,10,0.0001,0.0046415888336127,0.9
387,22.64341573732223,0.9162746666823932,0.00541220186278224,0.010246423073112965,0.35,1.0,1.0,True,10,0.0001,0.0215443469003188,0.9
388,27.052843882335576,0.9657844695482707,0.0019514980958774686,0.008982846513390541,0.35,1.0,1.0,True,10,0.0001,0.0046415888336127,0.9
389,39.043867108525404,0.984087830649687,0.00012351575423963368,0.003940490074455738,0.35,1.0,1.0,True,10,0.0001,0.0046415888336127,0.9
390,40.039179626421074,0.9907301548864573,9.901275188894942e-05,0.004969352390617132,0.35,1.0,1.0,True,10,0.0001,0.1,0.9
391,32.75450117925848,0.9416631104115116,0.0005288301035761833,0.006860531400889158,0.35,1.0,1.0,True,10,0.0001,0.0464158883361277,0.9
392,17.158206355749787,0.7450958227175764,0.019199680536985397,0.011306369677186012,0.35,1.0,1.0,True,10,0.0001,0.0215443469003188,0.9
393,27.103243231687067,0.9515599910365907,0.001867991522885859,0.009937995113432407,0.35,1.0,1.0,True,10,0.0001,0.0021544346900318,0.9
394,36.54326045673433,0.9555069023995084,0.0002210369275417179,0.004122914746403694,0.35,1.0,1.0,True,10,0.0001,0.01,0.9
395,38.56239191596521,0.9846933914811742,0.00013652759662363678,0.01184084638953209,0.35,1.0,1.0,True,10,0.0001,0.0046415888336127,0.9
396,39.30893303645562,0.9601846977653149,0.00011652878310997039,0.005205093417316675,0.35,1.0,1.0,True,10,0.0001,0.0215443469003188,0.9
397,28.556514621637717,0.9403389396897534,0.0013786711497232318,0.01012658141553402,0.35,1.0,1.0,True,10,0.0001,0.0021544346900318,0.9
398,32.19789521438114,0.9642709755368523,0.0005991872167214751,0.0033551263622939587,0.35,1.0,1.0,True,10,0.0001,0.0021544346900318,0.9
399,37.87956233991594,0.9776453174827515,0.00016275366942863911,0.005201385356485844,0.35,1.0,1.0,True,10,0.0001,0.01,0.9
400,42.27496783798578,0.9936490846861258,5.9157624491490424e-05,0.0038814987055957317,0.35,1.0,1.0,True,10,0.0001,0.0215443469003188,0.9
401,30.00243637164699,0.9341017415086759,0.0008165541803464293,0.00411259476095438,0.35,1.0,1.0,True,10,0.0001,0.1,0.9
402,38.53485834432409,0.9861669529179424,0.00013342018064577132,0.0037169719580560923,0.35,1.0,1.0,True,10,0.0001,0.0021544346900318,0.9
403,23.4081411832097,0.88649790000953,0.004545335192233324,0.013753751292824745,0.35,1.0,1.0,True,10,0.0001,0.0215443469003188,0.9
404,35.70484670938401,0.9654713801278418,0.00026877119671553373,0.005156616680324078,0.35,1.0,1.0,True,10,0.0001,0.0464158883361277,0.9
405,25.522300927060986,0.9329483480383983,0.0028011410031467676,0.023991914466023445,0.35,1.0,1.0,True,10,0.0001,0.01,0.9
406,25.492032828802238,0.9437266462881375,0.002816137857735157,0.010007770732045174,0.35,1.0,1.0,True,10,0.0001,0.01,0.9
407,26.100810533895125,0.9374535456146003,0.002451355801895261,0.014346987940371037,0.35,1.0,1.0,True,10,0.0001,0.0215443469003188,0.9
408,35.90261103640712,0.9721856447103961,0.00023429031716659665,0.008437054231762886,0.35,1.0,1.0,True,10,0.0001,0.0046415888336127,0.9
409,40.06146272826987,0.9611130079141096,9.758846135810018e-05,0.0038460749201476574,0.35,1.0,1.0,True,10,0.0001,0.01,0.9
410,44.32403315329901,0.9932373065051648,3.691934034577571e-05,0.00394271407276392,0.35,1.0,1.0,True,10,0.0001,0.0464158883361277,0.9
411,34.229894720340056,0.971373381852427,0.00037227198481559753,0.004547234624624252,0.35,1.0,1.0,True,10,0.0001,0.01,0.9
412,36.837898038578196,0.9839848195528468,0.00020690422388724983,0.005480122286826372,0.35,1.0,1.0,True,10,0.0001,0.0215443469003188,0.9
413,31.42027062129866,0.9636250146586829,0.0007207490270957351,0.008501863107085228,0.35,1.0,1.0,True,10,0.0001,0.0215443469003188,0.9
414,39.382057833076296,0.9792800999647323,0.00011506528244353831,0.005343614611774683,0.35,1.0,1.0,True,10,0.0001,0.0464158883361277,0.9
415,41.634093202939454,0.9872956763264811,6.860650319140404e-05,0.004016825929284096,0.35,1.0,1.0,True,10,0.0001,0.0464158883361277,0.9
416,28.612036678773176,0.9494046734990043,0.0013671847991645336,0.010953455232083797,0.35,1.0,1.0,True,10,0.0001,0.0046415888336127,0.9
417,21.49872379446965,0.8619536302344137,0.006923890206962824,0.0328485369682312,0.35,1.0,1.0,True,10,0.0001,0.01,0.9
418,43.1963948631114,0.9930714157374405,4.7633973736083135e-05,0.004888174589723349,0.35,1.0,1.0,True,10,0.0001,0.01,0.9
419,25.842268886613162,0.9436173812477582,0.0026021599769592285,0.00782573688775301,0.35,1.0,1.0,True,10,0.0001,0.0464158883361277,0.9
420,29.129811033801705,0.9578443160136417,0.0012204328086227179,0.010403436608612537,0.35,1.0,1.0,True,10,0.0001,0.01,0.9
421,34.76514114706124,0.9721176703186596,0.0003281128592789173,0.004302528221160173,0.35,1.0,1.0,True,10,0.0001,0.01,0.9
422,39.34195880678813,0.9828438560167948,0.00011629797518253326,0.004120707046240568,0.35,1.0,1.0,True,10,0.0001,0.0215443469003188,0.9
423,34.24150830517139,0.9719492292840907,0.0003752274496946484,0.006981546059250832,0.35,1.0,1.0,True,10,0.0001,0.01,0.9
424,37.20017463976001,0.9562097419018716,0.00018979930609930307,0.005244874861091375,0.35,1.0,1.0,True,10,0.0001,0.0464158883361277,0.9
425,31.184387044452894,0.9814749389456275,0.000744845368899405,0.005257318262010813,0.35,1.0,1.0,True,10,0.0001,0.0046415888336127,0.9
426,23.73177819198108,0.9274319636811367,0.004077016841620207,0.010352307930588722,0.35,1.0,1.0,True,10,0.0001,0.0046415888336127,0.9
427,35.13908674993571,0.9621490098697483,0.0003055669949389994,0.006425808183848858,0.35,1.0,1.0,True,10,0.0001,0.0464158883361277,0.9
428,37.45132328669621,0.9719290527888987,0.00017882524116430432,0.004931717179715633,0.35,1.0,1.0,True,10,0.0001,0.0021544346900318,0.9
429,25.735771500679494,0.8713531910734326,0.0025977541226893663,0.01494422648102045,0.35,1.0,1.0,True,10,0.0001,0.0046415888336127,0.9
430,44.83717836541055,0.9816713092619913,3.256850686739199e-05,0.0031673291232436895,0.35,1.0,1.0,True,10,0.0001,0.0021544346900318,0.9
431,28.649992554377576,0.9555288903930362,0.0012891460210084915,0.005229144357144833,0.35,1.0,1.0,True,10,0.0001,0.0046415888336127,0.9
432,24.43234689308924,0.9219445436712358,0.0035962979309260845,0.008861570619046688,0.35,1.0,1.0,True,10,0.0001,0.0464158883361277,0.9
433,38.676700772074106,0.9716755064094768,0.00013281645078677684,0.005083881784230471,0.35,1.0,1.0,True,10,0.0001,0.0004641588833612,0.9
434,38.34011181651564,0.9789880534366804,0.0001465027016820386,0.004787844605743885,0.35,1.0,1.0,True,10,0.0001,0.0215443469003188,0.9
435,24.878380579664817,0.8746164867800292,0.0032300911843776703,0.01328071765601635,0.35,1.0,1.0,True,10,0.0001,0.0215443469003188,0.9
436,22.121430966584306,0.911240343452586,0.006086291745305061,0.015726886689662933,0.35,1.0,1.0,True,10,0.0001,0.0215443469003188,0.9
437,33.043905796104895,0.9628164921536411,0.0004857467720285058,0.005089396145194769,0.35,1.0,1.0,True,10,0.0001,0.0046415888336127,0.9
438,31.445349540623386,0.9832945884473553,0.0007163397967815399,0.0037408822681754827,0.35,1.0,1.0,True,10,0.0001,0.0215443469003188,0.9
439,33.64971356076073,0.970099640450795,0.00042992254020646214,0.007356925401836634,0.35,1.0,1.0,True,10,0.0001,0.0215443469003188,0.9
440,38.32766674877885,0.9800793907006335,0.0001467625261284411,0.004178788047283888,0.35,1.0,1.0,True,10,0.0001,0.0215443469003188,0.9
441,37.363500387043935,0.9671778761780792,0.00018346248543821275,0.005217687226831913,0.35,1.0,1.0,True,10,0.0001,0.0464158883361277,0.9
442,26.637262887996176,0.9391979180637774,0.002164856530725956,0.006918430328369141,0.35,1.0,1.0,True,10,0.0001,0.0215443469003188,0.9
443,25.320395218777428,0.8412306257008197,0.002888111863285303,0.015794631093740463,0.35,1.0,1.0,True,10,0.0001,0.0046415888336127,0.9
444,32.78691139777629,0.9608847002572811,0.0005260668112896383,0.009233458898961544,0.35,1.0,1.0,True,10,0.0001,0.0464158883361277,0.9
445,37.94360171113281,0.9735933363099339,0.00016018729365896434,0.00566191365942359,0.35,1.0,1.0,True,10,0.0001,0.0464158883361277,0.9
446,28.208405752037056,0.95603343918612,0.0015085620107129216,0.005095651838928461,0.35,1.0,1.0,True,10,0.0001,0.0215443469003188,0.9
447,34.65972964237792,0.9626571906132718,0.00031663215486332774,0.0033802888356149197,0.35,1.0,1.0,True,10,0.0001,0.0046415888336127,0.9
448,26.86670106546359,0.905781795025153,0.0018404442816972733,0.01226495485752821,0.35,1.0,1.0,True,10,0.0001,0.0046415888336127,0.9
449,28.545847434187685,0.9340566574097049,0.001277836738154292,0.008626237511634827,0.35,1.0,1.0,True,10,0.0001,0.0021544346900318,0.9
450,37.12004499722331,0.9705451434426263,0.0001940059446496889,0.004386743064969778,0.35,1.0,1.0,True,10,0.0001,0.0215443469003188,0.9
451,37.37701571310583,0.9613655073139566,0.00018178696336690336,0.0044145346619188786,0.35,1.0,1.0,True,10,0.0001,0.0215443469003188,0.9
452,25.090896238911853,0.9478752738325227,0.003086867742240429,0.00995693076401949,0.35,1.0,1.0,True,10,0.0001,0.01,0.9
453,29.19832695795433,0.9499780367156423,0.0011956067755818367,0.006709820590913296,0.35,1.0,1.0,True,10,0.0001,0.0046415888336127,0.9
454,36.91212362013407,0.983206594322488,0.00019897903257515281,0.0060769859701395035,0.35,1.0,1.0,True,10,0.0001,0.01,0.9
455,30.084736455417268,0.96419968701307,0.0009761906112544239,0.008010067977011204,0.35,1.0,1.0,True,10,0.0001,0.0215443469003188,0.9
456,23.118092984189836,0.8997672559295553,0.004825701005756855,0.010814785026013851,0.35,1.0,1.0,True,10,0.0001,0.01,0.9
457,34.554315121375495,0.9698205794235624,0.0003001311852131039,0.0063396948389709,0.35,1.0,1.0,True,10,0.0001,0.0046415888336127,0.9
458,42.6283930626737,0.9902689664848572,5.4496304073836654e-05,0.004884962923824787,0.35,1.0,1.0,True,10,0.0001,0.0215443469003188,0.9
459,26.934493178109335,0.9513766120088943,0.0020223306491971016,0.005718444939702749,0.35,1.0,1.0,True,10,0.0001,0.0464158883361277,0.9
460,28.159761965577637,0.950567468301123,0.0015156499575823545,0.012080740183591843,0.35,1.0,1.0,True,10,0.0001,0.01,0.9
461,35.36644021707629,0.9838050753339526,0.00029034039471298456,0.0065758116543293,0.35,1.0,1.0,True,10,0.0001,0.1,0.9
462,25.746034088395938,0.9460874928855428,0.002613644115626812,0.01350142527371645,0.35,1.0,1.0,True,10,0.0001,0.0046415888336127,0.9
463,19.18354359340025,0.8287301246026123,0.011970004066824913,0.03213360533118248,0.35,1.0,1.0,True,10,0.0001,0.0004641588833612,0.9
464,31.557672025128333,0.947346246344786,0.0005849856534041464,0.006627810653299093,0.35,1.0,1.0,True,10,0.0001,0.0215443469003188,0.9
465,33.86192302319437,0.9783660445450753,0.0004023135988973081,0.005633119959384203,0.35,1.0,1.0,True,10,0.0001,0.0021544346900318,0.9
466,25.236027406877305,0.9276826320975583,0.00294834328815341,0.006042499095201492,0.35,1.0,1.0,True,10,0.0001,0.001,0.9
467,24.56436810510351,0.9311444927771048,0.0034899981692433357,0.006787991616874933,0.35,1.0,1.0,True,10,0.0001,0.0464158883361277,0.9
468,23.58128332408787,0.8823859796049462,0.004347567446529865,0.010207383893430233,0.35,1.0,1.0,True,10,0.0001,0.0215443469003188,0.9
469,39.305836341390766,0.9576522375623262,0.00010895500599872321,0.004386394750326872,0.35,1.0,1.0,True,10,0.0001,0.0046415888336127,0.9
470,37.029683356732576,0.9707273559796675,0.00019534437160473317,0.003874637419357896,0.35,1.0,1.0,True,10,0.0001,0.0021544346900318,0.9
471,35.339568001809155,0.9851774031256005,0.00029142198036424816,0.004425378516316414,0.35,1.0,1.0,True,10,0.0001,0.0215443469003188,0.9
472,37.56163200304667,0.9833737435693958,0.00016305195458699018,0.004588755313307047,0.35,1.0,1.0,True,10,0.0001,0.0046415888336127,0.9
473,26.577587593056403,0.9470489043785668,0.0021791146136820316,0.010948712937533855,0.35,1.0,1.0,True,10,0.0001,0.01,0.9
474,32.771933359059744,0.9775434171144685,0.0005271270638331771,0.004371325485408306,0.35,1.0,1.0,True,10,0.0001,0.0215443469003188,0.9
475,36.99793946081911,0.9750390826994544,0.00018750167510006577,0.004347898531705141,0.35,1.0,1.0,True,10,0.0001,0.0046415888336127,0.9
476,22.703699841897365,0.8704561672963479,0.005297269206494093,0.01019194908440113,0.35,1.0,1.0,True,10,0.0001,0.01,0.9
477,35.773857979120024,0.9636341362837914,0.0002380914520472288,0.004264588467776775,0.35,1.0,1.0,True,10,0.0001,0.0046415888336127,0.9
478,45.336073189900375,0.994260841278961,2.9244261895655654e-05,0.004109135363250971,0.35,1.0,1.0,True,10,0.0001,0.0464158883361277,0.9
479,23.430975378366277,0.9072147579791584,0.004530943464487791,0.006551739294081926,0.35,1.0,1.0,True,10,0.0001,0.0215443469003188,0.9
480,38.10742449673978,0.9591618914722289,0.00015434956003446132,0.0045790039002895355,0.35,1.0,1.0,True,10,0.0001,0.0464158883361277,0.9
481,37.49371983560458,0.9786513013029,0.0001763039908837527,0.0069652702659368515,0.35,1.0,1.0,True,10,0.0001,0.01,0.9
482,39.814678224430786,0.9819866896167752,0.00010420812031952664,0.0041548688896000385,0.35,1.0,1.0,True,10,0.0001,0.0464158883361277,0.9
483,28.239086519225186,0.9549420630046088,0.0014818336348980665,0.0070448401384055614,0.35,1.0,1.0,True,10,0.0001,0.0021544346900318,0.9
484,25.390011286346695,0.9457195812324014,0.0028830061201006174,0.01057162694633007,0.35,1.0,1.0,True,10,0.0001,0.0215443469003188,0.9
485,19.100080766354502,0.7779177835363765,0.012112936936318874,0.00877049844712019,0.35,1.0,1.0,True,10,0.0001,0.0464158883361277,0.9
486,27.641784344247803,0.9694794919899251,0.0016796992858871818,0.007221463602036238,0.35,1.0,1.0,True,10,0.0001,0.0001,0.9
487,32.24397819617737,0.9831542084675947,0.0005886591388843954,0.005237898323684931,0.35,1.0,1.0,True,10,0.0001,0.001,0.9
488,33.74937485334877,0.9775399533556957,0.00042068990296684206,0.009223059751093388,0.35,1.0,1.0,True,10,0.0001,0.01,0.9
489,28.52736418136456,0.9667868250817583,0.001377343782223761,0.009634651243686676,0.35,1.0,1.0,True,10,0.0001,0.0046415888336127,0.9
490,26.919756863856353,0.9439884986962942,0.00183720956556499,0.00907246582210064,0.35,1.0,1.0,True,10,0.0001,0.0046415888336127,0.9
491,21.65674851807414,0.9002280852010156,0.006807492580264807,0.007769357413053513,0.35,1.0,1.0,True,10,0.0001,0.0464158883361277,0.9
492,28.780107364400926,0.9615913250159676,0.001322833588346839,0.007361238822340965,0.35,1.0,1.0,True,10,0.0001,0.0464158883361277,0.9
493,35.723163062367675,0.9690736850225765,0.0002675374853424728,0.010426645167171955,0.35,1.0,1.0,True,10,0.0001,0.0464158883361277,0.9
494,40.28117391164357,0.9829368536563358,9.360380499856547e-05,0.004264898132532835,0.35,1.0,1.0,True,10,0.0001,0.0464158883361277,0.9
495,43.9938604417392,0.9945977783240032,3.97727417293936e-05,0.004020216409116983,0.35,1.0,1.0,True,10,0.0001,0.0046415888336127,0.9
496,33.227900629049685,0.9699413446388501,0.00041180639527738094,0.0058715189807116985,0.35,1.0,1.0,True,10,0.0001,0.001,0.9
497,36.20875640627346,0.9808604692342481,0.0002315354358870536,0.004538260400295258,0.35,1.0,1.0,True,10,0.0001,0.001,0.9
498,34.859903156885835,0.970377932730351,0.0003259709046687931,0.015466811135411263,0.35,1.0,1.0,True,10,0.0001,0.0215443469003188,0.9
499,30.67884711741349,0.9412497045362697,0.0008459744858555496,0.008695391938090324,0.35,1.0,1.0,True,10,0.0001,0.01,0.9
500,24.245356922021024,0.8719290105816453,0.0036494145169854164,0.004972727503627539,0.35,1.0,1.0,True,10,0.0001,0.1,0.9
501,31.104621893870853,0.9704607563752631,0.000774783780798316,0.004455080255866051,0.35,1.0,1.0,True,10,0.0001,0.0215443469003188,0.9
502,30.477158665710853,0.9680680091751372,0.0008300308254547417,0.006430858746170998,0.35,1.0,1.0,True,10,0.0001,0.0021544346900318,0.9
503,24.274979150564405,0.9279720868728623,0.003731019562110305,0.006710945162922144,0.35,1.0,1.0,True,10,0.0001,0.01,0.9
504,29.573765295794384,0.9658481580646414,0.0010895802406594157,0.005352324340492487,0.35,1.0,1.0,True,10,0.0001,0.01,0.9
505,28.905691024265437,0.9662049399041047,0.001284160534851253,0.005996990483254194,0.35,1.0,1.0,True,10,0.0001,0.01,0.9
506,30.05424038980033,0.9643150910781264,0.0009802591521292925,0.010677301324903965,0.35,1.0,1.0,True,10,0.0001,0.01,0.9
507,38.570388029911875,0.9724348045739473,0.00013362134632188827,0.0030360978562384844,0.35,1.0,1.0,True,10,0.0001,0.001,0.9
508,31.21409135557547,0.9586129401367393,0.00074250582838431,0.008917108178138733,0.35,1.0,1.0,True,10,0.0001,0.0046415888336127,0.9
509,39.98381083498388,0.9698360423769867,9.943426994141191e-05,0.004451821092516184,0.35,1.0,1.0,True,10,0.0001,0.0215443469003188,0.9
510,31.047539424255113,0.9576980836374226,0.0007073712768033147,0.008295996114611626,0.35,1.0,1.0,True,10,0.0001,0.0021544346900318,0.9
511,29.19754719699654,0.956934166112982,0.0011972506763413548,0.012715260498225689,0.35,1.0,1.0,True,10,0.0001,0.01,0.9
512,36.021838917774275,0.9756569378731543,0.00021280597138684243,0.00644012400880456,0.35,1.0,1.0,True,10,0.0001,0.0021544346900318,0.9
513,24.241671009351297,0.9227771958134039,0.0037466436624526978,0.009603967890143394,0.35,1.0,1.0,True,10,0.0001,0.01,0.9
514,40.43841962143616,0.9716872211826352,9.023728489410132e-05,0.006571851205080748,0.35,1.0,1.0,True,10,0.0001,0.0004641588833612,0.9
515,36.83212651226186,0.9752304017143968,0.0002007415605476126,0.0038250661455094814,0.35,1.0,1.0,True,10,0.0001,0.0021544346900318,0.9
516,26.776145984122056,0.9505989087439912,0.0020145492162555456,0.008921605534851551,0.35,1.0,1.0,True,10,0.0001,0.0021544346900318,0.9
517,37.028407014589035,0.9619733353824931,0.00018416770035400987,0.004084633197635412,0.35,1.0,1.0,True,10,0.0001,0.001,0.9
518,25.428508964979734,0.9052832906994446,0.002762045944109559,0.0067183589562773705,0.35,1.0,1.0,True,10,0.0001,0.0464158883361277,0.9
519,30.92622898737261,0.9729219819769894,0.0006753159686923027,0.00688769668340683,0.35,1.0,1.0,True,10,0.0001,0.0021544346900318,0.9
520,22.905761566615045,0.8792132515954267,0.005075427703559399,0.00483277952298522,0.35,1.0,1.0,True,10,0.0001,0.0464158883361277,0.9
521,28.08853033976365,0.9690591115331502,0.0015520419692620635,0.007394041400402784,0.35,1.0,1.0,True,10,0.0001,0.0464158883361277,0.9
522,32.63082473795448,0.9787671854344684,0.0005448799347504973,0.005245936568826437,0.35,1.0,1.0,True,10,0.0001,0.0215443469003188,0.9
523,26.49386913414711,0.8957781949940967,0.0013495227321982384,0.007955824956297874,0.35,1.0,1.0,True,10,0.0001,0.0004641588833612,0.9
524,31.082610613723602,0.9716810070293483,0.0007790906238369644,0.025035858154296875,0.35,1.0,1.0,True,10,0.0001,0.0464158883361277,0.9
525,34.30195952212276,0.9676762866115791,0.0003523809718899429,0.004117412026971579,0.35,1.0,1.0,True,10,0.0001,0.01,0.9
526,27.54220132429736,0.9527153513856593,0.0017505697906017303,0.009111150167882442,0.35,1.0,1.0,True,10,0.0001,0.01,0.9
527,34.1260112143904,0.960154135160771,0.0003825747699011117,0.0069664218463003635,0.35,1.0,1.0,True,10,0.0001,0.01,0.9
528,28.59212621433293,0.9562580939939763,0.001357488101348281,0.006609000731259584,0.35,1.0,1.0,True,10,0.0001,0.0046415888336127,0.9
529,39.46607867218698,0.9868913106351199,0.00011299461039016023,0.012074492871761322,0.35,1.0,1.0,True,10,0.0001,0.0464158883361277,0.9
530,30.988051823026403,0.9744676183313286,0.0007823556661605835,0.011386478319764137,0.35,1.0,1.0,True,10,0.0001,0.0046415888336127,0.9
531,41.70550421758762,0.9881491866520192,6.746129656676203e-05,0.005864354316145182,0.35,1.0,1.0,True,10,0.0001,0.0464158883361277,0.9
532,24.47322998289081,0.9003802484215667,0.003553475718945265,0.01219012588262558,0.35,1.0,1.0,True,10,0.0001,0.0215443469003188,0.9
533,28.24595919661538,0.9725449128216758,0.0014831513399258256,0.010954376310110092,0.35,1.0,1.0,True,10,0.0001,0.0021544346900318,0.9
534,22.984388556286643,0.887961440773802,0.005011335946619511,0.013590862043201923,0.35,1.0,1.0,True,10,0.0001,0.0215443469003188,0.9
535,35.989327434444874,0.9648129960562423,0.00020968059834558517,0.0027228333055973053,0.35,1.0,1.0,True,10,0.0001,0.0021544346900318,0.9
536,23.693442686925334,0.8935779730328223,0.0042629665695130825,0.010615850798785686,0.35,1.0,1.0,True,10,0.0001,0.01,0.9
537,38.49047140660362,0.9775143546831743,0.00014149183698464185,0.005190220661461353,0.35,1.0,1.0,True,10,0.0001,0.0464158883361277,0.9
538,41.142115797391995,0.9797928509205365,7.63790521887131e-05,0.004392969887703657,0.35,1.0,1.0,True,10,0.0001,0.0215443469003188,0.9
539,33.53911374676982,0.9608335225574741,0.0004407269007060677,0.009632888250052929,0.35,1.0,1.0,True,10,0.0001,0.01,0.9
540,26.88601071414681,0.9196409563100498,0.001985301962122321,0.008324082009494305,0.35,1.0,1.0,True,10,0.0001,0.0046415888336127,0.9
541,34.76386983366132,0.9573462692515153,0.00033207403612323105,0.0048470329493284225,0.35,1.0,1.0,True,10,0.0001,0.0464158883361277,0.9
542,21.965743060425357,0.8643968040135596,0.006313677411526442,0.010343915782868862,0.35,1.0,1.0,True,10,0.0001,0.01,0.9
543,29.811700731466356,0.9218814406155679,0.001031699706800282,0.007799934130162001,0.35,1.0,1.0,True,10,0.0001,0.01,0.9
544,38.43265306944107,0.9677818901183313,0.00014333042781800032,0.00637407461181283,0.35,1.0,1.0,True,10,0.0001,0.0464158883361277,0.9
545,22.844674803758828,0.8898762730327487,0.005144472233951092,0.011895773001015186,0.35,1.0,1.0,True,10,0.0001,0.01,0.9
546,34.0843167587419,0.9504407389152899,0.00038562968256883323,0.01046180259436369,0.35,1.0,1.0,True,10,0.0001,0.01,0.9
547,24.736256168317652,0.9308929677324137,0.003214671276509762,0.008128644898533821,0.35,1.0,1.0,True,10,0.0001,0.001,0.9
548,38.95527256915484,0.9672134852630804,0.0001240944693563506,0.002801136579364538,0.35,1.0,1.0,True,10,0.0001,0.0046415888336127,0.9
549,23.90246865172347,0.874988115340725,0.0040081581100821495,0.006448032800108194,0.35,1.0,1.0,True,10,0.0001,0.0464158883361277,0.9
550,37.03394025783587,0.9677549873712262,0.0001929425197886303,0.0042380960658192635,0.35,1.0,1.0,True,10,0.0001,0.0046415888336127,0.9
551,31.543177659581726,0.965133912630679,0.0005667658988386393,0.006499005481600761,0.35,1.0,1.0,True,10,0.0001,0.0004641588833612,0.9
552,36.51668203586338,0.9824343594204408,0.00022297067334875464,0.005747385323047638,0.35,1.0,1.0,True,10,0.0001,0.0215443469003188,0.9
553,35.168488379916994,0.9537422033593873,0.0002455132198520005,0.003090769285336137,0.35,1.0,1.0,True,10,0.0001,0.01,0.9
554,32.02287795705278,0.9754582141113725,0.0005770451971329749,0.010117510333657265,0.35,1.0,1.0,True,10,0.0001,0.01,0.9
555,25.815095654578265,0.9316616051237342,0.0026175237726420164,0.009234112687408924,0.35,1.0,1.0,True,10,0.0001,0.0215443469003188,0.9
556,36.45332904300915,0.9851023749793401,0.00022522296058014035,0.005940848961472511,0.35,1.0,1.0,True,10,0.0001,0.0046415888336127,0.9
557,28.643117676101898,0.9180406620562599,0.0013355329865589738,0.008524115197360516,0.35,1.0,1.0,True,10,0.0001,0.0021544346900318,0.9
558,39.413392656005,0.980349353254149,0.00011434910265961662,0.004010352306067944,0.35,1.0,1.0,True,10,0.0001,0.0464158883361277,0.9
559,39.31840228112045,0.9751298531690004,0.00011690825340338051,0.004899264313280582,0.35,1.0,1.0,True,10,0.0001,0.0464158883361277,0.9
560,42.589279944692606,0.989358160779326,5.5032676755217835e-05,0.003790406510233879,0.35,1.0,1.0,True,10,0.0001,0.0464158883361277,0.9
561,30.986797602704712,0.9522037248370325,0.0007848702953197062,0.008119326084852219,0.35,1.0,1.0,True,10,0.0001,0.01,0.9
562,32.584680603720095,0.9621221785528741,0.0005298186442814767,0.008907000534236431,0.35,1.0,1.0,True,10,0.0001,0.01,0.9
563,33.170243204707816,0.9624832218091923,0.0004814661224372685,0.010784029960632324,0.35,1.0,1.0,True,10,0.0001,0.0464158883361277,0.9
564,40.5767949883288,0.9879084455524066,8.74853358254768e-05,0.004112018272280693,0.35,1.0,1.0,True,10,0.0001,0.0046415888336127,0.9
565,32.600221619066026,0.9732276710717178,0.0005301564815454185,0.006945858243852854,0.35,1.0,1.0,True,10,0.0001,0.0046415888336127,0.9
566,29.64492209269357,0.9463727285110433,0.0007607167935930192,0.0034946445375680923,0.35,1.0,1.0,True,10,0.0001,0.0464158883361277,0.9
567,36.94287701638195,0.9824241641043878,0.00020211422815918922,0.004618814215064049,0.35,1.0,1.0,True,10,0.0001,0.0464158883361277,0.9
568,25.03744431865563,0.8587372474208937,0.0030387009028345346,0.019437119364738464,0.35,1.0,1.0,True,10,0.0001,0.0002154434690031,0.9
569,25.024589926400974,0.878025174098641,0.0031439592130482197,0.010978291742503643,0.35,1.0,1.0,True,10,0.0001,0.0464158883361277,0.9
570,26.003597237921184,0.9393641764165447,0.002453533001244068,0.008266493678092957,0.35,1.0,1.0,True,10,0.0001,0.0046415888336127,0.9
571,37.65763025415347,0.9930033955657691,0.00017094366194214672,0.005459424573928118,0.35,1.0,1.0,True,10,0.0001,0.01,0.9
572,30.4709227334028,0.9362248996093915,0.0007747006602585316,0.006956607569009066,0.35,1.0,1.0,True,10,0.0001,0.0002154434690031,0.9
573,38.30546604267949,0.9606601104555484,0.00014727225061506033,0.006169305182993412,0.35,1.0,1.0,True,10,0.0001,0.0464158883361277,0.9
574,36.682216148223,0.9822582624491277,0.00021088466746732593,0.0047147031873464584,0.35,1.0,1.0,True,10,0.0001,0.0021544346900318,0.9
575,33.686372838470675,0.9632352295920822,0.0004277860280126333,0.008347837254405022,0.35,1.0,1.0,True,10,0.0001,0.0464158883361277,0.9
576,42.14373178891992,0.974163601457519,6.096992001403123e-05,0.004030564799904823,0.35,1.0,1.0,True,10,0.0001,0.001,0.9
577,30.511640768322348,0.9301638896082085,0.0008508507744409144,0.009018502198159695,0.35,1.0,1.0,True,10,0.0001,0.0046415888336127,0.9
578,28.493070574792046,0.9468273864717821,0.0014067392330616713,0.008488587103784084,0.35,1.0,1.0,True,10,0.0001,0.0046415888336127,0.9
579,28.818928667418568,0.9609789329016787,0.0013031917624175549,0.00807831808924675,0.35,1.0,1.0,True,10,0.0001,0.01,0.9
580,26.970766510317617,0.9639863904884663,0.002006044378504157,0.006598164793103933,0.35,1.0,1.0,True,10,0.0001,0.01,0.9
581,35.76866446500466,0.9732310125917596,0.0002648613299243152,0.006578648928552866,0.35,1.0,1.0,True,10,0.0001,0.01,0.9
582,23.985379114457253,0.9135922629757899,0.0039511085487902164,0.011161895468831062,0.35,1.0,1.0,True,10,0.0001,0.0046415888336127,0.9
583,39.470713887582626,0.9799258497046736,0.00011288208770565689,0.006275737192481756,0.35,1.0,1.0,True,10,0.0001,0.0215443469003188,0.9
584,29.61145288491618,0.9779982945744344,0.001084769144654274,0.008270573802292347,0.35,1.0,1.0,True,10,0.0001,0.0021544346900318,0.9
585,35.820778963477586,0.9678248522574442,0.00024830762413330376,0.004494952969253063,0.35,1.0,1.0,True,10,0.0001,0.0046415888336127,0.9
586,23.157856024369707,0.8198684606973192,0.004819186870008707,0.01892361044883728,0.35,1.0,1.0,True,10,0.0001,0.01,0.9
587,38.13911416783731,0.9775263512020755,0.00015331867325585335,0.004750843625515699,0.35,1.0,1.0,True,10,0.0001,0.0464158883361277,0.9
588,26.22635542184808,0.9455589919425047,0.0023779203183948994,0.0056097921915352345,0.35,1.0,1.0,True,10,0.0001,0.0215443469003188,0.9
589,26.844551902511693,0.9446462046468421,0.001972119091078639,0.007015252485871315,0.35,1.0,1.0,True,10,0.0001,0.0002154434690031,0.9
590,28.563111072836747,0.94992677393774,0.0013465253869071603,0.00708322087302804,0.35,1.0,1.0,True,10,0.0001,0.0046415888336127,0.9
591,36.08438205993169,0.9633802152916374,0.00023705775674898177,0.003558228025212884,0.35,1.0,1.0,True,10,0.0001,0.0001,0.9
592,26.243029581266406,0.9401151100317761,0.0022521130740642548,0.005616936832666397,0.35,1.0,1.0,True,10,0.0001,0.0021544346900318,0.9
593,28.867791147229944,0.9682651120781037,0.0012961147585883737,0.007378716487437487,0.35,1.0,1.0,True,10,0.0001,0.0215443469003188,0.9
594,37.99998925716012,0.9763137607520948,0.0001570486492710188,0.004075099714100361,0.35,1.0,1.0,True,10,0.0001,0.001,0.9
595,23.547513657572562,0.8671748290346158,0.0043096886947751045,0.004941628780215979,0.35,1.0,1.0,True,10,0.0001,0.0464158883361277,0.9
596,35.746750059625704,0.9701075375664467,0.0002635666460264474,0.006497641559690237,0.35,1.0,1.0,True,10,0.0001,0.0021544346900318,0.9
597,42.20435120211077,0.9874430159635466,6.0088805184932426e-05,0.004342981614172459,0.35,1.0,1.0,True,10,0.0001,0.0464158883361277,0.9
598,34.19022851683804,0.9759368341958191,0.0003807488246820867,0.005927624646574259,0.35,1.0,1.0,True,10,0.0001,0.01,0.9
599,33.42582996202579,0.9650872619543898,0.0004542646056506783,0.009386890567839146,0.35,1.0,1.0,True,10,0.0001,0.0464158883361277,0.9
600,38.28617564977735,0.9755372990564788,0.00014796541654504836,0.006621396169066429,0.35,1.0,1.0,True,10,0.0001,0.01,0.9
601,34.81438522125808,0.9768256039442292,0.00033000350231304765,0.009743697009980679,0.35,1.0,1.0,True,10,0.0001,0.0215443469003188,0.9
602,29.451734073951226,0.9282339574421038,0.0009724165429361165,0.0027215215377509594,0.35,1.0,1.0,True,10,0.0001,0.0464158883361277,0.9
603,32.93215005126331,0.980058416601182,0.0005083808209747076,0.006872639060020447,0.35,1.0,1.0,True,10,0.0001,0.0464158883361277,0.9
604,36.157832984607055,0.9647968318947697,0.00023494541528634727,0.005369914695620537,0.35,1.0,1.0,True,10,0.0001,0.0046415888336127,0.9
605,35.16999242370154,0.9590531789050875,0.00030227628303691745,0.007886037230491638,0.35,1.0,1.0,True,10,0.0001,0.0046415888336127,0.9
606,40.48860159773994,0.992847151170082,8.918428648030385e-05,0.004532258957624435,0.35,1.0,1.0,True,10,0.0001,0.0464158883361277,0.9
607,23.46207875848645,0.922183598095207,0.004483252298086882,0.012253663502633572,0.35,1.0,1.0,True,10,0.0001,0.0046415888336127,0.9
608,37.44371536476045,0.967788980918157,0.00017975017544813454,0.0034277988597750664,0.35,1.0,1.0,True,10,0.0001,0.0046415888336127,0.9
609,32.08068981265115,0.9756179125008815,0.0006184849189594388,0.009415113367140293,0.35,1.0,1.0,True,10,0.0001,0.0021544346900318,0.9
610,23.096042434951332,0.8991996369971457,0.004900107625871897,0.013602395541965961,0.35,1.0,1.0,True,10,0.0001,0.0464158883361277,0.9
611,36.02818427242039,0.9720191446943179,0.00024569378001615405,0.004572425968945026,0.35,1.0,1.0,True,10,0.0001,0.0021544346900318,0.9
612,35.574406696720395,0.9793982871022879,0.0002753277076408267,0.005952882114797831,0.35,1.0,1.0,True,10,0.0001,0.01,0.9
613,33.076021924938,0.9486599786762606,0.0004887686227448285,0.008864626288414001,0.35,1.0,1.0,True,10,0.0001,0.0004641588833612,0.9
614,19.751268100922456,0.817565146125343,0.010526461526751518,0.011780585162341595,0.35,1.0,1.0,True,10,0.0001,0.0215443469003188,0.9
615,31.455098563965013,0.9742734627519476,0.000700018834322691,0.007578729186207056,0.35,1.0,1.0,True,10,0.0001,0.0046415888336127,0.9
616,37.032212400000326,0.987151433039991,0.00018607992387842387,0.004624293651431799,0.35,1.0,1.0,True,10,0.0001,0.0046415888336127,0.9
617,32.15509607792183,0.9763623836024504,0.0006039967993274331,0.009285960346460342,0.35,1.0,1.0,True,10,0.0001,0.01,0.9
618,27.658827807708644,0.9693822630203422,0.0016660195542499423,0.010689896531403065,0.35,1.0,1.0,True,10,0.0001,0.0021544346900318,0.9
619,36.82027460119858,0.9745669044992503,0.00020294914429541677,0.003095576772466302,0.35,1.0,1.0,True,10,0.0001,0.01,0.9
620,17.830843117498123,0.7530489735519549,0.016448913142085075,0.013211561366915703,0.35,1.0,1.0,True,10,0.0001,0.01,0.9
621,35.760961369695416,0.9626439164389767,0.00024724050308577716,0.004051325377076864,0.35,1.0,1.0,True,10,0.0001,0.0046415888336127,0.9
622,42.3871107083843,0.9882349729138139,5.770505958935246e-05,0.004971793387085199,0.35,1.0,1.0,True,10,0.0001,0.0464158883361277,0.9
623,36.935956146930764,0.9669050570765761,0.00019951019203290343,0.005945764482021332,0.35,1.0,1.0,True,10,0.0001,0.01,0.9
624,35.01763069962951,0.9908165932009217,0.0003133245336357504,0.009128586389124393,0.35,1.0,1.0,True,10,0.0001,0.01,0.9
625,32.70389464939574,0.9385731415467489,0.0005297460011206567,0.007645247969776392,0.35,1.0,1.0,True,10,0.0001,0.0046415888336127,0.9
626,33.74165726974247,0.9784608454404109,0.00042222425690852106,0.004010056611150503,0.35,1.0,1.0,True,10,0.0001,0.0464158883361277,0.9
627,37.1768332109854,0.9803086435124355,0.0001911891158670187,0.0032386863604187965,0.35,1.0,1.0,True,10,0.0001,0.0215443469003188,0.9
628,35.3349816456269,0.9818332307079136,0.00023428128042723984,0.005351730156689882,0.35,1.0,1.0,True,10,0.0001,0.001,0.9
629,37.84603728914292,0.9709978637865084,0.00016147548740264028,0.0032336413860321045,0.35,1.0,1.0,True,10,0.0001,0.01,0.9
630,41.04118684985366,0.9767139537261859,7.85098091000691e-05,0.004049545153975487,0.35,1.0,1.0,True,10,0.0001,0.0021544346900318,0.9
631,36.178729676168984,0.9700750455767747,0.0002368289278820157,0.00504121882840991,0.35,1.0,1.0,True,10,0.0001,0.001,0.9
632,38.39136312865046,0.9555683380186988,0.00014264279161579907,0.0032276478596031666,0.35,1.0,1.0,True,10,0.0001,0.0046415888336127,0.9
633,30.490649085138596,0.9598704925031853,0.0008884557173587382,0.006787768565118313,0.35,1.0,1.0,True,10,0.0001,0.01,0.9
634,26.210712887740804,0.9632571503064442,0.002384479157626629,0.006898446939885616,0.35,1.0,1.0,True,10,0.0001,0.001,0.9
635,39.3529721202898,0.9939284424294629,0.00011599307617871091,0.004078439902514219,0.35,1.0,1.0,True,10,0.0001,0.0215443469003188,0.9
636,36.36194130534356,0.9782376360567239,0.00023096708173397928,0.0047115543857216835,0.35,1.0,1.0,True,10,0.0001,0.0215443469003188,0.9
637,29.500608689347104,0.9624360263716695,0.0010593055048957467,0.0055459970608353615,0.35,1.0,1.0,True,10,0.0001,0.0046415888336127,0.9
638,32.81343029443341,0.9658171242896864,0.000523122085724026,0.010140222497284412,0.35,1.0,1.0,True,10,0.0001,0.0464158883361277,0.9
639,35.59277982922053,0.9715142095820946,0.00027270728605799377,0.005036182701587677,0.35,1.0,1.0,True,10,0.0001,0.0021544346900318,0.9
640,25.09649687545707,0.9375115089028135,0.003041405463591218,0.009373013861477375,0.35,1.0,1.0,True,10,0.0001,0.01,0.9
641,23.864888711050398,0.8756328218553352,0.003986451309174299,0.005318550392985344,0.35,1.0,1.0,True,10,0.0001,0.0464158883361277,0.9
642,32.443213370132085,0.9609063642620426,0.0005593884270638227,0.008150680921971798,0.35,1.0,1.0,True,10,0.0001,0.01,0.9
643,27.454929363865457,0.933792904734427,0.0017721388721838593,0.006262754090130329,0.35,1.0,1.0,True,10,0.0001,0.01,0.9
644,31.78044978769101,0.9622227470049302,0.000600010680500418,0.007309591863304377,0.35,1.0,1.0,True,10,0.0001,0.0004641588833612,0.9
645,38.48465768231464,0.9770799328883489,0.00014167935296427459,0.0048111299984157085,0.35,1.0,1.0,True,10,0.0001,0.0215443469003188,0.9
646,23.1798908877774,0.9126178451360311,0.004787667188793421,0.009342988952994347,0.35,1.0,1.0,True,10,0.0001,0.01,0.9
647,29.375761726452048,0.969158731108787,0.0010286623146384954,0.006766741629689932,0.35,1.0,1.0,True,10,0.0001,0.0002154434690031,0.9
648,30.644220828533378,0.902375054576216,0.0007268001791089773,0.005478956270962954,0.35,1.0,1.0,True,10,0.0001,0.0464158883361277,0.9
649,38.72306775741575,0.9823200190122652,0.0001341252791462466,0.005346032790839672,0.35,1.0,1.0,True,10,0.0001,0.0464158883361277,0.9
650,32.57586496513931,0.9801594674033646,0.0003077176515944302,0.004575975239276886,0.35,1.0,1.0,True,10,0.0001,0.0046415888336127,0.9
651,35.95818769695568,0.9759247818014078,0.00025306857423856854,0.01473982073366642,0.35,1.0,1.0,True,10,0.0001,0.01,0.9
652,35.577013745635725,0.9657652576226199,0.000263575668213889,0.0034110185224562883,0.35,1.0,1.0,True,10,0.0001,0.0004641588833612,0.9
653,23.96758301577509,0.9075221026895839,0.003922252915799618,0.008787620812654495,0.35,1.0,1.0,True,10,0.0001,0.001,0.9
654,24.36110103665285,0.9359266044781579,0.003649248741567135,0.007174891885370016,0.35,1.0,1.0,True,10,0.0001,0.0046415888336127,0.9
655,43.084725600953284,0.9933842682924556,4.9021935410564765e-05,0.005316170398145914,0.35,1.0,1.0,True,10,0.0001,0.0464158883361277,0.9
656,35.44691944018677,0.9482070417619157,0.00023578251420985907,0.004995964467525482,0.35,1.0,1.0,True,10,0.0001,0.0021544346900318,0.9
657,35.72304464957337,0.9694650729405007,0.00021524600742850453,0.0029211274813860655,0.35,1.0,1.0,True,10,0.0001,0.0004641588833612,0.9
658,38.35320007358508,0.9776862062536895,9.934415720636025e-05,0.003203057451173663,0.35,1.0,1.0,True,10,0.0001,0.01,0.9
659,37.32941851874268,0.9632306485768443,0.00017082472913898528,0.0038954727351665497,0.35,1.0,1.0,True,10,0.0001,0.0046415888336127,0.9
660,25.43025426307352,0.8915645709352064,0.0027763748075813055,0.00825551524758339,0.35,1.0,1.0,True,10,0.0001,0.0215443469003188,0.9
661,33.208196381109914,0.9571602922105937,0.0004564779228530824,0.005911996588110924,0.35,1.0,1.0,True,10,0.0001,0.0046415888336127,0.9
662,26.216308566724194,0.9491261327552721,0.002366890897974372,0.011694327928125858,0.35,1.0,1.0,True,10,0.0001,0.0046415888336127,0.9
663,34.96307762677669,0.9826554411366751,0.00031773161026649177,0.004046151414513588,0.35,1.0,1.0,True,10,0.0001,0.0215443469003188,0.9
664,26.71120971613425,0.9553401831833509,0.002125266706570983,0.009825724177062511,0.35,1.0,1.0,True,10,0.0001,0.0021544346900318,0.9
665,26.985861455500384,0.9454966990355983,0.002000209176912904,0.006765078753232956,0.35,1.0,1.0,True,10,0.0001,0.0464158883361277,0.9
666,29.492586162724347,0.9227274211336953,0.0011063091224059463,0.01270908024162054,0.35,1.0,1.0,True,10,0.0001,0.01,0.9
667,30.572760300271582,0.9771227605018085,0.0008757188334129751,0.005720899440348148,0.35,1.0,1.0,True,10,0.0001,0.0215443469003188,0.9
668,25.831038416242667,0.9321859417988337,0.002576234517619014,0.010338922962546349,0.35,1.0,1.0,True,10,0.0001,0.0046415888336127,0.9
669,23.634068303585806,0.9241296791916538,0.004324561916291714,0.010420066304504871,0.35,1.0,1.0,True,10,0.0001,0.01,0.9
670,38.925977134503775,0.9731327089547372,0.00011899123637704179,0.0030899187549948692,0.35,1.0,1.0,True,10,0.0001,0.01,0.9
671,23.668519675078752,0.8923080543784657,0.004283400252461433,0.005202492233365774,0.35,1.0,1.0,True,10,0.0001,0.0215443469003188,0.9
672,39.6314467716714,0.9837256566658846,0.0001087902783183381,0.003924124408513308,0.35,1.0,1.0,True,10,0.0001,0.0464158883361277,0.9
673,33.08312982138772,0.9729920579168573,0.0004911895957775414,0.004930146504193544,0.35,1.0,1.0,True,10,0.0001,0.0215443469003188,0.9
674,34.004163609100544,0.9501794560997909,0.0003907113859895617,0.002856013597920537,0.35,1.0,1.0,True,10,0.0001,0.1,0.9
675,26.261238233841482,0.9236377108859194,0.0022333760280162096,0.011472238227725029,0.35,1.0,1.0,True,10,0.0001,0.0046415888336127,0.9
676,38.48319595006725,0.9685598608602312,0.00012526185309980065,0.00437824334949255,0.35,1.0,1.0,True,10,0.0001,0.0021544346900318,0.9
677,21.28790426658447,0.8328816059219516,0.007419990841299295,0.008606219664216042,0.35,1.0,1.0,True,10,0.0001,0.0215443469003188,0.9
678,21.81493896247244,0.8872277915352327,0.006535031832754612,0.011633121408522129,0.35,1.0,1.0,True,10,0.0001,0.01,0.9
679,44.30688576226585,0.9894444907412809,3.693404869409278e-05,0.0038538698572665453,0.35,1.0,1.0,True,10,0.0001,0.0215443469003188,0.9
680,37.53236170531184,0.9656500169705557,0.00017639306315686554,0.007990033365786076,0.35,1.0,1.0,True,10,0.0001,0.0464158883361277,0.9
681,22.56397838947672,0.8991589748755461,0.005499175749719143,0.010031488724052906,0.35,1.0,1.0,True,10,0.0001,0.01,0.9
682,36.13059595009887,0.9715231581215273,0.00023242975294124335,0.005598107352852821,0.35,1.0,1.0,True,10,0.0001,0.0046415888336127,0.9
683,38.70763419347228,0.9788539329364941,0.00013451938866637647,0.004137970507144928,0.35,1.0,1.0,True,10,0.0001,0.0215443469003188,0.9
684,32.72462781311995,0.9483476147224783,0.00047019467456266284,0.0038274447433650494,0.35,1.0,1.0,True,10,0.0001,0.01,0.9
685,36.65193910949557,0.9815222318173685,0.0002160430303774774,0.004879220388829708,0.35,1.0,1.0,True,10,0.0001,0.0464158883361277,0.9
686,35.894441277389475,0.9790853408652562,0.0002562807931099087,0.008907638490200043,0.35,1.0,1.0,True,10,0.0001,0.01,0.9
687,37.47242520177799,0.9821451313109344,0.00017893944459501654,0.006397100631147623,0.35,1.0,1.0,True,10,0.0001,0.0215443469003188,0.9
688,36.8275778271564,0.9712634703107909,0.00020749247050844133,0.006141431629657745,0.35,1.0,1.0,True,10,0.0001,0.0464158883361277,0.9
689,38.01494841784258,0.9745013910519695,0.00015790629549883306,0.004733575973659754,0.35,1.0,1.0,True,10,0.0001,0.0215443469003188,0.9
690,39.746066582814386,0.9853906212115067,0.00010588904115138575,0.0045720250345766544,0.35,1.0,1.0,True,10,0.0001,0.0215443469003188,0.9
691,33.83222206057828,0.9760506612136268,0.00041066372068598866,0.005332356784492731,0.35,1.0,1.0,True,10,0.0001,0.0021544346900318,0.9
692,27.23544260035359,0.9251641176248852,0.0018819300457835197,0.009688518941402435,0.35,1.0,1.0,True,10,0.0001,0.01,0.9
693,26.719122148534296,0.9479483647663165,0.002116560935974121,0.008891058154404163,0.35,1.0,1.0,True,10,0.0001,0.0046415888336127,0.9
694,40.443625147725015,0.989993086540293,9.016524563776329e-05,0.0036630353424698114,0.35,1.0,1.0,True,10,0.0001,0.0464158883361277,0.9
695,28.018570265809952,0.9590760132276729,0.00154917745385319,0.007219670806080103,0.35,1.0,1.0,True,10,0.0001,0.0001,0.9
696,31.174421489422063,0.9358441597321701,0.0007457712199538946,0.010110125876963139,0.35,1.0,1.0,True,10,0.0001,0.0215443469003188,0.9
697,24.247074838645737,0.8917856006729306,0.0036062023136764765,0.006541057024151087,0.35,1.0,1.0,True,10,0.0001,0.0046415888336127,0.9
698,34.159802072140465,0.9866775858943554,0.0003736313374247402,0.006604230497032404,0.35,1.0,1.0,True,10,0.0001,0.0004641588833612,0.9
699,21.53219505435706,0.8605027624262962,0.00697367824614048,0.009511807933449745,0.35,1.0,1.0,True,10,0.0001,0.0464158883361277,0.9
700,34.45768375961461,0.9758663784378084,0.0003550841356627643,0.005233731120824814,0.35,1.0,1.0,True,10,0.0001,0.01,0.9
701,37.87465887769271,0.9787738827605981,0.0001461042556911707,0.004930232651531696,0.35,1.0,1.0,True,10,0.0001,0.0021544346900318,0.9
702,28.01405722343654,0.9344169748428021,0.001569188665598631,0.009563201107084751,0.35,1.0,1.0,True,10,0.0001,0.0021544346900318,0.9
703,30.140070470420603,0.9577536262933192,0.0009559746831655502,0.009304814971983433,0.35,1.0,1.0,True,10,0.0001,0.0046415888336127,0.9
704,27.51151962014879,0.937739315199338,0.0017229703953489661,0.008266786113381386,0.35,1.0,1.0,True,10,0.0001,0.01,0.9
705,39.588574847121414,0.9736373045619181,0.0001095216503017582,0.003855733200907707,0.35,1.0,1.0,True,10,0.0001,0.0215443469003188,0.9
706,33.269308400783736,0.908610922118151,0.00042393701733089983,0.006299258675426245,0.35,1.0,1.0,True,10,0.0001,0.1,0.9
707,18.114832654739768,0.7630929367833805,0.01540449820458889,0.011446868069469929,0.35,1.0,1.0,True,10,0.0001,0.0215443469003188,0.9
708,36.29814970897601,0.9753639497116623,0.0001944838440977037,0.004197457805275917,0.35,1.0,1.0,True,10,0.0001,0.0021544346900318,0.9
709,24.631777630475966,0.889966390119679,0.003439707448706031,0.01525090541690588,0.35,1.0,1.0,True,10,0.0001,0.1,0.9
710,32.47382465232278,0.9756642514215043,0.0005581563455052674,0.00642992602661252,0.35,1.0,1.0,True,10,0.0001,0.0002154434690031,0.9
711,27.664418209324513,0.949022565085068,0.0016748809721320868,0.009222553111612797,0.35,1.0,1.0,True,10,0.0001,0.0004641588833612,0.9
712,32.0440000941177,0.9580973576450619,0.0006240567890927196,0.009749454446136951,0.35,1.0,1.0,True,10,0.0001,0.1,0.9
713,27.213218825909028,0.8977283960231364,0.001697660074569285,0.0034575124736875296,0.35,1.0,1.0,True,10,0.0001,0.1,0.9
714,33.962437268308214,0.9677266288698643,0.0004014834121335298,0.0048471903428435326,0.35,1.0,1.0,True,10,0.0001,0.0464158883361277,0.9
715,31.560366344686784,0.9793708117292392,0.0006979733007028699,0.0131387235596776,0.35,1.0,1.0,True,10,0.0001,0.0464158883361277,0.9
716,26.033603384443197,0.9404009237243449,0.002483448712155223,0.008853443898260593,0.35,1.0,1.0,True,10,0.0001,0.0046415888336127,0.9
717,34.061374675397204,0.9826342304178559,0.0003924789489246905,0.008081868290901184,0.35,1.0,1.0,True,10,0.0001,0.1,0.9
718,39.10445605126151,0.9777443928430694,0.00012271494779270142,0.006339780520647764,0.35,1.0,1.0,True,10,0.0001,0.0464158883361277,0.9
719,37.12760908050698,0.9755701816980069,0.00019341337610967457,0.005019630771130323,0.35,1.0,1.0,True,10,0.0001,0.0464158883361277,0.9
720,27.04179119850459,0.9652148943136843,0.001967189833521843,0.0150590930134058,0.35,1.0,1.0,True,10,0.0001,0.01,0.9
721,35.80110521673534,0.9602905204759908,0.0002614209079183638,0.006324521731585264,0.35,1.0,1.0,True,10,0.0001,0.01,0.9
722,33.50433183980857,0.9649251740814117,0.0004382318293210119,0.009834066964685917,0.35,1.0,1.0,True,10,0.0001,0.01,0.9
723,30.16219587373743,0.9311532501536888,0.0007573136826977134,0.006388272624462843,0.35,1.0,1.0,True,10,0.0001,0.0215443469003188,0.9
724,25.102644264230648,0.900056209617032,0.0029136172961443663,0.00757151935249567,0.35,1.0,1.0,True,10,0.0001,0.001,0.9
725,30.71900928993513,0.9170942015261596,0.0005039005191065371,0.010122885927557945,0.35,1.0,1.0,True,10,0.0001,0.0046415888336127,0.9
726,23.695283300387416,0.9076239328295732,0.004260031506419182,0.007954536937177181,0.35,1.0,1.0,True,10,0.0001,0.0215443469003188,0.9
727,31.083985795220777,0.9521459706196844,0.0007785573834553361,0.007826533168554306,0.35,1.0,1.0,True,10,0.0001,0.0464158883361277,0.9
728,24.102526757627043,0.9113737748844752,0.003882387187331915,0.008742615580558777,0.35,1.0,1.0,True,10,0.0001,0.0215443469003188,0.9
729,23.908292438112078,0.939170093044458,0.004012350458651781,0.009928026236593723,0.35,1.0,1.0,True,10,0.0001,0.0046415888336127,0.9
730,29.377273683382885,0.9442642325664207,0.0011092756176367402,0.009404498152434826,0.35,1.0,1.0,True,10,0.0001,0.0046415888336127,0.9
731,39.44889526924677,0.9835482768875896,0.00011345214443281293,0.003960966132581234,0.35,1.0,1.0,True,10,0.0001,0.0464158883361277,0.9
732,37.09835865498744,0.9902712266942173,0.0001947219716385007,0.005151526071131229,0.35,1.0,1.0,True,10,0.0001,0.0464158883361277,0.9
733,31.71682193899582,0.9416147543211594,0.000667250482365489,0.007905778475105762,0.35,1.0,1.0,True,10,0.0001,0.01,0.9
734,32.88653696340105,0.96417622086741,0.0005141543224453926,0.006232267711311579,0.35,1.0,1.0,True,10,0.0001,0.0464158883361277,0.9
735,25.338597772979238,0.9085601720477429,0.002877576742321253,0.008793401531875134,0.35,1.0,1.0,True,10,0.0001,0.0215443469003188,0.9
736,29.47034210283732,0.9796079589117422,0.0011171995429322124,0.007240216713398695,0.35,1.0,1.0,True,10,0.0001,0.01,0.9
737,31.98841858704278,0.9735642083688909,0.0006206916877999902,0.0082090487703681,0.35,1.0,1.0,True,10,0.0001,0.0046415888336127,0.9
738,20.389855525595504,0.8254941565642865,0.009114108979701996,0.01900986023247242,0.35,1.0,1.0,True,10,0.0001,0.01,0.9
739,18.957990995278497,0.8164799880108798,0.01267310231924057,0.011285082437098026,0.35,1.0,1.0,True,10,0.0001,0.01,0.9
740,20.56721180383171,0.8133686202430115,0.008772625587880611,0.008960491977632046,0.35,1.0,1.0,True,10,0.0001,0.0464158883361277,0.9
741,24.916629081722252,0.9265615512742839,0.003220475511625409,0.009571202099323273,0.35,1.0,1.0,True,10,0.0001,0.0464158883361277,0.9
742,38.110120895757156,0.9851469643898424,0.00015430319763254374,0.00799529068171978,0.35,1.0,1.0,True,10,0.0001,0.0464158883361277,0.9
743,21.747702437024632,0.9090007941955335,0.0066782087087631226,0.007117988541722298,0.35,1.0,1.0,True,10,0.0001,0.0215443469003188,0.9
744,38.033475044509245,0.9825803473268869,0.00014828372513875365,0.004951362032443285,0.35,1.0,1.0,True,10,0.0001,0.0021544346900318,0.9
745,24.665394988039342,0.9000043964991814,0.00327136367559433,0.004595737438648939,0.35,1.0,1.0,True,10,0.0001,0.0046415888336127,0.9
746,33.34860599846942,0.9764147390860399,0.0004616733640432358,0.005860232748091221,0.35,1.0,1.0,True,10,0.0001,0.0464158883361277,0.9
747,38.24020184788036,0.9803660374492315,0.00014977129467297345,0.005330157466232777,0.35,1.0,1.0,True,10,0.0001,0.0464158883361277,0.9
748,35.99125120245696,0.9605081533269247,0.00023361480270978063,0.0030400168616324663,0.35,1.0,1.0,True,10,0.0001,0.01,0.9
749,22.682678332538746,0.8016164502773148,0.005297674331814051,0.011292466893792152,0.35,1.0,1.0,True,10,0.0001,0.0046415888336127,0.9
750,36.58048442678522,0.9661540211600292,0.00019347132183611393,0.006020920351147652,0.35,1.0,1.0,True,10,0.0001,0.0021544346900318,0.9
751,23.62168346803253,0.9065211515790654,0.004334433935582638,0.01029739435762167,0.35,1.0,1.0,True,10,0.0001,0.0046415888336127,0.9
752,28.356254441155386,0.9631356873825362,0.0014403091045096517,0.010368083603680134,0.35,1.0,1.0,True,10,0.0001,0.0046415888336127,0.9
753,33.536996706695255,0.9768828355983069,0.0004403002094477415,0.006738944444805384,0.35,1.0,1.0,True,10,0.0001,0.0021544346900318,0.9
754,39.75286427716989,0.970061504911589,0.00010542623931542039,0.004792904481291771,0.35,1.0,1.0,True,10,0.0001,0.0215443469003188,0.9
755,33.485105582078404,0.9652840272591702,0.0004479612107388675,0.0069814943708479404,0.35,1.0,1.0,True,10,0.0001,0.0464158883361277,0.9
756,30.183507225668418,0.9738639291256697,0.0009576723095960915,0.005343583412468433,0.35,1.0,1.0,True,10,0.0001,0.0464158883361277,0.9
757,27.796797538432358,0.9361740851726035,0.001604430959559977,0.00598819088190794,0.35,1.0,1.0,True,10,0.0001,0.0004641588833612,0.9
758,33.38225772518731,0.9631545720977557,0.00045795252663083375,0.006485516205430031,0.35,1.0,1.0,True,10,0.0001,0.0215443469003188,0.9
759,27.504747965711932,0.9304016749783043,0.0016711170319467783,0.009705419652163982,0.35,1.0,1.0,True,10,0.0001,0.0046415888336127,0.9
760,36.35146033609997,0.9724465844032073,0.0002313555305590853,0.0063652945682406425,0.35,1.0,1.0,True,10,0.0001,0.0464158883361277,0.9
761,27.399101865062644,0.9116626015958742,0.0016940111527219415,0.00670709228143096,0.35,1.0,1.0,True,10,0.0001,0.001,0.9
762,31.6246640480798,0.9649592509687377,0.000681030098348856,0.006868906319141388,0.35,1.0,1.0,True,10,0.0001,0.0021544346900318,0.9
763,19.807671171116247,0.8579416988061352,0.010414093732833862,0.006537439301609993,0.35,1.0,1.0,True,10,0.0001,0.0464158883361277,0.9
764,37.94768723148882,0.982550093094877,0.00016032262647058815,0.005380003247410059,0.35,1.0,1.0,True,10,0.0001,0.1,0.9
765,37.17186192050394,0.9648786939073151,0.00018699289648793638,0.0035540421959012747,0.35,1.0,1.0,True,10,0.0001,0.0046415888336127,0.9
766,25.65660534831624,0.9069001051348368,0.0026055825874209404,0.011423982679843903,0.35,1.0,1.0,True,10,0.0001,0.0046415888336127,0.9
767,35.147690757626776,0.966808835173293,0.00029309417004697025,0.003582349279895425,0.35,1.0,1.0,True,10,0.0001,0.0046415888336127,0.9
768,25.822724504373387,0.9523627425220067,0.00260873488150537,0.009999782778322697,0.35,1.0,1.0,True,10,0.0001,0.0215443469003188,0.9
769,28.324271268223526,0.9204118048890674,0.0012460097204893827,0.0067754522897303104,0.35,1.0,1.0,True,10,0.0001,0.0215443469003188,0.9
770,21.107318297207875,0.8456301239996403,0.007618467323482037,0.005672065541148186,0.35,1.0,1.0,True,10,0.0001,0.0464158883361277,0.9
771,43.872205406015595,0.9927275041954436,4.096348857274279e-05,0.0038228400517255068,0.35,1.0,1.0,True,10,0.0001,0.0464158883361277,0.9
772,36.975033499021286,0.9720327763119472,0.00020064479031134397,0.006494134198874235,0.35,1.0,1.0,True,10,0.0001,0.0464158883361277,0.9
773,32.15693018086005,0.9558767640292337,0.0006008946802467108,0.00864481832832098,0.35,1.0,1.0,True,10,0.0001,0.0046415888336127,0.9
774,37.804255262186274,0.9746834778902578,0.00016540416982024908,0.006291785277426243,0.35,1.0,1.0,True,10,0.0001,0.0215443469003188,0.9
775,31.286035880817074,0.9488601074270496,0.0005699712201021612,0.0033440853003412485,0.35,1.0,1.0,True,10,0.0001,0.0464158883361277,0.9
776,37.66803876917912,0.9875487608929291,0.00017080508405342698,0.005715999752283096,0.35,1.0,1.0,True,10,0.0001,0.0464158883361277,0.9
777,28.98356420495601,0.9317581452836808,0.001260937424376607,0.01178682316094637,0.35,1.0,1.0,True,10,0.0001,0.0464158883361277,0.9
778,28.212875272091647,0.9623160428752963,0.0015076943673193455,0.00515815569087863,0.35,1.0,1.0,True,10,0.0001,0.0464158883361277,0.9
779,38.203837490419026,0.9800430088158855,0.00015097767754923552,0.004133034031838179,0.35,1.0,1.0,True,10,0.0001,0.0464158883361277,0.9
780,40.744389250464714,0.9632543000874135,8.252103725681081e-05,0.003848214168101549,0.35,1.0,1.0,True,10,0.0001,0.01,0.9
781,40.2433047025264,0.983869218420318,9.454742394154891e-05,0.006216252688318491,0.35,1.0,1.0,True,10,0.0001,0.0464158883361277,0.9
782,35.17725234322528,0.9859404226051888,0.0003007983905263245,0.004923356231302023,0.35,1.0,1.0,True,10,0.0001,0.0046415888336127,0.9
783,36.634981549849016,0.9712942284680864,0.00021023850422352552,0.004423946607857943,0.35,1.0,1.0,True,10,0.0001,0.0046415888336127,0.9
784,40.69480271497152,0.985488110743809,8.515178342349827e-05,0.0044751460663974285,0.35,1.0,1.0,True,10,0.0001,0.0464158883361277,0.9
785,29.504740398153807,0.941491399264065,0.0010241001145914197,0.008004185743629932,0.35,1.0,1.0,True,10,0.0001,0.0004641588833612,0.9
786,34.56269763941405,0.9749440300606107,0.00034865192719735205,0.006523026619106531,0.35,1.0,1.0,True,10,0.0001,0.01,0.9
787,25.509513030327255,0.9280959517984306,0.0027386974543333054,0.007751758210361004,0.35,1.0,1.0,True,10,0.0001,0.0021544346900318,0.9
788,31.068839989234252,0.9803874055452269,0.0007628090097568929,0.00616242503747344,0.35,1.0,1.0,True,10,0.0001,0.0046415888336127,0.9
789,39.96095887669154,0.9743969069699631,0.00010081710206577554,0.0040430715307593346,0.35,1.0,1.0,True,10,0.0001,0.0215443469003188,0.9
790,37.84709502221738,0.9718648784393128,0.00014697950973641127,0.0051229908131062984,0.35,1.0,1.0,True,10,0.0001,0.0046415888336127,0.9
791,31.797470534881146,0.9564443318744192,0.0006607770337723196,0.006898570340126753,0.35,1.0,1.0,True,10,0.0001,0.0464158883361277,0.9
792,22.734253302215745,0.9118346279694615,0.005311273038387299,0.00915184523910284,0.35,1.0,1.0,True,10,0.0001,0.0046415888336127,0.9
793,30.174994593772265,0.9731776614368761,0.0009544890490360558,0.010386656038463116,0.35,1.0,1.0,True,10,0.0001,0.0021544346900318,0.9
794,26.025966721821856,0.9043546564155985,0.002483901334926486,0.015837259590625763,0.35,1.0,1.0,True,10,0.0001,0.01,0.9
795,37.28006733043492,0.9798459785272462,0.0001870330743258819,0.010165632702410221,0.35,1.0,1.0,True,10,0.0001,0.0464158883361277,0.9
796,32.10279145542376,0.9463367651998074,0.0005454118945635855,0.007044001016765833,0.35,1.0,1.0,True,10,0.0001,0.0464158883361277,0.9
797,37.44663399000204,0.9667022680965617,0.00017940450925379992,0.006139980163425207,0.35,1.0,1.0,True,10,0.0001,0.0464158883361277,0.9
798,35.73324225882932,0.9656389180505485,0.00026633869856595993,0.0038197729736566544,0.35,1.0,1.0,True,10,0.0001,0.0464158883361277,0.9
799,31.41340215844632,0.9148945338039883,0.0005259492318145931,0.004676471464335918,0.35,1.0,1.0,True,10,0.0001,0.0464158883361277,0.9
800,29.75215118948245,0.946384883907665,0.0009841443970799446,0.009296363219618797,0.35,1.0,1.0,True,10,0.0001,0.0004641588833612,0.9
801,46.11408236753111,0.9953947910275868,2.4435026716673747e-05,0.0035259367432445288,0.35,1.0,1.0,True,10,0.0001,0.0464158883361277,0.9
802,32.252315268777075,0.9517602409832987,0.000586066278629005,0.009848514571785927,0.35,1.0,1.0,True,10,0.0001,0.0215443469003188,0.9
803,37.56714801449788,0.9802756752238309,0.0001749181974446401,0.004743535071611404,0.35,1.0,1.0,True,10,0.0001,0.0215443469003188,0.9
804,33.93514356704379,0.9890679017216798,0.00039960548747330904,0.005271548870950937,0.35,1.0,1.0,True,10,0.0001,0.01,0.9
805,40.51035113026522,0.9801370101232155,8.881925168680027e-05,0.00632327888160944,0.35,1.0,1.0,True,10,0.0001,0.0464158883361277,0.9
806,37.12067638986789,0.9819545965907005,0.00019386823987588286,0.004947061650454998,0.35,1.0,1.0,True,10,0.0001,0.01,0.9
807,38.165279940652525,0.9820186543913695,0.0001517711643828079,0.006452517118304968,0.35,1.0,1.0,True,10,0.0001,0.0046415888336127,0.9
808,39.731623062171735,0.9838415317091287,0.00010627551819197834,0.004169696941971779,0.35,1.0,1.0,True,10,0.0001,0.0464158883361277,0.9
809,27.872937737945215,0.937247549317262,0.001597257680259645,0.008545976132154465,0.35,1.0,1.0,True,10,0.0001,0.0046415888336127,0.9
810,26.85186360212437,0.9657457868565716,0.0020588545594364405,0.01052529364824295,0.35,1.0,1.0,True,10,0.0001,0.0046415888336127,0.9
811,38.9964379197962,0.9748540335979747,0.00012591961422003806,0.0041489871218800545,0.35,1.0,1.0,True,10,0.0001,0.1,0.9
812,35.97578828822736,0.9862783661783049,0.0002523892908357084,0.004814280662685633,0.35,1.0,1.0,True,10,0.0001,0.0464158883361277,0.9
813,28.626572406093377,0.9257846910533398,0.0013461309717968106,0.012191718444228172,0.35,1.0,1.0,True,10,0.0001,0.01,0.9
814,37.00660987257858,0.9742222583100154,0.00018843381258193403,0.0052048214711248875,0.35,1.0,1.0,True,10,0.0001,0.0046415888336127,0.9
815,29.145086945949732,0.9736338118927398,0.0012169553665444255,0.006567385978996754,0.35,1.0,1.0,True,10,0.0001,0.0021544346900318,0.9
816,29.59904133129617,0.9781483206648084,0.001084637362509966,0.008680921979248524,0.35,1.0,1.0,True,10,0.0001,0.0001,0.9
817,31.91564904865794,0.9688702284659272,0.0006430832436308265,0.005052613560110331,0.35,1.0,1.0,True,10,0.0001,0.0464158883361277,0.9
818,35.17654490667545,0.9711831488230404,0.00030354794580489397,0.004644958768039942,0.35,1.0,1.0,True,10,0.0001,0.0464158883361277,0.9
819,41.66270238842094,0.9926614746743557,6.814669904997572e-05,0.0052009872160851955,0.35,1.0,1.0,True,10,0.0001,0.0464158883361277,0.9
820,39.08867310388003,0.9768033586096468,0.00012318455264903605,0.005710121709853411,0.35,1.0,1.0,True,10,0.0001,0.0464158883361277,0.9
821,35.49457737928094,0.9649153046456038,0.00024650871637277305,0.0059993998147547245,0.35,1.0,1.0,True,10,0.0001,0.0021544346900318,0.9
822,27.163105183534793,0.9520884188981986,0.0018964187474921346,0.012816423550248146,0.35,1.0,1.0,True,10,0.0001,0.01,0.9
823,26.097940676455096,0.9534971093676284,0.002453189343214035,0.004867745563387871,0.35,1.0,1.0,True,10,0.0001,0.0464158883361277,0.9
824,39.45576870514798,0.9870638396087322,0.0001132967445300892,0.004014987964183092,0.35,1.0,1.0,True,10,0.0001,0.0464158883361277,0.9
825,28.442945541504088,0.9534455865267876,0.001421540044248104,0.009610096924006939,0.35,1.0,1.0,True,10,0.0001,0.01,0.9
826,34.812499200792985,0.9736336002316637,0.00032891190494410694,0.00831591710448265,0.35,1.0,1.0,True,10,0.0001,0.0215443469003188,0.9
827,30.921348080882183,0.9591317051181606,0.0007968720747157931,0.007804318331182003,0.35,1.0,1.0,True,10,0.0001,0.01,0.9
828,31.938827726294047,0.985450243986797,0.0006278100772760808,0.008951512165367603,0.35,1.0,1.0,True,10,0.0001,0.0046415888336127,0.9
829,37.20251372065782,0.9646328346125236,0.0001555860653752461,0.0034715342335402966,0.35,1.0,1.0,True,10,0.0001,0.0046415888336127,0.9
830,27.963106362544305,0.9495023757188559,0.0015959182055667043,0.010920758359134197,0.35,1.0,1.0,True,10,0.0001,0.0215443469003188,0.9
831,32.38623683882595,0.9331516628956155,0.0005764166126027703,0.012093900702893734,0.35,1.0,1.0,True,10,0.0001,0.0046415888336127,0.9
832,28.804150859496986,0.9693547885392103,0.0013131971936672926,0.008686337620019913,0.35,1.0,1.0,True,10,0.0001,0.0215443469003188,0.9
833,37.69131809422607,0.96460213195398,0.00015033461386337876,0.004056015517562628,0.35,1.0,1.0,True,10,0.0001,0.0046415888336127,0.9
834,25.75306366860657,0.923898561824775,0.002620433922857046,0.007562620099633932,0.35,1.0,1.0,True,10,0.0001,0.0046415888336127,0.9
835,43.10022868595667,0.9889940818304617,4.843926944886334e-05,0.003330084728077054,0.35,1.0,1.0,True,10,0.0001,0.0215443469003188,0.9
836,37.30967701665223,0.9454158615240187,0.0001815153082134202,0.0035876822657883167,0.35,1.0,1.0,True,10,0.0001,0.0021544346900318,0.9
837,31.27500042959417,0.9725953212125137,0.0007358501898124814,0.011187818832695484,0.35,1.0,1.0,True,10,0.0001,0.0046415888336127,0.9
838,30.946348598245265,0.9411016101069495,0.0008026026771403849,0.01127601321786642,0.35,1.0,1.0,True,10,0.0001,0.0215443469003188,0.9
839,28.697995500785396,0.9398704930001983,0.0012183469953015447,0.013332708738744259,0.35,1.0,1.0,True,10,0.0001,0.01,0.9
840,43.377517991852265,0.9876921193364727,4.5847762521589175e-05,0.003692817874252796,0.35,1.0,1.0,True,10,0.0001,0.0464158883361277,0.9
841,29.53064429987139,0.9745059057193644,0.001102136680856347,0.005005421582609415,0.35,1.0,1.0,True,10,0.0001,0.0046415888336127,0.9
842,35.40043802851433,0.9722039658956853,0.0002836882777046412,0.008108499459922314,0.35,1.0,1.0,True,10,0.0001,0.0046415888336127,0.9
843,33.95940352839893,0.9797937817740858,0.00040162887307815254,0.0043748351745307446,0.35,1.0,1.0,True,10,0.0001,0.0215443469003188,0.9
844,37.63654915716783,0.957402956444228,0.00017182559531647712,0.003393452148884535,0.35,1.0,1.0,True,10,0.0001,0.0464158883361277,0.9
845,38.2028468532856,0.9649805449279961,0.00015108547813724726,0.004019012674689293,0.35,1.0,1.0,True,10,0.0001,0.0464158883361277,0.9
846,41.17983121408086,0.9825349249276337,7.614972128067166e-05,0.0054686665534973145,0.35,1.0,1.0,True,10,0.0001,0.0464158883361277,0.9
847,29.519703630518226,0.9620988473250032,0.0010754518443718553,0.009358471259474754,0.35,1.0,1.0,True,10,0.0001,0.01,0.9
848,38.72462229404528,0.9537209349043352,0.00013394920097198337,0.004552972037345171,0.35,1.0,1.0,True,10,0.0001,0.0215443469003188,0.9
849,36.41652353183304,0.9747748778146856,0.00022359560534823686,0.0066110664047300816,0.35,1.0,1.0,True,10,0.0001,0.0046415888336127,0.9
850,36.30418688090409,0.9755114553221362,0.0002272244164487347,0.005586649756878614,0.35,1.0,1.0,True,10,0.0001,0.0021544346900318,0.9
851,41.286006833615154,0.9760731140188142,7.424881914630532e-05,0.004346787463873625,0.35,1.0,1.0,True,10,0.0001,0.01,0.9
852,31.986443465698162,0.9279255248667236,0.00028456823201850057,0.005042113363742828,0.35,1.0,1.0,True,10,0.0001,0.0464158883361277,0.9
853,36.89261848510528,0.975011265622327,0.00020081992261111736,0.008151582442224026,0.35,1.0,1.0,True,10,0.0001,0.01,0.9
854,39.34163363367343,0.9836378406168138,0.00011615811672527343,0.005673483479768038,0.35,1.0,1.0,True,10,0.0001,0.0215443469003188,0.9
855,27.34707797538135,0.9640176116620547,0.0018348757876083255,0.010249380022287369,0.35,1.0,1.0,True,10,0.0001,0.0004641588833612,0.9
856,31.062634074384906,0.9612015873209119,0.000781184178777039,0.004503224976360798,0.35,1.0,1.0,True,10,0.0001,0.0464158883361277,0.9
857,36.028845785476115,0.9632932338075495,0.0002477099187672138,0.00411234563216567,0.35,1.0,1.0,True,10,0.0001,0.0021544346900318,0.9
858,38.28443619438899,0.9767689324446384,0.00014824498794041574,0.004853072110563517,0.35,1.0,1.0,True,10,0.0001,0.0464158883361277,0.9
859,24.9057284315952,0.9276800669628312,0.003222124185413122,0.0077828518114984035,0.35,1.0,1.0,True,10,0.0001,0.01,0.9
860,20.965182755012567,0.8756980184942361,0.007991090416908264,0.004030709154903889,0.35,1.0,1.0,True,10,0.0001,0.0464158883361277,0.9
861,34.06912369106112,0.980080822350071,0.00036729953717440367,0.0050579579547047615,0.35,1.0,1.0,True,10,0.0001,0.0046415888336127,0.9
862,40.68496922637431,0.9641968501103183,8.263595373136923e-05,0.002837773645296693,0.35,1.0,1.0,True,10,0.0001,0.01,0.9
863,33.28596988585706,0.968952455264742,0.0004609545285347849,0.01190483570098877,0.35,1.0,1.0,True,10,0.0001,0.0021544346900318,0.9
864,23.503351457408446,0.8884796804145044,0.004362325184047222,0.009147715754806995,0.35,1.0,1.0,True,10,0.0001,0.01,0.9
865,34.79979474384864,0.9711660169933849,0.0003308699815534055,0.007818578742444515,0.35,1.0,1.0,True,10,0.0001,0.0464158883361277,0.9
866,25.86571641289854,0.9183917252617908,0.0025896092411130667,0.012771021574735641,0.35,1.0,1.0,True,10,0.0001,0.0215443469003188,0.9
867,45.10574597600949,0.9921008405209326,3.0823917768429965e-05,0.004474298097193241,0.35,1.0,1.0,True,10,0.0001,0.0464158883361277,0.9
868,27.736796474180096,0.92055045907896,0.0016443381318822503,0.014851754531264305,0.35,1.0,1.0,True,10,0.0001,0.0002154434690031,0.9
869,41.17156035837168,0.9905551851902953,7.624439604114741e-05,0.00525047117844224,0.35,1.0,1.0,True,10,0.0001,0.0464158883361277,0.9
870,40.33986364548731,0.9782112329829219,9.243824024451897e-05,0.004658567253500223,0.35,1.0,1.0,True,10,0.0001,0.0464158883361277,0.9
871,30.41949310317066,0.9506305630700383,0.0009035318507812917,0.013732252642512321,0.35,1.0,1.0,True,10,0.0001,0.01,0.9
872,23.10753971512685,0.9191544520754225,0.004877935163676739,0.01300845481455326,0.35,1.0,1.0,True,10,0.0001,0.0215443469003188,0.9
873,38.84454751311661,0.9856991743586258,0.00013012206181883812,0.008560584858059883,0.35,1.0,1.0,True,10,0.0001,0.01,0.9
874,34.7156787810589,0.9587905670374909,0.000312996213324368,0.004740502219647169,0.35,1.0,1.0,True,10,0.0001,0.0001,0.9
875,20.01958920635394,0.7957750756501497,0.009924914687871933,0.015808073803782463,0.35,1.0,1.0,True,10,0.0001,0.0215443469003188,0.9
876,28.084063674882014,0.955762671320185,0.0015450211940333247,0.008931244723498821,0.35,1.0,1.0,True,10,0.0001,0.0046415888336127,0.9
877,35.538304768855696,0.9750415858869336,0.0002792398736346513,0.0060383048839867115,0.35,1.0,1.0,True,10,0.0001,0.0464158883361277,0.9
878,34.39206291413354,0.9810093359866009,0.0003345708246342838,0.005096617620438337,0.35,1.0,1.0,True,10,0.0001,0.0021544346900318,0.9
879,36.841207339787736,0.9854586840721599,0.00020686621428467333,0.005447466392070055,0.35,1.0,1.0,True,10,0.0001,0.0215443469003188,0.9
880,31.476775034108204,0.9690040509044447,0.0006835124222561717,0.005931451916694641,0.35,1.0,1.0,True,10,0.0001,0.0046415888336127,0.9
881,35.63873303094313,0.9743061415828049,0.0002288103714818135,0.006840870715677738,0.35,1.0,1.0,True,10,0.0001,0.001,0.9
882,-12.143149456584402,0.7889657796156001,14.94327163696289,1.5047931671142578,0.35,1.0,1.0,True,10,0.0001,0.0001,0.9
883,24.41191703343742,0.8916964056844928,0.003606806742027402,0.015429055318236351,0.35,1.0,1.0,True,10,0.0001,0.01,0.9
884,24.123297703454362,0.9297943733963189,0.0038625376764684916,0.01100985985249281,0.35,1.0,1.0,True,10,0.0001,0.0004641588833612,0.9
885,21.535429600788586,0.8397691279801531,0.00676510576158762,0.008437287993729115,0.35,1.0,1.0,True,10,0.0001,0.01,0.9
886,33.25749511724761,0.9657256393486747,0.0004704704915639013,0.008825547061860561,0.35,1.0,1.0,True,10,0.0001,0.0046415888336127,0.9
887,35.35496656362123,0.9707828673877215,0.0002912064373958856,0.004524952732026577,0.35,1.0,1.0,True,10,0.0001,0.0215443469003188,0.9
888,41.07566085120186,0.9888716960562272,7.797954458510503e-05,0.004969585686922073,0.35,1.0,1.0,True,10,0.0001,0.1,0.9
889,24.981288316256528,0.8855694766027886,0.0031283916905522346,0.0046189832501113415,0.35,1.0,1.0,True,10,0.0001,0.0464158883361277,0.9
890,41.792207016184236,0.9880160479138387,6.59910510876216e-05,0.0040944479405879974,0.35,1.0,1.0,True,10,0.0001,0.0464158883361277,0.9
891,40.1201505749315,0.9850878867448545,9.71234476310201e-05,0.0035561658442020416,0.35,1.0,1.0,True,10,0.0001,0.0215443469003188,0.9
892,38.64483102386744,0.994422278244921,0.00013519472850020975,0.005606670398265123,0.35,1.0,1.0,True,10,0.0001,0.0046415888336127,0.9
893,27.858537306527538,0.9555235004400444,0.0016327360644936562,0.008894280530512333,0.35,1.0,1.0,True,10,0.0001,0.0215443469003188,0.9
894,38.97968521549323,0.9758864935906556,0.00012637182953767478,0.004277365747839212,0.35,1.0,1.0,True,10,0.0001,0.0464158883361277,0.9
895,35.95202658014471,0.9566504302347162,0.0002537408145144582,0.011295145377516747,0.35,1.0,1.0,True,10,0.0001,0.0464158883361277,0.9
896,32.136979970239445,0.9379082323889122,0.0005733497673645616,0.010262378491461277,0.35,1.0,1.0,True,10,0.0001,0.01,0.9
897,32.25931183413907,0.9454918785600503,0.0004403819621074945,0.0031930007971823215,0.35,1.0,1.0,True,10,0.0001,0.0464158883361277,0.9
898,37.08597328292724,0.9789421336938722,0.0001952775928657502,0.004026517737656832,0.35,1.0,1.0,True,10,0.0001,0.0464158883361277,0.9
899,36.20888053710629,0.9735008875990308,0.00023929085000418127,0.006564946845173836,0.35,1.0,1.0,True,10,0.0001,0.0021544346900318,0.9
900,43.36090345427805,0.9910648717353711,4.6015884436201304e-05,0.0046860030852258205,0.35,1.0,1.0,True,10,0.0001,0.0046415888336127,0.9
901,30.06036459452193,0.966076592142983,0.0009841587161645293,0.0068972110748291016,0.35,1.0,1.0,True,10,0.0001,0.01,0.9
902,35.72831323964548,0.9749591631970539,0.00025098409969359636,0.0037827675696462393,0.35,1.0,1.0,True,10,0.0001,0.0021544346900318,0.9
903,38.41145959272135,0.9644364637118006,0.00013045527157373726,0.003141463967040181,0.35,1.0,1.0,True,10,0.0001,0.0021544346900318,0.9
904,38.25478826076776,0.9479662449136607,0.00014880004164297134,0.005505303852260113,0.35,1.0,1.0,True,10,0.0001,0.0215443469003188,0.9
905,33.315283951890535,0.9811122825732541,0.0004640542028937489,0.006844814866781235,0.35,1.0,1.0,True,10,0.0001,0.01,0.9
906,26.3092294661754,0.961951336324584,0.0023356685414910316,0.006838005501776934,0.35,1.0,1.0,True,10,0.0001,0.01,0.9
907,42.08874531693891,0.9851875168620249,6.163747457321733e-05,0.004158054944127798,0.35,1.0,1.0,True,10,0.0001,0.0464158883361277,0.9
908,37.43788384734644,0.9835494120208349,0.00018031040963251144,0.004798320587724447,0.35,1.0,1.0,True,10,0.0001,0.0464158883361277,0.9
909,24.016694273955057,0.91255358961091,0.003956702537834644,0.008960440754890442,0.35,1.0,1.0,True,10,0.0001,0.0215443469003188,0.9
910,43.206414300795444,0.9915448780430114,4.769800943904556e-05,0.004851479548960924,0.35,1.0,1.0,True,10,0.0001,0.0464158883361277,0.9
911,34.30576740348628,0.95544673887661,0.0003088030207436532,0.004228211008012295,0.35,1.0,1.0,True,10,0.0001,0.0021544346900318,0.9
912,37.886786398615946,0.9740911151740942,0.0001265056198462844,0.003088179510086775,0.35,1.0,1.0,True,10,0.0001,0.0046415888336127,0.9
913,29.99898240112107,0.9026428721173119,0.000725707330275327,0.006681067403405905,0.35,1.0,1.0,True,10,0.0001,0.01,0.9
914,40.42153766710566,0.9806071020224515,9.067804785445333e-05,0.005358889698982239,0.35,1.0,1.0,True,10,0.0001,0.1,0.9
915,20.94518607478973,0.8484521120151969,0.008039609529078007,0.008219759911298752,0.35,1.0,1.0,True,10,0.0001,0.0215443469003188,0.9
916,22.64412757401811,0.8813720844404289,0.005430033430457115,0.013151013292372227,0.35,1.0,1.0,True,10,0.0001,0.01,0.9
917,34.90722034919904,0.9809146445356041,0.0003227586857974529,0.004983589518815279,0.35,1.0,1.0,True,10,0.0001,0.001,0.9
918,29.526501255341486,0.9721719632607618,0.0010907418327406049,0.00954238511621952,0.35,1.0,1.0,True,10,0.0001,0.0046415888336127,0.9
919,33.19718718089335,0.9751349750010467,0.0004772051179315895,0.006486710626631975,0.35,1.0,1.0,True,10,0.0001,0.0215443469003188,0.9
920,28.947646659214787,0.9223724479784169,0.0012274839682504535,0.01013423502445221,0.35,1.0,1.0,True,10,0.0001,0.0046415888336127,0.9
921,30.569929812689026,0.9339181092770538,0.000649504188913852,0.004412380047142506,0.35,1.0,1.0,True,10,0.0001,0.0464158883361277,0.9
922,34.557797507327386,0.964384262429856,0.0003499363374430686,0.005733821075409651,0.35,1.0,1.0,True,10,0.0001,0.01,0.9
923,36.12746585149728,0.9819423868037352,0.00024171278346329927,0.0049620820209383965,0.35,1.0,1.0,True,10,0.0001,0.01,0.9
924,35.328287616602694,0.9793647545379259,0.0002926965244114399,0.0059813642874360085,0.35,1.0,1.0,True,10,0.0001,0.0464158883361277,0.9
925,33.47476957578961,0.9616822851254722,0.0004491612780839205,0.0055392165668308735,0.35,1.0,1.0,True,10,0.0001,0.0464158883361277,0.9
926,32.487235734445036,0.9789027557838074,0.0005625541089102626,0.007978887297213078,0.35,1.0,1.0,True,10,0.0001,0.0215443469003188,0.9
927,25.429477211520542,0.935114013222928,0.002862075576558709,0.01259209867566824,0.35,1.0,1.0,True,10,0.0001,0.01,0.9
928,32.638564412219935,0.9771171925499097,0.0005396054475568235,0.005449606571346521,0.35,1.0,1.0,True,10,0.0001,0.0046415888336127,0.9
929,30.52083778473491,0.9652563900032279,0.0008868442382663488,0.009278194978833199,0.35,1.0,1.0,True,10,0.0001,0.1,0.9
930,29.500824680385524,0.9631788663573801,0.0011164246825501323,0.00832153856754303,0.35,1.0,1.0,True,10,0.0001,0.01,0.9
931,23.710042118746593,0.9234781182847794,0.00420391745865345,0.009541770443320274,0.35,1.0,1.0,True,10,0.0001,0.0046415888336127,0.9
932,27.662707939029158,0.9636260987758267,0.0017072265036404133,0.006238034926354885,0.35,1.0,1.0,True,10,0.0001,0.01,0.9
933,26.700022360449594,0.9037021279817503,0.001987096620723605,0.0038475149776786566,0.35,1.0,1.0,True,10,0.0001,0.0215443469003188,0.9
934,30.480029219782644,0.9413054432062542,0.0008303726208396256,0.006694328039884567,0.35,1.0,1.0,True,10,0.0001,0.01,0.9
935,33.618424744956975,0.9769391890219244,0.00043167764670215547,0.007757257204502821,0.35,1.0,1.0,True,10,0.0001,0.0046415888336127,0.9
936,25.710863907346994,0.9253591330366602,0.0026389698032289743,0.007631667423993349,0.35,1.0,1.0,True,10,0.0001,0.0215443469003188,0.9
937,35.1251144400776,0.9716909043298664,0.0003020572185050696,0.005055131856352091,0.35,1.0,1.0,True,10,0.0001,0.0046415888336127,0.9
938,28.940407568236175,0.9519330086292251,0.0012757296208292246,0.007655040826648474,0.35,1.0,1.0,True,10,0.0001,0.0215443469003188,0.9
939,35.256049200661685,0.9731733179713673,0.00029376614838838577,0.004871150013059378,0.35,1.0,1.0,True,10,0.0001,0.01,0.9
940,24.818421393820703,0.8992537604023773,0.0032631822396069765,0.005358090624213219,0.35,1.0,1.0,True,10,0.0001,0.0464158883361277,0.9
941,33.36690978628991,0.9638816130850214,0.00036591774551197886,0.00644837087020278,0.35,1.0,1.0,True,10,0.0001,0.0021544346900318,0.9
942,27.122542778314443,0.9458129705036572,0.0018836397211998701,0.01041735801845789,0.35,1.0,1.0,True,10,0.0001,0.0021544346900318,0.9
943,32.899288160287846,0.9507805829785064,0.0004847810778301209,0.005999148823320866,0.35,1.0,1.0,True,10,0.0001,0.001,0.9
944,31.310265515850592,0.9674236110274145,0.000700563017744571,0.005408099852502346,0.35,1.0,1.0,True,10,0.0001,0.0046415888336127,0.9
945,22.04690655597149,0.8941108185051382,0.006184006575495005,0.009577404707670212,0.35,1.0,1.0,True,10,0.0001,0.01,0.9
946,25.95640994186436,0.938006053380745,0.002506471239030361,0.012404030188918114,0.35,1.0,1.0,True,10,0.0001,0.01,0.9
947,28.268881687038654,0.9634462304459452,0.0013927525142207742,0.005961528513580561,0.35,1.0,1.0,True,10,0.0001,0.0021544346900318,0.9
948,25.105487985130537,0.921232313498945,0.0030715977773070335,0.0070645795203745365,0.35,1.0,1.0,True,10,0.0001,0.0464158883361277,0.9
949,34.22979827007452,0.9681247023421544,0.000376790325390175,0.004118230193853378,0.35,1.0,1.0,True,10,0.0001,0.0464158883361277,0.9
950,31.685570603080706,0.9659763999260247,0.0006709237350150943,0.006392530165612698,0.35,1.0,1.0,True,10,0.0001,0.01,0.9
951,39.2709274865239,0.9793544019830978,0.00011814822937594727,0.004298646468669176,0.35,1.0,1.0,True,10,0.0001,0.0464158883361277,0.9
952,38.35882952593586,0.9677247517156896,0.0001239240518771112,0.009088964201509953,0.35,1.0,1.0,True,10,0.0001,0.0046415888336127,0.9
953,38.1319919000212,0.9664897404003685,0.0001493672316428274,0.004878523759543896,0.35,1.0,1.0,True,10,0.0001,0.0046415888336127,0.9
954,27.529393994661312,0.941329640954333,0.0017467002617195249,0.012209487147629261,0.35,1.0,1.0,True,10,0.0001,0.0021544346900318,0.9
955,34.479978165072794,0.968826291784721,0.0003519583842717111,0.0045018973760306835,0.35,1.0,1.0,True,10,0.0001,0.0046415888336127,0.9
956,39.4849287449966,0.9808995017572331,0.0001124250702559948,0.004150249995291233,0.35,1.0,1.0,True,10,0.0001,0.0215443469003188,0.9
957,35.74466923052838,0.9775362150557148,0.0002663876221049577,0.004417476709932089,0.35,1.0,1.0,True,10,0.0001,0.0464158883361277,0.9
958,31.086766783992932,0.9664151148853287,0.000744903227314353,0.00566026521846652,0.35,1.0,1.0,True,10,0.0001,0.0046415888336127,0.9
959,30.835147163879732,0.9562146291751856,0.0008199093863368034,0.006754727568477392,0.35,1.0,1.0,True,10,0.0001,0.0004641588833612,0.9
960,30.12907901371564,0.9371770926519567,0.0007437214953824878,0.005522881634533405,0.35,1.0,1.0,True,10,0.0001,0.0464158883361277,0.9
961,24.24361204996434,0.8988817076467148,0.0036888362374156713,0.006536230444908142,0.35,1.0,1.0,True,10,0.0001,0.0464158883361277,0.9
962,35.00712318538743,0.9781126744345492,0.0003153265861328691,0.004498112481087446,0.35,1.0,1.0,True,10,0.0001,0.0215443469003188,0.9
963,30.355494714856725,0.9529718547536615,0.0008986862958408892,0.005802022758871317,0.35,1.0,1.0,True,10,0.0001,0.01,0.9
964,28.52232001235446,0.9102417299923053,0.000611538824159652,0.0042091840878129005,0.35,1.0,1.0,True,10,0.0001,0.1,0.9
965,30.04351305496773,0.966233853185386,0.0009755633655004203,0.004564550705254078,0.35,1.0,1.0,True,10,0.0001,0.0046415888336127,0.9
966,39.73791023827015,0.9843166473449445,0.00010609989840304479,0.005242086481302977,0.35,1.0,1.0,True,10,0.0001,0.0215443469003188,0.9
967,27.492205319403244,0.980319034388929,0.0017535252263769507,0.010730513371527195,0.35,1.0,1.0,True,10,0.0001,0.0046415888336127,0.9
968,38.11326606362653,0.9718788054966828,0.0001543244579806924,0.0039955987595021725,0.35,1.0,1.0,True,10,0.0001,0.0464158883361277,0.9
969,28.408227409536003,0.9653682007355341,0.001438206061720848,0.007363184355199337,0.35,1.0,1.0,True,10,0.0001,0.01,0.9
970,26.234353922124928,0.9376052067960133,0.0023788688704371452,0.008849299512803555,0.35,1.0,1.0,True,10,0.0001,0.0215443469003188,0.9
971,33.175055753117334,0.970469696018595,0.0004808241792488843,0.008999387733638287,0.35,1.0,1.0,True,10,0.0001,0.01,0.9
972,25.35673146693773,0.947072069584493,0.0029097278602421284,0.007122873794287443,0.35,1.0,1.0,True,10,0.0001,0.0021544346900318,0.9
973,37.38632717654142,0.9889053737262208,0.0001782223116606474,0.002649615053087473,0.35,1.0,1.0,True,10,0.0001,0.0021544346900318,0.9
974,38.69668363533896,0.9816849133916684,0.0001348962396150455,0.003804605919867754,0.35,1.0,1.0,True,10,0.0001,0.0215443469003188,0.9
975,31.448179895331677,0.9689145129716065,0.0007157663931138813,0.009761109948158264,0.35,1.0,1.0,True,10,0.0001,0.0215443469003188,0.9
976,35.780248380260474,0.975600549387981,0.00026388547848910093,0.00612985622137785,0.35,1.0,1.0,True,10,0.0001,0.0464158883361277,0.9
977,34.77494305423295,0.9712074579376924,0.00033292965963482857,0.00957569945603609,0.35,1.0,1.0,True,10,0.0001,0.0464158883361277,0.9
978,39.34574012803372,0.9753910310804782,0.00011605871259234846,0.0047523160465061665,0.35,1.0,1.0,True,10,0.0001,0.0215443469003188,0.9
979,31.487268643608353,0.9671876359465691,0.0007093153544701636,0.0055862367153167725,0.35,1.0,1.0,True,10,0.0001,0.0464158883361277,0.9
980,42.02059389013152,0.9735987689749744,5.9033645811723545e-05,0.005810379516333342,0.35,1.0,1.0,True,10,0.0001,0.0046415888336127,0.9
981,25.611072940099334,0.9400002524367596,0.0026572628412395716,0.008803186938166618,0.35,1.0,1.0,True,10,0.0001,0.0001,0.9
982,35.42050249233565,0.9609160085042441,0.0002813914616126567,0.005115128122270107,0.35,1.0,1.0,True,10,0.0001,0.0046415888336127,0.9
983,39.5182239042751,0.9831374055783815,0.00011170229845447466,0.0053802914917469025,0.35,1.0,1.0,True,10,0.0001,0.0464158883361277,0.9
984,30.15220761403889,0.9648991351249417,0.000960183737333864,0.009433324448764324,0.35,1.0,1.0,True,10,0.0001,0.0046415888336127,0.9
985,42.41515475595836,0.9823985607262367,5.7016804930754006e-05,0.003694592509418726,0.35,1.0,1.0,True,10,0.0001,0.0046415888336127,0.9
986,21.454788920302157,0.8821138948930419,0.00713307736441493,0.0077629853039979935,0.35,1.0,1.0,True,10,0.0001,0.0046415888336127,0.9
987,38.151390393421444,0.9684329952264226,0.0001528722350485623,0.004072204232215881,0.35,1.0,1.0,True,10,0.0001,0.0464158883361277,0.9
988,24.954587963020607,0.9140263248515633,0.0030506288167089224,0.007849859073758125,0.35,1.0,1.0,True,10,0.0001,0.01,0.9
989,31.60033413391426,0.9787043196959392,0.0006914787809364498,0.005789705086499453,0.35,1.0,1.0,True,10,0.0001,0.0464158883361277,0.9
990,23.61645027168466,0.9339844092738241,0.004316949285566807,0.013934299349784851,0.35,1.0,1.0,True,10,0.0001,0.01,0.9
991,39.01617781745633,0.97393549863399,0.000112014779006131,0.0062643554992973804,0.35,1.0,1.0,True,10,0.0001,0.0046415888336127,0.9
992,40.52064546899508,0.962790689555115,8.830610022414476e-05,0.00397572061046958,0.35,1.0,1.0,True,10,0.0001,0.0215443469003188,0.9
993,42.27518216971955,0.9882198070071184,5.918971146456897e-05,0.003286407794803381,0.35,1.0,1.0,True,10,0.0001,0.0464158883361277,0.9
994,36.51820359322953,0.972812324316386,0.00022169823932927102,0.0060933311469852924,0.35,1.0,1.0,True,10,0.0001,0.01,0.9
995,27.225034625474017,0.9214814106457689,0.0018556253053247929,0.008043725043535233,0.35,1.0,1.0,True,10,0.0001,0.0046415888336127,0.9
996,31.452978510470487,0.9518724758527842,0.0007052420405671,0.009725837036967278,0.35,1.0,1.0,True,10,0.0001,0.0046415888336127,0.9
997,28.796328537418404,0.9723499963450235,0.0013162863906472921,0.006975433323532343,0.35,1.0,1.0,True,10,0.0001,0.0215443469003188,0.9
998,22.69216132842622,0.9214112406580443,0.005368936341255903,0.010679922066628933,0.35,1.0,1.0,True,10,0.0001,0.01,0.9
999,36.79431835218165,0.9693757440083659,0.00020864383259322494,0.004834442865103483,0.35,1.0,1.0,True,10,0.0001,0.0464158883361277,0.9
