sample_idx,psnr,ssim,mse,post_std_mean,sigma_used,alpha,scaling,clip,lambda_,lambda_rd,anis_param,zeta
0,31.813645994390892,0.962483229736487,0.0006441996083594859,0.011372221633791924,0.7,1.0,1.0,True,10,0.0001,0.0046415888336127,0.9
1,29.28168320966824,0.9364453492007604,0.001178426668047905,0.016819888725876808,0.7,1.0,1.0,True,10,0.0001,0.0215443469003188,0.9
2,34.428017123853195,0.9766418014425242,0.0003362765710335225,0.009548619389533997,0.7,1.0,1.0,True,10,0.0001,0.0004641588833612,0.9
3,32.26679958713313,0.9406476054932649,0.0005478821112774312,0.005850721150636673,0.7,1.0,1.0,True,10,0.0001,0.0215443469003188,0.9
4,29.683156761099273,0.922275210078133,0.0010600779205560684,0.007486311718821526,0.7,1.0,1.0,True,10,0.0001,0.0021544346900318,0.9
5,33.969093767806534,0.9648123641639671,0.0003708147560246289,0.006135021336376667,0.7,1.0,1.0,True,10,0.0001,0.01,0.9
6,31.281384547277675,0.9591701202502069,0.0006093310075812042,0.007299886550754309,0.7,1.0,1.0,True,10,0.0001,0.001,0.9
7,37.070544296813345,0.979493173913813,0.00019433806301094592,0.004365370608866215,0.7,1.0,1.0,True,10,0.0001,0.01,0.9
8,30.878537703562742,0.9340180529606354,0.0008099192637018859,0.014483644627034664,0.7,1.0,1.0,True,10,0.0001,0.001,0.9
9,20.19486875335597,0.8104360942633067,0.009427963756024837,0.01763627678155899,0.7,1.0,1.0,True,10,0.0001,0.01,0.9
10,30.488105552046164,0.9680819955680392,0.0008832069579511881,0.01242295652627945,0.7,1.0,1.0,True,10,0.0001,0.0021544346900318,0.9
11,33.82204143753704,0.9616952779154044,0.0004141537647228688,0.008085351437330246,0.7,1.0,1.0,True,10,0.0001,0.0464158883361277,0.9
12,28.3975733776563,0.9607279546581924,0.001436404068954289,0.009779314510524273,0.7,1.0,1.0,True,10,0.0001,0.0046415888336127,0.9
13,24.277194623514795,0.9032101882770018,0.0037237326614558697,0.015216491185128689,0.7,1.0,1.0,True,10,0.0001,0.01,0.9
14,38.37988936019481,0.9797464375248635,0.00014502771955449134,0.008438442833721638,0.7,1.0,1.0,True,10,0.0001,0.0004641588833612,0.9
15,41.84504770654243,0.9728574487385488,6.528120866278186e-05,0.005234504118561745,0.7,1.0,1.0,True,10,0.0001,0.01,0.9
16,37.92932092777806,0.9756982925014476,0.00016056050662882626,0.005936245433986187,0.7,1.0,1.0,True,10,0.0001,0.0215443469003188,0.9
17,40.769355894959325,0.9794449978445583,8.367696864297614e-05,0.007500729523599148,0.7,1.0,1.0,True,10,0.0001,0.0215443469003188,0.9
18,30.884355701802136,0.9438125401066368,0.0007872348069213331,0.00527008343487978,0.7,1.0,1.0,True,10,0.0001,0.01,0.9
19,30.740146408926794,0.9570148514797074,0.0008152033551596105,0.007452437188476324,0.7,1.0,1.0,True,10,0.0001,0.0046415888336127,0.9
20,33.354497054706144,0.9384205354270944,0.0003952284750994295,0.010396950878202915,0.7,1.0,1.0,True,10,0.0001,0.01,0.9
21,41.259627357308545,0.9866984618522066,7.474210724467412e-05,0.0056742154993116856,0.7,1.0,1.0,True,10,0.0001,0.0215443469003188,0.9
22,25.802133235480525,0.9247384061328048,0.002578976796939969,0.01203084271401167,0.7,1.0,1.0,True,10,0.0001,0.0004641588833612,0.9
23,33.42285926717955,0.9449862998874687,0.00045379961375147104,0.008215193636715412,0.7,1.0,1.0,True,10,0.0001,0.0215443469003188,0.9
24,32.65356549298986,0.9336474047141424,0.0005405734409578145,0.012812145054340363,0.7,1.0,1.0,True,10,0.0001,0.0002154434690031,0.9
25,39.3295735569918,0.9598311263264394,0.00011612477828748524,0.0040143802762031555,0.7,1.0,1.0,True,10,0.0001,0.01,0.9
26,32.51821308833577,0.9341524231360054,0.00046646103146485984,0.011552400887012482,0.7,1.0,1.0,True,10,0.0001,0.01,0.9
27,35.84374155125165,0.9753254243279389,0.0002600805019028485,0.009371215477585793,0.7,1.0,1.0,True,10,0.0001,0.0046415888336127,0.9
28,30.360627721672763,0.9133421756699345,0.0008029885357245803,0.017103319987654686,0.7,1.0,1.0,True,10,0.0001,0.0046415888336127,0.9
29,30.586896741678373,0.9805984189512806,0.0008725409861654043,0.008373405784368515,0.7,1.0,1.0,True,10,0.0001,0.0046415888336127,0.9
30,25.93358360043198,0.9455542402732175,0.002546711126342416,0.006854165345430374,0.7,1.0,1.0,True,10,0.0001,0.01,0.9
31,21.016407380297736,0.8539677817936481,0.007838122546672821,0.02288256213068962,0.7,1.0,1.0,True,10,0.0001,0.01,0.9
32,36.598308157558414,0.9682405684585419,0.00021862804715055972,0.006245870143175125,0.7,1.0,1.0,True,10,0.0001,0.0215443469003188,0.9
33,32.32132178973839,0.9848651927506592,0.0005854199989698827,0.006531603168696165,0.7,1.0,1.0,True,10,0.0001,0.0004641588833612,0.9
34,36.455846858183584,0.961334427236219,0.00022582412930205464,0.007553672883659601,0.7,1.0,1.0,True,10,0.0001,0.0215443469003188,0.9
35,20.71512488566348,0.771793013714393,0.008470571599900723,0.018286682665348053,0.7,1.0,1.0,True,10,0.0001,0.0046415888336127,0.9
36,33.099811039719896,0.9688270961168012,0.00047981293755583465,0.005968226585537195,0.7,1.0,1.0,True,10,0.0001,0.0021544346900318,0.9
37,23.538249372313082,0.9285085572992328,0.004408599808812141,0.010853443294763565,0.7,1.0,1.0,True,10,0.0001,0.01,0.9
38,30.55266583329418,0.9398028205837997,0.0008709690300747752,0.009560538455843925,0.7,1.0,1.0,True,10,0.0001,0.0046415888336127,0.9
39,30.20868281226428,0.9621231230235321,0.0009469884098507464,0.012704870663583279,0.7,1.0,1.0,True,10,0.0001,0.0001,0.9
40,26.79852709897169,0.9378902317400564,0.0020867513958364725,0.011298189871013165,0.7,1.0,1.0,True,10,0.0001,0.01,0.9
41,26.720014709925852,0.9299801346760386,0.002115953480824828,0.01338806189596653,0.7,1.0,1.0,True,10,0.0001,0.0021544346900318,0.9
42,41.02868205360468,0.9653803335100997,7.835948053980246e-05,0.009290731512010098,0.7,1.0,1.0,True,10,0.0001,0.01,0.9
43,35.43875192667225,0.949888027350969,0.000285254413029179,0.008746637962758541,0.7,1.0,1.0,True,10,0.0001,0.0215443469003188,0.9
44,28.39585663684597,0.9211062335277551,0.0014000885421410203,0.012979892082512379,0.7,1.0,1.0,True,10,0.0001,0.01,0.9
45,35.24258012091534,0.9669442620393661,0.0002909133618231863,0.006897215265780687,0.7,1.0,1.0,True,10,0.0001,0.0002154434690031,0.9
46,33.096478866944594,0.9604962051714414,0.00047528158756904304,0.007019239477813244,0.7,1.0,1.0,True,10,0.0001,0.0004641588833612,0.9
47,28.281491702253533,0.9373748651614376,0.001464368775486946,0.010504843667149544,0.7,1.0,1.0,True,10,0.0001,0.0021544346900318,0.9
48,33.890035361163896,0.9769705512606076,0.000406384642701596,0.010620007291436195,0.7,1.0,1.0,True,10,0.0001,0.001,0.9
49,23.94636276909935,0.9074296475547234,0.0040163882076740265,0.015617577359080315,0.7,1.0,1.0,True,10,0.0001,0.0046415888336127,0.9
50,31.105360051790566,0.9247562174096134,0.0006926280912011862,0.010008309036493301,0.7,1.0,1.0,True,10,0.0001,0.0021544346900318,0.9
51,37.362670988859826,0.9626646670210103,0.0001825372310122475,0.004920753184705973,0.7,1.0,1.0,True,10,0.0001,0.01,0.9
52,33.54927463087192,0.9434095109025761,0.00034490376128815114,0.005601778160780668,0.7,1.0,1.0,True,10,0.0001,0.0046415888336127,0.9
53,27.690514539169477,0.9316833045668093,0.0017000206280499697,0.009684434160590172,0.7,1.0,1.0,True,10,0.0001,0.0215443469003188,0.9
54,28.818588850084303,0.9691403330379657,0.0013114073080942035,0.009756527841091156,0.7,1.0,1.0,True,10,0.0001,0.0046415888336127,0.9
55,33.80934320965546,0.9450687703410292,0.0004123750259168446,0.007947132922708988,0.7,1.0,1.0,True,10,0.0001,0.0046415888336127,0.9
56,31.68249515471674,0.9519156683063359,0.00067432428477332,0.0073102498427033424,0.7,1.0,1.0,True,10,0.0001,0.0046415888336127,0.9
57,33.58807240653226,0.9568286131917507,0.00032815695158205926,0.008849585428833961,0.7,1.0,1.0,True,10,0.0001,0.0004641588833612,0.9
58,26.014428673673994,0.9313655760835076,0.002502826973795891,0.03309115022420883,0.7,1.0,1.0,True,10,0.0001,0.0215443469003188,0.9
59,30.91858650707521,0.975371141167371,0.0008089981274679303,0.012160608544945717,0.7,1.0,1.0,True,10,0.0001,0.01,0.9
60,35.80746781673523,0.9597223052068761,0.0002485100121702999,0.006216465961188078,0.7,1.0,1.0,True,10,0.0001,0.0046415888336127,0.9
61,23.52516547614146,0.8914377546116664,0.004077313933521509,0.009473719634115696,0.7,1.0,1.0,True,10,0.0001,0.001,0.9
62,24.735104934498633,0.9227335113883718,0.003356196917593479,0.010000531561672688,0.7,1.0,1.0,True,10,0.0001,0.0046415888336127,0.9
63,22.267437648300007,0.7963765970083967,0.005885974038392305,0.018008999526500702,0.7,1.0,1.0,True,10,0.0001,0.0215443469003188,0.9
64,21.780811437557922,0.8868843681285671,0.006631385535001755,0.013302523642778397,0.7,1.0,1.0,True,10,0.0001,0.01,0.9
65,35.723521491810985,0.9761290924221862,0.0002623235050123185,0.005923862103372812,0.7,1.0,1.0,True,10,0.0001,0.0046415888336127,0.9
66,27.95995663702367,0.9518092248215887,0.0015984573401510715,0.008917324244976044,0.7,1.0,1.0,True,10,0.0001,0.0215443469003188,0.9
67,30.543422895585657,0.9399850403176865,0.0007979483343660831,0.010221933014690876,0.7,1.0,1.0,True,10,0.0001,0.0021544346900318,0.9
68,33.67812537240796,0.9504251899995425,0.0003668746503535658,0.007885990664362907,0.7,1.0,1.0,True,10,0.0001,0.001,0.9
69,28.354990894608978,0.9631605935047531,0.001450888579711318,0.011610914953052998,0.7,1.0,1.0,True,10,0.0001,0.001,0.9
70,27.61322273397532,0.9585078834672338,0.0017305354122072458,0.006179929710924625,0.7,1.0,1.0,True,10,0.0001,0.0215443469003188,0.9
71,21.75821466593995,0.7994577793339704,0.006414464209228754,0.0217326320707798,0.7,1.0,1.0,True,10,0.0001,0.001,0.9
72,41.56724111555175,0.9953048500944587,6.966891669435427e-05,0.006466750521212816,0.7,1.0,1.0,True,10,0.0001,0.01,0.9
73,20.12306513639391,0.8500759943242553,0.009557167068123817,0.011443907395005226,0.7,1.0,1.0,True,10,0.0001,0.0215443469003188,0.9
74,24.176827405510714,0.810141823878501,0.003726371331140399,0.018961692228913307,0.7,1.0,1.0,True,10,0.0001,0.0021544346900318,0.9
75,18.729130816628864,0.8040468175223331,0.013371970504522324,0.008226964622735977,0.7,1.0,1.0,True,10,0.0001,0.01,0.9
76,23.307949588693596,0.9026542614167028,0.004656368866562843,0.007223603315651417,0.7,1.0,1.0,True,10,0.0001,0.0046415888336127,0.9
77,32.70620259898002,0.9643353196274262,0.0005356752080842853,0.007443769834935665,0.7,1.0,1.0,True,10,0.0001,0.01,0.9
78,36.61873794350835,0.9750193760829321,0.00021730439038947225,0.007940276525914669,0.7,1.0,1.0,True,10,0.0001,0.01,0.9
79,27.690108195235116,0.8781449253955842,0.0015827931929379702,0.016023077070713043,0.7,1.0,1.0,True,10,0.0001,0.0046415888336127,0.9
80,28.79316106631691,0.9312683473176816,0.0012584282085299492,0.009872457012534142,0.7,1.0,1.0,True,10,0.0001,0.001,0.9
81,26.564999834942917,0.9259117573386267,0.002189014106988907,0.010700046084821224,0.7,1.0,1.0,True,10,0.0001,0.0046415888336127,0.9
82,39.19174580206535,0.9866565703669077,0.00012021936709061265,0.005864195059984922,0.7,1.0,1.0,True,10,0.0001,0.0215443469003188,0.9
83,36.85583442590338,0.9584146114018187,0.00020421251247171313,0.007124394178390503,0.7,1.0,1.0,True,10,0.0001,0.01,0.9
84,32.49634744939794,0.9632287907065252,0.0005617426941171288,0.005160893779247999,0.7,1.0,1.0,True,10,0.0001,0.001,0.9
85,22.973644300380368,0.8851318370608058,0.005009276792407036,0.013150349259376526,0.7,1.0,1.0,True,10,0.0001,0.0046415888336127,0.9
86,25.919758769656323,0.907451555215522,0.0024435429368168116,0.012429030612111092,0.7,1.0,1.0,True,10,0.0001,0.0021544346900318,0.9
87,26.09793531951444,0.9187111073895382,0.0023548074532300234,0.012700757943093777,0.7,1.0,1.0,True,10,0.0001,0.0021544346900318,0.9
88,39.45753756615972,0.9796572381282616,0.000113192611024715,0.004783097188919783,0.7,1.0,1.0,True,10,0.0001,0.01,0.9
89,33.8854673522698,0.9779852227652898,0.00040467779035679996,0.007584082428365946,0.7,1.0,1.0,True,10,0.0001,0.0046415888336127,0.9
90,35.07218459003036,0.9533780887415412,0.00030603763298131526,0.005760782863944769,0.7,1.0,1.0,True,10,0.0001,0.001,0.9
91,37.71655576335416,0.9738582184747768,0.00016894321015570313,0.005400451365858316,0.7,1.0,1.0,True,10,0.0001,0.01,0.9
92,36.6646131481929,0.970057885274983,0.00021541176829487085,0.0064296238124370575,0.7,1.0,1.0,True,10,0.0001,0.0215443469003188,0.9
93,35.18493131080697,0.9639402534139907,0.0003028769278898835,0.008435052819550037,0.7,1.0,1.0,True,10,0.0001,0.0215443469003188,0.9
94,28.597275551549536,0.9111548878052594,0.0013419946189969778,0.01311358343809843,0.7,1.0,1.0,True,10,0.0001,0.0046415888336127,0.9
95,39.993868368080584,0.9784297242037898,9.993577987188473e-05,0.004296554252505302,0.7,1.0,1.0,True,10,0.0001,0.0046415888336127,0.9
96,37.33516619876358,0.9696145821727958,0.00018454754899721593,0.005391930229961872,0.7,1.0,1.0,True,10,0.0001,0.01,0.9
97,38.92328287753751,0.9858305927277595,0.00012798080570064485,0.005049424711614847,0.7,1.0,1.0,True,10,0.0001,0.01,0.9
98,29.134793864268755,0.9127071575483671,0.001204230822622776,0.021115703508257866,0.7,1.0,1.0,True,10,0.0001,0.01,0.9
99,29.748913916478422,0.9532599718578091,0.0010589220328256488,0.03196769952774048,0.7,1.0,1.0,True,10,0.0001,0.0215443469003188,0.9
100,33.66244381069776,0.9612732334187403,0.0004300313303247094,0.007063727360218763,0.7,1.0,1.0,True,10,0.0001,0.0215443469003188,0.9
101,35.75498566210832,0.9635793545020992,0.00012023082672385499,0.005912441294640303,0.7,1.0,1.0,True,10,0.0001,0.01,0.9
102,27.328871778138254,0.9175141708977267,0.0015661002835258842,0.008020531386137009,0.7,1.0,1.0,True,10,0.0001,0.0215443469003188,0.9
103,29.30832939343873,0.9682728832105119,0.0011724246433004737,0.009773512370884418,0.7,1.0,1.0,True,10,0.0001,0.01,0.9
104,24.889739268337145,0.8833791598588372,0.003083504969254136,0.012820827774703503,0.7,1.0,1.0,True,10,0.0001,0.0046415888336127,0.9
105,23.97948743271079,0.9225236084694245,0.003985397983342409,0.01486047450453043,0.7,1.0,1.0,True,10,0.0001,0.01,0.9
106,26.43987677107759,0.9463610702945867,0.0022659916430711746,0.010129046626389027,0.7,1.0,1.0,True,10,0.0001,0.01,0.9
107,32.193671076306465,0.9705268822541178,0.0006034043617546558,0.006240815855562687,0.7,1.0,1.0,True,10,0.0001,0.0001,0.9
108,27.140729493946722,0.929891156192227,0.0019296685932204127,0.023389384150505066,0.7,1.0,1.0,True,10,0.0001,0.01,0.9
109,24.932215024457246,0.914542598654665,0.003208721987903118,0.01069327350705862,0.7,1.0,1.0,True,10,0.0001,0.0046415888336127,0.9
110,19.695631142901956,0.8354530691727882,0.010710041038691998,0.008479196578264236,0.7,1.0,1.0,True,10,0.0001,0.0046415888336127,0.9
111,32.43573473739912,0.9685285650539693,0.0004495084285736084,0.005464335437864065,0.7,1.0,1.0,True,10,0.0001,0.001,0.9
112,20.33407004130444,0.7839216872811123,0.009158246219158173,0.026724224910140038,0.7,1.0,1.0,True,10,0.0001,0.0021544346900318,0.9
113,34.58645934692348,0.9576953654057347,0.00034775168751366436,0.008304249495267868,0.7,1.0,1.0,True,10,0.0001,0.0464158883361277,0.9
114,23.792639222687537,0.8062612593765188,0.004104570019990206,0.02052227407693863,0.7,1.0,1.0,True,10,0.0001,0.0021544346900318,0.9
115,22.756105038530006,0.8834787510001217,0.005288383923470974,0.022628622129559517,0.7,1.0,1.0,True,10,0.0001,0.01,0.9
116,31.092829487921392,0.9480123493524405,0.0007745426264591515,0.013630288653075695,0.7,1.0,1.0,True,10,0.0001,0.0021544346900318,0.9
117,38.875798376612714,0.9787417264468776,0.0001295263646170497,0.006019579712301493,0.7,1.0,1.0,True,10,0.0001,0.01,0.9
118,30.63300748526172,0.9631033178084406,0.000856407976243645,0.008214244619011879,0.7,1.0,1.0,True,10,0.0001,0.0046415888336127,0.9
119,34.28927676840414,0.9565534228603169,0.00036974664544686675,0.00823147688060999,0.7,1.0,1.0,True,10,0.0001,0.0004641588833612,0.9
120,19.197450176288626,0.8413571397676849,0.011975650675594807,0.008946740068495274,0.7,1.0,1.0,True,10,0.0001,0.0046415888336127,0.9
121,31.218178500969337,0.9375616917530819,0.000733477296307683,0.008602449670433998,0.7,1.0,1.0,True,10,0.0001,0.001,0.9
122,33.01705895603628,0.9405712295665768,0.00045739070628769696,0.004813432227820158,0.7,1.0,1.0,True,10,0.0001,0.0215443469003188,0.9
123,21.377834884265962,0.8546433096525679,0.007272215094417334,0.008760771714150906,0.7,1.0,1.0,True,10,0.0001,0.0215443469003188,0.9
124,32.41755055586796,0.9757993366757659,0.0005726630915887654,0.007713074795901775,0.7,1.0,1.0,True,10,0.0001,0.0464158883361277,0.9
125,25.887071715330134,0.9410847835896308,0.0025646244175732136,0.015474674291908741,0.7,1.0,1.0,True,10,0.0001,0.0046415888336127,0.9
126,28.99738865969878,0.9214467590197083,0.0011844240361824632,0.005409135017544031,0.7,1.0,1.0,True,10,0.0001,0.0464158883361277,0.9
127,27.650818087503993,0.9696073187332527,0.0016979080392047763,0.009339983575046062,0.7,1.0,1.0,True,10,0.0001,0.0004641588833612,0.9
128,36.13381042126824,0.964220303223229,0.0002417515788692981,0.006089152302592993,0.7,1.0,1.0,True,10,0.0001,0.0021544346900318,0.9
129,27.398988858184573,0.908731201930526,0.0016589270671829581,0.010504625737667084,0.7,1.0,1.0,True,10,0.0001,0.0021544346900318,0.9
130,28.937316784250168,0.8779647618155423,0.0012518881121650338,0.007311174180358648,0.7,1.0,1.0,True,10,0.0001,0.001,0.9
131,31.826901505463233,0.9788554923453198,0.0005896404618397355,0.007999188266694546,0.7,1.0,1.0,True,10,0.0001,0.0021544346900318,0.9
132,25.827872276363138,0.9346406892003536,0.0026075413916260004,0.00949937291443348,0.7,1.0,1.0,True,10,0.0001,0.01,0.9
133,19.82956343380009,0.8092390090846807,0.010330075398087502,0.023429779335856438,0.7,1.0,1.0,True,10,0.0001,0.01,0.9
134,26.517040767757464,0.9453874233387116,0.002175484085455537,0.014769947156310081,0.7,1.0,1.0,True,10,0.0001,0.0021544346900318,0.9
135,35.67373356040047,0.9669744330847595,0.0002402017853455618,0.006233792286366224,0.7,1.0,1.0,True,10,0.0001,0.0021544346900318,0.9
136,33.41241327334424,0.9488428310482495,0.00044663381413556635,0.009101230651140213,0.7,1.0,1.0,True,10,0.0001,0.0046415888336127,0.9
137,32.44815398324561,0.9628265487228138,0.0005685131181962788,0.00830690748989582,0.7,1.0,1.0,True,10,0.0001,0.0215443469003188,0.9
138,37.61738084839878,0.9690436894310517,0.00017302489141002297,0.008165858685970306,0.7,1.0,1.0,True,10,0.0001,0.0215443469003188,0.9
139,36.018761612500896,0.9539315989404394,0.00025004736380651593,0.007786794565618038,0.7,1.0,1.0,True,10,0.0001,0.0464158883361277,0.9
140,36.16194286082316,0.9564581023004401,0.00021902882144786417,0.007052332628518343,0.7,1.0,1.0,True,10,0.0001,0.0046415888336127,0.9
141,36.87577780148327,0.9615206660547123,0.00020446635608095676,0.005023941397666931,0.7,1.0,1.0,True,10,0.0001,0.0215443469003188,0.9
142,24.18542683747838,0.8934931540011137,0.0038056590128690004,0.010548550635576248,0.7,1.0,1.0,True,10,0.0001,0.0046415888336127,0.9
143,25.51409276352411,0.9152572364214773,0.0028032429981976748,0.017260294407606125,0.7,1.0,1.0,True,10,0.0001,0.01,0.9
144,35.797959597011555,0.9871963523981864,0.00026284370687790215,0.005935097578912973,0.7,1.0,1.0,True,10,0.0001,0.0215443469003188,0.9
145,20.327301366235424,0.825671623761598,0.00924598053097725,0.017352741211652756,0.7,1.0,1.0,True,10,0.0001,0.0021544346900318,0.9
146,22.60912859332576,0.8810427417252761,0.005471619311720133,0.02116294577717781,0.7,1.0,1.0,True,10,0.0001,0.0046415888336127,0.9
147,22.89257973632882,0.9146071890177375,0.005124302115291357,0.014852802269160748,0.7,1.0,1.0,True,10,0.0001,0.01,0.9
148,26.15998846439496,0.8896457260279433,0.002065601060166955,0.010940585285425186,0.7,1.0,1.0,True,10,0.0001,0.0215443469003188,0.9
149,28.34555027845566,0.8931026654656768,0.0013205872382968664,0.010591138154268265,0.7,1.0,1.0,True,10,0.0001,0.01,0.9
150,32.3664852349287,0.9779896106421024,0.0005789936985820532,0.008370881900191307,0.7,1.0,1.0,True,10,0.0001,0.01,0.9
151,28.004445595571305,0.9144550539371514,0.0014217261923477054,0.012247084639966488,0.7,1.0,1.0,True,10,0.0001,0.01,0.9
152,35.26147636921843,0.9664435010514885,0.0002975827956106514,0.012174654752016068,0.7,1.0,1.0,True,10,0.0001,0.0215443469003188,0.9
153,33.36962719274917,0.962923755209943,0.0004599515232257545,0.009979202412068844,0.7,1.0,1.0,True,10,0.0001,0.0215443469003188,0.9
154,42.9899891070547,0.9913351113520663,5.017059447709471e-05,0.005978030618280172,0.7,1.0,1.0,True,10,0.0001,0.0215443469003188,0.9
155,22.232690563943688,0.8934328373801732,0.005966837517917156,0.013195945881307125,0.7,1.0,1.0,True,10,0.0001,0.0046415888336127,0.9
156,40.931118801758586,0.985044607667731,8.04942028480582e-05,0.005974164232611656,0.7,1.0,1.0,True,10,0.0001,0.0215443469003188,0.9
157,21.58978652267865,0.8527874765262657,0.006910394411534071,0.01503772009164095,0.7,1.0,1.0,True,10,0.0001,0.0046415888336127,0.9
158,27.45854563879762,0.9584027392437953,0.0016755680553615093,0.012077316641807556,0.7,1.0,1.0,True,10,0.0001,0.0046415888336127,0.9
159,25.321710518096015,0.9494101108120075,0.0029179451521486044,0.008152278140187263,0.7,1.0,1.0,True,10,0.0001,0.0046415888336127,0.9
160,36.37821596003973,0.9667666788117805,0.00023017745115794241,0.006780566647648811,0.7,1.0,1.0,True,10,0.0001,0.0215443469003188,0.9
161,27.80004236375367,0.9475395870736202,0.0016551747685298324,0.011016130447387695,0.7,1.0,1.0,True,10,0.0001,0.0046415888336127,0.9
162,39.38005245005637,0.9773521187750793,0.00011510943295434117,0.008017506450414658,0.7,1.0,1.0,True,10,0.0001,0.0215443469003188,0.9
163,31.06401934092107,0.972210312790792,0.0007778567378409207,0.014854415319859982,0.7,1.0,1.0,True,10,0.0001,0.0046415888336127,0.9
164,32.96406370238034,0.9749767239617858,0.0005033322377130389,0.011652232147753239,0.7,1.0,1.0,True,10,0.0001,0.0021544346900318,0.9
165,39.60105053957725,0.9825816155863989,0.00010374932753620669,0.004637842066586018,0.7,1.0,1.0,True,10,0.0001,0.0021544346900318,0.9
166,33.631519015727264,0.9521898533245481,0.00043324113357812166,0.008928138762712479,0.7,1.0,1.0,True,10,0.0001,0.0215443469003188,0.9
167,30.52005558123796,0.981505563907456,0.000883839325979352,0.0064391219057142735,0.7,1.0,1.0,True,10,0.0001,0.0046415888336127,0.9
168,32.96879132361128,0.9548760623708598,0.0005044446443207562,0.016965031623840332,0.7,1.0,1.0,True,10,0.0001,0.001,0.9
169,31.455051083641603,0.963454451661853,0.0007146041607484221,0.007873782888054848,0.7,1.0,1.0,True,10,0.0001,0.0464158883361277,0.9
170,36.70229922962301,0.981692132596753,0.0002132797526428476,0.007664017844945192,0.7,1.0,1.0,True,10,0.0001,0.0215443469003188,0.9
171,31.705982401734772,0.9514395048682288,0.0006561325280927122,0.016025669872760773,0.7,1.0,1.0,True,10,0.0001,0.0001,0.9
172,37.915208278348125,0.9749476694193417,0.00016120471991598606,0.005935529246926308,0.7,1.0,1.0,True,10,0.0001,0.0046415888336127,0.9
173,37.2936518553185,0.9890084943442891,0.0001855838199844584,0.008424504660069942,0.7,1.0,1.0,True,10,0.0001,0.0004641588833612,0.9
174,28.423303983722118,0.9659085936798215,0.0014300006441771984,0.009540887549519539,0.7,1.0,1.0,True,10,0.0001,0.0046415888336127,0.9
175,27.062854393809648,0.8756584730482265,0.0014819193165749311,0.006373017560690641,0.7,1.0,1.0,True,10,0.0001,0.0464158883361277,0.9
176,29.19084541717744,0.954287254196756,0.0012040205765515566,0.009547963738441467,0.7,1.0,1.0,True,10,0.0001,0.01,0.9
177,35.563494675331896,0.9843601142474372,0.00027754774782806635,0.010473145171999931,0.7,1.0,1.0,True,10,0.0001,0.0002154434690031,0.9
178,35.0628575934672,0.964120517535783,0.0002931044436991215,0.006833876948803663,0.7,1.0,1.0,True,10,0.0001,0.0021544346900318,0.9
179,20.382753787048596,0.835658915304378,0.009114955551922321,0.014600737951695919,0.7,1.0,1.0,True,10,0.0001,0.0046415888336127,0.9
180,35.671243262359525,0.9567463155393753,0.00026608476764522493,0.004210200160741806,0.7,1.0,1.0,True,10,0.0001,0.01,0.9
181,29.348405188370606,0.9421674560551735,0.0011561682913452387,0.012067863717675209,0.7,1.0,1.0,True,10,0.0001,0.0021544346900318,0.9
182,35.47367020342236,0.9655251322377577,0.0002833586186170578,0.00802519265562296,0.7,1.0,1.0,True,10,0.0001,0.0215443469003188,0.9
183,34.20865139132039,0.9902895441888163,0.00037892707041464746,0.009579404257237911,0.7,1.0,1.0,True,10,0.0001,0.0046415888336127,0.9
184,28.99086281523861,0.9339067349431438,0.001251557026989758,0.011866630986332893,0.7,1.0,1.0,True,10,0.0001,0.0046415888336127,0.9
185,20.343370897890807,0.8219658192072349,0.009216342121362686,0.017938770353794098,0.7,1.0,1.0,True,10,0.0001,0.0021544346900318,0.9
186,37.335457348823525,0.967034086815713,0.0001845993974711746,0.00713209668174386,0.7,1.0,1.0,True,10,0.0001,0.0215443469003188,0.9
187,28.869666795502695,0.946723852902497,0.0012913122773170471,0.021130284294486046,0.7,1.0,1.0,True,10,0.0001,0.0021544346900318,0.9
188,37.31675810353194,0.9827224728954097,0.00018512431415729225,0.005082589108496904,0.7,1.0,1.0,True,10,0.0001,0.0215443469003188,0.9
189,36.00035126007899,0.9639708808824128,0.00024823093554005027,0.008880558423697948,0.7,1.0,1.0,True,10,0.0001,0.0004641588833612,0.9
190,35.88584388097524,0.983281141494942,0.0002573471865616739,0.00925541389733553,0.7,1.0,1.0,True,10,0.0001,0.0215443469003188,0.9
191,32.89363507341516,0.9768526343584553,0.0005133398226462305,0.006030833814293146,0.7,1.0,1.0,True,10,0.0001,0.0215443469003188,0.9
192,35.69699531568243,0.9757430036585889,0.00026846080436371267,0.007606650236994028,0.7,1.0,1.0,True,10,0.0001,0.0464158883361277,0.9
193,28.253313232621554,0.8992199374255181,0.0014613275416195393,0.013922436162829399,0.7,1.0,1.0,True,10,0.0001,0.0046415888336127,0.9
194,24.532782566274108,0.9038343654774413,0.0035156295634806156,0.013289262540638447,0.7,1.0,1.0,True,10,0.0001,0.01,0.9
195,31.772800804959495,0.936137002472784,0.0006625434034503996,0.013396778143942356,0.7,1.0,1.0,True,10,0.0001,0.01,0.9
196,24.16891719582109,0.8959637496751248,0.0037517889868468046,0.009704256430268288,0.7,1.0,1.0,True,10,0.0001,0.0215443469003188,0.9
197,31.229993617217957,0.9089955694212264,0.0007506808033213019,0.021045247092843056,0.7,1.0,1.0,True,10,0.0001,0.0021544346900318,0.9
198,19.86863290268457,0.8215820913380447,0.010278243571519852,0.01200949028134346,0.7,1.0,1.0,True,10,0.0001,0.0215443469003188,0.9
199,30.47276971508575,0.9475181252533191,0.0008523836149834096,0.014048537239432335,0.7,1.0,1.0,True,10,0.0001,0.01,0.9
200,27.036267774216075,0.9518446007217747,0.0019444620702415705,0.009641147218644619,0.7,1.0,1.0,True,10,0.0001,0.0021544346900318,0.9
201,24.012541563419425,0.8586199167912578,0.003880516393110156,0.0071326009929180145,0.7,1.0,1.0,True,10,0.0001,0.0464158883361277,0.9
202,35.48785958358739,0.9753428225946623,0.0002814820618368685,0.01113513857126236,0.7,1.0,1.0,True,10,0.0001,0.0021544346900318,0.9
203,28.083888094205804,0.912587158522262,0.0015228471020236611,0.01784687675535679,0.7,1.0,1.0,True,10,0.0001,0.0046415888336127,0.9
204,36.480859596437945,0.9566705505314627,0.00022454443387687206,0.005738014355301857,0.7,1.0,1.0,True,10,0.0001,0.0215443469003188,0.9
205,28.9633994965633,0.9292880729709678,0.0012662002118304372,0.018136441707611084,0.7,1.0,1.0,True,10,0.0001,0.01,0.9
206,40.72924194057806,0.9825203844391278,8.441104728262872e-05,0.007105548400431871,0.7,1.0,1.0,True,10,0.0001,0.0215443469003188,0.9
207,31.8765177980795,0.9553372919544101,0.0006489338120445609,0.008357283659279346,0.7,1.0,1.0,True,10,0.0001,0.0215443469003188,0.9
208,28.170180041153593,0.9005543757979715,0.0015223301015794277,0.01917283423244953,0.7,1.0,1.0,True,10,0.0001,0.0215443469003188,0.9
209,34.23660270951732,0.9565053611563209,0.00037656843778677285,0.010356388986110687,0.7,1.0,1.0,True,10,0.0001,0.0215443469003188,0.9
210,21.655255886229906,0.8530369262872454,0.006764610763639212,0.018685232847929,0.7,1.0,1.0,True,10,0.0001,0.0046415888336127,0.9
211,40.58266544649716,0.9846438174707848,8.611997327534482e-05,0.005614567548036575,0.7,1.0,1.0,True,10,0.0001,0.0021544346900318,0.9
212,31.473152552212888,0.9625407209460334,0.0007117468048818409,0.009121512062847614,0.7,1.0,1.0,True,10,0.0001,0.0215443469003188,0.9
213,28.834945313979077,0.9377941452100118,0.0011644550831988454,0.00933540053665638,0.7,1.0,1.0,True,10,0.0001,0.01,0.9
214,31.37304535572508,0.9756195643307378,0.0007278826087713242,0.007924288511276245,0.7,1.0,1.0,True,10,0.0001,0.0215443469003188,0.9
215,31.73532495252195,0.9508737634225404,0.0006224722601473331,0.008934159763157368,0.7,1.0,1.0,True,10,0.0001,0.0021544346900318,0.9
216,31.29578468730022,0.9402276350663912,0.0006407617474906147,0.00895058736205101,0.7,1.0,1.0,True,10,0.0001,0.01,0.9
217,29.710810177380026,0.924131536270733,0.0010636220686137676,0.009066174738109112,0.7,1.0,1.0,True,10,0.0001,0.01,0.9
218,32.436543592161186,0.9622270144729791,0.0005693138809874654,0.010361037217080593,0.7,1.0,1.0,True,10,0.0001,0.0046415888336127,0.9
219,28.335728856303263,0.9323276507027132,0.0014657784486189485,0.03802788257598877,0.7,1.0,1.0,True,10,0.0001,0.0215443469003188,0.9
220,27.12701812052667,0.9393378308713743,0.0019208301091566682,0.011947773396968842,0.7,1.0,1.0,True,10,0.0001,0.0021544346900318,0.9
221,33.00575292687157,0.9707645342076895,0.0004997676587663591,0.008253289386630058,0.7,1.0,1.0,True,10,0.0001,0.0215443469003188,0.9
222,29.054200207197518,0.9094581954649499,0.0012018652632832527,0.005226400680840015,0.7,1.0,1.0,True,10,0.0001,0.0464158883361277,0.9
223,32.60070068683205,0.959203744082259,0.000548992888070643,0.009676530957221985,0.7,1.0,1.0,True,10,0.0001,0.0215443469003188,0.9
224,27.440784602913148,0.935381025391159,0.0017138910479843616,0.011401415802538395,0.7,1.0,1.0,True,10,0.0001,0.0046415888336127,0.9
225,39.845823610277236,0.9814691335670227,0.00010357292194385082,0.005308757070451975,0.7,1.0,1.0,True,10,0.0001,0.01,0.9
226,29.896326905891257,0.973696438443796,0.0010237274691462517,0.006896502338349819,0.7,1.0,1.0,True,10,0.0001,0.0215443469003188,0.9
227,35.81560746092995,0.9638687484081685,0.0002616540004964918,0.008342375047504902,0.7,1.0,1.0,True,10,0.0001,0.0215443469003188,0.9
228,23.944492505733685,0.8869198002651626,0.004022268578410149,0.01653958670794964,0.7,1.0,1.0,True,10,0.0001,0.01,0.9
229,26.000873332441362,0.8860526748149468,0.0016221933765336871,0.010046298615634441,0.7,1.0,1.0,True,10,0.0001,0.0464158883361277,0.9
230,28.71300547519492,0.9261119725226864,0.0012174382572993636,0.013431706465780735,0.7,1.0,1.0,True,10,0.0001,0.0046415888336127,0.9
231,37.8027362474227,0.9802781276104989,0.00016546068945899606,0.005523328203707933,0.7,1.0,1.0,True,10,0.0001,0.0215443469003188,0.9
232,35.598445561356954,0.9610408495792541,0.0002749366976786405,0.005600977689027786,0.7,1.0,1.0,True,10,0.0001,0.0215443469003188,0.9
233,29.58445631525654,0.9604194864507676,0.0010990964947268367,0.01287550013512373,0.7,1.0,1.0,True,10,0.0001,0.01,0.9
234,28.102324529126072,0.969213543492451,0.0014862872194498777,0.009086059406399727,0.7,1.0,1.0,True,10,0.0001,0.0002154434690031,0.9
235,24.193359566690525,0.8839832891866765,0.003794515272602439,0.013648898340761662,0.7,1.0,1.0,True,10,0.0001,0.0001,0.9
236,36.96693021662063,0.9743353413846594,0.00020079719251953065,0.005267356988042593,0.7,1.0,1.0,True,10,0.0001,0.01,0.9
237,29.359007078836772,0.9497184944564959,0.0011467048898339272,0.01106567494571209,0.7,1.0,1.0,True,10,0.0001,0.001,0.9
238,30.774915192579208,0.9308905668779669,0.0008262565243057907,0.01995600201189518,0.7,1.0,1.0,True,10,0.0001,0.0021544346900318,0.9
239,41.517082291809324,0.9823692775762979,7.046279642963782e-05,0.005571318790316582,0.7,1.0,1.0,True,10,0.0001,0.0215443469003188,0.9
240,33.95002394039266,0.9552927630174025,0.00040142593206837773,0.005039661191403866,0.7,1.0,1.0,True,10,0.0001,0.0021544346900318,0.9
241,28.03333435022622,0.9600998638245836,0.0015704098623245955,0.005843135993927717,0.7,1.0,1.0,True,10,0.0001,0.0215443469003188,0.9
242,27.073540656938853,0.9560760039301787,0.0019582160748541355,0.008186525665223598,0.7,1.0,1.0,True,10,0.0001,0.0046415888336127,0.9
243,40.65302575790056,0.9775719261729188,8.143395825754851e-05,0.005774499848484993,0.7,1.0,1.0,True,10,0.0001,0.0046415888336127,0.9
244,35.99100210930728,0.9499766642248914,0.00025138165801763535,0.006371140014380217,0.7,1.0,1.0,True,10,0.0001,0.01,0.9
245,31.974416115524058,0.9127399930567072,0.0005538951372727752,0.006706736981868744,0.7,1.0,1.0,True,10,0.0001,0.0464158883361277,0.9
246,26.218085457089785,0.9200187193684403,0.002352025592699647,0.007882337085902691,0.7,1.0,1.0,True,10,0.0001,0.001,0.9
247,31.610400877411877,0.9732390947416963,0.0006891880766488612,0.011433331295847893,0.7,1.0,1.0,True,10,0.0001,0.0046415888336127,0.9
248,35.636793984653174,0.9486438605869025,0.00023307025549001992,0.0077260942198336124,0.7,1.0,1.0,True,10,0.0001,0.0021544346900318,0.9
249,38.41206970617951,0.967827155916991,0.00014375578030012548,0.006631073541939259,0.7,1.0,1.0,True,10,0.0001,0.01,0.9
250,36.02018937545791,0.9689315559478983,0.00024969811784103513,0.007150327321141958,0.7,1.0,1.0,True,10,0.0001,0.0215443469003188,0.9
251,35.701334795746334,0.9691392279415554,0.0002327701513422653,0.0042194765992462635,0.7,1.0,1.0,True,10,0.0001,0.001,0.9
252,23.62568490328545,0.8558060786383725,0.004290570039302111,0.015284753404557705,0.7,1.0,1.0,True,10,0.0001,0.0046415888336127,0.9
253,41.76742035193128,0.977015460884608,6.528797530336305e-05,0.003944316413253546,0.7,1.0,1.0,True,10,0.0001,0.001,0.9
254,28.50167048339614,0.9776310192111599,0.0014031718019396067,0.010981563478708267,0.7,1.0,1.0,True,10,0.0001,0.0021544346900318,0.9
255,25.299895447724982,0.8655418137824153,0.0022794422693550587,0.0062185851857066154,0.7,1.0,1.0,True,10,0.0001,0.0464158883361277,0.9
256,38.23353201696938,0.9784589725535967,0.00012268843420315534,0.003509629750624299,0.7,1.0,1.0,True,10,0.0001,0.0001,0.9
257,34.90392036511811,0.9665416757373372,0.0003230755391996354,0.00661976495757699,0.7,1.0,1.0,True,10,0.0001,0.0215443469003188,0.9
258,30.475451046336346,0.9423458581661538,0.0008498943061567843,0.009610386565327644,0.7,1.0,1.0,True,10,0.0001,0.0046415888336127,0.9
259,30.6198511525071,0.9373477829391497,0.0008431831956841052,0.013717439025640488,0.7,1.0,1.0,True,10,0.0001,0.01,0.9
260,40.55585226979426,0.9832332744748477,8.785696263657883e-05,0.006265624891966581,0.7,1.0,1.0,True,10,0.0001,0.0464158883361277,0.9
261,39.03902635909401,0.9431932412926012,0.00012427674664650112,0.005049503408372402,0.7,1.0,1.0,True,10,0.0001,0.01,0.9
262,37.897762377122596,0.9587311686254015,0.0001443772780476138,0.005140260793268681,0.7,1.0,1.0,True,10,0.0001,0.001,0.9
263,25.509464633521524,0.9149378464890978,0.0028091627173125744,0.014064093120396137,0.7,1.0,1.0,True,10,0.0001,0.01,0.9
264,32.2968011236168,0.9823473378077873,0.0005885456339456141,0.00805803295224905,0.7,1.0,1.0,True,10,0.0001,0.0215443469003188,0.9
265,36.298839554437635,0.9643765861097381,0.00023157225223258138,0.003983594477176666,0.7,1.0,1.0,True,10,0.0001,0.0215443469003188,0.9
266,19.257049986963683,0.8604561697806532,0.011853656731545925,0.006489538121968508,0.7,1.0,1.0,True,10,0.0001,0.0046415888336127,0.9
267,27.14300823947947,0.9456544754790264,0.0018407597672194242,0.013342013582587242,0.7,1.0,1.0,True,10,0.0001,0.01,0.9
268,34.43077911378133,0.9684327572768687,0.00036030702176503837,0.0070769595913589,0.7,1.0,1.0,True,10,0.0001,0.0215443469003188,0.9
269,29.268396799903805,0.9398166834654516,0.0010733490344136953,0.012191041372716427,0.7,1.0,1.0,True,10,0.0001,0.0046415888336127,0.9
270,28.114776470946214,0.9472671891798115,0.0015385467559099197,0.015399469062685966,0.7,1.0,1.0,True,10,0.0001,0.0021544346900318,0.9
271,32.890413385317586,0.9528900003608536,0.0005100080743432045,0.0077819605357944965,0.7,1.0,1.0,True,10,0.0001,0.0002154434690031,0.9
272,23.986703309875566,0.8841051994758043,0.0039014832582324743,0.012976957485079765,0.7,1.0,1.0,True,10,0.0001,0.0021544346900318,0.9
273,34.36092088757901,0.9636214309986162,0.0003654298197943717,0.006244143005460501,0.7,1.0,1.0,True,10,0.0001,0.0046415888336127,0.9
274,30.198091272702072,0.9508770489440491,0.0009431491489522159,0.01454159151762724,0.7,1.0,1.0,True,10,0.0001,0.001,0.9
275,17.236850706479785,0.7962103740176281,0.01882094517350197,0.011424052529036999,0.7,1.0,1.0,True,10,0.0001,0.0464158883361277,0.9
276,35.73833374317726,0.9495683828420683,0.0002641880710143596,0.004152428358793259,0.7,1.0,1.0,True,10,0.0001,0.001,0.9
277,33.36295655323428,0.9615848602263797,0.00045642408076673746,0.011048703454434872,0.7,1.0,1.0,True,10,0.0001,0.0046415888336127,0.9
278,31.003205455382474,0.9297974242936191,0.0007668630569241941,0.0062367855571210384,0.7,1.0,1.0,True,10,0.0001,0.0215443469003188,0.9
279,22.11605630922599,0.888849052453872,0.0061238049529492855,0.0169500894844532,0.7,1.0,1.0,True,10,0.0001,0.01,0.9
280,35.67801390469121,0.9599724691611079,0.00024812037008814514,0.005941942799836397,0.7,1.0,1.0,True,10,0.0001,0.001,0.9
281,22.036536593016677,0.8760985895739993,0.00624462915584445,0.009073151275515556,0.7,1.0,1.0,True,10,0.0001,0.01,0.9
282,36.84487042729809,0.9578198414868737,0.00020672559912782162,0.00974428653717041,0.7,1.0,1.0,True,10,0.0001,0.01,0.9
283,36.865653935652304,0.9728545629725983,0.00020562882127705961,0.009337550029158592,0.7,1.0,1.0,True,10,0.0001,0.0215443469003188,0.9
284,26.242106660388146,0.9380584335948414,0.0023410972207784653,0.014465324580669403,0.7,1.0,1.0,True,10,0.0001,0.0021544346900318,0.9
285,28.06552830716454,0.9236995038971443,0.00152943457942456,0.01463696826249361,0.7,1.0,1.0,True,10,0.0001,0.001,0.9
286,38.31386694059528,0.982247501196507,0.0001469889102736488,0.008097704499959946,0.7,1.0,1.0,True,10,0.0001,0.01,0.9
287,35.7863799943659,0.9655695964108434,0.00026234626420773566,0.006663595791906118,0.7,1.0,1.0,True,10,0.0001,0.01,0.9
288,45.20629755069571,0.9839550991022673,2.9981863917782903e-05,0.006204088684171438,0.7,1.0,1.0,True,10,0.0001,0.0215443469003188,0.9
289,26.984267298004486,0.9407351113571348,0.0019633902702480555,0.015773331746459007,0.7,1.0,1.0,True,10,0.0001,0.0021544346900318,0.9
290,34.92784122538987,0.9652243486775702,0.0003212884475942701,0.005998683627694845,0.7,1.0,1.0,True,10,0.0001,0.0215443469003188,0.9
291,20.40869421087274,0.8386050021292758,0.009018170647323132,0.013677277602255344,0.7,1.0,1.0,True,10,0.0001,0.001,0.9
292,22.70973700393143,0.904564757383514,0.005214018747210503,0.010370522737503052,0.7,1.0,1.0,True,10,0.0001,0.0004641588833612,0.9
293,32.13286752273693,0.9529107905024714,0.0006055531557649374,0.008575377985835075,0.7,1.0,1.0,True,10,0.0001,0.001,0.9
294,30.48761248950025,0.9315524152196536,0.0006921404274180532,0.005821456201374531,0.7,1.0,1.0,True,10,0.0001,0.0046415888336127,0.9
295,26.188387167214763,0.9228638644311943,0.0023732809349894524,0.01960812695324421,0.7,1.0,1.0,True,10,0.0001,0.0046415888336127,0.9
296,28.81361582916732,0.9403519170018542,0.0012975886929780245,0.012198006734251976,0.7,1.0,1.0,True,10,0.0001,0.0046415888336127,0.9
297,24.32504237722458,0.9015139508958795,0.0035853974986821413,0.02305067516863346,0.7,1.0,1.0,True,10,0.0001,0.0002154434690031,0.9
298,36.65805682384385,0.9641944010320559,0.00021568448573816568,0.007557378150522709,0.7,1.0,1.0,True,10,0.0001,0.0046415888336127,0.9
299,38.18416095125016,0.9905878480127844,0.00015168458048719913,0.007772916927933693,0.7,1.0,1.0,True,10,0.0001,0.01,0.9
300,42.78261536169485,0.9835212129649732,5.2359962865011767e-05,0.004677523858845234,0.7,1.0,1.0,True,10,0.0001,0.0046415888336127,0.9
301,24.072232718558833,0.9236134051225029,0.003775350283831358,0.010133979842066765,0.7,1.0,1.0,True,10,0.0001,0.0004641588833612,0.9
302,32.971756897387216,0.9535502565811294,0.0005043927230872214,0.014132366515696049,0.7,1.0,1.0,True,10,0.0001,0.0215443469003188,0.9
303,25.45467500479335,0.914209097508491,0.0028302844148129225,0.019782181829214096,0.7,1.0,1.0,True,10,0.0001,0.01,0.9
304,20.74889018584683,0.8411077958132454,0.008359743282198906,0.015381482429802418,0.7,1.0,1.0,True,10,0.0001,0.0215443469003188,0.9
305,25.22447585693634,0.9405673518245876,0.002975649433210492,0.01857084408402443,0.7,1.0,1.0,True,10,0.0001,0.0046415888336127,0.9
306,32.64550384299068,0.9579724590029756,0.000535949831828475,0.009930565021932125,0.7,1.0,1.0,True,10,0.0001,0.0046415888336127,0.9
307,25.83621248901503,0.906880670053869,0.0024858133401721716,0.01894376240670681,0.7,1.0,1.0,True,10,0.0001,0.0046415888336127,0.9
308,29.00557809031287,0.9312636682963608,0.0011978239053860307,0.009025816805660725,0.7,1.0,1.0,True,10,0.0001,0.01,0.9
309,35.16801668656725,0.9741383833643452,0.0003039121220353991,0.008284115232527256,0.7,1.0,1.0,True,10,0.0001,0.0215443469003188,0.9
310,33.09534638773656,0.9422603344969582,0.00047412634012289345,0.009728748351335526,0.7,1.0,1.0,True,10,0.0001,0.0004641588833612,0.9
311,35.3884693705504,0.9617013554900915,0.0002853651822078973,0.004656868055462837,0.7,1.0,1.0,True,10,0.0001,0.01,0.9
312,24.644381908847784,0.9166639258910135,0.003413101192563772,0.009311030618846416,0.7,1.0,1.0,True,10,0.0001,0.0046415888336127,0.9
313,31.11068608687595,0.9591529158754245,0.0007734856917522848,0.008932598866522312,0.7,1.0,1.0,True,10,0.0001,0.0215443469003188,0.9
314,34.954547447447325,0.9564117119792691,0.00031481936457566917,0.006256955675780773,0.7,1.0,1.0,True,10,0.0001,0.0046415888336127,0.9
315,40.91064630616755,0.9917465170039973,8.089352922979742e-05,0.004535572603344917,0.7,1.0,1.0,True,10,0.0001,0.0215443469003188,0.9
316,35.42676563417932,0.9572686188238201,0.0002786940895020962,0.006215548608452082,0.7,1.0,1.0,True,10,0.0001,0.0021544346900318,0.9
317,25.99900624089464,0.9383251982086537,0.00236651417799294,0.02055949531495571,0.7,1.0,1.0,True,10,0.0001,0.0004641588833612,0.9
318,36.23192649352867,0.9406725912055979,0.00023631796648260206,0.009452441707253456,0.7,1.0,1.0,True,10,0.0001,0.0215443469003188,0.9
319,29.994285581624315,0.9563656166980141,0.0010011517442762852,0.008471306413412094,0.7,1.0,1.0,True,10,0.0001,0.0215443469003188,0.9
320,29.806382104045937,0.9589646528748905,0.0010355438571423292,0.008908966556191444,0.7,1.0,1.0,True,10,0.0001,0.0021544346900318,0.9
321,38.11985275332724,0.9651806766034648,0.00015402502322103828,0.00732510257512331,0.7,1.0,1.0,True,10,0.0001,0.0215443469003188,0.9
322,21.182697987385495,0.820826616748,0.0075485906563699245,0.017015160992741585,0.7,1.0,1.0,True,10,0.0001,0.01,0.9
323,30.168266896379006,0.9736014672846248,0.0009516819263808429,0.008855565451085567,0.7,1.0,1.0,True,10,0.0001,0.0021544346900318,0.9
324,33.144263069904696,0.9815597396701482,0.00048226051148958504,0.01342785358428955,0.7,1.0,1.0,True,10,0.0001,0.01,0.9
325,40.0365323883732,0.9888844925091362,7.889920379966497e-05,0.004336668644100428,0.7,1.0,1.0,True,10,0.0001,0.001,0.9
326,28.2513881162378,0.9459795523261876,0.001495065400376916,0.008691700175404549,0.7,1.0,1.0,True,10,0.0001,0.0215443469003188,0.9
327,26.692525322510043,0.9191724073576238,0.0021299910731613636,0.008782207034528255,0.7,1.0,1.0,True,10,0.0001,0.01,0.9
328,36.7291999762888,0.9666842096576503,0.00020234462863299996,0.005740209482610226,0.7,1.0,1.0,True,10,0.0001,0.0021544346900318,0.9
329,35.85060071930193,0.9818876631888566,0.00025983789237216115,0.007692025508731604,0.7,1.0,1.0,True,10,0.0001,0.01,0.9
330,28.367699107986056,0.9547365276975283,0.0014293247368186712,0.007453377358615398,0.7,1.0,1.0,True,10,0.0001,0.0021544346900318,0.9
331,40.07061518762871,0.9882848491302093,9.82653145911172e-05,0.00484848627820611,0.7,1.0,1.0,True,10,0.0001,0.0215443469003188,0.9
332,30.509200019121504,0.9447142514433823,0.0008863707771524787,0.007844141684472561,0.7,1.0,1.0,True,10,0.0001,0.0215443469003188,0.9
333,31.633371776026568,0.9743431867922053,0.0006857382250018418,0.0062622493132948875,0.7,1.0,1.0,True,10,0.0001,0.01,0.9
334,37.681044136063434,0.9775804506520615,0.00017045398999471217,0.011020570993423462,0.7,1.0,1.0,True,10,0.0001,0.01,0.9
335,29.06308187896087,0.9108938999681649,0.0012104273773729801,0.013727918267250061,0.7,1.0,1.0,True,10,0.0001,0.0001,0.9
336,35.843743883454174,0.9536792777086559,0.00024992862017825246,0.005859424360096455,0.7,1.0,1.0,True,10,0.0001,0.0046415888336127,0.9
337,22.822408302544062,0.9024779545969808,0.005200090352445841,0.012792123481631279,0.7,1.0,1.0,True,10,0.0001,0.0464158883361277,0.9
338,31.370914954286867,0.9812784218166881,0.0007165378192439675,0.007248805370181799,0.7,1.0,1.0,True,10,0.0001,0.001,0.9
339,37.51738300649506,0.9729379326704855,0.00017687465879134834,0.007297150325030088,0.7,1.0,1.0,True,10,0.0001,0.01,0.9
340,35.80661459245187,0.9667978687644374,0.00025306231691502035,0.007976101711392403,0.7,1.0,1.0,True,10,0.0001,0.0046415888336127,0.9
341,23.58050708560637,0.8277667823939135,0.004336541518568993,0.019763169810175896,0.7,1.0,1.0,True,10,0.0001,0.01,0.9
342,29.74180562482158,0.9093624387374696,0.0007484072120860219,0.010277144610881805,0.7,1.0,1.0,True,10,0.0001,0.0021544346900318,0.9
343,28.675767675602263,0.9356227920258993,0.001017481554299593,0.01001579686999321,0.7,1.0,1.0,True,10,0.0001,0.001,0.9
344,38.915334544298865,0.973113254589193,0.00012817169772461057,0.005679166875779629,0.7,1.0,1.0,True,10,0.0001,0.01,0.9
345,31.35999384456622,0.9565170031459954,0.0006978310411795974,0.011596903204917908,0.7,1.0,1.0,True,10,0.0001,0.0046415888336127,0.9
346,25.688498131743938,0.8475542711236387,0.002623939188197255,0.019351143389940262,0.7,1.0,1.0,True,10,0.0001,0.001,0.9
347,26.127075930654495,0.946021982167835,0.0023774695582687855,0.012533003464341164,0.7,1.0,1.0,True,10,0.0001,0.0021544346900318,0.9
348,37.38858791646375,0.9734553209860628,0.00018220579659100622,0.009189806878566742,0.7,1.0,1.0,True,10,0.0001,0.0215443469003188,0.9
349,37.18267167346763,0.9639211871398861,0.00019122054800391197,0.007863032631576061,0.7,1.0,1.0,True,10,0.0001,0.0464158883361277,0.9
350,33.59918964362301,0.9621996967692862,0.0004361947358120233,0.00774924922734499,0.7,1.0,1.0,True,10,0.0001,0.01,0.9
351,29.55235748572905,0.9613956655495799,0.0011075540678575635,0.007196052931249142,0.7,1.0,1.0,True,10,0.0001,0.01,0.9
352,32.680303724561256,0.9419715213747955,0.0005394674371927977,0.011361180804669857,0.7,1.0,1.0,True,10,0.0001,0.0215443469003188,0.9
353,19.734483685293174,0.8468080133595431,0.010593798011541367,0.014021212235093117,0.7,1.0,1.0,True,10,0.0001,0.0046415888336127,0.9
354,35.277942259116735,0.9813424767724501,0.0002964702434837818,0.011260985396802425,0.7,1.0,1.0,True,10,0.0001,0.0215443469003188,0.9
355,24.646895888479197,0.9119710014908122,0.0034238193184137344,0.015772946178913116,0.7,1.0,1.0,True,10,0.0001,0.0215443469003188,0.9
356,21.848370473683904,0.8726508673797678,0.006517106667160988,0.011562790721654892,0.7,1.0,1.0,True,10,0.0001,0.01,0.9
357,27.782395147813986,0.9467192628527573,0.0016433127457275987,0.018221955746412277,0.7,1.0,1.0,True,10,0.0001,0.01,0.9
358,30.301203957139798,0.9584391386746991,0.0008909481111913919,0.004683710169047117,0.7,1.0,1.0,True,10,0.0001,0.0046415888336127,0.9
359,38.28220883061283,0.9722227319782856,0.00014848180580884218,0.008452433161437511,0.7,1.0,1.0,True,10,0.0001,0.01,0.9
360,38.57858405590012,0.9657046739377227,0.00013863711501471698,0.006519741844385862,0.7,1.0,1.0,True,10,0.0001,0.0215443469003188,0.9
361,34.329971924242166,0.9451954357702789,0.00033606981742195785,0.004726258106529713,0.7,1.0,1.0,True,10,0.0001,0.0215443469003188,0.9
362,25.07456871755781,0.9300240656078416,0.0031078702304512262,0.016209006309509277,0.7,1.0,1.0,True,10,0.0001,0.0215443469003188,0.9
363,37.03360550867197,0.9738111734636304,0.00019781544688157737,0.008321506902575493,0.7,1.0,1.0,True,10,0.0001,0.001,0.9
364,33.783565198232736,0.9696625880474153,0.0004182220727670938,0.007017754018306732,0.7,1.0,1.0,True,10,0.0001,0.01,0.9
365,33.64160307482527,0.9621378269173413,0.0004070791765116155,0.007425184361636639,0.7,1.0,1.0,True,10,0.0001,0.0021544346900318,0.9
366,30.307186049994197,0.9543367123502327,0.0009241090156137943,0.015538177452981472,0.7,1.0,1.0,True,10,0.0001,0.0046415888336127,0.9
367,35.799194120189185,0.9633208819740943,0.00026226299814879894,0.008284012787044048,0.7,1.0,1.0,True,10,0.0001,0.01,0.9
368,34.163292531104204,0.9842537934012457,0.00038276027771644294,0.015922218561172485,0.7,1.0,1.0,True,10,0.0001,0.01,0.9
369,24.55442279870557,0.9044169371379266,0.0034915669821202755,0.016157658770680428,0.7,1.0,1.0,True,10,0.0001,0.01,0.9
370,39.70139429758173,0.9793339972648581,0.00010699135600589216,0.010709933005273342,0.7,1.0,1.0,True,10,0.0001,0.01,0.9
371,27.527211238723602,0.9421691134222964,0.001508107641711831,0.007845562882721424,0.7,1.0,1.0,True,10,0.0001,0.0004641588833612,0.9
372,33.36631568888711,0.9670317494478634,0.0004250450583640486,0.00792927760630846,0.7,1.0,1.0,True,10,0.0001,0.01,0.9
373,35.60187436481039,0.9853936303541511,0.00027476769173517823,0.012540601193904877,0.7,1.0,1.0,True,10,0.0001,0.01,0.9
374,35.348218813604106,0.9643207495980218,0.0002767607511486858,0.004735258407890797,0.7,1.0,1.0,True,10,0.0001,0.0021544346900318,0.9
375,29.191934364533843,0.9742898135085593,0.0011929695028811693,0.006127223838120699,0.7,1.0,1.0,True,10,0.0001,0.001,0.9
376,33.99612042973173,0.9729112067766357,0.0003931053797714412,0.0048981825821101665,0.7,1.0,1.0,True,10,0.0001,0.001,0.9
377,25.846225535337474,0.9275609444196349,0.00254337047226727,0.008521631360054016,0.7,1.0,1.0,True,10,0.0001,0.0046415888336127,0.9
378,25.606855318720513,0.8585907352846599,0.0026216960977762938,0.012571686878800392,0.7,1.0,1.0,True,10,0.0001,0.0046415888336127,0.9
379,23.175848440408203,0.9005907381239844,0.004806691315025091,0.01668774150311947,0.7,1.0,1.0,True,10,0.0001,0.0215443469003188,0.9
380,21.983141514860097,0.8796279787436337,0.0062307934276759624,0.020122572779655457,0.7,1.0,1.0,True,10,0.0001,0.001,0.9
381,24.27607561526961,0.8509004860251403,0.003672626568004489,0.018970021978020668,0.7,1.0,1.0,True,10,0.0001,0.0046415888336127,0.9
382,31.76088797098366,0.9741655350715629,0.0006619244231842458,0.011799493804574013,0.7,1.0,1.0,True,10,0.0001,0.001,0.9
383,32.662783624592734,0.9596071011157105,0.0005013156915083528,0.00715472549200058,0.7,1.0,1.0,True,10,0.0001,0.0004641588833612,0.9
384,36.2879968079393,0.9734763040815714,0.00023479526862502098,0.0058654434978961945,0.7,1.0,1.0,True,10,0.0001,0.0215443469003188,0.9
385,35.89708508723445,0.9560727337750119,0.00025644488050602376,0.011147372424602509,0.7,1.0,1.0,True,10,0.0001,0.0046415888336127,0.9
386,22.01601875955008,0.9087496834359697,0.0062201670370996,0.01499808020889759,0.7,1.0,1.0,True,10,0.0001,0.0021544346900318,0.9
387,22.0789502282304,0.9043722991510588,0.006163402926176786,0.014155416749417782,0.7,1.0,1.0,True,10,0.0001,0.01,0.9
388,28.429138686152267,0.9708588083800394,0.0014214731054380536,0.010504561476409435,0.7,1.0,1.0,True,10,0.0001,0.0021544346900318,0.9
389,36.86408584644467,0.9767890338342872,0.00020403301459737122,0.005167326424270868,0.7,1.0,1.0,True,10,0.0001,0.0046415888336127,0.9
390,39.13068177635821,0.9874523442442326,0.00012205087841721252,0.008134093135595322,0.7,1.0,1.0,True,10,0.0001,0.0215443469003188,0.9
391,32.50960242432754,0.93266935827224,0.0005595076363533735,0.010780571959912777,0.7,1.0,1.0,True,10,0.0001,0.0215443469003188,0.9
392,16.524540695579578,0.7285034147303737,0.02221572957932949,0.01383668277412653,0.7,1.0,1.0,True,10,0.0001,0.0046415888336127,0.9
393,29.165793233230474,0.9620329014134235,0.0011617692653089762,0.011916639283299446,0.7,1.0,1.0,True,10,0.0001,0.001,0.9
394,34.39791322661629,0.9353376467730484,0.00036224263021722436,0.006568970158696175,0.7,1.0,1.0,True,10,0.0001,0.01,0.9
395,32.598179705723766,0.963032534555508,0.0005390656879171729,0.018715152516961098,0.7,1.0,1.0,True,10,0.0001,0.0021544346900318,0.9
396,38.22579897041689,0.95271483880263,0.00014953631034586579,0.007035487797111273,0.7,1.0,1.0,True,10,0.0001,0.0215443469003188,0.9
397,27.774993962910557,0.9205235246457428,0.0016504896339029074,0.01567915268242359,0.7,1.0,1.0,True,10,0.0001,0.0021544346900318,0.9
398,30.270834451725182,0.9530841649593583,0.0009338317322544754,0.004382006824016571,0.7,1.0,1.0,True,10,0.0001,0.001,0.9
399,33.584187829980564,0.9726525430093732,0.0004375908465590328,0.010511109605431557,0.7,1.0,1.0,True,10,0.0001,0.001,0.9
400,36.33794576790275,0.9817711076746292,0.00023212020460050553,0.004688340239226818,0.7,1.0,1.0,True,10,0.0001,0.0046415888336127,0.9
401,29.938983841500125,0.9283060856801203,0.0008285720250569284,0.00612267293035984,0.7,1.0,1.0,True,10,0.0001,0.0464158883361277,0.9
402,34.73877951862628,0.9739301902221822,0.00031976390164345503,0.005140114109963179,0.7,1.0,1.0,True,10,0.0001,0.001,0.9
403,23.70944820736154,0.8774499402711143,0.00424067722633481,0.020313328132033348,0.7,1.0,1.0,True,10,0.0001,0.01,0.9
404,35.213299287036975,0.9629387835999883,0.0003009798820130527,0.007822321727871895,0.7,1.0,1.0,True,10,0.0001,0.0215443469003188,0.9
405,17.394569310972194,0.7833471541203221,0.018201541155576706,0.012026650831103325,0.7,1.0,1.0,True,10,0.0001,0.0021544346900318,0.9
406,25.61678652882641,0.9419167687803107,0.0027363935951143503,0.012033123522996902,0.7,1.0,1.0,True,10,0.0001,0.0046415888336127,0.9
407,24.997324125163406,0.9193349529453722,0.0031604941468685865,0.011005018837749958,0.7,1.0,1.0,True,10,0.0001,0.0215443469003188,0.9
408,33.43646421425938,0.9605259475047374,0.00041339866584166884,0.011218033730983734,0.7,1.0,1.0,True,10,0.0001,0.0021544346900318,0.9
409,35.53949534060449,0.9365112813126192,0.0002764363889582455,0.005509343463927507,0.7,1.0,1.0,True,10,0.0001,0.01,0.9
410,43.146213296259226,0.9910989115543287,4.84212432638742e-05,0.005695508327335119,0.7,1.0,1.0,True,10,0.0001,0.0215443469003188,0.9
411,34.36229245290693,0.9666611539628607,0.000361094280378893,0.00613585626706481,0.7,1.0,1.0,True,10,0.0001,0.0046415888336127,0.9
412,28.281513112323733,0.9602895332625284,0.0014839110663160682,0.01033511757850647,0.7,1.0,1.0,True,10,0.0001,0.001,0.9
413,31.041357332356604,0.9605289059695936,0.0007864577928557992,0.012782418169081211,0.7,1.0,1.0,True,10,0.0001,0.001,0.9
414,36.890880316005166,0.9695377569987801,0.00020420296641532332,0.007996837608516216,0.7,1.0,1.0,True,10,0.0001,0.0215443469003188,0.9
415,40.26299174717238,0.9834404137942813,9.407526522409171e-05,0.006167114712297916,0.7,1.0,1.0,True,10,0.0001,0.01,0.9
416,29.043922869956425,0.9453498750417594,0.0012377661187201738,0.01466530840843916,0.7,1.0,1.0,True,10,0.0001,0.0021544346900318,0.9
417,17.78970210827343,0.7567866475332045,0.016264935955405235,0.035796426236629486,0.7,1.0,1.0,True,10,0.0001,0.0046415888336127,0.9
418,40.46815555807078,0.9894523782995832,8.927724411478266e-05,0.006717074196785688,0.7,1.0,1.0,True,10,0.0001,0.0046415888336127,0.9
419,27.456820727593488,0.9522616757143393,0.0017942327540367842,0.009958052076399326,0.7,1.0,1.0,True,10,0.0001,0.0215443469003188,0.9
420,27.331447123345377,0.9407163633819827,0.0018465040484443307,0.01412463840097189,0.7,1.0,1.0,True,10,0.0001,0.0021544346900318,0.9
421,32.81079285260692,0.9462228619308048,0.0005145861650817096,0.006233105901628733,0.7,1.0,1.0,True,10,0.0001,0.0046415888336127,0.9
422,35.554329645392066,0.9707923951732731,0.00027818584931083024,0.007183222100138664,0.7,1.0,1.0,True,10,0.0001,0.01,0.9
423,34.51105404993997,0.9698020244868794,0.00035264683538116515,0.009966683574020863,0.7,1.0,1.0,True,10,0.0001,0.01,0.9
424,33.5217809170797,0.9271462125621036,0.0004427249950822443,0.008723371662199497,0.7,1.0,1.0,True,10,0.0001,0.0001,0.9
425,32.12081119597806,0.9834622060582119,0.0006003765156492591,0.006372733972966671,0.7,1.0,1.0,True,10,0.0001,0.0021544346900318,0.9
426,23.946144281245974,0.9308643449555364,0.0038806621450930834,0.012433703988790512,0.7,1.0,1.0,True,10,0.0001,0.001,0.9
427,35.06707480549042,0.9645351206785754,0.0003106759686488658,0.00940632726997137,0.7,1.0,1.0,True,10,0.0001,0.0215443469003188,0.9
428,36.470708708800146,0.9726542180367544,0.00022412498947232962,0.008562774397432804,0.7,1.0,1.0,True,10,0.0001,0.001,0.9
429,23.598986698165643,0.8353345526444319,0.00424889987334609,0.020983560010790825,0.7,1.0,1.0,True,10,0.0001,0.0046415888336127,0.9
430,41.16372931641054,0.9738425376091702,7.588269363623112e-05,0.004118089098483324,0.7,1.0,1.0,True,10,0.0001,0.001,0.9
431,27.062151356816084,0.9330428727701598,0.0018581734038889408,0.007586393505334854,0.7,1.0,1.0,True,10,0.0001,0.0021544346900318,0.9
432,21.643196630293097,0.8810889396187681,0.00683550676330924,0.014697382226586342,0.7,1.0,1.0,True,10,0.0001,0.0215443469003188,0.9
433,35.605994893139595,0.9637108370584846,0.00026935338973999023,0.006591422948986292,0.7,1.0,1.0,True,10,0.0001,0.0021544346900318,0.9
434,36.785432403857435,0.971080456471111,0.00020956250955350697,0.005859801545739174,0.7,1.0,1.0,True,10,0.0001,0.01,0.9
435,23.12438625378261,0.8191330025785573,0.004837425425648689,0.020145127549767494,0.7,1.0,1.0,True,10,0.0001,0.01,0.9
436,26.466166231565765,0.943177421472513,0.0022380987647920847,0.021054916083812714,0.7,1.0,1.0,True,10,0.0001,0.01,0.9
437,30.108001292116988,0.9362059781026053,0.0009549934766255319,0.006586318835616112,0.7,1.0,1.0,True,10,0.0001,0.0021544346900318,0.9
438,32.53198919531022,0.9850414231865522,0.0005577699630521238,0.005685936659574509,0.7,1.0,1.0,True,10,0.0001,0.0215443469003188,0.9
439,31.976235727185273,0.9544478339922563,0.0006320304819382727,0.009542500600218773,0.7,1.0,1.0,True,10,0.0001,0.01,0.9
440,39.40439324505892,0.9760356766428372,0.00011453612387413159,0.0062066130340099335,0.7,1.0,1.0,True,10,0.0001,0.0215443469003188,0.9
441,37.54821448721949,0.9644041893113754,0.00017582305008545518,0.007127797696739435,0.7,1.0,1.0,True,10,0.0001,0.0215443469003188,0.9
442,25.151715896672417,0.9107498262840666,0.003047781763598323,0.011080291122198105,0.7,1.0,1.0,True,10,0.0001,0.01,0.9
443,25.787351048000602,0.817628678355708,0.002593692159280181,0.017020219936966896,0.7,1.0,1.0,True,10,0.0001,0.0021544346900318,0.9
444,30.195216283381974,0.9457425262213861,0.0009554554126225412,0.011943655088543892,0.7,1.0,1.0,True,10,0.0001,0.0215443469003188,0.9
445,37.237021307598894,0.9684303125637603,0.00018848905165214092,0.009043673053383827,0.7,1.0,1.0,True,10,0.0001,0.0215443469003188,0.9
446,27.414836024718078,0.9415785584542795,0.001811007154174149,0.008018611930310726,0.7,1.0,1.0,True,10,0.0001,0.0046415888336127,0.9
447,31.953971284196008,0.958180996747947,0.0005903788842260838,0.00477165961638093,0.7,1.0,1.0,True,10,0.0001,0.0021544346900318,0.9
448,26.76983768735049,0.8809677727139142,0.001881954143755138,0.01830160804092884,0.7,1.0,1.0,True,10,0.0001,0.0046415888336127,0.9
449,31.483283055402044,0.9437507818096439,0.0006497282884083688,0.011606190353631973,0.7,1.0,1.0,True,10,0.0001,0.001,0.9
450,35.685797090842925,0.961640173498199,0.0002699229517020285,0.006234878208488226,0.7,1.0,1.0,True,10,0.0001,0.01,0.9
451,36.012180110747636,0.9545042767920854,0.00024891228531487286,0.006320541258901358,0.7,1.0,1.0,True,10,0.0001,0.01,0.9
452,24.278516013539274,0.9309684928207225,0.0037218257784843445,0.013249030336737633,0.7,1.0,1.0,True,10,0.0001,0.01,0.9
453,28.94829193060252,0.9415323291785085,0.0012664610985666513,0.008118821308016777,0.7,1.0,1.0,True,10,0.0001,0.0046415888336127,0.9
454,31.598881245424785,0.970901573436302,0.000676287803798914,0.008411799557507038,0.7,1.0,1.0,True,10,0.0001,0.0021544346900318,0.9
455,29.42427713247509,0.9567391264134147,0.0011365290265530348,0.0159382913261652,0.7,1.0,1.0,True,10,0.0001,0.01,0.9
456,23.723572306798083,0.9059410133079258,0.004197710659354925,0.014323560521006584,0.7,1.0,1.0,True,10,0.0001,0.0046415888336127,0.9
457,33.967748824542284,0.9678335088017801,0.0003435324761085212,0.008190570399165154,0.7,1.0,1.0,True,10,0.0001,0.0046415888336127,0.9
458,39.26325822157062,0.9864605290909424,0.00011827161506516859,0.0069816941395401955,0.7,1.0,1.0,True,10,0.0001,0.01,0.9
459,27.146791856327326,0.9525984691665483,0.0019258491229265928,0.008859029039740562,0.7,1.0,1.0,True,10,0.0001,0.0464158883361277,0.9
460,27.232870163859193,0.9447097607472118,0.0018762388499453664,0.014815136790275574,0.7,1.0,1.0,True,10,0.0001,0.0046415888336127,0.9
461,32.1601853795304,0.973214039646312,0.0006074813427403569,0.015999648720026016,0.7,1.0,1.0,True,10,0.0001,0.0215443469003188,0.9
462,27.028532670347907,0.9483411126646095,0.0019453446147963405,0.015047522261738777,0.7,1.0,1.0,True,10,0.0001,0.0021544346900318,0.9
463,22.394420780709158,0.8850390901163743,0.005714873317629099,0.02484356053173542,0.7,1.0,1.0,True,10,0.0001,0.0004641588833612,0.9
464,30.150525023811312,0.9194068098678643,0.0008088349713943899,0.009862391278147697,0.7,1.0,1.0,True,10,0.0001,0.0215443469003188,0.9
465,30.99924938947124,0.9671670381360379,0.0007777357823215425,0.007688532117754221,0.7,1.0,1.0,True,10,0.0001,0.001,0.9
466,23.96575812575472,0.9043782782022216,0.003950071521103382,0.00890753697603941,0.7,1.0,1.0,True,10,0.0001,0.0004641588833612,0.9
467,24.002185678407688,0.925353784185245,0.003972313366830349,0.011199865490198135,0.7,1.0,1.0,True,10,0.0001,0.0215443469003188,0.9
468,26.587277428755584,0.9007960732663924,0.002175939967855811,0.014065572991967201,0.7,1.0,1.0,True,10,0.0001,0.0046415888336127,0.9
469,33.342946087347755,0.9038590760661291,0.00043006709893234074,0.005823001265525818,0.7,1.0,1.0,True,10,0.0001,0.0464158883361277,0.9
470,36.146883452481106,0.9640968669940198,0.00023937615333124995,0.004931884817779064,0.7,1.0,1.0,True,10,0.0001,0.001,0.9
471,36.27767160203872,0.987371994645726,0.0002348074922338128,0.006016482599079609,0.7,1.0,1.0,True,10,0.0001,0.01,0.9
472,32.832541539065225,0.9736058048911631,0.0004844344803132117,0.006054699420928955,0.7,1.0,1.0,True,10,0.0001,0.0021544346900318,0.9
473,25.341351286614625,0.9380605745040864,0.002896701218560338,0.014025273732841015,0.7,1.0,1.0,True,10,0.0001,0.0046415888336127,0.9
474,32.47535045084324,0.9751374646636847,0.0005643825279548764,0.005594145506620407,0.7,1.0,1.0,True,10,0.0001,0.01,0.9
475,35.74431420909021,0.9690113362959049,0.0002502463466953486,0.005441716872155666,0.7,1.0,1.0,True,10,0.0001,0.0021544346900318,0.9
476,23.643683103214652,0.893326632449883,0.004266323056071997,0.01238440815359354,0.7,1.0,1.0,True,10,0.0001,0.0046415888336127,0.9
477,33.47443592722086,0.9494217033195237,0.0004042834625579417,0.006744844373315573,0.7,1.0,1.0,True,10,0.0001,0.01,0.9
478,42.51814814638874,0.9915302767503864,5.595426046056673e-05,0.006190665066242218,0.7,1.0,1.0,True,10,0.0001,0.0215443469003188,0.9
479,22.99978506872401,0.8884276191947138,0.005003889556974173,0.009138754568994045,0.7,1.0,1.0,True,10,0.0001,0.01,0.9
480,36.20374287145806,0.949167642361793,0.00023926192079670727,0.006649720016866922,0.7,1.0,1.0,True,10,0.0001,0.0215443469003188,0.9
481,36.58681738589866,0.9754367606835469,0.00021724627004005015,0.00989454798400402,0.7,1.0,1.0,True,10,0.0001,0.0021544346900318,0.9
482,38.38238947585859,0.9785445655462542,0.00014492070476990193,0.005845807958394289,0.7,1.0,1.0,True,10,0.0001,0.01,0.9
483,28.257560567721306,0.9437482628675314,0.0014755435986444354,0.009077969007194042,0.7,1.0,1.0,True,10,0.0001,0.001,0.9
484,25.79036271423538,0.9347111911276716,0.0026291199028491974,0.017185160890221596,0.7,1.0,1.0,True,10,0.0001,0.01,0.9
485,18.894928091052822,0.7650520556774668,0.012698858976364136,0.009928992949426174,0.7,1.0,1.0,True,10,0.0001,0.0464158883361277,0.9
486,26.628413561707124,0.9580554227095762,0.002121136523783207,0.01031220331788063,0.7,1.0,1.0,True,10,0.0001,0.0001,0.9
487,34.47114940010399,0.9791835651216861,0.00035248996573500335,0.009124255739152431,0.7,1.0,1.0,True,10,0.0001,0.0002154434690031,0.9
488,32.953507327091835,0.9734277501625419,0.0005052994820289314,0.012708907015621662,0.7,1.0,1.0,True,10,0.0001,0.0046415888336127,0.9
489,26.456078514801455,0.9490674063217345,0.0022190697491168976,0.013349059969186783,0.7,1.0,1.0,True,10,0.0001,0.0021544346900318,0.9
490,26.144424869228477,0.9358338275453377,0.002196301007643342,0.012088737450540066,0.7,1.0,1.0,True,10,0.0001,0.0021544346900318,0.9
491,24.123044440181655,0.9295679303683856,0.0038579583633691072,0.015434144996106625,0.7,1.0,1.0,True,10,0.0001,0.0215443469003188,0.9
492,25.25620753018697,0.9240469427270406,0.0029777975287288427,0.012959372252225876,0.7,1.0,1.0,True,10,0.0001,0.0215443469003188,0.9
493,32.24633738403595,0.9583071045139256,0.0005957543035037816,0.007317110896110535,0.7,1.0,1.0,True,10,0.0001,0.0215443469003188,0.9
494,36.90674349561532,0.9727507883796259,0.00020358066831249744,0.0069532920606434345,0.7,1.0,1.0,True,10,0.0001,0.0215443469003188,0.9
495,37.79208398619643,0.992844841490097,0.00016586820129305124,0.006321468390524387,0.7,1.0,1.0,True,10,0.0001,0.001,0.9
496,30.83791861083509,0.9384173171362149,0.0007139886147342622,0.007579048629850149,0.7,1.0,1.0,True,10,0.0001,0.0004641588833612,0.9
497,33.51959949415169,0.9645863295032021,0.00043006407213397324,0.005978303961455822,0.7,1.0,1.0,True,10,0.0001,0.0001,0.9
498,24.92665109264052,0.9248703576627276,0.0032099925447255373,0.014405781403183937,0.7,1.0,1.0,True,10,0.0001,0.0021544346900318,0.9
499,28.729977014182264,0.9220998343945288,0.0013250866904854774,0.010557923465967178,0.7,1.0,1.0,True,10,0.0001,0.0046415888336127,0.9
500,24.4865341831135,0.8602853818790628,0.0034522756468504667,0.007866366766393185,0.7,1.0,1.0,True,10,0.0001,0.0464158883361277,0.9
501,32.825704005618334,0.9727996080975414,0.0005212815012782812,0.00631085317581892,0.7,1.0,1.0,True,10,0.0001,0.01,0.9
502,29.120532575832886,0.9657667782253772,0.0011343754595145583,0.00926818698644638,0.7,1.0,1.0,True,10,0.0001,0.001,0.9
503,25.420680763029566,0.9405762458895189,0.0028658760711550713,0.008629921823740005,0.7,1.0,1.0,True,10,0.0001,0.0046415888336127,0.9
504,29.337980733317078,0.9603526965937009,0.00115037034265697,0.008150538429617882,0.7,1.0,1.0,True,10,0.0001,0.0046415888336127,0.9
505,29.847508317805648,0.9681895993980584,0.00103380240034312,0.008245167322456837,0.7,1.0,1.0,True,10,0.0001,0.0046415888336127,0.9
506,30.751499094583043,0.9637402102458834,0.0008348625851795077,0.014945601113140583,0.7,1.0,1.0,True,10,0.0001,0.0046415888336127,0.9
507,38.21922924169849,0.9655636062055549,0.00014487440057564527,0.004049522336572409,0.7,1.0,1.0,True,10,0.0001,0.0004641588833612,0.9
508,26.125815278947286,0.9289474596948939,0.0023962242994457483,0.011684558354318142,0.7,1.0,1.0,True,10,0.0001,0.0021544346900318,0.9
509,39.12773361641632,0.9633503021947247,0.00012109992530895397,0.005579023621976376,0.7,1.0,1.0,True,10,0.0001,0.0215443469003188,0.9
510,29.409139449372375,0.9413874144709147,0.0010315432446077466,0.011240513995289803,0.7,1.0,1.0,True,10,0.0001,0.001,0.9
511,31.80506919118807,0.9551551361463511,0.0006567997043021023,0.017450423911213875,0.7,1.0,1.0,True,10,0.0001,0.0046415888336127,0.9
512,33.9938679651813,0.9658174169767875,0.00033945395261980593,0.008870488964021206,0.7,1.0,1.0,True,10,0.0001,0.0046415888336127,0.9
513,23.71571938610046,0.9148346586316601,0.004228997975587845,0.012453031726181507,0.7,1.0,1.0,True,10,0.0001,0.0046415888336127,0.9
514,36.39562785389564,0.9588913737005248,0.000228910255827941,0.011481869034469128,0.7,1.0,1.0,True,10,0.0001,0.0001,0.9
515,35.52947123208199,0.9679970477848968,0.00027095855330117047,0.005553894676268101,0.7,1.0,1.0,True,10,0.0001,0.001,0.9
516,27.321728450392495,0.9476220140423937,0.001776722725480795,0.010407070629298687,0.7,1.0,1.0,True,10,0.0001,0.001,0.9
517,34.85445424839234,0.9552194913705067,0.0003038146533071995,0.004991287365555763,0.7,1.0,1.0,True,10,0.0001,0.001,0.9
518,27.655139649918304,0.9218029720444781,0.001654122956097126,0.013704812154173851,0.7,1.0,1.0,True,10,0.0001,0.0215443469003188,0.9
519,31.13841511907023,0.9678944175826507,0.0006431146757677197,0.009673367254436016,0.7,1.0,1.0,True,10,0.0001,0.0021544346900318,0.9
520,23.296389971804167,0.8747644161902178,0.004638844635337591,0.011108353734016418,0.7,1.0,1.0,True,10,0.0001,0.0215443469003188,0.9
521,28.33639889034839,0.9687670189714284,0.0014659413136541843,0.008107252418994904,0.7,1.0,1.0,True,10,0.0001,0.0215443469003188,0.9
522,31.133899285347184,0.9709571350838747,0.0007691186619922519,0.006665986496955156,0.7,1.0,1.0,True,10,0.0001,0.01,0.9
523,26.11878373616517,0.8759982153589254,0.0014712575357407331,0.012194943614304066,0.7,1.0,1.0,True,10,0.0001,0.0001,0.9
524,28.031290592638697,0.9574104600400501,0.001572968321852386,0.027642972767353058,0.7,1.0,1.0,True,10,0.0001,0.01,0.9
525,34.20203467055347,0.9612484641134801,0.000360582722350955,0.005699174478650093,0.7,1.0,1.0,True,10,0.0001,0.0046415888336127,0.9
526,27.322258221752605,0.9415718702478305,0.0018415090162307024,0.013435255736112595,0.7,1.0,1.0,True,10,0.0001,0.01,0.9
527,30.37289050843991,0.9363885223481062,0.0009078799048438668,0.010380511172115803,0.7,1.0,1.0,True,10,0.0001,0.01,0.9
528,28.579907395484554,0.9503754761350659,0.0013613129267469049,0.009801158681511879,0.7,1.0,1.0,True,10,0.0001,0.0046415888336127,0.9
529,38.41224180740387,0.9854895917100926,0.00014402619854081422,0.011653789319097996,0.7,1.0,1.0,True,10,0.0001,0.0215443469003188,0.9
530,33.995236098995555,0.9773504628085745,0.0003914585686288774,0.010593956336379051,0.7,1.0,1.0,True,10,0.0001,0.0021544346900318,0.9
531,38.107234690744114,0.9834888848573184,0.0001544833357911557,0.006831758189946413,0.7,1.0,1.0,True,10,0.0001,0.0215443469003188,0.9
532,27.943636861510033,0.9282521721517708,0.001598132075741887,0.016769323498010635,0.7,1.0,1.0,True,10,0.0001,0.01,0.9
533,31.897905333952522,0.979404552540789,0.0006397213437594473,0.013550123199820518,0.7,1.0,1.0,True,10,0.0001,0.0021544346900318,0.9
534,22.947136868072796,0.8731165688582941,0.005054506007581949,0.017086751759052277,0.7,1.0,1.0,True,10,0.0001,0.01,0.9
535,35.30881510853877,0.9584439615916049,0.00024525020853616297,0.004594024736434221,0.7,1.0,1.0,True,10,0.0001,0.0004641588833612,0.9
536,22.05137546723465,0.8644990092554294,0.006221836432814598,0.015582126565277576,0.7,1.0,1.0,True,10,0.0001,0.0046415888336127,0.9
537,36.36972490258274,0.9683626424771098,0.00023057173530105501,0.007266865111887455,0.7,1.0,1.0,True,10,0.0001,0.0215443469003188,0.9
538,40.267113170486404,0.9732929079094661,9.34274576138705e-05,0.0062622614204883575,0.7,1.0,1.0,True,10,0.0001,0.01,0.9
539,33.61931990685735,0.9596185553338382,0.00043266222928650677,0.0103764021769166,0.7,1.0,1.0,True,10,0.0001,0.0046415888336127,0.9
540,25.91898701953863,0.8778114592092677,0.0024804414715617895,0.012271443381905556,0.7,1.0,1.0,True,10,0.0001,0.001,0.9
541,30.56649306708687,0.9194915165857511,0.0008729163091629744,0.010865706019103527,0.7,1.0,1.0,True,10,0.0001,0.0215443469003188,0.9
542,22.436210939649037,0.8666018544113835,0.005665465258061886,0.016073407605290413,0.7,1.0,1.0,True,10,0.0001,0.01,0.9
543,28.135318782429053,0.9022835156888969,0.0015177193563431501,0.010845048353075981,0.7,1.0,1.0,True,10,0.0001,0.0046415888336127,0.9
544,35.70011540489831,0.9575219479138637,0.0002689008542802185,0.009817145764827728,0.7,1.0,1.0,True,10,0.0001,0.0215443469003188,0.9
545,23.09054212361399,0.8877688087298322,0.004861318506300449,0.022400887683033943,0.7,1.0,1.0,True,10,0.0001,0.01,0.9
546,31.152801829542483,0.9235959543439995,0.0007573941838927567,0.014364453963935375,0.7,1.0,1.0,True,10,0.0001,0.0046415888336127,0.9
547,23.36801998406566,0.9136991987026021,0.004405145067721605,0.009552263654768467,0.7,1.0,1.0,True,10,0.0001,0.0004641588833612,0.9
548,36.19286987385251,0.9580305724013578,0.00023441894154530019,0.003912090323865414,0.7,1.0,1.0,True,10,0.0001,0.0021544346900318,0.9
549,24.668134076131732,0.8817994021546884,0.003360301721841097,0.012710095383226871,0.7,1.0,1.0,True,10,0.0001,0.0046415888336127,0.9
550,34.5886166637275,0.9532089651138421,0.00033881317358464,0.006014658138155937,0.7,1.0,1.0,True,10,0.0001,0.0021544346900318,0.9
551,30.67923346261319,0.9554134629497648,0.0006915093981660903,0.008646087720990181,0.7,1.0,1.0,True,10,0.0001,0.0001,0.9
552,36.97227076512105,0.9766289913801955,0.0002007654111366719,0.008329162374138832,0.7,1.0,1.0,True,10,0.0001,0.0215443469003188,0.9
553,33.19651992565513,0.9328947444595358,0.0003866088518407196,0.003896614070981741,0.7,1.0,1.0,True,10,0.0001,0.0021544346900318,0.9
554,29.023905082387515,0.9598405401696238,0.0011510843178257346,0.013446701690554619,0.7,1.0,1.0,True,10,0.0001,0.0046415888336127,0.9
555,26.3891654006426,0.9261628316890284,0.0022934202570468187,0.012652198784053326,0.7,1.0,1.0,True,10,0.0001,0.01,0.9
556,34.87778347000851,0.9796077466201732,0.00032371829729527235,0.007755494210869074,0.7,1.0,1.0,True,10,0.0001,0.0021544346900318,0.9
557,28.16455416419703,0.9178497405267168,0.0014911143807694316,0.012039752677083015,0.7,1.0,1.0,True,10,0.0001,0.001,0.9
558,35.4233036074201,0.9646746157769448,0.00028657724033109844,0.007220583036541939,0.7,1.0,1.0,True,10,0.0001,0.0215443469003188,0.9
559,35.957918448411704,0.9608240242128647,0.00025345076574012637,0.00792283657938242,0.7,1.0,1.0,True,10,0.0001,0.0215443469003188,0.9
560,41.04695044429435,0.9860995950867394,7.849709800211713e-05,0.005434715189039707,0.7,1.0,1.0,True,10,0.0001,0.0215443469003188,0.9
561,30.666561247181633,0.9225337852034775,0.0008449315209873021,0.01281045749783516,0.7,1.0,1.0,True,10,0.0001,0.0046415888336127,0.9
562,34.25251931040127,0.9582234279044026,0.00036086380714550614,0.011074389331042767,0.7,1.0,1.0,True,10,0.0001,0.0046415888336127,0.9
563,32.25555864971669,0.9512818394876609,0.0005943388678133488,0.010387934744358063,0.7,1.0,1.0,True,10,0.0001,0.0215443469003188,0.9
564,40.52940075289065,0.984028737103976,8.844528201734647e-05,0.0056119575165212154,0.7,1.0,1.0,True,10,0.0001,0.0021544346900318,0.9
565,32.01776726794644,0.964553569969255,0.0006062468746677041,0.010812252759933472,0.7,1.0,1.0,True,10,0.0001,0.0021544346900318,0.9
566,30.20066721761705,0.9418110293590909,0.0006693425821140409,0.0067858221009373665,0.7,1.0,1.0,True,10,0.0001,0.0215443469003188,0.9
567,37.6895286697506,0.9798031681216293,0.0001701891014818102,0.00574267003685236,0.7,1.0,1.0,True,10,0.0001,0.0215443469003188,0.9
568,26.29066774418209,0.8722822156768885,0.002277013612911105,0.0209127776324749,0.7,1.0,1.0,True,10,0.0001,0.0002154434690031,0.9
569,25.543034079141567,0.9187548743297564,0.00279018166474998,0.03189777955412865,0.7,1.0,1.0,True,10,0.0001,0.01,0.9
570,24.812267039103,0.9206611379611972,0.00322793610394001,0.012708749622106552,0.7,1.0,1.0,True,10,0.0001,0.0021544346900318,0.9
571,36.81709896222976,0.9904262101195053,0.00020744650100823492,0.006754470057785511,0.7,1.0,1.0,True,10,0.0001,0.0046415888336127,0.9
572,30.06287584564678,0.9329845545077226,0.0008510177722200751,0.011291863396763802,0.7,1.0,1.0,True,10,0.0001,0.0002154434690031,0.9
573,36.27845202803096,0.9409178168857922,0.00023486718419007957,0.008059687912464142,0.7,1.0,1.0,True,10,0.0001,0.0215443469003188,0.9
574,33.21614008633857,0.9766615323176447,0.00046843852032907307,0.006346713751554489,0.7,1.0,1.0,True,10,0.0001,0.001,0.9
575,32.825570053690846,0.9589726446798096,0.0005215631099417806,0.011738823726773262,0.7,1.0,1.0,True,10,0.0001,0.0215443469003188,0.9
576,38.34336121482048,0.9553285889842685,0.0001462691288907081,0.005729899741709232,0.7,1.0,1.0,True,10,0.0001,0.0002154434690031,0.9
577,29.18167009345245,0.9204397986463287,0.0011557141551747918,0.01196744292974472,0.7,1.0,1.0,True,10,0.0001,0.0021544346900318,0.9
578,26.76227828991089,0.885014718767761,0.002095524687319994,0.010694354772567749,0.7,1.0,1.0,True,10,0.0001,0.0021544346900318,0.9
579,28.163591088647987,0.94930575528135,0.0015154514694586396,0.01032835803925991,0.7,1.0,1.0,True,10,0.0001,0.0046415888336127,0.9
580,26.860592592336467,0.9589636662875959,0.002057585632428527,0.008557922206819057,0.7,1.0,1.0,True,10,0.0001,0.0046415888336127,0.9
581,35.11325740700839,0.9677600503060102,0.000308006041450426,0.011721527203917503,0.7,1.0,1.0,True,10,0.0001,0.0046415888336127,0.9
582,27.296770055073853,0.946620769933312,0.0018432316137477756,0.017267689108848572,0.7,1.0,1.0,True,10,0.0001,0.0021544346900318,0.9
583,36.05010904047342,0.9635798933582286,0.00024813355412334204,0.008845451287925243,0.7,1.0,1.0,True,10,0.0001,0.01,0.9
584,28.584310780489215,0.9707575190977662,0.0013742049923166633,0.0107028279453516,0.7,1.0,1.0,True,10,0.0001,0.001,0.9
585,33.405594884057145,0.9615339200763018,0.00043302049743942916,0.005783845204859972,0.7,1.0,1.0,True,10,0.0001,0.0021544346900318,0.9
586,22.25956478970819,0.7945308425883046,0.005926562938839197,0.021296778693795204,0.7,1.0,1.0,True,10,0.0001,0.0046415888336127,0.9
587,37.498500996342585,0.9728877162416653,0.00017768731049727648,0.006223613861948252,0.7,1.0,1.0,True,10,0.0001,0.0215443469003188,0.9
588,26.013040909582067,0.9396457954764489,0.0024976336862891912,0.00905885361135006,0.7,1.0,1.0,True,10,0.0001,0.01,0.9
589,26.057176519144697,0.9364139698342177,0.002364126266911626,0.008866831660270691,0.7,1.0,1.0,True,10,0.0001,0.0001,0.9
590,28.61013843644679,0.9453701101958567,0.0013320231810212135,0.00948452390730381,0.7,1.0,1.0,True,10,0.0001,0.0021544346900318,0.9
591,33.50358681967277,0.9616401127786582,0.00042947084875777364,0.004645954817533493,0.7,1.0,1.0,True,10,0.0001,0.0004641588833612,0.9
592,25.48417584796063,0.9106034053752912,0.002682103542611003,0.007870630361139774,0.7,1.0,1.0,True,10,0.0001,0.0002154434690031,0.9
593,27.178004860644748,0.9562203955401208,0.001912590698339045,0.010180328972637653,0.7,1.0,1.0,True,10,0.0001,0.01,0.9
594,36.11898053033546,0.973870710745623,0.00024217824102379382,0.005512651056051254,0.7,1.0,1.0,True,10,0.0001,0.0002154434690031,0.9
595,23.99172886620879,0.8679038120614018,0.0038906694389879704,0.009265532717108727,0.7,1.0,1.0,True,10,0.0001,0.0215443469003188,0.9
596,35.21178642733523,0.9653650125098425,0.0002981169964186847,0.01069843489676714,0.7,1.0,1.0,True,10,0.0001,0.001,0.9
597,40.69766874326604,0.9864784518201039,8.500838885083795e-05,0.005630567204207182,0.7,1.0,1.0,True,10,0.0001,0.0215443469003188,0.9
598,32.778936667309615,0.9724158557637435,0.0005269479588605464,0.008105827495455742,0.7,1.0,1.0,True,10,0.0001,0.0046415888336127,0.9
599,33.73001493982196,0.9542962273407892,0.00042353611206635833,0.007012453395873308,0.7,1.0,1.0,True,10,0.0001,0.0215443469003188,0.9
600,34.54610790907325,0.9618744840701298,0.0003500797611195594,0.009480279870331287,0.7,1.0,1.0,True,10,0.0001,0.0046415888336127,0.9
601,32.49221282484431,0.9602897467843273,0.0005632949178107083,0.010305681265890598,0.7,1.0,1.0,True,10,0.0001,0.01,0.9
602,29.750152721091794,0.9277488542272555,0.0009078423609025776,0.0045204004272818565,0.7,1.0,1.0,True,10,0.0001,0.0215443469003188,0.9
603,32.17291717122808,0.9736694538710164,0.0006054976838640869,0.0077746156603097916,0.7,1.0,1.0,True,10,0.0001,0.0215443469003188,0.9
604,33.436947846832126,0.9468422842022681,0.00043959778849966824,0.007672577165067196,0.7,1.0,1.0,True,10,0.0001,0.0021544346900318,0.9
605,33.99971665413065,0.9442102069763699,0.0003957597946282476,0.011467487551271915,0.7,1.0,1.0,True,10,0.0001,0.0046415888336127,0.9
606,39.58032596707337,0.9906467419382957,0.00010992991883540526,0.006233910098671913,0.7,1.0,1.0,True,10,0.0001,0.0215443469003188,0.9
607,24.275531421045642,0.9295632800287245,0.0037174741737544537,0.014295816421508789,0.7,1.0,1.0,True,10,0.0001,0.0046415888336127,0.9
608,33.899677310227375,0.9530009817258984,0.0004065117973368615,0.004762297961860895,0.7,1.0,1.0,True,10,0.0001,0.0021544346900318,0.9
609,22.43633432229111,0.8877570451095136,0.005698553752154112,0.020970039069652557,0.7,1.0,1.0,True,10,0.0001,0.0004641588833612,0.9
610,21.989974527151016,0.8689591302252898,0.0063213868997991085,0.0201475378125906,0.7,1.0,1.0,True,10,0.0001,0.01,0.9
611,30.867768517499094,0.9475388529223185,0.0008061868720687926,0.008106818422675133,0.7,1.0,1.0,True,10,0.0001,0.001,0.9
612,32.505164010887185,0.9690063305745061,0.0005581799196079373,0.007138552609831095,0.7,1.0,1.0,True,10,0.0001,0.0021544346900318,0.9
613,30.4513940996504,0.910538128003506,0.0008944706059992313,0.016120875254273415,0.7,1.0,1.0,True,10,0.0001,0.0002154434690031,0.9
614,21.751485759107794,0.8601257006885961,0.006641414947807789,0.021366577595472336,0.7,1.0,1.0,True,10,0.0001,0.01,0.9
615,33.91219598259547,0.9763021941985878,0.00039755753823556006,0.010415283963084221,0.7,1.0,1.0,True,10,0.0001,0.0021544346900318,0.9
616,34.28663090490729,0.9810532610267555,0.00035015284083783627,0.006578107830137014,0.7,1.0,1.0,True,10,0.0001,0.0021544346900318,0.9
617,32.0899056088745,0.9618701390283888,0.0006131315603852272,0.0117153599858284,0.7,1.0,1.0,True,10,0.0001,0.0046415888336127,0.9
618,27.825685816793104,0.964615820346725,0.0016032243147492409,0.015888184309005737,0.7,1.0,1.0,True,10,0.0001,0.0004641588833612,0.9
619,33.31074231248423,0.9585611075162888,0.0004553448234219104,0.005765861831605434,0.7,1.0,1.0,True,10,0.0001,0.0215443469003188,0.9
620,17.780954491219855,0.749377918344231,0.01663895696401596,0.018458226695656776,0.7,1.0,1.0,True,10,0.0001,0.0046415888336127,0.9
621,35.1964277556123,0.9557607974568757,0.0002815613115672022,0.005409406963735819,0.7,1.0,1.0,True,10,0.0001,0.0021544346900318,0.9
622,41.20869890805689,0.9872261844460071,7.569288572994992e-05,0.006596053950488567,0.7,1.0,1.0,True,10,0.0001,0.0215443469003188,0.9
623,36.51393234242738,0.9663495530284965,0.00021987073705531657,0.006727381609380245,0.7,1.0,1.0,True,10,0.0001,0.0046415888336127,0.9
624,32.887077447053244,0.9830498587113293,0.000511740508954972,0.0099197868257761,0.7,1.0,1.0,True,10,0.0001,0.0021544346900318,0.9
625,33.1685169603233,0.938300939928452,0.00047599844401702285,0.010492884553968906,0.7,1.0,1.0,True,10,0.0001,0.0021544346900318,0.9
626,32.667247555145494,0.969861940549008,0.0005407346179708838,0.006750660948455334,0.7,1.0,1.0,True,10,0.0001,0.0215443469003188,0.9
627,36.712652828717616,0.9778402393416601,0.00021275570907164365,0.004515542183071375,0.7,1.0,1.0,True,10,0.0001,0.0215443469003188,0.9
628,32.268402674624014,0.9658118407823476,0.00047467401600442827,0.007401281967759132,0.7,1.0,1.0,True,10,0.0001,0.0004641588833612,0.9
629,35.22331056058838,0.9617928950148716,0.0002953787916339934,0.0049811159260571,0.7,1.0,1.0,True,10,0.0001,0.0046415888336127,0.9
630,36.16548800472301,0.958936102373066,0.0002412647008895874,0.008217395283281803,0.7,1.0,1.0,True,10,0.0001,0.0004641588833612,0.9
631,34.421879964119924,0.9593296096928349,0.0003549112589098513,0.007247275672852993,0.7,1.0,1.0,True,10,0.0001,0.001,0.9
632,35.36057231741942,0.9417506196642808,0.00028663480770774186,0.004867375362664461,0.7,1.0,1.0,True,10,0.0001,0.001,0.9
633,30.319443164782914,0.9559226655953932,0.0009241796797141433,0.009795675054192543,0.7,1.0,1.0,True,10,0.0001,0.0046415888336127,0.9
634,-56.661096841396564,0.5790248487001725,461928.21875,90.91815948486328,0.7,1.0,1.0,True,10,0.0001,0.0001,0.9
635,36.77031229342046,0.9914813025540242,0.00021023165027145296,0.005409565754234791,0.7,1.0,1.0,True,10,0.0001,0.01,0.9
636,34.06361107248792,0.9658852135925963,0.00039208761882036924,0.006301569286733866,0.7,1.0,1.0,True,10,0.0001,0.01,0.9
637,28.447290320528186,0.9509704516214483,0.0013500599889084697,0.0079405028373003,0.7,1.0,1.0,True,10,0.0001,0.0046415888336127,0.9
638,29.977167141098985,0.9522607112639767,0.0010051465360447764,0.00803152285516262,0.7,1.0,1.0,True,10,0.0001,0.0215443469003188,0.9
639,32.23164547811884,0.9470857727207759,0.0005913031054660678,0.006883253343403339,0.7,1.0,1.0,True,10,0.0001,0.001,0.9
640,25.299013326167753,0.936921413242048,0.002902836771681905,0.01163940504193306,0.7,1.0,1.0,True,10,0.0001,0.0046415888336127,0.9
641,23.64098995192218,0.8626354567209688,0.004197360947728157,0.007773729506880045,0.7,1.0,1.0,True,10,0.0001,0.0215443469003188,0.9
642,31.7083222416164,0.938723315986525,0.0006625254172831774,0.011539719998836517,0.7,1.0,1.0,True,10,0.0001,0.0046415888336127,0.9
643,26.27328298811538,0.9054512395163069,0.0023262822069227695,0.009711946360766888,0.7,1.0,1.0,True,10,0.0001,0.01,0.9
644,29.892053174190345,0.9536383626261732,0.0009268269059248269,0.008876918815076351,0.7,1.0,1.0,True,10,0.0001,0.0004641588833612,0.9
645,35.81871618989428,0.963484974783702,0.00026175848324783146,0.007205194793641567,0.7,1.0,1.0,True,10,0.0001,0.01,0.9
646,21.600234615795955,0.8902738653468255,0.00688794394955039,0.014443444088101387,0.7,1.0,1.0,True,10,0.0001,0.0046415888336127,0.9
647,34.00333428079236,0.9805578054750667,0.00035441783256828785,0.008448486216366291,0.7,1.0,1.0,True,10,0.0001,0.0001,0.9
648,28.858451622161812,0.8679807635525293,0.0010964578250423074,0.00807261373847723,0.7,1.0,1.0,True,10,0.0001,0.0464158883361277,0.9
649,37.549243851724505,0.9747083061081583,0.00017574909725226462,0.0071169729344546795,0.7,1.0,1.0,True,10,0.0001,0.0215443469003188,0.9
650,33.61705602082236,0.9799156667370545,0.00024212147400248796,0.005896854680031538,0.7,1.0,1.0,True,10,0.0001,0.001,0.9
651,33.25056722758089,0.9651449616802367,0.00047206334420479834,0.011111837811768055,0.7,1.0,1.0,True,10,0.0001,0.01,0.9
652,33.863417255071795,0.9627241490272299,0.00039107943302951753,0.00500122644007206,0.7,1.0,1.0,True,10,0.0001,0.0004641588833612,0.9
653,24.715486734843658,0.9124894857253919,0.0033017576206475496,0.010955695994198322,0.7,1.0,1.0,True,10,0.0001,0.001,0.9
654,25.247106971636867,0.9415558922756655,0.002975794253870845,0.010080315172672272,0.7,1.0,1.0,True,10,0.0001,0.0046415888336127,0.9
655,39.33108508356078,0.990795179647927,0.00011634682596195489,0.007809877395629883,0.7,1.0,1.0,True,10,0.0001,0.0215443469003188,0.9
656,32.71213260701052,0.9253502878657436,0.00044257851550355554,0.006448208820074797,0.7,1.0,1.0,True,10,0.0001,0.001,0.9
657,32.920724608937455,0.9640535456277392,0.0004103620012756437,0.004611977841705084,0.7,1.0,1.0,True,10,0.0001,0.01,0.9
658,33.15599853832948,0.9592158912043822,0.0003287475265096873,0.006270582787692547,0.7,1.0,1.0,True,10,0.0001,0.0215443469003188,0.9
659,34.42892869315078,0.9512469991272694,0.00033311924198642373,0.005701054818928242,0.7,1.0,1.0,True,10,0.0001,0.0021544346900318,0.9
660,26.512372775764305,0.8658514473262386,0.0021640451159328222,0.01883491314947605,0.7,1.0,1.0,True,10,0.0001,0.01,0.9
661,30.676503720907657,0.9275250638709226,0.0008176906267181039,0.008915399201214314,0.7,1.0,1.0,True,10,0.0001,0.0046415888336127,0.9
662,26.011889093462667,0.9478455473148909,0.0024809623137116432,0.01402809377759695,0.7,1.0,1.0,True,10,0.0001,0.0046415888336127,0.9
663,33.15983235850255,0.9736914189668878,0.00048126568435691297,0.00525626540184021,0.7,1.0,1.0,True,10,0.0001,0.0046415888336127,0.9
664,26.058121351050797,0.9335636348147387,0.002470143837854266,0.01436719112098217,0.7,1.0,1.0,True,10,0.0001,0.001,0.9
665,33.97041427096572,0.9669906665158715,0.0004005162336397916,0.01086203008890152,0.7,1.0,1.0,True,10,0.0001,0.0215443469003188,0.9
666,27.548360069861708,0.8862729121568556,0.0017310082912445068,0.01800326630473137,0.7,1.0,1.0,True,10,0.0001,0.0046415888336127,0.9
667,31.334276729517683,0.9763148860665667,0.0007348743383772671,0.008003050461411476,0.7,1.0,1.0,True,10,0.0001,0.0046415888336127,0.9
668,25.638304709004306,0.9201783341229716,0.0026931390166282654,0.012799913063645363,0.7,1.0,1.0,True,10,0.0001,0.0021544346900318,0.9
669,22.18260680896657,0.8995912230847033,0.0060407137498259544,0.013498174957931042,0.7,1.0,1.0,True,10,0.0001,0.0021544346900318,0.9
670,36.25284703801305,0.9651138876844486,0.00022020544565748423,0.004250291734933853,0.7,1.0,1.0,True,10,0.0001,0.01,0.9
671,24.25503010542024,0.8947556716984886,0.003742292057722807,0.007882294245064259,0.7,1.0,1.0,True,10,0.0001,0.0046415888336127,0.9
672,36.67032035825801,0.9763188906421479,0.00021513090177904814,0.005803975276648998,0.7,1.0,1.0,True,10,0.0001,0.0215443469003188,0.9
673,32.27008789328316,0.9585822205163992,0.0005923159187659621,0.007823305204510689,0.7,1.0,1.0,True,10,0.0001,0.01,0.9
674,33.488747179967156,0.9413767726928518,0.00043994432780891657,0.004283184185624123,0.7,1.0,1.0,True,10,0.0001,0.0464158883361277,0.9
675,26.84523690234959,0.9178347108491948,0.0019523692317306995,0.014563760720193386,0.7,1.0,1.0,True,10,0.0001,0.0046415888336127,0.9
676,35.94882083758344,0.9602356047837604,0.0002245206997031346,0.007461314555257559,0.7,1.0,1.0,True,10,0.0001,0.001,0.9
677,20.762118870140508,0.8142951562324233,0.00837494432926178,0.011620987206697464,0.7,1.0,1.0,True,10,0.0001,0.01,0.9
678,22.733103373615293,0.8971927510612304,0.0052897026762366295,0.014639053493738174,0.7,1.0,1.0,True,10,0.0001,0.0046415888336127,0.9
679,42.266184078407214,0.9840633215611441,5.9087698900839314e-05,0.005444802809506655,0.7,1.0,1.0,True,10,0.0001,0.01,0.9
680,37.07105109295306,0.9618251514846942,0.00019616095232777297,0.006809405516833067,0.7,1.0,1.0,True,10,0.0001,0.0215443469003188,0.9
681,22.437831606952145,0.8914708350381407,0.0056612491607666016,0.012910090386867523,0.7,1.0,1.0,True,10,0.0001,0.0046415888336127,0.9
682,34.45254457437956,0.9613130102770248,0.0003420557186473161,0.008178994059562683,0.7,1.0,1.0,True,10,0.0001,0.0021544346900318,0.9
683,35.69158187922591,0.9694692112267079,0.0002693953865673393,0.00614127004519105,0.7,1.0,1.0,True,10,0.0001,0.01,0.9
684,29.650041650379308,0.9333794702371147,0.0009544130298309028,0.005583839491009712,0.7,1.0,1.0,True,10,0.0001,0.0046415888336127,0.9
685,34.21880144709361,0.9761146535199247,0.0003783153952099383,0.007422116585075855,0.7,1.0,1.0,True,10,0.0001,0.0215443469003188,0.9
686,34.16058846138717,0.9688103750917072,0.0003820334386546165,0.012164466083049774,0.7,1.0,1.0,True,10,0.0001,0.0046415888336127,0.9
687,35.373950216599326,0.9764654216413281,0.00029010389698669314,0.006201335694640875,0.7,1.0,1.0,True,10,0.0001,0.01,0.9
688,31.796109543407653,0.9339529045245257,0.0006609203992411494,0.011075506918132305,0.7,1.0,1.0,True,10,0.0001,0.0215443469003188,0.9
689,37.15634780748312,0.9697666162215519,0.00019242410780861974,0.006458048243075609,0.7,1.0,1.0,True,10,0.0001,0.0215443469003188,0.9
690,37.81630696760416,0.9790749587772185,0.00016513040463905782,0.00564812496304512,0.7,1.0,1.0,True,10,0.0001,0.01,0.9
691,29.87810849281555,0.9633552618170977,0.001020698924548924,0.008539263159036636,0.7,1.0,1.0,True,10,0.0001,0.0004641588833612,0.9
692,26.21275915705415,0.9123398999465385,0.002381616272032261,0.01354833971709013,0.7,1.0,1.0,True,10,0.0001,0.0046415888336127,0.9
693,22.660528250796887,0.9119411286249444,0.005388776771724224,0.014117139391601086,0.7,1.0,1.0,True,10,0.0001,0.001,0.9
694,38.95140893778019,0.989525228461983,0.0001271337241632864,0.0051924739964306355,0.7,1.0,1.0,True,10,0.0001,0.01,0.9
695,27.98350049581854,0.9600877680568749,0.0015617377357557416,0.011304573155939579,0.7,1.0,1.0,True,10,0.0001,0.0001,0.9
696,29.698650309817253,0.9250902485936665,0.001047569327056408,0.012267895974218845,0.7,1.0,1.0,True,10,0.0001,0.01,0.9
697,23.978533512961107,0.882606420826486,0.003836226649582386,0.00895125512033701,0.7,1.0,1.0,True,10,0.0001,0.0021544346900318,0.9
698,34.200398049461946,0.9872721340910938,0.00037015503039583564,0.008479252457618713,0.7,1.0,1.0,True,10,0.0001,0.0001,0.9
699,22.629274243796612,0.8716829215915022,0.005416939500719309,0.01804182678461075,0.7,1.0,1.0,True,10,0.0001,0.0215443469003188,0.9
700,33.08466592550936,0.9696273004292089,0.00048711677663959563,0.007007978856563568,0.7,1.0,1.0,True,10,0.0001,0.0046415888336127,0.9
701,31.14687652984051,0.9594784004707947,0.0006877665873616934,0.009425326250493526,0.7,1.0,1.0,True,10,0.0001,0.001,0.9
702,24.947434746702836,0.8935266294876081,0.0031793429516255856,0.011219254694879055,0.7,1.0,1.0,True,10,0.0001,0.001,0.9
703,31.476530409975204,0.9547301137933298,0.0007027492974884808,0.012718075886368752,0.7,1.0,1.0,True,10,0.0001,0.0046415888336127,0.9
704,28.096030656014225,0.9368081291881847,0.0015060059959068894,0.011794504709541798,0.7,1.0,1.0,True,10,0.0001,0.01,0.9
705,39.56419622686776,0.9707878167184514,0.0001101381640182808,0.004751560743898153,0.7,1.0,1.0,True,10,0.0001,0.01,0.9
706,34.184371201473766,0.9136165456752167,0.00034339583362452686,0.00723962252959609,0.7,1.0,1.0,True,10,0.0001,0.0464158883361277,0.9
707,17.853772540825048,0.7461587467745775,0.016358882188796997,0.01585257798433304,0.7,1.0,1.0,True,10,0.0001,0.01,0.9
708,31.299569414904255,0.9594565692008833,0.0006148109678179026,0.00826519075781107,0.7,1.0,1.0,True,10,0.0001,0.01,0.9
709,21.289903861811155,0.8305241735296476,0.007425212301313877,0.042936116456985474,0.7,1.0,1.0,True,10,0.0001,0.0215443469003188,0.9
710,32.79808567205738,0.9727763405033186,0.0005179999861866236,0.010057242587208748,0.7,1.0,1.0,True,10,0.0001,0.0001,0.9
711,25.916470261711897,0.9315444562564699,0.0025048330426216125,0.01382411178201437,0.7,1.0,1.0,True,10,0.0001,0.0002154434690031,0.9
712,35.0048421456714,0.9599302259684224,0.0003156021411996335,0.011064788326621056,0.7,1.0,1.0,True,10,0.0001,0.0215443469003188,0.9
713,27.07152874288743,0.8897286553277155,0.001753960270434618,0.004667954053729773,0.7,1.0,1.0,True,10,0.0001,0.0464158883361277,0.9
714,33.255576019670784,0.9613866013992804,0.00047244768938980997,0.007669883780181408,0.7,1.0,1.0,True,10,0.0001,0.0215443469003188,0.9
715,33.98964095449683,0.9854467799204668,0.0003989434626419097,0.01196773536503315,0.7,1.0,1.0,True,10,0.0001,0.0215443469003188,0.9
716,26.325500369477012,0.9391534372748974,0.002322017913684249,0.011329760774970055,0.7,1.0,1.0,True,10,0.0001,0.0021544346900318,0.9
717,31.276309728442694,0.9736743392374739,0.0007452858262695372,0.009381061419844627,0.7,1.0,1.0,True,10,0.0001,0.0464158883361277,0.9
718,37.19494435345463,0.9686382543622402,0.00019047966634389013,0.008510774932801723,0.7,1.0,1.0,True,10,0.0001,0.0215443469003188,0.9
719,36.699466722705615,0.9707624167203903,0.0002134522655978799,0.0071280705742537975,0.7,1.0,1.0,True,10,0.0001,0.0215443469003188,0.9
720,25.30142245577633,0.9445396552883065,0.002936859615147114,0.018434539437294006,0.7,1.0,1.0,True,10,0.0001,0.0046415888336127,0.9
721,34.23598866095721,0.945554614390013,0.0003748452290892601,0.009626410901546478,0.7,1.0,1.0,True,10,0.0001,0.01,0.9
722,30.42408325531038,0.9431106508762351,0.000890694500412792,0.011861810460686684,0.7,1.0,1.0,True,10,0.0001,0.0021544346900318,0.9
723,29.29721338435771,0.9165490683908474,0.0009242172236554325,0.008748375810682774,0.7,1.0,1.0,True,10,0.0001,0.0215443469003188,0.9
724,25.10470526787587,0.9014449542473859,0.0029122349806129932,0.010557358153164387,0.7,1.0,1.0,True,10,0.0001,0.0004641588833612,0.9
725,30.56552298687405,0.9026927149770984,0.0005220275488682091,0.014835690148174763,0.7,1.0,1.0,True,10,0.0001,0.0215443469003188,0.9
726,22.781567002325467,0.8845494144932671,0.005257562734186649,0.011939111165702343,0.7,1.0,1.0,True,10,0.0001,0.01,0.9
727,32.62344913226158,0.9516430814799509,0.0005461907712742686,0.011797121725976467,0.7,1.0,1.0,True,10,0.0001,0.0215443469003188,0.9
728,23.28005103831388,0.8929845127159339,0.004691874608397484,0.012444628402590752,0.7,1.0,1.0,True,10,0.0001,0.01,0.9
729,23.3357949147257,0.9344347231224626,0.004577713552862406,0.011185454204678535,0.7,1.0,1.0,True,10,0.0001,0.0021544346900318,0.9
730,27.346879764981868,0.9298031489884767,0.001770430477336049,0.01038657408207655,0.7,1.0,1.0,True,10,0.0001,0.0021544346900318,0.9
731,36.940062644098,0.9740227783950367,0.0002021603286266327,0.00581977516412735,0.7,1.0,1.0,True,10,0.0001,0.0215443469003188,0.9
732,34.89982937633751,0.983566922684449,0.00032304858905263245,0.007022447884082794,0.7,1.0,1.0,True,10,0.0001,0.0215443469003188,0.9
733,28.418803690139537,0.9084314061645937,0.0014259055024012923,0.00952595379203558,0.7,1.0,1.0,True,10,0.0001,0.0046415888336127,0.9
734,31.59948456303374,0.9534313889110789,0.0006915105041116476,0.009629852138459682,0.7,1.0,1.0,True,10,0.0001,0.0215443469003188,0.9
735,24.26267993103819,0.8771831842144289,0.0036865377333015203,0.01337536983191967,0.7,1.0,1.0,True,10,0.0001,0.0046415888336127,0.9
736,29.791945753033396,0.9832099598473931,0.0010374576086178422,0.008656155318021774,0.7,1.0,1.0,True,10,0.0001,0.0021544346900318,0.9
737,30.991213507364503,0.9676428419163968,0.0007809018134139478,0.011761690489947796,0.7,1.0,1.0,True,10,0.0001,0.0021544346900318,0.9
738,20.15730273442445,0.8221697203652314,0.009615447372198105,0.02175162360072136,0.7,1.0,1.0,True,10,0.0001,0.0046415888336127,0.9
739,19.08789338414294,0.841899786753498,0.012299647554755211,0.017825661227107048,0.7,1.0,1.0,True,10,0.0001,0.001,0.9
740,18.710226713570403,0.7762286570562906,0.013453276827931404,0.015827173367142677,0.7,1.0,1.0,True,10,0.0001,0.0215443469003188,0.9
741,22.60601080515308,0.89732899074707,0.005482540465891361,0.020237116143107414,0.7,1.0,1.0,True,10,0.0001,0.0215443469003188,0.9
742,19.214183151851767,0.8276943873759562,0.011966542340815067,0.017720187082886696,0.7,1.0,1.0,True,10,0.0001,0.0046415888336127,0.9
743,21.240502963197898,0.9000572691775711,0.007505506277084351,0.008709912188351154,0.7,1.0,1.0,True,10,0.0001,0.01,0.9
744,35.27399195633924,0.9780553994533078,0.0002799250651150942,0.006753329653292894,0.7,1.0,1.0,True,10,0.0001,0.001,0.9
745,24.85664969740444,0.8916904140919518,0.0031304252333939075,0.009328052401542664,0.7,1.0,1.0,True,10,0.0001,0.0004641588833612,0.9
746,31.21495323672963,0.9667660642888155,0.0007545709959231317,0.008428453467786312,0.7,1.0,1.0,True,10,0.0001,0.0215443469003188,0.9
747,37.07373338910584,0.978013476151185,0.00019591850286815315,0.007028297055512667,0.7,1.0,1.0,True,10,0.0001,0.0215443469003188,0.9
748,33.20488637858696,0.9469766282967615,0.00044374840217642486,0.0050447979010641575,0.7,1.0,1.0,True,10,0.0001,0.01,0.9
749,22.570052766712095,0.7771503326019452,0.005436856299638748,0.01618671417236328,0.7,1.0,1.0,True,10,0.0001,0.0021544346900318,0.9
750,34.22604778172947,0.9543043415766629,0.000332705705659464,0.007829316891729832,0.7,1.0,1.0,True,10,0.0001,0.0021544346900318,0.9
751,22.449258454063997,0.8848339062716555,0.005677732173353434,0.018227791413664818,0.7,1.0,1.0,True,10,0.0001,0.001,0.9
752,27.097589412980817,0.9565910171136891,0.0019245189614593983,0.014264361001551151,0.7,1.0,1.0,True,10,0.0001,0.0021544346900318,0.9
753,35.132975361186226,0.9784827644795456,0.00030489551136270165,0.008301888592541218,0.7,1.0,1.0,True,10,0.0001,0.0004641588833612,0.9
754,39.816838997130326,0.9660870138674944,0.00010388461669208482,0.00674737012013793,0.7,1.0,1.0,True,10,0.0001,0.0215443469003188,0.9
755,32.59476937102571,0.9588783552218517,0.0005498877144418657,0.01128751877695322,0.7,1.0,1.0,True,10,0.0001,0.0215443469003188,0.9
756,29.593531858125086,0.9666558390923452,0.001097019761800766,0.007641693111509085,0.7,1.0,1.0,True,10,0.0001,0.01,0.9
757,27.914177049400614,0.9412988986080688,0.0015616477467119694,0.00788332149386406,0.7,1.0,1.0,True,10,0.0001,0.0001,0.9
758,35.27301356843873,0.9717440993531815,0.00029630903736688197,0.009987940080463886,0.7,1.0,1.0,True,10,0.0001,0.0046415888336127,0.9
759,27.138407463529344,0.9123827101426321,0.0018181968480348587,0.016433291137218475,0.7,1.0,1.0,True,10,0.0001,0.0046415888336127,0.9
760,35.60922824879915,0.9715273718285241,0.0002744751691352576,0.008991849608719349,0.7,1.0,1.0,True,10,0.0001,0.0215443469003188,0.9
761,27.408294536952088,0.9046421412827151,0.0016904292860999703,0.009997792541980743,0.7,1.0,1.0,True,10,0.0001,0.0004641588833612,0.9
762,30.636689292855923,0.9601604870844429,0.0008549954509362578,0.009566853754222393,0.7,1.0,1.0,True,10,0.0001,0.001,0.9
763,19.276278979335974,0.8477157561622487,0.011769573204219341,0.010091486386954784,0.7,1.0,1.0,True,10,0.0001,0.0215443469003188,0.9
764,37.03991654767494,0.9777296933319547,0.00019759315182454884,0.007270584348589182,0.7,1.0,1.0,True,10,0.0001,0.0464158883361277,0.9
765,35.82013871771368,0.9526648349037358,0.00025526864919811487,0.004802912939339876,0.7,1.0,1.0,True,10,0.0001,0.01,0.9
766,25.058947241317853,0.8860496650646961,0.0029899964574724436,0.014392576180398464,0.7,1.0,1.0,True,10,0.0001,0.0021544346900318,0.9
767,33.62348403805325,0.956246551276176,0.0004163205740042031,0.005545907188206911,0.7,1.0,1.0,True,10,0.0001,0.0046415888336127,0.9
768,25.762768107362042,0.9501733919365934,0.002644999185577035,0.011852798983454704,0.7,1.0,1.0,True,10,0.0001,0.0046415888336127,0.9
769,29.52031403484868,0.8990213150618419,0.0009460566798225045,0.013447403907775879,0.7,1.0,1.0,True,10,0.0001,0.01,0.9
770,21.323867188176116,0.8371191122933467,0.0072479089722037315,0.010796058923006058,0.7,1.0,1.0,True,10,0.0001,0.0215443469003188,0.9
771,39.77755071564215,0.9855982951889097,0.00010516287147765979,0.006120278965681791,0.7,1.0,1.0,True,10,0.0001,0.0215443469003188,0.9
772,35.74198908545318,0.9707256076228877,0.0002665215579327196,0.00744654843583703,0.7,1.0,1.0,True,10,0.0001,0.0215443469003188,0.9
773,31.5269613069685,0.9475491990876395,0.0006946966168470681,0.01136934757232666,0.7,1.0,1.0,True,10,0.0001,0.0021544346900318,0.9
774,37.846389159554136,0.9770909653144232,0.00016380722809117287,0.007520090788602829,0.7,1.0,1.0,True,10,0.0001,0.0046415888336127,0.9
775,30.668024855483278,0.9442896416136405,0.0006571341655217111,0.004573661368340254,0.7,1.0,1.0,True,10,0.0001,0.0215443469003188,0.9
776,35.505384960925184,0.9814620968204287,0.00028103875229135156,0.01231612078845501,0.7,1.0,1.0,True,10,0.0001,0.0215443469003188,0.9
777,29.909154411872436,0.9378113101541197,0.001018906943500042,0.01627121865749359,0.7,1.0,1.0,True,10,0.0001,0.0215443469003188,0.9
778,26.53018081571842,0.9467258104195259,0.002221175003796816,0.007500750478357077,0.7,1.0,1.0,True,10,0.0001,0.01,0.9
779,34.58703905855014,0.9670539099273298,0.0003472102980595082,0.006283732131123543,0.7,1.0,1.0,True,10,0.0001,0.0215443469003188,0.9
780,40.1765092242045,0.959216538559111,9.404867159901187e-05,0.00440441956743598,0.7,1.0,1.0,True,10,0.0001,0.01,0.9
781,36.84201973209844,0.9731403862974838,0.00020690844394266605,0.009030682034790516,0.7,1.0,1.0,True,10,0.0001,0.0215443469003188,0.9
782,34.5339352126079,0.9847395366098121,0.0003488247166387737,0.007223970256745815,0.7,1.0,1.0,True,10,0.0001,0.0046415888336127,0.9
783,34.29521299525533,0.962272544478915,0.00036032061325386167,0.0058498685248196125,0.7,1.0,1.0,True,10,0.0001,0.0021544346900318,0.9
784,41.34447743235633,0.983365511562064,7.332064706133679e-05,0.006947108078747988,0.7,1.0,1.0,True,10,0.0001,0.0215443469003188,0.9
785,28.453556784001847,0.9439134850167699,0.0013045499799773097,0.009458203800022602,0.7,1.0,1.0,True,10,0.0001,0.0004641588833612,0.9
786,31.704207495369047,0.9621319020142004,0.0006733502959832549,0.008727917447686195,0.7,1.0,1.0,True,10,0.0001,0.01,0.9
787,24.670130650517265,0.9112076899269836,0.003322632284834981,0.010442548431456089,0.7,1.0,1.0,True,10,0.0001,0.0021544346900318,0.9
788,29.991460751344743,0.9712469176119203,0.0009775832295417786,0.007971151731908321,0.7,1.0,1.0,True,10,0.0001,0.0021544346900318,0.9
789,34.59340980777621,0.9576319267567712,0.00034696777584031224,0.006747692357748747,0.7,1.0,1.0,True,10,0.0001,0.0046415888336127,0.9
790,35.74707250975787,0.9665655092373721,0.00023837407934479415,0.006316532846540213,0.7,1.0,1.0,True,10,0.0001,0.0046415888336127,0.9
791,29.508523219290296,0.9367203810574224,0.0011193080572411418,0.00993767473846674,0.7,1.0,1.0,True,10,0.0001,0.0215443469003188,0.9
792,23.399223200701268,0.9207377260623781,0.00455723749473691,0.011321683414280415,0.7,1.0,1.0,True,10,0.0001,0.0021544346900318,0.9
793,27.593681872716452,0.9547370968865168,0.001729426789097488,0.011630471795797348,0.7,1.0,1.0,True,10,0.0001,0.0021544346900318,0.9
794,27.848305045413838,0.925736649809607,0.0016326779732480645,0.021609513089060783,0.7,1.0,1.0,True,10,0.0001,0.0046415888336127,0.9
795,37.887989139630015,0.9705311235874676,0.0001626021257834509,0.009385168552398682,0.7,1.0,1.0,True,10,0.0001,0.0215443469003188,0.9
796,30.71639369463197,0.9264471634330518,0.0007505237008444965,0.012852558866143227,0.7,1.0,1.0,True,10,0.0001,0.0215443469003188,0.9
797,36.24248453427128,0.951208326954037,0.00023672728275414556,0.0085402000695467,0.7,1.0,1.0,True,10,0.0001,0.0215443469003188,0.9
798,34.333857978981904,0.9561498454926676,0.0003675975895021111,0.005138043779879808,0.7,1.0,1.0,True,10,0.0001,0.0215443469003188,0.9
799,30.208734966627944,0.8870304394225034,0.0006940814782865345,0.0061004809103906155,0.7,1.0,1.0,True,10,0.0001,0.0215443469003188,0.9
800,26.246959911447505,0.9275884046749105,0.002205860335379839,0.015097605995833874,0.7,1.0,1.0,True,10,0.0001,0.0002154434690031,0.9
801,41.96368332099749,0.9941393007188881,6.35408068774268e-05,0.005125781055539846,0.7,1.0,1.0,True,10,0.0001,0.0215443469003188,0.9
802,30.521691542868457,0.9282263794489074,0.0008729897090233862,0.01536560244858265,0.7,1.0,1.0,True,10,0.0001,0.01,0.9
803,34.542718766717904,0.9716200251805032,0.00035097645013593137,0.00858017336577177,0.7,1.0,1.0,True,10,0.0001,0.0046415888336127,0.9
804,32.967030043265005,0.9855808257687572,0.0004993933835066855,0.008862433023750782,0.7,1.0,1.0,True,10,0.0001,0.0046415888336127,0.9
805,37.77498622763099,0.9764452663060927,0.00016674146172590554,0.010677793994545937,0.7,1.0,1.0,True,10,0.0001,0.0215443469003188,0.9
806,28.048643681935104,0.9549926962901456,0.0015657049370929599,0.008412111550569534,0.7,1.0,1.0,True,10,0.0001,0.001,0.9
807,34.7110893719599,0.9795076536443335,0.0003362082061357796,0.008052472025156021,0.7,1.0,1.0,True,10,0.0001,0.0021544346900318,0.9
808,39.85745018336849,0.9811463601448956,0.0001032405998557806,0.006220099050551653,0.7,1.0,1.0,True,10,0.0001,0.0215443469003188,0.9
809,29.16833097123248,0.9286884117191052,0.001185320201329887,0.01054429728537798,0.7,1.0,1.0,True,10,0.0001,0.0021544346900318,0.9
810,26.96603985706282,0.9613520848277429,0.0020054324995726347,0.012604611925780773,0.7,1.0,1.0,True,10,0.0001,0.0021544346900318,0.9
811,35.02195272728092,0.9651907719248835,0.0003144429356325418,0.007973998785018921,0.7,1.0,1.0,True,10,0.0001,0.0215443469003188,0.9
812,35.61720130239173,0.9833408234442966,0.000274113001069054,0.006275936961174011,0.7,1.0,1.0,True,10,0.0001,0.0215443469003188,0.9
813,26.797298649041537,0.8990198917325559,0.002051231451332569,0.015836503356695175,0.7,1.0,1.0,True,10,0.0001,0.0046415888336127,0.9
814,34.999885118270456,0.9684533260385934,0.0002991102810483426,0.00694692088291049,0.7,1.0,1.0,True,10,0.0001,0.0021544346900318,0.9
815,22.126882036007597,0.9103587755458973,0.006124845705926418,0.011433152481913567,0.7,1.0,1.0,True,10,0.0001,0.0004641588833612,0.9
816,30.618569846212825,0.9791910596368729,0.0008576926775276661,0.012096794322133064,0.7,1.0,1.0,True,10,0.0001,0.0001,0.9
817,32.45783870524237,0.9658505237892931,0.0005676076980307698,0.007343688048422337,0.7,1.0,1.0,True,10,0.0001,0.0215443469003188,0.9
818,34.85458988113233,0.9719079164528626,0.0003269058943260461,0.005744671914726496,0.7,1.0,1.0,True,10,0.0001,0.0215443469003188,0.9
819,42.20897063378913,0.989493607552059,6.009218850522302e-05,0.006679710000753403,0.7,1.0,1.0,True,10,0.0001,0.01,0.9
820,37.26328104810417,0.9715406662170363,0.00018754065968096256,0.007495152298361063,0.7,1.0,1.0,True,10,0.0001,0.0215443469003188,0.9
821,32.75784177048422,0.9506905637181703,0.0004629198811016977,0.00924741942435503,0.7,1.0,1.0,True,10,0.0001,0.0046415888336127,0.9
822,26.231211768351287,0.9485905164015606,0.00235030148178339,0.013636482879519463,0.7,1.0,1.0,True,10,0.0001,0.0046415888336127,0.9
823,28.70600987377469,0.9701843929656765,0.0013456252636387944,0.01470895204693079,0.7,1.0,1.0,True,10,0.0001,0.0215443469003188,0.9
824,38.1117502320705,0.9813053381040123,0.00015439004346262664,0.005900103598833084,0.7,1.0,1.0,True,10,0.0001,0.0215443469003188,0.9
825,28.869388359545106,0.9454079220769206,0.001288590021431446,0.01456516794860363,0.7,1.0,1.0,True,10,0.0001,0.01,0.9
826,34.53210220655394,0.965921513736248,0.00035084818955510855,0.010532444342970848,0.7,1.0,1.0,True,10,0.0001,0.01,0.9
827,30.947397329135686,0.9449645036099127,0.0007921067299321294,0.01093722227960825,0.7,1.0,1.0,True,10,0.0001,0.0046415888336127,0.9
828,30.432199481815736,0.9841616761604453,0.0008881596731953323,0.011143585667014122,0.7,1.0,1.0,True,10,0.0001,0.0021544346900318,0.9
829,35.21920382015201,0.9473840830880299,0.0002456414804328233,0.004815342370420694,0.7,1.0,1.0,True,10,0.0001,0.0046415888336127,0.9
830,27.09854135905158,0.9354671039661802,0.0019474538275972009,0.015665382146835327,0.7,1.0,1.0,True,10,0.0001,0.01,0.9
831,28.024942554381575,0.8976555867822239,0.001573497080244124,0.017489496618509293,0.7,1.0,1.0,True,10,0.0001,0.001,0.9
832,28.32377974327448,0.9629430033581791,0.001466787070967257,0.012230174615979195,0.7,1.0,1.0,True,10,0.0001,0.01,0.9
833,35.641625160852236,0.9579533816106671,0.00024100621521938592,0.005822768434882164,0.7,1.0,1.0,True,10,0.0001,0.0021544346900318,0.9
834,25.483548668035752,0.9154544574113287,0.0027882051654160023,0.010088968090713024,0.7,1.0,1.0,True,10,0.0001,0.0046415888336127,0.9
835,42.919055619338494,0.9875209522351884,5.050273466622457e-05,0.0042257653549313545,0.7,1.0,1.0,True,10,0.0001,0.01,0.9
836,36.377386456165866,0.9447198809961662,0.00022497917234431952,0.00442541902884841,0.7,1.0,1.0,True,10,0.0001,0.0215443469003188,0.9
837,29.998027486971285,0.965459229622586,0.0009873855160549283,0.014784520491957664,0.7,1.0,1.0,True,10,0.0001,0.0046415888336127,0.9
838,29.739751129202002,0.9208699276726559,0.0010596448555588722,0.013502523303031921,0.7,1.0,1.0,True,10,0.0001,0.01,0.9
839,29.843221667102217,0.9438163698165533,0.000935940770432353,0.01693493314087391,0.7,1.0,1.0,True,10,0.0001,0.01,0.9
840,39.09898738334657,0.9828739978519141,0.00012279232032597065,0.00496763177216053,0.7,1.0,1.0,True,10,0.0001,0.0215443469003188,0.9
841,30.241955081041088,0.9695569911608386,0.0009356305235996842,0.0069562094286084175,0.7,1.0,1.0,True,10,0.0001,0.0021544346900318,0.9
842,36.999820853618004,0.9733388628137862,0.00019629222515504807,0.006627470254898071,0.7,1.0,1.0,True,10,0.0001,0.0021544346900318,0.9
843,33.37200043470737,0.9726105709363186,0.00045979605056345463,0.0069943261332809925,0.7,1.0,1.0,True,10,0.0001,0.01,0.9
844,37.008245788087244,0.9473579288513175,0.00019857205916196108,0.004669530782848597,0.7,1.0,1.0,True,10,0.0001,0.0215443469003188,0.9
845,37.81698558685563,0.9611715148169436,0.00016512349247932434,0.005283777602016926,0.7,1.0,1.0,True,10,0.0001,0.0215443469003188,0.9
846,41.268312550532436,0.9796467646418218,7.461397763108835e-05,0.008206332102417946,0.7,1.0,1.0,True,10,0.0001,0.0215443469003188,0.9
847,21.25742827422998,0.8625722744469569,0.007208061404526234,0.011095145717263222,0.7,1.0,1.0,True,10,0.0001,0.0046415888336127,0.9
848,37.78538740554353,0.9435600470616967,0.0001662890426814556,0.005603215657174587,0.7,1.0,1.0,True,10,0.0001,0.0046415888336127,0.9
849,33.557649178568525,0.963845765335395,0.00043186763650737703,0.008791261352598667,0.7,1.0,1.0,True,10,0.0001,0.0021544346900318,0.9
850,35.0193439581895,0.973197260908052,0.00030544938636012375,0.007742048241198063,0.7,1.0,1.0,True,10,0.0001,0.001,0.9
851,38.49552265045399,0.9698702650619488,0.00014116855163592845,0.0055113197304308414,0.7,1.0,1.0,True,10,0.0001,0.0046415888336127,0.9
852,30.319809536524936,0.9129837389333295,0.00041768592200241983,0.00953837763518095,0.7,1.0,1.0,True,10,0.0001,0.0215443469003188,0.9
853,36.857547983109235,0.969643808155483,0.0002024481655098498,0.009393360465765,0.7,1.0,1.0,True,10,0.0001,0.0021544346900318,0.9
854,35.53777903657247,0.9776004852709755,0.00027889132616110146,0.007604201789945364,0.7,1.0,1.0,True,10,0.0001,0.0046415888336127,0.9
855,28.018329820472513,0.9702531097627892,0.0015721048694103956,0.012804003432393074,0.7,1.0,1.0,True,10,0.0001,0.0002154434690031,0.9
856,28.929896065547943,0.9376326531510112,0.0012765188002958894,0.00804128684103489,0.7,1.0,1.0,True,10,0.0001,0.01,0.9
857,33.68585638210399,0.9530508887749338,0.00042485661106184125,0.0056937080807983875,0.7,1.0,1.0,True,10,0.0001,0.001,0.9
858,35.72544053995861,0.9781673636414319,0.00026722654001787305,0.010361436754465103,0.7,1.0,1.0,True,10,0.0001,0.0004641588833612,0.9
859,24.131774724113008,0.9096096027310903,0.0038506819400936365,0.010024993680417538,0.7,1.0,1.0,True,10,0.0001,0.0046415888336127,0.9
860,20.70266757200983,0.8672979643733709,0.00848902016878128,0.005552025977522135,0.7,1.0,1.0,True,10,0.0001,0.0215443469003188,0.9
861,35.15840636450393,0.9754380219768813,0.00028581966762430966,0.0064362939447164536,0.7,1.0,1.0,True,10,0.0001,0.0021544346900318,0.9
862,38.83478159867638,0.9549637357516924,0.0001265283499378711,0.0037354938685894012,0.7,1.0,1.0,True,10,0.0001,0.0046415888336127,0.9
863,35.42361156099619,0.9682834816421887,0.00028176940395496786,0.01563131995499134,0.7,1.0,1.0,True,10,0.0001,0.0021544346900318,0.9
864,22.061454074708458,0.8687365258200732,0.00608005840331316,0.012013486586511135,0.7,1.0,1.0,True,10,0.0001,0.0046415888336127,0.9
865,32.89020949133356,0.9612343370591524,0.0005135891842655838,0.01299129519611597,0.7,1.0,1.0,True,10,0.0001,0.01,0.9
866,24.675961114422257,0.8911204529713294,0.003405726747587323,0.018012747168540955,0.7,1.0,1.0,True,10,0.0001,0.01,0.9
867,44.149378349904026,0.9898107745391542,3.841710349661298e-05,0.006704176310449839,0.7,1.0,1.0,True,10,0.0001,0.0215443469003188,0.9
868,28.875188560296014,0.9188210709353042,0.0012651787837967277,0.01993117295205593,0.7,1.0,1.0,True,10,0.0001,0.0046415888336127,0.9
869,37.22216551912102,0.9850622394167355,0.00018929860380012542,0.007950770668685436,0.7,1.0,1.0,True,10,0.0001,0.0215443469003188,0.9
870,38.195766114471674,0.9704146536203607,0.0001514472533017397,0.007684343960136175,0.7,1.0,1.0,True,10,0.0001,0.0215443469003188,0.9
871,29.71248099740984,0.9393538585011316,0.001063272706232965,0.016933387145400047,0.7,1.0,1.0,True,10,0.0001,0.01,0.9
872,22.677342985598624,0.9049636693682759,0.005385867320001125,0.017482878640294075,0.7,1.0,1.0,True,10,0.0001,0.01,0.9
873,39.87837359162861,0.9867622585057966,0.0001025577075779438,0.008353064768016338,0.7,1.0,1.0,True,10,0.0001,0.0046415888336127,0.9
874,-11.550968689371064,0.6935095219265897,13.249632835388184,0.2258577048778534,0.7,1.0,1.0,True,10,0.0001,0.0001,0.9
875,19.427458488303028,0.7524759486379642,0.011374698020517826,0.021045444533228874,0.7,1.0,1.0,True,10,0.0001,0.01,0.9
876,26.984919321627167,0.9471908086147717,0.0019899806939065456,0.011984400451183319,0.7,1.0,1.0,True,10,0.0001,0.0021544346900318,0.9
877,36.26411179357401,0.9703091932585611,0.0002362635568715632,0.010071054100990295,0.7,1.0,1.0,True,10,0.0001,0.0215443469003188,0.9
878,34.02281299467167,0.9789241507603288,0.0003642612718977034,0.006518005859106779,0.7,1.0,1.0,True,10,0.0001,0.001,0.9
879,35.23171864976447,0.9774051345846355,0.0002996666880790144,0.006458415649831295,0.7,1.0,1.0,True,10,0.0001,0.0215443469003188,0.9
880,32.294812207099675,0.9720676333573335,0.0005661645554937422,0.008097375743091106,0.7,1.0,1.0,True,10,0.0001,0.0021544346900318,0.9
881,33.383139289144744,0.9628420306371585,0.00038462283555418253,0.009930752217769623,0.7,1.0,1.0,True,10,0.0001,0.001,0.9
882,30.888725619500498,0.9643892402557889,0.0007434609578922391,0.008375167846679688,0.7,1.0,1.0,True,10,0.0001,0.0001,0.9
883,24.61054511105199,0.8782588515903559,0.003445562208071351,0.02039610967040062,0.7,1.0,1.0,True,10,0.0001,0.0021544346900318,0.9
884,26.698600509545635,0.9455487110850981,0.0021347273141145706,0.02080458030104637,0.7,1.0,1.0,True,10,0.0001,0.0001,0.9
885,22.92701945388908,0.8568180654857889,0.0049103861674666405,0.016949158161878586,0.7,1.0,1.0,True,10,0.0001,0.0021544346900318,0.9
886,31.962039941725216,0.9418128739938647,0.0006339834071695805,0.012610298581421375,0.7,1.0,1.0,True,10,0.0001,0.0046415888336127,0.9
887,30.134550411714574,0.9521030112101444,0.0009688189020380378,0.009845355525612831,0.7,1.0,1.0,True,10,0.0001,0.0002154434690031,0.9
888,39.03089734222981,0.987654873353532,0.0001248696935363114,0.011875960044562817,0.7,1.0,1.0,True,10,0.0001,0.0215443469003188,0.9
889,25.423058347413495,0.8752375238998413,0.0028258173260837793,0.008996120654046535,0.7,1.0,1.0,True,10,0.0001,0.0215443469003188,0.9
890,40.19195702062063,0.985214005882772,9.539158781990409e-05,0.005659034941345453,0.7,1.0,1.0,True,10,0.0001,0.0215443469003188,0.9
891,39.66118109943301,0.981706721056541,0.00010794959962368011,0.005406146869063377,0.7,1.0,1.0,True,10,0.0001,0.01,0.9
892,35.68941503903386,0.9907328032180128,0.0002669938839972019,0.00691570620983839,0.7,1.0,1.0,True,10,0.0001,0.0021544346900318,0.9
893,28.44723914587748,0.9502647208862999,0.0014257578877732158,0.013791162520647049,0.7,1.0,1.0,True,10,0.0001,0.01,0.9
894,38.356035292522265,0.9727485494686231,0.00014588655903935432,0.007900310680270195,0.7,1.0,1.0,True,10,0.0001,0.0046415888336127,0.9
895,34.772121380335726,0.9516856977706477,0.00033295140019617975,0.01015319675207138,0.7,1.0,1.0,True,10,0.0001,0.0215443469003188,0.9
896,30.29688901561316,0.9171353059487323,0.0008758479380048811,0.01383274793624878,0.7,1.0,1.0,True,10,0.0001,0.0046415888336127,0.9
897,31.963887397635695,0.9435305101711385,0.00047138085938058794,0.00402143644168973,0.7,1.0,1.0,True,10,0.0001,0.0215443469003188,0.9
898,35.285564563825446,0.9710089340344671,0.00029559238464571536,0.005420340225100517,0.7,1.0,1.0,True,10,0.0001,0.0215443469003188,0.9
899,36.03749312838201,0.9659153527365872,0.00024892290821298957,0.015737177804112434,0.7,1.0,1.0,True,10,0.0001,0.0002154434690031,0.9
900,40.117526672648566,0.9845003161514014,9.710586891742423e-05,0.007260194048285484,0.7,1.0,1.0,True,10,0.0001,0.001,0.9
901,31.330969380578896,0.9649090784129959,0.0007345217745751143,0.009062916040420532,0.7,1.0,1.0,True,10,0.0001,0.01,0.9
902,34.60811353451212,0.9700337009748561,0.0003248375141993165,0.005193731747567654,0.7,1.0,1.0,True,10,0.0001,0.001,0.9
903,37.56688925438312,0.9605257847299271,0.0001584596320753917,0.0036118333227932453,0.7,1.0,1.0,True,10,0.0001,0.001,0.9
904,35.080810540679124,0.9228871220144202,0.00030903011793270707,0.006455698050558567,0.7,1.0,1.0,True,10,0.0001,0.01,0.9
905,31.339589402244783,0.9741449620271,0.0007313716341741383,0.00842795055359602,0.7,1.0,1.0,True,10,0.0001,0.0046415888336127,0.9
906,25.232709849970618,0.9448051806761556,0.002992699621245265,0.009970496408641338,0.7,1.0,1.0,True,10,0.0001,0.0021544346900318,0.9
907,39.332557329161645,0.9830440368015084,0.00011626892228377983,0.006464887410402298,0.7,1.0,1.0,True,10,0.0001,0.0215443469003188,0.9
908,33.85999202693646,0.9725973521685084,0.00041096992208622396,0.0077028898522257805,0.7,1.0,1.0,True,10,0.0001,0.0215443469003188,0.9
909,23.738573827783963,0.8982244843557733,0.00421837717294693,0.01372314803302288,0.7,1.0,1.0,True,10,0.0001,0.0046415888336127,0.9
910,39.81666346379844,0.9888864172962797,0.00010410589311504737,0.00692563084885478,0.7,1.0,1.0,True,10,0.0001,0.0215443469003188,0.9
911,33.26002130676295,0.9478133744661099,0.0003928765654563904,0.005842894781380892,0.7,1.0,1.0,True,10,0.0001,0.001,0.9
912,35.977514609498556,0.9661278452251348,0.00019635276112239808,0.004431022796779871,0.7,1.0,1.0,True,10,0.0001,0.0046415888336127,0.9
913,29.08990922201908,0.8812777351629338,0.0008946822490543127,0.006876532454043627,0.7,1.0,1.0,True,10,0.0001,0.0464158883361277,0.9
914,37.136505182890595,0.9781918473718583,0.00019319923012517393,0.008025826886296272,0.7,1.0,1.0,True,10,0.0001,0.0215443469003188,0.9
915,21.053888682138524,0.8450067046207017,0.007840878330171108,0.011736435815691948,0.7,1.0,1.0,True,10,0.0001,0.01,0.9
916,21.38357079053128,0.8542748793816322,0.007258688565343618,0.018017549067735672,0.7,1.0,1.0,True,10,0.0001,0.0046415888336127,0.9
917,34.44364380885297,0.9749178515806779,0.0003591167042031884,0.00747483829036355,0.7,1.0,1.0,True,10,0.0001,0.0004641588833612,0.9
918,29.752896601187217,0.9657888385102967,0.0010353387333452702,0.01339405681937933,0.7,1.0,1.0,True,10,0.0001,0.0046415888336127,0.9
919,34.04419851724659,0.9777574139821148,0.00039264853694476187,0.00975798163563013,0.7,1.0,1.0,True,10,0.0001,0.01,0.9
920,28.81031390406086,0.8959276713699994,0.0012669196585193276,0.016593221575021744,0.7,1.0,1.0,True,10,0.0001,0.0046415888336127,0.9
921,29.74223348943651,0.913384162520046,0.0007858716417104006,0.007938122376799583,0.7,1.0,1.0,True,10,0.0001,0.0215443469003188,0.9
922,29.027850077801624,0.9073463722196541,0.0012502121971920133,0.008515443652868271,0.7,1.0,1.0,True,10,0.0001,0.0021544346900318,0.9
923,34.941785844327015,0.979048122700892,0.0003175906022079289,0.0070825922302901745,0.7,1.0,1.0,True,10,0.0001,0.0046415888336127,0.9
924,35.065944589559976,0.9752467146875688,0.00031092227436602116,0.008750672452151775,0.7,1.0,1.0,True,10,0.0001,0.0215443469003188,0.9
925,33.22043583648643,0.9564171858954602,0.00047625074512325227,0.006557825952768326,0.7,1.0,1.0,True,10,0.0001,0.0215443469003188,0.9
926,32.875088840991396,0.9797931286603427,0.000514492392539978,0.012989693321287632,0.7,1.0,1.0,True,10,0.0001,0.01,0.9
927,25.732409936124803,0.9331887127001173,0.002669241279363632,0.012954527512192726,0.7,1.0,1.0,True,10,0.0001,0.0046415888336127,0.9
928,31.68059100974531,0.9726491875031538,0.0006727809086441994,0.007665783632546663,0.7,1.0,1.0,True,10,0.0001,0.0046415888336127,0.9
929,28.692296633372322,0.9442496257992721,0.0013511433498933911,0.012045198120176792,0.7,1.0,1.0,True,10,0.0001,0.0215443469003188,0.9
930,29.51245117423092,0.9592850215202514,0.0011134397936984897,0.007790802512317896,0.7,1.0,1.0,True,10,0.0001,0.0046415888336127,0.9
931,23.725215840825427,0.9202835514936769,0.004189254716038704,0.01243538223206997,0.7,1.0,1.0,True,10,0.0001,0.0021544346900318,0.9
932,27.068761828406856,0.95919003632108,0.001957427943125367,0.009806960821151733,0.7,1.0,1.0,True,10,0.0001,0.0021544346900318,0.9
933,27.73717096094922,0.9178789853121003,0.0015649632550776005,0.008158653974533081,0.7,1.0,1.0,True,10,0.0001,0.0046415888336127,0.9
934,31.212177844820342,0.9379744343882498,0.0007015491719357669,0.009051510132849216,0.7,1.0,1.0,True,10,0.0001,0.01,0.9
935,32.29355588398024,0.9717009486274946,0.000585661269724369,0.008738993667066097,0.7,1.0,1.0,True,10,0.0001,0.0046415888336127,0.9
936,26.12480929726918,0.92133844918903,0.002399053191766143,0.01144972164183855,0.7,1.0,1.0,True,10,0.0001,0.01,0.9
937,34.53798572622313,0.9661118014570483,0.0003457817656453699,0.00659578200429678,0.7,1.0,1.0,True,10,0.0001,0.0046415888336127,0.9
938,27.779128142463296,0.9303272987059457,0.0016668119933456182,0.010473943315446377,0.7,1.0,1.0,True,10,0.0001,0.0046415888336127,0.9
939,34.737007599667976,0.967681105207302,0.0003310594183858484,0.006403636187314987,0.7,1.0,1.0,True,10,0.0001,0.0046415888336127,0.9
940,24.486050630767792,0.8924519238662901,0.003522722516208887,0.00836906861513853,0.7,1.0,1.0,True,10,0.0001,0.0215443469003188,0.9
941,28.955184957460812,0.9456116069335071,0.0010105457622557878,0.01062353141605854,0.7,1.0,1.0,True,10,0.0001,0.0021544346900318,0.9
942,26.68592310410132,0.9338564362965132,0.00208285846747458,0.013988451100885868,0.7,1.0,1.0,True,10,0.0001,0.0021544346900318,0.9
943,29.723286668360302,0.9415372736306075,0.001007269718684256,0.008638636209070683,0.7,1.0,1.0,True,10,0.0001,0.001,0.9
944,30.3321531111655,0.9466564620857514,0.0008775228634476662,0.008339989930391312,0.7,1.0,1.0,True,10,0.0001,0.0021544346900318,0.9
945,21.837083208661873,0.8832158328849311,0.00649011367931962,0.012919235974550247,0.7,1.0,1.0,True,10,0.0001,0.01,0.9
946,27.783883196728873,0.9489905756924174,0.0016455664299428463,0.016641052439808846,0.7,1.0,1.0,True,10,0.0001,0.0046415888336127,0.9
947,26.321757124181666,0.9496239305130745,0.002180651994422078,0.008124767802655697,0.7,1.0,1.0,True,10,0.0001,0.001,0.9
948,22.049510644289732,0.872162928350387,0.006208148319274187,0.017503026872873306,0.7,1.0,1.0,True,10,0.0001,0.0215443469003188,0.9
949,32.729773257016994,0.9631747080953128,0.0005322335055097938,0.0063910698518157005,0.7,1.0,1.0,True,10,0.0001,0.01,0.9
950,32.440292625621005,0.9566987498333702,0.00056389847304672,0.008766367100179195,0.7,1.0,1.0,True,10,0.0001,0.01,0.9
951,36.973670347271835,0.972710793117067,0.00020051781029906124,0.00629603024572134,0.7,1.0,1.0,True,10,0.0001,0.0215443469003188,0.9
952,34.77046097164902,0.9440234140776506,0.0002831342862918973,0.013552026823163033,0.7,1.0,1.0,True,10,0.0001,0.0046415888336127,0.9
953,34.22153812322335,0.9537434515969057,0.00036753667518496513,0.006043818313628435,0.7,1.0,1.0,True,10,0.0001,0.0046415888336127,0.9
954,26.480774461243946,0.9259884699763897,0.0022237212397158146,0.018502768129110336,0.7,1.0,1.0,True,10,0.0001,0.0021544346900318,0.9
955,31.907081217595213,0.9571591819126171,0.0006364744622260332,0.0071675414219498634,0.7,1.0,1.0,True,10,0.0001,0.01,0.9
956,38.182020243982784,0.9742412282494199,0.00015175882435869426,0.006156120449304581,0.7,1.0,1.0,True,10,0.0001,0.0046415888336127,0.9
957,34.95751601133149,0.9699720176180942,0.0003193223674315959,0.007072787266224623,0.7,1.0,1.0,True,10,0.0001,0.0215443469003188,0.9
958,28.026460511515143,0.9457724685670176,0.0015070597874000669,0.008358395658433437,0.7,1.0,1.0,True,10,0.0001,0.0021544346900318,0.9
959,30.247756351301668,0.9496258697919432,0.0009386527817696333,0.008487014099955559,0.7,1.0,1.0,True,10,0.0001,0.0046415888336127,0.9
960,28.19742604505599,0.9044011995935036,0.0011603143066167831,0.007489807903766632,0.7,1.0,1.0,True,10,0.0001,0.0464158883361277,0.9
961,25.115142173571442,0.9028647613175614,0.0030181189067661762,0.011723200790584087,0.7,1.0,1.0,True,10,0.0001,0.0215443469003188,0.9
962,34.08944520751595,0.9729749042198631,0.00038951876922510564,0.006367504131048918,0.7,1.0,1.0,True,10,0.0001,0.01,0.9
963,29.49159714647386,0.936397500974352,0.001096472842618823,0.0075469654984772205,0.7,1.0,1.0,True,10,0.0001,0.0021544346900318,0.9
964,28.059543304066196,0.9036578301781735,0.0006803019787184894,0.0065061734057962894,0.7,1.0,1.0,True,10,0.0001,0.0464158883361277,0.9
965,29.734240525689476,0.9556862788180694,0.0010475690942257643,0.005839119665324688,0.7,1.0,1.0,True,10,0.0001,0.0021544346900318,0.9
966,36.723385697273386,0.9762455071673428,0.00021240631758701056,0.008082464337348938,0.7,1.0,1.0,True,10,0.0001,0.01,0.9
967,30.03084134132984,0.9846485637751157,0.000977346091531217,0.013060756027698517,0.7,1.0,1.0,True,10,0.0001,0.0021544346900318,0.9
968,35.936430846941185,0.9642116689153007,0.00025475237634964287,0.00607957411557436,0.7,1.0,1.0,True,10,0.0001,0.0215443469003188,0.9
969,28.7590227557518,0.959997285607245,0.0013266048626974225,0.01031333114951849,0.7,1.0,1.0,True,10,0.0001,0.0046415888336127,0.9
970,21.873723518242887,0.8710895055537886,0.0064928228966891766,0.01154382061213255,0.7,1.0,1.0,True,10,0.0001,0.01,0.9
971,30.537828450127236,0.9446369817305521,0.0008824885007925332,0.013465972617268562,0.7,1.0,1.0,True,10,0.0001,0.01,0.9
972,25.859355406962838,0.949431264525043,0.0025917317252606153,0.010237711481750011,0.7,1.0,1.0,True,10,0.0001,0.01,0.9
973,34.522461560845784,0.9855479437192773,0.0003446264599915594,0.003628968959674239,0.7,1.0,1.0,True,10,0.0001,0.0046415888336127,0.9
974,38.94003614361309,0.9782813400399205,0.00012754533963743597,0.005621138494461775,0.7,1.0,1.0,True,10,0.0001,0.0215443469003188,0.9
975,31.710544283305065,0.9578918580377188,0.0006738060037605464,0.00986156053841114,0.7,1.0,1.0,True,10,0.0001,0.01,0.9
976,31.862553796325983,0.9645518585039982,0.0006504065240733325,0.010716834105551243,0.7,1.0,1.0,True,10,0.0001,0.0215443469003188,0.9
977,31.672697812899848,0.9616244270613319,0.0006801066338084638,0.010146087035536766,0.7,1.0,1.0,True,10,0.0001,0.0215443469003188,0.9
978,37.78853757776526,0.96871801890948,0.00016611085447948426,0.006176596041768789,0.7,1.0,1.0,True,10,0.0001,0.01,0.9
979,31.40875973418837,0.960336275175752,0.000722254510037601,0.008652889169752598,0.7,1.0,1.0,True,10,0.0001,0.0215443469003188,0.9
980,31.994144741295504,0.9669597502509507,0.0005939427064731717,0.009242561645805836,0.7,1.0,1.0,True,10,0.0001,0.0021544346900318,0.9
981,23.870225459485177,0.920648186379946,0.003967521246522665,0.015154425986111164,0.7,1.0,1.0,True,10,0.0001,0.0001,0.9
982,35.38619231806193,0.9554907168474114,0.00028362328885123134,0.007027624640613794,0.7,1.0,1.0,True,10,0.0001,0.0021544346900318,0.9
983,34.55325621143067,0.9626574143075353,0.0003503957996144891,0.00974005926400423,0.7,1.0,1.0,True,10,0.0001,0.01,0.9
984,27.492416107919055,0.942823889297438,0.0017714687855914235,0.012757827527821064,0.7,1.0,1.0,True,10,0.0001,0.0021544346900318,0.9
985,37.27011658073466,0.975553048561232,0.00018642608483787626,0.0049140057526528835,0.7,1.0,1.0,True,10,0.0001,0.0021544346900318,0.9
986,20.725374123918776,0.8626918035308985,0.008437588810920715,0.009606062434613705,0.7,1.0,1.0,True,10,0.0001,0.001,0.9
987,35.749889847080695,0.9552826429914272,0.0002657533041201532,0.005762339103966951,0.7,1.0,1.0,True,10,0.0001,0.01,0.9
988,28.397717506818132,0.9384457480750585,0.001380627159960568,0.011227265931665897,0.7,1.0,1.0,True,10,0.0001,0.0046415888336127,0.9
989,30.322571224075745,0.9703094105402505,0.0009280153317376971,0.007094962988048792,0.7,1.0,1.0,True,10,0.0001,0.0215443469003188,0.9
990,24.072336539970024,0.9317500608847299,0.0038867653347551823,0.017661189660429955,0.7,1.0,1.0,True,10,0.0001,0.0046415888336127,0.9
991,36.08731568537338,0.9637604846366296,0.00021986775391269475,0.008918127045035362,0.7,1.0,1.0,True,10,0.0001,0.0046415888336127,0.9
992,38.46965606061837,0.9576783463189722,0.00014160860155243427,0.004611770622432232,0.7,1.0,1.0,True,10,0.0001,0.01,0.9
993,41.41040852502726,0.9869890722789263,7.223099964903668e-05,0.003712515812367201,0.7,1.0,1.0,True,10,0.0001,0.0215443469003188,0.9
994,33.94078205415622,0.9607726526364946,0.000401332596084103,0.008011747151613235,0.7,1.0,1.0,True,10,0.0001,0.0046415888336127,0.9
995,27.60374944348632,0.912207861925678,0.001700665452517569,0.011222467757761478,0.7,1.0,1.0,True,10,0.0001,0.0021544346900318,0.9
996,28.408627587612692,0.916343541045061,0.001421586493961513,0.01297341100871563,0.7,1.0,1.0,True,10,0.0001,0.0021544346900318,0.9
997,28.599251985309117,0.9692704290520665,0.0013773934915661812,0.009143524803221226,0.7,1.0,1.0,True,10,0.0001,0.01,0.9
998,21.51472208599734,0.8989837876834855,0.007040963973850012,0.014998935163021088,0.7,1.0,1.0,True,10,0.0001,0.0046415888336127,0.9
999,36.70667160876433,0.969886169744842,0.0002128973137587309,0.006290927063673735,0.7,1.0,1.0,True,10,0.0001,0.0215443469003188,0.9
