sample_idx,psnr,ssim,mse,post_std_mean,sigma_used,alpha,scaling,clip,lambda_,lambda_rd,anis_param,zeta
0,34.275610882806944,0.9752470482183069,51.43632888793945,4.297396659851074,0.06605243105207514,380.7077331542969,375.16558837890625,True,100,1e-05,0.01,0.9
1,26.88807977134992,0.9278441419240118,1848.4512939453125,7.064289569854736,0.047841857378240434,931.7431030273438,950.7636108398438,True,100,1e-05,0.2154434690031882,0.9
2,31.699552992991016,0.9593179693947267,337.9682922363281,4.186883926391602,0.08259153229125428,514.6165771484375,732.261962890625,True,100,1e-05,0.0046415888336127,0.9
3,37.71485757352445,0.9613858536193368,56.08177185058594,2.190192461013794,0.05145842553607021,610.6644287109375,599.059814453125,True,100,1e-05,0.0021544346900318,0.9
4,33.719530229241535,0.9759218436584138,10.297680854797363,1.3179349899291992,0.05395484303120668,178.45736694335938,156.8626251220703,True,100,1e-05,0.0464158883361277,0.9
5,37.93138562612951,0.9677327836876191,3.662970542907715,0.7319719791412354,0.031560974934139036,212.35377502441406,156.83853149414062,True,100,1e-05,0.01,0.9
6,24.58862474552761,0.9249428990989024,9.913089752197266,0.41639527678489685,0.09037798264356674,41.31489181518555,59.02552795410156,True,100,1e-05,0.0046415888336127,0.9
7,36.781844699436135,0.9761858471160826,155.87428283691406,2.6055715084075928,0.06188718650362953,871.0241088867188,866.3099975585938,True,100,1e-05,0.1,0.9
8,32.73110472050891,0.948805548085363,191.2830047607422,4.29278039932251,0.05380374393132538,734.0150146484375,601.513916015625,True,100,1e-05,0.0215443469003188,0.9
9,18.739451723752243,0.7640384361280109,6614.13671875,5.725846290588379,0.047355963313122695,639.8472900390625,708.364501953125,True,100,1e-05,0.1,0.9
10,22.290210890934695,0.8883257092037252,2.7121078968048096,0.24864985048770905,0.04588381784905611,29.01680564880371,21.56390953063965,True,100,1e-05,0.1,0.9
11,27.6273872291778,0.9473251211231092,1622.2462158203125,6.616275310516357,0.05963071410362442,868.3880004882812,969.93994140625,True,100,1e-05,0.4641588833612777,0.9
12,35.49601826591305,0.9780965907224315,194.2296600341797,4.408066749572754,0.07661383871509672,813.4465942382812,832.6101684570312,True,100,1e-05,0.1,0.9
13,33.26262476750975,0.9615209464395132,21.365421295166016,1.3452757596969604,0.042935391731536106,217.27163696289062,213.12677001953125,True,100,1e-05,0.2154434690031882,0.9
14,35.30143681101811,0.9757046978632363,9.828856468200684,1.3492566347122192,0.0542644072731244,186.1074676513672,182.6431427001953,True,100,1e-05,0.001,0.9
15,38.8308405422502,0.96356901281174,4.434938907623291,0.8172809481620789,0.04392425250898157,203.8042449951172,184.22109985351562,True,100,1e-05,0.1,0.9
16,36.62162035003712,0.9872944769290948,20.17584991455078,1.1799488067626953,0.06304942969204749,281.1746520996094,304.93798828125,True,100,1e-05,0.2154434690031882,0.9
17,39.2994645071923,0.9825165773692884,32.38149642944336,2.373387098312378,0.08332935517267431,514.6149291992188,525.231689453125,True,100,1e-05,0.2154434690031882,0.9
18,36.374213780151024,0.9663679323498433,41.602264404296875,1.992911458015442,0.057243011409685594,439.72735595703125,432.5130615234375,True,100,1e-05,0.1,0.9
19,34.24558566380882,0.9747122199388972,30.995807647705078,1.50203275680542,0.06553315741852249,263.6538391113281,291.9378967285156,True,100,1e-05,0.0215443469003188,0.9
20,32.58152861062673,0.9383826438602832,177.00680541992188,3.0034773349761963,0.0510804354222224,683.5336303710938,612.2410278320312,True,100,1e-05,0.1,0.9
21,33.74248964689984,0.9831452006464526,8.312487602233887,0.6013511419296265,0.06890827138456025,123.40384674072266,140.3543701171875,True,100,1e-05,0.2154434690031882,0.9
22,-32.24134744151129,0.5862496800700455,140959200.0,8704.85546875,0.04549485840162147,293.907470703125,292.8525085449219,True,100,1e-05,0.0001,0.9
23,36.80196914756041,0.9645113192029658,28.07207679748535,2.8207850456237793,0.06981938820615387,362.5263366699219,366.9954833984375,True,100,1e-05,0.0004641588833612,0.9
24,31.57750913040934,0.9477950769435265,144.3971710205078,3.3733153343200684,0.07765268156599454,401.67041015625,456.6139221191406,True,100,1e-05,0.01,0.9
25,38.10554459104075,0.964300191462409,94.95096588134766,1.8509762287139893,0.04566269607238556,673.5241088867188,785.3908081054688,True,100,1e-05,0.0464158883361277,0.9
26,26.795065662671576,0.8618094411667867,70.02396392822266,0.9459176063537598,0.045233335867665904,115.70030975341797,200.47410583496094,True,100,1e-05,0.0464158883361277,0.9
27,33.1711423624679,0.9746236350421935,127.5,2.400353193283081,0.03934205637503557,552.5283203125,514.72021484375,True,100,1e-05,0.1,0.9
28,30.113006389172547,0.9311616224836523,298.758544921875,9.607804298400879,0.04000010870914354,809.8970336914062,592.8221435546875,True,100,1e-05,0.0002154434690031,0.9
29,36.41579991007469,0.9862831663359553,0.5123004913330078,0.26777514815330505,0.055208416968898666,47.796470642089844,47.403961181640625,True,100,1e-05,0.0464158883361277,0.9
30,20.15135405196101,0.8240611874640191,3563.857177734375,0.9276310205459595,0.09413807210664016,360.03363037109375,607.9373168945312,True,100,1e-05,0.2154434690031882,0.9
31,16.782719976363907,0.6891743786355732,610.0526123046875,0.7041402459144592,0.03422113625549155,259.6805725097656,171.35360717773438,True,100,1e-05,0.4641588833612777,0.9
32,34.03721759416915,0.9653679195510837,1.7168238162994385,0.3374687135219574,0.05571447350296767,71.83821868896484,65.98654174804688,True,100,1e-05,0.2154434690031882,0.9
33,25.914850626610153,0.9525529064845497,2304.56591796875,4.185948848724365,0.05043236191518221,1082.2113037109375,948.9366455078125,True,100,1e-05,0.2154434690031882,0.9
34,33.97554424715004,0.9753350719302062,372.78192138671875,3.9023308753967285,0.04742150164051665,884.1729736328125,965.6663818359375,True,100,1e-05,0.2154434690031882,0.9
35,29.60377558074477,0.9071764948405902,715.3247680664062,11.930890083312988,0.052986816680967004,1004.9931640625,808.5889282226562,True,100,1e-05,0.2154434690031882,0.9
36,28.664302112952534,0.9377003070562924,124.19451904296875,2.18570876121521,0.03040823006593662,664.663818359375,305.30914306640625,True,100,1e-05,0.0464158883361277,0.9
37,26.236200101678506,0.9485995067116276,23.016233444213867,0.32396891713142395,0.07767834857097275,74.12357330322266,98.5744400024414,True,100,1e-05,0.2154434690031882,0.9
38,27.71125070163448,0.9195135169238683,785.1507568359375,3.310068130493164,0.07742635116690572,466.18255615234375,684.5487670898438,True,100,1e-05,0.0215443469003188,0.9
39,31.999028102366573,0.9709729668679499,121.7925033569336,5.110206604003906,0.055286789101968936,486.2311706542969,440.71234130859375,True,100,1e-05,0.0046415888336127,0.9
40,23.689928076312817,0.9030921745034256,64.49838256835938,0.5455402731895447,0.061664713431639095,111.59527587890625,122.91619873046875,True,100,1e-05,0.2154434690031882,0.9
41,31.614445176839972,0.9620710944428164,168.4491729736328,3.4749755859375,0.09109121661604008,464.154052734375,495.6817321777344,True,100,1e-05,0.1,0.9
42,29.541239428043777,0.9130395384288179,1.3794825077056885,0.22174479067325592,0.0578649413815404,36.529842376708984,35.35413360595703,True,100,1e-05,0.2154434690031882,0.9
43,38.418936186827494,0.9652233253107229,118.7775650024414,6.726688861846924,0.06128412923440699,920.1707763671875,909.4110717773438,True,100,1e-05,0.1,0.9
44,24.703203488792642,0.9123004548279501,220.6818084716797,1.6978682279586792,0.08013309716855015,166.0173797607422,259.5212097167969,True,100,1e-05,0.1,0.9
45,32.14076305199899,0.9788070408121843,261.0890808105469,1.5929241180419922,0.06067231140703635,535.3842163085938,662.8597412109375,True,100,1e-05,0.0215443469003188,0.9
46,30.95332469626207,0.9702058740506109,75.97779083251953,1.7211414575576782,0.08415151935562389,246.8056182861328,312.39935302734375,True,100,1e-05,0.0046415888336127,0.9
47,23.78752058268997,0.8945237279385934,1116.78369140625,2.953138589859009,0.08104427410378964,382.4128112792969,520.5479736328125,True,100,1e-05,0.0215443469003188,0.9
48,32.80346948062258,0.9806462001320747,156.25294494628906,5.5490241050720215,0.04568004016592639,546.4849243164062,547.16357421875,True,100,1e-05,0.0215443469003188,0.9
49,26.019548810076714,0.9358906658410534,85.90109252929688,2.37603759765625,0.06099317830392664,192.2308349609375,185.6696014404297,True,100,1e-05,0.0215443469003188,0.9
50,35.82449162136112,0.961678548440168,219.67755126953125,5.565675735473633,0.08278378575001583,871.68408203125,969.6150512695312,True,100,1e-05,0.01,0.9
51,30.422883494010748,0.9642962324053388,542.4183349609375,2.4203808307647705,0.04849145599104531,736.7822875976562,775.357666015625,True,100,1e-05,0.4641588833612777,0.9
52,36.75199335164581,0.9658134015213594,145.637939453125,3.256683826446533,0.07581099322488564,834.1180419921875,939.5594482421875,True,100,1e-05,0.0046415888336127,0.9
53,25.546475917557704,0.9260534628749016,2230.68701171875,3.288313865661621,0.06570656482894537,774.128173828125,894.9324951171875,True,100,1e-05,0.2154434690031882,0.9
54,24.702372798525133,0.9195055634473422,1211.1563720703125,2.4505741596221924,0.09060134911242314,499.5372314453125,598.3020629882812,True,100,1e-05,0.0464158883361277,0.9
55,28.98171411031325,0.9276263360606873,1065.3006591796875,7.452566146850586,0.043867307281540605,1130.41357421875,921.9523315429688,True,100,1e-05,0.2154434690031882,0.9
56,32.24392831107852,0.9565616176224345,4.736302852630615,0.5919963717460632,0.06330824135926527,88.28882598876953,89.40400695800781,True,100,1e-05,0.0464158883361277,0.9
57,33.05449400268629,0.9686562139829246,14.369173049926758,1.453688144683838,0.08141465684586541,164.35472106933594,196.78688049316406,True,100,1e-05,0.0021544346900318,0.9
58,28.408061099106657,0.9449645460528486,3.0761971473693848,0.6462507247924805,0.050291192073949845,53.94792938232422,46.18206024169922,True,100,1e-05,0.2154434690031882,0.9
59,28.770810592291888,0.9730045588454472,140.98524475097656,5.191057205200195,0.0460355891791498,389.42108154296875,326.0050048828125,True,100,1e-05,0.0464158883361277,0.9
60,35.67503747040012,0.964962861209462,38.826683044433594,2.0007197856903076,0.05140081767165631,428.72021484375,389.2886047363281,True,100,1e-05,0.0464158883361277,0.9
61,-24.125544010352648,0.5967425565819348,17572398.0,916.1721801757812,0.07448897642585427,186.86302185058594,272.07769775390625,True,100,1e-05,0.0001,0.9
62,30.19105794238973,0.9690181752138216,656.5466918945312,4.185009956359863,0.07778218231630422,766.060302734375,828.9087524414062,True,100,1e-05,0.0464158883361277,0.9
63,19.78169572986836,0.8290777962518591,1332.5799560546875,1.6903923749923706,0.062213788787761834,382.24114990234375,357.3965759277344,True,100,1e-05,0.4641588833612777,0.9
64,21.403178327657322,0.8862493783100993,573.849609375,2.916147232055664,0.08531087013874326,223.31044006347656,281.653564453125,True,100,1e-05,0.2154434690031882,0.9
65,19.587651200665462,0.8282615650019388,3178.84423828125,1.6364619731903076,0.08083068827778934,408.0943298339844,543.1533813476562,True,100,1e-05,0.0464158883361277,0.9
66,28.376594519405142,0.9629965068693623,29.193580627441406,0.6291497945785522,0.04194012962106371,131.65394592285156,141.78329467773438,True,100,1e-05,0.2154434690031882,0.9
67,26.819498526616137,0.9460933269823298,1210.9979248046875,6.687779426574707,0.062377458034557805,787.8309936523438,802.394775390625,True,100,1e-05,0.0464158883361277,0.9
68,32.92884911028555,0.9626245146811439,2.483499526977539,0.4536612927913666,0.06926424494050804,65.88327026367188,75.47608947753906,True,100,1e-05,0.0215443469003188,0.9
69,-58.09705496773076,0.4718731603372472,624287940608.0,126164.0,0.043063488499780575,1162.9947509765625,986.9000244140625,True,100,1e-05,0.0001,0.9
70,28.352461591081322,0.9687098285454345,871.0092163085938,3.2108213901519775,0.07086606580085979,720.3519897460938,772.4725341796875,True,100,1e-05,0.2154434690031882,0.9
71,23.14105944864846,0.7489068757583958,185.7101287841797,1.3878666162490845,0.12442026070036978,135.16680908203125,199.5169677734375,True,100,1e-05,0.2154434690031882,0.9
72,30.35991838461852,0.9773353454959651,0.03906724229454994,0.020062068477272987,0.04770076405057182,6.264002323150635,6.516594886779785,True,100,1e-05,0.2154434690031882,0.9
73,20.558213385387347,0.8547578263793322,5751.9853515625,4.192119121551514,0.03338141895801251,1097.099609375,815.64599609375,True,100,1e-05,0.1,0.9
74,25.586288992024926,0.8793549456751845,1346.98779296875,10.033985137939453,0.04611133876929421,708.9755249023438,707.1505126953125,True,100,1e-05,0.0021544346900318,0.9
75,22.204340535571674,0.8811506239082342,3194.926025390625,8.294170379638672,0.026328200004602814,1214.6522216796875,729.2781372070312,True,100,1e-05,0.2154434690031882,0.9
76,23.788311399150427,0.9281558327069165,2481.315673828125,3.392073392868042,0.06147454351643519,664.2542114257812,771.4990844726562,True,100,1e-05,0.1,0.9
77,31.913171835150095,0.9661207597768098,3.613987684249878,0.3918004631996155,0.041602121798575316,81.93927764892578,74.9706039428711,True,100,1e-05,0.1,0.9
78,32.007398552035625,0.9650440256585154,81.03092956542969,3.397814989089966,0.04840026337639881,436.12530517578125,359.1072692871094,True,100,1e-05,0.1,0.9
79,32.93409720810801,0.9524056931459743,6.450045108795166,0.6664365530014038,0.05887700951653432,117.6324691772461,116.75318908691406,True,100,1e-05,0.0464158883361277,0.9
80,26.407668908760037,0.9294832665991024,1624.2056884765625,8.052604675292969,0.06522487829472541,745.1031494140625,863.2402954101562,True,100,1e-05,0.0001,0.9
81,29.133025962713806,0.9536111719437305,471.37042236328125,3.114973306655884,0.07474564669463139,509.1006164550781,623.6748046875,True,100,1e-05,0.0464158883361277,0.9
82,38.13546681177955,0.9914799204213455,16.85564422607422,1.881575107574463,0.09043857489105092,307.6643371582031,331.567138671875,True,100,1e-05,0.2154434690031882,0.9
83,37.85158538318703,0.945942123538754,0.6753929853439331,0.3810402452945709,0.056402997023856115,76.5132827758789,64.49478912353516,True,100,1e-05,0.1,0.9
84,26.04415757047772,0.9408149719238281,241.0738525390625,1.4654027223587036,0.10399798347652706,234.603515625,311.67132568359375,True,100,1e-05,0.1,0.9
85,22.23533200702658,0.8826033650744626,630.468505859375,1.707607626914978,0.06963669663478526,168.8076629638672,325.8581237792969,True,100,1e-05,0.2154434690031882,0.9
86,32.19823621577486,0.9325974757780232,306.66986083984375,10.452771186828613,0.0419079342451351,1337.53173828125,729.8765869140625,True,100,1e-05,0.0215443469003188,0.9
87,27.215215036970648,0.9357525147228541,740.9002075195312,7.2230048179626465,0.044280276923130975,729.6100463867188,637.919921875,True,100,1e-05,0.0046415888336127,0.9
88,24.40604466205649,0.9094477460265037,2851.893798828125,1.6299818754196167,0.05786855918496779,667.1156005859375,887.3255004882812,True,100,1e-05,0.1,0.9
89,28.71141353088353,0.9618038603780317,297.69012451171875,1.7521146535873413,0.07621417912077291,350.7976379394531,472.7427062988281,True,100,1e-05,0.0464158883361277,0.9
90,37.39861919576203,0.9694798504789547,2.5996973514556885,0.5521045327186584,0.04043832435924463,134.77273559570312,120.47465515136719,True,100,1e-05,0.01,0.9
91,28.012483374493815,0.9523575380521416,803.4785766601562,2.368058681488037,0.08621101393918966,544.8689575195312,713.5315551757812,True,100,1e-05,0.2154434690031882,0.9
92,34.73892436560634,0.9596527081032902,194.3727264404297,3.9296274185180664,0.06312073096136202,838.17138671875,761.0242919921875,True,100,1e-05,0.2154434690031882,0.9
93,28.587541998817958,0.9498389830314953,436.5546569824219,3.805426597595215,0.06163018612882724,655.2245483398438,561.7159423828125,True,100,1e-05,0.4641588833612777,0.9
94,33.30696497846255,0.9580227852375146,269.8432922363281,4.608906269073486,0.04371932323815426,725.8389282226562,771.1962280273438,True,100,1e-05,0.1,0.9
95,37.229891358868564,0.98229535874383,46.142704010009766,1.3810111284255981,0.047503529795917494,457.7685241699219,494.3017883300781,True,100,1e-05,0.2154434690031882,0.9
96,37.53648470656997,0.9813531200460113,48.231266021728516,2.1991240978240967,0.03868714039680713,548.6389770507812,523.2100830078125,True,100,1e-05,0.1,0.9
97,43.84344376102086,0.9914227626733366,7.555209159851074,1.9187217950820923,0.08442784799519375,429.7381591796875,428.11346435546875,True,100,1e-05,0.1,0.9
98,22.27554711374765,0.8762769634039257,4.070382595062256,0.191897913813591,0.06667522625073619,23.72881507873535,26.393707275390625,True,100,1e-05,0.2154434690031882,0.9
99,28.014932132112662,0.9392543282086881,18.68050193786621,1.01444673538208,0.061073066424390726,107.26929473876953,108.78353881835938,True,100,1e-05,0.2154434690031882,0.9
100,35.89677304684887,0.9784481215710733,0.2698342204093933,0.28128117322921753,0.04845554906375065,41.09730529785156,32.39775466918945,True,100,1e-05,0.2154434690031882,0.9
101,32.610964865064254,0.9583926500043264,100.5514907836914,2.3835723400115967,0.08654673203536552,373.1089782714844,636.7739868164062,True,100,1e-05,0.0046415888336127,0.9
102,29.43383612760161,0.9460751094362315,95.732421875,1.4221092462539673,0.07239763811456079,214.49264526367188,315.0416259765625,True,100,1e-05,0.0021544346900318,0.9
103,26.059847798367947,0.9456697655351538,641.9108276367188,7.296841144561768,0.06918556005025922,486.88006591796875,509.0621337890625,True,100,1e-05,0.0001,0.9
104,22.421433774335963,0.8533643256537162,4484.5673828125,7.99421501159668,0.05411715659003623,1146.26171875,907.658935546875,True,100,1e-05,0.0464158883361277,0.9
105,21.693293909776784,0.8939942312002622,421.813232421875,0.8470879793167114,0.090413197389209,160.7216339111328,250.04293823242188,True,100,1e-05,0.1,0.9
106,25.100429907565747,0.9435538707648494,520.9890747070312,2.1030375957489014,0.06371790561228322,359.5677795410156,410.9725341796875,True,100,1e-05,0.2154434690031882,0.9
107,29.389998999681293,0.9699727599927146,657.3314819335938,2.3292148113250732,0.08085169763407751,628.7652587890625,755.7955932617188,True,100,1e-05,0.2154434690031882,0.9
108,36.291677060098245,0.9583921477475402,12.365618705749512,3.102536201477051,0.036092883879936276,301.2631530761719,229.56936645507812,True,100,1e-05,0.2154434690031882,0.9
109,22.735253065482624,0.8852379922750258,32.295047760009766,0.1520824283361435,0.07572136637043789,52.07933807373047,77.9029312133789,True,100,1e-05,0.1,0.9
110,22.80689609691763,0.9202427183799551,441.41015625,2.482728958129883,0.03645703035579169,387.6732177734375,290.4617004394531,True,100,1e-05,0.2154434690031882,0.9
111,32.97394021270005,0.9758380282712549,10.42963981628418,0.5351976752281189,0.10205220489737854,119.00592803955078,162.06005859375,True,100,1e-05,0.0215443469003188,0.9
112,28.931875357608746,0.8715122251764663,1093.4046630859375,16.90440559387207,0.0578735029657433,1176.5205078125,929.7679443359375,True,100,1e-05,0.0215443469003188,0.9
113,34.576221178819964,0.9693094441519187,227.74630737304688,4.078465461730957,0.05969052812213157,877.5276489257812,808.312255859375,True,100,1e-05,0.2154434690031882,0.9
114,18.05721087979393,0.706910863078283,6175.53173828125,4.797012805938721,0.050892971116710206,606.283935546875,633.7703247070312,True,100,1e-05,0.1,0.9
115,19.995192915323425,0.8141140712838423,7586.43505859375,14.122041702270508,0.03700059633326816,1154.3629150390625,871.589111328125,True,100,1e-05,0.2154434690031882,0.9
116,34.37588660469811,0.970787402815248,235.0225372314453,7.623143196105957,0.04652787831504668,897.5654907226562,803.868408203125,True,100,1e-05,0.0215443469003188,0.9
117,39.91529604513078,0.9835054835975477,3.579901695251465,0.9153164029121399,0.05040391027068821,184.00747680664062,187.38348388671875,True,100,1e-05,0.1,0.9
118,32.74105082911746,0.97856140475032,420.00531005859375,4.318414688110352,0.050453151466615026,837.12109375,892.6664428710938,True,100,1e-05,0.1,0.9
119,31.27736344721688,0.9675912446697061,215.55894470214844,3.086527109146118,0.06376473194493232,477.2247619628906,539.8029174804688,True,100,1e-05,0.0464158883361277,0.9
120,23.158390657550893,0.9319924721924417,3137.854736328125,7.504586696624756,0.06492295143728674,996.0164794921875,807.6326904296875,True,100,1e-05,0.1,0.9
121,29.051812649189728,0.958702125420296,970.126708984375,4.64935302734375,0.0634207851863349,740.0789184570312,896.1951904296875,True,100,1e-05,0.01,0.9
122,37.328062803645786,0.962293451661542,17.215177536010742,1.0840802192687988,0.04843715495816047,330.9815979003906,318.68548583984375,True,100,1e-05,0.001,0.9
123,21.979215481834387,0.8910272718806137,77.93269348144531,0.4490395188331604,0.06500695983885453,96.38636779785156,110.9418716430664,True,100,1e-05,0.4641588833612777,0.9
124,33.56774607175198,0.9822395610304931,22.984731674194336,1.1963343620300293,0.06972926947743617,230.57083129882812,228.7072296142578,True,100,1e-05,0.2154434690031882,0.9
125,27.23896187077621,0.9603643749020725,343.6164855957031,5.564184188842773,0.06877219013081468,423.894775390625,427.6806945800781,True,100,1e-05,0.0215443469003188,0.9
126,27.784408227011884,0.9067489450499012,1048.3848876953125,2.8758225440979004,0.14062530501744058,415.84075927734375,818.19677734375,True,100,1e-05,1.0,0.9
127,28.632976572922292,0.973732737334151,1003.62939453125,8.258712768554688,0.05316209484728004,963.637939453125,860.869873046875,True,100,1e-05,0.0215443469003188,0.9
128,38.051275435303985,0.9816965190588013,0.009813638404011726,0.03583265841007233,0.05831102299709664,7.500828266143799,7.945178508758545,True,100,1e-05,0.01,0.9
129,27.590758482640933,0.910785198265042,414.8528137207031,5.748697757720947,0.056118231329497656,598.8819580078125,511.2365417480469,True,100,1e-05,0.01,0.9
130,32.954554901012806,0.9752266005496615,86.7323226928711,2.8993189334869385,0.04559846120016032,453.817138671875,417.99359130859375,True,100,1e-05,0.0046415888336127,0.9
131,32.00361932144738,0.9813584595518831,28.124183654785156,1.5198372602462769,0.05697425358440113,218.30099487304688,222.8856964111328,True,100,1e-05,0.0021544346900318,0.9
132,22.23063065741078,0.9022781450147149,87.0356674194336,0.6794241070747375,0.038667995190212114,131.3455810546875,120.74549865722656,True,100,1e-05,0.2154434690031882,0.9
133,29.096213345830723,0.9438428258978915,139.953857421875,2.775944471359253,0.04688883619458472,371.16680908203125,338.2775573730469,True,100,1e-05,0.1,0.9
134,35.5521905836488,0.9689641345457642,241.56484985351562,16.900312423706055,0.04179800143120181,1515.8125,942.966796875,True,100,1e-05,0.01,0.9
135,28.153122345087525,0.9608430828864545,142.3655242919922,1.012561321258545,0.08674945927663492,239.0379180908203,323.8797302246094,True,100,1e-05,0.0215443469003188,0.9
136,28.06840287403667,0.9275437180275795,412.2324523925781,3.2158665657043457,0.037446425207509564,652.8622436523438,519.2718505859375,True,100,1e-05,0.2154434690031882,0.9
137,32.491581749210226,0.9538660471176708,278.4188232421875,5.663508892059326,0.06020743652858304,816.191162109375,703.31591796875,True,100,1e-05,0.2154434690031882,0.9
138,37.23156681061788,0.9785276112849253,25.091529846191406,1.7511584758758545,0.06920115942546154,376.2892150878906,364.2659606933594,True,100,1e-05,0.4641588833612777,0.9
139,36.04053995331072,0.9525773298952601,234.96730041503906,6.929281711578369,0.07568477188628502,999.6788940429688,971.810302734375,True,100,1e-05,0.0464158883361277,0.9
140,37.94937759150988,0.9588289792861855,134.44529724121094,6.654216289520264,0.05506987982265191,1184.9654541015625,962.48486328125,True,100,1e-05,0.0001,0.9
141,37.05550245202042,0.9837932990646707,12.510570526123047,0.9644986987113953,0.07125821217835634,225.75531005859375,252.530517578125,True,100,1e-05,0.0464158883361277,0.9
142,18.600765428725094,0.8264375305142615,3411.306396484375,2.4285898208618164,0.05380311595551111,511.5968933105469,497.7512512207031,True,100,1e-05,0.2154434690031882,0.9
143,20.849492696357693,0.879547376041488,746.3085327148438,2.1445472240448,0.04971670828503859,277.1156311035156,301.5774230957031,True,100,1e-05,0.1,0.9
144,31.92066613124609,0.986436941490823,52.33695602416992,0.9992398023605347,0.08210335476564715,255.3844757080078,285.5556640625,True,100,1e-05,0.4641588833612777,0.9
145,23.99899115712921,0.9144138641370955,5.68744421005249,0.28717631101608276,0.07529364803111907,33.886112213134766,37.850059509277344,True,100,1e-05,0.1,0.9
146,25.00738688682999,0.9287172830034089,1171.8858642578125,4.780820369720459,0.05456073001797166,539.2808227539062,609.9547729492188,True,100,1e-05,0.2154434690031882,0.9
147,19.511483929441127,0.8816306964827361,2826.081298828125,4.617630481719971,0.03513448224411606,509.6955261230469,503.17633056640625,True,100,1e-05,0.2154434690031882,0.9
148,30.622819251523676,0.9483850920194197,2.0317859649658203,0.3346477448940277,0.0666913915905388,51.46578598022461,52.42727279663086,True,100,1e-05,0.1,0.9
149,32.179581533778155,0.9580705265742337,42.6301383972168,1.2237815856933594,0.06165088548849025,203.8285369873047,279.3678283691406,True,100,1e-05,0.0464158883361277,0.9
150,36.54458193028802,0.9861884330417595,182.54835510253906,5.720822811126709,0.04638779213055969,1031.4666748046875,908.3576049804688,True,100,1e-05,0.2154434690031882,0.9
151,25.465252749373114,0.8705087856758892,147.34095764160156,1.4518333673477173,0.10680197363604307,163.39501953125,240.32232666015625,True,100,1e-05,0.01,0.9
152,32.55365975447633,0.9629924234975479,11.792516708374023,1.015112280845642,0.04026721014544732,265.9054260253906,145.74998474121094,True,100,1e-05,0.4641588833612777,0.9
153,38.168416726505235,0.9805561276412231,36.57297134399414,4.154318809509277,0.046757216954188385,614.5121459960938,489.96331787109375,True,100,1e-05,0.2154434690031882,0.9
154,33.85699150615079,0.9890177547162777,399.215576171875,3.48835825920105,0.05391326569144427,920.5006713867188,985.664794921875,True,100,1e-05,0.2154434690031882,0.9
155,18.04418448734421,0.8207810276374593,922.8678588867188,1.700900912284851,0.03035844923135618,355.4761657714844,242.81321716308594,True,100,1e-05,0.1,0.9
156,30.675360568028456,0.9698288536662287,386.0803527832031,2.1730620861053467,0.09198785214244685,561.9917602539062,672.4634399414062,True,100,1e-05,0.4641588833612777,0.9
157,24.44852771392747,0.9101041591561893,2076.714111328125,3.95918869972229,0.06934370120832586,578.1268920898438,761.8579711914062,True,100,1e-05,0.1,0.9
158,26.560522941259883,0.9523746802387961,117.10528564453125,1.3739923238754272,0.06642840466035381,155.31613159179688,238.39990234375,True,100,1e-05,0.0021544346900318,0.9
159,25.01208484348421,0.9218164717762225,1662.970947265625,2.5430262088775635,0.10029192449433325,478.0189514160156,728.4881591796875,True,100,1e-05,0.1,0.9
160,36.96121200810388,0.9832985695024762,27.317350387573242,1.2178115844726562,0.04503607047294187,401.85040283203125,368.41534423828125,True,100,1e-05,0.4641588833612777,0.9
161,29.13600521101116,0.9444053370440215,487.08734130859375,7.576268196105957,0.03412842221958152,826.9403076171875,632.6735229492188,True,100,1e-05,0.01,0.9
162,31.462185872175006,0.9378607839930291,286.3741760253906,4.36635160446167,0.04099131722140051,885.06396484375,633.8961791992188,True,100,1e-05,0.2154434690031882,0.9
163,26.01947645111354,0.9676682513103396,714.6124267578125,5.247236728668213,0.06820340595746233,445.1634826660156,536.2388916015625,True,100,1e-05,0.0464158883361277,0.9
164,27.301202139219022,0.9473247211599498,15.421463966369629,0.5032281875610352,0.06667932111471186,68.68312072753906,91.19947814941406,True,100,1e-05,0.0464158883361277,0.9
165,23.84215230809765,0.9042368621000265,2727.306396484375,2.9805517196655273,0.10016611898911866,481.1112976074219,835.4671630859375,True,100,1e-05,0.0215443469003188,0.9
166,24.61269052852149,0.9159591027196223,357.161376953125,0.915101945400238,0.06493672237579817,280.9695129394531,321.45928955078125,True,100,1e-05,0.2154434690031882,0.9
167,38.90664136891487,0.9930354458874839,4.49716329574585,0.8802299499511719,0.06914780965720776,187.3085479736328,187.3319854736328,True,100,1e-05,0.1,0.9
168,25.16871585531205,0.918519313828741,5.294301986694336,0.5930817723274231,0.06273602989944903,37.95425796508789,41.73436737060547,True,100,1e-05,0.0215443469003188,0.9
169,28.532643779273187,0.9681480353154142,489.69427490234375,4.493046283721924,0.036117546594130724,733.87646484375,591.3020629882812,True,100,1e-05,0.2154434690031882,0.9
170,33.69623358945527,0.9838129334282457,195.82608032226562,3.875755786895752,0.07886610952850759,606.519287109375,677.8867797851562,True,100,1e-05,0.2154434690031882,0.9
171,29.921012188328653,0.9255222728239494,0.30555784702301025,0.30996614694595337,0.025604576723995676,41.51856994628906,17.57124137878418,True,100,1e-05,0.01,0.9
172,36.01096422013293,0.9667478699210197,65.66397094726562,4.250849723815918,0.05617376732158985,634.2343139648438,512.5809936523438,True,100,1e-05,0.1,0.9
173,34.01933639104634,0.9862996881868079,20.37291145324707,1.1203503608703613,0.07287599374166491,205.79000854492188,227.26927185058594,True,100,1e-05,0.0215443469003188,0.9
174,25.971757682153203,0.9467952522447753,1047.9014892578125,4.67608118057251,0.08426214402555642,596.0313720703125,645.527587890625,True,100,1e-05,0.0464158883361277,0.9
175,25.847666055707236,0.8512710327296004,60.168922424316406,0.528002917766571,0.1608019124937299,74.07218933105469,175.1920623779297,True,100,1e-05,0.4641588833612777,0.9
176,21.457698087361436,0.8947261977991617,3413.617919921875,2.6837010383605957,0.06594700837692426,672.0048217773438,691.246826171875,True,100,1e-05,0.2154434690031882,0.9
177,33.94316068405837,0.9756029792998844,60.47489547729492,2.5475072860717773,0.05074688031254676,435.8410339355469,387.3486022949219,True,100,1e-05,0.1,0.9
178,35.618114798667776,0.9721463342476925,226.3519287109375,4.633469581604004,0.037079827193731076,969.9999389648438,936.7932739257812,True,100,1e-05,0.01,0.9
179,26.228720765703628,0.9359460711494565,45.42824172973633,1.012655258178711,0.06827369763226462,113.15160369873047,138.3834228515625,True,100,1e-05,0.0464158883361277,0.9
180,29.493108046441634,0.9660556033115268,128.8806610107422,1.2518385648727417,0.0659023426305617,237.8460235595703,341.72528076171875,True,100,1e-05,0.0464158883361277,0.9
181,33.19594704910679,0.9719751682843709,6.234699249267578,0.8165116906166077,0.05761032183795307,119.6329574584961,114.36004638671875,True,100,1e-05,0.0215443469003188,0.9
182,36.53454995687736,0.9649184935863665,189.8081817626953,6.417777061462402,0.05069088372130156,978.5853881835938,924.7689208984375,True,100,1e-05,0.2154434690031882,0.9
183,32.47649626019354,0.9885779745007939,434.73822021484375,9.331986427307129,0.06935513993797493,1001.3395385742188,877.4620361328125,True,100,1e-05,0.0464158883361277,0.9
184,23.86911370313384,0.9280031341271258,272.37274169921875,0.9887920618057251,0.09706769998156753,176.32583618164062,258.6836853027344,True,100,1e-05,0.2154434690031882,0.9
185,24.7575771802391,0.8012609599010155,1454.2939453125,13.659734725952148,0.021085795359480422,1691.9102783203125,660.3240356445312,True,100,1e-05,0.0215443469003188,0.9
186,30.926470047049612,0.9701550105899972,539.5150756835938,4.096971035003662,0.0629649758612046,723.4190063476562,817.4049682617188,True,100,1e-05,0.4641588833612777,0.9
187,20.21066041682311,0.8392573309048551,2927.7080078125,5.115451812744141,0.028618939919342636,722.0030517578125,555.6456298828125,True,100,1e-05,0.1,0.9
188,36.6505018356619,0.9850278539954078,60.6511344909668,1.608257532119751,0.06828420551227778,486.72198486328125,530.1209106445312,True,100,1e-05,0.2154434690031882,0.9
189,35.57790523392443,0.9676677165216583,16.10346794128418,3.4502499103546143,0.04349092258044854,323.4286804199219,242.61044311523438,True,100,1e-05,0.0215443469003188,0.9
190,33.6714979448377,0.9693339205163428,3.7870326042175293,0.8111230731010437,0.06310742084252938,119.53019714355469,94.0096664428711,True,100,1e-05,0.2154434690031882,0.9
191,33.05046537619669,0.9623243667731222,398.6715393066406,4.58473014831543,0.049945294950951076,1015.2155151367188,897.3185424804688,True,100,1e-05,0.2154434690031882,0.9
192,34.439449757919945,0.9782708884208196,290.81707763671875,4.57700777053833,0.05081693978563178,1022.0462646484375,900.5176391601562,True,100,1e-05,0.4641588833612777,0.9
193,24.840628673702383,0.9104820846168972,1286.6661376953125,4.588164806365967,0.032538027173362676,841.9922485351562,633.4683837890625,True,100,1e-05,0.2154434690031882,0.9
194,18.352910562932646,0.8240686224839163,1683.285400390625,2.552412509918213,0.0555046996026132,408.8370056152344,339.6907653808594,True,100,1e-05,0.4641588833612777,0.9
195,23.941302356941904,0.9328120437256562,492.2135925292969,2.481658697128296,0.07950649441984443,343.67413330078125,349.8603515625,True,100,1e-05,0.2154434690031882,0.9
196,23.162184916288627,0.886517195444928,2494.93798828125,3.512645721435547,0.0684306605669129,705.1946411132812,726.229736328125,True,100,1e-05,0.2154434690031882,0.9
197,31.06403822413089,0.9400663844572132,627.830078125,15.783246040344238,0.04419563203427454,995.5515747070312,897.213134765625,True,100,1e-05,0.01,0.9
198,18.823425765651997,0.8215910453100422,10291.580078125,5.824668884277344,0.0845389605494535,817.75146484375,887.1993408203125,True,100,1e-05,0.2154434690031882,0.9
199,29.291800881415586,0.9494984845339606,680.8126220703125,11.01700496673584,0.06421736128471824,822.7728271484375,780.0956420898438,True,100,1e-05,0.01,0.9
200,34.61438838324735,0.9717486950081569,140.14718627929688,4.170897960662842,0.06335929283533002,624.0431518554688,642.3895874023438,True,100,1e-05,0.0464158883361277,0.9
201,23.76324319297696,0.8821115393459007,29.732227325439453,0.22875835001468658,0.039060202223729246,81.52986907958984,85.05582427978516,True,100,1e-05,0.4641588833612777,0.9
202,29.842923440711058,0.9672549469982753,27.256813049316406,1.0491844415664673,0.048532747046127825,142.19725036621094,162.4670867919922,True,100,1e-05,0.1,0.9
203,30.68504997149934,0.931414318662156,675.6576538085938,17.967519760131836,0.06468499105510518,1101.2386474609375,898.6556396484375,True,100,1e-05,0.01,0.9
204,38.32501672256028,0.9876702923185439,54.07669448852539,2.2193024158477783,0.06906110013736529,617.8372192382812,606.8226318359375,True,100,1e-05,0.4641588833612777,0.9
205,23.475224175415647,0.9224155170817055,0.46503475308418274,0.13007265329360962,0.07261635532528815,9.688018798828125,10.187854766845703,True,100,1e-05,0.0464158883361277,0.9
206,34.05082332800444,0.9896704033401605,4.117059707641602,0.5526168942451477,0.075125962226917,103.65838623046875,102.37007141113281,True,100,1e-05,0.4641588833612777,0.9
207,32.30809316734855,0.9681813988615485,258.92108154296875,3.598752498626709,0.025455446838413172,654.466552734375,663.8382568359375,True,100,1e-05,0.1,0.9
208,28.527837195552447,0.9039704633205822,0.05142683535814285,0.09477055072784424,0.04896449480417165,7.866466999053955,6.056522369384766,True,100,1e-05,0.4641588833612777,0.9
209,37.754748712609484,0.9812775942255715,4.376893997192383,0.6827681660652161,0.052721968937673454,153.0490264892578,161.64724731445312,True,100,1e-05,0.2154434690031882,0.9
210,19.63529036416237,0.8064488827234483,3248.45458984375,5.027854919433594,0.04560361213172148,733.8111572265625,549.18505859375,True,100,1e-05,0.1,0.9
211,44.00808277514444,0.9845374347132672,18.751218795776367,3.3144853115081787,0.06721750471291763,738.4761352539062,692.2033081054688,True,100,1e-05,0.01,0.9
212,31.31961768997085,0.966242394026588,313.75177001953125,4.164286136627197,0.030645700792869192,850.4993286132812,652.309326171875,True,100,1e-05,0.1,0.9
213,25.71285157475964,0.9176064256518734,121.02384185791016,0.9759951829910278,0.05156643579602212,276.909423828125,225.0450439453125,True,100,1e-05,0.1,0.9
214,29.116445175172675,0.9723679902814367,621.2278442382812,3.6789348125457764,0.054902147070572914,705.875244140625,712.467041015625,True,100,1e-05,0.2154434690031882,0.9
215,30.703103765882112,0.9428783469440337,44.72385787963867,1.5383937358856201,0.07299900499895545,186.0343475341797,238.0118408203125,True,100,1e-05,0.0215443469003188,0.9
216,35.66428635349557,0.9690686325601257,24.916074752807617,1.9275094270706177,0.04995474326836939,366.6537780761719,326.0743103027344,True,100,1e-05,0.0215443469003188,0.9
217,27.38533417541862,0.9443764912024125,1013.1634521484375,4.133207321166992,0.07124139812465871,613.9702758789062,746.7449340820312,True,100,1e-05,0.0464158883361277,0.9
218,30.83355594668231,0.9306861403080086,347.9004211425781,5.780070781707764,0.05327321491542584,609.5926513671875,649.9832763671875,True,100,1e-05,0.0464158883361277,0.9
219,35.88005902317028,0.9449236901905638,186.1373291015625,12.367395401000977,0.030459731200392765,932.3883056640625,849.3742065429688,True,100,1e-05,0.1,0.9
220,26.22423786505837,0.9323870586192906,1023.6693725585938,7.1252946853637695,0.05139690487876096,736.8301391601562,657.9552612304688,True,100,1e-05,0.01,0.9
221,33.89842351063663,0.9682469051658061,131.6221923828125,4.144406795501709,0.04443187268700245,635.1073608398438,568.7402954101562,True,100,1e-05,0.1,0.9
222,29.948461353249698,0.9235590483466599,8.750609397888184,0.24273931980133057,0.1776275837816271,26.92364501953125,94.58109283447266,True,100,1e-05,0.1,0.9
223,31.360240008489,0.9705157547235735,99.11275482177734,1.6543681621551514,0.062253634942133235,363.4231262207031,368.34808349609375,True,100,1e-05,0.4641588833612777,0.9
224,32.60293739292262,0.9713562582576238,36.92547607421875,3.075124979019165,0.05771110390718804,314.6588134765625,265.9371643066406,True,100,1e-05,0.0464158883361277,0.9
225,40.40093414751212,0.9891252793271721,5.459654331207275,1.1813621520996094,0.040099232330400136,233.52218627929688,244.7456512451172,True,100,1e-05,0.0464158883361277,0.9
226,32.210291128311454,0.9821319540095649,568.9146118164062,4.415194511413574,0.06072164299204164,957.775146484375,973.0375366210938,True,100,1e-05,0.1,0.9
227,33.806614903674046,0.9824871205877593,64.41212463378906,1.428907871246338,0.04745667761130189,370.8611145019531,393.7046203613281,True,100,1e-05,0.4641588833612777,0.9
228,22.99404211066982,0.8685621284717315,3984.705810546875,4.736962795257568,0.07978468781546119,702.3897094726562,892.1544799804688,True,100,1e-05,0.1,0.9
229,27.503686291974997,0.91471162976378,457.6972961425781,2.233492136001587,0.0943603850946434,400.5014343261719,631.5075073242188,True,100,1e-05,0.4641588833612777,0.9
230,28.47200006788574,0.9251634120648983,813.3917846679688,6.734198570251465,0.0580795520132251,791.43408203125,795.0164794921875,True,100,1e-05,0.0004641588833612,0.9
231,32.87836466820863,0.9803988651071662,130.16676330566406,1.6708905696868896,0.08491422470525109,443.9042663574219,503.13446044921875,True,100,1e-05,0.4641588833612777,0.9
232,38.14338585281402,0.9786180056808411,51.00143814086914,2.2411458492279053,0.0593986070597735,602.8893432617188,577.3269653320312,True,100,1e-05,0.2154434690031882,0.9
233,29.32233351393227,0.9574584844757652,283.782958984375,7.176896095275879,0.049319506185102446,527.8294067382812,493.0251770019531,True,100,1e-05,0.0002154434690031,0.9
234,26.35969525672123,0.9436627541417861,85.32756805419922,1.0231174230575562,0.06534504706532096,160.9091796875,196.04774475097656,True,100,1e-05,0.01,0.9
235,20.668599204720174,0.8075950158561962,4462.56005859375,7.669121265411377,0.06981493617992743,625.6048583984375,722.7296752929688,True,100,1e-05,0.1,0.9
236,33.98605241139731,0.9789161920024637,31.60648536682129,0.9537473917007446,0.05240837325233223,237.7174072265625,281.4915771484375,True,100,1e-05,0.1,0.9
237,34.42587513003199,0.9838232436324051,0.22841215133666992,0.24427682161331177,0.06106556001999052,26.662113189697266,25.291650772094727,True,100,1e-05,0.0046415888336127,0.9
238,23.01967032469672,0.8527188191986407,2055.282470703125,10.408751487731934,0.03043876174265844,1598.2366943359375,645.8268432617188,True,100,1e-05,0.01,0.9
239,24.45036038702125,0.916517216208611,113.53971862792969,0.7409487962722778,0.07306980541249479,147.24343872070312,177.93356323242188,True,100,1e-05,0.1,0.9
240,34.876015912959105,0.9635401565516204,286.9066162109375,4.7982306480407715,0.05986293544887086,998.7796020507812,940.5181274414062,True,100,1e-05,0.0464158883361277,0.9
241,28.84679068386392,0.9694352952380914,1185.06201171875,3.6929445266723633,0.06759117975578931,841.9483642578125,953.9746704101562,True,100,1e-05,0.2154434690031882,0.9
242,29.663378874342786,0.9056635004925183,902.9654541015625,7.114199161529541,0.03877246067509252,1927.101318359375,914.9495239257812,True,100,1e-05,0.1,0.9
243,33.080340362530876,0.9753216800305865,64.0216293334961,1.3273499011993408,0.06672886005849554,317.2505187988281,370.7885437011719,True,100,1e-05,0.0464158883361277,0.9
244,39.2728561835444,0.9751438445750897,0.03191634640097618,0.07818824052810669,0.05709125784251967,15.867526054382324,16.441160202026367,True,100,1e-05,0.2154434690031882,0.9
245,33.42679273695548,0.9512200484050378,341.70477294921875,3.026907444000244,0.08904095734122296,645.709228515625,928.3902587890625,True,100,1e-05,0.4641588833612777,0.9
246,27.506141943355708,0.9373594999690112,321.40802001953125,3.4453723430633545,0.07321681165409845,453.6883850097656,428.7559509277344,True,100,1e-05,0.0215443469003188,0.9
247,-93.59876247507833,0.39754110635641676,2137109825585152.0,50137720.0,0.07026851422102959,833.477294921875,966.6881713867188,True,100,1e-05,0.0001,0.9
248,35.68360034707583,0.9481589516434508,214.11676025390625,8.521269798278809,0.034324646625041436,1757.6658935546875,963.6563720703125,True,100,1e-05,0.0215443469003188,0.9
249,25.432826301716137,0.926089955880177,2077.815673828125,2.3764755725860596,0.05719236991355273,664.6229248046875,853.1564331054688,True,100,1e-05,0.1,0.9
250,28.267259194593226,0.9525968703999731,129.66024780273438,0.9824942350387573,0.06588297820627945,256.1456604003906,295.1544494628906,True,100,1e-05,0.2154434690031882,0.9
251,23.4130340589711,0.9060622754846042,586.5230102539062,2.748812437057495,0.07827902260266309,272.735595703125,385.7126159667969,True,100,1e-05,0.0004641588833612,0.9
252,24.1947328410042,0.8817294105391297,2727.474365234375,7.812710285186768,0.08173980774541849,569.9611206054688,851.2855224609375,True,100,1e-05,0.0464158883361277,0.9
253,36.05530937794252,0.9749458709306884,24.536869049072266,0.8623079657554626,0.05517700861510129,284.9560852050781,317.6050720214844,True,100,1e-05,0.2154434690031882,0.9
254,23.519036325916403,0.955996566320413,128.2100830078125,1.6321405172348022,0.036744410127814965,211.15548706054688,170.32325744628906,True,100,1e-05,0.0464158883361277,0.9
255,24.0561882076627,0.8461830836189267,942.5205688476562,1.7593579292297363,0.1104751456791185,276.8605041503906,557.2444458007812,True,100,1e-05,0.4641588833612777,0.9
256,28.34627669479861,0.9646877126827821,1047.81298828125,2.2966394424438477,0.1451785011446794,511.58587646484375,936.2186279296875,True,100,1e-05,0.01,0.9
257,39.404522278206876,0.984853699711085,55.57490921020508,2.834043502807617,0.06806350689284282,667.2225341796875,696.333740234375,True,100,1e-05,0.2154434690031882,0.9
258,29.412713625071042,0.9498363228781981,353.2940979003906,3.794020175933838,0.06221333927514588,519.359619140625,570.4910888671875,True,100,1e-05,0.0215443469003188,0.9
259,29.798239596992214,0.9330504777025762,9.800268173217773,1.0815346240997314,0.05385268119374115,147.2631378173828,98.07931518554688,True,100,1e-05,0.0464158883361277,0.9
260,37.91595031714104,0.985724949676801,61.104103088378906,2.633625030517578,0.08239511823977272,581.073974609375,615.3922119140625,True,100,1e-05,0.2154434690031882,0.9
261,35.39875153662817,0.9815329880106682,281.6719970703125,3.0609779357910156,0.08263372198087715,751.15673828125,990.0637817382812,True,100,1e-05,0.1,0.9
262,38.55910763762512,0.9598127900862103,2.462958335876465,0.567449688911438,0.04164336347149553,163.0504913330078,140.9439239501953,True,100,1e-05,0.0021544346900318,0.9
263,34.768548410062785,0.9686815611426061,89.6783218383789,3.884535312652588,0.05646575059621308,509.6943054199219,518.8113403320312,True,100,1e-05,0.1,0.9
264,29.20994415271146,0.9677329426640943,922.4777221679688,4.31221866607666,0.052631257203815014,954.1224365234375,877.4957275390625,True,100,1e-05,0.2154434690031882,0.9
265,33.57488433559653,0.9644803942956791,238.09547424316406,2.3644354343414307,0.09957872305843819,533.99267578125,741.02783203125,True,100,1e-05,0.0215443469003188,0.9
266,31.315546114639044,0.9523657237028682,358.8106994628906,13.328178405761719,0.03410642147190104,1003.302978515625,697.3187255859375,True,100,1e-05,0.0215443469003188,0.9
267,26.753609946481404,0.9512923899249888,994.4379272460938,4.815613746643066,0.06064907338346643,587.4743041992188,702.7816162109375,True,100,1e-05,0.0215443469003188,0.9
268,24.65074884950652,0.9118431578625774,444.22027587890625,0.9039997458457947,0.1028600305885366,284.0794677734375,360.13165283203125,True,100,1e-05,0.4641588833612777,0.9
269,24.810704142339524,0.8792745784028286,259.4690856933594,2.254509687423706,0.03779200121566111,564.9334106445312,294.2982482910156,True,100,1e-05,0.1,0.9
270,37.03946521823637,0.9751571201026378,129.16091918945312,7.84633731842041,0.04296520672456065,897.0112915039062,809.5518188476562,True,100,1e-05,0.0464158883361277,0.9
271,31.854173625304863,0.9617848327639056,425.10504150390625,5.457112789154053,0.045962147688407735,746.2982788085938,810.3032836914062,True,100,1e-05,0.0046415888336127,0.9
272,30.07533499147149,0.9313280918780557,722.1217041015625,10.148914337158203,0.041232682703369584,1037.521728515625,867.2052612304688,True,100,1e-05,0.0464158883361277,0.9
273,38.96536050084271,0.9773021102474447,105.58760833740234,6.230391502380371,0.05855463266562378,1007.2957153320312,913.3273315429688,True,100,1e-05,0.0464158883361277,0.9
274,28.368602781219746,0.9619048021587671,376.5152282714844,8.524828910827637,0.047226366117478165,672.4269409179688,511.8310546875,True,100,1e-05,0.0021544346900318,0.9
275,16.920130041476074,0.7759798929830583,5102.07080078125,3.168707847595215,0.07343790512904919,461.0311584472656,502.0147705078125,True,100,1e-05,0.2154434690031882,0.9
276,36.657230880833794,0.9769290706875154,136.32322692871094,1.686685562133789,0.04839011386086586,662.6493530273438,798.4968872070312,True,100,1e-05,0.0464158883361277,0.9
277,27.433981408698624,0.953419649402608,755.9832763671875,5.864264488220215,0.04810276799620731,690.8338012695312,650.31396484375,True,100,1e-05,0.0464158883361277,0.9
278,34.289287331014634,0.9719215374828246,177.4645233154297,2.250385284423828,0.07609855012285847,564.0084228515625,702.264892578125,True,100,1e-05,0.0021544346900318,0.9
279,24.357870064306045,0.8945967451764426,2315.595458984375,3.8309147357940674,0.05409327613303742,916.2553100585938,795.9968872070312,True,100,1e-05,0.4641588833612777,0.9
280,33.57664028180258,0.9732379608233032,318.9277648925781,2.663560628890991,0.06254773952594904,737.7764892578125,890.1153564453125,True,100,1e-05,0.0215443469003188,0.9
281,21.987970866969405,0.8994546596417266,724.2421264648438,2.4501609802246094,0.04139390940419377,351.6117858886719,338.65716552734375,True,100,1e-05,0.0215443469003188,0.9
282,29.550907709414833,0.8781744868170673,156.9080047607422,3.2523553371429443,0.03865020864515443,446.24127197265625,376.2073669433594,True,100,1e-05,0.1,0.9
283,34.21994953928631,0.9692629693985232,3.4046826362609863,0.6232426762580872,0.06656304879735558,104.7474136352539,94.88795471191406,True,100,1e-05,0.2154434690031882,0.9
284,33.157442257238394,0.9712899729717135,159.51283264160156,6.700037002563477,0.04080937161866905,705.4976196289062,578.7018432617188,True,100,1e-05,0.0215443469003188,0.9
285,26.062635990672902,0.9358787792047603,3.303861618041992,0.16396312415599823,0.0785222976588802,20.615257263183594,36.90633010864258,True,100,1e-05,0.01,0.9
286,28.56123977876107,0.9154799144265268,301.6935119628906,3.6946778297424316,0.04540827938332882,697.331787109375,466.1324157714844,True,100,1e-05,0.2154434690031882,0.9
287,30.865559541709672,0.9556611826267851,240.28115844726562,2.5208122730255127,0.07927044579487723,543.224609375,543.1019897460938,True,100,1e-05,0.2154434690031882,0.9
288,34.84612099690696,0.9690800021768724,26.878841400146484,1.375735878944397,0.044497384711437056,312.292236328125,287.25469970703125,True,100,1e-05,0.2154434690031882,0.9
289,31.634142042719017,0.9521021084212175,235.26126098632812,7.589374542236328,0.032258686854009025,866.9463500976562,591.242431640625,True,100,1e-05,0.0464158883361277,0.9
290,41.04091341252555,0.9813846173331956,0.07787076383829117,0.09754063189029694,0.040259985712213724,32.29779052734375,31.469749450683594,True,100,1e-05,0.2154434690031882,0.9
291,20.873412162702564,0.8342679452611015,11.892961502075195,0.19508129358291626,0.05591519173958078,30.42403793334961,38.31084060668945,True,100,1e-05,0.1,0.9
292,27.385111532664897,0.9511187294703765,1202.8194580078125,4.875998020172119,0.04892926757179815,742.1785888671875,822.7779541015625,True,100,1e-05,0.0215443469003188,0.9
293,31.203042805668968,0.9672275529741872,97.66547393798828,2.1717851161956787,0.08077075568422548,299.49688720703125,360.8304443359375,True,100,1e-05,0.01,0.9
294,33.4584320817052,0.9413600491996089,5.715845584869385,0.6801219582557678,0.0610038697906379,149.01585388183594,127.9334487915039,True,100,1e-05,0.0046415888336127,0.9
295,20.11105800661108,0.846416755879198,2627.979736328125,3.359301805496216,0.035323814930619056,652.1031494140625,522.7210083007812,True,100,1e-05,0.1,0.9
296,30.577287398632844,0.9611015386871755,512.8654174804688,6.714607238769531,0.058633560137181795,826.0238037109375,770.2235717773438,True,100,1e-05,0.1,0.9
297,30.159241581303775,0.9604860297620481,43.8990592956543,2.321498155593872,0.058678164143062914,233.1422119140625,216.60520935058594,True,100,1e-05,0.0021544346900318,0.9
298,37.34872330466152,0.9614358708508489,71.46630096435547,3.7397239208221436,0.04906030811119086,720.2520751953125,623.267578125,True,100,1e-05,0.1,0.9
299,23.5977555065668,0.9108635587146207,32.4505615234375,0.2439028024673462,0.06920377883971167,74.40519714355469,86.26211547851562,True,100,1e-05,0.1,0.9
300,32.345318871549104,0.9747002748051664,1.6039704084396362,0.1609409898519516,0.09081059033477916,41.664146423339844,52.63003921508789,True,100,1e-05,0.2154434690031882,0.9
301,25.286054183529384,0.9456197062566861,807.4392700195312,4.70833158493042,0.06236308697754023,566.3826904296875,531.8233032226562,True,100,1e-05,0.0001,0.9
302,32.84547297757391,0.9640426541629591,152.03492736816406,10.621410369873047,0.0635258287352767,672.1793212890625,541.094482421875,True,100,1e-05,0.4641588833612777,0.9
303,18.911936376632273,0.7893971254178488,5193.53125,8.604316711425781,0.04537550592801256,966.7637329101562,637.79248046875,True,100,1e-05,0.1,0.9
304,18.9811481681023,0.784314827095198,6626.3935546875,3.984489917755127,0.08688077382172144,621.0140991210938,726.365234375,True,100,1e-05,0.4641588833612777,0.9
305,18.68788763669244,0.8132323828141886,12765.2724609375,19.513246536254883,0.058190698522005924,886.5660400390625,975.876220703125,True,100,1e-05,0.0215443469003188,0.9
306,25.064521169250682,0.9423616412071698,820.050537109375,4.667749881744385,0.0620443367844821,630.710693359375,516.7840576171875,True,100,1e-05,0.1,0.9
307,32.426884033574,0.9503775839419926,57.08320617675781,3.9932162761688232,0.04093599360709813,482.9613342285156,323.6335144042969,True,100,1e-05,0.0215443469003188,0.9
308,32.99240869340537,0.9654401906980327,302.6015930175781,3.409508466720581,0.047620543287960795,827.9395141601562,795.3909912109375,True,100,1e-05,0.0464158883361277,0.9
309,44.638555854640984,0.9949455147895527,2.5318055152893066,0.9808647632598877,0.05457868274480601,275.4327697753906,271.5614318847656,True,100,1e-05,0.2154434690031882,0.9
310,35.25583410000563,0.9720716015873063,55.696414947509766,3.566112518310547,0.05771711505353357,456.6756286621094,439.5324401855469,True,100,1e-05,0.0046415888336127,0.9
311,33.0195843469427,0.9757893552198252,3.102337121963501,0.1892976462841034,0.053778999981568286,59.19164276123047,79.37792205810547,True,100,1e-05,0.2154434690031882,0.9
312,23.223574557712542,0.9263706574441537,3.2807984352111816,0.13433516025543213,0.06222067726390989,22.9069766998291,26.32539176940918,True,100,1e-05,0.2154434690031882,0.9
313,33.19421461791912,0.9513184579302651,443.67864990234375,5.544743061065674,0.03968098482874618,1055.5513916015625,962.685791015625,True,100,1e-05,0.1,0.9
314,32.57029586132307,0.9612967381782453,381.1087951660156,4.5973219871521,0.08403031733461343,771.01708984375,836.1441650390625,True,100,1e-05,0.1,0.9
315,26.337295955552303,0.9360841711400648,1124.1246337890625,1.3295189142227173,0.09250859684002206,537.0938110351562,696.2782592773438,True,100,1e-05,0.2154434690031882,0.9
316,36.446273300604645,0.9873557011101883,36.963932037353516,1.7084217071533203,0.055014114147485645,384.4657897949219,409.54400634765625,True,100,1e-05,0.0215443469003188,0.9
317,31.479103350048035,0.9709127191819397,20.314302444458008,2.321479082107544,0.045208578678919455,267.9224548339844,174.12103271484375,True,100,1e-05,0.01,0.9
318,38.52022323954579,0.9560468070155204,3.451575994491577,0.9495812058448792,0.06389838983488594,153.60992431640625,157.28060913085938,True,100,1e-05,0.1,0.9
319,25.53096844170705,0.9309178730174976,176.25994873046875,2.0735995769500732,0.06275576059272804,281.1871032714844,250.99266052246094,True,100,1e-05,0.2154434690031882,0.9
320,23.948686672179473,0.9012419009740754,1205.462890625,0.9010595679283142,0.0691618103174361,348.9327697753906,549.6774291992188,True,100,1e-05,0.01,0.9
321,39.33509998418055,0.9795369363483137,59.50239562988281,3.9891984462738037,0.07130777966487138,711.77197265625,714.88134765625,True,100,1e-05,0.2154434690031882,0.9
322,18.752021945875864,0.7639552048957494,5764.0537109375,4.086215019226074,0.06654578788984891,513.3441162109375,660.5371704101562,True,100,1e-05,0.2154434690031882,0.9
323,41.75746961149316,0.9882145007482132,5.198929786682129,3.80462908744812,0.05873532452104445,365.0422668457031,280.6539611816406,True,100,1e-05,0.0464158883361277,0.9
324,25.307342125995206,0.9660122990761995,2672.384765625,5.1738786697387695,0.04874566562067741,876.8107299804688,954.910400390625,True,100,1e-05,0.1,0.9
325,33.51867959810124,0.9792000559092306,192.822509765625,2.2743945121765137,0.08102522013449805,566.2057495117188,738.1589965820312,True,100,1e-05,0.0021544346900318,0.9
326,26.11827585565574,0.9413703303156462,752.0450439453125,3.373194456100464,0.046582956439546644,601.8191528320312,554.7996826171875,True,100,1e-05,0.4641588833612777,0.9
327,24.808675602152718,0.8932463299786774,1231.4598388671875,2.1011834144592285,0.10811875323517127,415.2906494140625,612.1090087890625,True,100,1e-05,0.1,0.9
328,37.20735247025717,0.9810460208616266,31.99986457824707,2.617539882659912,0.05118935991828079,474.3938293457031,420.1804504394531,True,100,1e-05,0.0464158883361277,0.9
329,39.21298856542046,0.9866643769299406,7.397039413452148,0.9933964014053345,0.040780255237216755,265.0744323730469,248.48326110839844,True,100,1e-05,0.1,0.9
330,27.335431730338087,0.9493739283384162,230.54779052734375,1.5767608880996704,0.05145510426628397,310.4009094238281,356.61669921875,True,100,1e-05,0.0215443469003188,0.9
331,33.45582956551629,0.9858353290672273,259.0111083984375,2.272684335708618,0.056083467111750225,660.9026489257812,758.0882568359375,True,100,1e-05,0.2154434690031882,0.9
332,22.443142154802082,0.8916193437873087,1.3430209159851074,0.02888827957212925,0.11112885342722277,10.565882682800293,15.379095077514648,True,100,1e-05,0.2154434690031882,0.9
333,30.425996430203533,0.9788895069138062,12.38640022277832,0.7441238760948181,0.04872678589366725,111.03800964355469,116.9565658569336,True,100,1e-05,0.1,0.9
334,36.3815625634886,0.983752377569614,0.5069315433502197,0.3043268322944641,0.05219951098886695,44.23699951171875,46.95663833618164,True,100,1e-05,0.0215443469003188,0.9
335,25.809607505612775,0.9075627776352352,4.449485778808594,0.48794567584991455,0.09308469332474731,34.263771057128906,41.688072204589844,True,100,1e-05,0.0215443469003188,0.9
336,29.38010555460716,0.929969516851179,810.4505615234375,4.1538615226745605,0.05885364553037975,815.6266479492188,855.6051025390625,True,100,1e-05,0.2154434690031882,0.9
337,22.41027781137024,0.8801172990176511,2833.43212890625,2.6406214237213135,0.08913311062672431,477.61492919921875,703.9542236328125,True,100,1e-05,0.4641588833612777,0.9
338,28.016483042985815,0.9625108325921222,349.5587463378906,1.8898824453353882,0.06462894293458411,393.55596923828125,474.69964599609375,True,100,1e-05,0.0464158883361277,0.9
339,35.48160292047188,0.9875308677661776,2.755481719970703,0.2987622022628784,0.05047239369507489,88.6937026977539,98.736328125,True,100,1e-05,0.2154434690031882,0.9
340,36.2838276505137,0.9671597717670095,54.91054153442383,3.2003085613250732,0.059753575138295045,530.6011962890625,492.124267578125,True,100,1e-05,0.01,0.9
341,18.12446760459851,0.7312796197877088,3422.166015625,3.660372734069824,0.0874277655255529,414.1195983886719,473.998291015625,True,100,1e-05,0.2154434690031882,0.9
342,30.374757160827535,0.9435633973778832,19.592256546020508,0.7738907933235168,0.054730674319479346,163.60714721679688,174.02867126464844,True,100,1e-05,0.0046415888336127,0.9
343,28.816558908421346,0.9473809528215504,185.892822265625,2.892526626586914,0.07080834240135474,308.0188293457031,434.41778564453125,True,100,1e-05,0.001,0.9
344,35.53138529339399,0.966957532538349,44.50041961669922,1.675842523574829,0.07235674091598718,392.5781555175781,399.1062316894531,True,100,1e-05,0.2154434690031882,0.9
345,33.576258779992216,0.9713221124082158,159.0799560546875,4.959651947021484,0.050711650340873535,643.9628295898438,616.2342529296875,True,100,1e-05,0.0215443469003188,0.9
346,25.993242892257765,0.8860765115789958,987.7652587890625,4.7280378341674805,0.0810532204870018,489.8548278808594,635.4585571289062,True,100,1e-05,0.0021544346900318,0.9
347,31.219018158309197,0.9713866535201284,1.5750985145568848,0.372266560792923,0.03260089121455313,49.802345275878906,46.258705139160156,True,100,1e-05,0.0464158883361277,0.9
348,42.0467255095992,0.9871283219540944,8.777322769165039,2.287384510040283,0.041605131706636336,375.2604064941406,375.2380065917969,True,100,1e-05,0.1,0.9
349,32.06279465939641,0.9458326251391164,243.77865600585938,4.3452467918396,0.08054059426399804,679.3563842773438,626.2340698242188,True,100,1e-05,0.2154434690031882,0.9
350,32.965012582529205,0.9687745222981378,128.03440856933594,2.646806001663208,0.0631641192472623,497.0479431152344,503.63311767578125,True,100,1e-05,0.2154434690031882,0.9
351,24.327191076958186,0.9318288859245208,2706.8955078125,5.779588222503662,0.04311331273292604,1061.575927734375,856.6333618164062,True,100,1e-05,0.2154434690031882,0.9
352,26.988253708223496,0.9361064447353376,868.9345092773438,3.9423258304595947,0.04289124204094873,750.5784301757812,659.034912109375,True,100,1e-05,0.1,0.9
353,29.545772610471147,0.9380262376274673,29.675600051879883,1.2401587963104248,0.05292902580498989,258.61602783203125,163.77149963378906,True,100,1e-05,0.2154434690031882,0.9
354,25.038812855877396,0.920515360681665,16.01341438293457,0.1948833465576172,0.07336281159898246,59.57040786743164,71.49817657470703,True,100,1e-05,0.2154434690031882,0.9
355,21.320735999781025,0.8882210325421833,3042.61669921875,4.037978172302246,0.06692071476003249,651.11962890625,642.77685546875,True,100,1e-05,0.2154434690031882,0.9
356,19.618283788997726,0.8143462197926538,8.227134704589844,0.054117802530527115,0.07761693557158707,16.65914535522461,27.484798431396484,True,100,1e-05,0.2154434690031882,0.9
357,22.12230369229247,0.8382701835526832,2078.76708984375,2.8509888648986816,0.09946732265780303,348.671142578125,586.1898193359375,True,100,1e-05,0.0464158883361277,0.9
358,32.225419376078,0.9687857680768543,505.77166748046875,4.4305901527404785,0.06519487563809544,971.0360107421875,940.2900390625,True,100,1e-05,0.0464158883361277,0.9
359,38.94627169970879,0.9773132797211439,42.26288604736328,3.179514169692993,0.04549416625286249,581.7554321289062,575.898681640625,True,100,1e-05,0.1,0.9
360,34.4219209897443,0.9640398335069326,54.57045364379883,1.6050337553024292,0.05400969161119582,375.50848388671875,388.7817687988281,True,100,1e-05,0.2154434690031882,0.9
361,35.26912887479491,0.9486356810873261,112.1518783569336,2.5949790477752686,0.06664287404180776,701.7156982421875,643.6449584960938,True,100,1e-05,0.0046415888336127,0.9
362,32.24577157541152,0.9780050209493706,125.48138427734375,1.9089479446411133,0.06832057374762232,421.98419189453125,458.7946472167969,True,100,1e-05,0.4641588833612777,0.9
363,41.955392164046295,0.9924523689091144,18.992406845092773,2.2702951431274414,0.05494350528219454,540.26025390625,546.0711669921875,True,100,1e-05,0.2154434690031882,0.9
364,33.19120618082196,0.976883837528396,424.9178466796875,5.63977575302124,0.07864848038964514,920.7847290039062,941.5233154296875,True,100,1e-05,0.2154434690031882,0.9
365,32.5049021575015,0.9671088407590785,79.09234619140625,1.9775692224502563,0.07140407450769534,347.0698547363281,386.7165222167969,True,100,1e-05,0.0215443469003188,0.9
366,28.63729538533692,0.9517323986864558,1254.19873046875,8.426370620727539,0.029422792609357918,1305.63916015625,961.2293701171875,True,100,1e-05,0.0464158883361277,0.9
367,32.0776274269737,0.9705303012402064,506.54510498046875,3.762009382247925,0.07711767846028007,726.7168579101562,905.4453125,True,100,1e-05,0.1,0.9
368,22.527666172381107,0.917021656742684,215.5936279296875,2.0529162883758545,0.05704199327358261,256.56585693359375,196.5953369140625,True,100,1e-05,0.2154434690031882,0.9
369,25.92515560921953,0.9468733107169438,12.582246780395508,0.3714107275009155,0.062211282482696306,56.418453216552734,70.29193878173828,True,100,1e-05,0.1,0.9
370,26.465871703812716,0.9284188644989356,23.299592971801758,0.9710367321968079,0.07225127842598014,122.68609619140625,101.6772232055664,True,100,1e-05,0.2154434690031882,0.9
371,26.02229738215653,0.8828605455765692,0.7864826917648315,0.0781068354845047,0.10349026640143266,11.678975105285645,19.203603744506836,True,100,1e-05,0.001,0.9
372,36.708030064253954,0.9787367283759717,1.7901582717895508,0.5332172513008118,0.053100337394752235,101.91075897216797,95.34851837158203,True,100,1e-05,0.0021544346900318,0.9
373,31.506884722611225,0.9572070551530618,329.39556884765625,4.65650749206543,0.05496111965132945,779.635498046875,683.3237915039062,True,100,1e-05,0.2154434690031882,0.9
374,32.74234219537206,0.9765131819389676,2.622847557067871,0.19702573120594025,0.09278004272109498,59.562042236328125,72.11746215820312,True,100,1e-05,0.0046415888336127,0.9
375,30.33456599531953,0.974891861710386,93.69872283935547,1.6554200649261475,0.06499694092881185,308.9595947265625,319.6566467285156,True,100,1e-05,0.0215443469003188,0.9
376,43.91487094640187,0.9885557079831883,28.600833892822266,2.7687535285949707,0.04371284290915398,876.8741455078125,845.0304565429688,True,100,1e-05,0.01,0.9
377,32.00351411366287,0.958429199946185,0.36229002475738525,0.25104761123657227,0.08169143044306813,26.583404541015625,24.2486629486084,True,100,1e-05,0.0464158883361277,0.9
378,28.35370697394913,0.9292446587566802,924.365234375,2.8460230827331543,0.06929376427916971,797.0455932617188,814.6539916992188,True,100,1e-05,0.2154434690031882,0.9
379,26.627495720133133,0.9447402305462781,173.35745239257812,1.554261326789856,0.06311886389061587,259.6167297363281,282.5729064941406,True,100,1e-05,0.2154434690031882,0.9
380,19.819111976621976,0.8413176717648507,145.33851623535156,1.0103808641433716,0.06599858041056732,92.24832153320312,119.04666137695312,True,100,1e-05,0.0464158883361277,0.9
381,21.980073431948274,0.8049969294688004,3027.561279296875,5.108067989349365,0.06661311205836329,510.17333984375,697.0404052734375,True,100,1e-05,0.1,0.9
382,30.819865447966286,0.9788770577240777,325.57073974609375,6.591876983642578,0.039241332415072695,771.3416137695312,629.3139038085938,True,100,1e-05,0.01,0.9
383,35.71644501720535,0.9583345926582998,191.13182067871094,5.476500988006592,0.05891349836551236,1064.3984375,877.5945434570312,True,100,1e-05,0.0215443469003188,0.9
384,34.55365969167747,0.9772892107166373,189.27560424804688,2.6935853958129883,0.06641374677664051,665.2194213867188,735.3359985351562,True,100,1e-05,0.2154434690031882,0.9
385,28.653373651909323,0.9683173940554491,878.0689697265625,8.179429054260254,0.056615708622626965,926.3602294921875,803.6774291992188,True,100,1e-05,0.1,0.9
386,26.253568135509017,0.9655158392204619,187.43907165527344,2.311805486679077,0.07770331510085794,294.1151428222656,282.7525329589844,True,100,1e-05,0.01,0.9
387,20.162493485817482,0.8652061214179168,304.4978942871094,0.8962327241897583,0.06329804136643599,128.3294677734375,178.26210021972656,True,100,1e-05,0.2154434690031882,0.9
388,28.518983224852246,0.9680776904472626,785.01318359375,8.360142707824707,0.05638189835506353,781.25048828125,750.8641357421875,True,100,1e-05,0.0464158883361277,0.9
389,40.04398445671669,0.9871220475349141,63.8980598449707,2.5695993900299072,0.0555251768319695,780.3701171875,807.0278930664062,True,100,1e-05,0.01,0.9
390,30.787830040305806,0.9814724005505028,817.6132202148438,6.015992164611816,0.060587409198467335,998.5515747070312,990.5146484375,True,100,1e-05,0.4641588833612777,0.9
391,17.910062384184975,0.9138460610278343,2754.807373046875,45.063446044921875,0.04299583527990616,489.4022216796875,413.2050476074219,True,100,1e-05,0.0001,0.9
392,17.36319402136033,0.7529169783096255,2543.245361328125,2.2356278896331787,0.09654892923237753,222.8558807373047,372.64605712890625,True,100,1e-05,0.1,0.9
393,24.808340374779235,0.9254145726037257,1911.1767578125,4.566270351409912,0.07590013904628824,621.2978515625,776.6365356445312,True,100,1e-05,0.01,0.9
394,36.269454054891725,0.9612211303014627,27.449350357055664,1.2109858989715576,0.0693726419965278,299.07635498046875,341.4627380371094,True,100,1e-05,0.01,0.9
395,24.00322780322996,0.813504555699591,3379.67041015625,10.635055541992188,0.04518674407073077,1052.4200439453125,930.8265380859375,True,100,1e-05,0.1,0.9
396,38.03550825642276,0.944830192347183,115.16252899169922,5.608418941497803,0.04435592800179158,971.0697631835938,858.5543212890625,True,100,1e-05,0.0464158883361277,0.9
397,25.749135210995014,0.9255395040677243,485.5751647949219,4.853628635406494,0.056517459647757465,446.71923828125,429.5650329589844,True,100,1e-05,0.0215443469003188,0.9
398,37.14796935938266,0.9840053927972221,108.13692474365234,3.2181339263916016,0.08029476660368164,699.906982421875,751.1201782226562,True,100,1e-05,0.01,0.9
399,-73.70264195401158,0.38865164595883894,13347549347840.0,2612607.75,0.0640863150267052,633.2366333007812,754.788330078125,True,100,1e-05,0.0001,0.9
400,42.01770516116794,0.9951411800457105,0.679167628288269,0.365095317363739,0.06268739899560459,99.57909393310547,104.02074432373047,True,100,1e-05,0.0464158883361277,0.9
401,27.48401850603382,0.8908001785305398,1188.13525390625,4.644837379455566,0.0966560377377614,650.3751220703125,902.6503295898438,True,100,1e-05,0.2154434690031882,0.9
402,37.58875949322208,0.9861937666425272,42.432472229003906,1.7454798221588135,0.04881784940698053,480.6206359863281,505.74713134765625,True,100,1e-05,0.0215443469003188,0.9
403,18.140646933165737,0.7698188363071511,10445.7275390625,10.663850784301758,0.046829830709398335,1332.3780517578125,826.6309814453125,True,100,1e-05,0.1,0.9
404,36.198447344422114,0.9667558241462559,24.677467346191406,2.045830488204956,0.06041348524365087,359.99591064453125,320.72955322265625,True,100,1e-05,0.2154434690031882,0.9
405,32.00854570852474,0.9427404645657391,504.62127685546875,8.489197731018066,0.025723789380158783,1278.8309326171875,895.627685546875,True,100,1e-05,0.1,0.9
406,34.567197196867944,0.9780345019049197,52.94792556762695,2.1469779014587402,0.058585214419014126,354.4471740722656,389.8124694824219,True,100,1e-05,0.1,0.9
407,21.367008769770134,0.8982308422140511,1.0198166370391846,0.11077475547790527,0.038433496534658856,16.119224548339844,11.826813697814941,True,100,1e-05,0.2154434690031882,0.9
408,27.749152565071103,0.9459174494033197,1255.60986328125,5.362107276916504,0.09194827306021898,697.4596557617188,905.4766235351562,True,100,1e-05,0.0464158883361277,0.9
409,36.502652358844,0.9639674821720526,1.882339358329773,0.2645886242389679,0.045489667526156595,76.93099975585938,92.19538879394531,True,100,1e-05,0.1,0.9
410,44.094118867752634,0.9936794584811164,3.9859323501586914,1.470016360282898,0.07624831679497834,315.4504089355469,319.99432373046875,True,100,1e-05,0.2154434690031882,0.9
411,34.91682727174085,0.9710123070714644,286.8907775878906,7.053622245788574,0.07218436859697218,1057.720458984375,950.1118774414062,True,100,1e-05,0.1,0.9
412,33.173300581931876,0.978264133950505,434.7868957519531,7.015285968780518,0.04895442439719245,1072.1468505859375,950.6565551757812,True,100,1e-05,0.1,0.9
413,30.21879825461224,0.9535087785453865,313.0040588378906,4.574859142303467,0.0407558376160462,737.5278930664062,573.8644409179688,True,100,1e-05,0.0464158883361277,0.9
414,41.195301694348274,0.9862960453680548,30.292579650878906,2.7993390560150146,0.05457250226412413,620.1575927734375,632.2053833007812,True,100,1e-05,0.2154434690031882,0.9
415,38.89261973053311,0.9900312932867507,26.001575469970703,1.5852108001708984,0.038593296207091,440.0357360839844,448.9970703125,True,100,1e-05,0.01,0.9
416,32.282710081973605,0.9545147442580869,50.72370529174805,3.9581210613250732,0.04831417700320828,414.17706298828125,293.9175720214844,True,100,1e-05,0.0464158883361277,0.9
417,28.457625555368907,0.9513875919368245,151.264892578125,4.75189208984375,0.06823286154361766,397.37322998046875,329.33587646484375,True,100,1e-05,0.0046415888336127,0.9
418,20.731145126478108,0.83927445094809,3804.285400390625,2.7419779300689697,0.08661058403124135,511.68865966796875,672.845947265625,True,100,1e-05,0.1,0.9
419,25.482462543347065,0.9395525326070032,1601.28466796875,2.542585849761963,0.0690515037588872,673.1686401367188,752.6221313476562,True,100,1e-05,0.4641588833612777,0.9
420,25.159056109114964,0.9234552825347848,1909.0029296875,4.844407558441162,0.05228246488681455,771.1964111328125,791.7874755859375,True,100,1e-05,0.1,0.9
421,26.232555211602318,0.9328099957256895,1459.9820556640625,3.472513198852539,0.07226620781823477,627.3223266601562,789.8285522460938,True,100,1e-05,0.1,0.9
422,41.787270030762386,0.9877289925597155,0.5619540214538574,0.41412603855133057,0.06112746305383046,92.18534088134766,92.11489868164062,True,100,1e-05,0.1,0.9
423,28.646363965036002,0.9545324306831271,333.3414611816406,3.0444180965423584,0.08782092761780981,430.0204772949219,494.9258728027344,True,100,1e-05,0.1,0.9
424,32.719309314319986,0.9721623857816061,1.8226813077926636,0.2495633065700531,0.061790777747437936,53.95311737060547,58.50120162963867,True,100,1e-05,0.2154434690031882,0.9
425,31.85265245833049,0.9773186387415395,193.166748046875,4.425503253936768,0.04345476005940579,720.7200317382812,549.9793701171875,True,100,1e-05,0.0215443469003188,0.9
426,33.171564571860166,0.981533454790696,90.65320587158203,5.295758247375488,0.03688846602519539,533.09912109375,442.0889587402344,True,100,1e-05,0.0215443469003188,0.9
427,21.60894538064754,0.8596151532341945,5429.58984375,1.9077576398849487,0.10637055217935912,636.5192260742188,887.8164672851562,True,100,1e-05,0.2154434690031882,0.9
428,36.49935091649852,0.9801647344179321,27.519153594970703,1.7317051887512207,0.0712653735875645,327.9601135253906,351.5640869140625,True,100,1e-05,0.01,0.9
429,32.17900824579641,0.9216445206949955,8.197281837463379,1.1038215160369873,0.030218178331712562,179.5190887451172,117.949951171875,True,100,1e-05,0.0464158883361277,0.9
430,37.446467587914334,0.9890488977125924,3.695564031600952,0.36997127532958984,0.06893288204448668,110.26970672607422,143.84869384765625,True,100,1e-05,0.0464158883361277,0.9
431,28.700039847309178,0.9635062862814272,739.4713745117188,2.96405291557312,0.06740894631248474,640.7191772460938,761.7491455078125,True,100,1e-05,0.01,0.9
432,36.08784127782327,0.9738094838349566,93.99956512451172,2.9122705459594727,0.08056618448034997,580.8082275390625,618.599853515625,True,100,1e-05,0.2154434690031882,0.9
433,17.73981221404778,0.7273280505791125,171.5238800048828,0.5875343084335327,0.10804715322992808,66.7127456665039,102.02155303955078,True,100,1e-05,0.01,0.9
434,33.4830545712983,0.9786259440322655,3.240567922592163,0.44560274481773376,0.06653330390033976,78.23027801513672,85.02269744873047,True,100,1e-05,0.1,0.9
435,28.252006422840218,0.9055418474801553,730.5005493164062,10.065339088439941,0.034369299281827054,1038.53759765625,701.2681884765625,True,100,1e-05,0.1,0.9
436,16.751721466435217,0.7033754901474407,113.80037689208984,0.7755237817764282,0.037705775057785836,108.41875457763672,73.69024658203125,True,100,1e-05,0.2154434690031882,0.9
437,36.713929254358504,0.9811756224731912,140.99107360839844,5.688605785369873,0.06863383751466753,867.6707153320312,822.0382080078125,True,100,1e-05,0.0215443469003188,0.9
438,34.21892927895347,0.9887963479886483,188.81204223632812,2.7268760204315186,0.06457056159471596,732.748291015625,706.5360107421875,True,100,1e-05,0.2154434690031882,0.9
439,26.403281331858174,0.9406933297011021,15.434385299682617,0.46341460943222046,0.058776475573728594,81.25093078613281,82.2674331665039,True,100,1e-05,0.2154434690031882,0.9
440,37.46362650264063,0.9808191948630861,1.316790223121643,0.36651694774627686,0.06426059808605844,83.01704406738281,85.75287628173828,True,100,1e-05,0.1,0.9
441,28.19349495617949,0.9520363645826084,1475.287353515625,7.242242813110352,0.060839736389533466,1053.8472900390625,986.6529541015625,True,100,1e-05,0.4641588833612777,0.9
442,33.55308404588764,0.9607165001325071,61.89703369140625,2.1184096336364746,0.04466180990840036,426.80133056640625,374.8965148925781,True,100,1e-05,0.2154434690031882,0.9
443,29.833875441678646,0.9080630526392576,140.8151092529297,4.328145980834961,0.047060438732234075,666.095458984375,371.2715148925781,True,100,1e-05,0.1,0.9
444,37.261699063658405,0.9558712841694939,124.0877914428711,9.272993087768555,0.059130530878302966,877.0589599609375,812.9867553710938,True,100,1e-05,0.2154434690031882,0.9
445,35.99135482987866,0.9720724271331656,225.33522033691406,9.17880630493164,0.059507593248796065,1055.8302001953125,947.3013305664062,True,100,1e-05,0.0001,0.9
446,23.018700102264894,0.8993262922843787,4845.0791015625,2.2727649211883545,0.06665709321939105,835.3981323242188,986.0150756835938,True,100,1e-05,0.1,0.9
447,33.890985868035266,0.9758021505347716,214.6543731689453,2.265150547027588,0.09134525571053834,626.3209228515625,753.6248168945312,True,100,1e-05,0.01,0.9
448,27.71552887654892,0.9186976216397665,215.007568359375,4.93886661529541,0.041347915640461703,437.7104187011719,376.8833312988281,True,100,1e-05,0.01,0.9
449,26.353877166124327,0.9288423133502696,15.084619522094727,0.857337474822998,0.07327932676049793,78.49044036865234,84.4172134399414,True,100,1e-05,0.01,0.9
450,40.34726960180038,0.9826378209979665,55.76322555541992,3.0607810020446777,0.06330368275217468,782.7013549804688,777.3697509765625,True,100,1e-05,0.2154434690031882,0.9
451,32.00300491848728,0.9366247010858435,195.6806182861328,2.671142816543579,0.04174984637026226,750.9724731445312,558.8458251953125,True,100,1e-05,0.2154434690031882,0.9
452,21.700178725284495,0.9161650706810629,1216.05810546875,2.7072184085845947,0.04778029331122559,397.77667236328125,424.79779052734375,True,100,1e-05,0.1,0.9
453,23.301440713185823,0.9065289144341407,3819.115478515625,11.029046058654785,0.08675554174572174,795.4456176757812,906.4480590820312,True,100,1e-05,0.0215443469003188,0.9
454,26.792351015813317,0.9634056456610022,25.697420120239258,0.7910236716270447,0.0580430699894822,120.91344451904297,112.08628845214844,True,100,1e-05,0.1,0.9
455,31.42188719997317,0.9773751980749077,174.48045349121094,3.5249924659729004,0.06492075679972312,472.6153564453125,493.1324768066406,True,100,1e-05,0.1,0.9
456,29.174757736789555,0.9536513742194026,0.1822575479745865,0.11137418448925018,0.06953912390012067,11.363083839416504,12.342290878295898,True,100,1e-05,0.0464158883361277,0.9
457,31.96790682313376,0.9649315544541529,119.85417175292969,2.8453176021575928,0.07307457209936641,402.9915466308594,469.1919860839844,True,100,1e-05,0.0215443469003188,0.9
458,28.735762350951983,0.9745980799813265,4.376583099365234,0.45565053820610046,0.066520288340213,59.3525390625,57.246971130371094,True,100,1e-05,0.4641588833612777,0.9
459,26.809360931523596,0.9478910893309473,29.822711944580078,0.7469964027404785,0.06595304222468917,112.77854919433594,119.6990966796875,True,100,1e-05,0.1,0.9
460,25.057302820826468,0.8941686771602454,43.41223907470703,0.5723482966423035,0.07878360893244399,93.88301086425781,118.40872192382812,True,100,1e-05,0.1,0.9
461,35.31924844752763,0.9876347566936531,123.84161376953125,4.932902812957764,0.04498749402954522,715.6005859375,649.5610961914062,True,100,1e-05,0.4641588833612777,0.9
462,32.23634342501064,0.9683596453445861,326.61871337890625,8.98426342010498,0.03874203613261095,767.4164428710938,746.298828125,True,100,1e-05,0.0464158883361277,0.9
463,16.065208380132965,0.7226400389737917,8364.390625,6.128021717071533,0.06916273859987704,485.36212158203125,583.785400390625,True,100,1e-05,0.2154434690031882,0.9
464,33.65872641694722,0.9563993960618973,333.8719177246094,4.351956844329834,0.04184279329378244,954.8224487304688,962.2103881835938,True,100,1e-05,0.1,0.9
465,31.98220996182122,0.9761198754311838,87.44721221923828,1.630500078201294,0.0409766567633934,349.6856994628906,375.4956970214844,True,100,1e-05,0.0464158883361277,0.9
466,26.25089897901298,0.9375847440013053,191.47711181640625,2.1490068435668945,0.055358690041051074,299.25030517578125,286.4263610839844,True,100,1e-05,0.01,0.9
467,25.402509535642835,0.9378876200044802,2171.607177734375,3.4226016998291016,0.07383858950405998,775.7731323242188,868.7305297851562,True,100,1e-05,0.2154434690031882,0.9
468,19.43800524397228,0.8338441623043414,568.2145385742188,1.7011113166809082,0.06773517716792977,262.8802185058594,224.3722381591797,True,100,1e-05,0.2154434690031882,0.9
469,38.730486317306564,0.9816068614168925,115.41669464111328,3.2017931938171387,0.10022649244845704,592.3201293945312,963.2593383789062,True,100,1e-05,0.01,0.9
470,25.37132974329225,0.9378830770180071,0.4942883551120758,0.07549136132001877,0.06685066813776996,10.42766284942627,13.14232063293457,True,100,1e-05,0.0021544346900318,0.9
471,22.49459639498461,0.8840060540627769,5278.14501953125,2.150362491607666,0.08566396233201068,768.419677734375,969.908935546875,True,100,1e-05,0.2154434690031882,0.9
472,29.98609193336724,0.9719975626382542,1.8158799409866333,0.17124688625335693,0.08172682924403513,34.52007293701172,44.11675262451172,True,100,1e-05,0.0464158883361277,0.9
473,33.64111737223824,0.9656823117312878,340.351806640625,12.690166473388672,0.04017348661309094,1121.1405029296875,891.251953125,True,100,1e-05,0.0464158883361277,0.9
474,31.81100682237237,0.9769739587286678,183.46829223632812,2.114759922027588,0.054622570826152836,518.365966796875,528.1734008789062,True,100,1e-05,0.1,0.9
475,34.01416380468061,0.9574533633126563,367.4992980957031,6.857194900512695,0.047169201570127675,1447.6517333984375,992.9718017578125,True,100,1e-05,0.0464158883361277,0.9
476,19.951022312482447,0.8128752649505359,55.74753952026367,0.3236924409866333,0.06131581659235143,54.69348907470703,74.72277069091797,True,100,1e-05,0.1,0.9
477,36.54263876911627,0.9599946235740024,61.285274505615234,2.859245777130127,0.03742799065143002,751.1541137695312,554.3004150390625,True,100,1e-05,0.0046415888336127,0.9
478,35.381119639085625,0.987625757991591,271.94573974609375,4.333090305328369,0.08474076419271548,865.6883544921875,969.333251953125,True,100,1e-05,0.2154434690031882,0.9
479,24.014437276973215,0.9270923397031885,1085.9251708984375,3.260549783706665,0.06885278442799149,480.6300354003906,523.5747680664062,True,100,1e-05,0.2154434690031882,0.9
480,33.809780979982634,0.968644493935155,164.6768798828125,2.4115149974823,0.06333071180487117,560.4820556640625,629.7692260742188,True,100,1e-05,0.2154434690031882,0.9
481,28.34177069213698,0.9534331579511011,702.654052734375,3.039766311645508,0.06333049652198314,619.9127197265625,696.0529174804688,True,100,1e-05,0.1,0.9
482,34.42891764260893,0.9676174666459593,74.58741760253906,2.189925193786621,0.04845066806898262,500.1259765625,455.0865173339844,True,100,1e-05,0.2154434690031882,0.9
483,22.205056511903976,0.8751686685766051,2344.3671875,4.98382043838501,0.07852643299369913,523.047607421875,627.9305419921875,True,100,1e-05,0.0001,0.9
484,19.515004177079383,0.8720720329178234,3812.914306640625,4.085144996643066,0.06320998078807578,634.1810302734375,584.72998046875,True,100,1e-05,0.2154434690031882,0.9
485,18.47041996338368,0.7088915136640142,11373.9853515625,8.677638053894043,0.11832176915493474,584.8760375976562,901.2568359375,True,100,1e-05,0.2154434690031882,0.9
486,22.210767823678033,0.8923951174132886,12.629511833190918,0.32015103101730347,0.05457798208355692,37.37144088745117,46.40093231201172,True,100,1e-05,0.0021544346900318,0.9
487,21.810835411300495,0.8489889430410302,516.0562133789062,0.48986124992370605,0.06925229407210068,159.6452178955078,281.6822204589844,True,100,1e-05,0.0215443469003188,0.9
488,23.998522488216253,0.9421723590446761,3588.525146484375,6.242282390594482,0.05488376808969318,942.90625,950.4610595703125,True,100,1e-05,0.2154434690031882,0.9
489,33.223309493736444,0.9785874161496374,370.3328857421875,12.154940605163574,0.04798407245774163,1007.9386596679688,890.37353515625,True,100,1e-05,0.0215443469003188,0.9
490,36.29369606297027,0.9784775087830944,44.1649169921875,3.420149803161621,0.06446173856479126,419.7931823730469,456.20111083984375,True,100,1e-05,0.0464158883361277,0.9
491,18.683992169897767,0.8343567989990478,5197.1328125,4.182719707489014,0.0789826581938476,581.257080078125,620.512451171875,True,100,1e-05,0.2154434690031882,0.9
492,37.249460358294634,0.9845426596385899,14.554043769836426,1.9675995111465454,0.04260401634487773,323.25909423828125,278.1037902832031,True,100,1e-05,0.2154434690031882,0.9
493,32.59239236233659,0.969851406043159,19.63710594177246,1.3480784893035889,0.0606181593707089,181.7851104736328,188.93304443359375,True,100,1e-05,0.4641588833612777,0.9
494,34.361796041880545,0.9837971583116412,78.83272552490234,1.641859769821167,0.045127915642967247,486.7775573730469,464.2347106933594,True,100,1e-05,0.4641588833612777,0.9
495,23.938745175002055,0.9091349129821679,504.7784423828125,0.879105269908905,0.06805466586674444,234.3214874267578,353.9988708496094,True,100,1e-05,0.0464158883361277,0.9
496,30.118578988234063,0.9717723232520008,287.4476013183594,1.7540446519851685,0.06599342144273268,387.5469055175781,584.0724487304688,True,100,1e-05,0.0046415888336127,0.9
497,37.12627726173733,0.9839437001445345,1.1596823930740356,0.4248749911785126,0.04861925898109397,81.48016357421875,78.65690612792969,True,100,1e-05,0.01,0.9
498,29.802513023956408,0.9614211861486283,991.7691650390625,7.2732343673706055,0.0426031820873153,1496.36181640625,974.42041015625,True,100,1e-05,0.2154434690031882,0.9
499,18.800815841453662,0.7980151850103292,12679.7890625,4.890121936798096,0.08293353887203016,745.4983520507812,986.2245483398438,True,100,1e-05,0.0464158883361277,0.9
500,22.967121282155002,0.8389531251691414,2389.650146484375,2.4572155475616455,0.051545606120909734,444.1103515625,698.4635620117188,True,100,1e-05,0.4641588833612777,0.9
501,27.80808729496008,0.964022651245535,476.5088806152344,2.291912078857422,0.06518069062777546,487.7534484863281,536.5602416992188,True,100,1e-05,0.2154434690031882,0.9
502,27.678738069918968,0.9430150076834883,152.1494903564453,1.5320247411727905,0.0660203852762092,230.07936096191406,310.21807861328125,True,100,1e-05,0.001,0.9
503,28.036088655246417,0.96354348353957,1039.789306640625,4.297427654266357,0.0845147894706795,755.8622436523438,813.981201171875,True,100,1e-05,0.1,0.9
504,21.90248270004632,0.87778569809226,2991.076416015625,1.802891492843628,0.06660964904475092,486.9974365234375,685.0464477539062,True,100,1e-05,0.0464158883361277,0.9
505,39.566325300819564,0.9823832707047093,2.9467861652374268,0.948003351688385,0.06129313652160152,170.4654541015625,163.45431518554688,True,100,1e-05,0.1,0.9
506,22.672924137852313,0.8828793877752072,4451.6884765625,3.4379799365997314,0.08441759020215052,606.2196044921875,911.0162353515625,True,100,1e-05,0.0464158883361277,0.9
507,29.610880258483668,0.9649492086317886,711.7461547851562,1.7187813520431519,0.0643817697016365,596.065673828125,822.7147216796875,True,100,1e-05,0.0046415888336127,0.9
508,26.446014916198877,0.9121186049699291,2008.2496337890625,5.420299053192139,0.08889410030531208,690.41162109375,949.85009765625,True,100,1e-05,0.0464158883361277,0.9
509,40.0841746410063,0.9662924568227447,51.211265563964844,4.003873348236084,0.062195444135504596,763.8892211914062,725.9937744140625,True,100,1e-05,0.1,0.9
510,29.367507860295753,0.9610151515964138,392.3799743652344,4.813222885131836,0.04942387727929915,592.3201293945312,613.8017578125,True,100,1e-05,0.01,0.9
511,20.756860695500208,0.8701708431019445,1466.6231689453125,3.9248507022857666,0.04741895974819014,585.6624755859375,418.8247985839844,True,100,1e-05,0.1,0.9
512,35.808105432876886,0.9731604359405821,194.50477600097656,5.920536041259766,0.07261031695196972,867.2368774414062,932.7957763671875,True,100,1e-05,0.0046415888336127,0.9
513,23.906916622985793,0.9116255133472848,3036.350830078125,6.3128180503845215,0.07087367827408993,681.7140502929688,866.1978149414062,True,100,1e-05,0.0215443469003188,0.9
514,32.068100562647956,0.9287724746131676,1.3219122886657715,0.38659197092056274,0.04298353524385758,66.76537322998047,46.1734504699707,True,100,1e-05,0.0046415888336127,0.9
515,25.34360331720453,0.9339671334571874,2.114004611968994,0.10406367480754852,0.053888383957339664,19.702497482299805,27.340606689453125,True,100,1e-05,0.0021544346900318,0.9
516,29.328296789776672,0.9664861293523058,159.16432189941406,3.961761951446533,0.060580335625727656,408.2022399902344,377.0869140625,True,100,1e-05,0.0215443469003188,0.9
517,39.407282119269105,0.9680680785985554,69.99905395507812,3.5260376930236816,0.05730201434068962,884.0904541015625,810.7427978515625,True,100,1e-05,0.01,0.9
518,24.39946238132262,0.89070134919922,3412.117919921875,5.272806167602539,0.060545356557559195,1137.104248046875,987.2888793945312,True,100,1e-05,0.1,0.9
519,30.709343075173333,0.9744865740385095,16.243553161621094,1.207873821258545,0.04715404037642882,164.67042541503906,151.2664794921875,True,100,1e-05,0.0021544346900318,0.9
520,22.694269898496472,0.8557960047899342,1883.5574951171875,1.8799805641174316,0.08762001531087461,374.2026672363281,594.5365600585938,True,100,1e-05,0.2154434690031882,0.9
521,26.515157314278465,0.9618841044151131,324.5283203125,2.1362218856811523,0.08437493761586512,337.8455505371094,381.5099792480469,True,100,1e-05,0.4641588833612777,0.9
522,33.54523964882282,0.9707902420708147,415.2915344238281,6.410506248474121,0.056521362906660336,1096.646240234375,969.9444580078125,True,100,1e-05,0.1,0.9
523,26.51000235528251,0.8566682736245892,953.8421020507812,3.364001989364624,0.07543502964967479,490.88037109375,842.2767944335938,True,100,1e-05,0.2154434690031882,0.9
524,29.351744060258355,0.9431909485897905,815.9635620117188,7.256011009216309,0.03400381190763288,1292.2650146484375,838.4903564453125,True,100,1e-05,0.0464158883361277,0.9
525,32.06114593793371,0.9713130430448166,129.9735870361328,1.5288715362548828,0.0686804677664973,393.104736328125,469.2244567871094,True,100,1e-05,0.0215443469003188,0.9
526,34.12307944159971,0.972396234286828,66.37957000732422,3.2533280849456787,0.037139541151389406,493.5289611816406,415.4046936035156,True,100,1e-05,0.1,0.9
527,30.545665311252094,0.9603894619872818,65.5655517578125,1.844848871231079,0.05229527244241625,266.33306884765625,274.1336669921875,True,100,1e-05,0.1,0.9
528,28.163968537384733,0.9584182402536165,4.922104835510254,0.5622797012329102,0.030791101685890467,80.23965454101562,57.319122314453125,True,100,1e-05,0.0215443469003188,0.9
529,35.9211014666189,0.9876648827510721,191.18101501464844,6.676931381225586,0.05394120261492805,872.021484375,864.857666015625,True,100,1e-05,0.4641588833612777,0.9
530,27.552215758554098,0.9567279756065339,1140.940673828125,5.730307579040527,0.06504539681394342,696.9991455078125,813.088134765625,True,100,1e-05,0.0215443469003188,0.9
531,28.69595827900733,0.9644727915894505,1348.2308349609375,3.0526297092437744,0.03770424745754696,867.25537109375,999.7179565429688,True,100,1e-05,0.1,0.9
532,19.21021838160253,0.7937105501592505,11858.54296875,5.46594762802124,0.03497310175627296,1183.0361328125,996.6401977539062,True,100,1e-05,0.2154434690031882,0.9
533,27.318298872432564,0.9650979215900103,567.4241943359375,4.395234107971191,0.05042236365654944,528.866943359375,555.8762817382812,True,100,1e-05,0.0215443469003188,0.9
534,19.16742446504561,0.8179591856668612,7140.83935546875,3.432880163192749,0.03340954422254555,901.8584594726562,769.2184448242188,True,100,1e-05,0.4641588833612777,0.9
535,27.38987709632945,0.897337497060827,1355.8209228515625,1.8881397247314453,0.2290454698835836,307.4920654296875,944.8209838867188,True,100,1e-05,0.001,0.9
536,28.28103675208829,0.9462504569591015,1070.4925537109375,5.004055500030518,0.054687168514310006,779.6588134765625,849.7977294921875,True,100,1e-05,0.0464158883361277,0.9
537,25.751593761000258,0.9299358328721717,163.63467407226562,0.9031429290771484,0.055483904510434855,216.88768005371094,248.1007537841797,True,100,1e-05,0.2154434690031882,0.9
538,39.190523029654486,0.9836439594272736,24.359416961669922,2.1902055740356445,0.0732834510029694,427.1358947753906,451.0935974121094,True,100,1e-05,0.1,0.9
539,31.00291285187181,0.9523188468949222,13.36221694946289,1.4051913022994995,0.05585098796313996,144.9608154296875,130.03025817871094,True,100,1e-05,0.1,0.9
540,24.002135007730136,0.9016700719605859,3510.744140625,6.959139347076416,0.11089369858104571,686.0288696289062,954.0969848632812,True,100,1e-05,0.0215443469003188,0.9
541,37.90292509289883,0.9552901855740077,59.30470275878906,3.5390446186065674,0.04004482907196535,724.4977416992188,606.5684814453125,True,100,1e-05,0.0464158883361277,0.9
542,20.66644830898861,0.828352690580115,448.1798400878906,1.171979546546936,0.05568530994051756,197.87899780273438,229.41416931152344,True,100,1e-05,0.1,0.9
543,30.716869703915975,0.9341317699497452,378.27911376953125,5.621725082397461,0.053084776035165766,676.3307495117188,672.0289916992188,True,100,1e-05,0.0046415888336127,0.9
544,35.738635081967544,0.9666177023921096,101.96092987060547,3.205705404281616,0.04533014971164412,646.3964233398438,618.5101318359375,True,100,1e-05,0.2154434690031882,0.9
545,20.658973786556125,0.8375489905376359,1095.536376953125,2.623469829559326,0.06662972264873736,311.644287109375,358.8045654296875,True,100,1e-05,0.2154434690031882,0.9
546,28.190854179037093,0.9599601976089064,19.62018394470215,1.0719900131225586,0.07197237186588225,111.99288177490234,114.44403839111328,True,100,1e-05,0.1,0.9
547,22.585265436139107,0.8821429187080283,2381.480224609375,4.120954990386963,0.06991763412517482,499.55816650390625,671.901611328125,True,100,1e-05,0.0215443469003188,0.9
548,34.8089286715682,0.9732590765376086,87.43952178955078,1.1275924444198608,0.07432637737329542,370.9600524902344,520.7874145507812,True,100,1e-05,0.01,0.9
549,24.22135604072926,0.8550638315391365,2222.82275390625,4.947920799255371,0.08477134164369905,485.1163330078125,772.5460815429688,True,100,1e-05,0.4641588833612777,0.9
550,38.003565674215785,0.9732735389680193,41.83559799194336,2.046696186065674,0.04159658755914168,501.45654296875,520.643310546875,True,100,1e-05,0.0215443469003188,0.9
551,31.569906700710998,0.9677409881301093,409.2095031738281,5.792788505554199,0.03549549183671079,1135.7908935546875,852.329345703125,True,100,1e-05,0.001,0.9
552,38.95436765908436,0.978532192692299,38.80750274658203,3.2471864223480225,0.06291403949861273,590.8070678710938,552.3549194335938,True,100,1e-05,0.1,0.9
553,35.2364358049865,0.9542302844740289,76.17095947265625,1.5731170177459717,0.08541794755926514,446.127685546875,561.3770141601562,True,100,1e-05,0.0215443469003188,0.9
554,32.160069105674914,0.972838035278153,429.8025817871094,4.964766502380371,0.09787650227581178,634.4185180664062,876.7769775390625,True,100,1e-05,0.0464158883361277,0.9
555,35.57645583844611,0.9801874263029472,45.15313720703125,3.005228042602539,0.059297129811151573,462.05145263671875,404.0793762207031,True,100,1e-05,0.2154434690031882,0.9
556,27.76980568547002,0.9622149823466075,30.259929656982422,0.9722999334335327,0.06333889390700448,117.62599182128906,134.88121032714844,True,100,1e-05,0.0464158883361277,0.9
557,24.613542298022555,0.8780163323892481,2.990196704864502,0.1701854020357132,0.10028274927985485,20.946147918701172,29.75389289855957,True,100,1e-05,0.0004641588833612,0.9
558,35.79550134992048,0.9777811270964527,150.0912322998047,3.222580909729004,0.0663228408004148,796.230224609375,755.3821411132812,True,100,1e-05,0.2154434690031882,0.9
559,35.01820242943304,0.9805507952553076,121.23100280761719,3.885485887527466,0.057248164716145855,657.647705078125,620.6892700195312,True,100,1e-05,0.4641588833612777,0.9
560,38.609518828392595,0.9927690768204975,68.26615905761719,2.525484323501587,0.0607434712370926,655.1724853515625,704.3756713867188,True,100,1e-05,0.2154434690031882,0.9
561,24.637076757446277,0.8837704586001619,154.73446655273438,1.2720880508422852,0.06531641990938362,207.1856689453125,213.75119018554688,True,100,1e-05,0.2154434690031882,0.9
562,26.64412939529565,0.9281666788232433,39.184364318847656,1.001292109489441,0.049056928497819896,125.24384307861328,137.235107421875,True,100,1e-05,0.0464158883361277,0.9
563,30.841039594798964,0.9562853334925231,0.19853441417217255,0.12433812767267227,0.062334526169946954,16.596845626831055,15.530120849609375,True,100,1e-05,0.2154434690031882,0.9
564,26.93392080742145,0.9498068642936132,249.70260620117188,2.7460544109344482,0.049443419451266894,305.066162109375,351.2369689941406,True,100,1e-05,0.0464158883361277,0.9
565,24.30741239207222,0.9171936359901416,1247.01416015625,2.154554843902588,0.036151757369212806,426.3609924316406,590.3277587890625,True,100,1e-05,0.01,0.9
566,28.142102789689076,0.9207223055809636,165.94432067871094,1.1610231399536133,0.06208287483604337,274.7541198730469,392.851806640625,True,100,1e-05,0.2154434690031882,0.9
567,32.635725902551954,0.9708022166916215,104.5525131225586,1.770804524421692,0.05066016035854821,506.3687744140625,438.0374450683594,True,100,1e-05,0.2154434690031882,0.9
568,26.861323440674862,0.9169449504720522,1632.6063232421875,8.123452186584473,0.050060598405037814,928.3303833007812,904.2545166015625,True,100,1e-05,0.0464158883361277,0.9
569,30.34928305753651,0.9556940340266877,112.31234741210938,5.5167083740234375,0.07463365438695337,370.4335632324219,348.9072265625,True,100,1e-05,0.2154434690031882,0.9
570,28.389048061058077,0.9547402930164361,374.9524841308594,4.5458984375,0.05097013694680158,505.4715881347656,514.4755249023438,True,100,1e-05,0.0215443469003188,0.9
571,37.236038606979086,0.9860183403772467,115.7442855834961,8.114020347595215,0.03984580659809521,1065.337646484375,783.869384765625,True,100,1e-05,0.0001,0.9
572,32.26686875035226,0.9551014909895581,80.80536651611328,3.0747385025024414,0.09146551036698765,339.0716857910156,397.146240234375,True,100,1e-05,0.0002154434690031,0.9
573,37.052636453896504,0.9786180767727587,76.14356994628906,4.720422267913818,0.047248856566778304,741.3121948242188,622.464599609375,True,100,1e-05,0.2154434690031882,0.9
574,39.807378727411596,0.9858796355402014,76.39208221435547,4.022922992706299,0.06180623807092573,874.9541625976562,862.5013427734375,True,100,1e-05,0.0046415888336127,0.9
575,36.04948773188699,0.9733776561492983,223.85670471191406,8.207042694091797,0.05994454318216926,1258.8370361328125,949.5711059570312,True,100,1e-05,0.4641588833612777,0.9
576,36.881521072990516,0.981619514240446,4.48154878616333,0.4190245270729065,0.05467691417066964,123.3947525024414,147.92640686035156,True,100,1e-05,0.0464158883361277,0.9
577,26.971997632904525,0.91622844490646,1650.6668701171875,5.252119064331055,0.08392377713796406,714.4252319335938,926.6610107421875,True,100,1e-05,0.0464158883361277,0.9
578,28.955627763739628,0.9619340130480697,306.8946533203125,3.2631850242614746,0.041339649024730044,491.6319580078125,492.6241760253906,True,100,1e-05,0.01,0.9
579,25.479965004660592,0.9591125871897728,188.5635528564453,1.7553414106369019,0.07439570299906886,206.7897491455078,258.98614501953125,True,100,1e-05,0.1,0.9
580,26.784492946384756,0.9538853855571019,442.4586486816406,2.505871534347534,0.07890799007299998,401.293701171875,459.6766052246094,True,100,1e-05,0.0464158883361277,0.9
581,29.59929633441063,0.9414738552073946,1053.0623779296875,6.231106281280518,0.04778044081318289,1139.88330078125,980.0525512695312,True,100,1e-05,0.2154434690031882,0.9
582,30.06481882467378,0.9580368259373833,236.96812438964844,6.912386894226074,0.05370905485332466,527.8992919921875,493.12548828125,True,100,1e-05,0.0215443469003188,0.9
583,35.02794592056746,0.9817773339456818,34.072914123535156,1.3223432302474976,0.04495952311402018,328.87896728515625,329.4228515625,True,100,1e-05,0.2154434690031882,0.9
584,29.468686971061786,0.9754538631107047,450.2707824707031,8.267317771911621,0.045238406954929235,825.9865112304688,633.7674560546875,True,100,1e-05,0.01,0.9
585,35.498399269521315,0.9748117147922762,15.5210599899292,0.8654258251190186,0.0641178536909701,222.42604064941406,240.9054718017578,True,100,1e-05,0.0215443469003188,0.9
586,22.91629126279603,0.8162002432757414,30.040761947631836,1.41363525390625,0.0578696767805309,78.73051452636719,76.78746795654297,True,100,1e-05,0.01,0.9
587,33.25920105229701,0.9642911196385497,7.939748764038086,0.6759716868400574,0.05378739743662692,142.3974151611328,129.75083923339844,True,100,1e-05,0.2154434690031882,0.9
588,30.803426620218435,0.971091266786843,13.77576732635498,0.8231896162033081,0.0600046031108775,111.83597564697266,128.91778564453125,True,100,1e-05,0.2154434690031882,0.9
589,27.391808327656125,0.9503515853534066,40.567142486572266,0.9959336519241333,0.05687692850722452,142.76626586914062,152.75079345703125,True,100,1e-05,0.0021544346900318,0.9
590,23.696113886494455,0.885727382844585,80.58135223388672,0.9008824825286865,0.12666361109142374,98.2812271118164,139.68833923339844,True,100,1e-05,0.0215443469003188,0.9
591,33.304471937825966,0.9718486308836224,184.87498474121094,1.7958992719650269,0.08061255903055328,455.16156005859375,641.23388671875,True,100,1e-05,0.0002154434690031,0.9
592,22.755800001632842,0.8670768658783371,167.79605102539062,1.0074501037597656,0.09235600384343058,122.22338104248047,182.69821166992188,True,100,1e-05,0.0215443469003188,0.9
593,29.6934446895925,0.9573685018916617,128.5397186279297,2.9945340156555176,0.06272764929471075,416.53472900390625,346.3216247558594,True,100,1e-05,0.2154434690031882,0.9
594,37.74559189994428,0.9562702380559024,133.9534454345703,4.609726905822754,0.04944520318543075,1049.4864501953125,896.8916015625,True,100,1e-05,0.0215443469003188,0.9
595,23.095985219652842,0.8632854752889397,1076.5855712890625,1.8468083143234253,0.07361067846593312,551.7576293945312,474.4876708984375,True,100,1e-05,0.4641588833612777,0.9
596,37.29707027237023,0.9668946073873985,82.27511596679688,4.289590835571289,0.05079355115973484,700.5938110351562,667.8901977539062,True,100,1e-05,0.0046415888336127,0.9
597,34.31626889299005,0.9825331702044136,11.077315330505371,0.7045884132385254,0.050732733540155124,183.2779998779297,173.14755249023438,True,100,1e-05,0.4641588833612777,0.9
598,26.761388957932688,0.9527067108881363,78.5366439819336,1.1930402517318726,0.07432418252970886,174.14224243164062,193.0967254638672,True,100,1e-05,0.1,0.9
599,31.116847805486287,0.9725767787088427,1.3524961471557617,0.24190883338451385,0.0735205059111927,38.29512405395508,41.8277473449707,True,100,1e-05,0.2154434690031882,0.9
600,32.34614622354239,0.9760110704891453,16.74423599243164,1.0371980667114258,0.06405363644519897,151.19520568847656,169.76612854003906,True,100,1e-05,0.1,0.9
601,32.69440494733912,0.9789035994448037,41.94642639160156,1.3584554195404053,0.06375472891572219,293.3634338378906,279.3117370605469,True,100,1e-05,0.2154434690031882,0.9
602,29.472316163512417,0.9315557599882115,30.607025146484375,0.40714460611343384,0.04714703793375788,164.99420166015625,177.83348083496094,True,100,1e-05,0.2154434690031882,0.9
603,30.201794032777926,0.9764720463377526,7.655523300170898,0.4873908460140228,0.07177710778136609,91.23438262939453,89.61383056640625,True,100,1e-05,0.4641588833612777,0.9
604,35.495191494527575,0.9680006897655556,4.04103422164917,0.7479872703552246,0.0841446676489353,119.27183532714844,121.5152359008789,True,100,1e-05,0.0215443469003188,0.9
605,32.382480405468044,0.9458403796787971,122.22388458251953,4.515072345733643,0.06407892900840223,572.5758056640625,461.3179931640625,True,100,1e-05,0.0464158883361277,0.9
606,35.90420416930722,0.9894405851300164,10.995199203491211,0.8423081636428833,0.06687119799468101,187.18528747558594,207.12738037109375,True,100,1e-05,0.2154434690031882,0.9
607,22.847265013445515,0.8831940471249708,687.7578735351562,1.9261314868927002,0.060842248465699286,295.5636901855469,364.90557861328125,True,100,1e-05,0.0464158883361277,0.9
608,38.507272640037485,0.959333405083178,35.729434967041016,2.683473587036133,0.05350360716841001,631.5244750976562,503.9138488769531,True,100,1e-05,0.0046415888336127,0.9
609,35.6353687845368,0.9842735144037703,130.15045166015625,6.25191593170166,0.0381530072425515,864.2617797851562,690.7044067382812,True,100,1e-05,0.2154434690031882,0.9
610,17.948077914187312,0.7443421692242034,26.003171920776367,0.12413111329078674,0.10439633933548699,26.71533203125,40.2728271484375,True,100,1e-05,0.2154434690031882,0.9
611,38.90791753001895,0.9774939380624592,80.94281768798828,3.2868387699127197,0.051976773636290795,828.0296020507812,799.6109619140625,True,100,1e-05,0.01,0.9
612,28.778495186755602,0.9645245095985961,519.681396484375,2.6001851558685303,0.07220392425785783,473.90435791015625,628.2724609375,True,100,1e-05,0.1,0.9
613,34.272138909921075,0.9493758137442625,2.5366697311401367,0.7871679663658142,0.031385030225155826,140.48362731933594,82.67727661132812,True,100,1e-05,0.01,0.9
614,18.466163108478334,0.7592646208457443,10802.45703125,4.504454135894775,0.029578478500012374,1391.085693359375,873.7050170898438,True,100,1e-05,0.4641588833612777,0.9
615,38.01973982329946,0.976552700156767,130.9541015625,11.123456001281738,0.046404922219586954,1149.2957763671875,920.9515380859375,True,100,1e-05,0.0215443469003188,0.9
616,27.27657921985559,0.9554996778890568,6.765230655670166,0.1675255447626114,0.05781463960632851,43.89826202392578,62.01688003540039,True,100,1e-05,0.0215443469003188,0.9
617,23.035197829136592,0.877551210092446,380.0718688964844,3.2404167652130127,0.08813147776900193,183.06842041015625,277.60076904296875,True,100,1e-05,0.0002154434690031,0.9
618,23.98311783473592,0.9322642777288108,2525.496826171875,7.148869037628174,0.061060255989686556,562.6380615234375,806.3950805664062,True,100,1e-05,0.0046415888336127,0.9
619,37.67133424217872,0.9732309158726127,93.47126770019531,2.8793368339538574,0.07586156567777169,727.6895751953125,748.5114135742188,True,100,1e-05,0.0464158883361277,0.9
620,25.136712448789137,0.9275819728817979,105.06842803955078,1.1408110857009888,0.07413982212429335,159.0836639404297,185.3365020751953,True,100,1e-05,0.1,0.9
621,22.48001336429408,0.8577282922719152,232.3976287841797,1.4223849773406982,0.10024659779348395,129.14242553710938,210.1399688720703,True,100,1e-05,0.0215443469003188,0.9
622,33.95311494343402,0.9832580893370635,55.411399841308594,1.766971468925476,0.08353694841325866,336.3404541015625,371.10162353515625,True,100,1e-05,0.2154434690031882,0.9
623,28.841165110425266,0.9407822322734738,302.6888732910156,3.0963423252105713,0.06637075198186446,459.5388488769531,485.0384521484375,True,100,1e-05,0.2154434690031882,0.9
624,34.30566262884948,0.9937104942321285,141.2740478515625,6.948605537414551,0.06291092288609551,701.7389526367188,618.6365356445312,True,100,1e-05,0.0464158883361277,0.9
625,35.25247078163862,0.9571021049484318,40.229454040527344,3.7602946758270264,0.044262382477343834,475.9142761230469,369.54473876953125,True,100,1e-05,0.0464158883361277,0.9
626,32.67182166856894,0.9819699256566533,115.830810546875,1.4901655912399292,0.053859207897363204,433.8436279296875,463.0721740722656,True,100,1e-05,0.2154434690031882,0.9
627,29.14306328294987,0.963795035385495,679.7077026367188,3.2030818462371826,0.06757927716543233,643.2652587890625,747.7234497070312,True,100,1e-05,0.1,0.9
628,42.01250438038602,0.9883779430967612,0.07135672122240067,0.274831622838974,0.06566561402583475,44.26449966430664,37.64651870727539,True,100,1e-05,0.01,0.9
629,29.980899941144465,0.940597796591116,63.31325149536133,0.8982720971107483,0.06278430971765138,217.64700317382812,253.18450927734375,True,100,1e-05,0.2154434690031882,0.9
630,38.189601506112794,0.9650090958834678,77.0967788696289,3.2293596267700195,0.05499672526717693,760.2525634765625,713.63623046875,True,100,1e-05,0.0464158883361277,0.9
631,35.53326887925844,0.9793978464185146,220.25677490234375,4.681640148162842,0.06009988679491541,808.08642578125,895.3116455078125,True,100,1e-05,0.0046415888336127,0.9
632,36.924475430238616,0.9720865044862002,52.45172119140625,1.6587780714035034,0.06867943667188284,435.55560302734375,512.165771484375,True,100,1e-05,0.01,0.9
633,19.878863475737138,0.8420938553480022,2901.257568359375,2.4403369426727295,0.056953429501572256,542.1821899414062,532.5813598632812,True,100,1e-05,0.2154434690031882,0.9
634,22.121279100010398,0.8972589041988709,71.40122985839844,0.3701417148113251,0.06389595146698099,91.9658203125,108.0648422241211,True,100,1e-05,0.0215443469003188,0.9
635,34.48884982552338,0.9858051115422057,71.33988189697266,1.7286474704742432,0.08695236416888136,401.24005126953125,447.9649658203125,True,100,1e-05,0.2154434690031882,0.9
636,40.66783921588993,0.9871401649325994,24.353010177612305,2.2505640983581543,0.046620538754052684,514.1630859375,533.0846557617188,True,100,1e-05,0.0464158883361277,0.9
637,29.960375413156456,0.9642853748564627,56.37308883666992,1.939819574356079,0.03787447276572337,378.3120422363281,243.22802734375,True,100,1e-05,0.01,0.9
638,36.07603628072711,0.9684387692341617,17.98814582824707,2.7456278800964355,0.050364102930464255,273.07135009765625,269.9739990234375,True,100,1e-05,0.2154434690031882,0.9
639,33.75671823786162,0.9717820052238195,59.43913650512695,1.4018073081970215,0.052360420012749764,313.7983703613281,377.9068908691406,True,100,1e-05,0.0464158883361277,0.9
640,30.77396017650152,0.9531914049219359,0.36465203762054443,0.29734641313552856,0.052809806931294265,25.490793228149414,21.05112648010254,True,100,1e-05,0.0464158883361277,0.9
641,23.59791356134126,0.8772864454567396,441.6065673828125,1.89008629322052,0.09972741562528331,234.4521942138672,322.757080078125,True,100,1e-05,0.2154434690031882,0.9
642,21.892539422011733,0.8732533648593175,286.0363464355469,1.4186824560165405,0.06037196318958548,243.97372436523438,212.23655700683594,True,100,1e-05,0.1,0.9
643,28.86145753379852,0.9510170113299161,138.0518798828125,1.943357229232788,0.07746994992412892,318.36456298828125,328.16986083984375,True,100,1e-05,0.0215443469003188,0.9
644,24.95625392481977,0.8805727966240788,42.031822204589844,0.4929937720298767,0.1235041537904256,65.41883850097656,120.64237213134766,True,100,1e-05,0.0021544346900318,0.9
645,38.14381840632829,0.9767423304580191,121.560302734375,4.15308952331543,0.05534115408631879,924.5753784179688,890.6367797851562,True,100,1e-05,0.1,0.9
646,26.307837303322632,0.9452837251787054,822.0543823242188,3.8302669525146484,0.044203989706735856,536.334228515625,593.9988403320312,True,100,1e-05,0.0464158883361277,0.9
647,31.627803183365977,0.9817923604058039,282.7153625488281,4.683794021606445,0.05706832670635845,638.87451171875,679.4232177734375,True,100,1e-05,0.0021544346900318,0.9
648,33.380501641425454,0.933529560622145,241.1912078857422,4.263704299926758,0.07098890251482147,740.2354736328125,789.382080078125,True,100,1e-05,0.0464158883361277,0.9
649,32.57526255510892,0.9781264762852583,137.52902221679688,2.191154956817627,0.06666738138850714,538.0015869140625,498.9437561035156,True,100,1e-05,0.2154434690031882,0.9
650,28.8810312816848,0.9599927276280642,5.558465480804443,0.34283366799354553,0.1240435498528187,41.34366226196289,87.83336639404297,True,100,1e-05,0.0464158883361277,0.9
651,24.895617744417194,0.9462355432418724,934.03759765625,6.179179668426514,0.044560109087099016,666.9900512695312,537.5694580078125,True,100,1e-05,0.1,0.9
652,37.450513950893296,0.9773184332777473,59.04834747314453,1.7197601795196533,0.07645601413155928,524.6630249023438,587.2542724609375,True,100,1e-05,0.001,0.9
653,23.154078244271208,0.8880464729842883,2630.312744140625,4.005784511566162,0.05888110783104741,654.4197998046875,745.6940307617188,True,100,1e-05,0.01,0.9
654,30.214101430037594,0.9624390301628133,177.14501953125,2.1110687255859375,0.06643675738551669,381.2054443359375,432.2278747558594,True,100,1e-05,0.0464158883361277,0.9
655,24.141648564175846,0.9287721101421443,63.41395950317383,1.175449252128601,0.07389239172195948,111.8387451171875,128.45272827148438,True,100,1e-05,0.1,0.9
656,36.52074543021234,0.9545230922684211,14.90285873413086,1.5605335235595703,0.06820800497766576,291.3649597167969,284.49212646484375,True,100,1e-05,0.0046415888336127,0.9
657,34.4449223192009,0.9759044614154365,38.21903991699219,0.8212872743606567,0.09181401710516997,273.6296081542969,363.7192077636719,True,100,1e-05,0.0046415888336127,0.9
658,31.1985005389384,0.9661910395119705,215.49740600585938,1.127498984336853,0.15672601847426293,316.7578430175781,646.2713012695312,True,100,1e-05,0.01,0.9
659,38.26076333225514,0.9700643749690401,44.9784049987793,1.9735480546951294,0.052740987500307646,548.0652465820312,571.20751953125,True,100,1e-05,0.0046415888336127,0.9
660,23.759761418848907,0.8402667730552362,519.0779418945312,2.292071580886841,0.06053472610748437,274.7509460449219,356.7406311035156,True,100,1e-05,0.1,0.9
661,34.943530492842484,0.9702788239000875,297.9242248535156,6.895940780639648,0.04309313337552049,1110.734375,986.5287475585938,True,100,1e-05,0.01,0.9
662,26.505552774370003,0.9479936927372457,813.6569213867188,4.9011712074279785,0.0669720200268487,499.17120361328125,606.1690673828125,True,100,1e-05,0.0215443469003188,0.9
663,35.603658530181036,0.9806324726564596,15.528092384338379,0.8958351612091064,0.04478659587158932,261.7021179199219,237.98956298828125,True,100,1e-05,0.2154434690031882,0.9
664,25.14538017636754,0.9550725510411188,32.134674072265625,1.2111963033676147,0.06431538095669728,108.24217224121094,102.6806869506836,True,100,1e-05,0.0215443469003188,0.9
665,23.34322000328227,0.9150782922603348,109.32583618164062,0.7221841812133789,0.05575371534004726,177.89544677734375,153.70628356933594,True,100,1e-05,0.2154434690031882,0.9
666,25.104106998967044,0.8719983612794077,184.97122192382812,2.6914327144622803,0.03080403209353099,367.8175964355469,246.71177673339844,True,100,1e-05,0.1,0.9
667,29.284233615012983,0.977553457175492,30.737869262695312,0.6857646107673645,0.035554601009414155,160.7819061279297,161.52069091796875,True,100,1e-05,0.2154434690031882,0.9
668,21.957228801570345,0.8901822106159216,220.70643615722656,1.1023420095443726,0.031869299849838016,199.08514404296875,187.38046264648438,True,100,1e-05,0.1,0.9
669,21.10730117642192,0.8844422353011093,632.0826416015625,2.0665512084960938,0.04641680278899013,359.3055419921875,285.81005859375,True,100,1e-05,0.1,0.9
670,36.64435728992523,0.9714428914405244,6.106247901916504,0.49013662338256836,0.08330088800637149,150.45436096191406,174.20022583007812,True,100,1e-05,0.0215443469003188,0.9
671,22.030268160760254,0.8864762663410667,5024.25341796875,2.3339452743530273,0.07945573479000664,620.1702270507812,896.86865234375,True,100,1e-05,0.2154434690031882,0.9
672,25.710176530530585,0.9279152330537822,17.673873901367188,0.1988375335931778,0.07397353316051873,60.67534255981445,81.15351104736328,True,100,1e-05,0.1,0.9
673,34.596646726991686,0.9693485182874343,95.54200744628906,2.817570447921753,0.062467433941306987,578.1892700195312,524.9868774414062,True,100,1e-05,0.1,0.9
674,30.96900079189638,0.9261649129921868,132.74778747558594,2.867530107498169,0.09175715435599509,234.8950653076172,410.9864196777344,True,100,1e-05,0.0021544346900318,0.9
675,26.80139450055901,0.9367867646037211,1903.354248046875,8.940726280212402,0.06207404127036303,878.2803344726562,982.396240234375,True,100,1e-05,0.0001,0.9
676,33.162601273955914,0.9710618532786551,5.438421249389648,0.39572644233703613,0.07206401190345037,88.01897430419922,112.92686462402344,True,100,1e-05,0.01,0.9
677,20.385167475139934,0.8360081861352825,1450.2457275390625,5.3809614181518555,0.049047881274009344,469.9068908691406,398.4577331542969,True,100,1e-05,0.1,0.9
678,28.55146521570205,0.950964505066259,1302.2415771484375,8.756386756896973,0.04961858848001276,1212.541015625,969.5009765625,True,100,1e-05,0.1,0.9
679,39.09975223764394,0.9897004858013031,91.79447174072266,3.536961793899536,0.08247856768571815,795.6709594726562,865.6416015625,True,100,1e-05,0.1,0.9
680,29.06476669736691,0.9440300039508763,827.858642578125,4.871584892272949,0.07032385732690077,708.37060546875,817.2550048828125,True,100,1e-05,0.2154434690031882,0.9
681,19.347224327311235,0.8317432622250455,771.5800170898438,1.951914668083191,0.04779218583646613,339.4117126464844,258.6449279785156,True,100,1e-05,0.1,0.9
682,31.813585588343713,0.9739052624863613,18.519014358520508,0.8534969091415405,0.04949570180956743,154.12362670898438,171.71670532226562,True,100,1e-05,0.01,0.9
683,28.2391336988647,0.9528710523272323,670.5855102539062,1.4545482397079468,0.05684577605988966,559.410888671875,668.9745483398438,True,100,1e-05,0.1,0.9
684,33.00304873975466,0.9335426122173128,380.9645080566406,4.617251396179199,0.052464132974195166,1197.890869140625,929.4465942382812,True,100,1e-05,0.2154434690031882,0.9
685,27.837155513757935,0.9481372360151619,510.5641784667969,3.707587480545044,0.05802362653144773,625.576904296875,557.2061157226562,True,100,1e-05,0.2154434690031882,0.9
686,34.602304355978355,0.984421480735389,112.92346954345703,3.7151620388031006,0.042350293038699784,524.8121948242188,572.0410766601562,True,100,1e-05,0.0215443469003188,0.9
687,26.489955514304388,0.9499408159370393,176.78085327148438,1.5576962232589722,0.06634908188199225,330.8255310058594,280.6991271972656,True,100,1e-05,0.2154434690031882,0.9
688,34.65075922304472,0.9761394475451195,202.9334259033203,4.063107013702393,0.05730442231556754,798.1647338867188,769.7234497070312,True,100,1e-05,0.1,0.9
689,41.17339708349185,0.9800357036792334,2.692824125289917,0.6969729065895081,0.04821331552731241,187.97384643554688,187.85670471191406,True,100,1e-05,0.2154434690031882,0.9
690,37.48483688981489,0.9891719245289379,18.750669479370117,1.6333723068237305,0.05937577045841926,300.1667785644531,324.3555603027344,True,100,1e-05,0.2154434690031882,0.9
691,37.30284970461329,0.9772902033277341,33.517005920410156,3.0950067043304443,0.036417504228235496,563.0064086914062,426.0110168457031,True,100,1e-05,0.0464158883361277,0.9
692,33.89223269226393,0.9589003188030023,104.91259002685547,2.8943028450012207,0.06975159463134789,467.00775146484375,508.102783203125,True,100,1e-05,0.1,0.9
693,29.302482381551034,0.9385951376905505,69.04071044921875,1.9145653247833252,0.05278459864099638,249.83477783203125,243.16732788085938,True,100,1e-05,0.1,0.9
694,26.430864134236252,0.9382227320758428,30.41914176940918,0.3041093647480011,0.07239355150390485,78.559326171875,115.72198486328125,True,100,1e-05,0.4641588833612777,0.9
695,3.985269721631688,0.865020521640864,146395.25,260.7336730957031,0.04898232830071626,466.730712890625,611.0093994140625,True,100,1e-05,0.0001,0.9
696,27.092007136368423,0.9133768539464387,159.83424377441406,2.4044554233551025,0.09308944331189933,271.735595703125,289.3419189453125,True,100,1e-05,0.1,0.9
697,23.74835599853516,0.8857137100113853,1368.53466796875,2.7723093032836914,0.08571031464461522,383.04119873046875,581.656982421875,True,100,1e-05,0.1,0.9
698,-66.12392734674313,0.4743058079381489,96082976768.0,687317.25,0.06537852391182257,128.674560546875,155.20835876464844,True,100,1e-05,0.0001,0.9
699,20.975541847861304,0.8468795573500514,1839.1051025390625,3.8843064308166504,0.09294481983447865,363.3870544433594,481.6589660644531,True,100,1e-05,0.1,0.9
700,35.454005814530156,0.9839668259470579,80.21324157714844,2.2333731651306152,0.06960369245086168,485.9983825683594,533.0568237304688,True,100,1e-05,0.1,0.9
701,32.710222046051115,0.9690045386214498,1.3363151550292969,0.2807850241661072,0.07202345769029982,44.208335876464844,52.77171325683594,True,100,1e-05,0.0215443469003188,0.9
702,22.495306241159213,0.846151439626012,636.062255859375,2.757327079772949,0.035719405156057094,520.3201293945312,337.2676696777344,True,100,1e-05,0.0464158883361277,0.9
703,28.38560796209517,0.9607316181486544,26.203630447387695,1.3287200927734375,0.057629351915533436,139.5288543701172,135.28025817871094,True,100,1e-05,0.001,0.9
704,33.21404333830967,0.9466361753798049,1.9169198274612427,0.4003427028656006,0.03484799406047078,108.06853485107422,64.31159210205078,True,100,1e-05,0.0464158883361277,0.9
705,34.66820267637383,0.9761258095533609,333.2586669921875,3.2686915397644043,0.06488137825916279,888.729736328125,989.9702758789062,True,100,1e-05,0.2154434690031882,0.9
706,36.73248450581716,0.941845768699336,19.928443908691406,1.8745115995407104,0.0627582952385029,336.5133056640625,323.031494140625,True,100,1e-05,0.0215443469003188,0.9
707,17.63367959392587,0.7513899500505812,11292.814453125,9.641589164733887,0.04766350652885533,887.7684936523438,810.0645751953125,True,100,1e-05,0.1,0.9
708,32.89774473174334,0.970746807730973,27.753528594970703,0.9873611927032471,0.06623592127277084,213.4879150390625,255.38601684570312,True,100,1e-05,0.0004641588833612,0.9
709,34.19085178403502,0.9439898299282057,176.99261474609375,9.40562629699707,0.05419602107546554,737.0161743164062,681.8212280273438,True,100,1e-05,0.2154434690031882,0.9
710,33.93071790817209,0.9796088369730457,230.79586791992188,3.467641592025757,0.05361021216439063,664.3275756835938,760.4676513671875,True,100,1e-05,0.0046415888336127,0.9
711,32.82837909879682,0.9696587205425259,181.19375610351562,14.263659477233887,0.036141132429957784,867.9784545898438,596.0430908203125,True,100,1e-05,0.0046415888336127,0.9
712,35.72602587988147,0.9752280752110162,59.57966232299805,4.825291633605957,0.08613104661156659,506.9381408691406,472.1046142578125,True,100,1e-05,0.4641588833612777,0.9
713,27.10020384115682,0.8937497199262527,296.38128662109375,0.9238585829734802,0.16272377235972776,163.41041564941406,412.4290771484375,True,100,1e-05,0.4641588833612777,0.9
714,34.16152590126986,0.950320515962331,46.84911346435547,2.296804666519165,0.06314528485383754,382.5782470703125,349.5194091796875,True,100,1e-05,0.1,0.9
715,37.409819330676,0.9819473245164805,156.8502960205078,7.149336338043213,0.04032386759418283,1312.9228515625,929.599609375,True,100,1e-05,0.4641588833612777,0.9
716,28.74304753180055,0.9558282394281236,918.5272216796875,9.800104141235352,0.04896253537594359,904.4608154296875,830.788818359375,True,100,1e-05,0.0215443469003188,0.9
717,27.356998073544343,0.9608076993987287,1711.450439453125,6.086017608642578,0.057738076026909446,1074.1500244140625,965.0618896484375,True,100,1e-05,0.2154434690031882,0.9
718,30.58211591381443,0.9221392758680802,13.682085037231445,0.9294664859771729,0.029532438736072766,272.54345703125,125.17292785644531,True,100,1e-05,0.2154434690031882,0.9
719,38.34719509784271,0.9816955503449228,78.07733917236328,3.3641598224639893,0.05058676735805673,718.82568359375,731.1365966796875,True,100,1e-05,0.1,0.9
720,21.538433860532816,0.9024520594052637,6151.20166015625,8.326855659484863,0.05117032463588718,806.0807495117188,938.402099609375,True,100,1e-05,0.0464158883361277,0.9
721,26.4031646941635,0.9307506330853369,75.42659759521484,0.9648329615592957,0.08348075581344251,135.41964721679688,182.0518341064453,True,100,1e-05,0.1,0.9
722,35.35607638289468,0.9751234501138929,1.300866961479187,0.6657968163490295,0.053111220253905966,71.8504409790039,67.42977142333984,True,100,1e-05,0.0464158883361277,0.9
723,31.655614800766585,0.9436289516342006,295.1311950683594,3.0164265632629395,0.06285149470362403,641.584228515625,741.3795166015625,True,100,1e-05,0.1,0.9
724,23.138927686273533,0.878703532353977,1513.5147705078125,4.6723785400390625,0.07262817073223043,483.7747802734375,574.8986206054688,True,100,1e-05,0.0046415888336127,0.9
725,29.663265469004642,0.89444256807497,455.5435485839844,5.726964473724365,0.052488113947713404,750.6633911132812,841.9869384765625,True,100,1e-05,0.0464158883361277,0.9
726,26.655163865518578,0.9341709589392477,42.61835861206055,1.2591681480407715,0.06037786232272354,149.49874877929688,140.63259887695312,True,100,1e-05,0.0464158883361277,0.9
727,25.271387355993834,0.9420961888259041,1878.4527587890625,3.7854065895080566,0.05397378203077197,846.7852172851562,795.4720458984375,True,100,1e-05,0.4641588833612777,0.9
728,32.749017838475474,0.9714701788651808,21.72606086730957,1.176462173461914,0.06514157575996561,192.7056427001953,202.42568969726562,True,100,1e-05,0.2154434690031882,0.9
729,36.90452963647671,0.9896486366650146,5.44585657119751,2.27317476272583,0.045886578299194736,225.84068298339844,164.49229431152344,True,100,1e-05,0.0464158883361277,0.9
730,32.94865884423006,0.959433021052703,13.286274909973145,1.2066843509674072,0.052173884781256785,177.2282257080078,165.10153198242188,True,100,1e-05,0.01,0.9
731,39.08363845466909,0.9868562375305853,81.92150115966797,2.9825339317321777,0.04678721211701353,783.2398071289062,814.7601318359375,True,100,1e-05,0.1,0.9
732,25.217287995687006,0.9293914856494888,1330.025390625,3.026841878890991,0.06426965218434982,545.143310546875,665.5320434570312,True,100,1e-05,0.1,0.9
733,24.856005940641236,0.934598128695783,887.7162475585938,4.082602500915527,0.03630684818458068,804.71142578125,523.5423583984375,True,100,1e-05,0.1,0.9
734,24.150250924496635,0.9004627085226935,496.6510925292969,1.587514877319336,0.0477181870254239,329.15277099609375,359.4716491699219,True,100,1e-05,0.2154434690031882,0.9
735,27.33955739467317,0.9440895112921456,1397.1734619140625,5.571389198303223,0.07321888449963515,686.874267578125,877.3233642578125,True,100,1e-05,0.2154434690031882,0.9
736,30.51174037543785,0.9730957872988761,135.79769897460938,5.056021690368652,0.04795997455836471,465.1952209472656,393.05267333984375,True,100,1e-05,0.0464158883361277,0.9
737,32.49918483430513,0.975592160264897,368.13958740234375,10.611204147338867,0.04390459720364926,1109.65283203125,816.7828369140625,True,100,1e-05,0.01,0.9
738,26.44039503996489,0.9389946221444136,437.4866638183594,5.3188252449035645,0.05461334651214447,384.8309631347656,439.6957702636719,True,100,1e-05,0.1,0.9
739,24.62600280726442,0.8515725693442113,489.8587646484375,5.82309103012085,0.04658497765115539,440.9779052734375,377.5674743652344,True,100,1e-05,0.1,0.9
740,27.483579121813285,0.9334363834576833,382.8794250488281,4.681106090545654,0.060998224806149616,546.591796875,463.21710205078125,True,100,1e-05,0.2154434690031882,0.9
741,26.75420510018444,0.9309618781783048,192.4847412109375,1.8642688989639282,0.0514498863837607,398.06854248046875,302.0765075683594,True,100,1e-05,0.4641588833612777,0.9
742,31.099457602460827,0.9721597896118036,433.5946044921875,9.417166709899902,0.06654637193064204,917.9584350585938,747.8617553710938,True,100,1e-05,0.2154434690031882,0.9
743,21.277263550562925,0.8892310370356051,1884.5848388671875,5.917477130889893,0.05141531017631952,581.60791015625,503.2176818847656,True,100,1e-05,0.2154434690031882,0.9
744,35.06796835702793,0.9762555146426485,15.932474136352539,1.3366345167160034,0.04813494525429455,243.06997680664062,232.98048400878906,True,100,1e-05,0.0464158883361277,0.9
745,23.979785608984745,0.8996569472246143,3100.70947265625,2.140287399291992,0.09382311742325218,617.5363159179688,899.6749877929688,True,100,1e-05,0.4641588833612777,0.9
746,24.674843730301905,0.9152314309780443,502.94476318359375,1.2691071033477783,0.07544678745677928,303.7320251464844,384.50732421875,True,100,1e-05,0.2154434690031882,0.9
747,39.804899390495564,0.9839179081567424,30.9151611328125,2.6483776569366455,0.08229391298573215,544.10302734375,544.0093383789062,True,100,1e-05,0.2154434690031882,0.9
748,34.97401159826281,0.9715399447255706,242.67373657226562,1.7413007020950317,0.06093731819141492,695.5513916015625,906.5656127929688,True,100,1e-05,0.0215443469003188,0.9
749,26.700950799150462,0.8872484330902928,819.3720703125,3.9970309734344482,0.07109911237906873,482.52117919921875,624.61376953125,True,100,1e-05,0.0464158883361277,0.9
750,36.77889588347843,0.9611279844807151,2.5640528202056885,0.8394444584846497,0.03478038991169816,150.00477600097656,117.78114318847656,True,100,1e-05,0.0046415888336127,0.9
751,20.91202592245367,0.8759039788066253,7145.85595703125,6.835884094238281,0.03186394954824276,1609.0460205078125,939.8922729492188,True,100,1e-05,0.0464158883361277,0.9
752,26.492136504330336,0.9512275429317579,872.7661743164062,10.214521408081055,0.03581780679419161,854.0602416992188,628.080322265625,True,100,1e-05,0.0046415888336127,0.9
753,29.85846442368329,0.960582507791534,115.65653991699219,1.5908976793289185,0.05683923742514067,241.83236694335938,335.5707092285156,True,100,1e-05,0.0215443469003188,0.9
754,28.173335684036047,0.9428791005406586,29.78387451171875,0.6445716619491577,0.06808717511471465,109.31851196289062,140.13279724121094,True,100,1e-05,0.2154434690031882,0.9
755,22.987922026664943,0.8801809259996941,3168.491455078125,3.925126314163208,0.0780614694082661,650.287841796875,794.2311401367188,True,100,1e-05,0.2154434690031882,0.9
756,34.61245830462296,0.9856678819662523,132.96554565429688,3.4388346672058105,0.0338221708365138,738.518310546875,620.4526977539062,True,100,1e-05,0.2154434690031882,0.9
757,26.228373251293252,0.9140027505368469,656.3389892578125,6.09821081161499,0.030852671724237786,906.3125610351562,533.9276123046875,True,100,1e-05,0.001,0.9
758,27.95368388043709,0.948706814110033,1277.4727783203125,5.75527286529541,0.06039580410645748,794.9114379882812,893.9987182617188,True,100,1e-05,0.2154434690031882,0.9
759,29.553782046533573,0.9405965878367731,648.7041015625,12.170628547668457,0.06090306742209135,765.9982299804688,788.80859375,True,100,1e-05,0.01,0.9
760,27.928007433259047,0.9480270498169834,37.4366569519043,0.8082025051116943,0.06623763500640709,135.03387451171875,152.52320861816406,True,100,1e-05,0.4641588833612777,0.9
761,27.707287003639223,0.9213119576182887,154.00987243652344,2.2278096675872803,0.04884725652994595,305.60125732421875,312.41033935546875,True,100,1e-05,0.0021544346900318,0.9
762,30.765044901986258,0.9654153515233959,51.5662956237793,2.243957042694092,0.0625733584273855,239.08670043945312,249.2406463623047,True,100,1e-05,0.0215443469003188,0.9
763,18.670537975893033,0.8233184483682836,7494.05517578125,4.292214393615723,0.07535558690817311,751.7847900390625,744.2023315429688,True,100,1e-05,0.4641588833612777,0.9
764,30.466285598022303,0.9724971320176395,1.0684285163879395,0.22680282592773438,0.06925120501011921,36.4253044128418,34.4989013671875,True,100,1e-05,0.4641588833612777,0.9
765,36.6870165215206,0.9543845270394171,68.00589752197266,2.324753522872925,0.059995445563382,583.5240478515625,570.31982421875,True,100,1e-05,0.01,0.9
766,19.15875557593875,0.7652050673966926,6766.9501953125,6.238741397857666,0.06223683390025733,594.1228637695312,762.6962280273438,True,100,1e-05,0.01,0.9
767,22.98184661858865,0.8868952404779273,3710.91259765625,4.684839248657227,0.08037984519271518,605.0317993164062,876.8888549804688,True,100,1e-05,0.01,0.9
768,36.677540564295256,0.9879492774867175,25.169641494750977,2.211848020553589,0.06599211028263509,351.4462890625,342.7396545410156,True,100,1e-05,0.1,0.9
769,27.226932082588768,0.8598139519601902,1082.4375,3.7011475563049316,0.10234108593463988,424.0506896972656,821.43603515625,True,100,1e-05,0.1,0.9
770,19.288949935515625,0.7745313885318164,144.01861572265625,0.6258715987205505,0.07352026449044474,89.38569641113281,111.52110290527344,True,100,1e-05,0.4641588833612777,0.9
771,36.404271089475984,0.9938822028499147,163.89016723632812,2.2057244777679443,0.04971953450094819,765.4597778320312,846.6058349609375,True,100,1e-05,0.4641588833612777,0.9
772,31.38559789321596,0.9596069313747226,11.973987579345703,0.5587647557258606,0.038630147963209086,212.17774963378906,128.36117553710938,True,100,1e-05,0.4641588833612777,0.9
773,31.348571551105966,0.9606667820852485,114.59356689453125,3.869943857192993,0.0578728608173776,433.2815856933594,397.8900146484375,True,100,1e-05,0.01,0.9
774,36.22474790488163,0.9678769392048857,151.34097290039062,9.562323570251465,0.053357599792105276,914.1119995117188,797.498046875,True,100,1e-05,0.0004641588833612,0.9
775,32.8281481293659,0.9522710249583732,9.08358383178711,0.8330752849578857,0.07442836796523046,124.41716003417969,150.76751708984375,True,100,1e-05,0.0464158883361277,0.9
776,27.775781602846195,0.9571273887089777,88.15882110595703,1.2961535453796387,0.07479692297417058,195.3351593017578,230.0221405029297,True,100,1e-05,0.4641588833612777,0.9
777,23.5695604690087,0.8791679587341917,2289.844970703125,7.427463531494141,0.11120185894888805,562.0477905273438,722.5303344726562,True,100,1e-05,0.4641588833612777,0.9
778,35.24331200656387,0.9833082003121036,154.9945526123047,4.3109660148620605,0.10915066151346428,738.66259765625,720.3165283203125,True,100,1e-05,0.2154434690031882,0.9
779,39.1376861246202,0.9856106789304007,50.11064529418945,2.64382004737854,0.08639564371467923,605.2620849609375,641.5064697265625,True,100,1e-05,0.2154434690031882,0.9
780,33.702342676982475,0.9637857690776465,201.2828369140625,1.8425557613372803,0.058894630750286434,495.2922058105469,694.2545166015625,True,100,1e-05,0.2154434690031882,0.9
781,40.30137212557392,0.9886032281091708,27.525379180908203,3.6951839923858643,0.06977004134738228,532.7296752929688,543.1817016601562,True,100,1e-05,0.1,0.9
782,25.300162608977296,0.9389232289412716,186.49610900878906,1.2150030136108398,0.11187419793708349,164.06192016601562,252.54725646972656,True,100,1e-05,0.0004641588833612,0.9
783,36.654011315287846,0.9737483215267444,25.109636306762695,1.3142354488372803,0.06479228729206486,332.36376953125,346.3503112792969,True,100,1e-05,0.0464158883361277,0.9
784,40.55468348367742,0.9897920405501798,2.926389455795288,0.7321274876594543,0.058676484406317855,177.4939422607422,182.41612243652344,True,100,1e-05,0.2154434690031882,0.9
785,27.326115443612547,0.9208298535153643,1396.0308837890625,6.311718940734863,0.037900715804438115,912.9380493164062,908.5421142578125,True,100,1e-05,0.001,0.9
786,31.75095984793712,0.9722071464708838,227.0421905517578,3.434515953063965,0.08094698503888122,554.856201171875,583.8084106445312,True,100,1e-05,0.0464158883361277,0.9
787,30.814768595059196,0.9561315475433481,130.10159301757812,4.777706623077393,0.03666221024206729,629.2109985351562,401.4505615234375,True,100,1e-05,0.0215443469003188,0.9
788,31.54971038893986,0.981448879844141,146.0947265625,2.954501152038574,0.05336535935304276,457.65618896484375,462.5437927246094,True,100,1e-05,0.0215443469003188,0.9
789,38.44753219444851,0.9758947665415805,128.19911193847656,3.473557233810425,0.0652837615591994,907.4262084960938,947.3360595703125,True,100,1e-05,0.1,0.9
790,33.94053249321032,0.9665360873943758,8.591535568237305,0.8620412349700928,0.06583494279270376,157.94833374023438,154.19805908203125,True,100,1e-05,0.0215443469003188,0.9
791,33.23560746781147,0.9736045117886934,163.30140686035156,3.052365779876709,0.056734508820254305,606.2754516601562,586.6436157226562,True,100,1e-05,0.4641588833612777,0.9
792,25.043295124076522,0.9385439499379337,800.299072265625,4.8117876052856445,0.07439319271113919,465.420166015625,506.3827819824219,True,100,1e-05,0.0215443469003188,0.9
793,29.314000762268964,0.9824027295144596,435.6623229980469,9.477264404296875,0.06578777877790923,776.6041870117188,611.8427734375,True,100,1e-05,0.01,0.9
794,22.57457007273166,0.8788839492964163,2.004380702972412,0.16575723886489868,0.053582290383531794,13.413119316101074,19.092073440551758,True,100,1e-05,0.0021544346900318,0.9
795,27.794385855762826,0.9351950383469293,1264.0675048828125,6.303117752075195,0.041252676819703106,1028.11376953125,872.2517700195312,True,100,1e-05,0.1,0.9
796,32.27583314814753,0.9466012889947992,455.4342956542969,5.58402681350708,0.05275372058635992,1028.058837890625,932.1861572265625,True,100,1e-05,0.1,0.9
797,36.07532707133197,0.9741651643571224,78.69258117675781,3.0311686992645264,0.04688720270293768,565.1222534179688,565.5680541992188,True,100,1e-05,0.2154434690031882,0.9
798,29.91665007333136,0.960124640488157,493.74407958984375,2.754235029220581,0.058682476991783104,593.52734375,696.9541625976562,True,100,1e-05,0.1,0.9
799,35.65150002296009,0.9425907868034638,168.70933532714844,3.603484869003296,0.05492900175251516,909.0938110351562,922.576904296875,True,100,1e-05,0.0046415888336127,0.9
800,34.785352541528695,0.9517613946391948,154.60736083984375,8.32886028289795,0.046635558716839234,1027.8231201171875,707.5313720703125,True,100,1e-05,0.0002154434690031,0.9
801,25.684844227114233,0.9297348965263096,63.46158981323242,0.33060428500175476,0.08390419281413956,121.0256118774414,153.38650512695312,True,100,1e-05,0.2154434690031882,0.9
802,26.520962405504566,0.9435651163052541,729.4577026367188,4.011707305908203,0.06265016932349775,561.9826049804688,576.7120971679688,True,100,1e-05,0.1,0.9
803,25.386996157217787,0.9313510283135777,1065.0809326171875,2.088860273361206,0.05932143787786206,512.0223388671875,607.1083374023438,True,100,1e-05,0.1,0.9
804,38.2147684962544,0.9916508752618166,26.90585708618164,4.120288848876953,0.042501777467316794,563.79150390625,424.70654296875,True,100,1e-05,0.0464158883361277,0.9
805,41.46661367749208,0.9825121816651371,38.678653717041016,5.526276111602783,0.051281444519575586,771.0404052734375,736.707763671875,True,100,1e-05,0.2154434690031882,0.9
806,25.428324722590553,0.9365654096038103,2499.411865234375,1.7197884321212769,0.07457474280668414,754.9321899414062,934.4326782226562,True,100,1e-05,0.2154434690031882,0.9
807,39.4034474715328,0.976492807438253,97.78213500976562,7.576666831970215,0.06800164006200435,981.1402587890625,925.6429443359375,True,100,1e-05,0.01,0.9
808,42.33427432596506,0.9843135114117181,11.892389297485352,1.9985181093215942,0.07906261129641196,457.4870910644531,451.3885192871094,True,100,1e-05,0.2154434690031882,0.9
809,30.89808109513435,0.9290255429425014,10.366229057312012,1.591351866722107,0.051842110678154134,173.5218505859375,114.12480926513672,True,100,1e-05,0.0464158883361277,0.9
810,20.749443554063717,0.8930039811808048,8139.79541015625,10.23200798034668,0.054466690454772065,1150.5833740234375,984.8563842773438,True,100,1e-05,0.0464158883361277,0.9
811,35.76171717102571,0.9801338591965606,186.7027130126953,2.9528756141662598,0.06321033709124814,802.4891967773438,839.0592041015625,True,100,1e-05,0.4641588833612777,0.9
812,29.545717832167067,0.9654743336410222,17.483505249023438,0.647009015083313,0.04268064656348225,143.0293731689453,125.53801727294922,True,100,1e-05,0.2154434690031882,0.9
813,25.937680983359193,0.8847278733098773,2120.416748046875,7.257770538330078,0.04514366894477022,1009.5706176757812,920.9210205078125,True,100,1e-05,0.1,0.9
814,28.55247215648233,0.948721856001853,999.1658325195312,3.923902750015259,0.08576848516257526,675.4214477539062,870.0264892578125,True,100,1e-05,0.0464158883361277,0.9
815,33.57230011487189,0.9815110204082033,118.41919708251953,2.511341094970703,0.05769204158590954,499.5277404785156,519.3192138671875,True,100,1e-05,0.1,0.9
816,27.385002188843078,0.9651971463310091,632.2200927734375,5.121082305908203,0.061609870433673,539.726806640625,591.6841430664062,True,100,1e-05,0.0046415888336127,0.9
817,36.77157637070204,0.9833339632203335,33.56861877441406,2.789738416671753,0.037484205345488415,474.6799621582031,399.60369873046875,True,100,1e-05,0.2154434690031882,0.9
818,34.34823105138166,0.9703628439744559,1.1399250030517578,0.25818222761154175,0.05169498788381218,52.14430236816406,55.706878662109375,True,100,1e-05,0.0464158883361277,0.9
819,23.17078285623817,0.8880130886739376,543.1985473632812,0.6965696215629578,0.08013012647417232,246.70236206054688,335.8620300292969,True,100,1e-05,0.2154434690031882,0.9
820,28.305588043611397,0.9628315003448472,951.3724975585938,4.807429313659668,0.0802358900320336,724.260986328125,803.0505981445312,True,100,1e-05,0.1,0.9
821,29.5230856647564,0.9312706842419756,0.030874188989400864,0.03223460912704468,0.07554333912010554,4.751255035400391,5.6273908615112305,True,100,1e-05,0.0464158883361277,0.9
822,34.248583127926096,0.979537438958791,41.42954635620117,2.5393545627593994,0.056868136747174454,347.96783447265625,334.1656799316406,True,100,1e-05,0.0215443469003188,0.9
823,22.279529092574798,0.9230888658529964,939.7630615234375,2.4682719707489014,0.047817049621608224,599.8963623046875,398.7705383300781,True,100,1e-05,0.4641588833612777,0.9
824,40.06851009830495,0.9911772330571255,28.4628849029541,1.8425827026367188,0.04612377427795432,571.0272216796875,537.8582153320312,True,100,1e-05,0.2154434690031882,0.9
825,24.418086786012722,0.8806687365105843,3039.205322265625,3.15535569190979,0.10521329200900004,547.4962768554688,919.935791015625,True,100,1e-05,0.0464158883361277,0.9
826,36.80774433153638,0.9761098557227782,25.01572608947754,4.109615802764893,0.05840928157209236,371.12164306640625,346.9996337890625,True,100,1e-05,0.0464158883361277,0.9
827,28.3410456064084,0.9335314784899654,174.41909790039062,2.7942724227905273,0.02457066134912285,748.370361328125,347.60626220703125,True,100,1e-05,0.0464158883361277,0.9
828,32.009770950836,0.9875114709907764,336.17742919921875,9.074516296386719,0.0584943908844631,892.369140625,737.7637329101562,True,100,1e-05,0.01,0.9
829,39.80965398133419,0.9668016925423384,17.498619079589844,1.5019885301589966,0.05130397557326802,501.169921875,452.7657165527344,True,100,1e-05,0.01,0.9
830,30.92393872359656,0.958207723964294,40.997650146484375,2.268237829208374,0.032916827550099226,246.909912109375,225.38021850585938,True,100,1e-05,0.0464158883361277,0.9
831,22.99979376650626,0.7858881824424309,1026.95751953125,5.198541164398193,0.035790599063849085,674.6427001953125,452.9870910644531,True,100,1e-05,0.1,0.9
832,22.23806160046501,0.9252192236033054,119.61279296875,0.9302720427513123,0.056813648916525995,133.9989013671875,141.71615600585938,True,100,1e-05,0.2154434690031882,0.9
833,36.42252516268825,0.9452126349165836,6.3229193687438965,1.0605225563049316,0.05042161412496327,244.50250244140625,177.21060180664062,True,100,1e-05,0.0215443469003188,0.9
834,27.929893527737555,0.9394400212495666,395.0608825683594,5.047987461090088,0.0570973055850161,535.2620239257812,498.8694152832031,True,100,1e-05,0.0464158883361277,0.9
835,35.541918628395095,0.9886773238640943,48.58543014526367,1.1087554693222046,0.07310162989800979,340.1031799316406,419.50653076171875,True,100,1e-05,0.1,0.9
836,37.14738590366629,0.9462807438383407,157.73175048828125,2.9871151447296143,0.05576107981733854,843.6858520507812,914.9310302734375,True,100,1e-05,0.0215443469003188,0.9
837,23.759435792635927,0.9099593292644259,547.3113403320312,2.806687116622925,0.06570920992217458,321.6278381347656,363.031494140625,True,100,1e-05,0.0464158883361277,0.9
838,28.598387521231796,0.9460139881792575,465.22235107421875,3.6904900074005127,0.05653011507300695,522.9462890625,581.0077514648438,True,100,1e-05,0.1,0.9
839,22.297377781089786,0.8372265034568711,2128.80126953125,4.294508457183838,0.07546398335262303,529.2013549804688,632.6320190429688,True,100,1e-05,0.1,0.9
840,40.4293107712681,0.9862014315445726,0.017923720180988312,0.04741377755999565,0.039985040394580354,14.714288711547852,14.081361770629883,True,100,1e-05,0.2154434690031882,0.9
841,24.632309738840693,0.9262885966179513,1500.5140380859375,7.424526691436768,0.06948002364165526,544.7341918945312,663.8738403320312,True,100,1e-05,0.0215443469003188,0.9
842,33.046006120346384,0.9655175051114631,15.606334686279297,1.6968075037002563,0.03924533814574357,234.41319274902344,178.85792541503906,True,100,1e-05,0.0464158883361277,0.9
843,35.293568964858466,0.9748562032931606,272.8688049316406,4.481904983520508,0.04846775177720493,1055.2850341796875,961.1092529296875,True,100,1e-05,0.2154434690031882,0.9
844,37.588546398552225,0.959263307445128,3.883758544921875,0.5595236420631409,0.04799681552738839,152.18431091308594,149.51406860351562,True,100,1e-05,0.1,0.9
845,32.33162234871866,0.9579212405979326,100.66529083251953,1.582690954208374,0.08634916113015964,344.9403381347656,415.2095031738281,True,100,1e-05,0.2154434690031882,0.9
846,38.7038256912463,0.9815144901951031,1.0021467208862305,0.41262468695640564,0.04257688136081646,88.21554565429688,86.26432037353516,True,100,1e-05,0.2154434690031882,0.9
847,24.192300521099416,0.9144783913426032,3644.30517578125,6.887051582336426,0.09724761167031297,695.2779541015625,996.8773803710938,True,100,1e-05,0.0464158883361277,0.9
848,34.5583033823487,0.9798564918423831,88.34406280517578,1.8073381185531616,0.05006407333735466,414.052001953125,502.69281005859375,True,100,1e-05,0.1,0.9
849,35.83561334353337,0.9742723020068509,90.72775268554688,6.028261661529541,0.05896018695632954,693.1099853515625,595.7896118164062,True,100,1e-05,0.01,0.9
850,37.04785820553267,0.9738481277897877,0.8855757713317871,0.43056580424308777,0.0509878529239416,76.58222961425781,68.0093994140625,True,100,1e-05,0.01,0.9
851,32.98210364580725,0.9709313720372439,282.7783508300781,2.9890499114990234,0.0997882865804641,622.2048950195312,750.2105102539062,True,100,1e-05,0.2154434690031882,0.9
852,31.237464901280166,0.9127784789244571,15.010513305664062,1.1093298196792603,0.027674746739499285,342.63824462890625,210.69569396972656,True,100,1e-05,0.1,0.9
853,24.83009335099215,0.9251065975730524,2604.732421875,5.7881927490234375,0.05237492225108587,875.7980346679688,898.15625,True,100,1e-05,0.1,0.9
854,29.311840959582447,0.9606991437551161,49.60061264038086,0.714467465877533,0.07992591961276184,180.2440185546875,205.9344940185547,True,100,1e-05,0.2154434690031882,0.9
855,34.85120333805018,0.9860535102855065,11.95413875579834,3.2870166301727295,0.056276032648171326,239.29551696777344,191.49703979492188,True,100,1e-05,0.0046415888336127,0.9
856,33.005691978635056,0.963189836672216,0.7027711868286133,0.2197192907333374,0.047124123746977255,43.98695373535156,37.513118743896484,True,100,1e-05,0.2154434690031882,0.9
857,32.134539232603096,0.9752539409818541,135.6288604736328,1.557688593864441,0.08530365329337469,371.35565185546875,472.5948791503906,True,100,1e-05,0.0215443469003188,0.9
858,31.166561047899606,0.9734348424847773,243.94338989257812,2.302574872970581,0.05709652872505091,589.1544799804688,565.2763061523438,True,100,1e-05,0.4641588833612777,0.9
859,25.438227243036383,0.9505969338211298,12.65903377532959,0.37597498297691345,0.06910463902500369,52.47791290283203,66.64292907714844,True,100,1e-05,0.1,0.9
860,22.05669894271057,0.894364355136887,3740.24755859375,4.205032825469971,0.06983755313581672,707.3611450195312,775.7520751953125,True,100,1e-05,0.1,0.9
861,31.44318497157611,0.977434542956613,138.4877166748047,1.996867060661316,0.07990929986026384,385.72796630859375,453.8355407714844,True,100,1e-05,0.0215443469003188,0.9
862,33.673130262337004,0.9632838481596995,114.40621185302734,1.381585955619812,0.08425718721443777,329.75579833984375,524.8659057617188,True,100,1e-05,0.2154434690031882,0.9
863,26.085772372537125,0.931446135274766,471.1822509765625,3.145634412765503,0.06104426410735042,392.7453308105469,441.3219909667969,True,100,1e-05,0.0464158883361277,0.9
864,25.52741852486742,0.9116058642558801,440.945068359375,2.9008874893188477,0.07139651306303198,337.3430480957031,401.3623046875,True,100,1e-05,0.0215443469003188,0.9
865,26.927687884007415,0.9504733658919516,635.8713989257812,5.055055618286133,0.06356072555612514,649.7272338867188,560.0806884765625,True,100,1e-05,0.2154434690031882,0.9
866,25.624690018333972,0.9292640376555416,66.68977355957031,2.970700263977051,0.05105025005148041,143.75396728515625,156.0850067138672,True,100,1e-05,0.1,0.9
867,35.34913050632612,0.9917364839860406,9.732985496520996,0.7550915479660034,0.07183039682136558,168.82894897460938,182.74620056152344,True,100,1e-05,0.4641588833612777,0.9
868,27.987985553576287,0.939624800028662,1152.94873046875,12.237857818603516,0.048025410629152776,816.8372192382812,861.923828125,True,100,1e-05,0.0046415888336127,0.9
869,36.53906572553534,0.9938680877903298,198.3330841064453,4.379396438598633,0.05451791908933438,987.0656127929688,946.1693725585938,True,100,1e-05,0.4641588833612777,0.9
870,37.48436129977779,0.9796280403255309,24.945743560791016,1.5278264284133911,0.06785907241109902,358.03179931640625,373.9360046386719,True,100,1e-05,0.2154434690031882,0.9
871,23.97906551024677,0.8875270615798511,293.38812255859375,2.7670488357543945,0.02318029601571268,543.8232421875,271.47393798828125,True,100,1e-05,0.0464158883361277,0.9
872,16.92634491246803,0.7811349761940439,8406.333984375,5.379410743713379,0.05299980086103366,768.0772094726562,644.3555297851562,True,100,1e-05,0.2154434690031882,0.9
873,25.154397881981588,0.9224957136054772,509.92156982421875,1.9906738996505737,0.08079972189159494,333.31298828125,409.325439453125,True,100,1e-05,0.2154434690031882,0.9
874,34.89964025329932,0.9654344982314774,0.20848064124584198,0.13600054383277893,0.050053754300248735,30.026805877685547,26.36096954345703,True,100,1e-05,0.0004641588833612,0.9
875,26.476547190486883,0.9472009335847339,55.31088638305664,1.077625036239624,0.05020262029427658,145.76388549804688,156.99644470214844,True,100,1e-05,0.2154434690031882,0.9
876,30.888891777950715,0.9562667280327917,415.51678466796875,7.8950581550598145,0.058224968821270616,892.2203979492188,716.2562866210938,True,100,1e-05,0.0464158883361277,0.9
877,28.267181496785913,0.9601555970431113,647.4552612304688,3.741715669631958,0.08003411573947242,602.2025756835938,659.2650146484375,True,100,1e-05,0.2154434690031882,0.9
878,25.831165866110325,0.9466850861932955,1.8924674987792969,0.19099709391593933,0.0756557095250954,22.20009422302246,28.068897247314453,True,100,1e-05,0.01,0.9
879,28.59453455646193,0.9619622745073494,68.5477066040039,0.5954276919364929,0.06977009222502396,208.62469482421875,222.75018310546875,True,100,1e-05,0.1,0.9
880,21.643554383298596,0.9313898479793162,353.5567932128906,24.15566062927246,0.020112534642152204,426.26373291015625,231.84371948242188,True,100,1e-05,0.0001,0.9
881,29.883199995846113,0.9452098852121517,389.092529296875,3.4144458770751953,0.09889920448997741,454.20172119140625,672.2208251953125,True,100,1e-05,0.0002154434690031,0.9
882,28.72853440291708,0.95457565815979,0.5233990550041199,0.09232848882675171,0.07537387908671297,15.510955810546875,20.690826416015625,True,100,1e-05,0.0046415888336127,0.9
883,18.90415771369784,0.7869036086531674,141.35606384277344,1.087258219718933,0.032676364967162336,133.2753143310547,105.00447082519531,True,100,1e-05,0.2154434690031882,0.9
884,23.433178053302818,0.9182775218743289,2898.6162109375,8.447968482971191,0.06502064910781619,732.29833984375,800.1161499023438,True,100,1e-05,0.1,0.9
885,19.780536991535374,0.7636084168871892,326.02032470703125,1.1646647453308105,0.07154982099921635,125.6393814086914,179.36611938476562,True,100,1e-05,0.2154434690031882,0.9
886,22.47619160191496,0.8969768411612644,2402.222900390625,4.204770565032959,0.03798780396698936,729.168212890625,653.0933837890625,True,100,1e-05,0.1,0.9
887,34.54199253008791,0.968004060080669,20.04900550842285,1.446891188621521,0.042816977792695575,285.1273193359375,238.94459533691406,True,100,1e-05,0.2154434690031882,0.9
888,36.814608563008036,0.9912581744424084,2.094358444213867,0.6477336287498474,0.06183110077513452,107.75363159179688,100.34194946289062,True,100,1e-05,0.4641588833612777,0.9
889,23.955082296287426,0.8596192944508481,235.7592010498047,0.8667897582054138,0.09025845074787484,137.368408203125,243.92901611328125,True,100,1e-05,0.4641588833612777,0.9
890,38.87495441984967,0.9831939325797668,67.44344329833984,2.9164352416992188,0.03936034530995488,784.935791015625,722.544677734375,True,100,1e-05,0.1,0.9
891,41.20360552149147,0.9866742901542485,55.43250274658203,2.947190046310425,0.04724300388165849,850.730712890625,855.8407592773438,True,100,1e-05,0.1,0.9
892,32.156954394921726,0.9857284759620148,415.2515563964844,7.292605876922607,0.051740899393788675,1023.9155883789062,830.3896484375,True,100,1e-05,0.0464158883361277,0.9
893,21.045246513599825,0.8846640102245718,1240.3514404296875,2.901153802871704,0.06208869930307439,425.1854553222656,397.7863464355469,True,100,1e-05,0.2154434690031882,0.9
894,34.35085021013095,0.9796478564555923,163.91879272460938,3.1077628135681152,0.06626477822251248,655.6234741210938,668.4170532226562,True,100,1e-05,0.4641588833612777,0.9
895,33.26032623543028,0.9507769476487786,19.969343185424805,1.7389107942581177,0.06279218578056524,203.84556579589844,205.77931213378906,True,100,1e-05,0.2154434690031882,0.9
896,27.36389254092161,0.9041234909716471,148.59127807617188,2.2728328704833984,0.03990591115820767,400.10540771484375,293.8545837402344,True,100,1e-05,0.0464158883361277,0.9
897,32.37275452043458,0.9469851105308984,344.7681884765625,2.7002367973327637,0.06991972823369147,619.2894287109375,896.439453125,True,100,1e-05,0.4641588833612777,0.9
898,36.34019837117589,0.9725117930533101,0.045373089611530304,0.05159442499279976,0.03169374786493782,15.304128646850586,13.988921165466309,True,100,1e-05,0.1,0.9
899,28.13009168036174,0.9386691953467879,11.48322582244873,0.6583489179611206,0.044605544522320094,98.67975616455078,86.42301940917969,True,100,1e-05,0.0464158883361277,0.9
900,36.99740247626136,0.9908086030106795,8.673868179321289,0.7478474378585815,0.06267929984089812,189.97975158691406,208.67837524414062,True,100,1e-05,0.2154434690031882,0.9
901,31.781432476935784,0.9703264351322924,0.5009598135948181,0.19291460514068604,0.07684851425682875,27.114322662353516,27.505672454833984,True,100,1e-05,0.0464158883361277,0.9
902,36.21610914870889,0.9753699631759872,7.451105117797852,0.7753145694732666,0.08020755787338991,185.2310333251953,182.25399780273438,True,100,1e-05,0.01,0.9
903,38.39640558959887,0.9663439446250967,44.56428909301758,1.6014680862426758,0.059130590833911534,570.9961547851562,583.45849609375,True,100,1e-05,0.0021544346900318,0.9
904,30.73379985189171,0.9650088789785364,149.73838806152344,1.3732069730758667,0.06538417521096081,312.58843994140625,422.00311279296875,True,100,1e-05,0.2154434690031882,0.9
905,28.476653070202996,0.9588144961571545,1126.9891357421875,7.659599781036377,0.06620423328620956,834.7193603515625,892.779052734375,True,100,1e-05,0.1,0.9
906,28.047961815301683,0.9693110347009418,1046.27880859375,4.917562007904053,0.04757886996971245,808.1918334960938,817.6260986328125,True,100,1e-05,0.0464158883361277,0.9
907,42.95643583605451,0.9847766326584683,5.92017936706543,1.497003436088562,0.055511021310911096,349.2974853515625,342.47552490234375,True,100,1e-05,0.2154434690031882,0.9
908,28.497606235575184,0.9604554943378988,95.6187515258789,1.268336296081543,0.06086174689269918,232.95513916015625,260.16400146484375,True,100,1e-05,0.2154434690031882,0.9
909,27.530686197331594,0.961193168203282,254.8096466064453,1.767033338546753,0.053137447508689255,342.8781433105469,380.3127136230469,True,100,1e-05,0.1,0.9
910,33.6734997248153,0.978576009995059,149.46258544921875,3.3334171772003174,0.0681863644790058,628.8507080078125,590.7046508789062,True,100,1e-05,0.2154434690031882,0.9
911,32.81372169019782,0.9572032856052382,31.45794105529785,1.16089928150177,0.09688297950665596,210.77146911621094,268.7955627441406,True,100,1e-05,0.0046415888336127,0.9
912,36.546006288538685,0.9731675609715583,67.18730926513672,1.7889820337295532,0.08424399923156956,505.7996826171875,624.5247802734375,True,100,1e-05,0.01,0.9
913,30.46246020440808,0.9115733054220679,109.64432525634766,1.7925667762756348,0.05664369562598055,410.5670471191406,410.0022277832031,True,100,1e-05,0.1,0.9
914,26.486587914322257,0.9414917126805421,684.9423828125,2.4374642372131348,0.07134411039954623,449.2515563964844,552.4951171875,True,100,1e-05,0.2154434690031882,0.9
915,20.916833693122427,0.8587426569762313,1543.18310546875,1.0031765699386597,0.08892984669157139,311.146728515625,436.6903991699219,True,100,1e-05,0.2154434690031882,0.9
916,20.3229774975621,0.8360164161140562,807.357177734375,1.4569122791290283,0.0965795940646899,183.07225036621094,295.1712951660156,True,100,1e-05,0.0464158883361277,0.9
917,27.12367776442087,0.9438673067987888,1743.05615234375,2.7714738845825195,0.05869189990108958,811.823974609375,948.5048828125,True,100,1e-05,0.2154434690031882,0.9
918,24.974440952123793,0.9289364641287683,1815.2449951171875,4.952007293701172,0.08348778711808685,540.1860961914062,763.8421630859375,True,100,1e-05,0.0021544346900318,0.9
919,32.83543749512682,0.974619842658225,10.307476997375488,1.0629355907440186,0.0457407239417613,152.05889892578125,140.9730682373047,True,100,1e-05,0.0464158883361277,0.9
920,30.235192831499663,0.9361391857005003,688.4942626953125,10.174641609191895,0.03909815900161513,1078.8909912109375,868.5994873046875,True,100,1e-05,0.01,0.9
921,31.68747216930592,0.9511475344433596,119.55487060546875,1.9273462295532227,0.0808398214398047,364.3305358886719,487.9437561035156,True,100,1e-05,0.1,0.9
922,38.592467208807335,0.98085233642959,110.62055206298828,2.8375158309936523,0.02887595252946204,902.7957763671875,894.6576538085938,True,100,1e-05,0.1,0.9
923,26.461234635298677,0.9497512557108428,1432.7252197265625,7.518697261810303,0.05249520590696235,709.8350219726562,800.055419921875,True,100,1e-05,0.0464158883361277,0.9
924,30.190422872763403,0.9514166553138579,173.21737670898438,2.161634922027588,0.05202275245731667,536.8079223632812,425.7882995605469,True,100,1e-05,0.4641588833612777,0.9
925,34.617569587270864,0.9747155172167917,0.18979766964912415,0.18651016056537628,0.037397845304100945,30.682815551757812,23.44683837890625,True,100,1e-05,0.2154434690031882,0.9
926,25.932881974534652,0.9559055842743692,184.6812744140625,1.9572025537490845,0.05798498588661692,298.6264953613281,269.40869140625,True,100,1e-05,0.2154434690031882,0.9
927,32.68500817453181,0.9572792846413466,158.2249298095703,4.393028736114502,0.04435763127705891,709.2717895507812,542.0925903320312,True,100,1e-05,0.2154434690031882,0.9
928,33.09255770774921,0.9777806788313869,195.2732391357422,4.197215557098389,0.0448406550873765,650.72314453125,633.8447265625,True,100,1e-05,0.0215443469003188,0.9
929,23.17824085456486,0.9264696824630594,321.7096862792969,2.19203782081604,0.06992567675959066,310.4654541015625,258.6297912597656,True,100,1e-05,0.4641588833612777,0.9
930,28.839745276338114,0.9639084379893216,25.558591842651367,1.5642483234405518,0.048634610565136696,165.00076293945312,140.2167205810547,True,100,1e-05,0.0464158883361277,0.9
931,23.751248103013545,0.9249522660559061,2904.060302734375,9.3215913772583,0.05157411174203306,846.0310668945312,835.0953369140625,True,100,1e-05,0.01,0.9
932,33.717719310310436,0.9872526823397884,410.34478759765625,5.658674716949463,0.06427066699722599,943.64404296875,984.4177856445312,True,100,1e-05,0.1,0.9
933,25.493427381200824,0.8624826788119152,726.3092041015625,2.134981632232666,0.1307740900255689,204.46597290039062,526.1644897460938,True,100,1e-05,0.2154434690031882,0.9
934,31.648985018413917,0.9460260739436582,18.879648208618164,1.222348690032959,0.05880750924467117,206.06700134277344,172.5076141357422,True,100,1e-05,0.0215443469003188,0.9
935,33.62908102199096,0.9666280267054698,32.10189437866211,2.1543259620666504,0.04518649309473232,289.9234313964844,273.0350341796875,True,100,1e-05,0.0215443469003188,0.9
936,24.58374705248631,0.911394376764617,1.2838308811187744,0.12539808452129364,0.06304789102659748,19.0213623046875,19.372285842895508,True,100,1e-05,0.1,0.9
937,32.90751352787501,0.9689495374974328,420.830322265625,7.821434020996094,0.04776359598401903,1111.30712890625,914.384521484375,True,100,1e-05,0.0464158883361277,0.9
938,24.46444322322339,0.9315818813772414,50.32323455810547,0.9770962595939636,0.053987237924496584,127.44696044921875,118.63333129882812,True,100,1e-05,0.1,0.9
939,34.02951079670567,0.971390448364557,129.69308471679688,3.035508394241333,0.0485664006309802,541.924072265625,576.93994140625,True,100,1e-05,0.0464158883361277,0.9
940,23.082921517849265,0.8601799303323899,367.42205810546875,1.2298465967178345,0.08603377145955117,204.84072875976562,274.7811584472656,True,100,1e-05,0.4641588833612777,0.9
941,26.686146780066984,0.9376851681899688,524.1514892578125,3.4331676959991455,0.0930357158031914,405.8058776855469,554.6238403320312,True,100,1e-05,0.0046415888336127,0.9
942,26.833145736643743,0.9462894440193202,855.3126220703125,6.521017551422119,0.048466777658277005,622.6056518554688,651.7689819335938,True,100,1e-05,0.01,0.9
943,37.65458609327591,0.9521854052049088,111.70690155029297,5.086846828460693,0.062291296786202675,887.2553100585938,829.9120483398438,True,100,1e-05,0.0046415888336127,0.9
944,30.75473122479544,0.9730500559350408,34.18553161621094,1.064195990562439,0.07085635095653005,192.78750610351562,207.21484375,True,100,1e-05,0.0215443469003188,0.9
945,21.296845751813983,0.8618624144045385,1.0556985139846802,0.04592355340719223,0.11711879517421006,5.892485618591309,11.984832763671875,True,100,1e-05,0.1,0.9
946,29.440602559774575,0.9311161729135481,21.32155418395996,1.3709431886672974,0.023040208293207035,328.7742614746094,137.74874877929688,True,100,1e-05,0.0464158883361277,0.9
947,28.218068093123996,0.9460658717386797,1141.707275390625,5.2270355224609375,0.07945161603952466,729.4693603515625,900.11865234375,True,100,1e-05,0.0464158883361277,0.9
948,25.129475784924264,0.9304737259852013,2333.482421875,5.588181495666504,0.06695128536526103,679.9829711914062,874.0161743164062,True,100,1e-05,0.4641588833612777,0.9
949,31.781031050840053,0.966732817337732,236.65248107910156,2.1356966495513916,0.05265471217418201,589.608642578125,597.815673828125,True,100,1e-05,0.2154434690031882,0.9
950,21.418964372212898,0.8756651812211496,2576.093994140625,1.706038236618042,0.0841907892498687,487.0977478027344,600.9163208007812,True,100,1e-05,0.0464158883361277,0.9
951,37.96563289134272,0.9837091398897309,70.6456298828125,2.586080312728882,0.06095087258096254,668.1278076171875,665.3716430664062,True,100,1e-05,0.2154434690031882,0.9
952,32.658280682430004,0.942402026200356,14.295589447021484,1.1677356958389282,0.05055085115311403,181.08261108398438,176.19590759277344,True,100,1e-05,0.0215443469003188,0.9
953,37.40225061715831,0.9574701119410364,147.77281188964844,4.621927261352539,0.0683237594662856,1009.6271362304688,914.49755859375,True,100,1e-05,0.0215443469003188,0.9
954,20.954259609470014,0.837038466205289,1396.0106201171875,8.413554191589355,0.03263063025136837,822.7792358398438,419.35174560546875,True,100,1e-05,0.01,0.9
955,32.89236780475037,0.9667923574646314,74.70700073242188,1.6428415775299072,0.08231370173893782,303.7739562988281,383.7554016113281,True,100,1e-05,0.0215443469003188,0.9
956,41.82683194774975,0.9872310808076455,17.687835693359375,1.36586594581604,0.04229052149653309,507.14056396484375,519.3988037109375,True,100,1e-05,0.2154434690031882,0.9
957,31.303153088701134,0.975191964576611,1.7009092569351196,0.19414415955543518,0.06179619669176859,49.84611892700195,47.919002532958984,True,100,1e-05,0.2154434690031882,0.9
958,27.33061636355005,0.9426324614184314,49.40337371826172,0.8534117937088013,0.06321930173362428,130.01123046875,167.11708068847656,True,100,1e-05,0.0215443469003188,0.9
959,26.150795599177385,0.9375747969014603,1314.200439453125,3.664372682571411,0.06351072434937391,591.0468139648438,738.2955932617188,True,100,1e-05,0.0464158883361277,0.9
960,34.360940396493234,0.9737979476450643,1.9671601057052612,0.30399686098098755,0.05510469080434901,62.749629974365234,83.71586608886719,True,100,1e-05,0.0046415888336127,0.9
961,23.114862870356085,0.8777508007528158,1742.566162109375,3.1128413677215576,0.03502812619117936,807.658935546875,603.5489501953125,True,100,1e-05,0.1,0.9
962,34.77352876901093,0.9695464307048249,20.153779983520508,1.2503546476364136,0.051580541520014775,269.1973571777344,246.103759765625,True,100,1e-05,0.1,0.9
963,29.17229510283068,0.960631864251121,179.41079711914062,2.3022849559783936,0.05947702203014877,364.8633728027344,389.90631103515625,True,100,1e-05,0.1,0.9
964,28.651796234322045,0.915926586261468,49.71512985229492,1.1818101406097412,0.03757926987251336,321.55731201171875,289.405029296875,True,100,1e-05,0.2154434690031882,0.9
965,26.11976459172761,0.9343376638493258,305.7057189941406,1.4670003652572632,0.08644964149382861,250.94210815429688,356.3170471191406,True,100,1e-05,0.1,0.9
966,26.67546414224092,0.9457667584543503,1111.2508544921875,3.743558406829834,0.07601434172099115,635.3746337890625,719.3268432617188,True,100,1e-05,0.2154434690031882,0.9
967,24.87317858195086,0.9656896772337895,284.2730712890625,3.748324394226074,0.05437597183315994,324.6385803222656,297.8245849609375,True,100,1e-05,0.0215443469003188,0.9
968,40.05296092180694,0.9738948815132196,31.723678588867188,2.4389336109161377,0.06364245979413047,583.3737182617188,566.8382568359375,True,100,1e-05,0.2154434690031882,0.9
969,39.12192651743543,0.9839946782779644,27.71485137939453,4.333649635314941,0.0480875508764368,544.89208984375,476.5743408203125,True,100,1e-05,0.1,0.9
970,28.257655907704155,0.955413091093517,658.2430419921875,6.6772990226745605,0.0655291336896843,697.8673706054688,664.0075073242188,True,100,1e-05,0.2154434690031882,0.9
971,32.199936238391984,0.9622355493321877,528.2969970703125,13.95407772064209,0.04862998296001959,1085.4527587890625,936.8928833007812,True,100,1e-05,0.0464158883361277,0.9
972,21.80424333287544,0.8816795543617577,3540.943359375,1.97261381149292,0.06505609511962587,544.0979614257812,732.8395385742188,True,100,1e-05,0.2154434690031882,0.9
973,35.53769362459488,0.9857822516692805,12.694865226745605,0.4198230803012848,0.05947452405718004,179.04380798339844,215.72543334960938,True,100,1e-05,0.01,0.9
974,39.8865958870179,0.9815861126340703,0.10602866858243942,0.12721548974514008,0.08758657394708626,31.82000732421875,32.15195083618164,True,100,1e-05,0.2154434690031882,0.9
975,25.787067190117913,0.9444704646065877,182.30557250976562,1.8760162591934204,0.04985099582060912,277.7431335449219,263.00177001953125,True,100,1e-05,0.2154434690031882,0.9
976,35.88082252165353,0.9752438614458245,91.43164825439453,4.114771366119385,0.06724745095306915,568.5335693359375,595.4828491210938,True,100,1e-05,0.1,0.9
977,31.738940750638896,0.9657517545947841,1.8373446464538574,0.6002969741821289,0.07774725416730048,51.65992736816406,52.374385833740234,True,100,1e-05,0.2154434690031882,0.9
978,31.627369401027146,0.9342411907665601,169.43385314941406,4.222034454345703,0.04418700791445231,769.5588989257812,496.869873046875,True,100,1e-05,0.1,0.9
979,27.288095492067477,0.9447361615450882,665.3699340820312,3.929802656173706,0.07020907182445055,648.377197265625,597.2460327148438,True,100,1e-05,0.2154434690031882,0.9
980,39.71539969690055,0.9686709503240507,11.258339881896973,2.292123794555664,0.06524718239846225,346.80474853515625,334.9096374511719,True,100,1e-05,0.0215443469003188,0.9
981,28.419890620878544,0.9626380018736125,827.6002807617188,8.65518569946289,0.04797018290572965,954.9483642578125,771.1412963867188,True,100,1e-05,0.0001,0.9
982,35.846705447100355,0.9602170299711734,2.9474070072174072,0.5700799822807312,0.03805013608575562,120.9982681274414,107.49165344238281,True,100,1e-05,0.01,0.9
983,25.69137129274855,0.9312938410938709,15.598763465881348,0.18490448594093323,0.05583268833747399,62.76055145263672,76.0626449584961,True,100,1e-05,0.2154434690031882,0.9
984,24.690945438472575,0.9449742386647153,1791.8125,6.672358512878418,0.04178662117599879,784.111572265625,728.4605712890625,True,100,1e-05,0.0464158883361277,0.9
985,32.22666990577612,0.9736829181389174,146.4897918701172,2.211252450942993,0.060923596311769024,436.61895751953125,495.9958190917969,True,100,1e-05,0.0464158883361277,0.9
986,22.51066558857817,0.8977245494427296,2653.18212890625,0.7944130897521973,0.07741896416465821,401.8837585449219,688.7139892578125,True,100,1e-05,0.2154434690031882,0.9
987,23.130044116044782,0.8884402453645649,920.9268798828125,0.7558400630950928,0.07985638738234671,292.02288818359375,435.39251708984375,True,100,1e-05,0.2154434690031882,0.9
988,22.930271297404442,0.8731603230248292,297.00384521484375,0.998518705368042,0.05868618176371782,176.45166015625,247.15562438964844,True,100,1e-05,0.1,0.9
989,25.5789178980396,0.9296872867088691,1856.9002685546875,2.4583230018615723,0.051536595705774,671.5588989257812,819.283203125,True,100,1e-05,0.2154434690031882,0.9
990,21.199645934703604,0.9200081551205489,4815.27197265625,4.820737361907959,0.05631886645892616,581.2242431640625,799.616455078125,True,100,1e-05,0.0464158883361277,0.9
991,35.45010613594818,0.9663142234286902,122.98560333251953,4.694121837615967,0.10322035143302975,617.5816040039062,695.0017700195312,True,100,1e-05,0.01,0.9
992,41.433972407889414,0.9678708496662116,5.328182220458984,0.9836692810058594,0.07503181946014112,247.6837921142578,272.87298583984375,True,100,1e-05,0.0001,0.9
993,35.24372624394906,0.9888442692772645,104.24089813232422,1.2742080688476562,0.04951949174404679,531.3881225585938,590.6404418945312,True,100,1e-05,0.4641588833612777,0.9
994,32.2734089484094,0.9484149996571866,77.04237365722656,3.0773072242736816,0.04613198980768926,401.06396484375,361.6129150390625,True,100,1e-05,0.1,0.9
995,35.95076953756626,0.9732484346173004,2.128682851791382,0.6085583567619324,0.06261185402491845,88.97371673583984,92.49049377441406,True,100,1e-05,0.0464158883361277,0.9
996,31.518566825463587,0.9615424226189053,584.6463623046875,10.273319244384766,0.080645454455184,897.416748046875,917.396240234375,True,100,1e-05,0.01,0.9
997,23.401487308106056,0.9330628683830932,86.41470336914062,1.1020946502685547,0.06909041029560394,149.1186065673828,137.6818084716797,True,100,1e-05,0.1,0.9
998,21.32197574827778,0.8998554440422801,6646.859375,9.196847915649414,0.08247020467866377,871.0090942382812,950.287109375,True,100,1e-05,0.0464158883361277,0.9
999,36.9004125504304,0.9647587694004717,40.60273361206055,2.510117530822754,0.06147947955810144,463.7278137207031,446.55975341796875,True,100,1e-05,0.1,0.9
