sample_idx,psnr,ssim,mse,post_std_mean,sigma_used,alpha,scaling
0,33.863297645076884,0.9752313090397969,56.5589485168457,4.957119464874268,0.06547795344747805,461.9173583984375,375.16558837890625
1,40.313812261090085,0.9900568078884276,83.99139404296875,7.237367630004883,0.08253349036478538,922.1329345703125,950.7636108398438
2,32.5044892704554,0.9496614041789151,280.7904357910156,6.405594825744629,0.13900818318166616,505.9361267089844,732.261962890625
3,46.14651550698948,0.9933234410912137,8.047406196594238,4.244690418243408,0.08544638219143905,602.2960205078125,599.059814453125
4,29.014962187993454,0.938459184695462,30.422595977783203,2.7155957221984863,0.06453149444967796,193.36849975585938,156.8626251220703
5,31.535027211791352,0.9181022732715642,15.976045608520508,0.911345362663269,0.11988205045503969,128.49127197265625,156.83853149414062
6,38.867314529899936,0.9917146308564795,0.37011784315109253,0.49552470445632935,0.09104109946032593,54.101749420166016,59.02552795410156
7,42.15752642339809,0.9811847643125168,45.20706558227539,6.409865856170654,0.06550692580286219,979.87744140625,866.3099975585938
8,37.162828527343606,0.9767938576431098,68.9451904296875,6.074354648590088,0.062146640457945615,614.0919189453125,601.513916015625
9,32.22737786832852,0.9603949626302203,296.26513671875,14.391222953796387,0.0503492182697538,1255.82177734375,708.364501953125
10,32.71958495835299,0.9865196269424584,0.2456798553466797,0.2884899079799652,0.0499979227143147,28.99193572998047,21.56390953063965
11,32.15318543825265,0.9715770909137893,572.1856689453125,9.426592826843262,0.08498093901278954,1090.3785400390625,969.93994140625
12,33.4137351594614,0.9747896881118586,313.72119140625,8.353515625,0.09819097564311725,800.5299072265625,832.6101684570312
13,45.35540455076492,0.9947781071635837,1.3195734024047852,1.608976125717163,0.07072806901905282,217.95297241210938,213.12677001953125
14,45.91193749352736,0.9965726827474078,0.8539901971817017,1.2601938247680664,0.06017813491252142,185.82778930664062,182.6431427001953
15,46.858281343657815,0.9949306475211961,0.6984632015228271,1.1688138246536255,0.0772719994297233,201.63937377929688,184.22109985351562
16,32.14919676084502,0.9398962443327326,56.50334930419922,1.8196502923965454,0.08084875713482635,261.6619873046875,304.93798828125
17,47.36917128927678,0.9963552513850855,5.050405502319336,3.009354829788208,0.07705506732804805,540.5525512695312,525.231689453125
18,35.604643489851135,0.9621923099415159,49.66769027709961,4.161330699920654,0.08112509018010221,444.75140380859375,432.5130615234375
19,27.354620779497854,0.8715088961024118,151.49539184570312,2.6039321422576904,0.11714855040348857,209.33306884765625,291.9378967285156
20,30.08914754516966,0.8886409031792608,314.2158508300781,7.614334583282471,0.17816159553397962,316.8565673828125,612.2410278320312
21,33.53026846333739,0.9546745127880075,8.728771209716797,1.008060097694397,0.0978715085829581,127.82298278808594,140.3543701171875
22,46.38225274611124,0.9970017851352445,1.9352335929870605,2.75634765625,0.07449618774908523,295.5455322265625,292.8525085449219
23,35.374787789893,0.9617635935402722,38.9935417175293,2.7208364009857178,0.08054669912699929,341.293212890625,366.9954833984375
24,41.38143692308664,0.9871858079659188,15.106571197509766,4.6301164627075195,0.09058444563777299,489.5903015136719,456.6139221191406
25,38.706247863838726,0.970810698005068,82.6854476928711,4.159353733062744,0.09822624695312435,669.370849609375,785.3908081054688
26,30.777031176833283,0.9214938536124886,27.993043899536133,2.5390918254852295,0.10969101669261815,166.1320037841797,200.47410583496094
27,45.12668392043338,0.9913523677425119,8.127482414245605,2.805140733718872,0.07670169908055251,509.8834228515625,514.72021484375
28,29.147491992153014,0.9076260448913056,373.1400146484375,8.981398582458496,0.12164492378076702,401.5392150878906,592.8221435546875
29,23.534838469462397,0.8518455702380419,9.945368766784668,0.537234902381897,0.09513143423146875,39.30400466918945,47.403961181640625
30,32.273734063485094,0.9493686398866099,218.61614990234375,4.463522911071777,0.10232957037560776,555.9268188476562,607.9373168945312
31,32.65074827608687,0.9758619772206888,15.796630859375,1.4111782312393188,0.10496301467488665,142.03936767578125,171.35360717773438
32,33.07636882795163,0.9508212233487021,2.141956329345703,0.4960034191608429,0.07910769090720746,61.055931091308594,65.98654174804688
33,30.38732569541622,0.9326554439458284,822.8897094726562,6.733222961425781,0.11176000628076434,852.4446411132812,948.9366455078125
34,48.09321636560875,0.9947707994280708,14.444005966186523,7.208651065826416,0.07691847297338333,986.8912963867188,965.6663818359375
35,29.838064939506204,0.93088621408001,677.7574462890625,6.584537982940674,0.09271207248308014,721.0465087890625,808.5889282226562
36,41.22210201072802,0.9938926051521695,6.891637325286865,3.0028111934661865,0.06278352503033631,331.8964538574219,305.30914306640625
37,26.500725198856948,0.8971271091755921,21.656173706054688,0.9520437121391296,0.11043821981783356,76.73854064941406,98.5744400024414
38,37.435588764567235,0.9816368850653509,83.66026306152344,7.623411655426025,0.08408805826058158,639.4903564453125,684.5487670898438
39,24.88706550517856,0.8691650395003129,626.349609375,6.386549472808838,0.10665361278620614,364.0798645019531,440.71234130859375
40,43.32015597001462,0.9858831566738271,0.7023054957389832,0.8433572053909302,0.07999043793056314,129.26870727539062,122.91619873046875
41,29.680605835670573,0.9490877251372403,262.93768310546875,5.952780246734619,0.10522702768733967,471.16217041015625,495.6817321777344
42,42.23315952403618,0.972382047074252,0.07422055304050446,0.23195737600326538,0.07557265776416806,36.85905838012695,35.35413360595703
43,32.41701081210231,0.9193875180077773,473.0716857910156,6.695934295654297,0.10341884887798135,808.7377319335938,909.4110717773438
44,34.218743677584456,0.9865105201646885,24.672462463378906,2.2334351539611816,0.09407826964307345,216.0375213623047,259.5212097167969
45,27.44546050922335,0.8779940857043561,769.695556640625,5.476280689239502,0.08760278133553098,502.80010986328125,662.8597412109375
46,38.61654070953967,0.9916650255521139,13.012628555297852,3.066441297531128,0.07502324774696928,356.35186767578125,312.39935302734375
47,27.354456398929766,0.8815775240480254,491.2193908691406,5.191658020019531,0.11215899024321063,445.43426513671875,520.5479736328125
48,44.97027741763929,0.9974089902436402,9.487404823303223,3.99814510345459,0.0723626587252908,540.3365478515625,547.16357421875
49,27.760845979842472,0.9393039172278839,57.52663040161133,3.7105066776275635,0.05498334637227794,271.22430419921875,185.6696014404297
50,39.07979214839247,0.9914554528838218,103.81391906738281,8.052651405334473,0.10056789850109299,891.2214965820312,969.6150512695312
51,33.567303270317915,0.9269851086703509,262.9616394042969,5.926690101623535,0.06991311504327412,752.2252197265625,775.357666015625
52,35.01458621210841,0.96825181936578,217.27777099609375,6.392899036407471,0.11812150164589753,724.086669921875,939.5594482421875
53,34.01721458912168,0.9854523964433847,317.2230224609375,9.437814712524414,0.09111977647366268,1000.563720703125,894.9324951171875
54,39.475743996748925,0.9849041249637633,40.3518180847168,7.222939491271973,0.09342465382636052,623.4849243164062,598.3020629882812
55,29.633899362330816,0.9028921861276492,916.755859375,6.3129143714904785,0.0791828716803829,810.7097778320312,921.9523315429688
56,35.24979440010582,0.9830738761999536,2.370570421218872,0.643759548664093,0.09079635969347816,80.06584930419922,89.40400695800781
57,40.560866297811,0.994130363820507,2.5514938831329346,1.5815956592559814,0.11931741776715377,163.17135620117188,196.78688049316406
58,31.79932034939638,0.9631255974587518,1.408926248550415,0.668391764163971,0.06552899203929484,54.976131439208984,46.18206024169922
59,33.559978239701636,0.9874919238197545,46.801185607910156,4.100152492523193,0.08263897830715167,381.5814208984375,326.0050048828125
60,43.76372701069141,0.9915382013078567,6.0292229652404785,3.3679840564727783,0.07805817997409963,423.3515930175781,389.2886047363281
61,34.619255687704786,0.9848830223667855,23.461244583129883,1.8130202293395996,0.1394471393970268,187.56593322753906,272.07769775390625
62,36.82968169137631,0.9810510990589518,142.36500549316406,7.173593997955322,0.09464946185103153,816.5388793945312,828.9087524414062
63,33.757587697748015,0.9554306800689614,53.346275329589844,5.628148078918457,0.08998436182543314,328.4584045410156,357.3965759277344
64,29.14640290567292,0.9575127417796413,96.48851776123047,2.8778345584869385,0.10078172163476358,235.92398071289062,281.653564453125
65,27.343402038897324,0.9060955968819043,532.9594116210938,4.803142070770264,0.09364078580374456,487.96978759765625,543.1533813476562
66,42.61993958398038,0.9912009285945519,1.0988866090774536,1.0123015642166138,0.0790321969813311,139.104248046875,141.78329467773438
67,24.448075790183363,0.8515199190154633,2090.6708984375,10.931065559387207,0.13715396141162164,575.0136108398438,802.394775390625
68,35.46678870730587,0.9819813133577814,1.3844270706176758,0.6791812181472778,0.08201196359116966,66.83824157714844,75.47608947753906
69,30.394281482509786,0.959542731222984,883.5909423828125,11.154623985290527,0.10391527112935661,890.5114135742188,986.9000244140625
70,46.256144375306334,0.9972308749261901,14.114140510559082,4.6366682052612305,0.08793010984125012,772.0270385742188,772.4725341796875
71,25.28060847421876,0.8293700021727902,113.46990966796875,4.147210121154785,0.12088349918654227,135.5354766845703,199.5169677734375
72,43.50899581982376,0.9951426874619397,0.001891929772682488,0.050075896084308624,0.06750070191284777,6.6982879638671875,6.516594886779785
73,27.86449981576197,0.8997253743110857,1069.5203857421875,7.205682754516602,0.10598585644867174,595.115966796875,815.64599609375
74,27.785295126160744,0.9167496987317676,811.8262939453125,8.360573768615723,0.1450967822905303,474.16534423828125,707.1505126953125
75,32.44314331721081,0.9769576990167669,302.39910888671875,11.039352416992188,0.0846299864971089,913.2068481445312,729.2781372070312
76,26.640621368853395,0.9139993038639749,1286.6220703125,6.3091511726379395,0.10622457456341837,606.5151977539062,771.4990844726562
77,38.5631988475997,0.9866107832505853,0.7815990447998047,0.8882922530174255,0.05547262411220915,90.60751342773438,74.9706039428711
78,34.01960065682959,0.9668440158614433,50.983612060546875,4.606770038604736,0.06413028167085967,434.7032470703125,359.1072692871094
79,42.06679978718313,0.9918451951384175,0.7875760793685913,0.9557661414146423,0.07497825741047952,126.10336303710938,116.75318908691406
80,36.77737198725023,0.9862221100966382,149.1663055419922,8.624902725219727,0.10969455798912649,937.7289428710938,863.2402954101562
81,30.66208861931973,0.9460582977066622,331.47900390625,6.237642765045166,0.11370756098514244,573.1221313476562,623.6748046875
82,33.82976755644493,0.9588326318698894,45.427127838134766,2.092845916748047,0.07919976145197494,307.9671936035156,331.567138671875
83,44.14991891984911,0.9866267531894924,0.15838833153247833,0.41344642639160156,0.07775395047446522,68.7668685913086,64.49478912353516
84,36.211160187669556,0.9659053065244135,23.19796371459961,1.9174394607543945,0.07624291587434341,318.0024719238281,311.67132568359375
85,29.62679718469742,0.9662734265405574,114.95210266113281,2.673654079437256,0.11304550741998197,247.14671325683594,325.8581237792969
86,31.09571735426599,0.9577959272722157,395.2965087890625,12.141256332397461,0.1028975264989048,753.573486328125,729.8765869140625
87,37.64470048078172,0.9898309753929007,67.11370849609375,4.708212375640869,0.09570213935905497,597.8358764648438,637.919921875
88,46.03331262100177,0.9947186380440236,19.606792449951172,4.75181245803833,0.08382022786475601,890.5761108398438,887.3255004882812
89,26.501349405060335,0.889244576500896,495.1888122558594,4.221451282501221,0.11371219512894326,361.94390869140625,472.7427062988281
90,46.495234740057036,0.9932056219615927,0.32008200883865356,1.251484751701355,0.06592049280730759,134.58560180664062,120.47465515136719
91,30.31324260685874,0.9108753487558111,473.04052734375,3.9582316875457764,0.10450825485268296,571.2341918945312,713.5315551757812
92,45.03823987121961,0.9960737939158952,18.142776489257812,4.075510501861572,0.06990946717903494,788.6776733398438,761.0242919921875
93,36.2078523549716,0.9669895612906715,75.51053619384766,3.8494467735290527,0.08769992888191185,533.9003295898438,561.7159423828125
94,33.19776631487399,0.963836625887329,276.7142333984375,8.939740180969238,0.11931179917913048,546.9202880859375,771.1962280273438
95,28.839409426737742,0.9037605721390084,318.5306701660156,2.7957091331481934,0.11689052443636566,399.0379638671875,494.3017883300781
96,35.45552674140629,0.9705717804446679,77.8797378540039,4.731301307678223,0.06116423752669009,670.1210327148438,523.2100830078125
97,36.21338733335924,0.9783011886711214,43.777626037597656,2.3214328289031982,0.09006745811930093,398.427001953125,428.11346435546875
98,29.49856899855742,0.9592383349443122,0.7714948058128357,0.24487599730491638,0.10187600683303034,21.04801368713379,26.393707275390625
99,48.15336063505572,0.9959366567763505,0.18094462156295776,0.6577473282814026,0.0953216060107211,108.96260833740234,108.78353881835938
100,34.0083425442673,0.9750349692792716,0.41681185364723206,0.30695271492004395,0.06322063271792445,36.387454986572266,32.39775466918945
101,36.60434023740349,0.9812416601983756,40.091373443603516,3.140064239501953,0.13700617881654853,370.9583740234375,636.7739868164062
102,27.875360838768234,0.9093387457530108,137.05870056152344,2.623981237411499,0.16216470106862899,177.2133331298828,315.0416259765625
103,35.48430448614895,0.978582839501716,73.28734588623047,2.75986647605896,0.08127517444537606,482.8141784667969,509.0621337890625
104,41.37110847777245,0.9895301640525814,57.115379333496094,14.244372367858887,0.07841277689214224,1190.3460693359375,907.658935546875
105,33.152094074591936,0.9463051677757434,30.146726608276367,4.857099533081055,0.06811903931928641,312.1006774902344,250.04293823242188
106,30.392855027870684,0.9776344109399646,154.02317810058594,8.089594841003418,0.06296262269936113,553.4915161132812,410.9725341796875
107,39.98486830996963,0.9812470697120247,57.31885528564453,4.832331657409668,0.07726278125310727,759.9254150390625,755.7955932617188
108,31.535024853881502,0.9593158556519401,36.972694396972656,3.152942180633545,0.05921408776533571,278.3189697265625,229.56936645507812
109,30.618705662343203,0.9705996978854985,5.2576375007629395,0.635794460773468,0.10083164859400845,65.58822631835938,77.9029312133789
110,38.26253682954032,0.9912116301810163,12.568349838256836,2.949057102203369,0.0682263915029241,341.64154052734375,290.4617004394531
111,33.43822711164352,0.9599669920924524,9.372179985046387,1.2434210777282715,0.10137480884646523,120.43563842773438,162.06005859375
112,41.76280426035105,0.9892969761655057,56.97548294067383,11.32524585723877,0.07077026227444586,1087.6533203125,929.7679443359375
113,34.99493861916975,0.9793954188209815,206.8138427734375,5.260508060455322,0.0811417518473941,877.3460083007812,808.312255859375
114,41.24147742587102,0.9884628381799249,29.66522789001465,5.945713043212891,0.0875619058110773,619.6976318359375,633.7703247070312
115,34.9564420285768,0.9852837436247167,242.0543212890625,9.649102210998535,0.09138590661430294,1006.891845703125,871.589111328125
116,41.38654938665354,0.9955520430124212,46.77817153930664,6.875568389892578,0.08873154585728599,784.365478515625,803.868408203125
117,34.162974093301806,0.9784740735733473,13.461803436279297,1.2992539405822754,0.07120798462487027,207.4622039794922,187.38348388671875
118,35.855909195117874,0.9719323101592845,205.00711059570312,13.400725364685059,0.0704331415506911,1046.008544921875,892.6664428710938
119,29.835323121631646,0.9532395749130854,300.44854736328125,4.355928421020508,0.09475639603962535,452.10443115234375,539.8029174804688
120,37.91150571868141,0.9937089639028651,105.03192138671875,6.944547653198242,0.09144586727598328,897.3616333007812,807.6326904296875
121,31.09949811257315,0.937186804706744,605.4244384765625,8.42755126953125,0.07879920211831996,747.3631591796875,896.1951904296875
122,30.643891682427082,0.8747891784646578,80.2284927368164,2.527846336364746,0.10835255826934236,222.19569396972656,318.68548583984375
123,41.12340169595578,0.9902125526261896,0.9490761756896973,1.098524808883667,0.07771476259957737,114.9026870727539,110.9418716430664
124,34.93397904558395,0.9686717120363494,16.780935287475586,1.7980988025665283,0.08738162204346168,220.51219177246094,228.7072296142578
125,33.492116023189496,0.9650376439248323,81.42515563964844,4.085698127746582,0.08751836776009916,411.5266418457031,427.6806945800781
126,30.11312523993887,0.8865791126113516,613.2662353515625,5.643270015716553,0.1421710458240177,432.6582946777344,818.19677734375
127,36.37794339439931,0.9843627293474042,168.68508911132812,11.596817016601562,0.05631526925887399,926.0637817382812,860.869873046875
128,45.97234463461285,0.9949705095421542,0.0015838833060115576,0.06973035633563995,0.08425306612232908,8.298361778259277,7.945178508758545
129,31.879995450927886,0.9582578621427956,154.514892578125,5.522339820861816,0.11138892913161468,355.15484619140625,511.2365417480469
130,40.16650353901548,0.9921968942210155,16.481096267700195,4.4313788414001465,0.08019063562005779,453.5495910644531,417.99359130859375
131,37.19406677755436,0.9799063189264667,8.512070655822754,1.7527246475219727,0.10124164062928247,194.85626220703125,222.8856964111328
132,39.65302650321997,0.99273110443286,1.5756425857543945,0.8832420110702515,0.09500781612929467,116.39124298095703,120.74549865722656
133,42.97936391545592,0.9916722823714816,5.723607540130615,3.1924164295196533,0.07114812612151244,334.5433654785156,338.2775573730469
134,37.53727325259982,0.9789153312874037,152.94154357910156,15.439264297485352,0.06513429834596463,1275.8731689453125,942.966796875
135,28.212755685281692,0.9253871038871345,140.424072265625,2.1191296577453613,0.12248290281913007,260.1517028808594,323.8797302246094
136,27.651949218071408,0.8787724152197763,453.7196044921875,4.689348220825195,0.12402936388315716,409.4260559082031,519.2718505859375
137,40.17752639271066,0.989354180723767,47.43556594848633,3.862565517425537,0.10672860256488165,674.9443359375,703.31591796875
138,36.03483622548753,0.9799073892112118,33.052188873291016,2.232923746109009,0.08437712362965274,394.91876220703125,364.2659606933594
139,43.27527466227796,0.9930743375798866,44.415435791015625,6.806329250335693,0.08004151566380018,953.2520141601562,971.810302734375
140,31.99960571009339,0.94560299100214,529.081787109375,10.369962692260742,0.06433332076540965,1215.724609375,962.48486328125
141,35.32568352745409,0.9511575637494817,18.631980895996094,1.3208868503570557,0.11120504131383775,226.58360290527344,252.530517578125
142,44.92923130540273,0.9944207997698533,7.944638729095459,5.180078029632568,0.09011773861636063,518.8943481445312,497.7512512207031
143,36.281892629470825,0.9911756195335565,21.36379623413086,2.6392745971679688,0.0914950043036849,277.3658142089844,301.5774230957031
144,37.02284433702698,0.9834472818455829,16.16555404663086,1.7598446607589722,0.07562166672443356,262.38323974609375,285.5556640625
145,33.374550913502915,0.9649941568369559,0.6566910743713379,0.308551549911499,0.0693800156804735,34.62803649902344,37.850059509277344
146,38.94133659758503,0.9756952443374446,47.36857604980469,5.873075008392334,0.1012423160790396,603.3677978515625,609.9547729492188
147,47.27511545502294,0.9980781247033915,4.729568958282471,4.691183567047119,0.0912746024885942,509.6788330078125,503.17633056640625
148,35.56137031354292,0.9836942422039369,0.6516625881195068,0.5411191582679749,0.0841805796095104,50.72871780395508,52.42727279663086
149,31.042625385683692,0.9222045613335536,55.3875732421875,2.3387248516082764,0.12745459928266575,188.40609741210938,279.3678283691406
150,40.6526969000639,0.9913633796083668,70.88697052001953,5.222017765045166,0.08582133399941769,885.0504150390625,908.3576049804688
151,25.004947689775378,0.8032708685184711,163.8151397705078,2.7206053733825684,0.16983162566648338,134.23890686035156,240.32232666015625
152,44.44762342443475,0.9950534746558305,0.7624478340148926,1.0596179962158203,0.05251197507957086,152.29380798339844,145.74998474121094
153,39.40283388167489,0.9873530430290598,27.52444076538086,2.791224956512451,0.09010415394440616,473.5041198730469,489.96331787109375
154,48.93280948298034,0.9958852486621484,12.405827522277832,6.3212080001831055,0.06850616862725446,1042.55810546875,985.664794921875
155,26.84014503012092,0.921897617304242,121.7708740234375,5.494184494018555,0.06504108451805833,352.5662841796875,242.81321716308594
156,30.809775408267765,0.9317695567397818,374.31414794921875,5.093239784240723,0.09993356685943697,599.3322143554688,672.4634399414062
157,34.849224203040436,0.9780246698988604,189.3682403564453,6.784006118774414,0.09248335886239217,706.1658935546875,761.8579711914062
158,30.292782300455706,0.9737738700750812,49.585025787353516,2.100494384765625,0.11948037129549566,158.5355224609375,238.39990234375
159,37.40035482280328,0.9743918064132071,95.95280456542969,6.287055969238281,0.0824690426345918,751.091064453125,728.4881591796875
160,46.42037218979739,0.9911515959245378,3.0940160751342773,2.0452868938446045,0.08819922097460108,378.8052062988281,368.41534423828125
161,39.77163036501912,0.983149329036997,42.076961517333984,5.468195915222168,0.07436673026151744,684.397705078125,632.6735229492188
162,30.923163578650094,0.9147565209271216,324.2171936035156,4.788689136505127,0.08078587744627903,542.3363037109375,633.8961791992188
163,26.694271702167324,0.9402800435536725,611.7740478515625,5.997827053070068,0.10249787544379894,399.2892150878906,536.2388916015625
164,27.271006570003937,0.9211623464702361,15.529059410095215,1.1756130456924438,0.10127888012741464,69.56442260742188,91.19947814941406
165,27.819438441108364,0.8903218668090686,1091.45361328125,6.372835636138916,0.10312210074292734,680.505859375,835.4671630859375
166,36.07365099971013,0.9871594220153811,25.51340675354004,3.2430100440979004,0.07119892170719179,366.6152648925781,321.45928955078125
167,33.58034373104347,0.9668615782619968,15.330927848815918,1.7491402626037598,0.07437259820000894,185.48167419433594,187.3319854736328
168,37.519187141515474,0.9856748076384527,0.3081495761871338,0.35344189405441284,0.0888310061166896,44.323081970214844,41.73436737060547
169,36.54669412921619,0.9864302629564569,77.36062622070312,3.7926676273345947,0.07589346981562893,562.1478271484375,591.3020629882812
170,44.05159942154651,0.9961061290819948,18.04404640197754,3.6572513580322266,0.09362166432920437,653.4457397460938,677.8867797851562
171,28.45241691735973,0.9381705813563522,0.4285021126270294,0.23210564255714417,0.12870257008668629,13.55685806274414,17.57124137878418
172,36.02386297054419,0.9763164424767066,65.46923065185547,11.048904418945312,0.047435928685209586,823.8362426757812,512.5809936523438
173,35.87399444301536,0.9789389252539635,13.29190444946289,3.256227970123291,0.07096020040490268,271.4079284667969,227.26927185058594
174,35.09772699607299,0.9859775338471859,128.15145874023438,9.5683012008667,0.08309921095498762,792.9553833007812,645.527587890625
175,34.97372331893093,0.975403090195021,7.358113765716553,1.479323148727417,0.15141508616880903,113.19364166259766,175.1920623779297
176,30.061274123212307,0.9392426415184134,470.8226013183594,7.432278156280518,0.07187744677035358,624.1754760742188,691.246826171875
177,47.68478878962203,0.9965096630763466,2.5551259517669678,1.9730969667434692,0.08836514340452721,380.57666015625,387.3486022949219
178,38.52800193197779,0.9840210843658299,115.82318115234375,11.546564102172852,0.08127767908327506,1085.1298828125,936.7932739257812
179,37.13455533214236,0.9724387480993635,3.687588691711426,1.1671607494354248,0.0970897233101514,136.81520080566406,138.3834228515625
180,31.1233455965182,0.8845365103632135,88.54499053955078,2.239386796951294,0.09741325015728902,276.8213195800781,341.72528076171875
181,43.32272303799278,0.9920877159656755,0.6055331230163574,1.1897732019424438,0.07450178738865448,130.18798828125,114.36004638671875
182,47.662067923571584,0.996620124338581,14.64074420928955,5.509184837341309,0.08357374033193585,939.9686279296875,924.7689208984375
183,23.74562504731729,0.8470259343203776,3245.749267578125,11.830020904541016,0.09065943384229863,731.48046875,877.4620361328125
184,26.867080422865442,0.9296568087403065,136.5736541748047,2.546933174133301,0.10496928365739655,194.12315368652344,258.6836853027344
185,42.44678622117299,0.9947837125682979,24.75889778137207,5.265710353851318,0.09557751864128101,664.3256225585938,660.3240356445312
186,30.119259080351345,0.9099696668516556,649.7175903320312,5.831279277801514,0.10466751667561287,721.0210571289062,817.4049682617188
187,39.304342720103975,0.9914565822503638,36.071109771728516,6.814072132110596,0.09321564690568276,618.4649658203125,555.6456298828125
188,47.47371805908762,0.9970098111405584,5.01784610748291,3.0288774967193604,0.08497646039370112,551.7239990234375,530.1209106445312
189,38.26373006110664,0.9799182666436806,8.676347732543945,2.334315299987793,0.07676789609331458,269.6769714355469,242.61044311523438
190,30.215719586087808,0.9251288360828617,8.392220497131348,0.687462329864502,0.11176390050128167,77.58128356933594,94.0096664428711
191,47.312257356812005,0.9938918039956206,14.942939758300781,4.935726165771484,0.0678855747338718,902.0537719726562,897.3185424804688
192,35.149527377726876,0.9717215412556818,246.9517822265625,5.718710899353027,0.06909912633151008,988.2784423828125,900.5176391601562
193,34.03746458534769,0.9776800416017833,154.80404663085938,8.261110305786133,0.0566966994959175,856.7860717773438,633.4683837890625
194,35.93908479289065,0.9834613051453857,29.34542465209961,4.231414318084717,0.07742235561505348,376.36810302734375,339.6907653808594
195,39.35508314485411,0.9923280050326427,14.150622367858887,2.3289737701416016,0.08879295659351841,333.6570739746094,349.8603515625
196,30.271376112235213,0.9505664593741006,485.4456481933594,7.089016914367676,0.15467482208003827,496.082275390625,726.229736328125
197,42.03123111186848,0.993678427225419,50.24846649169922,7.286757946014404,0.08571277826668812,886.5661010742188,897.213134765625
198,35.18797698127359,0.9759225925224977,237.69876098632812,7.516759395599365,0.11017725338371755,829.56298828125,887.1993408203125
199,41.886437118885816,0.993268568603124,37.45967483520508,6.791182518005371,0.06418162801244955,812.576416015625,780.0956420898438
200,37.16783773421355,0.9843813753057313,77.84657287597656,6.232237339019775,0.10999513932201382,613.0917358398438,642.3895874023438
201,36.72439144564096,0.9878307495908225,1.5035319328308105,0.9279665350914001,0.09096928515731112,80.69054412841797,85.05582427978516
202,46.442087911137236,0.9933397003340894,0.5964288711547852,1.558663249015808,0.06855127399200087,172.46192932128906,162.4670867919922
203,39.67412202782608,0.9926673565732682,85.2745590209961,7.8665242195129395,0.09937563062278312,859.3949584960938,898.6556396484375
204,29.36136615747386,0.9143041511276743,425.96624755859375,3.5439462661743164,0.08833857744977529,504.73541259765625,606.8226318359375
205,33.72685085241851,0.9756213799042106,0.043885666877031326,0.08986113220453262,0.11461541554276106,9.274497985839844,10.187854766845703
206,42.19286924772657,0.9968429422784516,0.6315133571624756,0.5905160903930664,0.08339196631794236,98.42042541503906,102.37007141113281
207,33.95994934955447,0.9796286335578275,177.0034637451172,6.621706008911133,0.07658309199123252,743.9653930664062,663.8382568359375
208,38.56725668124974,0.989622515998204,0.005096216220408678,0.054501719772815704,0.06502636464120169,5.936943054199219,6.056522369384766
209,36.599153887057355,0.9742049087988457,5.711175441741943,1.045424461364746,0.08684726954541537,152.9609375,161.64724731445312
210,44.43685457400378,0.9934409823272496,10.752771377563477,4.77857780456543,0.08282929600958715,574.906982421875,549.18505859375
211,45.31479199630013,0.9953368558203349,13.879014015197754,5.225503921508789,0.0678402472891474,733.3623046875,692.2033081054688
212,36.896614455381204,0.9819853905207786,86.87333679199219,3.9258341789245605,0.09943061428555819,620.0425415039062,652.309326171875
213,30.569481739379945,0.9457026652711126,39.555599212646484,3.264775276184082,0.05151964990321198,302.8014831542969,225.0450439453125
214,39.448734218138796,0.9906999380073065,57.54690933227539,4.832709312438965,0.0881532747832017,761.6433715820312,712.467041015625
215,43.23134415702127,0.9910810951016635,2.498706340789795,2.678680419921875,0.07791280182684604,273.9095764160156,238.0118408203125
216,32.24068909042739,0.9428790755035553,54.80742263793945,3.383114814758301,0.07237204268164206,343.9888000488281,326.0743103027344
217,37.770506371990265,0.971764786809037,92.71762084960938,7.510415077209473,0.06774091206763994,783.06982421875,746.7449340820312
218,40.355478764197976,0.9789103609120514,38.83851623535156,4.724094390869141,0.08542862123525201,658.6746215820312,649.9832763671875
219,44.32036049804289,0.9921696020445957,26.656513214111328,5.518673419952393,0.0882458020912027,859.2251586914062,849.3742065429688
220,35.976050198590784,0.9831338783781841,108.3873291015625,6.003830432891846,0.10052200447014974,650.6648559570312,657.9552612304688
221,30.847024812917677,0.9612505398882923,265.7473449707031,7.435141086578369,0.050561336959324826,721.6282348632812,568.7402954101562
222,31.311464769694602,0.9422908715088731,6.393489837646484,0.5289035439491272,0.2046689135389725,41.83445739746094,94.58109283447266
223,36.616495239130344,0.9780313813880132,29.546363830566406,2.4964215755462646,0.07751006441462191,386.5708923339844,368.34808349609375
224,38.56723538418562,0.9868605277425119,9.351823806762695,2.7592146396636963,0.08981541662405644,279.0208435058594,265.9371643066406
225,30.619732122199018,0.930545945624918,51.91410446166992,1.6426687240600586,0.1012395049558515,211.81748962402344,244.7456512451172
226,36.454525553563194,0.9744386739136941,214.1034393310547,6.088756561279297,0.07620249112556816,924.561279296875,973.0375366210938
227,36.73957740632991,0.9713170870954038,32.78471374511719,2.3511877059936523,0.08517000094818365,371.41839599609375,393.7046203613281
228,38.432129994133994,0.9839676837556994,113.9167251586914,15.877036094665527,0.057462536836269486,1009.8787231445312,892.1544799804688
229,34.02231209554144,0.983612577489532,102.02716064453125,5.2108025550842285,0.10377489494833118,435.4096374511719,631.5075073242188
230,36.07799288064929,0.981969726613124,141.15638732910156,10.28577709197998,0.07679496956354252,797.279296875,795.0164794921875
231,35.30922478008768,0.9637092813653382,74.37278747558594,3.2800235748291016,0.10240794366408754,479.454345703125,503.13446044921875
232,50.00838010592267,0.996274101737237,3.3195786476135254,3.234889507293701,0.08666459793613707,589.3359375,577.3269653320312
233,30.243999005041708,0.9711391378897631,229.51959228515625,10.147842407226562,0.06253560915336397,643.9396362304688,493.0251770019531
234,29.071776682917438,0.9419148524663766,45.69632339477539,2.3455307483673096,0.09853854190324779,167.96112060546875,196.04774475097656
235,42.660637405375056,0.9937688638951141,28.208518981933594,6.037695407867432,0.07639240560165313,678.0791625976562,722.7296752929688
236,38.37202557193718,0.9756365876541049,11.512744903564453,1.7102108001708984,0.07661460989559127,268.6169738769531,281.4915771484375
237,31.860854439842548,0.9605194393418521,0.4123075008392334,0.2381075620651245,0.1096896586743256,21.110240936279297,25.291650772094727
238,37.32162083146585,0.9640039827201757,76.32669830322266,18.084346771240234,0.04539870838129356,1601.8046875,645.8268432617188
239,29.208442318685318,0.9141394847826657,37.96117401123047,1.4122593402862549,0.0923812067248255,156.2168426513672,177.93356323242188
240,45.532517406886804,0.9941102567564223,24.66552734375,7.229804992675781,0.09990796687386885,990.1710815429688,940.5181274414062
241,39.429118883865605,0.9903263440749717,103.63542938232422,5.847727298736572,0.07912700882474336,931.634521484375,953.9746704101562
242,29.020640044382354,0.9365344422276375,1046.995849609375,7.061563491821289,0.09722076905061035,834.1932983398438,914.9495239257812
243,30.42360989746859,0.9216987981650329,118.03199768066406,2.513909101486206,0.1265838169515767,298.54901123046875,370.7885437011719
244,27.162035470482024,0.832004408137027,0.518913745880127,0.1206417977809906,0.1207304359252859,12.301225662231445,16.441160202026367
245,34.31098031967848,0.9368748877185971,278.76116943359375,8.45638656616211,0.13694039873950442,492.2632141113281,928.3902587890625
246,37.916827302070494,0.9912930374236545,29.24073028564453,4.029109477996826,0.08284772960251593,423.1825256347656,428.7559509277344
247,40.73522966054615,0.9911251246037251,78.7821273803711,7.804407596588135,0.09505395468245938,961.5228881835938,966.6881713867188
248,33.69604684803021,0.978749045723486,338.3810119628906,8.500904083251953,0.1064565063454789,728.1728515625,963.6563720703125
249,43.5953346490908,0.9899153920857406,31.7216796875,4.664437294006348,0.08159084379261826,835.29345703125,853.1564331054688
250,51.373757717025654,0.9978566129141179,0.6340989470481873,1.5749977827072144,0.09361920335076242,298.9641418457031,295.1544494628906
251,29.496629180958966,0.9411618341494763,144.51919555664062,3.4867212772369385,0.1450417742704578,251.77532958984375,385.7126159667969
252,32.82081916372934,0.9810081975009788,374.2415771484375,5.8702545166015625,0.12044406398525405,685.8345947265625,851.2855224609375
253,40.94911731867671,0.9715308152654346,7.951303958892822,2.0644912719726562,0.0854742051893209,290.4112854003906,317.6050720214844
254,32.60120357668497,0.9804970274215143,15.838187217712402,2.886885643005371,0.059454237745496935,242.64263916015625,170.32325744628906
255,27.871950816108377,0.9004604549230566,391.4845275878906,2.908449411392212,0.19010997610727284,236.9025421142578,557.2444458007812
256,40.358678846776435,0.9935046365663364,65.92399597167969,6.369950294494629,0.10204219207305525,910.3903198242188,936.2186279296875
257,38.58034740514783,0.9838992915547792,67.1886978149414,4.039568901062012,0.0819891401763086,666.1820068359375,696.333740234375
258,45.70695396099532,0.9936718385132227,8.293012619018555,4.0925469398498535,0.10336877631100255,587.188720703125,570.4910888671875
259,44.442832778448,0.9936373690518063,0.3363400995731354,1.0821927785873413,0.061791223255461804,113.86878967285156,98.07931518554688
260,33.45150779749301,0.9785492032674075,170.81053161621094,4.49854850769043,0.07471791012153682,698.3972778320312,615.3922119140625
261,30.891310430906973,0.9061930777430073,795.220947265625,4.974048137664795,0.1105942352949551,694.5171508789062,990.0637817382812
262,44.68302701353865,0.991162811670264,0.6012638211250305,1.0263314247131348,0.1047774918398754,139.5942840576172,140.9439239501953
263,45.247206760221786,0.9933532941452121,8.031962394714355,5.72584867477417,0.07741302660687009,531.2472534179688,518.8113403320312
264,42.933283228898134,0.9929318371141412,39.140106201171875,5.797972202301025,0.08804182113457056,927.8843383789062,877.4957275390625
265,33.96282853640182,0.9401434784018895,217.749267578125,4.697980880737305,0.10912601153403924,528.1264038085938,741.02783203125
266,38.994744469703775,0.9847939981856951,61.227359771728516,4.271060466766357,0.08160111087966976,681.5634765625,697.3187255859375
267,25.62445619099328,0.8756652497835419,1289.712890625,7.8121337890625,0.16762626362939861,396.41015625,702.7816162109375
268,33.08611890082463,0.9648798693844163,63.68855667114258,3.251645088195801,0.08168670840807996,394.8921813964844,360.13165283203125
269,28.074953128668984,0.9149026393215677,122.3659896850586,3.4436464309692383,0.1509640704111147,176.26927185058594,294.2982482910156
270,38.59977201289473,0.9901013122439015,90.17797088623047,6.960768222808838,0.08537229167027828,778.0894165039062,809.5518188476562
271,32.39713202189659,0.9263385242798872,375.14605712890625,15.045783042907715,0.03618715144403338,1986.08203125,810.3032836914062
272,24.056583475055152,0.8130751710126304,2887.257568359375,16.636539459228516,0.1448657432387392,533.8068237304688,867.2052612304688
273,46.42402316580092,0.991915452698682,18.95599937438965,8.33359146118164,0.06860841075778638,1008.41748046875,913.3273315429688
274,36.82247089950451,0.9925385816916593,53.75213623046875,4.354401111602783,0.10996924128345213,462.48065185546875,511.8310546875
275,25.161442584259547,0.8843523422892853,764.9186401367188,7.198572635650635,0.11262952379516766,360.365234375,502.0147705078125
276,35.72243802499741,0.9497456881376243,169.063232421875,5.031793117523193,0.09421899704122172,675.3358154296875,798.4968872070312
277,36.91518009580919,0.9825250640496135,85.19072723388672,8.639676094055176,0.08536007923516138,685.75537109375,650.31396484375
278,42.443202093145956,0.9884633165394928,27.146888732910156,4.424440860748291,0.08428966722288073,676.8710327148438,702.264892578125
279,32.538428804529026,0.9529305282784136,352.0519714355469,4.943482398986816,0.1153462273125897,697.5757446289062,795.9968872070312
280,27.11032575657921,0.8728858555145216,1413.5911865234375,6.580024719238281,0.13624455828814197,622.5674438476562,890.1153564453125
281,41.375021874590274,0.9947137495558575,8.340242385864258,2.4058263301849365,0.09040770056796744,331.2260437011719,338.65716552734375
282,42.96330394070311,0.9912321624125982,7.151637554168701,2.573789119720459,0.09559323847936746,389.210205078125,376.2073669433594
283,40.93023120768003,0.9935585542729026,0.7261870503425598,0.4866655170917511,0.0726701859681878,98.75848388671875,94.88795471191406
284,34.87952628895488,0.979351620325363,107.29691314697266,7.40223503112793,0.09923669382710766,576.2440185546875,578.7018432617188
285,27.241944018161718,0.9411961928363678,2.518204927444458,0.4145045578479767,0.11958951089389018,22.739242553710938,36.90633010864258
286,32.447068254736685,0.9621861935799828,123.30567932128906,4.000889778137207,0.0696785728866274,592.029052734375,466.1324157714844
287,35.70200876291486,0.9686828685926333,78.89958953857422,4.297036170959473,0.07619253900814285,540.549072265625,543.1019897460938
288,45.376577309336945,0.9943281652942162,2.378838300704956,1.6097723245620728,0.07436353568005792,293.01873779296875,287.25469970703125
289,40.5282737996087,0.9943766151050296,30.348499298095703,4.342689037322998,0.08128765661713794,555.5208740234375,591.242431640625
290,46.57141900205331,0.9957231024224446,0.021793346852064133,0.1798550933599472,0.08221802285639677,32.372291564941406,31.469749450683594
291,26.106451457055403,0.8867858449560354,3.564397096633911,0.5260704755783081,0.10665875886125058,29.98053741455078,38.31084060668945
292,28.014753693649332,0.9307011162816048,1040.48583984375,9.149301528930664,0.09318797442212506,742.2472534179688,822.7779541015625
293,23.216516832747367,0.8125427794428658,614.318603515625,4.909507751464844,0.12719087612236468,240.8392333984375,360.8304443359375
294,39.19408202206379,0.9800052981750638,1.5258628129959106,1.5050948858261108,0.050401892853447115,196.70529174804688,127.9334487915039
295,33.41067360553596,0.9854764186837724,122.93073272705078,5.499463081359863,0.0946387095049473,441.78460693359375,522.7210083007812
296,44.63631990103615,0.9912989953661605,20.141889572143555,10.619234085083008,0.0849231367718116,844.963134765625,770.2235717773438
297,36.7922008872247,0.9757662368909493,9.53145694732666,1.9581352472305298,0.08413522787621927,247.21014404296875,216.60520935058594
298,41.03431954887934,0.9892233025025042,30.587337493896484,4.473574161529541,0.08519702366763214,690.8055419921875,623.267578125
299,45.15049969657095,0.9869662010725069,0.2269592136144638,0.7074852585792542,0.07664314917024007,89.97474670410156,86.26211547851562
300,35.90826451598166,0.9572630947795999,0.7061578631401062,0.2917734980583191,0.09635890669145455,45.7700080871582,52.63003921508789
301,30.007470910647818,0.9465872560530686,272.2502136230469,5.0457024574279785,0.12401532724900137,436.3681945800781,531.8233032226562
302,37.12651753031474,0.9837732391799074,56.73341369628906,4.9868011474609375,0.07920020186935266,598.1688232421875,541.094482421875
303,44.98158797667824,0.997206516617715,12.838006019592285,8.3535737991333,0.0656683086689476,703.3096313476562,637.79248046875
304,32.46137785763776,0.9657695480959704,297.34063720703125,6.355810642242432,0.11064052610599842,635.15283203125,726.365234375
305,38.0703066426024,0.9865886461378005,147.15945434570312,10.989266395568848,0.07473179505858882,1115.6461181640625,975.876220703125
306,43.83974686568432,0.9955118542731238,10.872215270996094,5.0479841232299805,0.07761460846147797,550.3356323242188,516.7840576171875
307,39.237595710626294,0.985654813309572,11.896991729736328,2.896855115890503,0.07214488332027334,357.0902404785156,323.6335144042969
308,42.70983553330986,0.9928003128529579,32.294498443603516,6.707210063934326,0.07603811306922081,772.9197387695312,795.3909912109375
309,50.445292931961376,0.9982868538952219,0.6649004220962524,1.3997327089309692,0.07392020798963533,275.21771240234375,271.5614318847656
310,40.31726802598209,0.9911643109669749,17.3653621673584,5.001039981842041,0.08397334631744471,482.89312744140625,439.5324401855469
311,33.62275227915759,0.9303843299209518,2.700052499771118,0.3933473229408264,0.14619717498391605,59.58995819091797,79.37792205810547
312,34.88542365219652,0.9788966469997223,0.2237662822008133,0.18166647851467133,0.11998394004545593,23.299766540527344,26.32539176940918
313,46.219344020552704,0.9959876808742497,22.108312606811523,5.687429428100586,0.08692815930791817,973.5684814453125,962.685791015625
314,43.833131111993346,0.9931169545933435,28.49478530883789,7.284607887268066,0.06191343380204656,987.5991821289062,836.1441650390625
315,43.57195437442559,0.9920204651491069,21.249496459960938,3.3614308834075928,0.08075101782378058,679.0587158203125,696.2782592773438
316,24.583928441795905,0.8500246267493764,567.5610961914062,3.048034906387329,0.10455002268541208,310.4167175292969,409.54400634765625
317,36.946335128919124,0.9883591171480923,5.768710136413574,2.0992443561553955,0.06740086184846945,206.11485290527344,174.12103271484375
318,37.95396609675201,0.9678628116892218,3.9322686195373535,1.329389214515686,0.0797902518183032,176.79579162597656,157.28060913085938
319,33.010074655453316,0.9709301126200102,31.495101928710938,2.5331363677978516,0.09836542136111238,280.0564880371094,250.99266052246094
320,34.46378930298105,0.9687384411046749,107.06403350830078,7.190903663635254,0.07163436318078843,576.7451782226562,549.6774291992188
321,48.252062861400645,0.9957842578951911,7.635511875152588,4.8365936279296875,0.06730628441433892,717.1857299804688,714.88134765625
322,37.29573755990768,0.9858805941508159,80.60397338867188,8.717801094055176,0.07911591903890934,868.7893676757812,660.5371704101562
323,38.30157759397022,0.9865961807584861,11.521345138549805,3.8811092376708984,0.06907490322415123,325.92266845703125,280.6539611816406
324,40.55071786715534,0.9874264510392651,79.90269470214844,11.195282936096191,0.06558190210785297,984.6427612304688,954.910400390625
325,29.16923616311319,0.8964470446655687,524.9307861328125,4.843055725097656,0.160488119512524,363.0286865234375,738.1589965820312
326,31.729566781691855,0.9413221772102749,206.5926055908203,5.997629642486572,0.0760588056945151,632.7103271484375,554.7996826171875
327,23.9847683838429,0.8389448930403786,1488.7130126953125,7.6199421882629395,0.1283105965633267,419.6517028808594,612.1090087890625
328,28.495820115744458,0.9118534480255208,237.84901428222656,4.1305389404296875,0.07819953816787281,394.606201171875,420.1804504394531
329,30.191072128721746,0.9282602551854547,59.05405044555664,1.7105039358139038,0.0936138330140507,224.20281982421875,248.48326110839844
330,25.56007582345895,0.8776003014064664,346.97369384765625,4.294532775878906,0.12899673325654326,273.15704345703125,356.61669921875
331,29.821266822217076,0.9129713324751124,598.1011352539062,4.651916980743408,0.09301455333908289,619.7400512695312,758.0882568359375
332,31.598806314159336,0.9599700024883937,0.1631234586238861,0.10423644632101059,0.08783935473486522,13.822920799255371,15.379095077514648
333,37.500418538057325,0.9871504388987956,2.4294214248657227,0.9013516306877136,0.07683221468407288,118.80307006835938,116.9565658569336
334,36.276395701214255,0.9801072539190759,0.5193570256233215,0.46534597873687744,0.06477911999575009,51.70146942138672,46.95663833618164
335,32.39914985280744,0.9647766194691721,0.9757882952690125,0.4494692087173462,0.09024569442074858,33.56105422973633,41.688072204589844
336,47.97336672922751,0.9946103957169319,11.204704284667969,4.816005706787109,0.08272130805398821,893.1258544921875,855.6051025390625
337,28.892395200134548,0.9273156903595716,636.9437866210938,6.605368614196777,0.111102349874917,568.5922241210938,703.9542236328125
338,38.400937116130336,0.9830390455737572,31.99445343017578,6.678647041320801,0.07151712394834087,554.9354248046875,474.69964599609375
339,42.039327127566246,0.9927348985699063,0.6087306141853333,0.530509352684021,0.07699368466622032,95.99542236328125,98.736328125
340,44.23440708575815,0.9898038556485969,8.802332878112793,5.730796813964844,0.10000434609251328,523.8294677734375,492.124267578125
341,31.736913655384864,0.955575823845386,148.95547485351562,4.659181118011475,0.10807983189931478,383.23822021484375,473.998291015625
342,28.854469187120163,0.8785187942941814,27.80438232421875,1.4178314208984375,0.15064559075730843,86.70081329345703,174.02867126464844
343,30.409428662598657,0.9587430343093395,128.81771850585938,4.802831649780273,0.1345622951506135,270.3815612792969,434.41778564453125
344,44.2003693791481,0.9864934875992184,6.045966148376465,2.056929588317871,0.08887420611324277,393.8972473144531,399.1062316894531
345,39.251680647762676,0.9864640663098255,43.0599250793457,7.746289253234863,0.07010722696784762,772.4313354492188,616.2342529296875
346,31.727378288048396,0.9559047278036028,263.7790222167969,7.026117324829102,0.12496632358273914,492.0667419433594,635.4585571289062
347,25.904230891461353,0.9133167090215788,5.355332374572754,0.4998877942562103,0.12014176983072779,38.27334976196289,46.258705139160156
348,47.48336443506641,0.9937366923188523,2.510141372680664,2.598179340362549,0.07946102181361392,374.46881103515625,375.2380065917969
349,38.46299814477047,0.9912276272157398,55.843841552734375,5.100582122802734,0.07940239747296576,673.1890869140625,626.2340698242188
350,43.737527804800244,0.9922308171373648,10.717045783996582,4.119180679321289,0.0897486282700331,554.919677734375,503.63311767578125
351,35.13176368874468,0.9887561531289566,224.91281127929688,8.223464965820312,0.0682758157308473,961.306640625,856.6333618164062
352,31.397904114487144,0.9680413424322849,314.7908020019531,5.929781436920166,0.09081447509957738,748.1876220703125,659.034912109375
353,23.432166086272517,0.849447226273165,121.27188110351562,1.8497285842895508,0.10366259166036737,123.77947998046875,163.77149963378906
354,31.233276514434607,0.95307899710902,3.8462510108947754,0.5097668766975403,0.08879983289624814,64.01972961425781,71.49817657470703
355,35.11688279614505,0.9789106325083965,126.949951171875,5.245129585266113,0.11239130432571066,599.9666137695312,642.77685546875
356,22.944329651865225,0.832730326658347,3.825110673904419,0.29288798570632935,0.11558689006688799,18.889278411865234,27.484798431396484
357,30.79415044803585,0.9714246266305262,282.24169921875,6.884847164154053,0.12784056555564294,513.8233642578125,586.1898193359375
358,35.146166730370545,0.9673833162499779,258.154541015625,8.675008773803711,0.08382065814021072,874.1080322265625,940.2900390625
359,49.23036534007701,0.9939101781115567,3.958674430847168,3.741694450378418,0.08658648911703076,582.0060424804688,575.898681640625
360,42.08255403224483,0.9930357463865457,9.35177993774414,2.6904537677764893,0.08338748322337952,432.6619873046875,388.7817687988281
361,38.30992472148519,0.9895873190171948,55.683555603027344,3.7082390785217285,0.10613818385255763,542.59814453125,643.6449584960938
362,29.282844830060895,0.9306124037961111,248.2401123046875,3.5306129455566406,0.09439817388602537,413.4054870605469,458.7946472167969
363,47.593925490446026,0.9962885586623683,5.184736251831055,2.7278146743774414,0.07926424490135488,541.429931640625,546.0711669921875
364,46.099009863438624,0.9900847361706605,21.753271102905273,5.432229518890381,0.06999679887514075,932.8424072265625,941.5233154296875
365,26.056990189456183,0.8488905764907172,349.0805358886719,4.147435188293457,0.11177738628025094,284.3431701660156,386.7165222167969
366,35.66357295602147,0.9888633117771739,248.73594665527344,7.673492908477783,0.11639520675614143,838.4298706054688,961.2293701171875
367,25.61156721463901,0.8615700284739229,2245.0400390625,9.547433853149414,0.10779581803094539,695.3797607421875,905.4453125
368,29.36188802245447,0.9175861993049136,44.690345764160156,4.629797458648682,0.041927492659669406,398.87255859375,196.5953369140625
369,30.48653812455049,0.9486410530904928,4.401695251464844,0.5729185938835144,0.07879452184786619,62.30916976928711,70.29193878173828
370,39.831751227701,0.9743454786107882,1.0733970403671265,0.6595363020896912,0.08994389654786271,98.1085205078125,101.6772232055664
371,32.82273623664028,0.9743896829823592,0.16430293023586273,0.20055751502513885,0.09974387329425796,15.473902702331543,19.203603744506836
372,26.54868662058174,0.8565018472285274,18.570592880249023,0.9357545375823975,0.147663110443941,62.03607940673828,95.34851837158203
373,42.77555680441836,0.9965163010131218,24.595212936401367,3.3065600395202637,0.07990784509636716,714.1710205078125,683.3237915039062
374,40.73341059356948,0.9903465491422558,0.4165491461753845,0.7336969971656799,0.06985122564417307,94.84733581542969,72.11746215820312
375,25.387104454150332,0.8732469322359798,292.7384948730469,2.666332483291626,0.11108463171995496,255.79164123535156,319.6566467285156
376,42.75159117152825,0.989038740687449,37.38579559326172,5.253257751464844,0.06350192388173823,864.1098022460938,845.0304565429688
377,37.138307902098596,0.9794588639055858,0.11106494069099426,0.34827491641044617,0.058723990686568354,32.82379913330078,24.2486629486084
378,38.259587442035524,0.9754541863228884,94.4616470336914,7.772089004516602,0.07248963341871767,814.7377319335938,814.6539916992188
379,41.47295104535959,0.9897359435141886,5.680636405944824,2.179499626159668,0.07675789544714759,284.9192810058594,282.5729064941406
380,41.525492454133264,0.9929230350951046,0.981166422367096,1.2473008632659912,0.07048588170482092,124.39089965820312,119.04666137695312
381,40.42893566406964,0.9906375835062426,43.27197265625,9.042859077453613,0.06924128343512606,884.3834838867188,697.0404052734375
382,27.036894184325323,0.9273980626926764,777.9335327148438,8.421326637268066,0.12903136028971038,492.34246826171875,629.3139038085938
383,31.44346582037958,0.9333289120350152,511.2471923828125,6.513385772705078,0.10195046025750382,714.98486328125,877.5945434570312
384,42.99159056145272,0.9937731189839734,27.120742797851562,3.994119644165039,0.07148953685537908,719.7329711914062,735.3359985351562
385,36.106835441443,0.9910613404677256,157.8274383544922,8.588445663452148,0.08228663949364048,931.9646606445312,803.6774291992188
386,32.33803337859115,0.9682919541594905,46.17571258544922,2.3115646839141846,0.08540091976073429,262.8943786621094,282.7525329589844
387,28.432728712141415,0.9542151540748475,45.34827423095703,1.6806904077529907,0.11576395747532763,140.45298767089844,178.26210021972656
388,47.86915048031168,0.9956458204486421,9.11717414855957,8.411043167114258,0.06905463760983122,840.5648193359375,750.8641357421875
389,28.47527998512076,0.8941656721600161,916.9762573242188,6.7117018699646,0.08193295358577428,669.0953369140625,807.0278930664062
390,36.27308345138144,0.9737707055082508,231.21849060058594,6.604221343994141,0.08946569142098815,934.9315185546875,990.5146484375
391,45.15346824359688,0.9942298172151341,5.196975231170654,2.802232503890991,0.06720184740704553,431.02569580078125,413.2050476074219
392,39.07517946679211,0.9921867978462124,17.14706039428711,3.5753369331359863,0.08798112626289449,371.7782897949219,372.64605712890625
393,32.71522974589424,0.97609794936436,309.46527099609375,9.216185569763184,0.09259207986900976,798.5670776367188,776.6365356445312
394,38.31434222392573,0.978918141978567,17.141281127929688,2.476210355758667,0.0948101070190366,319.3937683105469,341.4627380371094
395,29.08886805713238,0.9432350300921375,1047.8770751953125,11.245447158813477,0.11577270867693004,694.3348388671875,930.8265380859375
396,43.517367473990525,0.9938924843435809,32.593074798583984,6.51326847076416,0.07754936836029362,970.6018676757812,858.5543212890625
397,37.630680711906365,0.9905102657552105,31.48487091064453,3.9645769596099854,0.0939719913977867,368.046630859375,429.5650329589844
398,24.947027567970636,0.8355286172719699,1795.0155029296875,7.233057022094727,0.13748285821318218,444.8755187988281,751.1201782226562
399,34.217993794587215,0.9604566957555535,215.44577026367188,5.40360689163208,0.07930307667616861,706.9852905273438,754.788330078125
400,30.73591862466595,0.9286291605463276,9.123376846313477,0.5966153144836426,0.08804602072312334,87.18435668945312,104.02074432373047
401,32.4414127491495,0.9353316489707892,379.4254455566406,5.389059066772461,0.14637921832966755,523.4480590820312,902.6503295898438
402,29.934567689816006,0.9277114137753429,247.23927307128906,3.6595256328582764,0.12302766240119607,406.85137939453125,505.74713134765625
403,32.709346194450994,0.9682762705566221,364.8117370605469,12.431041717529297,0.07521406347649637,1015.7914428710938,826.6309814453125
404,46.7193801235627,0.9947348380051899,2.1888062953948975,1.8335938453674316,0.07688321644861178,331.2073059082031,320.72955322265625
405,32.13541089481537,0.9672657204916849,490.09356689453125,10.850327491760254,0.06891948556664758,1072.032470703125,895.627685546875
406,25.835489477866346,0.9069843882983416,395.3845520019531,4.199232578277588,0.10826353109426907,327.8530578613281,389.8124694824219
407,45.94551135438077,0.9903098014409205,0.0035536265932023525,0.08681367337703705,0.07461666683598708,12.015710830688477,11.826813697814941
408,23.310203600948007,0.8195724092820738,3489.390380859375,11.581927299499512,0.12495227858921618,617.2720336914062,905.4766235351562
409,33.501286509600476,0.9249507914921048,3.7569422721862793,0.5069748163223267,0.13224579233288775,64.8173599243164,92.19538879394531
410,50.5117916960063,0.9983510389170533,0.909416139125824,1.6206767559051514,0.07898862977183647,317.65557861328125,319.99432373046875
411,34.475653930358874,0.9524861719724563,317.5659484863281,7.862068176269531,0.08976056403978475,930.6858520507812,950.1118774414062
412,37.19438683357942,0.9914988798499722,172.25338745117188,9.43404769897461,0.07934004256094815,1080.1949462890625,950.6565551757812
413,40.339128769895474,0.9856144805564723,30.445066452026367,3.8972339630126953,0.09879926815356924,560.306884765625,573.8644409179688
414,38.96870979863411,0.9908704573924819,50.58193588256836,3.439897060394287,0.07566277588415438,672.2687377929688,632.2053833007812
415,40.61633144985339,0.9898069198132792,17.48350715637207,2.3395986557006836,0.07569828039172198,436.18133544921875,448.9970703125
416,34.46006100239141,0.9820189066039028,30.723867416381836,4.559817790985107,0.06783727383124705,386.9821472167969,293.9175720214844
417,37.18709573012059,0.9864814145984542,20.26707649230957,3.0644195079803467,0.07300093439171014,393.0348815917969,329.33587646484375
418,29.852739479982272,0.9261131849681999,465.7079162597656,4.166784286499023,0.09995892551055831,610.2848510742188,672.845947265625
419,44.657125895363805,0.9962871888473676,19.36431884765625,5.445204257965088,0.06558649188691626,743.6349487304688,752.6221313476562
420,34.52996792167,0.9688359504994255,220.6558380126953,6.633476734161377,0.10106475089870198,781.5803833007812,791.7874755859375
421,36.220136840927836,0.97637740617197,146.416259765625,4.315162658691406,0.09380963279883614,760.2808837890625,789.8285522460938
422,45.51293342153217,0.9940721575628247,0.2383057177066803,0.48634129762649536,0.09758712447613728,91.34552764892578,92.11489868164062
423,25.818284354541706,0.8822201179288581,639.2890625,4.9034552574157715,0.09387760413589825,410.6869812011719,494.9258728027344
424,30.084013998749537,0.9040175868232876,3.3437998294830322,0.3999652564525604,0.10413938044632295,47.95536422729492,58.50120162963867
425,34.626914244253655,0.9688372833902252,101.97793579101562,3.686962127685547,0.0978251857160919,529.08984375,549.9793701171875
426,26.699808265293598,0.9269514247675121,402.3080749511719,6.465346336364746,0.13276797120817327,331.80328369140625,442.0889587402344
427,43.00360478875394,0.9926852086564705,39.38229751586914,7.270439624786377,0.08833964435946685,940.6203002929688,887.8164672851562
428,37.48737891311421,0.9871070782343546,21.91958236694336,2.1478328704833984,0.0786906125830433,328.03070068359375,351.5640869140625
429,39.9579201671569,0.9869303929055315,1.3670320510864258,1.086995005607605,0.10627284827315184,112.19355010986328,117.949951171875
430,47.17873624720639,0.9947669975559532,0.3930554687976837,0.7446948289871216,0.09244493816065809,139.43409729003906,143.84869384765625
431,27.036450938019016,0.8735361838601798,1084.6265869140625,7.127277851104736,0.12132575348575421,605.964599609375,761.7491455078125
432,37.49745879114154,0.9813376608755443,67.94602966308594,9.10676097869873,0.07074088109389777,738.7528686523438,618.599853515625
433,48.015597158723516,0.9952069062535854,0.16097043454647064,0.9096856713294983,0.06818414785448192,115.79299926757812,102.02155303955078
434,33.647301444293646,0.9563529605499562,3.120300531387329,0.5120899081230164,0.0987564254792503,78.8203125,85.02269744873047
435,27.916275630841273,0.8810430030992987,789.2118530273438,8.480496406555176,0.1302503427236327,539.3411865234375,701.2681884765625
436,29.901893504554515,0.9581577715735933,5.509681701660156,0.9039365649223328,0.1188895358904818,64.6787109375,73.69024658203125
437,32.360794544413004,0.9648900857989141,384.15374755859375,8.59247875213623,0.07931642046701105,866.5872192382812,822.0382080078125
438,47.11721790162399,0.998383130082405,9.687257766723633,4.066844463348389,0.08402609267010529,724.4569091796875,706.5360107421875
439,26.48736940218771,0.8990334941925321,15.138418197631836,0.77128005027771,0.09999596599480953,67.967529296875,82.2674331665039
440,38.706887489669114,0.9833829877331038,0.9889868497848511,0.5112708806991577,0.08544258348567378,91.11859893798828,85.75287628173828
441,45.925875384364744,0.9922702662008589,24.867868423461914,6.403421878814697,0.11246205314936572,985.8116455078125,986.6529541015625
442,37.6800319042334,0.9899643660668126,23.93178367614746,3.1437220573425293,0.08477877255840716,413.9171142578125,374.8965148925781
443,27.857584714053583,0.8758768505312049,221.96185302734375,4.4265241622924805,0.13464606144678382,277.1498718261719,371.2715148925781
444,45.255249011518465,0.9948955452755878,19.695819854736328,7.336522102355957,0.08768874053260003,865.3400268554688,812.9867553710938
445,41.164494082872395,0.9926978569743065,68.47233581542969,6.513840675354004,0.07412993095554074,996.902099609375,947.3013305664062
446,36.77806191675006,0.9801477434246256,203.8753204345703,6.477362632751465,0.09233109143834209,965.5731201171875,986.0150756835938
447,33.26955777629235,0.9334896686895374,247.6752166748047,4.141648769378662,0.10545231008630382,612.5098266601562,753.6248168945312
448,37.30054075288996,0.9839496767865369,23.656612396240234,4.145695209503174,0.06599660727644313,514.0917358398438,376.8833312988281
449,26.836849793703173,0.9186911140179302,13.49699592590332,1.1618088483810425,0.09117739141720613,71.36370849609375,84.4172134399414
450,31.17773205559217,0.9381533801494122,460.57635498046875,5.3684282302856445,0.07381672293081527,688.4299926757812,777.3697509765625
451,37.58668102222468,0.977813489189212,54.09787368774414,5.901640892028809,0.06750966794695995,742.6626586914062,558.8458251953125
452,29.66743495537124,0.9599738557456816,194.19081115722656,4.941891193389893,0.06680068054624025,530.72314453125,424.79779052734375
453,37.570929015950455,0.9883750689257286,142.89398193359375,11.243758201599121,0.08226934167669381,1086.934326171875,906.4480590820312
454,35.634729433054474,0.9864428972496706,3.354684591293335,0.9778184294700623,0.09530636421283423,108.19939422607422,112.08628845214844
455,39.44743658125424,0.9934231393323717,27.49108123779297,3.6645166873931885,0.09769462186747088,476.1708679199219,493.1324768066406
456,33.522947059218176,0.9753668265353784,0.06696788221597672,0.10647125542163849,0.08698053098272142,11.10702133178711,12.342290878295898
457,37.73758970750257,0.9836546239376807,31.745697021484375,5.405353546142578,0.09131595145429913,464.8587646484375,469.1919860839844
458,51.897321153417735,0.9983429264727023,0.02113388292491436,0.32249143719673157,0.09003261635032096,57.23972702026367,57.246971130371094
459,43.63740859774491,0.9919298755464416,0.619073748588562,1.0513060092926025,0.10507936913421545,125.43651580810547,119.6990966796875
460,22.65015780858556,0.844801236792579,75.56605529785156,1.461292028427124,0.11143222687799192,96.91434478759766,118.40872192382812
461,36.42276230277555,0.9930423594265407,96.05394744873047,3.969268560409546,0.0857928310193866,601.3754272460938,649.5610961914062
462,26.667051659511863,0.9159603037797415,1177.5252685546875,11.831316947937012,0.13059388915832634,564.81005859375,746.298828125
463,34.14040985104404,0.9781048830264124,130.29090881347656,4.960368633270264,0.08623695597867283,512.3512573242188,583.785400390625
464,30.876605709468144,0.8951682937442026,633.566162109375,7.838927745819092,0.14468047019795316,546.14111328125,962.2103881835938
465,22.6230600066936,0.8343611282342853,754.5029907226562,3.787959098815918,0.09786987179942594,296.3929138183594,375.4956970214844
466,25.33132885865673,0.8477305431304339,236.6322479248047,3.0714430809020996,0.10043689832072775,201.07260131835938,286.4263610839844
467,34.395204355153,0.972919127628038,273.8493957519531,6.448056221008301,0.0815732899809981,790.5187377929688,868.7305297851562
468,43.979919198491366,0.9928793031241748,1.9967373609542847,2.272587537765503,0.08353025850570436,232.57186889648438,224.3722381591797
469,44.08347109026954,0.9926558585666404,33.648841857910156,5.451242923736572,0.10574862863995546,874.8968505859375,963.2593383789062
470,35.403269697566955,0.9756978557774773,0.04906664043664932,0.087262362241745,0.10019042872473884,11.622654914855957,13.14232063293457
471,22.619812089613927,0.8000904856746107,5128.138671875,9.203221321105957,0.07672691191199811,758.4398193359375,969.908935546875
472,32.49480058245658,0.9640994969259474,1.0190987586975098,0.46536535024642944,0.06755742842014167,44.03977584838867,44.11675262451172
473,37.05787409626368,0.9835835689269352,154.97169494628906,14.006422996520996,0.06301110056650076,1427.132568359375,891.251953125
474,36.472927576610125,0.9747195456895912,62.71464157104492,3.585864305496216,0.09045003936012574,517.3860473632812,528.1734008789062
475,38.11060031762614,0.9822334709151488,143.0911865234375,9.270468711853027,0.06092539894901394,1194.3536376953125,992.9718017578125
476,34.33437353576455,0.982194375942612,2.0318448543548584,1.0058337450027466,0.07060871727079832,94.119140625,74.72277069091797
477,36.20092187463684,0.9639082945829451,66.30217742919922,5.930454730987549,0.0589299910374755,723.226318359375,554.3004150390625
478,32.63356556456113,0.9460889118232441,511.9618835449219,5.991020679473877,0.08992133931811423,887.0699462890625,969.333251953125
479,36.55416837515262,0.9775022211012703,60.50994110107422,3.8078548908233643,0.06874208192567567,500.078125,523.5747680664062
480,30.684463091800424,0.8986064674538417,338.19287109375,3.8187549114227295,0.12130478704955887,508.05535888671875,629.7692260742188
481,39.078277563025495,0.9833546217504054,59.3049430847168,6.087500095367432,0.08187934902617915,730.37548828125,696.0529174804688
482,38.44341197384232,0.9852571145269031,29.5948486328125,2.5925166606903076,0.09318777345945217,433.23809814453125,455.0865173339844
483,25.388148226311888,0.8653889727273906,1126.4617919921875,7.114459991455078,0.10325438243070613,488.1758117675781,627.9305419921875
484,36.24397511864847,0.9847606951515003,80.97666931152344,6.772272109985352,0.08258153752542413,698.1472778320312,584.72998046875
485,31.999036295106226,0.9768524356455502,504.7205810546875,12.195972442626953,0.12397810510989939,736.1331176757812,901.2568359375
486,26.39799881715993,0.905079541329998,4.815744876861572,0.48557180166244507,0.11037704652631429,36.805110931396484,46.40093231201172
487,39.23400440687352,0.9914639462535226,9.340714454650879,2.016017198562622,0.09173422512892716,263.9782409667969,281.6822204589844
488,45.418179519187774,0.9960062194873182,25.879167556762695,7.1592793464660645,0.08938132429991744,936.8968505859375,950.4610595703125
489,41.64859603735182,0.9930277624704766,53.21862030029297,8.132534980773926,0.0784336784083091,876.156494140625,890.37353515625
490,37.68153565975777,0.9877241614694688,32.08436584472656,4.414576530456543,0.08750788703091082,423.4989013671875,456.20111083984375
491,41.74863846399954,0.9816436467401999,25.66250991821289,7.697345733642578,0.06890043679978763,644.2649536132812,620.512451171875
492,31.887087527894803,0.9517831681574953,50.02889633178711,2.007237434387207,0.10706555676151507,258.4830627441406,278.1037902832031
493,39.008304274829236,0.9790955372193157,4.482149124145508,1.2632635831832886,0.09280960212173983,181.78164672851562,188.93304443359375
494,41.825466762754345,0.9950417923607447,14.136419296264648,3.087907314300537,0.08000596517611296,485.73443603515625,464.2347106933594
495,36.63814856817898,0.9703279772563862,27.111934661865234,1.8049516677856445,0.0989768898695226,316.66595458984375,353.9988708496094
496,30.4780848509958,0.9535656020398972,264.6111145019531,4.9072065353393555,0.12632449463465195,414.0309753417969,584.0724487304688
497,35.26110657815034,0.9729674718043814,1.7817883491516113,0.8798573017120361,0.06635183868621727,82.27729034423828,78.65690612792969
498,36.31102722506092,0.991377938196632,221.59458923339844,8.467666625976562,0.05594373549750465,1113.5947265625,974.42041015625
499,36.49600799367495,0.9704921931735748,215.57223510742188,15.456315040588379,0.06920923261586917,1194.653076171875,986.2245483398438
500,33.24135084532541,0.9694273595009056,224.34237670898438,8.787185668945312,0.08891070169089184,635.9577026367188,698.4635620117188
501,27.436815437626283,0.9175891743009859,519.036865234375,5.013457298278809,0.09067435158236119,464.06024169921875,536.5602416992188
502,30.058054091537496,0.9291895059532302,87.97087097167969,3.0678882598876953,0.10755788571734182,239.94435119628906,310.21807861328125
503,30.383877180521793,0.9438017280962149,605.5730590820312,6.224125385284424,0.09425561360351177,758.6524047851562,813.981201171875
504,30.486687935595896,0.9367024157392351,414.3878173828125,7.9407854080200195,0.08181320154437215,673.280029296875,685.0464477539062
505,40.44126490954807,0.9887312158511642,2.4090991020202637,1.5843063592910767,0.0841192692144809,169.2351837158203,163.45431518554688
506,25.924864643255855,0.8798530091241077,2105.380859375,10.07948112487793,0.11633542027256098,769.2739868164062,911.0162353515625
507,41.84871516316706,0.9866409935172498,42.514949798583984,5.5165510177612305,0.08754232548654832,900.9161376953125,822.7147216796875
508,44.592020114136446,0.9968511302127927,30.776355743408203,10.457551956176758,0.08251666404481832,990.152099609375,949.85009765625
509,37.083643603334146,0.9593703196882832,102.19239807128906,7.8119354248046875,0.06002974633873671,1023.5573120117188,725.9937744140625
510,39.691781661546834,0.9937443769353339,36.4149284362793,6.026303768157959,0.09992442023415395,587.1058349609375,613.8017578125
511,42.45744177706327,0.9958452801955374,9.914262771606445,3.310452461242676,0.08577127605533794,413.0229187011719,418.8247985839844
512,24.777951787264453,0.8375727673760044,2465.73095703125,10.511609077453613,0.12850516627381503,581.1146240234375,932.7957763671875
513,32.035867641435594,0.9672797436530868,467.15057373046875,6.499838352203369,0.10409424028523813,698.7377319335938,866.1978149414062
514,34.926288640587245,0.9806618439677576,0.6845163106918335,0.34501782059669495,0.07039153220969181,52.849281311035156,46.1734504699707
515,42.50064070985532,0.988523115852792,0.04068198800086975,0.2900516986846924,0.06556796704152962,31.809755325317383,27.340606689453125
516,42.438535878542105,0.9938769047105276,7.777174472808838,5.057025909423828,0.07945962398423907,499.4674072265625,377.0869140625
517,27.343398842127186,0.8610448760150617,1125.8499755859375,6.442041873931885,0.1206304583580359,537.0906372070312,810.7427978515625
518,42.65489283153397,0.9914567446099716,50.98952865600586,12.193411827087402,0.08307262215623677,1121.485595703125,987.2888793945312
519,40.40118397893198,0.9886205736144039,1.7438013553619385,1.8668829202651978,0.06891733836225764,165.58670043945312,151.2664794921875
520,25.7653677685723,0.8282893896967911,928.6864624023438,6.656286716461182,0.1495051464975045,347.4730224609375,594.5365600585938
521,47.137833823372645,0.9960133805179006,2.8118033409118652,3.1541309356689453,0.06779774077417564,388.7286071777344,381.5099792480469
522,28.32019527562808,0.9256388767549366,1383.112548828125,8.156123161315918,0.0914977703587142,892.1873779296875,969.9444580078125
523,29.0984389036148,0.9189311139938163,525.57275390625,9.760641098022461,0.1070713389469313,546.7535400390625,842.2767944335938
524,34.015712710165765,0.9740897399537704,278.7878723144531,15.434736251831055,0.06828377477569397,1007.365966796875,838.4903564453125
525,32.97914407036588,0.9446372587706652,105.2095718383789,5.485556602478027,0.06760321121387314,530.0049438476562,469.2244567871094
526,31.567805784960097,0.9512490428353673,119.55335998535156,4.342674255371094,0.08030408293466726,385.97393798828125,415.4046936035156
527,31.284472964081406,0.9583160523421317,55.30888748168945,2.89585542678833,0.08494207608558021,266.08349609375,274.1336669921875
528,38.25636064854127,0.9863036196175251,0.4818497896194458,0.4387064278125763,0.07712605721216262,56.23068618774414,57.319122314453125
529,44.260873687054065,0.9927182381643969,28.019962310791016,5.106887340545654,0.0791399940536179,848.2376708984375,864.857666015625
530,33.296229070701884,0.9789064793056502,303.9917297363281,7.445700168609619,0.13584862415507662,704.8935546875,813.088134765625
531,39.10664559782792,0.9878825499331126,122.65789031982422,5.278250217437744,0.09685335737046656,954.333984375,999.7179565429688
532,28.70985238361289,0.9472262659201435,1330.6624755859375,24.203035354614258,0.060876968467915356,1427.56689453125,996.6401977539062
533,23.647013015875892,0.8618889817118864,1321.406494140625,8.067203521728516,0.1036754761700593,462.2963562011719,555.8762817382812
534,24.316913343544012,0.86137190026926,2181.726806640625,10.078877449035645,0.09184150781016145,553.3922119140625,769.2184448242188
535,30.460582674134887,0.8614156538124654,668.5467529296875,6.22900915145874,0.22620677402064282,361.4803771972656,944.8209838867188
536,36.750167210573935,0.9857963516431696,152.2897186279297,9.015602111816406,0.09796265261530535,908.3468017578125,849.7977294921875
537,46.47127829926666,0.9922954590204945,1.3864585161209106,1.6650962829589844,0.08221223249865485,247.7708282470703,248.1007537841797
538,35.33175506165889,0.9738589775113252,59.230262756347656,2.6306564807891846,0.09533557331225118,391.26446533203125,451.0935974121094
539,32.1217364427347,0.957618645201096,10.327523231506348,0.9568224549293518,0.07275815918784552,121.48495483398438,130.03025817871094
540,24.456146400322446,0.8215431116225335,3162.263916015625,17.43221664428711,0.15543072644412206,493.1410827636719,954.0969848632812
541,36.55415906669625,0.9644778522790647,80.9031982421875,6.2999186515808105,0.06460787410214278,737.6197509765625,606.5684814453125
542,35.749829849756885,0.987328162780118,13.903181076049805,2.0716984272003174,0.09455646357509234,197.2527618408203,229.41416931152344
543,35.20363808676345,0.9763065896874488,134.6280517578125,5.804647922515869,0.08283950577830944,615.9488525390625,672.0289916992188
544,46.166244523016715,0.9936693348413405,9.240018844604492,3.7514145374298096,0.0666966988228262,619.4024047851562,618.5101318359375
545,43.590861258727855,0.9946264948299918,5.577480792999268,2.914760112762451,0.10405888360965632,354.6963806152344,358.8045654296875
546,37.62037568026304,0.9825725666294403,2.2374377250671387,1.0954726934432983,0.07020064709265462,114.98574829101562,114.44403839111328
547,24.47629720396329,0.8674488725336278,1540.791259765625,8.078827857971191,0.14669976209331648,446.706298828125,671.901611328125
548,32.01185047819963,0.9292172304747705,166.50051879882812,3.425997734069824,0.1329480292750879,349.2930908203125,520.7874145507812
549,29.607626479419796,0.9106957427158369,643.0989990234375,9.747418403625488,0.1108755926946315,568.2257690429688,772.5460815429688
550,30.44786908060978,0.90869353911133,238.2953643798828,4.372480392456055,0.1230683992834194,367.4814453125,520.643310546875
551,36.45741857244876,0.9756308598684145,132.79888916015625,8.255339622497559,0.08217035896680226,786.9842529296875,852.329345703125
552,37.248737823852274,0.9863019913004402,57.4749641418457,3.4841525554656982,0.0851276739814915,601.4909057617188,552.3549194335938
553,31.938789091819256,0.9141223866461754,162.7624053955078,3.4065468311309814,0.14891504842240982,316.9806823730469,561.3770141601562
554,22.91688622357327,0.7729048589308158,3610.666015625,12.593050956726074,0.16052207653226824,477.5458679199219,876.7769775390625
555,31.07976388767858,0.94727934878925,127.16193389892578,3.0341668128967285,0.10071472848857746,370.0210266113281,404.0793762207031
556,38.953622797036296,0.9876036248155423,2.3040199279785156,1.982572078704834,0.07291449562885081,157.62513732910156,134.88121032714844
557,34.04666614875469,0.9652543360342428,0.3407119810581207,0.5010508894920349,0.07568558282357692,35.3159065246582,29.75389289855957
558,36.46459598558179,0.981447357357594,128.66067504882812,5.738516330718994,0.05587628633807125,823.8944702148438,755.3821411132812
559,37.04395083146493,0.9825907031879583,76.0394287109375,3.797456979751587,0.08081256518553755,658.473876953125,620.6892700195312
560,50.82465544678844,0.9970535762969431,4.0991315841674805,4.248578071594238,0.07142019720130002,708.5416870117188,704.3756713867188
561,35.12957681788204,0.9897892208937152,13.814560890197754,1.7346181869506836,0.07786441159855106,193.69032287597656,213.75119018554688
562,38.072437396914516,0.9864966153360373,2.820213794708252,1.7858837842941284,0.08127969670104264,149.5829315185547,137.235107421875
563,37.67541861981161,0.991686415392425,0.04115265607833862,0.1849655658006668,0.07091041276999155,18.089384078979492,15.530120849609375
564,27.577243619399958,0.9034243193873126,215.3231964111328,2.1922447681427,0.10172762341720906,303.40850830078125,351.2369689941406
565,30.805178725970865,0.9566572520601245,279.3153076171875,8.30066967010498,0.07472139969937568,662.2367553710938,590.3277587890625
566,31.275191363974344,0.9532673714999148,80.65913391113281,1.9884507656097412,0.13183287782738673,251.11630249023438,392.851806640625
567,42.861035446672034,0.9973197536018241,9.926668167114258,2.4485678672790527,0.07782919871234772,462.2575988769531,438.0374450683594
568,38.32881779630253,0.9877536513672525,116.447998046875,7.901922225952148,0.09498729887798739,875.5128173828125,904.2545166015625
569,35.58184273586247,0.9763145598172527,33.664451599121094,2.5822877883911133,0.07632072944135966,377.822509765625,348.9072265625
570,42.10485839417109,0.9946998309947634,15.936582565307617,4.979904651641846,0.08598778468202209,512.6944580078125,514.4755249023438
571,35.61237450911716,0.9873746859430652,168.2154998779297,5.49384880065918,0.0725036113678944,892.0686645507812,783.869384765625
572,27.118690697041124,0.8628644322543007,264.3979187011719,5.600864410400391,0.12910568844570708,255.1223602294922,397.146240234375
573,30.829168035042986,0.9104641809938446,319.1391296386719,4.153780460357666,0.12748853517466416,525.0886840820312,622.464599609375
574,47.16871116748797,0.9927649355279157,14.025394439697266,7.735931396484375,0.067913433457612,928.2734375,862.5013427734375
575,41.51505980282201,0.985914441592553,63.59352493286133,6.480135917663574,0.08694114630443762,935.7164916992188,949.5711059570312
576,29.873340413739463,0.8879926525213986,22.503297805786133,0.8948209881782532,0.0881943350684129,111.12168884277344,147.92640686035156
577,27.28755834301621,0.8965745856880327,1534.982177734375,9.975595474243164,0.11975623592090442,742.1796875,926.6610107421875
578,28.728316117328486,0.9374017918211388,323.3854675292969,3.641899585723877,0.11837348232032652,395.10809326171875,492.6241760253906
579,28.327166759775118,0.9482644918933126,97.88982391357422,2.619028091430664,0.09709016345344174,208.0267333984375,258.98614501953125
580,32.86675857138255,0.9637682780208233,109.05513763427734,3.5440967082977295,0.09174847887220842,449.4143371582031,459.6766052246094
581,45.60503809148856,0.9918318524172431,26.416780471801758,6.2791266441345215,0.08366028581505436,1010.1277465820312,980.0525512695312
582,32.08643688874828,0.9742936107519364,148.77435302734375,6.662816524505615,0.07122358230439221,593.718017578125,493.12548828125
583,37.938910179073716,0.9892473439652362,17.430622100830078,2.181910753250122,0.08210779024670489,354.2579040527344,329.4228515625
584,31.208275746956783,0.9775413745174221,301.65802001953125,8.154619216918945,0.06775028872433878,820.9561767578125,633.7674560546875
585,33.33992910338223,0.9511621374333176,25.513402938842773,1.6767604351043701,0.09592090620475582,225.48606872558594,240.9054718017578
586,35.98569294148178,0.9828254402883282,1.4817359447479248,1.1104573011398315,0.07728175691229529,87.23208618164062,76.78746795654297
587,35.794692407191924,0.9731455245261899,4.4285101890563965,0.8147762417793274,0.08350545570587495,122.48033905029297,129.75083923339844
588,29.005187460724144,0.9424475634346118,20.842016220092773,1.130392074584961,0.08581782514203833,114.87734985351562,128.91778564453125
589,29.987444712570067,0.9113288305111622,22.31571388244629,1.4720900058746338,0.10514126480171655,113.19187927246094,152.75079345703125
590,24.02611422827536,0.8312856266953838,74.6851806640625,1.7065248489379883,0.14257468212444552,98.43431854248047,139.68833923339844
591,34.8672699984738,0.9722592680416117,129.00254821777344,4.0729079246521,0.15485900918748793,455.5802917480469,641.23388671875
592,35.50723461833642,0.9807162193506495,8.905088424682617,1.5554075241088867,0.08057200814806988,174.5944061279297,182.69821166992188
593,33.9141006962466,0.9716451438172683,48.63755416870117,2.980203151702881,0.09180759307380164,340.7807312011719,346.3216247558594
594,34.83263259221662,0.9627604458723275,261.9689025878906,10.809025764465332,0.043925790679979274,1406.4957275390625,896.8916015625
595,34.89693849724317,0.963470289389477,71.11369323730469,8.603713989257812,0.06655407061982667,692.072265625,474.4876708984375
596,34.927285804626905,0.9740080454216653,141.98648071289062,6.6415886878967285,0.11210518662643618,673.0625610351562,667.8901977539062
597,38.038238721955565,0.9859309353172717,4.701512336730957,1.0779026746749878,0.07733865320187187,181.3283233642578,173.14755249023438
598,35.854790081254,0.9858111247374177,9.676810264587402,2.068974256515503,0.08336894926941814,229.6362762451172,193.0967254638672
599,42.353206988855135,0.9879667835677248,0.1017419621348381,0.2899821400642395,0.08252557747002048,42.47514343261719,41.8277473449707
600,34.97138488410747,0.9781895397986421,9.148322105407715,1.6559115648269653,0.07958210793633033,164.73634338378906,169.76612854003906
601,47.69789843524174,0.9956816066560116,1.325395941734314,2.0705554485321045,0.0762238419004671,287.6528625488281,279.3117370605469
602,29.701097335517815,0.8886264890328557,29.03641700744629,0.8763422966003418,0.24961775602839664,65.30245971679688,177.83348083496094
603,31.959020620331557,0.9620474485605494,5.108016014099121,0.8153000473976135,0.07153563120281863,99.30618286132812,89.61383056640625
604,44.395415738574115,0.9915504439727195,0.5205592513084412,1.3563456535339355,0.07072836114917776,137.177734375,121.5152359008789
605,35.430046344257406,0.9683517227477949,60.58979415893555,5.093594551086426,0.07366997487184215,575.9051513671875,461.3179931640625
606,37.27100604703422,0.98987932035736,8.02643871307373,1.3767238855361938,0.07521488108531192,220.6239471435547,207.12738037109375
607,22.520631768945446,0.8460115791594953,741.4790649414062,5.097882270812988,0.10145862593519403,314.543212890625,364.90557861328125
608,35.16221632614218,0.960368223842022,77.18480682373047,3.9132723808288574,0.06943974212368818,634.838134765625,503.9138488769531
609,34.80449533217149,0.990239027176356,157.5915985107422,5.528172969818115,0.09283787983835343,768.6250610351562,690.7044067382812
610,36.4564945618445,0.9909038017316499,0.3665933907032013,0.3056786060333252,0.09079998549584303,38.504249572753906,40.2728271484375
611,33.20107696810868,0.9516654364972291,301.20513916015625,8.202136993408203,0.07380103883584463,820.6853637695312,799.6109619140625
612,33.12369063888389,0.970930515735634,191.08103942871094,5.759807109832764,0.0891600600613517,581.8025512695312,628.2724609375
613,36.923098120710485,0.9818089206398333,1.3777422904968262,0.84672611951828,0.06441725953222949,137.49107360839844,82.67727661132812
614,34.650630840163515,0.9778743290925789,260.06134033203125,8.153034210205078,0.08932782419869725,772.0258178710938,873.7050170898438
615,45.98671636165215,0.9946632337582493,20.913246154785156,10.011371612548828,0.08287188677566949,1067.665771484375,920.9515380859375
616,23.959495452079093,0.8247282806455573,14.520813941955566,0.5649939179420471,0.12872523934213295,43.33652877807617,62.01688003540039
617,31.844306146313922,0.9736343759224511,49.998260498046875,2.0315935611724854,0.11576239529320112,234.88192749023438,277.60076904296875
618,37.081663501244925,0.9801359226152501,123.73490142822266,7.368466854095459,0.09276329538554064,712.027099609375,806.3950805664062
619,35.00858834725568,0.9520829690137822,172.56500244140625,5.086785793304443,0.07418313414624883,650.8540649414062,748.5114135742188
620,27.53207524540722,0.936958672699011,60.5251579284668,1.5657528638839722,0.11953322083134703,150.2794647216797,185.3365020751953
621,41.218818166018124,0.9811212945079779,3.1070711612701416,1.8030282258987427,0.09659639513527055,242.42279052734375,210.1399688720703
622,30.8611900055947,0.9590233561916371,112.92540740966797,3.605212450027466,0.07464954888034674,440.2937927246094,371.10162353515625
623,37.259697746075574,0.9775657341483945,43.5655517578125,3.6357064247131348,0.08602901038913889,475.2588806152344,485.0384521484375
624,31.377437005497978,0.9682386690910264,277.258544921875,8.46459674835205,0.06687570435055822,648.82568359375,618.6365356445312
625,39.464362629676934,0.9854428761007247,15.252988815307617,5.006372928619385,0.0507421044280112,458.5006408691406,369.54473876953125
626,34.869815227285244,0.9729349950388059,69.82721710205078,2.8800389766693115,0.06896611101522314,434.4288024902344,463.0721740722656
627,34.46404507313104,0.9654899697570116,199.62916564941406,4.443730354309082,0.07014755476146914,686.5323486328125,747.7234497070312
628,39.22299833254117,0.992918517075333,0.13563929498195648,0.3183794617652893,0.08594786180227042,31.25679588317871,37.64651870727539
629,29.64697299571551,0.8914747768085569,68.37342834472656,1.8650068044662476,0.09430642406139615,200.76255798339844,253.18450927734375
630,31.62334243495366,0.9113106885934547,349.67303466796875,4.648486137390137,0.09064634274748036,589.5218505859375,713.63623046875
631,26.04588719618838,0.8438139434584769,1957.345458984375,9.233333587646484,0.18205784043817314,448.87408447265625,895.3116455078125
632,34.791169835441615,0.9353426566099512,85.72159576416016,2.8760714530944824,0.13211562812649238,437.47418212890625,512.165771484375
633,43.3395077329147,0.9848524478905218,13.077414512634277,7.115401268005371,0.07022651004894222,591.7297973632812,532.5813598632812
634,25.358720855589823,0.8835672219538575,33.88141632080078,1.1152535676956177,0.06885620308750122,92.878173828125,108.0648422241211
635,45.09004177841041,0.9928712147923323,6.2117390632629395,3.391373872756958,0.07635650126302788,461.5832824707031,447.9649658203125
636,47.57706320723506,0.9942164042170695,4.961697101593018,4.66855525970459,0.08256200561437105,560.955810546875,533.0846557617188
637,33.0080816342128,0.9599966130789342,27.944812774658203,1.8877819776535034,0.1251832239516243,196.2584228515625,243.22802734375
638,36.904131648516476,0.9665506231157404,14.86540699005127,1.866715908050537,0.10332650729528682,253.72308349609375,269.9739990234375
639,31.789178550596297,0.9549195380618083,93.50318908691406,2.998040199279785,0.06857508153670375,314.320556640625,377.9068908691406
640,34.80850544104837,0.9860334169077307,0.1440204232931137,0.20175768435001373,0.09886596984403047,19.14813995361328,21.05112648010254
641,35.50477266411604,0.9848560571855067,28.467519760131836,2.7395691871643066,0.11608864993349605,266.1754455566406,322.757080078125
642,36.86985247971735,0.9589632808070311,9.092638969421387,4.1216535568237305,0.060731403267478896,328.83544921875,212.23655700683594
643,27.522744470457695,0.8808434166723499,187.89430236816406,2.881159782409668,0.11528583416207251,264.21295166015625,328.16986083984375
644,23.937902139316826,0.804347490187961,53.139007568359375,1.7419910430908203,0.1794592806214973,66.83354187011719,120.64237213134766
645,44.6911898123599,0.9960058787751124,26.918733596801758,5.369569301605225,0.08071445324429316,929.5459594726562,890.6367797851562
646,24.71460538211868,0.8528610479589542,1186.3797607421875,6.793466091156006,0.10901605945259595,433.7957458496094,593.9988403320312
647,39.43737134361364,0.9932340671557268,46.815818786621094,5.29189920425415,0.12805272851633745,589.3050537109375,679.4232177734375
648,41.433542870882,0.9844736381519443,37.76220703125,6.427430152893066,0.10736645296457481,752.0836181640625,789.382080078125
649,43.62024952752077,0.9926261452052615,10.811741828918457,2.8039262294769287,0.09842761320280652,506.5516052246094,498.9437561035156
650,28.25447989176808,0.9288426256970232,6.421108245849609,0.6325065493583679,0.2034868257309901,39.7426643371582,87.83336639404297
651,46.649291540261245,0.9959217435896581,6.237305641174316,4.562943935394287,0.09286247073174943,540.9191284179688,537.5694580078125
652,32.15826866813334,0.9232891463223841,199.72491455078125,3.705543279647827,0.10651808717574525,474.6131591796875,587.2542724609375
653,43.3925063424951,0.9932107765792693,24.89800453186035,8.12851619720459,0.06586018395991221,915.5078735351562,745.6940307617188
654,31.456030658359893,0.9659763490906134,133.0871124267578,4.303431987762451,0.09881119728256672,389.9697570800781,432.2278747558594
655,41.36973390777968,0.9914821322365319,1.200539231300354,0.7596401572227478,0.0824139943932841,130.46966552734375,128.45272827148438
656,42.28902232201091,0.993421683801094,3.9485881328582764,2.153893232345581,0.1077913016663124,250.02964782714844,284.49212646484375
657,33.447624044746874,0.9768523775479373,48.08500289916992,2.370673179626465,0.0944010830471503,244.6287384033203,363.7192077636719
658,42.696837178498456,0.9911646067604069,15.26189136505127,5.052600383758545,0.08386747056125342,659.0636596679688,646.2713012695312
659,33.779884130100974,0.9607651153400586,126.20948028564453,6.862931251525879,0.05058233735633172,891.0307006835938,571.20751953125
660,25.233510244821407,0.7839434219205473,369.7070007324219,4.884419918060303,0.16162299710589442,192.23052978515625,356.7406311035156
661,44.03108743792387,0.9942537526627935,36.757850646972656,10.907097816467285,0.07284734454710463,1115.5208740234375,986.5287475585938
662,28.781227225216398,0.884916905688566,481.807861328125,6.6851959228515625,0.08818708482204951,508.3730773925781,606.1690673828125
663,42.63172470124897,0.9913377173637089,3.0783040523529053,1.5059386491775513,0.07701990012765875,237.2749481201172,237.98956298828125
664,26.869147614297994,0.9384152207598552,21.607133865356445,0.8913414478302002,0.12150028614423965,83.12114715576172,102.6806869506836
665,44.737267531335235,0.9923062019426879,0.7930819988250732,1.1750508546829224,0.08827139394090824,157.5582733154297,153.70628356933594
666,38.640117770796394,0.981892423740789,8.194134712219238,2.6393914222717285,0.10226944588318107,223.83889770507812,246.71177673339844
667,34.47024592057566,0.9791102351388203,9.312633514404297,1.235079050064087,0.09202687567060318,180.8787078857422,161.52069091796875
668,44.38808254871382,0.9920336482786911,1.2610421180725098,1.9612857103347778,0.06931047871173393,200.01751708984375,187.38046264648438
669,45.114686805483146,0.9945071590112828,2.5120906829833984,2.305283784866333,0.07656458407253501,296.38836669921875,285.81005859375
670,34.72430960314433,0.9572762524318892,9.501215934753418,1.097110390663147,0.1077488060866207,137.73526000976562,174.20022583007812
671,31.698108697997863,0.935764913019504,542.3597412109375,7.964413642883301,0.0811299245086151,814.5040283203125,896.86865234375
672,32.276266470272866,0.958878699816971,3.8969316482543945,0.5673235058784485,0.0707360783556827,70.91443634033203,81.15351104736328
673,33.411902751278724,0.9790277670688304,125.50724029541016,5.358689785003662,0.06401739292639705,600.7459716796875,524.9868774414062
674,34.36447292151697,0.9499067664453981,60.740745544433594,1.898659110069275,0.19178364652617133,206.87045288085938,410.9864196777344
675,27.839878704338577,0.8671115342493028,1498.5498046875,14.997060775756836,0.13579927393959085,704.804931640625,982.396240234375
676,30.213012677017087,0.9182915924053535,10.725851058959961,0.7792878150939941,0.11988572171029364,79.79940032958984,112.92686462402344
677,30.819730683163517,0.9726182751057687,131.2155303955078,3.6783642768859863,0.08211337433884465,350.69659423828125,398.4577331542969
678,27.659185569268047,0.9177888793000034,1599.26171875,8.174148559570312,0.11407646417545109,769.1446533203125,969.5009765625
679,35.65292530208392,0.9642626337468686,203.00148010253906,4.348479747772217,0.08724329272079823,788.1324462890625,865.6416015625
680,41.89303868071627,0.9944420906227809,43.16472244262695,5.701426029205322,0.07473909197042213,848.4537963867188,817.2550048828125
681,36.97240061168464,0.990350062802234,13.331019401550293,2.052703857421875,0.09842810105091324,237.19720458984375,258.6449279785156
682,33.993922847626486,0.9731568492049403,11.209444999694824,1.383163332939148,0.09437031116268907,158.38580322265625,171.71670532226562
683,37.671820952520065,0.9826121284204494,76.41620635986328,3.8153018951416016,0.06538786313316065,634.4467163085938,668.9745483398438
684,35.095038950176416,0.9616439819597361,235.3344268798828,7.512106418609619,0.06558234983270544,1135.37109375,929.4465942382812
685,51.14258492910828,0.9963794383840295,2.385104179382324,3.558568239212036,0.0845391476803757,562.2208862304688,557.2061157226562
686,39.53631779617663,0.9900180380810648,36.256248474121094,5.478254318237305,0.09789395125084592,576.7703247070312,572.0410766601562
687,36.355471933134794,0.9863376762598783,18.234066009521484,3.252939462661743,0.07428105064513466,317.9315185546875,280.6991271972656
688,43.215876235868706,0.996289508722884,28.238515853881836,4.399431228637695,0.10250312625271288,800.26513671875,769.7234497070312
689,33.80626629853357,0.9523811624053831,14.686592102050781,1.3050599098205566,0.07062459081810611,172.91355895996094,187.85670471191406
690,43.12641942634688,0.9909774626310149,5.115151405334473,3.554997682571411,0.09364316103894915,346.6966552734375,324.3555603027344
691,36.83154818137445,0.9784046904067629,37.359012603759766,4.531155586242676,0.079071733681755,446.7458190917969,426.0110168457031
692,31.520678706628825,0.9547863771756429,181.1269073486328,4.5946736335754395,0.09147510858485562,469.3223876953125,508.102783203125
693,43.970394109601195,0.9954295927741333,2.356752872467041,2.506077527999878,0.08832325080624229,271.3582763671875,243.16732788085938
694,39.93520086982835,0.9744937120714793,1.357417106628418,0.8818511366844177,0.08010950475893099,113.71553802490234,115.72198486328125
695,35.14298576080095,0.9800630775736827,112.13866424560547,4.915866851806641,0.11872739011273227,494.6899108886719,611.0093994140625
696,39.31111256812822,0.9879262104123,9.588689804077148,3.6089558601379395,0.07666173578582901,356.73297119140625,289.3419189453125
697,31.329992686876103,0.9782678542122383,238.8318328857422,4.589964389801025,0.14220497011985964,386.1098937988281,581.656982421875
698,26.337101508987423,0.905138613676587,54.518455505371094,1.4730430841445923,0.14014149298444342,128.3343963623047,155.20835876464844
699,30.44469088111191,0.9732368012623029,207.82203674316406,3.658402681350708,0.10073556555181074,396.8974914550781,481.6589660644531
700,35.67988154326522,0.9894909059054097,76.14799499511719,7.810724258422852,0.06058415239723039,664.4910888671875,533.0568237304688
701,39.47383414469573,0.9852817866439912,0.28154489398002625,0.5682954788208008,0.08516611191048672,54.14208221435547,52.77171325683594
702,43.54370313207059,0.9885911217230392,4.996431827545166,5.317099571228027,0.05761741047245947,514.5879516601562,337.2676696777344
703,45.73570239777811,0.9953379208766024,0.4823385775089264,1.0954954624176025,0.07693345711889335,140.70211791992188,135.28025817871094
704,37.014263803284834,0.9719061629060498,0.799064576625824,0.6404657363891602,0.09053718478895897,64.28937530517578,64.31159210205078
705,38.87791638444129,0.9768157928751472,126.41835021972656,8.217508316040039,0.09173953754933682,974.781982421875,989.9702758789062
706,31.388287339043796,0.9397738211364385,68.21709442138672,3.385432481765747,0.1867930668244976,160.5629425048828,323.031494140625
707,32.63032825315225,0.9778433534075478,357.3858337402344,15.558890342712402,0.05978631857947625,1153.967529296875,810.0645751953125
708,30.425221012710047,0.9249177275684934,49.04227828979492,2.389975070953369,0.10209015581720315,217.71829223632812,255.38601684570312
709,37.74955467015901,0.9847529875450951,77.99824523925781,5.745000839233398,0.07800467186920593,721.9124755859375,681.8212280273438
710,26.58619553554604,0.9125350615061566,1252.218994140625,5.750617027282715,0.128158119809121,530.3001098632812,760.4676513671875
711,38.604253335992,0.9904571451454339,47.92430114746094,6.042463302612305,0.05301805765170891,915.8728637695312,596.0430908203125
712,33.740958584311045,0.958295889264136,94.10328674316406,3.7333984375,0.061481719335618176,503.2120666503906,472.1046142578125
713,31.69169160856746,0.9443775234307605,102.96793365478516,4.119253635406494,0.15227007590251732,228.89434814453125,412.4290771484375
714,48.72514120122353,0.9965763081122724,1.638097882270813,1.8829114437103271,0.07110014769253054,353.9556884765625,349.5194091796875
715,26.46399252889001,0.9051947494334975,1950.1500244140625,8.27950382232666,0.0987291464377191,840.4839477539062,929.599609375
716,30.249494324059953,0.9512175522779256,649.3029174804688,7.184545993804932,0.10318755840084586,750.90966796875,830.788818359375
717,45.10201857211889,0.9908761294449077,28.764863967895508,5.575272083282471,0.09843344488517468,961.5728149414062,965.0618896484375
718,33.63823489528866,0.9411751901263792,6.769247531890869,2.4831974506378174,0.036685157950558364,272.1986389160156,125.17292785644531
719,42.98590841558263,0.9955147893405428,26.83203887939453,4.377586364746094,0.07221545179714339,763.9432983398438,731.1365966796875
720,32.496715039476896,0.9754663746884733,493.32354736328125,16.4515380859375,0.06365781607719889,1235.2554931640625,938.402099609375
721,25.5881218515461,0.8702465457532034,90.99736022949219,1.6119614839553833,0.16901193568668516,136.39434814453125,182.0518341064453
722,25.356349282195726,0.8725019722453234,13.007852554321289,0.8172374963760376,0.12319821631432756,51.504066467285156,67.42977142333984
723,35.18529838257615,0.9736254440603241,130.9322967529297,5.797962665557861,0.10333251494076529,520.9986572265625,741.3795166015625
724,38.56958719726653,0.9818707192614597,43.343177795410156,6.15194845199585,0.07692338977322079,768.1822509765625,574.8986206054688
725,39.62291771245962,0.9861074183193892,45.97954177856445,5.751471519470215,0.1291514335061688,646.5526123046875,841.9869384765625
726,27.510049624281045,0.9163300594650363,35.003231048583984,1.1944702863693237,0.09965410920303186,117.64115905761719,140.63259887695312
727,30.792288757809622,0.9317676284426383,526.8781127929688,5.506020545959473,0.09326952766837082,725.048583984375,795.4720458984375
728,29.62211362677831,0.9379733440632498,44.63457489013672,1.6404279470443726,0.11100355391015088,178.67918395996094,202.42568969726562
729,39.499796675362575,0.9890652300926431,2.9959840774536133,1.830496907234192,0.07816132394504134,185.09564208984375,164.49229431152344
730,40.524643968608906,0.9841942833457815,2.32169246673584,1.4712001085281372,0.06870730568759183,189.4401397705078,165.10153198242188
731,37.82149010786007,0.9868393379991146,109.55007934570312,9.357087135314941,0.06257102914322217,908.0625,814.7601318359375
732,33.34335467891109,0.9676958668604109,204.76385498046875,4.882118225097656,0.06978498624579337,599.95849609375,665.5320434570312
733,37.611638743341665,0.986722959514988,47.06638717651367,7.565544605255127,0.08086205279390678,625.9993286132812,523.5423583984375
734,31.53424961011575,0.9644040210312858,90.70924377441406,2.554703950881958,0.08478786029964294,330.3797912597656,359.4716491699219
735,42.10270280340576,0.9896091000398984,46.65903854370117,10.051294326782227,0.0813759903407827,1085.528076171875,877.3233642578125
736,34.3701920313242,0.9685195511662554,55.853092193603516,3.1843149662017822,0.09374712913499181,354.779541015625,393.05267333984375
737,37.62754416885752,0.9879350038889269,113.02555084228516,9.190020561218262,0.06973067106845944,833.8998413085938,816.7828369140625
738,27.21206949874955,0.9203380442900109,366.26666259765625,4.954061031341553,0.09827654124695691,359.2324523925781,439.6957702636719
739,25.88136779692779,0.9360898646446266,366.8887634277344,7.06403923034668,0.06357353793677065,544.8623657226562,377.5674743652344
740,35.74453820418829,0.9867511357193268,57.14339828491211,5.601898193359375,0.0734515485752008,554.74853515625,463.21710205078125
741,41.525937045902346,0.9913237304018255,6.415390968322754,2.221198797225952,0.08343118371269813,299.55426025390625,302.0765075683594
742,39.968549813320706,0.9853241984935245,56.256744384765625,4.446437358856201,0.0878969249531458,715.1286010742188,747.8617553710938
743,46.02397976990205,0.9939783236436677,6.3174824714660645,3.8954248428344727,0.07958403616090592,499.922119140625,503.2176818847656
744,30.43702451082748,0.9358926137526768,46.2783203125,1.8077003955841064,0.09437128864178844,182.4217529296875,232.98048400878906
745,26.390572452559987,0.8492457586158234,1779.8458251953125,8.004676818847656,0.1802430000657418,404.3213806152344,899.6749877929688
746,43.55522793046242,0.9891101155733791,6.508513927459717,3.0311882495880127,0.07948762390355427,392.73321533203125,384.50732421875
747,42.46180920872532,0.9823406555519754,16.767972946166992,4.282188415527344,0.07814106315790058,549.5907592773438,544.0093383789062
748,35.50558653362214,0.9534335988386312,214.7164306640625,5.835989952087402,0.10169940153012699,695.5196533203125,906.5656127929688
749,33.9779951714262,0.9744829767536453,153.3828125,8.41343879699707,0.07834555479680025,727.0986938476562,624.61376953125
750,32.68264605830014,0.9572016679911545,6.584941864013672,1.1130491495132446,0.09952975100669308,89.91712951660156,117.78114318847656
751,44.76226827216451,0.9931541546118149,29.446256637573242,9.49246883392334,0.06518887110984249,978.476318359375,939.8922729492188
752,24.212415107469134,0.8495285509181112,1475.2650146484375,9.497963905334473,0.1160740301445743,463.8757629394531,628.080322265625
753,31.495399565693756,0.9601331157619432,79.33716583251953,3.848503589630127,0.08516630057702537,325.07989501953125,335.5707092285156
754,45.187845045845094,0.993960174967384,0.5922843813896179,1.1325185298919678,0.07332330057428914,151.69802856445312,140.13279724121094
755,35.094711023925626,0.9621792804407507,195.06243896484375,6.190695285797119,0.07628928241885607,845.09375,794.2311401367188
756,35.67426174469675,0.991265426463879,104.12591552734375,4.37885856628418,0.07688474372668894,690.705078125,620.4526977539062
757,35.626082562437574,0.9755606595792022,75.39755249023438,4.403491973876953,0.08378687936354512,479.8460998535156,533.9276123046875
758,28.446203354777218,0.9031282368378466,1140.5115966796875,21.131637573242188,0.03807248762161929,1985.8497314453125,893.9987182617188
759,40.61754747565242,0.9920229497831795,50.77736282348633,6.183413505554199,0.12170854424300942,682.8278198242188,788.80859375
760,40.41546741786486,0.9858455880938176,2.1113054752349854,1.3441251516342163,0.07021968620907587,154.63951110839844,152.52320861816406
761,43.885687219254734,0.992968920030092,3.712859869003296,2.4834983348846436,0.09642056550186873,314.2344970703125,312.41033935546875
762,23.45426089426499,0.7942867955006467,277.61590576171875,4.070030212402344,0.1275030213830102,168.0349884033203,249.2406463623047
763,31.2684883488458,0.955654572484048,412.0234069824219,7.142395973205566,0.08038970740080902,638.6952514648438,744.2023315429688
764,37.19460907533446,0.98266004041314,0.2269410789012909,0.2391308695077896,0.08127373398393516,36.38161087036133,34.4989013671875
765,39.85184718283881,0.9900824436062506,32.8143310546875,3.720219850540161,0.07890411026526124,559.4840087890625,570.31982421875
766,27.884101955124194,0.931658865322654,907.5244140625,8.268095970153809,0.11176104372481603,609.9674682617188,762.6962280273438
767,31.835394548809948,0.9280053114170599,483.198974609375,6.535896301269531,0.07037759065970958,784.0225219726562,876.8888549804688
768,49.661231181487864,0.9968504166178659,1.266216516494751,3.4138169288635254,0.0665411181920411,371.0616760253906,342.7396545410156
769,29.029936434642845,0.8804848042472624,714.664794921875,9.285414695739746,0.17348689413480087,468.0384216308594,821.43603515625
770,26.975919154566053,0.8806585613542051,24.531362533569336,1.7755235433578491,0.1291612841389766,80.35687255859375,111.52110290527344
771,40.59258919324468,0.9901930566327367,62.47713851928711,4.00550651550293,0.08938442224317478,809.43017578125,846.6058349609375
772,47.27248073348923,0.9917934305189318,0.30870988965034485,0.8248826265335083,0.08585833352803349,128.0054931640625,128.36117553710938
773,41.296659785898385,0.9883841395654914,11.59715461730957,4.724205493927002,0.07847119552911966,432.11480712890625,397.8900146484375
774,36.02543581620261,0.9683615548153657,158.44833374023438,5.026825428009033,0.09139758492768735,771.2590942382812,797.498046875
775,29.688297234248036,0.8911241337018312,18.717262268066406,0.8512839674949646,0.1759151469496693,75.90862274169922,150.76751708984375
776,48.277570269152264,0.9976316117157754,0.7853928804397583,1.2799386978149414,0.06538499559262972,227.59893798828125,230.0221405029297
777,34.73776320795661,0.9835458726798049,174.9789581298828,5.8606157302856445,0.10181280945168075,662.6528930664062,722.5303344726562
778,38.01224614435132,0.9725692564519689,81.92623901367188,5.53109884262085,0.0856498268726382,721.6063842773438,720.3165283203125
779,44.46628101412854,0.9962266610533583,14.69164752960205,3.654221773147583,0.09343858422411734,669.7737426757812,641.5064697265625
780,35.95817879321024,0.9609705425906538,119.73556518554688,3.5894670486450195,0.11475936315349355,495.4853210449219,694.2545166015625
781,34.39858825568971,0.9553148851905814,107.15480041503906,4.168262481689453,0.08375638018746911,507.74639892578125,543.1817016601562
782,25.879582076477476,0.8775529151062036,163.202880859375,1.9669851064682007,0.15631506123168498,159.78799438476562,252.54725646972656
783,30.676944259316436,0.9066827920495203,99.43679809570312,2.4220659732818604,0.08689769340827877,312.52117919921875,346.3503112792969
784,37.813488011458325,0.986757408792943,5.501126766204834,0.9685145020484924,0.09133549605979904,173.38754272460938,182.41612243652344
785,33.10196045864468,0.9482775322066465,369.24151611328125,9.758662223815918,0.07393195790740575,898.224365234375,908.5421142578125
786,29.991440951436317,0.9352633715948423,340.4539794921875,9.962739944458008,0.08766468103779483,650.3846435546875,583.8084106445312
787,41.385995171917784,0.987325659938641,11.406698226928711,4.52412748336792,0.08203904543643958,459.4538269042969,401.4505615234375
788,27.172566514617632,0.9232786438616244,400.2662048339844,5.2578325271606445,0.07264660722761503,411.9425354003906,462.5437927246094
789,41.128307744639784,0.9940237159484188,69.15243530273438,6.846823215484619,0.06785296252282673,1027.826171875,947.3360595703125
790,43.112252216200844,0.9880382686515096,1.0396780967712402,0.9674881100654602,0.09276274498466872,156.4964599609375,154.19805908203125
791,31.393917386657574,0.9453230870544518,249.55078125,4.509407043457031,0.09579935352260188,556.7752685546875,586.6436157226562
792,38.45664445625213,0.9916041096205312,36.46845626831055,3.992645025253296,0.10222433115686165,485.3524169921875,506.3827819824219
793,36.810645387544184,0.9878892524262085,77.5328140258789,9.261739730834961,0.06366755319652029,774.382568359375,611.8427734375
794,28.060526886898746,0.9378349172495406,0.5667408108711243,0.1580716371536255,0.11528843894919236,15.563837051391602,19.092073440551758
795,30.15489623859515,0.956076307270303,734.0391235351562,9.605781555175781,0.09106003270241762,1027.7784423828125,872.2517700195312
796,39.43194258897198,0.9859158944788363,87.66268920898438,9.811760902404785,0.07850379534953417,1045.9931640625,932.1861572265625
797,45.45351564146921,0.9936142197365117,9.080608367919922,3.2389891147613525,0.0863071407050516,552.631591796875,565.5680541992188
798,34.945341132055944,0.9686277010492496,155.1074981689453,6.26418399810791,0.07159881901875799,787.4280395507812,696.9541625976562
799,32.68920426649147,0.9217480460645091,333.7095947265625,6.056018829345703,0.15567459630063427,480.0743103027344,922.576904296875
800,33.47303812426248,0.9550470675969395,209.15179443359375,8.189972877502441,0.07287935045582646,957.6727905273438,707.5313720703125
801,38.570926840663155,0.9890297733254969,3.265146493911743,0.853640079498291,0.070404154158157,162.17190551757812,153.38650512695312
802,30.754680230089846,0.9488320862461108,275.1872863769531,5.690767765045166,0.0987076939308059,513.1465454101562,576.7120971679688
803,29.006700996257337,0.9174047357924628,462.82000732421875,4.78483247756958,0.11808267877641013,531.28759765625,607.1083374023438
804,35.487084032264995,0.9773482464415371,50.421443939208984,5.468372344970703,0.06861028090150723,468.5634460449219,424.70654296875
805,43.11200686094796,0.9944260604333582,26.48085594177246,4.726009845733643,0.07461238182616269,760.3193359375,736.707763671875
806,35.53560938590382,0.9745562956259962,243.84249877929688,7.528792381286621,0.07712845636544932,938.3648681640625,934.4326782226562
807,42.9606193872495,0.9936052665683384,43.1064567565918,9.80575180053711,0.06978273113426119,1041.639892578125,925.6429443359375
808,48.872107187027595,0.9972037996700797,2.6392822265625,2.1515438556671143,0.08552011965798387,457.1745910644531,451.3885192871094
809,35.700916764953774,0.9696365686516029,3.43034029006958,1.2767757177352905,0.07723370476002096,147.11170959472656,114.12480926513672
810,38.17128984179916,0.9936357134236148,147.376708984375,12.163484573364258,0.09214968188765109,1142.4892578125,984.8563842773438
811,36.90375375417279,0.9862435582190967,143.53140258789062,6.239856243133545,0.07360438047820904,914.4966430664062,839.0592041015625
812,47.464005467010224,0.9972527989938901,0.282357782125473,0.705420732498169,0.0723059210266147,127.33132934570312,125.53801727294922
813,47.695298266893516,0.9964143429931841,14.146842956542969,6.479258060455322,0.08947279760280304,931.7115478515625,920.9210205078125
814,29.64602225979581,0.9228237519392473,776.7523193359375,8.058732032775879,0.09065497736938342,692.43212890625,870.0264892578125
815,31.760032392986165,0.9480457997086033,179.74172973632812,3.462832450866699,0.09151580860188813,454.9306945800781,519.3192138671875
816,36.21327463604049,0.9895254023088637,82.80204772949219,5.632056713104248,0.118745673299713,538.6968994140625,591.6841430664062
817,45.30406995270518,0.997671398062209,4.706348419189453,2.176862955093384,0.06868253497727066,422.0422668457031,399.60369873046875
818,41.098852893190525,0.9897465786451649,0.24088740348815918,0.3313724994659424,0.07217995760204673,58.126556396484375,55.706878662109375
819,34.55487127972723,0.9663074648486387,39.495689392089844,2.2421627044677734,0.10153196771466566,313.70819091796875,335.8620300292969
820,33.08408633386533,0.9522575589648464,316.5926208496094,5.562211513519287,0.08131953650205076,724.8453979492188,803.0505981445312
821,39.43870297108286,0.9904249051068712,0.0031479934696108103,0.045043013989925385,0.12203298299673719,4.849765300750732,5.6273908615112305
822,39.24405058625924,0.9855618120869862,13.114851951599121,4.173178195953369,0.07090311483034635,366.1877746582031,334.1656799316406
823,45.88866485274305,0.9975143697178155,4.093594074249268,2.8084659576416016,0.07897673302009914,417.20989990234375,398.7705383300781
824,44.61117469465471,0.9918026824177111,10.000287055969238,2.6937949657440186,0.09216873272375209,534.968505859375,537.8582153320312
825,33.51078275557997,0.9864016228169972,374.5332946777344,9.77357292175293,0.09929908989654045,812.775146484375,919.935791015625
826,39.40224782173079,0.9879098157287874,13.76457405090332,2.394563913345337,0.07110208235797395,327.9430847167969,346.9996337890625
827,29.357302209050747,0.9134679512073689,138.0283660888672,3.579867124557495,0.08730238645055828,298.9467468261719,347.60626220703125
828,33.95532139554268,0.981265422214357,214.7897186279297,6.82941198348999,0.09969932669374745,667.310302734375,737.7637329101562
829,34.25399795840863,0.9656954037008271,62.88822937011719,2.823359489440918,0.11521043090748281,320.13226318359375,452.7657165527344
830,30.68626687370021,0.965970741805954,43.30381774902344,3.0899202823638916,0.06969780512398699,272.4754943847656,225.38021850585938
831,31.23491217625137,0.9454215609759739,154.18446350097656,5.8145246505737305,0.06126342001095198,588.952392578125,452.9870910644531
832,46.22568305314178,0.9969966785580504,0.4775463044643402,1.6501942873001099,0.0789739412945944,148.8034210205078,141.71615600585938
833,31.729014957586983,0.9160243325969598,18.63239288330078,1.3153274059295654,0.12698156306875644,120.56822204589844,177.21060180664062
834,38.16597635103373,0.9823891041479367,37.41585922241211,6.092551231384277,0.061386895051633694,668.7085571289062,498.8694152832031
835,35.33692903666045,0.9468157958312362,50.93367385864258,1.8978304862976074,0.08990860216726505,362.9190368652344,419.50653076171875
836,44.041630057274794,0.9936879065937302,32.247398376464844,5.187229156494141,0.09779367585580082,820.2883911132812,914.9310302734375
837,21.122296253545763,0.7481831496518542,1004.4964599609375,7.205584526062012,0.1058203062815551,289.47113037109375,363.031494140625
838,31.359538963160823,0.9473199674261829,246.345947265625,4.451132297515869,0.07593988517047708,534.6431884765625,581.0077514648438
839,35.29359163958502,0.9809420196910391,106.78585052490234,7.795512676239014,0.1215006724833975,566.3930053710938,632.6320190429688
840,41.39242021672682,0.9950104113302979,0.014358769170939922,0.07505282014608383,0.07394236065480203,14.770604133605957,14.081361770629883
841,33.42887058534184,0.9724150058747076,197.9629669189453,9.582884788513184,0.07043951092037982,753.4505615234375,663.8738403320312
842,31.26674856591926,0.9548882367348892,23.508594512939453,2.825320243835449,0.07015408903249745,250.27928161621094,178.85792541503906
843,44.88329671310836,0.9968771514385724,29.990320205688477,4.973759174346924,0.08930776274258152,1002.3951416015625,961.1092529296875
844,43.92191640825167,0.9864596469083684,0.9034731388092041,1.0483707189559937,0.07110347373074356,152.3932647705078,149.51406860351562
845,39.53142992752793,0.9761295806082163,19.182226181030273,4.799489974975586,0.058951771011613766,557.2893676757812,415.2095031738281
846,47.76072635100034,0.9970451204185024,0.12452060729265213,0.4183935523033142,0.0780824039382829,87.47020721435547,86.26432037353516
847,29.319092019526405,0.9355881356156525,1119.2718505859375,9.605708122253418,0.12055812460691788,724.6410522460938,996.8773803710938
848,49.44239581832653,0.9938930841268524,2.869248151779175,3.3091723918914795,0.07320598559547893,517.110595703125,502.69281005859375
849,38.56887874217895,0.9927025227908379,48.351905822753906,6.199084758758545,0.07345563988094576,685.8456420898438,595.7896118164062
850,45.320411506554365,0.9943442576102551,0.13181668519973755,0.5296895503997803,0.0929208776765434,68.75679016113281,68.0093994140625
851,32.21986251074261,0.9010474763453099,337.03131103515625,4.778600215911865,0.08080558139286767,629.287109375,750.2105102539062
852,32.59775655529884,0.9418879935909683,10.97403621673584,1.7341679334640503,0.13482579470623332,136.82785034179688,210.69569396972656
853,41.205686121807936,0.991602983729389,60.007266998291016,9.044876098632812,0.09043503878964325,904.159423828125,898.15625
854,29.405261849212007,0.945128230010885,48.54505157470703,1.7119733095169067,0.08016156285547779,189.01637268066406,205.9344940185547
855,28.864023872194863,0.9691949829966661,47.45000076293945,2.691098213195801,0.11529799920730881,164.23544311523438,191.49703979492188
856,34.36154643478734,0.9686832720119702,0.5143142342567444,0.22259639203548431,0.08100858231828481,35.03528594970703,37.513118743896484
857,31.957251567518732,0.9682782160885194,141.28005981445312,3.410492420196533,0.09597579281529413,422.9930725097656,472.5948791503906
858,34.74553476972506,0.9602431336877209,107.00194549560547,4.196197509765625,0.09388820051774972,527.5137939453125,565.2763061523438
859,43.002097244686865,0.9876189103621078,0.22182655334472656,0.7599566578865051,0.06384405646182577,70.76973724365234,66.64292907714844
860,32.47936443560618,0.9649755276885688,339.3390197753906,5.998883247375488,0.08393698633344349,690.804443359375,775.7520751953125
861,37.74698178348887,0.9874110316282948,32.436317443847656,4.885058879852295,0.09413959830863856,480.85858154296875,453.8355407714844
862,36.17218083366099,0.9357896725098354,64.34940338134766,3.204098701477051,0.09730408507140363,407.5620422363281,524.8659057617188
863,44.74756670137037,0.9960334413253363,6.412235736846924,4.9152045249938965,0.07674124574729756,475.0899658203125,441.3219909667969
864,36.61282557553565,0.980448255521102,34.34343719482422,3.7249724864959717,0.10434075177767613,380.8997497558594,401.3623046875
865,43.379858053755044,0.984118021832408,14.393031120300293,4.754337787628174,0.08672869061456216,555.2554931640625,560.0806884765625
866,41.67908442969061,0.9922055310662932,1.6543210744857788,1.2337270975112915,0.07834019673086114,153.6017303466797,156.0850067138672
867,34.987079379149414,0.9682916353607571,10.579160690307617,1.2770154476165771,0.07276416946564142,169.09841918945312,182.74620056152344
868,34.71765578424413,0.9853117353253075,244.81776428222656,8.930371284484863,0.10038628602647655,739.1240844726562,861.923828125
869,41.88344101366674,0.993089161344234,57.93721389770508,4.95192813873291,0.06861247461267668,978.6428833007812,946.1693725585938
870,35.07064634270296,0.9609577653485555,43.48785400390625,2.4525699615478516,0.08483707878974682,352.6761169433594,373.9360046386719
871,44.056478197793055,0.9928330031557103,2.8820481300354004,2.5429656505584717,0.08231883958212055,271.5533447265625,271.47393798828125
872,34.53878646273516,0.9758168443483833,145.66741943359375,7.467236518859863,0.06526516782660932,735.615234375,644.3555297851562
873,44.83977616528202,0.9917006898436876,5.482335090637207,2.7623767852783203,0.10002544896565918,420.81793212890625,409.325439453125
874,33.12925776284797,0.9662886934106933,0.3134036064147949,0.21189303696155548,0.1490927881818142,15.065009117126465,26.36096954345703
875,28.066860572037513,0.939687364228681,38.351226806640625,1.3281612396240234,0.09889748321994808,132.32957458496094,156.99644470214844
876,44.70313706193249,0.9953482296198637,17.2648983001709,5.067426681518555,0.09959835066519496,733.0651245117188,716.2562866210938
877,37.18656022955179,0.9857647425895874,83.03704833984375,4.250489234924316,0.08253128660732788,708.9644165039062,659.2650146484375
878,40.43588432476545,0.991920165571512,0.06554756313562393,0.19527246057987213,0.10812059421766837,26.160778045654297,28.068897247314453
879,31.324911580041636,0.9733903031830817,36.55571746826172,2.772129774093628,0.060134307415003696,267.20379638671875,222.75018310546875
880,29.85011856662584,0.9473504929777362,53.43216323852539,3.219143867492676,0.06417484218712004,263.79693603515625,231.84371948242188
881,36.6635824051919,0.9892367474865496,81.6609878540039,5.0870161056518555,0.1260012153616457,459.9626770019531,672.2208251953125
882,27.116928426540277,0.9043165817626121,0.7585663199424744,0.19555272161960602,0.1301921886331056,14.38426399230957,20.690826416015625
883,33.58676375184824,0.9829818680651786,4.808989524841309,1.142120599746704,0.0876721642603772,96.77427673339844,105.00447082519531
884,35.964472590295294,0.9842400787815344,161.8308563232422,6.142268180847168,0.09149336130450023,739.5485229492188,800.1161499023438
885,35.30683827852139,0.97469386052421,9.13302230834961,3.486102819442749,0.06549173301136355,227.1656036376953,179.36611938476562
886,26.689667559358597,0.8894787174534202,910.4701538085938,9.15518856048584,0.07883167953781912,566.607177734375,653.0933837890625
887,37.17971756967668,0.9841555257792074,10.922456741333008,1.7295687198638916,0.07791479456399808,265.35687255859375,238.94459533691406
888,47.466447216569875,0.9967174187256456,0.18024660646915436,0.6042717695236206,0.09055222375901494,101.93756103515625,100.34194946289062
889,31.083926710156412,0.9467576655825471,45.66507339477539,2.001441717147827,0.11591534036610773,163.27767944335938,243.92901611328125
890,40.423456390944914,0.9950580009488991,47.21603775024414,4.753351211547852,0.08141645269381215,779.9846801757812,722.544677734375
891,46.55507201192531,0.994284893829141,16.166568756103516,4.11354398727417,0.08610059465264062,851.7684326171875,855.8407592773438
892,43.74029017099492,0.9956873393280218,28.838834762573242,8.515958786010742,0.06426060225325686,932.9486083984375,830.3896484375
893,30.550218381215764,0.9731665238107567,139.010498046875,7.013076305389404,0.06195542140646341,503.8701477050781,397.7863464355469
894,42.81641091222939,0.9955194429162855,23.33848762512207,4.072001934051514,0.07826625499573422,702.8854370117188,668.4170532226562
895,35.90832643054539,0.9758964141886547,10.853348731994629,1.534522533416748,0.08488855148959253,223.23927307128906,205.77931213378906
896,43.91317125819238,0.9902630875231189,3.2890117168426514,4.305088996887207,0.0646991632495211,387.8091735839844,293.8545837402344
897,36.49847463958341,0.9699081472967923,133.33836364746094,5.787130832672119,0.08416163688932722,796.4146118164062,896.439453125
898,45.42688520149057,0.9966690059601337,0.005599247757345438,0.11175011098384857,0.06175224671100459,14.594006538391113,13.988921165466309
899,39.72321235652035,0.9955920481398871,0.7957045435905457,0.5371913909912109,0.07823202210992922,82.06922149658203,86.42301940917969
900,41.947364352636285,0.9937532687611624,2.7747037410736084,0.993862509727478,0.07588634855226106,214.75401306152344,208.67837524414062
901,46.76355712522814,0.9963847371692874,0.015907078981399536,0.19325266778469086,0.07804876004330029,27.874412536621094,27.505672454833984
902,35.47385924244611,0.9682061058633468,8.839866638183594,1.1813466548919678,0.13152084382064877,150.9234161376953,182.25399780273438
903,43.30836972167035,0.9891209004617944,14.381048202514648,4.955163478851318,0.07024523844618491,696.0768432617188,583.45849609375
904,31.58960979260837,0.9091885202719039,122.95669555664062,2.6224472522735596,0.10846581115808017,325.0205383300781,422.00311279296875
905,32.50008096794136,0.9711824238331079,446.24871826171875,7.113879680633545,0.09717861692210573,768.2706298828125,892.779052734375
906,48.16075631857992,0.9976750100021884,10.194547653198242,7.272331714630127,0.07999504160866523,871.2640991210938,817.6260986328125
907,49.33254364708685,0.9972979875879268,1.36371648311615,1.8353300094604492,0.07756752534879262,338.2225036621094,342.47552490234375
908,32.286919737314655,0.9692190382994857,39.95873260498047,1.8343079090118408,0.08576344348866798,291.1981201171875,260.16400146484375
909,26.805528641927907,0.9157619618700065,301.1144714355469,3.412956714630127,0.11373111148294952,313.1508483886719,380.3127136230469
910,38.47599625241902,0.9931030811355579,49.46327209472656,3.085141658782959,0.08185050888537193,627.5023803710938,590.7046508789062
911,27.936962242086395,0.8436360915856564,96.69548797607422,2.5485341548919678,0.1396314742465931,144.53286743164062,268.7955627441406
912,34.13348838285369,0.9514163119143685,117.09518432617188,4.55086088180542,0.09491453024983125,517.3096313476562,624.5247802734375
913,32.3544706934744,0.9444244538690468,70.92266845703125,3.607546806335449,0.1567610825228465,272.10223388671875,410.0022277832031
914,46.448089620624856,0.9944053198469436,6.910410404205322,2.892122983932495,0.07505149174900953,562.7246704101562,552.4951171875
915,25.508547552710105,0.8756347659416671,536.1004028320312,3.74037766456604,0.08818974560689517,335.8260192871094,436.6903991699219
916,31.30521794517026,0.9657999154245644,64.39344787597656,2.863581895828247,0.08360705617227494,281.2518005371094,295.1712951660156
917,36.67476936205401,0.978341607432678,193.28680419921875,6.26601505279541,0.0827990035463347,1006.7440795898438,948.5048828125
918,37.711061488830566,0.9868685149340684,96.66587829589844,9.280682563781738,0.07101747372291155,1148.1246337890625,763.8421630859375
919,33.92196020340956,0.960524477633591,8.026017189025879,1.1684080362319946,0.08007714787491571,156.61753845214844,140.9730682373047
920,39.42510617251576,0.9875875943493179,82.96769714355469,8.340014457702637,0.06378268848355978,1271.0101318359375,868.5994873046875
921,33.14903118406649,0.9609618100834582,85.3908462524414,3.5696423053741455,0.10205759975734556,358.1803894042969,487.9437561035156
922,48.01119596738897,0.9962295836646983,12.646284103393555,4.644125938415527,0.08821333673180645,908.515380859375,894.6576538085938
923,44.32865126516046,0.9958050732642135,23.411067962646484,6.684665679931641,0.06670597887378169,869.5585327148438,800.055419921875
924,35.85178310034688,0.9576289976021454,47.03871154785156,2.7506818771362305,0.09167512077748687,389.677001953125,425.7882995605469
925,36.129348226398335,0.976387856806887,0.13400253653526306,0.1428663730621338,0.07756563856539239,22.175010681152344,23.44683837890625
926,42.14356080711479,0.992233487351637,4.419315814971924,2.1513237953186035,0.08258864341755515,267.89813232421875,269.40869140625
927,39.86820622735479,0.991651324449555,30.266006469726562,3.182971954345703,0.07866314505861884,525.7227783203125,542.0925903320312
928,25.535409563927303,0.8912453135327504,1112.6473388671875,6.537703514099121,0.10302825946978722,550.7305908203125,633.8447265625
929,47.69794586478723,0.9969132118180809,1.1363017559051514,1.917555332183838,0.10179674043245228,261.7744445800781,258.6297912597656
930,33.38504311593589,0.962635254673852,8.974435806274414,0.8271046876907349,0.10443885988091234,131.2391815185547,140.2167205810547
931,32.41026127664979,0.9802258091260774,395.4616394042969,7.09090518951416,0.08481466424071701,675.845458984375,835.0953369140625
932,35.925991702160466,0.9749485397571073,246.7866668701172,7.120764255523682,0.08515529814158583,939.4888916015625,984.4177856445312
933,31.289878182323783,0.9528158076638039,191.19497680664062,3.3642466068267822,0.1547884576637976,255.82461547851562,526.1644897460938
934,32.23998063032572,0.9514125516816928,16.47761344909668,1.4988590478897095,0.11785321981841271,112.91453552246094,172.5076141357422
935,41.83514511628446,0.9911497906542415,4.852038860321045,2.7998616695404053,0.08326575548234305,288.20941162109375,273.0350341796875
936,30.33141681124323,0.9426388179785327,0.34177547693252563,0.21220538020133972,0.0915542697820635,16.658369064331055,19.372285842895508
937,35.61596812419155,0.9835044789609525,225.55972290039062,17.30055046081543,0.051009365513877976,1311.0792236328125,914.384521484375
938,32.66155375965688,0.9816765892401076,7.621798515319824,1.6628196239471436,0.07005049818393996,142.3658447265625,118.63333129882812
939,33.6903794574768,0.9573459982933521,140.22645568847656,4.741494655609131,0.0977915124507504,548.5308227539062,576.93994140625
940,29.172081555070722,0.9388295914305007,90.41682434082031,2.787646532058716,0.12117322655034027,189.30770874023438,274.7811584472656
941,29.707359292869555,0.9347874907655612,261.4180908203125,5.047100067138672,0.15103309867212375,359.2791442871094,554.6238403320312
942,32.705029438265136,0.9798992639570906,221.27711486816406,6.42953634262085,0.12792816755795314,505.8548889160156,651.7689819335938
943,41.90479988125749,0.9935709547455219,41.9815673828125,5.759496212005615,0.10734594308198205,772.6256103515625,829.9120483398438
944,31.078978126347245,0.9549997570521753,31.72616958618164,1.4776179790496826,0.09286344802072354,194.01858520507812,207.21484375
945,36.91245401123014,0.9859838511552604,0.028972044587135315,0.1981116086244583,0.07390004701648245,13.442093849182129,11.984832763671875
946,47.18191197418211,0.9955173194008592,0.3586640954017639,1.4593268632888794,0.07839066242768837,145.31500244140625,137.74874877929688
947,30.476982563107594,0.9491346111853671,678.6773071289062,8.074460983276367,0.11937796366979754,706.0550537109375,900.11865234375
948,25.01302481021652,0.8929275723570195,2396.8984375,9.070544242858887,0.10741360773757283,679.3718872070312,874.0161743164062
949,36.28319472988708,0.9510320712830506,83.92564392089844,3.5839579105377197,0.08279495824428057,587.7720947265625,597.815673828125
950,38.538657372307995,0.9846970870460396,50.00257873535156,5.6806559562683105,0.07432456272879726,619.7123413085938,600.9163208007812
951,47.28435972414297,0.9945342925802965,8.264424324035645,3.92840838432312,0.08345110716236133,667.6663818359375,665.3716430664062
952,42.0932300892705,0.992282992822836,1.6281979084014893,1.266487717628479,0.09608884814790818,158.0190887451172,176.19590759277344
953,44.77890726607509,0.9904413899893116,27.03515625,7.554234981536865,0.0831919664392384,1009.683349609375,914.49755859375
954,39.990719251899904,0.9882303652871627,17.42780876159668,4.131906032562256,0.08244807297731631,444.63128662109375,419.35174560546875
955,28.892397776367744,0.9215491986780652,187.65420532226562,3.720914363861084,0.12836180680639078,306.9373779296875,383.7554016113281
956,49.61250607066523,0.9976778853880731,2.9451491832733154,2.470716714859009,0.07427410536733482,529.388671875,519.3988037109375
957,46.867372651847504,0.996740340248473,0.047234490513801575,0.32224276661872864,0.07118339107827375,49.48971176147461,47.919002532958984
958,27.687917717741236,0.9164735476589224,45.50157928466797,1.7694488763809204,0.08993234140585593,153.00772094726562,167.11708068847656
959,30.249391611331596,0.9492217474669925,511.4486083984375,5.921854496002197,0.08093033992320467,657.4235229492188,738.2955932617188
960,29.677185808617335,0.9040135657193737,5.783825397491455,0.7018499970436096,0.12857174215006367,56.00263977050781,83.71586608886719
961,36.93904306516718,0.9854182431818408,72.23892211914062,10.614679336547852,0.047880115457641655,802.3331909179688,603.5489501953125
962,48.6305796590181,0.994348968653118,0.8291850090026855,1.4343730211257935,0.0743377613060688,248.11306762695312,246.103759765625
963,34.18298173185106,0.9730417957708194,56.59523391723633,4.418615341186523,0.05980779579410705,526.6135864257812,389.90631103515625
964,29.32950433444298,0.9154940134564787,42.532196044921875,1.9341087341308594,0.1514475011417471,151.81982421875,289.405029296875
965,41.3640594098126,0.983694168543914,9.138482093811035,4.497020721435547,0.0713792481960477,442.5715637207031,356.3170471191406
966,37.19345540592818,0.9912884895708046,98.63089752197266,7.502939701080322,0.05384905928878628,806.9786987304688,719.3268432617188
967,38.537158503698855,0.9955180378705725,12.227502822875977,3.541355848312378,0.09340962253205515,334.36846923828125,297.8245849609375
968,37.0325809400742,0.9709344804363846,63.59478759765625,3.206916332244873,0.0844274006551054,536.6316528320312,566.8382568359375
969,46.411611187775044,0.9931193193876338,5.1730194091796875,5.759512901306152,0.07546998319339629,517.3239135742188,476.5743408203125
970,45.483122730259396,0.9936968863194942,12.469228744506836,4.584716320037842,0.07687643662262937,701.642578125,664.0075073242188
971,44.08909363413688,0.9932665061839963,34.19498062133789,7.867685794830322,0.07691957811431444,938.9866333007812,936.8928833007812
972,30.822100602703266,0.9524449107541835,443.9491882324219,4.781635284423828,0.10946306145257609,658.61572265625,732.8395385742188
973,28.337121068636122,0.8817027942599466,66.63238525390625,1.4744846820831299,0.11814757880896376,137.7515411376953,215.72543334960938
974,39.72283430924107,0.9905334065511623,0.110103078186512,0.17661812901496887,0.07008998713891854,34.201847076416016,32.15195083618164
975,30.586471538308363,0.9643506265953722,60.375328063964844,4.282418727874756,0.06393352267259543,306.6598205566406,263.00177001953125
976,41.38868713678826,0.9926596277300173,25.722318649291992,4.142583847045898,0.10300323705333655,571.0096435546875,595.4828491210938
977,41.47510112961169,0.9842167573455256,0.19524261355400085,0.3852851390838623,0.07213533916998664,51.59547805786133,52.374385833740234
978,41.26556260460787,0.986031176628097,18.415388107299805,3.0315659046173096,0.09810390843349191,537.396484375,496.869873046875
979,36.61690504322878,0.9825255676135191,77.65729522705078,5.775076866149902,0.07685350900349808,645.0604248046875,597.2460327148438
980,44.26610120636518,0.9962256613069275,3.9482460021972656,2.3234622478485107,0.07599887832124823,324.5121765136719,334.9096374511719
981,39.72106110383967,0.9887262561403684,61.33432388305664,6.458712100982666,0.09490294332629948,732.3966674804688,771.1412963867188
982,30.295885252636566,0.8979521258527526,10.580887794494629,1.0517776012420654,0.12204573108865886,83.69328308105469,107.49165344238281
983,45.2480560369068,0.9978098013698747,0.17275145649909973,0.39546728134155273,0.09739837984026861,78.7454833984375,76.0626449584961
984,43.800147379800364,0.9941343349415205,21.997455596923828,7.207813262939453,0.08445620754171165,775.1712646484375,728.4605712890625
985,31.43609993952566,0.9244657705823427,175.7374725341797,3.1816675662994385,0.09416310182411315,446.89752197265625,495.9958190917969
986,28.00372113677081,0.930329429249061,748.9649658203125,6.0443243980407715,0.07968183080577548,530.5167846679688,688.7139892578125
987,30.219875606006656,0.9185709669634361,179.9873504638672,2.8308374881744385,0.08901810649057873,373.6490173339844,435.39251708984375
988,35.30289565309466,0.9779627448172761,17.1988582611084,2.8077893257141113,0.09256421075329122,272.7277526855469,247.15562438964844
989,36.03114612442046,0.9767951879523487,167.326904296875,5.546678066253662,0.08940446691818757,750.0916748046875,819.283203125
990,41.43038108682209,0.9966740859489814,45.661197662353516,7.5737128257751465,0.0788974422100445,841.4308471679688,799.616455078125
991,45.15683412458739,0.9940664108661921,13.157746315002441,6.728795528411865,0.0753069376062309,791.2296142578125,695.0017700195312
992,34.65786928597766,0.9252295950783265,25.362342834472656,1.4158217906951904,0.11625654398140371,220.71560668945312,272.87298583984375
993,33.48751068020752,0.9539799544368213,156.19235229492188,4.045748233795166,0.09065198467306504,539.2875366210938,590.6404418945312
994,32.86045798690366,0.9596695283925694,67.30149841308594,5.488857269287109,0.057785905443252544,444.9568176269531,361.6129150390625
995,44.54977531355463,0.9957215701094353,0.2939073145389557,0.6806312203407288,0.08663440091466666,91.93976593017578,92.49049377441406
996,36.004464067248655,0.9860151727348412,208.1150665283203,10.610604286193848,0.07410578061004443,866.652099609375,917.396240234375
997,36.45278775245788,0.9846471197311109,4.280136585235596,1.1885868310928345,0.08345019551965287,129.9832305908203,137.6818084716797
998,32.74957444594968,0.97106683753254,478.47210693359375,8.294696807861328,0.1066047695787065,864.1729125976562,950.287109375
999,43.923972987789014,0.990464371470475,8.057478904724121,2.796416997909546,0.08212953519054805,467.4241943359375,446.55975341796875
