sample_idx,psnr,ssim,mse,post_std_mean,sigma_used,alpha,scaling,clip,lambda_,zeta
0,16.478022680370728,0.5267199819828168,3097.624755859375,21.81779670715332,0.2507727406771334,380.4129638671875,375.16558837890625,False,200,0.8
1,18.632941221966743,0.7068791595882072,12368.638671875,58.87078857421875,0.16903702224586947,971.399169921875,950.7636108398438,False,200,0.8
2,25.15222366435553,0.7437739856746448,1526.19091796875,22.349435806274414,0.2766607673537165,513.4102783203125,732.261962890625,False,200,0.8
3,26.780252327036187,0.8299604488922484,695.4761352539062,31.882797241210938,0.18013300063665696,612.6936645507812,599.059814453125,False,200,0.8
4,18.691390717345907,0.6264870966997318,327.7580871582031,9.677837371826172,0.2553036317541809,142.59068298339844,156.8626251220703,False,200,0.8
5,20.005182451112816,0.6555980182681663,227.22372436523438,7.295101165771484,0.22136358833208375,142.5239715576172,156.83853149414062,False,200,0.8
6,19.679991666104787,0.6161958872300913,30.69533348083496,2.748182535171509,0.31049000225446255,41.21870422363281,59.02552795410156,False,200,0.8
7,23.475375828452286,0.7001435341295701,3337.500732421875,27.827207565307617,0.3176175940272876,556.4368896484375,866.3099975585938,False,200,0.8
8,17.884939565006064,0.612135669044714,5838.38720703125,37.08806610107422,0.1895538924921126,730.8443603515625,601.513916015625,False,200,0.8
9,18.97251345303866,0.7370279468054453,6268.54833984375,41.37849426269531,0.19358755212082368,640.5252685546875,708.364501953125,False,200,0.8
10,20.54830646459566,0.8824958383124677,4.0503950119018555,1.5539506673812866,0.1597365387715992,29.030498504638672,21.56390953063965,False,200,0.8
11,25.29445557354306,0.8162745868148507,2775.93896484375,43.99491500854492,0.22850046251261558,869.644775390625,969.93994140625,False,200,0.8
12,19.023520069001087,0.6872443385134424,8621.1533203125,71.0909423828125,0.18838487061983247,1013.555908203125,832.6101684570312,False,200,0.8
13,27.95930160941473,0.8489309048022541,72.4509048461914,16.05358123779297,0.17019387810212971,220.08665466308594,213.12677001953125,False,200,0.8
14,27.736627231799066,0.8563001289366868,56.10272216796875,10.749260902404785,0.1822409406955683,186.01698303222656,182.6431427001953,False,200,0.8
15,18.850661255105294,0.6522093493927158,441.4743957519531,8.199220657348633,0.16019201357019414,203.58554077148438,184.22109985351562,False,200,0.8
16,24.566072256570685,0.8122636375811106,323.88189697265625,15.642151832580566,0.23745707608502112,282.2814025878906,304.93798828125,False,200,0.8
17,29.79293104626382,0.8886143138326543,289.034912109375,27.258235931396484,0.2584207289113145,514.7221069335938,525.231689453125,False,200,0.8
18,20.575099676455725,0.6552679128922048,1581.351318359375,25.0530948638916,0.200033474821828,437.5045166015625,432.5130615234375,False,200,0.8
19,19.11950229387791,0.6338784808331175,1009.0468139648438,12.15626335144043,0.22903838553873104,262.4737243652344,291.9378967285156,False,200,0.8
20,27.87531693258289,0.8629703742551351,523.1318359375,44.19987487792969,0.14852837421691,770.5387573242188,612.2410278320312,False,200,0.8
21,21.25302998544417,0.7025444023444943,147.46092224121094,8.144439697265625,0.27111748796270696,122.98668670654297,140.3543701171875,False,200,0.8
22,21.110161692217964,0.713009819204039,651.5421752929688,20.729455947875977,0.1468412903417449,295.88250732421875,292.8525085449219,False,200,0.8
23,30.333578802365828,0.8966030025060824,124.48402404785156,19.06894874572754,0.2042993046949753,363.53094482421875,366.9954833984375,False,200,0.8
24,20.27196611927173,0.6959734265657391,1950.3516845703125,25.38999366760254,0.2967545653523439,407.6339111328125,456.6139221191406,False,200,0.8
25,25.838886444624883,0.8027113301064858,1600.166748046875,27.582826614379883,0.18222487430056739,674.3638305664062,785.3908081054688,False,200,0.8
26,21.479771590469863,0.6482314188176759,238.1091766357422,8.511702537536621,0.17644589394670138,116.08030700683594,200.47410583496094,False,200,0.8
27,19.10166021516845,0.737308277394376,3254.30615234375,36.63367462158203,0.155597928858589,553.3515625,514.72021484375,False,200,0.8
28,23.679124501085894,0.7177637705392103,1314.342529296875,36.617427825927734,0.18695064625682561,628.582275390625,592.8221435546875,False,200,0.8
29,18.117827694880614,0.6124893164017046,34.619598388671875,3.6632585525512695,0.18962470323214436,47.98773956298828,47.403961181640625,False,200,0.8
30,18.308098224699318,0.6054050882044897,5448.109375,19.13358497619629,0.36514371818809954,359.08294677734375,607.9373168945312,False,200,0.8
31,17.353250589120552,0.6752381702152841,534.9512329101562,11.310317993164062,0.106416348454527,260.0496520996094,171.35360717773438,False,200,0.8
32,20.507277026551648,0.6830217269855906,38.700782775878906,4.906820297241211,0.18914374168953457,71.974853515625,65.98654174804688,False,200,0.8
33,19.093125575564585,0.6216205941982236,11085.662109375,34.618648529052734,0.2538361556653152,674.3029174804688,948.9366455078125,False,200,0.8
34,28.48787212072186,0.8463050853792613,1318.9310302734375,66.13817596435547,0.15387179350512392,1046.640869140625,965.6663818359375,False,200,0.8
35,23.017885319283913,0.7474690464131104,3259.059326171875,64.10321807861328,0.15376567607470165,1004.412109375,808.5889282226562,False,200,0.8
36,22.509151192719862,0.7304491785426275,512.409912109375,17.135862350463867,0.10456343317901566,661.6065063476562,305.30914306640625,False,200,0.8
37,21.12897179912437,0.6934822228743422,74.6031265258789,5.163589000701904,0.24464029658686362,74.26615905761719,98.5744400024414,False,200,0.8
38,22.340274425643113,0.6644897629414138,2704.27392578125,32.11802291870117,0.2705184480103378,464.6277160644531,684.5487670898438,False,200,0.8
39,19.96180853235305,0.6547004406816053,1946.8948974609375,29.791780471801758,0.15888694997168215,485.4410095214844,440.71234130859375,False,200,0.8
40,22.897945179410883,0.7761441087645793,77.40109252929688,5.595687389373779,0.20718693685827083,111.8380126953125,122.91619873046875,False,200,0.8
41,25.61775017361191,0.8056831066712922,670.09814453125,39.602596282958984,0.24642964938052475,559.5408325195312,495.6817321777344,False,200,0.8
42,24.175139806814734,0.869083973983739,4.745982646942139,1.9296419620513916,0.18493513034020564,36.630577087402344,35.35413360595703,False,200,0.8
43,36.73891780341625,0.9570912338401142,174.87844848632812,42.72298812866211,0.15239004080599453,922.033935546875,909.4110717773438,False,200,0.8
44,23.865817689349896,0.8301298238327549,267.6116638183594,10.346957206726074,0.2723530149373939,165.73793029785156,259.5212097167969,False,200,0.8
45,20.285001235730768,0.6516724971036457,4002.809326171875,32.8204460144043,0.12039254119979201,661.1792602539062,662.8597412109375,False,200,0.8
46,18.58577715081416,0.4919806968404705,1310.5133056640625,15.562161445617676,0.28175166226301485,246.525390625,312.39935302734375,False,200,0.8
47,19.81390850581341,0.635280544588505,2788.240966796875,32.68421936035156,0.1629013895442222,490.9692687988281,520.5479736328125,False,200,0.8
48,21.709204917534638,0.7627341536453265,2010.271240234375,41.93742752075195,0.16161555966526464,546.66552734375,547.16357421875,False,200,0.8
49,22.22446097240635,0.7775675349453631,205.82940673828125,10.853294372558594,0.18437134528575155,192.19801330566406,185.6696014404297,False,200,0.8
50,26.387892134942387,0.8347470164423957,1929.5035400390625,57.9945068359375,0.2595774491147866,870.9512939453125,969.6150512695312,False,200,0.8
51,20.492622952102373,0.6777059226082393,5337.77685546875,42.95942687988281,0.22237744582815963,660.840576171875,775.357666015625,False,200,0.8
52,26.181173502579046,0.8117915803675422,1660.9500732421875,50.80335235595703,0.21234136466348905,940.1302490234375,939.5594482421875,False,200,0.8
53,15.587639031041252,0.6009123928031538,22096.439453125,39.60725784301758,0.22816933665505115,774.18212890625,894.9324951171875,False,200,0.8
54,21.352125026412594,0.7203593613764043,2619.53955078125,22.42121696472168,0.2683898287441045,499.8420104980469,598.3020629882812,False,200,0.8
55,22.15656547537575,0.7557626753063705,5128.4609375,64.5975570678711,0.14906285108043826,1132.19482421875,921.9523315429688,False,200,0.8
56,24.58461299542732,0.8408446142188551,27.629369735717773,4.291238784790039,0.22496637676815104,88.16526794433594,89.40400695800781,False,200,0.8
57,24.704500050227367,0.7623131794726329,98.27230072021484,10.852105140686035,0.29030362607950316,163.74349975585938,196.78688049316406,False,200,0.8
58,26.272457182968765,0.9417388722208262,5.030076026916504,2.7053067684173584,0.1779975140346991,54.07554626464844,46.18206024169922,False,200,0.8
59,20.612288446935857,0.8152424155331891,922.6262817382812,24.62005615234375,0.14043486139766717,389.10137939453125,326.0050048828125,False,200,0.8
60,23.110617637710106,0.7387805172938794,700.7648315429688,24.145727157592773,0.15245733462592967,429.6617736816406,389.2886047363281,False,200,0.8
61,21.367153271026275,0.6629403361608418,496.0909423828125,13.167362213134766,0.24629750266376582,186.3551788330078,272.07769775390625,False,200,0.8
62,23.46200904525139,0.7642880588425953,3091.509033203125,44.18589782714844,0.22489547056110332,765.38134765625,828.9087524414062,False,200,0.8
63,23.025439231213838,0.7296993521445417,631.4208374023438,24.31171989440918,0.22933154856286933,381.1568603515625,357.3965759277344,False,200,0.8
64,23.220797951243995,0.7807871888126645,377.6036071777344,22.594491958618164,0.19410589801116607,333.7342834472656,281.653564453125,False,200,0.8
65,17.926545331294154,0.6011318009024014,4659.93408203125,28.756982803344727,0.286695441931409,423.0423889160156,543.1533813476562,False,200,0.8
66,16.905745532065428,0.6676328249266982,409.61163330078125,8.999009132385254,0.14967631799583234,131.92845153808594,141.78329467773438,False,200,0.8
67,20.363239162789487,0.6588764233413659,5355.12158203125,52.90647888183594,0.2418180021858764,787.3589477539062,802.394775390625,False,200,0.8
68,24.230144224815152,0.7592165485729432,18.40494728088379,4.038750648498535,0.20881020537187636,65.98583984375,75.47608947753906,False,200,0.8
69,25.172567684985275,0.8071162040634667,2940.510009765625,70.55755615234375,0.1484869649188735,1162.5919189453125,986.9000244140625,False,200,0.8
70,20.359818749718535,0.7670359556390558,5486.39453125,39.01210403442383,0.2520843285261868,721.0105590820312,772.4725341796875,False,200,0.8
71,21.563348346359067,0.7796391007617564,267.05865478515625,6.4539265632629395,0.4238213285775787,135.5009307861328,199.5169677734375,False,200,0.8
72,20.00734988018753,0.6834352595857432,0.4237108826637268,0.4876796007156372,0.14303804966682906,6.28679895401001,6.516594886779785,False,200,0.8
73,16.15635140446007,0.5742575976097107,15849.0771484375,50.96459197998047,0.1229942289276502,1098.3017578125,815.64599609375,False,200,0.8
74,24.084085282358703,0.7350998338351797,1903.63671875,45.44373321533203,0.1479512330293974,709.9041137695312,707.1505126953125,False,200,0.8
75,19.7331225114657,0.8070470661687077,5643.94287109375,89.06885528564453,0.08018602055749206,1431.555908203125,729.2781372070312,False,200,0.8
76,18.611717595522702,0.6457297723332094,8172.2451171875,45.36448669433594,0.20568258946226076,663.653564453125,771.4990844726562,False,200,0.8
77,20.139696632097042,0.7655039498966719,54.36685562133789,4.81412410736084,0.14425781958875455,81.85517120361328,74.9706039428711,False,200,0.8
78,20.04501409272937,0.7457728228986923,1273.1783447265625,27.01384925842285,0.16066046071573817,436.8057556152344,359.1072692871094,False,200,0.8
79,26.798920031139893,0.8550580124721201,26.489910125732422,7.435423374176025,0.2249730562336001,117.38394165039062,116.75318908691406,False,200,0.8
80,20.758292273416203,0.6209104551841018,5964.56396484375,41.83488845825195,0.20322305227190557,747.6808471679688,863.2402954101562,False,200,0.8
81,20.350502249239298,0.6692692756966577,3561.35009765625,33.5106086730957,0.26082127219993895,508.65863037109375,623.6748046875,False,200,0.8
82,22.899927235664638,0.7310680080057671,562.7289428710938,20.98430633544922,0.32352220670187976,308.5117492675781,331.567138671875,False,200,0.8
83,28.551114277029793,0.8982847309810704,5.749149799346924,3.3356189727783203,0.19614175265656714,77.16722869873047,64.49478912353516,False,200,0.8
84,21.84573907955514,0.7470070071703676,633.8580322265625,12.717950820922852,0.3237323772001038,233.365234375,311.67132568359375,False,200,0.8
85,21.44772966823502,0.8168766268355276,755.8291625976562,11.540992736816406,0.24362639698174782,169.07630920410156,325.8581237792969,False,200,0.8
86,22.2802397083557,0.7498470370689458,3009.33642578125,65.92147827148438,0.13698536303526188,1336.1214599609375,729.8765869140625,False,200,0.8
87,27.304786979733173,0.9002484043159844,725.77587890625,36.612098693847656,0.1558236543933167,725.9228515625,637.919921875,False,200,0.8
88,20.040930446273826,0.6757102560346742,7791.92431640625,46.89013671875,0.2194347070210365,665.289306640625,887.3255004882812,False,200,0.8
89,20.535848490427977,0.6962557423470838,1955.7841796875,23.267166137695312,0.2674306849001198,350.0270690917969,472.7427062988281,False,200,0.8
90,20.695009704919425,0.6557016201193927,121.69808959960938,7.925607204437256,0.11512125971032676,135.33273315429688,120.47465515136719,False,200,0.8
91,22.28290632303789,0.7208452681970342,3005.605712890625,33.799705505371094,0.33041632073106175,547.6837158203125,713.5315551757812,False,200,0.8
92,18.6567328414393,0.7234848496529718,7885.95849609375,52.77762985229492,0.21930305461520613,833.0979614257812,761.0242919921875,False,200,0.8
93,25.164181526096947,0.8243642362705418,960.2286987304688,41.690391540527344,0.21697358234471026,656.1723022460938,561.7159423828125,False,200,0.8
94,28.43432710560009,0.8715611360851825,828.6581420898438,39.20704650878906,0.1726888260366729,723.6994018554688,771.1962280273438,False,200,0.8
95,22.29858264238785,0.7023274139069853,1436.2626953125,27.39494514465332,0.1752439390422339,456.72711181640625,494.3017883300781,False,200,0.8
96,20.789621071008394,0.7191298172743827,2280.4208984375,26.481752395629883,0.1277861518895825,549.4151611328125,523.2100830078125,False,200,0.8
97,23.54097188545568,0.759215884611791,810.0161743164062,26.67678451538086,0.3075979715748486,390.9042053222656,428.11346435546875,False,200,0.8
98,22.990976161480287,0.8340879245976566,3.4521708488464355,1.5379689931869507,0.23098598979991622,23.625871658325195,26.393707275390625,False,200,0.8
99,33.20783513249674,0.9490532355365738,5.65064811706543,4.520226955413818,0.20130522852272115,107.29200744628906,108.78353881835938,False,200,0.8
100,27.46280598136351,0.8552542516702913,1.8814547061920166,2.3596744537353516,0.17466411548833477,41.285865783691406,32.39775466918945,False,200,0.8
101,25.521698704486845,0.736223106094712,514.4168090820312,12.233736038208008,0.5361742001284051,224.9988250732422,636.7739868164062,False,200,0.8
102,24.526638788455173,0.7672550734440086,296.3321533203125,10.943672180175781,0.27614183893115657,212.29412841796875,315.0416259765625,False,200,0.8
103,16.675906116452662,0.5922354642100924,5570.17529296875,26.221986770629883,0.21764645965858312,487.613525390625,509.0621337890625,False,200,0.8
104,23.42282334177707,0.7628623844353556,3561.078857421875,59.76697540283203,0.17347309266168737,1144.5325927734375,907.658935546875,False,200,0.8
105,19.06636868350877,0.6339008695655238,772.347412109375,10.417888641357422,0.34105742387871035,161.6578369140625,250.04293823242188,False,200,0.8
106,21.52437120691165,0.7183920652413971,1186.9556884765625,22.14283561706543,0.24247913325565407,359.07989501953125,410.9725341796875,False,200,0.8
107,21.404310707904198,0.7129596906369461,4133.8359375,35.15496826171875,0.29713569305285964,627.1883544921875,755.7955932617188,False,200,0.8
108,24.596672361138438,0.8374390829396814,182.69065856933594,19.790729522705078,0.1480230715637798,301.44879150390625,229.56936645507812,False,200,0.8
109,17.939669985837988,0.6412712570149756,97.43034362792969,2.8013782501220703,0.22505714572528418,52.022945404052734,77.9029312133789,False,200,0.8
110,19.689465862806713,0.7577604339592005,904.8683471679688,25.018476486206055,0.1203483756804886,387.6257019042969,290.4617004394531,False,200,0.8
111,24.857106424237582,0.814240768243398,67.6009292602539,5.931227684020996,0.3566993529012703,119.36589050292969,162.06005859375,False,200,0.8
112,23.668148196627783,0.862700451196674,3674.1220703125,71.85999298095703,0.16857354488973625,1353.26708984375,929.7679443359375,False,200,0.8
113,22.106287822142892,0.7458906163547045,4022.024169921875,59.76028823852539,0.18992099181527733,903.5820922851562,808.312255859375,False,200,0.8
114,18.88346879962778,0.7203973501633296,5105.62109375,37.25746154785156,0.14111919772501624,635.5857543945312,633.7703247070312,False,200,0.8
115,18.86622483776288,0.7399329641037136,9838.62890625,84.51722717285156,0.13627015768949488,1153.71484375,871.589111328125,False,200,0.8
116,15.259271830083055,0.48217780850651837,19176.5703125,57.802215576171875,0.18022699416861182,896.7101440429688,803.868408203125,False,200,0.8
117,24.428692523055688,0.8016677449085035,126.62847900390625,11.37171745300293,0.17753769402298764,183.4229278564453,187.38348388671875,False,200,0.8
118,16.9274794148869,0.6258436497290502,16018.1337890625,59.482906341552734,0.1964629793425774,837.9317016601562,892.6664428710938,False,200,0.8
119,18.661159115638466,0.571742820546138,3937.19091796875,30.25351905822754,0.20987156973051546,477.0788269042969,539.8029174804688,False,200,0.8
120,24.216443240026987,0.8705773198113549,2459.39111328125,67.39328002929688,0.20637094065791559,996.4683227539062,807.6326904296875,False,200,0.8
121,19.23431362644878,0.6611891411275145,9302.0439453125,45.126304626464844,0.22023589882715242,741.5252075195312,896.1951904296875,False,200,0.8
122,24.468493075279586,0.7942965907534638,332.5588073730469,13.291420936584473,0.16381351466877367,328.9173278808594,318.68548583984375,False,200,0.8
123,23.752465392358573,0.774609198136605,51.807743072509766,6.846817970275879,0.16773911293993435,105.76222229003906,110.9418716430664,False,200,0.8
124,23.649644791444814,0.8214260949873364,225.55349731445312,14.695332527160645,0.22621883611312427,230.52476501464844,228.7072296142578,False,200,0.8
125,22.594440452099928,0.751862793899419,1001.2122192382812,30.601823806762695,0.21461994043516822,422.88726806640625,427.6806945800781,False,200,0.8
126,26.390741965494804,0.7853799967075553,1445.06494140625,33.034881591796875,0.39879768792395676,495.2818908691406,818.19677734375,False,200,0.8
127,20.07543694243433,0.7322531219434449,7199.91455078125,58.817779541015625,0.19156205273027355,964.0587768554688,860.869873046875,False,200,0.8
128,23.072870093677835,0.7555110939125789,0.3087952136993408,0.4207220673561096,0.19477659598739164,7.4614176750183105,7.945178508758545,False,200,0.8
129,22.41309632722554,0.7052700267305143,1366.6591796875,29.515016555786133,0.18293264666574968,597.2667236328125,511.2365417480469,False,200,0.8
130,20.96017561869802,0.7725680511535152,1372.8365478515625,27.573665618896484,0.17956667175395674,451.3088684082031,417.99359130859375,False,200,0.8
131,24.663413947615496,0.8847760655440273,152.44053649902344,10.914573669433594,0.2515913594289486,219.25360107421875,222.8856964111328,False,200,0.8
132,13.408466281920301,0.4869906893623841,663.6112060546875,8.68233585357666,0.12946429506857066,131.07925415039062,120.74549865722656,False,200,0.8
133,24.534797894925596,0.8564848713307681,400.06121826171875,22.716285705566406,0.16270335459087235,371.7421569824219,338.2775573730469,False,200,0.8
134,14.012946447810652,0.389136496574014,34431.67578125,69.72761535644531,0.15533628533314647,1517.2916259765625,942.966796875,False,200,0.8
135,17.489152236711533,0.4901208672147547,1658.8299560546875,17.17882537841797,0.263935874705113,239.51893615722656,323.8797302246094,False,200,0.8
136,21.020595814778822,0.6931252379866146,2088.925048828125,36.764705657958984,0.14788387677943132,651.4712524414062,519.2718505859375,False,200,0.8
137,19.979489061106158,0.7327811193760997,4964.869140625,50.34006881713867,0.1707491182980578,817.884521484375,703.31591796875,False,200,0.8
138,18.74187969453725,0.7043326561411223,1772.13134765625,23.73651695251465,0.20522607901875953,375.7351379394531,364.2659606933594,False,200,0.8
139,29.99437528598395,0.8896505942104924,945.4181518554688,56.37384796142578,0.271075994002989,1000.5391235351562,971.810302734375,False,200,0.8
140,19.797247638630918,0.6524861092191946,8785.33984375,64.32747650146484,0.16720986141193525,1185.910400390625,962.48486328125,False,200,0.8
141,21.06888913865562,0.701689237223738,496.5220031738281,12.90426254272461,0.24459485587741453,224.83811950683594,252.530517578125,False,200,0.8
142,21.35230672430728,0.7227686606030692,1810.366943359375,26.704294204711914,0.18821547706734504,449.3302917480469,497.7512512207031,False,200,0.8
143,21.221829300880096,0.698073444869389,684.9908447265625,21.289770126342773,0.12599288265686612,277.85650634765625,301.5774230957031,False,200,0.8
144,25.85423258174755,0.8147220238279148,211.56887817382812,13.40314769744873,0.2885775015988789,255.16746520996094,285.5556640625,False,200,0.8
145,23.451189449344874,0.8073082557325905,6.452043533325195,2.3113667964935303,0.23579073413185767,33.79443359375,37.850059509277344,False,200,0.8
146,20.807959175861882,0.7485212089268654,3081.967529296875,35.41195297241211,0.21543421861396295,536.0152587890625,609.9547729492188,False,200,0.8
147,17.151264975929877,0.6372827066510481,4866.3857421875,39.62831497192383,0.12501739164845385,508.2125244140625,503.17633056640625,False,200,0.8
148,25.78327541789639,0.8019110470072365,6.192019462585449,1.9776513576507568,0.39162898241956173,29.665258407592773,52.42727279663086,False,200,0.8
149,23.727710480174892,0.7018303288241403,298.4721374511719,9.431312561035156,0.2766330233265365,146.81422424316406,279.3678283691406,False,200,0.8
150,27.410785420361286,0.851340545993971,1495.400634765625,65.6178970336914,0.1492413970246375,1033.421875,908.3576049804688,False,200,0.8
151,21.112878510253097,0.6940487431345918,401.3847351074219,12.098569869995117,0.386016195629953,163.5354461669922,240.32232666015625,False,200,0.8
152,24.942723975776822,0.8857447432413682,68.02994537353516,16.387849807739258,0.12856626195729626,266.13848876953125,145.74998474121094,False,200,0.8
153,26.65821960717089,0.8522682693506753,517.8212890625,33.66002655029297,0.1804850655340789,560.542236328125,489.96331787109375,False,200,0.8
154,24.250245120885253,0.7932646505018529,3646.549560546875,46.891258239746094,0.17726767621738054,919.2357788085938,985.664794921875,False,200,0.8
155,22.63296576274749,0.7359580518362201,320.8199462890625,22.538564682006836,0.10656706910855408,355.56658935546875,242.81321716308594,False,200,0.8
156,20.97733461020684,0.7091393631481279,3601.474365234375,29.92154312133789,0.26240043737552976,562.3809814453125,672.4634399414062,False,200,0.8
157,18.51143349113267,0.5712409442240202,8148.66015625,41.84756088256836,0.22709665669287038,576.5841064453125,761.8579711914062,False,200,0.8
158,19.277307703437113,0.6635511660944281,626.4667358398438,10.167116165161133,0.28446809903028675,154.35446166992188,238.39990234375,False,200,0.8
159,19.84982362532974,0.6176893504607984,5458.97119140625,26.405555725097656,0.3743175890301051,478.3443908691406,728.4881591796875,False,200,0.8
160,23.998343991245314,0.7946934190204403,540.4125366210938,25.604965209960938,0.18141672383927082,401.8027038574219,368.41534423828125,False,200,0.8
161,19.090490942442997,0.7307417259943961,4922.189453125,50.957157135009766,0.128007920088597,827.2406005859375,632.6735229492188,False,200,0.8
162,26.792527971391458,0.8872881117973658,839.2659301757812,49.29775619506836,0.14154403598141732,883.3905639648438,633.8961791992188,False,200,0.8
163,18.269030591041655,0.6708790926156623,4257.11279296875,34.48160171508789,0.2661702467323094,445.40924072265625,536.2388916015625,False,200,0.8
164,16.071815594870216,0.5549457079402703,204.6747589111328,4.796285152435303,0.20191304726197182,68.81988525390625,91.19947814941406,False,200,0.8
165,21.63283859357252,0.6514085083789628,4535.9189453125,27.275466918945312,0.3274121286463547,482.0770568847656,835.4671630859375,False,200,0.8
166,20.64412608495057,0.7072891316777773,890.6783447265625,14.564645767211914,0.2107091251973919,280.18109130859375,321.45928955078125,False,200,0.8
167,20.878339951854606,0.6783589436157078,285.6069641113281,13.702025413513184,0.24964179609504644,187.5059814453125,187.3319854736328,False,200,0.8
168,25.979371134142678,0.8426034220499616,4.392817497253418,1.6659088134765625,0.20238240742897254,37.9990234375,41.73436737060547,False,200,0.8
169,18.43567511916721,0.7132550766761246,5007.5107421875,45.502105712890625,0.13017313922386983,736.6289672851562,591.3020629882812,False,200,0.8
170,20.67878591384419,0.7397610242207033,3922.97265625,26.20351219177246,0.29306843562530493,511.26275634765625,677.8867797851562,False,200,0.8
171,14.244937865084877,0.411792772829649,11.290181159973145,1.5494920015335083,0.08390635069757611,41.54668045043945,17.57124137878418,False,200,0.8
172,22.269452579100516,0.7426401061542675,1554.0977783203125,36.55070877075195,0.19595737539257999,634.0726928710938,512.5809936523438,False,200,0.8
173,20.760624147201334,0.6848176955845232,431.4438781738281,13.832449913024902,0.26093441258235395,206.16903686523438,227.26927185058594,False,200,0.8
174,18.851626369998232,0.6745294424918095,5399.25244140625,42.56256103515625,0.27137290684031984,642.6317749023438,645.527587890625,False,200,0.8
175,27.01175312400241,0.8149034357542615,46.021793365478516,4.755383491516113,0.5545275500813512,74.14046478271484,175.1920623779297,False,200,0.8
176,22.867829596597552,0.741222059090915,2467.185302734375,44.08980178833008,0.1681902061177154,672.3358154296875,691.246826171875,False,200,0.8
177,17.18659568521393,0.6430761814330567,2865.705810546875,20.329504013061523,0.23590523739870978,342.2486572265625,387.3486022949219,False,200,0.8
178,21.977487710612348,0.6506154746885766,5234.15869140625,60.1226692199707,0.09252193068877236,971.0978393554688,936.7932739257812,False,200,0.8
179,18.042502869331788,0.5790177094352407,299.19049072265625,7.146299839019775,0.20650261374710185,112.99689483642578,138.3834228515625,False,200,0.8
180,22.19468150555098,0.6427427845587401,691.87939453125,13.676041603088379,0.3288669804239874,219.4977264404297,341.72528076171875,False,200,0.8
181,19.395734654869905,0.7215571706189262,149.5673370361328,6.637143135070801,0.183112275360766,117.91571044921875,114.36004638671875,False,200,0.8
182,20.782948671653557,0.7687135330143121,7136.33203125,64.04644775390625,0.17350458081651876,979.213134765625,924.7689208984375,False,200,0.8
183,14.390181578926228,0.5484008201174276,27980.748046875,71.95289611816406,0.2640190293888151,1003.8953857421875,877.4620361328125,False,200,0.8
184,21.39974057947969,0.7403178910102015,480.951171875,11.298701286315918,0.39386107864910996,175.74676513671875,258.6836853027344,False,200,0.8
185,16.929866045654393,0.6477121532921942,8819.080078125,82.59210968017578,0.07074275000917958,1688.84912109375,660.3240356445312,False,200,0.8
186,23.091443401491503,0.772966286271303,3277.224853515625,42.28415298461914,0.21378556427330228,722.3348999023438,817.4049682617188,False,200,0.8
187,22.080224084844037,0.7410926518551391,1903.581298828125,47.15306854248047,0.11583668287626912,723.3652954101562,555.6456298828125,False,200,0.8
188,23.189569476270663,0.7606903731821947,1345.650146484375,30.846088409423828,0.2036169288663631,488.685302734375,530.1209106445312,False,200,0.8
189,20.63067596944191,0.7795313708069992,503.0862121582031,17.41562271118164,0.16430350329854168,324.1983337402344,242.61044311523438,False,200,0.8
190,30.114774558148667,0.8822617497106763,8.589569091796875,7.155328750610352,0.17465507337710534,119.6582260131836,94.0096664428711,False,200,0.8
191,30.586571554721505,0.8840017089864356,703.079833984375,59.31476593017578,0.19563681212230077,951.40380859375,897.3185424804688,False,200,0.8
192,28.12770005612005,0.8876136255165095,1243.9268798828125,61.879032135009766,0.18624715162902025,1022.8432006835938,900.5176391601562,False,200,0.8
193,21.877078583247492,0.8157727982262841,2545.780029296875,58.23487854003906,0.10173639811179258,987.6394653320312,633.4683837890625,False,200,0.8
194,25.762665844866397,0.8267087342257932,305.6203308105469,27.67580795288086,0.1668876978334213,409.4784851074219,339.6907653808594,False,200,0.8
195,24.296943293447306,0.8012151183691203,453.5127258300781,25.2008113861084,0.24501357777145297,343.2217712402344,349.8603515625,False,200,0.8
196,23.632359801711896,0.7829593611517774,2238.93896484375,43.159549713134766,0.2472435919619935,708.9913330078125,726.229736328125,False,200,0.8
197,26.014216220670548,0.8653139947952992,2008.280029296875,71.5272445678711,0.16348399054720655,996.2642822265625,897.213134765625,False,200,0.8
198,14.001894828208968,0.5226740339493301,31234.541015625,50.73500061035156,0.32315864069094297,819.24951171875,887.1993408203125,False,200,0.8
199,25.65034493737391,0.8142596132690721,1574.61083984375,47.963619232177734,0.230415145411639,820.6367797851562,780.0956420898438,False,200,0.8
200,22.053446245488168,0.6846785770125002,2527.42724609375,45.908912658691406,0.1825366629992525,625.3718872070312,642.3895874023438,False,200,0.8
201,22.47380821849258,0.7908938191110274,40.010223388671875,3.06011962890625,0.2303321389627926,45.797298431396484,85.05582427978516,False,200,0.8
202,19.81032495615899,0.6994405257427246,274.62176513671875,9.405674934387207,0.16689505728731296,142.03538513183594,162.4670867919922,False,200,0.8
203,21.224037115466242,0.7579089748619738,5967.98876953125,60.091773986816406,0.1958252793115863,1099.220947265625,898.6556396484375,False,200,0.8
204,22.88922984777613,0.7351247862445611,1890.552734375,33.72133255004883,0.2794666924643565,517.977783203125,606.8226318359375,False,200,0.8
205,22.949150613239357,0.7821733810342041,0.5249195694923401,0.6533201336860657,0.24484315288807706,9.667219161987305,10.187854766845703,False,200,0.8
206,26.544325600829872,0.8293154410843933,23.18659210205078,6.960016250610352,0.2723775772648007,103.1856918334961,102.37007141113281,False,200,0.8
207,27.623548103309126,0.8560212805311669,761.4158325195312,32.24314498901367,0.08957015274002732,652.9649658203125,663.8382568359375,False,200,0.8
208,23.075491331604038,0.8385320330467325,0.1804780513048172,0.5127418041229248,0.15822972295662605,7.875462532043457,6.056522369384766,False,200,0.8
209,25.338205283775544,0.7926632351961883,76.35198974609375,9.176839828491211,0.20111089476594654,153.08892822265625,161.64724731445312,False,200,0.8
210,19.027136947206344,0.7379907609137271,3736.7333984375,49.24784469604492,0.13546417186427578,732.5826416015625,549.18505859375,False,200,0.8
211,23.687266749742683,0.8287578766350514,2018.8828125,31.94508171081543,0.26649242178534466,739.7584838867188,692.2033081054688,False,200,0.8
212,27.390577055206812,0.8799123155189557,775.3365478515625,64.7769775390625,0.10130832826450761,852.121337890625,652.309326171875,False,200,0.8
213,23.460945015531127,0.7047721974001318,203.26454162597656,12.636466026306152,0.17789746132932216,278.7629699707031,225.0450439453125,False,200,0.8
214,23.771850907861523,0.8587372903375703,2126.72021484375,37.731285095214844,0.20568884976455948,707.4219360351562,712.467041015625,False,200,0.8
215,23.55776262415908,0.7164604076459331,231.77862548828125,11.222027778625488,0.2511491777627872,185.82237243652344,238.0118408203125,False,200,0.8
216,17.911686454988203,0.5932273446175345,1485.0450439453125,17.575767517089844,0.23450290063690782,296.68145751953125,326.0743103027344,False,200,0.8
217,21.360149687461316,0.6819089714155575,4056.934326171875,39.91852951049805,0.2671956631666706,612.3228149414062,746.7449340820312,False,200,0.8
218,19.286509108776592,0.6650362623556564,4967.74853515625,56.16394805908203,0.16299730578730032,809.8186645507812,649.9832763671875,False,200,0.8
219,25.365121672803323,0.8814140682188473,2095.69091796875,46.13998031616211,0.10699640020129197,997.0989379882812,849.3742065429688,False,200,0.8
220,23.09109653788511,0.7365361288400373,2106.0751953125,50.436851501464844,0.14252958198069474,737.7991943359375,657.9552612304688,False,200,0.8
221,22.851590665535923,0.8512498550866687,1674.99072265625,35.71154022216797,0.1551850367384744,633.7935180664062,568.7402954101562,False,200,0.8
222,26.631114628118596,0.8006019792526906,18.78334617614746,2.3376753330230713,0.40778154943568273,45.837158203125,94.58109283447266,False,200,0.8
223,21.282682207448307,0.7547588578400539,1008.9865112304688,21.332590103149414,0.2166828073220234,357.0953674316406,368.34808349609375,False,200,0.8
224,18.612777459898542,0.6308130152047299,925.4268798828125,22.20412826538086,0.15339045902565168,314.92779541015625,265.9371643066406,False,200,0.8
225,19.239833837603403,0.7161349057779638,713.304931640625,16.145294189453125,0.12626912452806424,233.57693481445312,244.7456512451172,False,200,0.8
226,21.252363019649835,0.770350883020057,7093.16259765625,69.54161834716797,0.18777900223643773,1159.98681640625,973.0375366210938,False,200,0.8
227,20.606908384867168,0.7806949872099813,1345.669189453125,22.392005920410156,0.18331775893382973,370.50323486328125,393.7046203613281,False,200,0.8
228,21.50579748035607,0.7797782060712329,5613.33203125,39.12673568725586,0.28728290364214437,727.0889282226562,892.1544799804688,False,200,0.8
229,25.51376993681214,0.8058933528553227,723.7190551757812,26.936227798461914,0.31426194311197353,398.6584777832031,631.5075073242188,False,200,0.8
230,23.22658959970212,0.739553865159682,2721.70361328125,46.96589279174805,0.16584888870645462,791.0477905273438,795.0164794921875,False,200,0.8
231,21.36635659703105,0.7072606139135272,1843.7452392578125,26.357067108154297,0.29532271505251534,443.6686706542969,503.13446044921875,False,200,0.8
232,21.06487483152245,0.7170334196171426,2602.75634765625,39.345855712890625,0.22518786220912368,593.6854858398438,577.3269653320312,False,200,0.8
233,25.952155240215532,0.7806966942766252,616.600830078125,34.727516174316406,0.16275000719811206,527.8381958007812,493.0251770019531,False,200,0.8
234,25.37993955614889,0.7865593771376216,106.92147064208984,7.254528045654297,0.23804449457982324,160.94119262695312,196.04774475097656,False,200,0.8
235,23.064257806057697,0.8731285018310089,2570.50390625,22.869977951049805,0.22627094199914033,625.0770263671875,722.7296752929688,False,200,0.8
236,21.970622431506488,0.7578209702417669,502.7120056152344,13.03441333770752,0.19576058089350662,237.14561462402344,281.4915771484375,False,200,0.8
237,18.35131995258651,0.6297529504288257,9.250701904296875,1.3989924192428589,0.30026943207285156,21.212303161621094,25.291650772094727,False,200,0.8
238,23.688948271401586,0.7747999189485929,1761.747802734375,60.37101745605469,0.09779208953195545,1600.674560546875,645.8268432617188,False,200,0.8
239,20.652142745619663,0.7074260442001158,272.25103759765625,7.970692157745361,0.2073310215176135,147.0161590576172,177.93356323242188,False,200,0.8
240,22.32332400838789,0.7301503229385672,5164.27978515625,51.62826919555664,0.20014139501401126,999.4535522460938,940.5181274414062,False,200,0.8
241,22.96033903475078,0.8049941961181082,4596.06591796875,57.6103515625,0.22773396872881502,902.0408325195312,953.9746704101562,False,200,0.8
242,15.079435012128004,0.4643839790742943,25945.705078125,98.521240234375,0.13017322695695407,1925.1304931640625,914.9495239257812,False,200,0.8
243,19.940594608147723,0.6501311784673541,1319.1715087890625,18.989761352539062,0.17527582773741515,390.1691589355469,370.7885437011719,False,200,0.8
244,20.196355330791608,0.6754971264577213,2.580258369445801,0.9636444449424744,0.2525995057434437,15.844000816345215,16.441160202026367,False,200,0.8
245,27.878593518601917,0.8164224977649737,1225.945068359375,27.63388442993164,0.4800887562102179,394.26983642578125,928.3902587890625,False,200,0.8
246,20.001371546968095,0.6149398102325698,1809.396728515625,22.660022735595703,0.2053328044206822,423.70086669921875,428.7559509277344,False,200,0.8
247,19.823993965626784,0.6865174728682985,9717.42578125,46.59262466430664,0.2226071749422293,833.1353149414062,966.6881713867188,False,200,0.8
248,20.765975637059512,0.7083698271834306,6643.74755859375,63.86467742919922,0.09764556983847962,1756.0111083984375,963.6563720703125,False,200,0.8
249,19.51840880492355,0.7209807049698231,8110.52099609375,38.96826934814453,0.1910092366691646,660.7786254882812,853.1564331054688,False,200,0.8
250,21.208046897445602,0.7509913091571124,658.7613525390625,18.494997024536133,0.2129028920690123,269.2373352050781,295.1544494628906,False,200,0.8
251,18.110369561189877,0.5146596265508608,1988.6187744140625,18.058568954467773,0.28685093539115003,271.5564880371094,385.7126159667969,False,200,0.8
252,20.209965997664632,0.6941482838567413,6827.1171875,40.73674011230469,0.26224173296784115,570.5642700195312,851.2855224609375,False,200,0.8
253,27.43280166413873,0.8053126739534108,178.6775360107422,9.501626968383789,0.18786504165924797,284.6954650878906,317.6050720214844,False,200,0.8
254,16.50617132818745,0.6353102718978759,644.4788818359375,12.592718124389648,0.12238383135724104,211.60800170898438,170.32325744628906,False,200,0.8
255,25.55977452540177,0.7546328430536652,666.7026977539062,16.954660415649414,0.3828326839045866,278.4398193359375,557.2444458007812,False,200,0.8
256,20.601504415392963,0.6012876350447427,6233.91650390625,33.08852767944336,0.23140111023395749,1244.9207763671875,936.2186279296875,False,200,0.8
257,23.993689862877666,0.7684918846650303,1931.7991943359375,43.92422866821289,0.27592108967766854,664.4381713867188,696.333740234375,False,200,0.8
258,19.043666067966193,0.6274747776869366,3846.2822265625,34.35113525390625,0.2544854845576731,516.657470703125,570.4910888671875,False,200,0.8
259,21.674878455641124,0.7366506899977333,63.617130279541016,8.20085620880127,0.1945011232907926,147.1894989013672,98.07931518554688,False,200,0.8
260,24.87841126015049,0.8066420187557095,1229.7711181640625,49.71329879760742,0.20939062052790378,758.5300903320312,615.3922119140625,False,200,0.8
261,25.491848581236958,0.8065481573522045,2756.982421875,33.75786590576172,0.35046319194803965,749.5384521484375,990.0637817382812,False,200,0.8
262,28.211211606275512,0.8869253578877545,26.68373680114746,7.310853004455566,0.1330362441685759,162.7261199951172,140.9439239501953,False,200,0.8
263,25.6265298362186,0.8399845376943302,736.0194702148438,26.09026336669922,0.22682344538307755,510.1617431640625,518.8113403320312,False,200,0.8
264,20.622743881866896,0.7987628142044026,6663.09326171875,63.346134185791016,0.17250913745924706,958.6319580078125,877.4957275390625,False,200,0.8
265,23.4824759179636,0.7134439498309254,2432.15869140625,25.63454246520996,0.31332709435599254,531.2755126953125,741.02783203125,False,200,0.8
266,20.816439337411808,0.7547206789286619,4025.09423828125,73.21100616455078,0.09686093169339124,1062.7935791015625,697.3187255859375,False,200,0.8
267,17.935622893217275,0.6029351334175418,7574.89111328125,31.99155616760254,0.2346034566309296,585.4208984375,702.7816162109375,False,200,0.8
268,20.66478735612169,0.7111160897902898,1112.2298583984375,11.790924072265625,0.3172483968211353,283.6076354980469,360.13165283203125,False,200,0.8
269,19.74899913340331,0.6873980395885286,832.2545166015625,20.782142639160156,0.14010064125400784,563.6614990234375,294.2982482910156,False,200,0.8
270,24.308169521037687,0.7923957454438308,2422.48291015625,67.16310119628906,0.13440715278558635,896.1744995117188,809.5518188476562,False,200,0.8
271,25.015288976361592,0.8533468743804477,2052.979736328125,49.1436882019043,0.14918437949873428,746.0679321289062,810.3032836914062,False,200,0.8
272,22.393045127447348,0.649964950686276,4234.86328125,56.831947326660156,0.1523300276662877,1042.9212646484375,867.2052612304688,False,200,0.8
273,23.632312709071467,0.7930919761528954,3605.103515625,58.014766693115234,0.19023055540652165,1011.3331909179688,913.3273315429688,False,200,0.8
274,22.487500296532133,0.7880917394480171,1458.4542236328125,44.85786056518555,0.18818095447226146,673.48193359375,511.8310546875,False,200,0.8
275,15.255641393404291,0.5683328268074712,7485.06103515625,26.603403091430664,0.2852143909930953,461.14794921875,502.0147705078125,False,200,0.8
276,24.88222967052701,0.7469144159335916,2051.49267578125,31.337926864624023,0.18095103169152083,661.4148559570312,798.4968872070312,False,200,0.8
277,19.29124325205637,0.6267444921689025,4929.30908203125,48.723331451416016,0.14880687335670348,691.2572021484375,650.31396484375,False,200,0.8
278,21.69008781702125,0.6908952261254449,3228.72802734375,26.60491371154785,0.2503417275415079,563.8643798828125,702.264892578125,False,200,0.8
279,19.830987844801175,0.7924681103560531,6566.755859375,52.384368896484375,0.21992120701011836,829.6949462890625,795.9968872070312,False,200,0.8
280,21.711956531956357,0.7568432261591385,4899.60107421875,38.7455940246582,0.2528026470312991,737.6427612304688,890.1153564453125,False,200,0.8
281,18.07071188741316,0.6915550865682267,1784.882568359375,24.043636322021484,0.09150146328379528,591.1920776367188,338.65716552734375,False,200,0.8
282,16.476782708205807,0.6071545529814574,3184.61962890625,29.05341911315918,0.15106807411060472,447.2157897949219,376.2073669433594,False,200,0.8
283,26.48725080156361,0.8636394870590988,20.19977378845215,6.313329219818115,0.24713624754975802,100.12980651855469,94.88795471191406,False,200,0.8
284,13.439574987198906,0.42022816899468196,14947.9736328125,39.17097473144531,0.15100196041361424,530.4268188476562,578.7018432617188,False,200,0.8
285,20.457874514444832,0.6671840463808306,12.00875473022461,1.614250659942627,0.2898785188198427,20.64950180053711,36.90633010864258,False,200,0.8
286,35.641863344787915,0.9326174388013941,59.08858108520508,33.64980697631836,0.18956657784881029,597.58447265625,466.1324157714844,False,200,0.8
287,20.366851083059462,0.6937724371658521,2695.197265625,31.299583435058594,0.23948939684042725,544.5303955078125,543.1019897460938,False,200,0.8
288,21.844934335598932,0.7445145210763487,536.449951171875,19.13530731201172,0.15087052493840852,403.94317626953125,287.25469970703125,False,200,0.8
289,22.777415767882175,0.825490400074021,1808.1025390625,59.7221565246582,0.10008170840995972,866.5241088867188,591.242431640625,False,200,0.8
290,23.727002728835814,0.7936997994725516,4.195324420928955,1.82050359249115,0.15229485443694793,32.24093246459961,31.469749450683594,False,200,0.8
291,23.558844440772834,0.7783043261644633,6.408358097076416,1.5854934453964233,0.19213886364734703,30.469032287597656,38.31084060668945,False,200,0.8
292,17.959460486849103,0.6178487517789613,10538.177734375,44.7240104675293,0.2363552045911779,647.173583984375,822.7779541015625,False,200,0.8
293,18.956337660083175,0.590514174462588,1638.3685302734375,18.622568130493164,0.3044917415235739,298.5602111816406,360.8304443359375,False,200,0.8
294,27.29484536324071,0.7963487485498051,23.628664016723633,6.629544258117676,0.1820313167291706,149.70571899414062,127.9334487915039,False,200,0.8
295,21.69731696685978,0.7541283882356785,1823.87939453125,29.147624969482422,0.22780782103091735,407.86712646484375,522.7210083007812,False,200,0.8
296,22.306923245582,0.7326026705114826,3443.8154296875,57.54287338256836,0.18388252738677321,822.2609252929688,770.2235717773438,False,200,0.8
297,23.175163773556427,0.8276205961256705,219.21133422851562,15.05908203125,0.15312178375869887,233.28575134277344,216.60520935058594,False,200,0.8
298,18.18342574560251,0.672754490659115,5896.99951171875,35.173439025878906,0.16494818333074707,724.9067993164062,623.267578125,False,200,0.8
299,21.330491968195822,0.7169817835191059,54.69511795043945,3.120805263519287,0.2551999371693842,74.26535034179688,86.26211547851562,False,200,0.8
300,24.871482717909466,0.7541351192376131,8.965612411499023,1.9719911813735962,0.29709552756718594,41.818580627441406,52.63003921508789,False,200,0.8
301,20.634551448575245,0.6893607265961416,2356.46044921875,36.63451385498047,0.17741880647797234,568.1928100585938,531.8233032226562,False,200,0.8
302,27.997792943899963,0.8914482878411517,464.2066650390625,47.41999435424805,0.21460472041570294,671.6198120117188,541.094482421875,False,200,0.8
303,21.74159376731607,0.7407815692041904,2707.054443359375,50.23202133178711,0.15696614765042735,964.3840942382812,637.79248046875,False,200,0.8
304,21.551737179027622,0.7648340037076468,3666.218505859375,50.16625213623047,0.2142242989373113,712.41943359375,726.365234375,False,200,0.8
305,22.707105758396324,0.8253261903931014,5059.5078125,62.116817474365234,0.20090995477439008,888.179443359375,975.876220703125,False,200,0.8
306,14.783345678238785,0.4998019730839354,8748.994140625,45.239349365234375,0.2155152888925791,629.24658203125,516.7840576171875,False,200,0.8
307,22.735462066284295,0.783623303314033,531.6802978515625,27.20004653930664,0.18062407293726343,481.8661193847656,323.6335144042969,False,200,0.8
308,23.996169630975018,0.7148199294234775,2401.5693359375,38.29536056518555,0.19862945923813796,610.8065795898438,795.3909912109375,False,200,0.8
309,23.185197944974895,0.7817893946871978,353.8067321777344,14.22805404663086,0.21766632189554502,240.23098754882812,271.5614318847656,False,200,0.8
310,23.374534385670547,0.8270649140019146,858.928955078125,31.188060760498047,0.1978077937817722,458.4820861816406,439.5324401855469,False,200,0.8
311,25.645205284838735,0.8128629289223871,16.94832992553711,2.5859575271606445,0.23545390535672722,59.47634506225586,79.37792205810547,False,200,0.8
312,17.623093785665652,0.6466104655576557,11.913178443908691,1.2418187856674194,0.2340679063787114,22.892269134521484,26.32539176940918,False,200,0.8
313,30.138165777502813,0.8672071544749526,896.7542114257812,78.64673614501953,0.1606166339727205,1104.8724365234375,962.685791015625,False,200,0.8
314,22.264348154366388,0.7285782081490456,4089.25,45.62570571899414,0.22266122250718523,768.500244140625,836.1441650390625,False,200,0.8
315,20.467037200631037,0.6863522784725657,4343.5048828125,34.90648651123047,0.3276197211340428,538.768310546875,696.2782592773438,False,200,0.8
316,20.701920168455565,0.7501436804754754,1387.4376220703125,20.956430435180664,0.18944268523627747,384.0989685058594,409.54400634765625,False,200,0.8
317,15.673924854530972,0.5594647175869273,773.2496948242188,14.191484451293945,0.15539981974569805,268.1758117675781,174.12103271484375,False,200,0.8
318,23.092306974151427,0.8228828003408986,120.45063018798828,9.812601089477539,0.22405856268316743,153.51055908203125,157.28060913085938,False,200,0.8
319,25.9273566710163,0.8299166771063775,160.88475036621094,12.464048385620117,0.27073993171654254,235.38194274902344,250.99266052246094,False,200,0.8
320,16.994075603782363,0.5366294791196735,5978.81298828125,23.85160255432129,0.23656415623426313,349.2453308105469,549.6774291992188,False,200,0.8
321,22.741109027013053,0.8079615584465913,2716.02392578125,45.33147430419922,0.22926297048835761,708.8928833007812,714.88134765625,False,200,0.8
322,17.076270497661714,0.6175474421995436,8478.189453125,36.46681594848633,0.21356835107507008,512.6760864257812,660.5371704101562,False,200,0.8
323,16.46559130812332,0.6071281919999938,1758.335693359375,24.324586868286133,0.19042474284036157,365.8916320800781,280.6539611816406,False,200,0.8
324,18.996535565643388,0.6599090437332157,11428.2490234375,61.07509231567383,0.18176665261062722,876.2706298828125,954.910400390625,False,200,0.8
325,25.012433911822033,0.8123748974083128,1367.0433349609375,21.95519256591797,0.27497396643404126,566.66064453125,738.1589965820312,False,200,0.8
326,23.328172896804208,0.7975445679250539,1429.73046875,28.397146224975586,0.19804112482419298,497.9955749511719,554.7996826171875,False,200,0.8
327,21.038155493702572,0.6409310668495328,2934.08203125,18.701759338378906,0.33648545599801655,413.08465576171875,612.1090087890625,False,200,0.8
328,20.33645568882254,0.6858460494505944,1556.8177490234375,23.450124740600586,0.17889518950135447,474.52642822265625,420.1804504394531,False,200,0.8
329,21.028209411231206,0.6803301178396226,487.0077819824219,16.570175170898438,0.14232187944685243,264.9874267578125,248.48326110839844,False,200,0.8
330,20.114720069344312,0.6385708120670616,1215.716064453125,22.690595626831055,0.23664994283506394,310.0875549316406,356.61669921875,False,200,0.8
331,23.77724494133428,0.7601563217051945,2405.342041015625,45.623069763183594,0.15772259121441046,829.8181762695312,758.0882568359375,False,200,0.8
332,18.357198843204777,0.6301468357156556,3.4409401416778564,0.6341226100921631,0.3231926605454843,10.553099632263184,15.379095077514648,False,200,0.8
333,17.221540449226275,0.6579030785753144,259.0542297363281,7.897911071777344,0.15260597870517312,110.91535186767578,116.9565658569336,False,200,0.8
334,22.358742499762016,0.7815899878951577,12.800628662109375,2.9734303951263428,0.1898759588374525,44.17583465576172,46.95663833618164,False,200,0.8
335,24.522076610526305,0.7648934576723108,5.984982490539551,2.4397132396698,0.3347980218924137,34.19850158691406,41.688072204589844,False,200,0.8
336,20.11656238600654,0.6893766820089559,6840.3896484375,45.885986328125,0.19929373235321698,816.2130126953125,855.6051025390625,False,200,0.8
337,21.174230476744825,0.701445284870426,3766.322509765625,26.307363510131836,0.2903379335720756,477.7301025390625,703.9542236328125,False,200,0.8
338,19.240692677602397,0.6199480720685884,2636.933349609375,28.686765670776367,0.23928530554414185,393.0435791015625,474.69964599609375,False,200,0.8
339,21.398365909573833,0.7177024998606778,70.5539321899414,6.22483491897583,0.16917230747450723,88.7049331665039,98.736328125,False,200,0.8
340,25.220582787165394,0.7501312050092831,701.42333984375,32.271114349365234,0.1598265971388775,530.8316650390625,492.124267578125,False,200,0.8
341,16.555972106587433,0.6150031061584137,4910.78173828125,30.031719207763672,0.28859056924565163,413.6810607910156,473.998291015625,False,200,0.8
342,23.279528531434703,0.7131691491351988,100.37078094482422,8.278923034667969,0.18157252900198884,162.39894104003906,174.02867126464844,False,200,0.8
343,16.65786568293984,0.43995829706256834,3055.84912109375,19.398387908935547,0.17969024587897006,309.62786865234375,434.41778564453125,False,200,0.8
344,22.148677164043473,0.7581915292354018,969.6943969726562,23.32593536376953,0.263311816440383,390.98492431640625,399.1062316894531,False,200,0.8
345,24.40470893493366,0.7228265995856795,1314.52978515625,36.00141906738281,0.20247136598576956,644.6800537109375,616.2342529296875,False,200,0.8
346,26.81573306967906,0.8725524652081084,817.34375,25.29964828491211,0.3016939218537385,490.48370361328125,635.4585571289062,False,200,0.8
347,16.1354761040167,0.6017479708840946,50.77640151977539,3.5352954864501953,0.16028200340795298,49.907405853271484,46.258705139160156,False,200,0.8
348,23.300486438226212,0.7589351075018542,657.6366577148438,24.79572105407715,0.15192469755882101,375.3811950683594,375.2380065917969,False,200,0.8
349,29.480199378558922,0.8923432398476937,441.8299560546875,42.740169525146484,0.25159789242819974,682.2035522460938,626.2340698242188,False,200,0.8
350,22.54224058577318,0.7673638762988609,1411.2496337890625,32.406925201416016,0.17719278632946645,498.4703369140625,503.63311767578125,False,200,0.8
351,28.055424838694357,0.8672929746862904,1147.2236328125,64.26182556152344,0.15237610657007858,1057.5677490234375,856.6333618164062,False,200,0.8
352,23.175718174499863,0.7747543767850351,2090.4541015625,47.17323303222656,0.12416366996705457,751.86474609375,659.034912109375,False,200,0.8
353,16.53469548774449,0.5178407558359355,593.6182250976562,16.340986251831055,0.18918892456884662,258.3144226074219,163.77149963378906,False,200,0.8
354,15.17394375336437,0.5905680631802055,155.22828674316406,3.2347216606140137,0.27448365645887374,59.59103012084961,71.49817657470703,False,200,0.8
355,16.617791883223845,0.6346905767997285,8985.4873046875,37.23511505126953,0.23823284294439703,653.1224365234375,642.77685546875,False,200,0.8
356,19.132617831593567,0.6054339551121135,9.200579643249512,1.5187703371047974,0.1533815083153612,25.859909057617188,27.484798431396484,False,200,0.8
357,20.794412954181944,0.7094155714127031,2822.246337890625,18.521018981933594,0.26640100204713124,376.8164978027344,586.1898193359375,False,200,0.8
358,22.614029246216383,0.6824081321172923,4624.80615234375,47.792442321777344,0.25233425715962776,781.537841796875,940.2900390625,False,200,0.8
359,27.22995083541763,0.8528077907481119,627.467529296875,32.566497802734375,0.1500076786842464,579.4564208984375,575.898681640625,False,200,0.8
360,26.49364205349157,0.8384429017856517,338.67681884765625,21.745136260986328,0.18575460804047042,362.0023193359375,388.7817687988281,False,200,0.8
361,24.224010853990286,0.7875125622434467,1426.6529541015625,33.59956359863281,0.2081754965395089,702.8717651367188,643.6449584960938,False,200,0.8
362,22.569328438393935,0.7438525308401831,1164.7255859375,27.151084899902344,0.22039041695479886,421.54248046875,458.7946472167969,False,200,0.8
363,22.9654108344574,0.7509645323191099,1505.144287109375,34.837745666503906,0.20111800760890453,540.2830200195312,546.0711669921875,False,200,0.8
364,26.89522959925954,0.8948029553127486,1810.9342041015625,47.82854461669922,0.24649369513416364,919.351318359375,941.5233154296875,False,200,0.8
365,22.23972856922412,0.679215126731928,840.7207641601562,20.900785446166992,0.3114181516902236,297.5810546875,386.7165222167969,False,200,0.8
366,21.074929904954153,0.7563346508621037,7154.888671875,92.09135437011719,0.1073677107756774,1304.394775390625,961.2293701171875,False,200,0.8
367,19.38553309032112,0.662207205194226,9415.1572265625,47.02328872680664,0.25709176844693954,725.8424682617188,905.4453125,False,200,0.8
368,21.899844734005363,0.7940316320489708,249.12542724609375,19.883089065551758,0.19873649917646316,256.24725341796875,196.5953369140625,False,200,0.8
369,20.133593529848607,0.7217248736455606,47.74351501464844,4.380001544952393,0.20152892634821717,56.26762390136719,70.29193878173828,False,200,0.8
370,23.952193714570676,0.862778086341164,41.56388854980469,8.116595268249512,0.27450955054633613,122.80585479736328,101.6772232055664,False,200,0.8
371,21.959517536223075,0.670301804751602,2.0043206214904785,0.7570249438285828,0.315126641404136,11.685807228088379,19.203603744506836,False,200,0.8
372,21.640310772553285,0.7176541189313926,57.49940872192383,5.349769592285156,0.19570290693914216,102.39297485351562,95.34851837158203,False,200,0.8
373,27.2840528893179,0.8565665498504201,870.9655151367188,49.862545013427734,0.17437274822482782,779.5668334960938,683.3237915039062,False,200,0.8
374,23.080127911602325,0.7233610185246695,24.265790939331055,3.124934673309326,0.29441471332588953,59.65470504760742,72.11746215820312,False,200,0.8
375,19.756093077929506,0.7092196014744199,1070.4859619140625,18.691837310791016,0.19696981213351294,310.1619873046875,319.6566467285156,False,200,0.8
376,18.454175891351905,0.6809478320597774,10056.53125,32.93808364868164,0.14104690481673698,876.9838256835938,845.0304565429688,False,200,0.8
377,25.741201704410948,0.8100176793663396,1.5321017503738403,1.599487543106079,0.2884700762386629,26.563247680664062,24.2486629486084,False,200,0.8
378,22.34113749396512,0.721499524512637,3690.630126953125,52.41315841674805,0.24600874243133594,795.5123291015625,814.6539916992188,False,200,0.8
379,18.348864396875303,0.6677999732613029,1166.2877197265625,20.536392211914062,0.16942793517157295,298.6116027832031,282.5729064941406,False,200,0.8
380,17.336144379387182,0.6284731539385946,257.44085693359375,5.47211217880249,0.24974241733514246,90.40522766113281,119.04666137695312,False,200,0.8
381,16.901087801589306,0.6122806155555485,9749.7041015625,33.49396514892578,0.2735587610296006,510.9735107421875,697.0404052734375,False,200,0.8
382,14.064076655040449,0.46027208009488285,15424.966796875,41.459739685058594,0.14088076703511773,771.2930908203125,629.3139038085938,False,200,0.8
383,19.621072838524253,0.6795537907770047,7778.0400390625,46.65776062011719,0.20444429122480454,1068.0225830078125,877.5945434570312,False,200,0.8
384,28.787485147603682,0.8510370307781717,714.02294921875,48.513736724853516,0.18944832409013554,817.3724365234375,735.3359985351562,False,200,0.8
385,25.946759516953193,0.856385316484025,1637.533203125,58.718685150146484,0.21816885601904792,925.8621826171875,803.6774291992188,False,200,0.8
386,17.693553857626213,0.6244540499840211,1345.4312744140625,19.935083389282227,0.2568557231503728,294.6138000488281,282.7525329589844,False,200,0.8
387,20.16148732115663,0.7027781932916655,304.5684509277344,9.493632316589355,0.21207336046806824,128.62457275390625,178.26210021972656,False,200,0.8
388,20.232505461455666,0.749653842281615,5290.8408203125,57.46211242675781,0.1765101673530978,780.9401245117188,750.8641357421875,False,200,0.8
389,22.90360619140317,0.734770866896454,3307.6953125,42.53872299194336,0.2043326815486905,778.1744384765625,807.0278930664062,False,200,0.8
390,21.448420545339907,0.7044190565093879,7022.45361328125,65.98932647705078,0.24087011922039067,1001.3121948242188,990.5146484375,False,200,0.8
391,27.538783248584657,0.9061825516200226,300.0675964355469,29.727197647094727,0.1774768457198507,488.3458557128906,413.2050476074219,False,200,0.8
392,19.167223013435052,0.7369552055218568,1678.7474365234375,11.598848342895508,0.3554724398855622,222.87013244628906,372.64605712890625,False,200,0.8
393,19.860966897747407,0.6773825034711395,5970.8779296875,37.988365173339844,0.2623483149558484,620.7529296875,776.6365356445312,False,200,0.8
394,24.710466750556233,0.8056268519624612,393.0346374511719,16.407934188842773,0.16981550395342834,298.6932678222656,341.4627380371094,False,200,0.8
395,20.6554484647082,0.601167518934641,7305.5400390625,59.592281341552734,0.12601966272294657,1050.79541015625,930.8265380859375,False,200,0.8
396,27.036987337206952,0.8679662180028402,1449.3167724609375,57.719383239746094,0.11664163806541021,965.6717529296875,858.5543212890625,False,200,0.8
397,17.335452582334213,0.541451644487172,3369.9599609375,25.23128890991211,0.21351391878246762,370.5063781738281,429.5650329589844,False,200,0.8
398,23.355867338394795,0.7716284302716906,2589.31103515625,27.752588272094727,0.24223401412284878,704.5718383789062,751.1201782226562,False,200,0.8
399,25.98210560486589,0.8062926561437582,1435.2474365234375,40.51820755004883,0.15238522283120373,742.6113891601562,754.788330078125,False,200,0.8
400,22.399996047998375,0.7303508191183978,62.19390869140625,4.326535701751709,0.2197721512968312,98.83646392822266,104.02074432373047,False,200,0.8
401,29.26815732433397,0.8197124116004084,787.8653564453125,44.42190170288086,0.3426207762553655,651.47119140625,902.6503295898438,False,200,0.8
402,22.919077701839818,0.7503839869918859,1243.5592041015625,21.684011459350586,0.13260691455304094,508.8463134765625,505.74713134765625,False,200,0.8
403,20.756893426253086,0.8213219265928069,5718.92041015625,75.62774658203125,0.1421729597829954,1330.8870849609375,826.6309814453125,False,200,0.8
404,22.642935262538057,0.8115100114989806,559.5665893554688,20.847227096557617,0.20348246819186427,359.669921875,320.72955322265625,False,200,0.8
405,25.94355711784548,0.9039356574969765,2039.2215576171875,86.17123413085938,0.09117111969201937,1278.23583984375,895.627685546875,False,200,0.8
406,20.572320146528618,0.72728303441762,1328.423828125,23.207141876220703,0.1875940462323998,353.1524963378906,389.8124694824219,False,200,0.8
407,19.08101846351476,0.7988581006503551,1.7263191938400269,1.0731618404388428,0.12661603434904767,16.101911544799805,11.826813697814941,False,200,0.8
408,19.705791704802223,0.6092471910404493,8001.85693359375,49.82684326171875,0.3355129893214775,697.72607421875,905.4766235351562,False,200,0.8
409,26.84963794139947,0.8457494594302832,17.37798309326172,3.5734620094299316,0.10586006471152042,114.17767333984375,92.19538879394531,False,200,0.8
410,23.062077499475137,0.7935169566125295,505.5150146484375,20.270769119262695,0.2764608622850724,317.1986083984375,319.99432373046875,False,200,0.8
411,16.38683798810916,0.559076406110013,20451.046875,67.25517272949219,0.2511680366914897,1059.616455078125,950.1118774414062,False,200,0.8
412,17.155910103003492,0.6753825947790444,17378.626953125,53.23070526123047,0.19691637594878844,903.3641357421875,950.6565551757812,False,200,0.8
413,20.313774152893366,0.7808436300616107,3062.332763671875,44.88624572753906,0.12512093333972243,737.4940795898438,573.8644409179688,False,200,0.8
414,17.561737357984388,0.6537676022528988,6993.46923828125,35.01641082763672,0.2008198606363257,618.3763427734375,632.2053833007812,False,200,0.8
415,23.141071313872086,0.7501398274635726,977.5850219726562,31.39639663696289,0.14401614335774934,440.0441589355469,448.9970703125,False,200,0.8
416,21.320136456672888,0.7422640076754937,633.09423828125,27.508756637573242,0.17405239896287272,414.1759948730469,293.9175720214844,False,200,0.8
417,22.277364044322255,0.8216362022261363,627.7175903320312,25.64653778076172,0.21719526984069598,396.7280578613281,329.33587646484375,False,200,0.8
418,15.648579947845834,0.5463160580061558,12261.10546875,30.989395141601562,0.24402196615251975,511.6208801269531,672.845947265625,False,200,0.8
419,23.02871531679315,0.7855280489147562,2817.3662109375,33.26247024536133,0.23571068598979997,674.9503173828125,752.6221313476562,False,200,0.8
420,22.148914207205614,0.7757073076209654,3817.86669921875,44.78052520751953,0.183199839175893,769.8081665039062,791.7874755859375,False,200,0.8
421,19.783276824377893,0.6990578039936141,6445.77783203125,36.03297424316406,0.2234164653659733,632.6096801757812,789.8285522460938,False,200,0.8
422,22.96848383688458,0.7419693781741389,42.81336975097656,6.16914176940918,0.2456762230071589,90.2058334350586,92.11489868164062,False,200,0.8
423,21.625822955773998,0.7299696249035317,1678.585205078125,32.566104888916016,0.20941944718730707,485.28680419921875,494.9258728027344,False,200,0.8
424,20.08988782908974,0.7165031848181356,33.39280319213867,3.447432518005371,0.2128300252103824,53.71665954589844,58.50120162963867,False,200,0.8
425,23.42566153193918,0.8040113168450455,1344.71875,36.68009948730469,0.16639265787713362,719.9151611328125,549.9793701171875,False,200,0.8
426,15.745535458691256,0.4953269760457067,5011.7119140625,34.33180236816406,0.13179339594841524,533.9647216796875,442.0889587402344,False,200,0.8
427,18.67332602021909,0.640583787305171,10674.04296875,34.33039093017578,0.3623274143954398,636.4091186523438,887.8164672851562,False,200,0.8
428,20.35740487195678,0.6957858376764458,1131.956298828125,22.525787353515625,0.2558991324833847,328.661865234375,351.5640869140625,False,200,0.8
429,28.478546626288576,0.9061548872105969,19.218347549438477,7.668128490447998,0.11519778655524868,179.6466522216797,117.949951171875,False,200,0.8
430,21.09692948426663,0.6518936290904751,159.45367431640625,4.507784366607666,0.24130452493764637,103.29061126708984,143.84869384765625,False,200,0.8
431,22.0713731914623,0.7070016242931112,3402.4208984375,34.35442352294922,0.2606920507941735,640.529296875,761.7491455078125,False,200,0.8
432,19.710752845752182,0.7015049144346279,4081.64013671875,36.28126907348633,0.2713388254445119,580.1926879882812,618.599853515625,False,200,0.8
433,16.74604679088183,0.49190434440154973,215.6260223388672,4.181872844696045,0.33964668006259274,66.58576202392578,102.02155303955078,False,200,0.8
434,18.59860876638923,0.7219662577242694,99.78510284423828,4.907752990722656,0.2514632722007436,77.32905578613281,85.02269744873047,False,200,0.8
435,23.09110008220201,0.736428174371574,2397.238037109375,68.35212707519531,0.12729846969196495,1041.0501708984375,701.2681884765625,False,200,0.8
436,21.700403764691675,0.7879999084920157,36.41459274291992,5.891197681427002,0.13816925037717978,108.5760269165039,73.69024658203125,False,200,0.8
437,21.143819594160938,0.6808151388168431,5083.96533203125,38.217308044433594,0.32864577515225074,607.0313110351562,822.0382080078125,False,200,0.8
438,26.452780685551367,0.8001868583189162,1128.8717041015625,44.52567672729492,0.22944788665680046,732.4141235351562,706.5360107421875,False,200,0.8
439,18.720227696919608,0.6909291900898713,90.53044128417969,5.458412170410156,0.21892349321500953,81.20565795898438,82.2674331665039,False,200,0.8
440,19.865430978828922,0.7625035311310647,75.74189758300781,4.691596984863281,0.22678075315568164,83.04029083251953,85.75287628173828,False,200,0.8
441,27.481983896001054,0.8448806721611396,1737.9117431640625,64.77017211914062,0.20877226146132055,1050.977783203125,986.6529541015625,False,200,0.8
442,15.914723478760608,0.5999129927109829,3593.402587890625,28.84097671508789,0.16254487888652602,427.4895935058594,374.8965148925781,False,200,0.8
443,20.815308683140312,0.7565959015271808,1123.3262939453125,34.095733642578125,0.16873335707151388,663.87890625,371.2715148925781,False,200,0.8
444,24.767746829269765,0.8414864994516313,2203.55712890625,53.59913635253906,0.2124256223286353,875.8897094726562,812.9867553710938,False,200,0.8
445,29.76885710481236,0.8782305213016284,944.2322998046875,67.9568862915039,0.19247422722036975,1058.1719970703125,947.3013305664062,False,200,0.8
446,19.32542790963222,0.7438691870913253,11340.3916015625,57.58442687988281,0.17832594500210044,981.1476440429688,986.0150756835938,False,200,0.8
447,19.38207959398427,0.6226884434997417,6062.20166015625,26.927705764770508,0.2961320079815322,627.3331909179688,753.6248168945312,False,200,0.8
448,21.54964034689737,0.8193648927850468,889.288330078125,31.091007232666016,0.143914066184902,614.1463623046875,376.8833312988281,False,200,0.8
449,21.916724068604072,0.7462316166908793,41.9034423828125,4.1814374923706055,0.2177961167102712,78.24860382080078,84.4172134399414,False,200,0.8
450,24.18219192709117,0.76584831736929,2305.98046875,46.99789810180664,0.1971888964045704,782.6878662109375,777.3697509765625,False,200,0.8
451,20.154535770970625,0.6792561968760151,2994.985595703125,33.58384704589844,0.1522835434672787,751.6141967773438,558.8458251953125,False,200,0.8
452,13.130424421536596,0.4447515315991908,8748.4228515625,25.21579933166504,0.17819191695165437,396.1477355957031,424.79779052734375,False,200,0.8
453,18.18600570369479,0.6105068255595689,12402.4169921875,53.84293746948242,0.29063411808176154,795.8580322265625,906.4480590820312,False,200,0.8
454,21.741711655742733,0.7071170298719571,82.2154541015625,7.062310695648193,0.21630679900853308,121.00323486328125,112.08628845214844,False,200,0.8
455,21.04970652885222,0.77526011106018,1900.9241943359375,31.406784057617188,0.21289660044427075,519.5542602539062,493.1324768066406,False,200,0.8
456,22.571947483284788,0.7780833525644089,0.8336169123649597,0.8195469975471497,0.22891617191162753,11.376992225646973,12.342290878295898,False,200,0.8
457,21.167184737155043,0.6673456214810638,1441.2037353515625,26.71569061279297,0.27213480203679946,403.6807861328125,469.1919860839844,False,200,0.8
458,23.64743035160771,0.7535951998445443,14.124345779418945,4.515636920928955,0.23287534851802186,59.25609588623047,57.246971130371094,False,200,0.8
459,20.22075262763062,0.7549670920110642,135.95901489257812,4.829838752746582,0.29529673462789285,90.84720611572266,119.6990966796875,False,200,0.8
460,20.442908110835912,0.7510868340958752,125.6179428100586,4.188296794891357,0.24377689119885843,93.89673614501953,118.40872192382812,False,200,0.8
461,25.139545062694637,0.8452663755119308,1290.7344970703125,52.271949768066406,0.14343730085603104,831.730712890625,649.5610961914062,False,200,0.8
462,17.09872483797369,0.5294591011397539,10661.1220703125,56.3739013671875,0.1525757931325429,764.9070434570312,746.298828125,False,200,0.8
463,15.939090629548936,0.626891364914413,8610.8505859375,35.9759635925293,0.2087011310096548,485.83245849609375,583.785400390625,False,200,0.8
464,25.219480187763786,0.7572097599468414,2330.79736328125,48.87377166748047,0.16670353242738492,955.8362426757812,962.2103881835938,False,200,0.8
465,19.220071605278186,0.6534203806906544,1651.808837890625,23.29506492614746,0.15010159110143115,348.55718994140625,375.4956970214844,False,200,0.8
466,21.97101462460933,0.686624144466466,512.9857177734375,18.914846420288086,0.1870408812834724,271.9159240722656,286.4263610839844,False,200,0.8
467,20.877857086361665,0.6994099944620418,6155.2607421875,49.02845001220703,0.2869406885108464,699.0485229492188,868.7305297851562,False,200,0.8
468,23.668868809727783,0.7849570511007956,214.49935913085938,14.752825736999512,0.2526139812792867,262.76068115234375,224.3722381591797,False,200,0.8
469,30.55322664370052,0.9142819369909564,758.568115234375,31.176504135131836,0.41244750944670655,536.39208984375,963.2593383789062,False,200,0.8
470,18.193528212849305,0.5512627086965336,2.580836534500122,0.7244511246681213,0.21682234277781248,10.398299217224121,13.14232063293457,False,200,0.8
471,19.935208126215443,0.6663036159724413,9515.2490234375,45.849937438964844,0.30889925832156145,770.7671508789062,969.908935546875,False,200,0.8
472,20.934982203181907,0.6614375726948901,14.59479808807373,2.2662713527679443,0.2428866248564049,34.551944732666016,44.11675262451172,False,200,0.8
473,21.03790271546562,0.713251149750787,6197.97119140625,90.1156997680664,0.14586445930188865,1122.3746337890625,891.251953125,False,200,0.8
474,21.11742385325342,0.6815290212767149,2152.3818359375,35.885799407958984,0.18719668384877713,521.3519287109375,528.1734008789062,False,200,0.8
475,24.658817654786823,0.8464040142730656,3168.043701171875,60.346473693847656,0.18159939458795338,1215.3154296875,992.9718017578125,False,200,0.8
476,22.149314890957132,0.7733962828491763,33.60442352294922,2.629800796508789,0.23838826891133882,54.878936767578125,74.72277069091797,False,200,0.8
477,26.02782397118792,0.8646789412143937,689.981689453125,33.72458267211914,0.12371772084865981,709.6350708007812,554.3004150390625,False,200,0.8
478,21.699509787203368,0.7198945054775647,6348.0927734375,57.633419036865234,0.30177405725411516,864.5794677734375,969.333251953125,False,200,0.8
479,15.163979773599795,0.6066565006410067,8333.8486328125,38.41802215576172,0.18357476908888185,620.762939453125,523.5747680664062,False,200,0.8
480,24.885883709667116,0.8352687308061156,1285.352783203125,29.074317932128906,0.2579366514280242,557.0154418945312,629.7692260742188,False,200,0.8
481,21.988988863083353,0.6888001752984028,3034.029296875,31.054887771606445,0.23458750517506227,615.9464111328125,696.0529174804688,False,200,0.8
482,26.944286535897767,0.8378100650201449,417.95416259765625,33.57513427734375,0.17143276641986213,501.9068603515625,455.0865173339844,False,200,0.8
483,20.884068763755845,0.6602580765112912,3177.7841796875,37.26704406738281,0.27166609358392463,522.0432739257812,627.9305419921875,False,200,0.8
484,14.839182839202131,0.5115745331736561,11190.2333984375,38.95441436767578,0.2099270112507264,633.6342163085938,584.72998046875,False,200,0.8
485,20.355582471238662,0.7173787956601787,7368.79345703125,34.861915588378906,0.41636206956804517,583.3394775390625,901.2568359375,False,200,0.8
486,20.55781015155029,0.6873820786701008,18.479164123535156,2.5137741565704346,0.17278514087313168,37.575435638427734,46.40093231201172,False,200,0.8
487,20.454306933687803,0.6469572277080557,705.260986328125,9.312016487121582,0.24945185549821083,158.76927185058594,281.6822204589844,False,200,0.8
488,21.38415221814354,0.8185562274827967,6551.68505859375,56.51920700073242,0.16783220358772652,943.034423828125,950.4610595703125,False,200,0.8
489,22.893586218591043,0.8197617318301719,3995.440185546875,60.39106750488281,0.18983440260158352,1008.62548828125,890.37353515625,False,200,0.8
490,23.014394836953592,0.7176962610612821,939.7396240234375,27.071151733398438,0.18917008012450878,420.48052978515625,456.20111083984375,False,200,0.8
491,21.084574647588163,0.6776350359564253,2990.236328125,45.25563430786133,0.2352218761878043,647.44921875,620.512451171875,False,200,0.8
492,23.044191987708547,0.8063402778956312,383.2750244140625,21.07241439819336,0.14022839668799575,323.2979431152344,278.1037902832031,False,200,0.8
493,27.626769777947548,0.8566753884394902,61.608375549316406,11.086596488952637,0.19105917288134128,197.7096710205078,188.93304443359375,False,200,0.8
494,24.133796031238376,0.7733769801088971,830.8191528320312,30.876100540161133,0.1446257864028363,473.99285888671875,464.2347106933594,False,200,0.8
495,20.831350767206118,0.6661985774098735,1032.3817138671875,14.198994636535645,0.20923055699329907,235.8152313232422,353.9988708496094,False,200,0.8
496,21.67626903405628,0.7146929962332209,2008.1199951171875,17.57254981994629,0.27709687515847375,339.4078369140625,584.0724487304688,False,200,0.8
497,21.78566191093209,0.7107139365592351,39.66437530517578,4.50986909866333,0.18310389002300698,81.68267822265625,78.65690612792969,False,200,0.8
498,20.899169946644225,0.8417983782794606,7704.5078125,89.36196899414062,0.15056141195336512,1497.7864990234375,974.42041015625,False,200,0.8
499,18.423529716775825,0.6136978419975284,13830.587890625,50.278446197509766,0.31225812754659293,743.4381103515625,986.2245483398438,False,200,0.8
500,21.799610945954406,0.6975400032371685,3126.693359375,33.420230865478516,0.2299576570427475,515.9661865234375,698.4635620117188,False,200,0.8
501,19.406606191146928,0.6770910752945503,3297.760498046875,32.32227325439453,0.22195178424815268,487.666015625,536.5602416992188,False,200,0.8
502,23.400336190463207,0.6889639993794664,407.484130859375,10.650840759277344,0.28599500888143076,229.96170043945312,310.21807861328125,False,200,0.8
503,19.85718905853274,0.6333236641279039,6836.5234375,59.73153305053711,0.3052393843606897,756.52587890625,813.981201171875,False,200,0.8
504,19.042859796327363,0.5954473452844454,5778.1630859375,36.07345962524414,0.17874236242143182,485.4542541503906,685.0464477539062,False,200,0.8
505,21.949603510108613,0.7339676043476401,170.2239990234375,12.51099681854248,0.20189421332215732,170.71888732910156,163.45431518554688,False,200,0.8
506,19.40924534980355,0.5932345065288306,9438.275390625,35.87173843383789,0.27918184064412155,620.515625,911.0162353515625,False,200,0.8
507,20.295252432619545,0.6456251953241872,6079.78076171875,34.62377166748047,0.16437704400556966,810.3596801757812,822.7147216796875,False,200,0.8
508,20.895697386384597,0.6670138896761338,7208.5751953125,35.763648986816406,0.3061345656725812,692.6771850585938,949.85009765625,False,200,0.8
509,29.606716270204924,0.9128967804144165,571.6251831054688,39.901939392089844,0.198788835724147,763.062744140625,725.9937744140625,False,200,0.8
510,20.210678531542182,0.7501385991808298,3231.39306640625,33.301692962646484,0.17540016272254316,655.95263671875,613.8017578125,False,200,0.8
511,21.4848621225987,0.7268284397665051,1240.276123046875,40.475589752197266,0.15868178745330472,585.1373901367188,418.8247985839844,False,200,0.8
512,21.95043207380423,0.6791860455246047,4728.21923828125,51.116817474365234,0.22616672916280456,869.1943359375,932.7957763671875,False,200,0.8
513,19.079060339063,0.6565501933013173,9228.6376953125,44.84088134765625,0.1986003067501703,681.2056884765625,866.1978149414062,False,200,0.8
514,24.29469564457873,0.8449021821612852,7.916680812835693,3.7738053798675537,0.14813524589696045,66.82768249511719,46.1734504699707,False,200,0.8
515,21.78658231068524,0.6982418848763886,4.7952141761779785,1.1630398035049438,0.23215065331015103,19.64643669128418,27.340606689453125,False,200,0.8
516,17.52578594133823,0.6172728998287478,2410.442626953125,23.32975959777832,0.20022484193442955,406.16912841796875,377.0869140625,False,200,0.8
517,22.217862779688353,0.756685383411418,3664.663330078125,38.070247650146484,0.18024451176737596,887.46337890625,810.7427978515625,False,200,0.8
518,23.2849853238493,0.7173706553838556,4410.3369140625,68.5369644165039,0.22363647367526496,1134.0457763671875,987.2888793945312,False,200,0.8
519,21.610992357930343,0.7426735673676756,131.982421875,8.948556900024414,0.1431055778358102,163.2128448486328,151.2664794921875,False,200,0.8
520,22.50335444630955,0.6745466877898513,1968.2054443359375,26.2447566986084,0.24749114440192035,397.14971923828125,594.5365600585938,False,200,0.8
521,27.291013213229448,0.8641257309205869,271.43572998046875,16.444238662719727,0.2975890134132989,337.6698303222656,381.5099792480469,False,200,0.8
522,21.918074389409323,0.7020921826012283,6040.4541015625,90.70269775390625,0.15994040020290598,1194.7979736328125,969.9444580078125,False,200,0.8
523,24.321591247953975,0.7359651348436341,1578.7655029296875,27.96535301208496,0.251995665159661,490.9322204589844,842.2767944335938,False,200,0.8
524,26.236560969657,0.9235977626360484,1671.818115234375,82.44068145751953,0.12404425232551948,1290.7298583984375,838.4903564453125,False,200,0.8
525,21.454802104476357,0.6293450219868932,1494.4779052734375,24.750179290771484,0.2716590973067592,392.23309326171875,469.2244567871094,False,200,0.8
526,21.669066532186022,0.702169011474524,1167.98095703125,36.6445198059082,0.11594811708923976,493.44708251953125,415.4046936035156,False,200,0.8
527,17.25290642997331,0.6208056652727676,1399.4312744140625,14.370011329650879,0.22887188102931788,206.50254821777344,274.1336669921875,False,200,0.8
528,26.305324753802548,0.8645633421175113,7.551187515258789,4.264064788818359,0.10523308144465743,80.58424377441406,57.319122314453125,False,200,0.8
529,21.490945680707675,0.8051696761250082,5302.251953125,42.629642486572266,0.18504520022493204,782.1373291015625,864.857666015625,False,200,0.8
530,18.00418695852908,0.5784528551409257,10281.7236328125,48.46648406982422,0.23606097486550695,695.0765991210938,813.088134765625,False,200,0.8
531,20.346013163024395,0.7563412149241364,9220.5908203125,58.84660339355469,0.12721111257860718,932.1085815429688,999.7179565429688,False,200,0.8
532,22.271377626258072,0.7462143634231035,5860.240234375,76.97505187988281,0.11943902966398902,1180.4866943359375,996.6401977539062,False,200,0.8
533,15.599702749082793,0.5791872745967921,8428.8330078125,40.13348388671875,0.19752068687158045,526.6959228515625,555.8762817382812,False,200,0.8
534,22.370664584089383,0.7885383919647426,3415.271484375,41.390586853027344,0.19129874029682722,644.528076171875,769.2184448242188,False,200,0.8
535,26.57398965889605,0.7528362991855363,1636.0294189453125,15.124547958374023,0.5894877434248486,307.2492370605469,944.8209838867188,False,200,0.8
536,23.641472543967197,0.8280097587059095,3115.588134765625,38.12062454223633,0.16834172337707512,780.50390625,849.7977294921875,False,200,0.8
537,21.059328393638825,0.7411089559851918,482.06085205078125,11.28396224975586,0.2611682064642736,216.9691925048828,248.1007537841797,False,200,0.8
538,25.34399267417492,0.8067985690661136,590.6360473632812,19.365177154541016,0.26924186379555975,394.828125,451.0935974121094,False,200,0.8
539,18.117141561447216,0.6401514410523874,259.6902770996094,11.306462287902832,0.18501364548136603,144.67662048339844,130.03025817871094,False,200,0.8
540,19.316129607950188,0.6773874554746463,10327.6083984375,42.32912063598633,0.35674901374875295,686.0219116210938,954.0969848632812,False,200,0.8
541,25.863160212017103,0.8456695248614093,948.5617065429688,36.53949737548828,0.14605856772476958,686.1172485351562,606.5684814453125,False,200,0.8
542,19.454239110865302,0.7316802802410479,592.4794311523438,13.251392364501953,0.18282455834388053,197.91064453125,229.41416931152344,False,200,0.8
543,24.490427524597813,0.7914651450051966,1586.5604248046875,43.99603271484375,0.180582778784229,677.5274658203125,672.0289916992188,False,200,0.8
544,32.336252944752225,0.9274306258319333,223.1885986328125,38.55660629272461,0.17431778072256007,645.5166625976562,618.5101318359375,False,200,0.8
545,19.877261877231092,0.7824304489166811,1311.58984375,19.09520149230957,0.23620295933501734,310.2025146484375,358.8045654296875,False,200,0.8
546,21.499544982560735,0.7514902276440617,91.5870361328125,7.78687858581543,0.25493346670632916,111.79840850830078,114.44403839111328,False,200,0.8
547,19.78565157543203,0.6514107928578953,4537.41357421875,32.63623809814453,0.21516652422024007,497.2129821777344,671.901611328125,False,200,0.8
548,26.330033257289934,0.7685546771427907,616.0235595703125,16.846458435058594,0.2708542523199788,371.3674621582031,520.7874145507812,False,200,0.8
549,24.403781172078848,0.7740404962510845,2131.38720703125,25.892976760864258,0.2581982811890732,484.5318298339844,772.5460815429688,False,200,0.8
550,26.243508667343207,0.789066144239014,627.4103393554688,24.17513656616211,0.13228467919028708,501.04864501953125,520.643310546875,False,200,0.8
551,22.801427902046694,0.6838403592311818,3081.72265625,44.30507278442383,0.23161620239698294,713.25830078125,852.329345703125,False,200,0.8
552,20.162533677409407,0.7451872849596426,2938.320068359375,25.207807540893555,0.2580379835028289,452.47015380859375,552.3549194335938,False,200,0.8
553,28.443659310389858,0.83686987158407,363.97125244140625,15.733870506286621,0.18830188580615917,449.5299987792969,561.3770141601562,False,200,0.8
554,19.985978659524818,0.628604745152618,7090.52001953125,45.07930374145508,0.3309380845043403,636.322021484375,876.7769775390625,False,200,0.8
555,21.817783838699548,0.796264395751136,1072.8897705078125,30.995189666748047,0.21390078759867734,462.7861328125,404.0793762207031,False,200,0.8
556,19.122936057606314,0.6370638542489861,221.59242248535156,8.672021865844727,0.22622367590837628,117.32537078857422,134.88121032714844,False,200,0.8
557,22.78838910894605,0.7635453472118952,4.5521345138549805,1.1865378618240356,0.3124949792698516,23.767160415649414,29.75389289855957,False,200,0.8
558,23.186824890002416,0.7552010076834366,2736.673095703125,56.16048812866211,0.23522584572215174,798.3690185546875,755.3821411132812,False,200,0.8
559,21.127259474145216,0.7166230599875889,2969.668701171875,44.18048858642578,0.20884016166008962,657.2734375,620.6892700195312,False,200,0.8
560,21.25822855278143,0.7467310941475507,3709.663330078125,38.71058654785156,0.25019673489039507,593.0249633789062,704.3756713867188,False,200,0.8
561,21.042978830565016,0.6891563607318272,353.99481201171875,12.19284725189209,0.21859331538756363,177.00399780273438,213.75119018554688,False,200,0.8
562,22.20874009972563,0.6938323979403059,108.80572509765625,8.140366554260254,0.18529712703519172,125.17166900634766,137.235107421875,False,200,0.8
563,25.25059705845838,0.8530993099814935,0.7192502021789551,1.6307644844055176,0.15434348424151467,23.20907211303711,15.530120849609375,False,200,0.8
564,17.420632071440757,0.6006652603331113,2232.297119140625,21.17494773864746,0.18528321680847432,304.17657470703125,351.2369689941406,False,200,0.8
565,19.67439404664989,0.645353246926305,3623.875,27.119626998901367,0.2222063562378617,416.37554931640625,590.3277587890625,False,200,0.8
566,28.025514198388272,0.8439285806251964,170.45953369140625,16.05910873413086,0.2347995799643063,274.2279968261719,392.851806640625,False,200,0.8
567,22.816674965713702,0.7479142901060012,1002.8582763671875,22.90106964111328,0.23808890289541193,379.69427490234375,438.0374450683594,False,200,0.8
568,22.953345099597364,0.7131821833535552,4014.941650390625,60.354801177978516,0.1806505100175304,930.6165161132812,904.2545166015625,False,200,0.8
569,29.45197407820617,0.9427432630084247,138.08877563476562,17.222705841064453,0.25943237314853124,370.8570556640625,348.9072265625,False,200,0.8
570,23.325841331957267,0.7815514659831998,1203.086669921875,28.522262573242188,0.18685163408691563,502.5057067871094,514.4755249023438,False,200,0.8
571,17.130917005576897,0.6279212491767254,11858.0078125,60.10554122924805,0.1413110372178003,1061.379150390625,783.869384765625,False,200,0.8
572,23.374346022578436,0.7019425685730377,626.1703491210938,19.885942459106445,0.32281247107581695,338.6175231933594,397.146240234375,False,200,0.8
573,24.708674296633912,0.8478352463759974,1306.2593994140625,45.619136810302734,0.1769947395979051,738.4573364257812,622.464599609375,False,200,0.8
574,23.393236847225964,0.7850983458012202,3345.511474609375,46.645912170410156,0.17894491399406603,904.64892578125,862.5013427734375,False,200,0.8
575,28.657268139192617,0.855845785954721,1227.9820556640625,90.85750579833984,0.1806815214316196,1256.0416259765625,949.5711059570312,False,200,0.8
576,25.187223554706527,0.7833778642380362,66.1999740600586,5.312212944030762,0.2147237474048565,123.17704010009766,147.92640686035156,False,200,0.8
577,22.39329534395216,0.6981819477473516,4737.2861328125,45.73897171020508,0.2806397093135564,715.9776611328125,926.6610107421875,False,200,0.8
578,23.44960208940261,0.7827148374833957,1090.415283203125,28.539382934570312,0.1507078503434666,490.43450927734375,492.6241760253906,False,200,0.8
579,19.22168040166699,0.7330300025845105,796.6842041015625,13.788196563720703,0.26600615992964294,206.98684692382812,258.98614501953125,False,200,0.8
580,16.921056912978038,0.6349362090445534,4287.6201171875,27.48602867126465,0.2680772194967215,401.0846862792969,459.6766052246094,False,200,0.8
581,25.88234240374828,0.7979636827692336,2478.274658203125,72.79078674316406,0.18951956078017138,1140.85009765625,980.0525512695312,False,200,0.8
582,18.850114804331444,0.6284369370893247,3134.442626953125,36.51677322387695,0.17745622619882023,527.36376953125,493.12548828125,False,200,0.8
583,28.689526098339368,0.8447017690187976,146.63961791992188,19.82341766357422,0.1486665794621706,328.4903259277344,329.4228515625,False,200,0.8
584,14.6566432942072,0.4796182435705082,13635.72265625,44.86065673828125,0.1354216419234763,827.1779174804688,633.7674560546875,False,200,0.8
585,20.564923717558642,0.7318285275229048,483.3580322265625,12.35362720489502,0.22218751397580577,223.13668823242188,240.9054718017578,False,200,0.8
586,26.845583959926294,0.9117839832485521,12.155749320983887,4.376394748687744,0.17475575134900226,78.6847152709961,76.78746795654297,False,200,0.8
587,18.54232313648265,0.7249604907320017,235.2310028076172,9.164619445800781,0.19955377429711618,142.17007446289062,129.75083923339844,False,200,0.8
588,19.209142221991605,0.6595950298472523,198.85853576660156,7.931289196014404,0.17826236316520208,112.17738342285156,128.91778564453125,False,200,0.8
589,19.820063230719697,0.6190145943016476,231.9257354736328,9.789633750915527,0.12930766189483814,142.2574005126953,152.75079345703125,False,200,0.8
590,19.41608567952413,0.6260123111155074,215.89239501953125,7.39575719833374,0.4513721513223162,98.51509094238281,139.68833923339844,False,200,0.8
591,27.693128282055504,0.8543845019538736,672.9960327148438,21.97519302368164,0.29401591892761336,457.3459167480469,641.23388671875,False,200,0.8
592,18.661163899559035,0.5026945341720248,430.7698669433594,9.414000511169434,0.2850427868225616,122.84879302978516,182.69821166992188,False,200,0.8
593,13.517586254939483,0.5069945808822697,5328.7236328125,30.611427307128906,0.24100732023973598,416.9014892578125,346.3216247558594,False,200,0.8
594,25.165161348600492,0.8443887275600397,2426.5927734375,52.49995040893555,0.17761192573460943,1091.498291015625,896.8916015625,False,200,0.8
595,20.311805024589653,0.6639518337126632,2043.9324951171875,30.314674377441406,0.23965716771101872,553.0371704101562,474.4876708984375,False,200,0.8
596,21.672016081286223,0.7116789349511706,3004.51171875,42.056419372558594,0.1708220058770712,700.96630859375,667.8901977539062,False,200,0.8
597,20.48243330823635,0.6892325227562321,267.8046569824219,6.307425498962402,0.2653992087943988,137.9259796142578,173.14755249023438,False,200,0.8
598,17.947405733993488,0.6900623644973892,597.6826782226562,10.266766548156738,0.2718221416571291,174.2115936279297,193.0967254638672,False,200,0.8
599,18.736100907165604,0.6961104096376698,23.399723052978516,2.3352792263031006,0.2792401534223007,38.241878509521484,41.8277473449707,False,200,0.8
600,20.050319825570764,0.7030981414589403,284.0847473144531,10.754105567932129,0.20381634867737647,151.88604736328125,169.76612854003906,False,200,0.8
601,15.672048059928937,0.62322063986491,2113.151611328125,17.897724151611328,0.2099890434386874,293.71246337890625,279.3117370605469,False,200,0.8
602,27.313300182363534,0.803422408891868,50.31793212890625,5.731357574462891,0.2001596698636684,163.68785095214844,177.83348083496094,False,200,0.8
603,28.712664799197736,0.8828567022897911,10.786681175231934,6.210877895355225,0.2507830042675782,100.49699401855469,89.61383056640625,False,200,0.8
604,17.0710170302677,0.5576774637961417,281.1318359375,8.624210357666016,0.2972477173250747,118.76461029052734,121.5152359008789,False,200,0.8
605,21.91739231019217,0.7181785514903081,1360.39453125,32.24765396118164,0.18982145775248008,570.3351440429688,461.3179931640625,False,200,0.8
606,25.985239228702618,0.8010696977952647,107.91941833496094,13.013936042785645,0.2279912818637475,200.9095001220703,207.12738037109375,False,200,0.8
607,17.73510537814725,0.6230697500399818,2231.781005859375,17.260517120361328,0.15745890251356395,295.3276062011719,364.90557861328125,False,200,0.8
608,27.41731636939484,0.8967731783562508,459.2210388183594,25.50350570678711,0.18461453463749292,634.2573852539062,503.9138488769531,False,200,0.8
609,24.31949120966032,0.8291986406640456,1762.1116943359375,57.06175994873047,0.17388389058210205,872.17578125,690.7044067382812,False,200,0.8
610,18.40881747748398,0.7124688897444907,23.385807037353516,1.2766757011413574,0.393286541957174,26.808622360229492,40.2728271484375,False,200,0.8
611,22.988088818687253,0.7029409922375462,3163.451416015625,39.65160369873047,0.1694963502109574,888.0961303710938,799.6109619140625,False,200,0.8
612,19.667023040252516,0.6454705735069944,4235.3017578125,38.856361389160156,0.20660067093407575,579.2086791992188,628.2724609375,False,200,0.8
613,21.51783059617275,0.6960172248253131,47.829383850097656,6.231370449066162,0.11322770007001251,140.42115783691406,82.67727661132812,False,200,0.8
614,19.56343066087491,0.7212398304779758,8390.6533203125,68.24781799316406,0.10259219864358457,1395.819091796875,873.7050170898438,False,200,0.8
615,21.296355640186228,0.6768463649424787,6158.2529296875,73.3899917602539,0.16875542299726076,1054.01904296875,920.9515380859375,False,200,0.8
616,17.763635310140003,0.5536857080516281,60.475162506103516,3.0058066844940186,0.19637984223167945,43.919898986816406,62.01688003540039,False,200,0.8
617,17.516545901432693,0.5015747653882625,1354.3499755859375,10.963377952575684,0.32404816568762995,182.93495178222656,277.60076904296875,False,200,0.8
618,18.60316491312233,0.7431496177196207,8716.4990234375,38.00053024291992,0.1551866756618834,563.4505004882812,806.3950805664062,False,200,0.8
619,26.661184296759856,0.8164442890166675,1179.4869384765625,30.92877960205078,0.25455594386932806,723.8837280273438,748.5114135742188,False,200,0.8
620,24.58516352025297,0.8170631307347123,119.29634094238281,11.358541488647461,0.20754859967428207,159.97189331054688,185.3365020751953,False,200,0.8
621,20.893603216464122,0.6808598313715009,334.8672790527344,6.213274002075195,0.3929265305335017,113.49915313720703,210.1399688720703,False,200,0.8
622,22.847108597474115,0.7705825650565935,714.8251342773438,19.856237411499023,0.26870273500321384,336.1961975097656,371.10162353515625,False,200,0.8
623,16.283687167050875,0.5051314234585285,5454.36572265625,31.80522918701172,0.19699962337058066,448.1665954589844,485.0384521484375,False,200,0.8
624,17.94378951104946,0.6506092224549663,6112.93408203125,50.31707000732422,0.20587761345531755,700.147216796875,618.6365356445312,False,200,0.8
625,15.74319559229938,0.5366418538673287,3593.11962890625,28.720075607299805,0.14816302719062213,476.5829772949219,369.54473876953125,False,200,0.8
626,21.025113415730218,0.7638387575821601,1692.368408203125,27.866731643676758,0.16999272275821806,436.1725769042969,463.0721740722656,False,200,0.8
627,21.467339808345855,0.7264517384718348,3980.10498046875,41.05755615234375,0.25413522006028055,644.60986328125,747.7234497070312,False,200,0.8
628,24.787936171838293,0.8998722073530622,3.766099214553833,1.6106618642807007,0.16618682211936536,44.11344528198242,37.64651870727539,False,200,0.8
629,23.68084634061251,0.7651959907495267,270.0846862792969,11.340232849121094,0.23214168628591103,218.7540283203125,253.18450927734375,False,200,0.8
630,24.36248403265362,0.7984954195044949,1861.0067138671875,37.75632858276367,0.1885335862754399,753.7596435546875,713.63623046875,False,200,0.8
631,24.121997376214907,0.7002896658878704,3048.291015625,36.42300796508789,0.21868226781116284,804.1130981445312,895.3116455078125,False,200,0.8
632,24.001638991918178,0.7443178138384255,1028.118896484375,19.23589515686035,0.20687374909108094,437.1973571777344,512.165771484375,False,200,0.8
633,17.977764480921042,0.5642871830688679,4494.6533203125,22.827760696411133,0.22945227338459545,367.196044921875,532.5813598632812,False,200,0.8
634,18.04182553896144,0.6336662770408945,182.6632080078125,6.80006217956543,0.22543920272633602,92.7637939453125,108.0648422241211,False,200,0.8
635,20.993097389747156,0.7322262439464445,1595.5400390625,26.441570281982422,0.2947644820900988,430.83526611328125,447.9649658203125,False,200,0.8
636,19.730223869253784,0.7029939038260903,3022.136962890625,32.423072814941406,0.18190384610810914,513.26171875,533.0846557617188,False,200,0.8
637,17.423530052980087,0.4691694805281102,1011.0120849609375,13.733985900878906,0.14749847403810204,377.27947998046875,243.22802734375,False,200,0.8
638,36.32247041905601,0.960989349828293,16.995853424072266,12.417604446411133,0.1702292977335715,273.2907409667969,269.9739990234375,False,200,0.8
639,22.15576569568315,0.70769003252157,859.3453369140625,17.054889678955078,0.20780262335796448,313.09112548828125,377.9068908691406,False,200,0.8
640,24.241402904533746,0.8567238543002402,1.6410974264144897,1.893093466758728,0.12370831146361341,25.430187225341797,21.05112648010254,False,200,0.8
641,20.72689052753635,0.6989594101347774,855.338134765625,15.239834785461426,0.363952168822984,233.7602996826172,322.757080078125,False,200,0.8
642,22.103825741465837,0.677813434083785,272.45361328125,14.188724517822266,0.19862817350551895,244.5296630859375,212.23655700683594,False,200,0.8
643,22.940880928105123,0.7137246588366976,539.6348266601562,20.394378662109375,0.2992451104310804,275.244140625,328.16986083984375,False,200,0.8
644,21.492196851169787,0.6357642998928051,93.32199096679688,4.359751224517822,0.4260011903097592,65.15986633300781,120.64237213134766,False,200,0.8
645,20.638762726115644,0.6977060388070442,6843.80029296875,63.93377685546875,0.16438023950457478,925.7849731445312,890.6367797851562,False,200,0.8
646,20.46767350558538,0.6610755146009488,3154.4013671875,40.7534065246582,0.12288328222466173,595.2406005859375,593.9988403320312,False,200,0.8
647,22.114863907824763,0.7615540894388991,2527.2216796875,37.51901626586914,0.2000174975225783,638.5181274414062,679.4232177734375,False,200,0.8
648,24.4956351214169,0.7700425781095996,1865.7271728515625,50.94902420043945,0.21798814297541072,742.1904907226562,789.382080078125,False,200,0.8
649,18.381436724351303,0.7208615425660326,3612.242919921875,31.353588104248047,0.23519825294685442,501.4652404785156,498.9437561035156,False,200,0.8
650,23.535837034523087,0.7159323262481628,19.031557083129883,2.5783724784851074,0.43601769635363286,41.07615661621094,87.83336639404297,False,200,0.8
651,14.74491499119426,0.5124959615339798,9670.1826171875,49.43656539916992,0.18588242687525056,665.7695922851562,537.5694580078125,False,200,0.8
652,24.27111206485815,0.7722273191970065,1227.8572998046875,25.587038040161133,0.28899192825340225,527.9268188476562,587.2542724609375,False,200,0.8
653,18.68387941860014,0.6876402340693003,7362.53369140625,45.62099075317383,0.20343477557303663,652.1423950195312,745.6940307617188,False,200,0.8
654,20.683006558565474,0.6999812465278612,1590.1512451171875,28.26434898376465,0.22885949033616942,381.35009765625,432.2278747558594,False,200,0.8
655,20.615503485872818,0.744887280855299,142.8234100341797,9.002345085144043,0.19577855444322997,142.02920532226562,128.45272827148438,False,200,0.8
656,29.119479187572654,0.8802702764885915,81.92117309570312,17.104768753051758,0.20868414582994352,291.46380615234375,284.49212646484375,False,200,0.8
657,20.48628248108523,0.6026399552850226,950.9196166992188,9.257768630981445,0.2664162429028829,275.2373962402344,363.7192077636719,False,200,0.8
658,22.511347986412844,0.6453679657651639,1592.785400390625,19.51752281188965,0.4954458183318901,317.67437744140625,646.2713012695312,False,200,0.8
659,23.72367720092647,0.8192030117802334,1278.5350341796875,21.91758155822754,0.177460419218222,547.586181640625,571.20751953125,False,200,0.8
660,24.219658653332395,0.7375444036903522,466.9203796386719,21.128131866455078,0.2045849819557372,273.73077392578125,356.7406311035156,False,200,0.8
661,20.064786175498703,0.7111643957061753,9161.7880859375,62.327301025390625,0.2025117037978482,880.7461547851562,986.5287475585938,False,200,0.8
662,17.80810233208754,0.6062919448582579,6028.18212890625,25.398954391479492,0.22406614484630955,501.2064208984375,606.1690673828125,False,200,0.8
663,23.64987978029102,0.7698803330483049,243.4983367919922,12.450078964233398,0.1810319768287259,236.10903930664062,237.98956298828125,False,200,0.8
664,18.38811876729532,0.6357104833311352,152.300048828125,7.238558292388916,0.17180098938852326,127.3600845336914,102.6806869506836,False,200,0.8
665,22.52806704949224,0.7482009914630863,131.89796447753906,11.155227661132812,0.19151659309615976,177.90736389160156,153.70628356933594,False,200,0.8
666,23.594129447169735,0.7880673715089072,261.8797607421875,22.8228816986084,0.12434767196107496,367.25482177734375,246.71177673339844,False,200,0.8
667,22.005211684737425,0.7986152921542593,164.27670288085938,9.057548522949219,0.12683892873747218,160.78565979003906,161.52069091796875,False,200,0.8
668,20.262086671131932,0.7409984335595907,326.0837707519531,11.195335388183594,0.12627561556438757,199.50360107421875,187.38046264648438,False,200,0.8
669,21.06584612748874,0.8112743469462148,638.14501953125,21.377685546875,0.17160340799057497,359.22906494140625,285.81005859375,False,200,0.8
670,26.203966930889454,0.7656933597022135,67.57926177978516,7.489180088043213,0.2950864239304177,150.8003692626953,174.20022583007812,False,200,0.8
671,19.09212352565849,0.6229287077148761,9882.9365234375,27.121103286743164,0.2856597952993141,620.3798828125,896.86865234375,False,200,0.8
672,21.3512069184886,0.7135390838889213,48.22017288208008,3.7565195560455322,0.24965132083075953,60.80413055419922,81.15351104736328,False,200,0.8
673,23.192993691969328,0.7794762638762469,1319.9566650390625,40.4092903137207,0.19340212049476815,612.5521240234375,524.9868774414062,False,200,0.8
674,23.898112863911443,0.7165508243815378,676.2637939453125,12.787120819091797,0.27375755570601895,235.0729522705078,410.9864196777344,False,200,0.8
675,22.867941147490193,0.7101852086761206,4708.30908203125,48.82588195800781,0.20487171299065413,876.1453857421875,982.396240234375,False,200,0.8
676,24.174212565039397,0.78726114632971,43.08357620239258,4.41340970993042,0.15281521449562097,79.41472625732422,112.92686462402344,False,200,0.8
677,23.679274510370163,0.9021752887437653,679.251953125,27.87388801574707,0.15679089240662697,470.0010681152344,398.4577331542969,False,200,0.8
678,20.837800010644543,0.725125210552772,7692.33251953125,48.92124557495117,0.2771961393470435,800.6458129882812,969.5009765625,False,200,0.8
679,22.547298269247253,0.7743177865588028,4150.1318359375,40.07732391357422,0.27258951131504505,793.4215087890625,865.6416015625,False,200,0.8
680,23.406920026771097,0.7819002442655631,3046.07666015625,43.9364013671875,0.20364371426567443,708.3397216796875,817.2550048828125,False,200,0.8
681,20.129595649839068,0.7332368545191614,644.3826293945312,19.575918197631836,0.16242077185021683,297.47918701171875,258.6449279785156,False,200,0.8
682,18.708273083830296,0.6039642239509017,378.57257080078125,10.937942504882812,0.15304191990831542,153.59213256835938,171.71670532226562,False,200,0.8
683,23.341172928876727,0.7477150796158735,2071.33447265625,40.27164077758789,0.1708846583213231,589.5458374023438,668.9745483398438,False,200,0.8
684,26.405293843822125,0.8467555150305093,1740.44384765625,44.688072204589844,0.18224408940852918,1205.3443603515625,929.4465942382812,False,200,0.8
685,27.290228793390902,0.8345777396770084,579.0858764648438,39.95551681518555,0.2196807077183263,594.9743041992188,557.2061157226562,False,200,0.8
686,16.7339239018804,0.6308957673130913,6912.294921875,38.70237731933594,0.13222697190916072,524.2587280273438,572.0410766601562,False,200,0.8
687,21.133108205771457,0.7160566722810431,606.9039306640625,25.764453887939453,0.18850211692188942,384.9292297363281,280.6991271972656,False,200,0.8
688,31.479331105917385,0.8781422892608464,421.20782470703125,45.99018478393555,0.18553769279095672,799.366943359375,769.7234497070312,False,200,0.8
689,23.843999233916392,0.7423235550854991,145.59544372558594,12.165870666503906,0.12047870867584959,183.78172302246094,187.85670471191406,False,200,0.8
690,20.636704338627787,0.7306778368173337,907.4652099609375,17.509580612182617,0.22536810487204126,272.6420593261719,324.3555603027344,False,200,0.8
691,20.188116390283326,0.676854507681049,1724.79931640625,32.833580017089844,0.12459817001458547,562.6685791015625,426.0110168457031,False,200,0.8
692,22.69438051799653,0.7803439005549927,1382.3333740234375,28.04799461364746,0.22985146239335896,468.0005798339844,508.102783203125,False,200,0.8
693,18.15016143084361,0.6137277934247565,900.1964721679688,18.553348541259766,0.2023720722565776,249.89108276367188,243.16732788085938,False,200,0.8
694,19.98926773449719,0.6538867737217102,134.0623016357422,5.192410945892334,0.2450038016040496,82.23224639892578,115.72198486328125,False,200,0.8
695,19.574035008215965,0.6944431597985498,4042.504150390625,24.69144630432129,0.1719115592529693,465.2518005371094,611.0093994140625,False,200,0.8
696,19.76112506496579,0.6411660130512645,864.4861450195312,16.92499351501465,0.29418551461302334,271.66302490234375,289.3419189453125,False,200,0.8
697,20.836212362302234,0.750124517983056,2675.90185546875,21.006153106689453,0.29538759215305876,407.229736328125,581.656982421875,False,200,0.8
698,16.904256812786002,0.5336560855963536,478.4405822753906,9.476619720458984,0.20793169644576087,128.39703369140625,155.20835876464844,False,200,0.8
699,22.714013112501227,0.7645506179104372,1232.4217529296875,31.042451858520508,0.23377248640684012,478.2501525878906,481.6589660644531,False,200,0.8
700,18.98122216899301,0.6616135961181673,3560.610107421875,32.45933532714844,0.22117319727556164,484.6227111816406,533.0568237304688,False,200,0.8
701,21.313828647594455,0.6799132368772498,18.430971145629883,2.982243299484253,0.2529581021347004,44.081573486328125,52.77171325683594,False,200,0.8
702,23.92782667245942,0.7551520981314274,457.348876953125,24.23023796081543,0.10334128426139197,519.5059204101562,337.2676696777344,False,200,0.8
703,21.452453075977292,0.7347801204094898,129.32334899902344,9.8388671875,0.18595819858757898,138.7725372314453,135.28025817871094,False,200,0.8
704,19.010942415342004,0.629227240410453,50.45614242553711,4.427373886108398,0.11632897893942087,107.90043640136719,64.31159210205078,False,200,0.8
705,22.851607639970958,0.7322885461936832,5063.38525390625,50.42977523803711,0.2583353452351228,887.1057739257812,989.9702758789062,False,200,0.8
706,29.364689619121233,0.9079056155893824,108.70584869384766,18.147029876708984,0.2308801605203037,336.5672607421875,323.031494140625,False,200,0.8
707,19.356021708456012,0.7826614594705724,7595.70263671875,61.263427734375,0.16074834303379942,889.6967163085938,810.0645751953125,False,200,0.8
708,22.549714233865128,0.7351268095539675,300.69158935546875,11.852892875671387,0.22680068852882168,213.52102661132812,255.38601684570312,False,200,0.8
709,30.30437321885887,0.8812316934211935,433.11480712890625,37.03202438354492,0.17728795677597944,737.32421875,681.8212280273438,False,200,0.8
710,19.37689893123529,0.6135404775391241,6585.82080078125,42.39686584472656,0.16852499068893828,729.9129638671875,760.4676513671875,False,200,0.8
711,19.53200954146488,0.6286865045607519,3870.61669921875,40.14518356323242,0.12237686463406662,871.1777954101562,596.0430908203125,False,200,0.8
712,31.709634360656406,0.934445334392743,150.22325134277344,26.91710662841797,0.2221959016505052,506.52178955078125,472.1046142578125,False,200,0.8
713,25.9082305983952,0.7680740905656368,389.9852294921875,9.680113792419434,0.5124076452483759,161.8261260986328,412.4290771484375,False,200,0.8
714,21.389197247753444,0.755418914441782,887.0216674804688,27.43068504333496,0.22267023700303137,392.6737976074219,349.5194091796875,False,200,0.8
715,28.454455321951173,0.8678477470348787,1233.166748046875,89.5707015991211,0.13941766547733767,1316.160888671875,929.599609375,False,200,0.8
716,19.075243550317452,0.6439927529417762,8508.880859375,64.30998992919922,0.18695648589026845,903.1017456054688,830.788818359375,False,200,0.8
717,31.98788164199695,0.9038333307655665,589.218017578125,58.82908248901367,0.1975166095929718,1074.186279296875,965.0618896484375,False,200,0.8
718,18.741648653254156,0.6701356319356381,209.02537536621094,12.365856170654297,0.09921509510718932,272.2356872558594,125.17292785644531,False,200,0.8
719,25.302602232170827,0.7847638106061544,1573.9259033203125,45.43626403808594,0.14585412002698844,716.814697265625,731.1365966796875,False,200,0.8
720,20.261629486499274,0.744001929814614,8253.5439453125,55.08784103393555,0.24632447520797943,804.2911376953125,938.402099609375,False,200,0.8
721,20.960645613680917,0.6641121862153271,264.1048583984375,10.326910972595215,0.2591371648131338,135.4003143310547,182.0518341064453,False,200,0.8
722,14.542542336065985,0.4325761085717511,156.88674926757812,4.4731574058532715,0.20708169935540247,72.04988098144531,67.42977142333984,False,200,0.8
723,20.47788482686495,0.5370290052233632,3870.6875,24.758211135864258,0.3295179302299836,381.2461242675781,741.3795166015625,False,200,0.8
724,27.990156177223668,0.8212570189599282,495.294921875,33.71876907348633,0.25558498912585936,486.5377502441406,574.8986206054688,False,200,0.8
725,29.601954957571472,0.9098649815059391,462.0201110839844,38.79512405395508,0.18617609741567495,748.323486328125,841.9869384765625,False,200,0.8
726,21.41007411308204,0.6891674974734315,142.59547424316406,10.046133041381836,0.19280029065301707,149.18966674804688,140.63259887695312,False,200,0.8
727,25.71018095683783,0.8139836837778948,1697.9345703125,52.93868637084961,0.15260355590194707,848.4360961914062,795.4720458984375,False,200,0.8
728,20.526142720205954,0.6782211953559285,362.4670104980469,13.321504592895508,0.22566716985769292,202.6455078125,202.42568969726562,False,200,0.8
729,15.867636551540459,0.6055751833109931,691.4415893554688,12.874603271484375,0.13997402719386165,225.4849090576172,164.49229431152344,False,200,0.8
730,16.77076570891381,0.5330527250559365,551.0518798828125,11.173449516296387,0.16602071465122265,186.93601989746094,165.10153198242188,False,200,0.8
731,22.49056116053307,0.7384719424865723,3738.571044921875,58.241981506347656,0.135197570958779,880.7608032226562,814.7601318359375,False,200,0.8
732,23.432185815331795,0.7718049573524153,2006.1812744140625,29.804460525512695,0.16385763708454723,544.6354370117188,665.5320434570312,False,200,0.8
733,23.07188864364603,0.7766950478596719,1338.7081298828125,40.932010650634766,0.12335013140892175,804.2484741210938,523.5423583984375,False,200,0.8
734,22.933375969531696,0.7841266711897018,657.2625122070312,14.438314437866211,0.186760077767823,328.9413757324219,359.4716491699219,False,200,0.8
735,25.11848698075906,0.8523639047612562,2330.0078125,50.62240219116211,0.2548925354898393,684.58056640625,877.3233642578125,False,200,0.8
736,17.92945525015918,0.6354649720991139,2461.052734375,29.421009063720703,0.15833615079682556,464.2234191894531,393.05267333984375,False,200,0.8
737,19.897390598693285,0.6943694911400254,6701.8076171875,69.363037109375,0.14781187124952475,1108.33935546875,816.7828369140625,False,200,0.8
738,24.058831782420697,0.8693099020320972,757.0440673828125,24.800580978393555,0.20671111162951533,384.60626220703125,439.6957702636719,False,200,0.8
739,18.724718161037995,0.5381636636753848,1906.33544921875,26.92793846130371,0.1988254464557053,441.84814453125,377.5674743652344,False,200,0.8
740,25.12187859649996,0.8354568163108876,659.5262451171875,31.935443878173828,0.22093661327617117,546.3771362304688,463.21710205078125,False,200,0.8
741,22.87266971324493,0.8672491417404469,470.4893798828125,23.492889404296875,0.2167701508151898,339.66204833984375,302.0765075683594,False,200,0.8
742,25.733576011512937,0.8594791125525385,1491.66748046875,64.55291748046875,0.23309636408124082,939.4151611328125,747.8617553710938,False,200,0.8
743,21.498171953568086,0.8684107653495843,1791.1204833984375,35.63253402709961,0.1644535105227537,580.9525146484375,503.2176818847656,False,200,0.8
744,23.04919189719756,0.7601831814414034,253.60678100585938,13.00373363494873,0.1281210651525185,244.77781677246094,232.98048400878906,False,200,0.8
745,24.39674133875735,0.7287691956722001,2816.86181640625,25.76988410949707,0.4579094469284862,423.3498840332031,899.6749877929688,False,200,0.8
746,20.822816343822996,0.7396480374995011,1221.0206298828125,17.755334854125977,0.2206575185952707,303.48095703125,384.50732421875,False,200,0.8
747,24.374392119549317,0.7805174491914869,1079.4991455078125,35.0338134765625,0.2916385929928334,544.8854370117188,544.0093383789062,False,200,0.8
748,21.24679694169756,0.6171077395157331,5724.587890625,35.79252624511719,0.21368771947457854,693.4862670898438,906.5656127929688,False,200,0.8
749,19.254177737989668,0.6702382842114727,4551.541015625,21.490524291992188,0.2382422975351556,482.6217041015625,624.61376953125,False,200,0.8
750,25.11702579627599,0.7770515068011017,37.59360885620117,7.04473876953125,0.09550499193612343,173.9346923828125,117.78114318847656,False,200,0.8
751,25.793554046299974,0.7714494042364272,2322.2099609375,102.05543518066406,0.08180082958727142,1607.862548828125,939.8922729492188,False,200,0.8
752,21.030365234445743,0.7335526035931365,3069.55224609375,48.55641555786133,0.11902070662971567,856.2200317382812,628.080322265625,False,200,0.8
753,21.116205216358978,0.6486421779827896,865.7572021484375,16.4708194732666,0.2250500813668573,242.08346557617188,335.5707092285156,False,200,0.8
754,20.264581910285322,0.6888632006926767,184.0164031982422,6.7422380447387695,0.229262389823512,109.08311462402344,140.13279724121094,False,200,0.8
755,28.56751082974703,0.886737658285658,876.7860717773438,46.17567443847656,0.25041911582593307,807.0724487304688,794.2311401367188,False,200,0.8
756,24.02361799006833,0.7790526205359528,1522.73095703125,50.00147247314453,0.11877410244658618,741.2423095703125,620.4526977539062,False,200,0.8
757,25.065725770043805,0.767155806500173,857.8136596679688,36.023231506347656,0.07793751151594752,904.3218994140625,533.9276123046875,False,200,0.8
758,23.825559523293585,0.7331308353562782,3304.94384765625,77.37503051757812,0.1411849502252095,1156.1229248046875,893.9987182617188,False,200,0.8
759,26.372239816990625,0.8761063186641673,1349.5870361328125,40.94049072265625,0.22158207711141462,765.6348266601562,788.80859375,False,200,0.8
760,20.050524700913996,0.7579396784905887,229.6388397216797,8.549786567687988,0.2549398119833242,134.82379150390625,152.52320861816406,False,200,0.8
761,24.03867484487951,0.7695801057421954,358.4344787597656,12.889888763427734,0.22537359463084483,225.09487915039062,312.41033935546875,False,200,0.8
762,16.807894612905873,0.4902564275275775,1282.5697021484375,16.518096923828125,0.22160196267501808,239.09031677246094,249.2406463623047,False,200,0.8
763,22.734343264321964,0.7351114534243958,2939.92578125,51.80503845214844,0.2543234630108568,748.4652709960938,744.2023315429688,False,200,0.8
764,32.02221697802904,0.8866885030878586,0.7467106580734253,2.1917707920074463,0.23821847985121464,36.42573928833008,34.4989013671875,False,200,0.8
765,25.63545831507032,0.808698542960088,866.3679809570312,28.836103439331055,0.1947576634328034,584.28125,570.31982421875,False,200,0.8
766,23.81378672126395,0.7472759540838774,2316.80712890625,35.966392517089844,0.24534217426010133,593.1986083984375,762.6962280273438,False,200,0.8
767,20.55123785866075,0.6514555712479824,6494.4384765625,39.072750091552734,0.2503974040185358,608.0800170898438,876.8888549804688,False,200,0.8
768,19.931908834923174,0.7113506728302016,1189.70751953125,26.693923950195312,0.2180505514092939,351.9064636230469,342.7396545410156,False,200,0.8
769,22.89595332754441,0.6605801265927029,2934.2744140625,27.963489532470703,0.38588714124817025,423.8880615234375,821.43603515625,False,200,0.8
770,23.167140636008355,0.7461039582329726,58.96570587158203,5.425758361816406,0.2691131195305506,89.65789794921875,111.52110290527344,False,200,0.8
771,24.268444627000484,0.7682931928310814,2680.004638671875,47.323177337646484,0.186309112242295,763.74169921875,846.6058349609375,False,200,0.8
772,26.713055177750515,0.8755434102006833,35.11503219604492,10.961480140686035,0.13738165211222866,211.7476806640625,128.36117553710938,False,200,0.8
773,22.764628856433163,0.7369863753532847,827.0933837890625,32.16865539550781,0.1909605312201763,432.8735656738281,397.8900146484375,False,200,0.8
774,19.225934805428032,0.6987557239024117,7582.94287109375,55.6247673034668,0.19175775269590598,912.8255004882812,797.498046875,False,200,0.8
775,20.128858420777284,0.6624375501068533,169.11659240722656,5.882805347442627,0.31866732806553383,92.41265106201172,150.76751708984375,False,200,0.8
776,24.25612770266199,0.7927303719560167,198.25820922851562,10.298815727233887,0.20682450981677886,195.4698486328125,230.0221405029297,False,200,0.8
777,23.89986142238119,0.8175378623231092,2122.149658203125,65.69026184082031,0.18371503336143627,1112.56298828125,722.5303344726562,False,200,0.8
778,20.273838913753295,0.6838090896211306,4867.02685546875,47.66954040527344,0.30879579923820727,739.03076171875,720.3165283203125,False,200,0.8
779,23.286718229673575,0.7914284559454403,1927.643798828125,41.10921096801758,0.28196041963721447,640.887939453125,641.5064697265625,False,200,0.8
780,22.49551012276825,0.6777466394065353,2657.6025390625,22.37148094177246,0.21670550472201672,493.8924865722656,694.2545166015625,False,200,0.8
781,18.837418466197477,0.7628373158310833,3855.925537109375,31.0028076171875,0.2358243959309159,533.00634765625,543.1817016601562,False,200,0.8
782,19.176378719453997,0.530092260364193,763.9205322265625,10.581733703613281,0.3396476031930451,163.66671752929688,252.54725646972656,False,200,0.8
783,19.475796468208507,0.695533864005504,1311.1788330078125,18.00193977355957,0.24555436687762552,333.98431396484375,346.3503112792969,False,200,0.8
784,16.141972527936943,0.5947995959488874,808.3569946289062,9.337169647216797,0.20910058856611605,170.49554443359375,182.41612243652344,False,200,0.8
785,20.634246064192038,0.6888090510810526,6517.513671875,51.784427642822266,0.1212593429907564,914.8994750976562,908.5421142578125,False,200,0.8
786,18.960015750643077,0.6482958672780699,4317.18798828125,43.0345573425293,0.23575196935819973,648.6556396484375,583.8084106445312,False,200,0.8
787,21.468886032490808,0.6697163802653711,1119.10498046875,30.006563186645508,0.13396987232693258,628.283203125,401.4505615234375,False,200,0.8
788,19.963109582042044,0.6610376474589869,2105.206298828125,31.689014434814453,0.19252251627106465,457.3820495605469,462.5437927246094,False,200,0.8
789,25.110674227452456,0.7893261481501773,2764.208740234375,48.85234451293945,0.23194050750116912,904.3308715820312,947.3360595703125,False,200,0.8
790,21.328820322682468,0.7131300000670886,156.762451171875,9.24138069152832,0.22877825344513006,157.6168975830078,154.19805908203125,False,200,0.8
791,22.442267775096138,0.7504528764712454,1960.3062744140625,36.59835433959961,0.1935359616367859,606.1893310546875,586.6436157226562,False,200,0.8
792,22.621154514356814,0.7522850088605821,1397.8685302734375,37.0902099609375,0.2529633302136401,463.7758483886719,506.3827819824219,False,200,0.8
793,15.068527385047394,0.5536198528323859,11579.7001953125,45.878196716308594,0.20702796959245023,779.8516845703125,611.8427734375,False,200,0.8
794,20.351869785154083,0.6764814615866641,3.343876600265503,0.7559113502502441,0.1489976571608269,13.4618558883667,19.092073440551758,False,200,0.8
795,20.48014039878192,0.7895777458234924,6810.74755859375,57.89519500732422,0.14008298596084065,1026.7041015625,872.2517700195312,False,200,0.8
796,25.652352647223736,0.7987618215826736,2093.02197265625,58.32786560058594,0.22291294475112713,1029.84814453125,932.1861572265625,False,200,0.8
797,25.360612782185473,0.8629936794526932,927.6950073242188,34.392730712890625,0.16507456215432006,555.4971923828125,565.5680541992188,False,200,0.8
798,24.240685155959074,0.7699516265498334,1824.3089599609375,38.32954788208008,0.1910220435431364,598.0650024414062,696.9541625976562,False,200,0.8
799,30.645629305764782,0.8784998383399933,534.2274169921875,34.246456146240234,0.16907547937501574,913.7066040039062,922.576904296875,False,200,0.8
800,17.842713444961756,0.6130239465060124,7647.0517578125,66.47474670410156,0.12685328038082466,1027.478271484375,707.5313720703125,False,200,0.8
801,21.823626635770953,0.7375218386062211,154.3948211669922,7.518121719360352,0.3141121117586119,130.05630493164062,153.38650512695312,False,200,0.8
802,18.03856908580525,0.6381763022889233,5143.27197265625,34.188358306884766,0.2976300970720252,463.145751953125,576.7120971679688,False,200,0.8
803,19.097436005929186,0.673109103801512,4532.50830078125,38.87895202636719,0.19376560259586662,590.2750854492188,607.1083374023438,False,200,0.8
804,20.390184679337583,0.6746474248743817,1630.4415283203125,34.46318054199219,0.17026247171180298,562.4373779296875,424.70654296875,False,200,0.8
805,27.211728383642885,0.9022853416770358,1030.2908935546875,49.9837646484375,0.1631923420072757,769.4135131835938,736.707763671875,False,200,0.8
806,19.188058895438544,0.6826456138074978,10516.3349609375,71.72904968261719,0.2094585160445709,938.966064453125,934.4326782226562,False,200,0.8
807,17.39828366672317,0.5718422580712258,15515.8603515625,67.58251190185547,0.22976201430836518,977.0238647460938,925.6429443359375,False,200,0.8
808,27.354857362994217,0.8432817766238657,374.292236328125,24.432842254638672,0.2942701728094514,425.5644836425781,451.3885192871094,False,200,0.8
809,20.241700383838,0.74101491583455,120.57543182373047,11.82702350616455,0.16012747757643062,173.51217651367188,114.12480926513672,False,200,0.8
810,20.686886755610324,0.74930844597548,8257.8916015625,70.78719329833984,0.20301932189889904,931.5096435546875,984.8563842773438,False,200,0.8
811,25.99695634154137,0.8212095510184052,1768.5880126953125,49.038116455078125,0.22281205496972756,800.5604858398438,839.0592041015625,False,200,0.8
812,20.59416344105395,0.7896593105947427,137.3358612060547,8.271864891052246,0.14933641172422377,142.47824096679688,125.53801727294922,False,200,0.8
813,23.033075032097415,0.8122594704064834,4138.87060546875,75.28211975097656,0.1557527051393851,1012.635009765625,920.9210205078125,False,200,0.8
814,18.1292734483226,0.5939974057142682,11014.3134765625,40.1737174987793,0.2740457798467566,678.0311279296875,870.0264892578125,False,200,0.8
815,22.271221823625762,0.8011972436849916,1597.8277587890625,29.633939743041992,0.21565355883356718,474.81964111328125,519.3192138671875,False,200,0.8
816,16.585187202361972,0.565868245968293,7600.63330078125,29.2286434173584,0.17984419039226043,539.385498046875,591.6841430664062,False,200,0.8
817,28.204520689759974,0.8915819214662716,241.34539794921875,29.720762252807617,0.138974133228945,474.8488464355469,399.60369873046875,False,200,0.8
818,17.67116948060482,0.6072805927558009,53.03742980957031,3.025599956512451,0.20827737701420831,52.21466064453125,55.706878662109375,False,200,0.8
819,19.940714152368002,0.6430200836585183,1142.7874755859375,16.069984436035156,0.2449865052423666,246.9774627685547,335.8620300292969,False,200,0.8
820,20.916584012133242,0.79819703338847,5214.9599609375,54.380924224853516,0.223274434799802,817.4113159179688,803.0505981445312,False,200,0.8
821,24.734434972974487,0.7953355455379073,0.09299521893262863,0.2615824043750763,0.23084300415610964,4.756543159484863,5.6273908615112305,False,200,0.8
822,20.679102582540875,0.6820995114565662,942.4498291015625,26.49379539489746,0.19115727686545583,348.672607421875,334.1656799316406,False,200,0.8
823,17.042016517735036,0.7154542329368603,3138.84326171875,34.21140670776367,0.18446496058002668,566.8516235351562,398.7705383300781,False,200,0.8
824,23.448458708414343,0.744237899300676,1307.025390625,38.18995666503906,0.1509013040778705,570.934814453125,537.8582153320312,False,200,0.8
825,20.87782751740113,0.6920589581753658,6867.298828125,55.307579040527344,0.2528833254182597,763.414306640625,919.935791015625,False,200,0.8
826,23.141908586989533,0.7732836814427912,581.8307495117188,26.262205123901367,0.19978340407305778,371.642333984375,346.9996337890625,False,200,0.8
827,24.92722340014066,0.7813722507240514,382.8038024902344,21.931638717651367,0.07356656418124835,747.7721557617188,347.60626220703125,False,200,0.8
828,20.888318011704705,0.7044173960041873,4352.25,47.02360153198242,0.1957411530360052,889.0199584960938,737.7637329101562,False,200,0.8
829,20.89359187313089,0.631977744180045,1363.358154296875,19.205930709838867,0.17191954129408737,503.65130615234375,452.7657165527344,False,200,0.8
830,15.950246728697524,0.5493279006465627,1288.6298828125,18.552812576293945,0.13074034643050747,247.4771728515625,225.38021850585938,False,200,0.8
831,17.390252800221695,0.5838935864407865,3736.857666015625,38.27234649658203,0.13484198968511799,673.281982421875,452.9870910644531,False,200,0.8
832,20.56361764640443,0.6972095254144953,175.88226318359375,12.131288528442383,0.16010648179179054,150.4781036376953,141.71615600585938,False,200,0.8
833,26.19911421446526,0.8471757258199418,66.56696319580078,9.426460266113281,0.2058065694341074,245.89810180664062,177.21060180664062,False,200,0.8
834,19.104961874094702,0.6029107372306189,3014.0966796875,36.894439697265625,0.2039206035977654,534.6845092773438,498.8694152832031,False,200,0.8
835,22.875657876553458,0.739360077009643,897.701904296875,14.537161827087402,0.29819062803824203,341.6380615234375,419.50653076171875,False,200,0.8
836,23.139386030313737,0.7243113491239201,3969.34716796875,36.38893127441406,0.1843570340511377,844.47607421875,914.9310302734375,False,200,0.8
837,17.764801411688204,0.6202373987322246,2176.195556640625,18.542999267578125,0.21748584864507858,320.7651062011719,363.031494140625,False,200,0.8
838,17.942564470734133,0.6307294774490602,5410.568359375,54.27433776855469,0.09305795679667338,1097.8531494140625,581.0077514648438,False,200,0.8
839,24.76960452195435,0.792672837307817,1204.79296875,28.512285232543945,0.25512691765235024,527.61376953125,632.6320190429688,False,200,0.8
840,24.786938637418206,0.7999591515088353,0.6571512818336487,0.8721605539321899,0.16122657242485824,13.839885711669922,14.081361770629883,False,200,0.8
841,18.48132858119296,0.5736673502791233,6184.97802734375,44.43280029296875,0.2476523694816361,542.3052368164062,663.8738403320312,False,200,0.8
842,17.36523422751378,0.6403371395051967,577.2688598632812,12.52587604522705,0.14504878888184958,234.00994873046875,178.85792541503906,False,200,0.8
843,26.913308217460884,0.8304228830844226,1879.2301025390625,63.09097671508789,0.17561509042841286,1054.5572509765625,961.1092529296875,False,200,0.8
844,26.050309288670924,0.8391315986039991,55.344688415527344,6.506184101104736,0.18760374771650754,151.8282928466797,149.51406860351562,False,200,0.8
845,23.300392155284268,0.7443322843428215,805.383544921875,19.94890594482422,0.2694538475968874,344.3886413574219,415.2095031738281,False,200,0.8
846,29.064386745902443,0.9132320318732438,9.223064422607422,5.522265434265137,0.15893401685274405,92.68046569824219,86.26432037353516,False,200,0.8
847,21.569319229383236,0.6986077594873512,6666.7294921875,35.414615631103516,0.4388980109206628,579.3628540039062,996.8773803710938,False,200,0.8
848,22.4174068358911,0.7516408998949763,1446.3287353515625,21.448572158813477,0.1548198279298006,413.92620849609375,502.69281005859375,False,200,0.8
849,20.279184688806552,0.7086335559625264,3261.24169921875,51.46993637084961,0.2179211276391352,694.3173828125,595.7896118164062,False,200,0.8
850,16.31292163612655,0.5037450748499962,104.88644409179688,4.363765716552734,0.15849955040255348,76.871337890625,68.0093994140625,False,200,0.8
851,21.268784876586082,0.7183406825758968,4195.4453125,44.3690185546875,0.24920437580666868,760.5573120117188,750.2105102539062,False,200,0.8
852,16.847324934907245,0.598581910642874,412.4862976074219,16.27376937866211,0.07924840247166293,342.2731628417969,210.69569396972656,False,200,0.8
853,22.58830734678569,0.7163224744974467,4364.57275390625,64.00769805908203,0.1669500369110714,873.748046875,898.15625,False,200,0.8
854,20.250076826437137,0.687481002757388,399.6349182128906,11.6448974609375,0.26755003403473626,179.66819763183594,205.9344940185547,False,200,0.8
855,19.859641875169444,0.7473959631672931,377.28924560546875,12.004002571105957,0.16255429874655883,239.27415466308594,191.49703979492188,False,200,0.8
856,23.446482286957952,0.8088157327539156,6.349432945251465,2.682875394821167,0.15607323393998515,44.00193405151367,37.513118743896484,False,200,0.8
857,18.317034832356402,0.5439040326316381,3266.6494140625,23.9554386138916,0.27953918429642277,425.1805419921875,472.5948791503906,False,200,0.8
858,23.396379429198134,0.7439379397410815,1459.8465576171875,38.77074432373047,0.22772314546278416,589.43408203125,565.2763061523438,False,200,0.8
859,15.60846639584653,0.5604108522935523,121.72412109375,3.5822360515594482,0.2501596233865438,52.3010139465332,66.64292907714844,False,200,0.8
860,14.868606355180368,0.5700295899345361,19575.353515625,36.42776870727539,0.21870470926186011,710.5800170898438,775.7520751953125,False,200,0.8
861,20.287657240562456,0.6879676020445136,1807.0244140625,22.99759864807129,0.2614079545583753,383.8092956542969,453.8355407714844,False,200,0.8
862,25.576021212611295,0.7275027080155021,738.1770629882812,16.428524017333984,0.29990226345573007,328.47991943359375,524.8659057617188,False,200,0.8
863,21.025943600989393,0.7151815508939826,1510.6776123046875,31.865554809570312,0.17904221807552276,472.7570495605469,441.3219909667969,False,200,0.8
864,22.40865409509357,0.7484229037380667,904.1925048828125,21.151094436645508,0.1967229004258698,338.232421875,401.3623046875,False,200,0.8
865,30.10443960029651,0.8543238969273689,305.9807434082031,46.97389602661133,0.20430317186420266,649.4537963867188,560.0806884765625,False,200,0.8
866,25.337424375548053,0.87751245637827,71.25016021728516,6.647366523742676,0.1810755177719796,143.68881225585938,156.0850067138672,False,200,0.8
867,23.02978502727122,0.7859033174784922,166.02774047851562,8.520040512084961,0.23169958329881024,168.69207763671875,182.74620056152344,False,200,0.8
868,17.433010809653872,0.5946674137972141,13101.0908203125,47.638771057128906,0.1740754905195129,819.0361938476562,861.923828125,False,200,0.8
869,29.451188609422843,0.8732027704409402,1014.33837890625,75.4152603149414,0.16344641167277296,1123.022705078125,946.1693725585938,False,200,0.8
870,22.261239853468638,0.7452944388735167,830.440673828125,23.69318389892578,0.2073396887101749,357.56829833984375,373.9360046386719,False,200,0.8
871,21.58090214224393,0.6981139000148522,509.6345520019531,22.577102661132812,0.09822040723961106,544.5538940429688,271.47393798828125,False,200,0.8
872,19.066024445460926,0.7478672771508093,5136.1611328125,54.44865417480469,0.16683593563331867,767.6166381835938,644.3555297851562,False,200,0.8
873,18.02758298514084,0.6428363436329309,2631.3876953125,26.403385162353516,0.22232687498252518,410.397705078125,409.325439453125,False,200,0.8
874,26.673946864138788,0.8057703566430516,1.3855910301208496,0.8848924040794373,0.18684490733571696,29.746244430541992,26.36096954345703,False,200,0.8
875,20.290854891027195,0.7370746899365396,229.81578063964844,10.766718864440918,0.19604108818711213,145.603271484375,156.99644470214844,False,200,0.8
876,23.137698674959154,0.8352672495777775,2475.756103515625,60.73304748535156,0.22600383227438423,892.8141479492188,716.2562866210938,False,200,0.8
877,22.701176002355705,0.8222316131854749,2332.439208984375,36.00108337402344,0.2700472006063366,600.6713256835938,659.2650146484375,False,200,0.8
878,17.301027110164668,0.5601595449498981,13.49094295501709,1.1926532983779907,0.2518375625418393,22.238149642944336,28.068897247314453,False,200,0.8
879,20.679506607999976,0.6881674299630599,424.12689208984375,13.225302696228027,0.23604706859791896,208.30569458007812,222.75018310546875,False,200,0.8
880,19.189887108155087,0.6247086346589148,622.0508422851562,19.2094669342041,0.06319467197688357,426.8684997558594,231.84371948242188,False,200,0.8
881,25.30912935178908,0.7702634156185961,1115.475341796875,27.666156768798828,0.2528001406385823,456.6399230957031,672.2208251953125,False,200,0.8
882,21.935365415691123,0.7158211111015239,2.5012080669403076,0.798531711101532,0.29483129964561483,15.490052223205566,20.690826416015625,False,200,0.8
883,21.211891956091897,0.8366777953993091,83.08851623535156,8.500956535339355,0.1097937794847065,133.40252685546875,105.00447082519531,False,200,0.8
884,25.790126410816725,0.8882152297609976,1684.5965576171875,68.40193939208984,0.18823263359349302,922.566650390625,800.1161499023438,False,200,0.8
885,21.420024498223874,0.8108140558342016,223.50946044921875,6.786155700683594,0.24465386805137432,125.28145599365234,179.36611938476562,False,200,0.8
886,21.73827141946793,0.6813692914849913,2847.11669921875,42.554481506347656,0.1376899501238077,630.8956909179688,653.0933837890625,False,200,0.8
887,20.229953326699466,0.7110586665642279,541.1239624023438,18.967233657836914,0.12325566610419099,270.01312255859375,238.94459533691406,False,200,0.8
888,24.196736442999892,0.8702292114369363,38.26821517944336,7.205338478088379,0.20067522332488283,113.56128692626953,100.34194946289062,False,200,0.8
889,24.94281966760372,0.8121366976483015,187.79969787597656,8.952643394470215,0.3062038664869126,137.58489990234375,243.92901611328125,False,200,0.8
890,21.716174829837662,0.76133970949209,3506.047119140625,39.490875244140625,0.1616188151047091,622.6764526367188,722.544677734375,False,200,0.8
891,23.88812280070072,0.7942082891361757,2987.533447265625,51.53093719482422,0.1740792941885242,852.0223999023438,855.8407592773438,False,200,0.8
892,18.450447541120408,0.6124065753344323,9749.0419921875,67.54893493652344,0.17833496186323267,950.0221557617188,830.3896484375,False,200,0.8
893,15.936964427282284,0.6112249931695534,4021.360107421875,27.305343627929688,0.22200220718699523,424.0574645996094,397.7863464355469,False,200,0.8
894,25.287362895586384,0.8395214246621887,1321.2271728515625,41.97224044799805,0.22200919848693987,654.8291625976562,668.4170532226562,False,200,0.8
895,33.65616253997602,0.9352086326347662,18.229726791381836,10.065906524658203,0.2250593109246892,203.91043090820312,205.77931213378906,False,200,0.8
896,21.556046401908606,0.7257391680028711,565.9498291015625,21.83843994140625,0.1411946574429899,399.55694580078125,293.8545837402344,False,200,0.8
897,21.775042857832645,0.7055624650171487,3956.383544921875,30.347761154174805,0.25732074669484456,614.1223754882812,896.439453125,False,200,0.8
898,27.136824494030915,0.8149702153766915,0.3776901960372925,0.9418123364448547,0.11371263293034574,15.353682518005371,13.988921165466309,False,200,0.8
899,21.71825910799015,0.7643826378053953,50.262855529785156,6.534186840057373,0.16853023827818586,98.92449188232422,86.42301940917969,False,200,0.8
900,25.50552711925849,0.7973806674410066,122.29263305664062,15.390055656433105,0.1758163104227955,237.49937438964844,208.67837524414062,False,200,0.8
901,18.138159183677693,0.6895727962939561,11.591248512268066,1.8602138757705688,0.2619695638143901,27.14226531982422,27.505672454833984,False,200,0.8
902,19.773000552324667,0.5996314262516192,328.4971008300781,8.629316329956055,0.2996372783215079,186.28955078125,182.25399780273438,False,200,0.8
903,21.75221494427007,0.674452805070899,2057.8134765625,27.331960678100586,0.23623338920388473,570.7992553710938,583.45849609375,False,200,0.8
904,24.180719533617598,0.7887674527746406,677.0819091796875,17.32635498046875,0.2524337420823296,312.4684143066406,422.00311279296875,False,200,0.8
905,21.039224176060856,0.7768650715248296,6246.87255859375,44.83289337158203,0.25849593269293314,761.928955078125,892.779052734375,False,200,0.8
906,21.826553994647725,0.7099325710723645,4383.1689453125,57.12965774536133,0.17454872143991818,809.6671752929688,817.6260986328125,False,200,0.8
907,20.587102253476793,0.7699494736029258,1021.5702514648438,18.205814361572266,0.1829352321606664,350.3352966308594,342.47552490234375,False,200,0.8
908,25.36852669078325,0.7914403394132303,196.54002380371094,13.422666549682617,0.17652443208553353,233.48388671875,260.16400146484375,False,200,0.8
909,23.137776435805808,0.788396146258814,700.6593017578125,23.445192337036133,0.172741390894542,343.9273681640625,380.3127136230469,False,200,0.8
910,28.99311568561327,0.8793298499812483,439.1075744628906,49.409976959228516,0.1682799325489732,792.0966796875,590.7046508789062,False,200,0.8
911,21.959323918064545,0.6563458622792042,382.97467041015625,13.954655647277832,0.30149964909153293,210.56968688964844,268.7955627441406,False,200,0.8
912,21.019759897131017,0.6200588620434427,2398.34619140625,25.34992218017578,0.27745541695161835,504.78564453125,624.5247802734375,False,200,0.8
913,24.131208884075942,0.7980432506658105,471.0980224609375,22.80543327331543,0.1873558510128067,411.9981384277344,410.0022277832031,False,200,0.8
914,30.936290212901298,0.8860022574788108,245.85768127441406,40.556549072265625,0.17902135766665783,605.3485717773438,552.4951171875,False,200,0.8
915,21.50847163810615,0.6885931495418453,1346.6468505859375,19.153711318969727,0.2979707349129533,312.626708984375,436.6903991699219,False,200,0.8
916,19.236459997203774,0.7179161913254885,1036.8536376953125,12.625259399414062,0.31505975247693463,182.6790771484375,295.1712951660156,False,200,0.8
917,22.506104178504764,0.7522050193684852,5047.41162109375,47.08710861206055,0.21172154220203737,846.9224243164062,948.5048828125,False,200,0.8
918,16.5849033916921,0.5552056126686719,12528.208984375,38.725929260253906,0.2729265353115996,538.07373046875,763.8421630859375,False,200,0.8
919,19.282251959201513,0.702565178304062,233.59898376464844,10.06747055053711,0.12433267728534689,152.19683837890625,140.9730682373047,False,200,0.8
920,27.59343836842391,0.8702200386761875,1264.9571533203125,66.21833801269531,0.1313100465618027,1081.339599609375,868.5994873046875,False,200,0.8
921,29.430146261823023,0.8600891891345996,201.0480499267578,14.570091247558594,0.34235704616500656,367.1740417480469,487.9437561035156,False,200,0.8
922,21.139149427122316,0.7195298063042529,6154.14306640625,51.290924072265625,0.13276863456008525,788.2490844726562,894.6576538085938,False,200,0.8
923,22.00022710154692,0.7665831775083469,4001.8759765625,56.56691360473633,0.15358397624717104,835.714599609375,800.055419921875,False,200,0.8
924,33.86378323264759,0.9257596808613515,74.34562683105469,34.83174514770508,0.15347810213320268,582.6944580078125,425.7882995605469,False,200,0.8
925,23.82155508001343,0.8312576503357254,2.2797765731811523,2.0432076454162598,0.12042941336820454,30.625917434692383,23.44683837890625,False,200,0.8
926,24.75072080712653,0.7915811053834283,242.45938110351562,19.100252151489258,0.2013480711657477,299.42547607421875,269.40869140625,False,200,0.8
927,25.079708978770622,0.8510568961933624,911.60107421875,45.224273681640625,0.15607780082195113,711.0944213867188,542.0925903320312,False,200,0.8
928,19.234238734212,0.631069531146976,4747.60595703125,45.62580871582031,0.18848059788896884,584.9111328125,633.8447265625,False,200,0.8
929,31.39203747695019,0.864235597640522,48.538291931152344,21.140779495239258,0.22725499859838819,310.1592712402344,258.6297912597656,False,200,0.8
930,16.98111542202605,0.6140193139865523,392.102783203125,8.691056251525879,0.1575120207030231,163.8097686767578,140.2167205810547,False,200,0.8
931,23.35995419533653,0.8417047821792656,3177.862060546875,60.349220275878906,0.1555010728868137,842.3228149414062,835.0953369140625,False,200,0.8
932,19.677522805176388,0.754069401311092,10403.23828125,64.27220916748047,0.18143196373043605,1008.4401245117188,984.4177856445312,False,200,0.8
933,25.498044262209202,0.7609914309083707,725.5375366210938,13.402145385742188,0.4410498543830559,205.26760864257812,526.1644897460938,False,200,0.8
934,22.056024271108857,0.7011615829265433,171.90557861328125,9.946332931518555,0.17284572191939807,206.28402709960938,172.5076141357422,False,200,0.8
935,12.838391948024647,0.44668333998951215,3851.23095703125,21.042701721191406,0.16487012344974084,290.74945068359375,273.0350341796875,False,200,0.8
936,23.254653905672935,0.7446792372030088,1.7434806823730469,1.1554603576660156,0.23529138736241484,18.132511138916016,19.372285842895508,False,200,0.8
937,23.40321491458009,0.7764321413675421,3754.368408203125,62.10185623168945,0.14775397275635668,1109.884765625,914.384521484375,False,200,0.8
938,17.66382890920967,0.6830927107876839,240.89620971679688,8.794041633605957,0.1916971466669271,127.32970428466797,118.63333129882812,False,200,0.8
939,23.474395687999902,0.7396527514146627,1473.765380859375,37.01632308959961,0.2010965157626952,542.8237915039062,576.93994140625,False,200,0.8
940,16.667732817872192,0.5173591992880021,1609.4744873046875,13.738470077514648,0.24566952644512638,224.26821899414062,274.7811584472656,False,200,0.8
941,18.971678554668337,0.5182705353642592,3096.732421875,26.80027961730957,0.2744756019400749,406.35260009765625,554.6238403320312,False,200,0.8
942,21.40232807710129,0.6786138341548037,2986.803466796875,35.85152816772461,0.1450693767565358,625.0633544921875,651.7689819335938,False,200,0.8
943,23.26537324043585,0.8024129502072073,3069.03125,66.4922103881836,0.13713870349721,1310.9466552734375,829.9120483398438,False,200,0.8
944,19.627517461775984,0.7174115592708546,443.1632385253906,10.863999366760254,0.25350111132294206,193.28819274902344,207.21484375,False,200,0.8
945,19.37992065462552,0.638730854921344,1.6414681673049927,0.3878706991672516,0.41615874557972155,5.930018901824951,11.984832763671875,False,200,0.8
946,24.499557022221346,0.8195151791647625,66.51557159423828,10.247429847717285,0.07128330911319382,328.7151794433594,137.74874877929688,False,200,0.8
947,17.182259166196626,0.4620092950255425,14492.2451171875,52.23884201049805,0.26829836733147905,728.36865234375,900.11865234375,False,200,0.8
948,19.527864642461783,0.6819134164669803,8475.5068359375,35.68904495239258,0.2956728365888152,680.0740966796875,874.0161743164062,False,200,0.8
949,19.442538595381144,0.7146107023290074,4054.714599609375,30.0550537109375,0.17407834922880178,588.9011840820312,597.815673828125,False,200,0.8
950,19.078516145668146,0.6392523882234012,4415.7705078125,35.18350601196289,0.2637860242059082,485.0379333496094,600.9163208007812,False,200,0.8
951,23.22683664810931,0.7434212691907486,2103.6083984375,39.11295700073242,0.2187771292197693,605.9679565429688,665.3716430664062,False,200,0.8
952,22.21313822247358,0.6850261569607732,158.38583374023438,10.488052368164062,0.1866538419527978,180.90843200683594,176.19590759277344,False,200,0.8
953,22.1644791321653,0.7650426429226875,4935.9609375,57.35436248779297,0.16593004710749942,1009.5888061523438,914.49755859375,False,200,0.8
954,15.00353933907382,0.5562802381452266,5494.912109375,35.63933181762695,0.13192805751444084,822.2883911132812,419.35174560546875,False,200,0.8
955,24.09328462905815,0.7460537950245911,566.5909423828125,14.959046363830566,0.27604019366034516,303.21490478515625,383.7554016113281,False,200,0.8
956,20.6846686475078,0.7177071384020846,2300.86474609375,34.35322952270508,0.14999486334264653,507.075927734375,519.3988037109375,False,200,0.8
957,24.393671706136182,0.7876323832443942,8.34890079498291,3.404528856277466,0.18386248267337443,49.72401428222656,47.919002532958984,False,200,0.8
958,20.65056671158194,0.675129040221904,230.0178680419922,11.046697616577148,0.17337106876392877,183.9255828857422,167.11708068847656,False,200,0.8
959,20.283985981772865,0.712134501519545,5073.90771484375,41.09601593017578,0.17497946706093398,653.3661499023438,738.2955932617188,False,200,0.8
960,22.576919396011267,0.6959562014621515,29.664825439453125,4.0057854652404785,0.21399664072475225,62.740325927734375,83.71586608886719,False,200,0.8
961,23.996084164836088,0.7620966420811823,1422.5487060546875,36.848724365234375,0.13409374888281206,805.83447265625,603.5489501953125,False,200,0.8
962,19.505313344990284,0.7475061520207456,677.9193725585938,15.44849967956543,0.20547871592608716,270.2503967285156,246.103759765625,False,200,0.8
963,16.86127889256687,0.5303650407844848,3054.57080078125,27.815319061279297,0.13683989839989263,511.180908203125,389.90631103515625,False,200,0.8
964,16.423598966933717,0.5023929652323053,830.4400634765625,8.727378845214844,0.2963223920325107,149.0232696533203,289.405029296875,False,200,0.8
965,22.485296216829166,0.7355021833844859,705.91162109375,15.844622611999512,0.3124095608795054,251.49661254882812,356.3170471191406,False,200,0.8
966,21.322034297309287,0.7126969494155879,3812.019287109375,41.58609390258789,0.251130965323023,634.9793701171875,719.3268432617188,False,200,0.8
967,15.34285706971269,0.56094799068864,2551.337646484375,17.40787124633789,0.18872990765342268,322.7646789550781,297.8245849609375,False,200,0.8
968,22.046957354988518,0.729403291008767,2004.3975830078125,34.56182861328125,0.278080169868973,494.981689453125,566.8382568359375,False,200,0.8
969,21.388509335361483,0.6878033954438958,1644.5771484375,42.556236267089844,0.16006337682277552,542.5447998046875,476.5743408203125,False,200,0.8
970,21.373918785130503,0.8400896963002271,3211.885009765625,53.15414810180664,0.18467797898348784,902.3259887695312,664.0075073242188,False,200,0.8
971,23.616859874978115,0.7872318831917333,3812.288330078125,64.3453140258789,0.14096077816232144,956.41748046875,936.8928833007812,False,200,0.8
972,20.92804809868532,0.7262770820809455,4332.49951171875,31.371231079101562,0.21278405150662108,540.396240234375,732.8395385742188,False,200,0.8
973,25.083024262369236,0.7986896182517343,140.959716796875,6.995128631591797,0.2821648556818093,180.55120849609375,215.72543334960938,False,200,0.8
974,24.433012112427388,0.7771764507624623,3.7220451831817627,1.991978645324707,0.3335257319132353,30.609668731689453,32.15195083618164,False,200,0.8
975,25.392583803993986,0.8091588286330714,199.64031982421875,16.542686462402344,0.20098039215686275,262.2216796875,263.00177001953125,False,200,0.8
976,18.99407149293058,0.64263462540541,4464.48828125,31.92647933959961,0.25233732293557004,568.5708618164062,595.4828491210938,False,200,0.8
977,29.523384633762262,0.8960195956718066,3.0601749420166016,2.8341867923736572,0.23862410371494827,52.45030212402344,52.374385833740234,False,200,0.8
978,22.546916106984604,0.7829248295823964,1371.025390625,32.79840087890625,0.15619244608932709,765.7376708984375,496.869873046875,False,200,0.8
979,26.090426721205272,0.8401839128408054,876.65771484375,41.621089935302734,0.223804782914587,647.2649536132812,597.2460327148438,False,200,0.8
980,18.65894031291161,0.5561257734873968,1435.8870849609375,23.178890228271484,0.17224456413984535,346.32110595703125,334.9096374511719,False,200,0.8
981,19.50566622486425,0.6533010826690886,6445.298828125,59.6527099609375,0.16568800257878796,958.2763061523438,771.1412963867188,False,200,0.8
982,22.02718065517169,0.7639507784422299,71.0219497680664,7.240208625793457,0.1269102676672533,121.108154296875,107.49165344238281,False,200,0.8
983,20.341563907039806,0.7355750561516642,53.465171813964844,3.8717567920684814,0.18418024451003137,62.555660247802734,76.0626449584961,False,200,0.8
984,22.249945171595904,0.7315192250467614,3143.34912109375,55.895469665527344,0.1582990833235664,781.6655883789062,728.4605712890625,False,200,0.8
985,19.230956839267662,0.62779441388785,2919.971923828125,27.49986457824707,0.22116523136557845,435.05889892578125,495.9958190917969,False,200,0.8
986,19.304785806538636,0.6284048296253774,5550.79248046875,21.846635818481445,0.33152222776871026,400.8617858886719,688.7139892578125,False,200,0.8
987,20.0073732782772,0.6591810440963953,1890.13232421875,16.255081176757812,0.29023546782919923,291.9175109863281,435.39251708984375,False,200,0.8
988,21.290504522995995,0.8277669475840115,433.2501220703125,8.978983879089355,0.23338771318893994,176.56057739257812,247.15562438964844,False,200,0.8
989,22.626800883200037,0.7887374590934563,3664.3779296875,35.06340026855469,0.1935210291705072,670.7891845703125,819.283203125,False,200,0.8
990,17.203381659132873,0.6879812081179113,12085.0166015625,57.41785430908203,0.1896650223889485,783.05322265625,799.616455078125,False,200,0.8
991,19.55911903045993,0.6307891925340456,4774.77587890625,47.94654083251953,0.3145736469723422,664.24560546875,695.0017700195312,False,200,0.8
992,19.10849537233142,0.5690385544671648,910.1788940429688,12.64846420288086,0.24177718487449035,248.97872924804688,272.87298583984375,False,200,0.8
993,21.197172896842204,0.7290824243816092,2646.6318359375,31.113183975219727,0.17431700601017425,529.6499633789062,590.6404418945312,False,200,0.8
994,21.836170318772986,0.8012698608161295,852.0272216796875,25.871068954467773,0.16862798941970986,401.6903076171875,361.6129150390625,False,200,0.8
995,24.99011460448473,0.7709414382817553,26.55684471130371,5.66861629486084,0.24115561549880957,88.7092056274414,92.49049377441406,False,200,0.8
996,19.907967013455632,0.6809884414065962,8471.3623046875,54.40083694458008,0.2531101309062385,904.3076782226562,917.396240234375,False,200,0.8
997,18.532281155656335,0.6608936410619985,265.16015625,10.227818489074707,0.30868063055224987,130.83575439453125,137.6818084716797,False,200,0.8
998,13.703311869826035,0.48357120619637123,38413.4140625,54.244571685791016,0.2690001197343366,873.2100219726562,950.287109375,False,200,0.8
999,20.516529116794942,0.6991549619900974,1765.808349609375,28.91651725769043,0.22690379173443062,464.04937744140625,446.55975341796875,False,200,0.8
