sample_idx,psnr,ssim,mse,post_std_mean,sigma_used,alpha,scaling
0,30.170704401156726,0.952270879334279,132.36117553710938,3.6146020889282227,0.07833843060579107,293.1055603027344,375.16558837890625
1,30.00874840689756,0.9361233404530952,901.0339965820312,13.941458702087402,0.07461337628169788,805.7515869140625,950.7636108398438
2,35.44518500838856,0.9888687591280854,142.66343688964844,2.9280896186828613,0.06221945437371786,513.6494140625,732.261962890625
3,31.413778578343244,0.9424962018865427,239.29278564453125,3.7777979373931885,0.10332703870223192,449.96875,599.059814453125
4,45.470953812512946,0.9977277307872063,0.6880137324333191,0.6915865540504456,0.06636186368011435,159.19613647460938,156.8626251220703
5,47.5085482014714,0.9961628933716854,0.4037542939186096,0.7063737511634827,0.08944116438277264,164.25115966796875,156.83853149414062
6,29.60339444453673,0.9695146758689845,3.1241512298583984,0.4381515681743622,0.12104825780245307,38.28617477416992,59.02552795410156
7,43.58962797859891,0.9965011788411037,32.50844192504883,3.4046168327331543,0.056772442210747266,916.1068725585938,866.3099975585938
8,30.79125118784644,0.9394088956393817,298.9934997558594,4.811952590942383,0.09081350348725709,468.3450927734375,601.513916015625
9,33.12515745581346,0.9877493118846133,240.93649291992188,5.766014575958252,0.03368621396330866,1262.005859375,708.364501953125
10,37.93645100097136,0.9931599446125444,0.0739065483212471,0.14447711408138275,0.09350471885931158,24.957141876220703,21.56390953063965
11,51.583737411627986,0.9987944759144011,6.5235161781311035,3.614511489868164,0.04271205102667961,977.592529296875,969.93994140625
12,33.59941992537834,0.9792861109147746,300.59063720703125,6.67275333404541,0.07031829058700839,719.4652709960938,832.6101684570312
13,44.640406569127876,0.9934375621801314,1.5557267665863037,1.1103631258010864,0.056731408193012395,211.73348999023438,213.12677001953125
14,51.8192512977658,0.9983806936887273,0.2191399186849594,0.6532639861106873,0.053574078895522494,185.72528076171875,182.6431427001953
15,45.563377601837985,0.9942944960974318,0.9410960078239441,0.7358755469322205,0.045922673603985144,218.66481018066406,184.22109985351562
16,47.358028886311246,0.9968672969269925,1.7029072046279907,1.043233871459961,0.050625289475546814,325.10028076171875,304.93798828125
17,52.57776266227387,0.9983670947413942,1.522183895111084,1.9045158624649048,0.05648024579237567,539.4652099609375,525.231689453125
18,48.19128725512198,0.9964983965374983,2.737849712371826,1.5617674589157104,0.05350138931983102,460.0086364746094,432.5130615234375
19,30.45829651980844,0.9487479571618286,74.13645935058594,2.9544997215270996,0.07941847070289466,203.9088134765625,291.9378967285156
20,30.24411144211046,0.9057082440812233,303.2017517089844,4.471719741821289,0.09505904587460652,331.9063720703125,612.2410278320312
21,43.41111279815926,0.9949112697836047,0.8971574902534485,0.7375555634498596,0.0381902389687039,130.69491577148438,140.3543701171875
22,50.50399284420589,0.9987548874197114,0.749133825302124,1.2035497426986694,0.05838054238945784,299.5552062988281,292.8525085449219
23,46.216053076867176,0.9955706755381742,3.2126705646514893,1.4122754335403442,0.042570773193237606,392.8675231933594,366.9954833984375
24,42.487304983407796,0.9966848935043848,11.71059799194336,2.4467945098876953,0.06714206707529644,438.3974609375,456.6139221191406
25,43.50153889872569,0.9939988197372425,27.409427642822266,2.6185991764068604,0.06919372477349293,696.9175415039062,785.3908081054688
26,41.29643041627709,0.9953745665072903,2.4837634563446045,0.9281393885612488,0.09138951215881967,166.49005126953125,200.47410583496094
27,46.85941692148529,0.9967676880159122,5.4535932540893555,2.3088278770446777,0.037655367801952264,496.5560302734375,514.72021484375
28,27.6782514639562,0.8575649404734775,523.3543090820312,4.467515468597412,0.0868284769260914,382.0525207519531,592.8221435546875
29,32.64764037589419,0.9684487860669047,1.219946265220642,0.45682159066200256,0.04209914313926748,73.40145111083984,47.403961181640625
30,39.848311480872106,0.9830413484259656,38.214176177978516,4.844914436340332,0.055803102130076054,555.3513793945312,607.9373168945312
31,33.058843782924605,0.9770812848188806,14.379868507385254,1.0654813051223755,0.06060592770556096,145.47409057617188,171.35360717773438
32,47.82742638136874,0.9981976808255425,0.07173065096139908,0.2644084692001343,0.0659041632328135,63.90502166748047,65.98654174804688
33,47.53057239719884,0.9978264803979912,15.886087417602539,4.057704448699951,0.04857572966321064,1045.8182373046875,948.9366455078125
34,51.83383147208897,0.9979199798329819,6.104162693023682,3.0170109272003174,0.04390168152465352,987.9710083007812,965.6663818359375
35,37.45534652061058,0.9899535282477506,117.31299591064453,6.685973644256592,0.06451980862277765,751.4532470703125,808.5889282226562
36,45.29812117809715,0.9977998033212065,2.6960039138793945,1.3796781301498413,0.06168948424041747,310.6717529296875,305.30914306640625
37,40.80778639962005,0.9913809752962538,0.8032960295677185,0.5864399075508118,0.05227697691116406,113.43059539794922,98.5744400024414
38,39.755002383987744,0.9926624248886502,49.04309844970703,2.9937245845794678,0.07127653731166407,624.218994140625,684.5487670898438
39,41.35997722016178,0.9965914308994055,14.109954833984375,2.480531930923462,0.05030312228519205,507.2922668457031,440.71234130859375
40,47.6281598527781,0.9974834608496527,0.2604507803916931,0.5268921256065369,0.03414146125825628,132.8929901123047,122.91619873046875
41,45.27800514000157,0.9973292557601466,7.246243476867676,2.7827930450439453,0.057209749406289215,540.5887451171875,495.6817321777344
42,45.80074761773162,0.9788628127368242,0.03264114633202553,0.15947869420051575,0.06088715195814956,35.7062873840332,35.35413360595703
43,38.378166785612734,0.9649920084881832,119.89784240722656,14.075556755065918,0.06795916877371032,847.7009887695312,909.4110717773438
44,34.28034482407428,0.9859190559854695,24.324974060058594,1.5914698839187622,0.05422597181578196,214.4042510986328,259.5212097167969
45,35.250369206051005,0.9794567997180026,127.5933609008789,3.2804813385009766,0.10497079516485466,566.853759765625,662.8597412109375
46,36.345872326143464,0.9860171066718205,21.94986915588379,1.5701719522476196,0.10443099414565706,259.7491149902344,312.39935302734375
47,33.4035576015014,0.9806761657521206,122.00154876708984,4.665672302246094,0.07922075379942484,419.3850402832031,520.5479736328125
48,35.627669389764655,0.9836453167093059,81.54704284667969,3.9041216373443604,0.07767683366088858,487.4690856933594,547.16357421875
49,41.03446464534553,0.9950864051917512,2.7071170806884766,1.0413910150527954,0.057983170937931754,203.9088592529297,185.6696014404297
50,40.238665713347494,0.994990817779604,79.50020599365234,4.2666425704956055,0.08050972925734068,898.9194946289062,969.6150512695312
51,44.34548586007055,0.9959130703757053,21.982351303100586,3.467195749282837,0.06275963139147453,862.1554565429688,775.357666015625
52,46.79696669644501,0.9953239059269858,14.41375732421875,4.110269546508789,0.046730093672061726,1127.6953125,939.5594482421875
53,49.0164792705483,0.9971944223801049,10.033171653747559,4.479903221130371,0.04362718060371297,918.6781616210938,894.9324951171875
54,49.60966811528502,0.9989820294489679,3.912647008895874,2.937317371368408,0.07011088201047472,642.3341064453125,598.3020629882812
55,39.77089787780304,0.9865381966803465,88.82880401611328,6.011923789978027,0.0537601964870731,1165.4847412109375,921.9523315429688
56,31.91020761100876,0.9496610322419334,5.114598274230957,0.9672639966011047,0.09662020908855032,72.5405044555664,89.40400695800781
57,42.414635956226725,0.9967312222448542,1.6650125980377197,0.856844425201416,0.09380007484836983,171.65237426757812,196.78688049316406
58,30.05630692258586,0.8575634473321577,2.1046969890594482,3.2967042922973633,0.05584193817271212,43.064842224121094,46.18206024169922
59,44.66735480195638,0.9977222604156155,3.626763105392456,1.6822987794876099,0.06976542143247916,316.1189880371094,326.0050048828125
60,31.076754554678224,0.9442667387602746,111.93311309814453,2.6130809783935547,0.13477318542574115,280.48870849609375,389.2886047363281
61,35.27134810985416,0.9868203454619222,20.19025421142578,1.3732845783233643,0.10000449442023801,188.4253692626953,272.07769775390625
62,35.11119978830524,0.9716346896531289,211.4713134765625,7.746737003326416,0.05673356327510561,1155.8385009765625,828.9087524414062
63,33.006151826247766,0.9608748358423496,63.423133850097656,3.42454195022583,0.06218142699387256,303.4653625488281,357.3965759277344
64,32.5887239888259,0.9511845272084385,43.67606735229492,6.70874547958374,0.05962901898554249,243.41111755371094,281.653564453125
65,34.03965607978116,0.9839095318434286,114.04302215576172,4.231687068939209,0.07424139817047526,484.4814758300781,543.1533813476562
66,46.4233802588523,0.997303672665413,0.45772939920425415,0.6713908314704895,0.06870188885855731,147.73374938964844,141.78329467773438
67,38.73817421957138,0.995182003998904,77.85308837890625,3.6984920501708984,0.08379095642257343,710.4320678710938,802.394775390625
68,43.548543109332854,0.9972540914889336,0.21532508730888367,0.29399001598358154,0.059398849444659896,73.89248657226562,75.47608947753906
69,34.60626437957378,0.9843226521592146,335.0063171386719,7.970670700073242,0.08908402327150391,869.3865966796875,986.9000244140625
70,43.53813914554475,0.9953211085684406,26.390945434570312,3.8174431324005127,0.04543392574858043,766.5326538085938,772.4725341796875
71,42.859788176899556,0.9956177936249843,1.9813570976257324,1.4150563478469849,0.047115527912644804,260.6797180175781,199.5169677734375
72,47.09301506615741,0.9968512286927063,0.0008289018296636641,0.024427803233265877,0.047280787970395734,6.992002487182617,6.516594886779785
73,24.986365408585133,0.8646435391027394,2074.92578125,13.018715858459473,0.09009368773316966,487.7051086425781,815.64599609375
74,38.501171514828265,0.9890273543549519,68.84547424316406,4.181544303894043,0.08684666506701301,619.3865966796875,707.1505126953125
75,28.692847665099933,0.8415414843047149,717.150146484375,13.167217254638672,0.03081037803684397,1381.7174072265625,729.2781372070312
76,35.782518681611215,0.9867527207476928,156.7694091796875,4.4412126541137695,0.04807062636886548,946.9962158203125,771.4990844726562
77,38.942845130372945,0.9689612728000548,0.716175377368927,0.4384723901748657,0.04338039121340962,90.30908203125,74.9706039428711
78,50.10042651434353,0.9979082413932734,1.2570369243621826,1.5943970680236816,0.052880624552711995,365.361083984375,359.1072692871094
79,28.22622946053402,0.8738317594629608,19.069948196411133,0.8704822063446045,0.1139994490972464,72.7343978881836,116.75318908691406
80,44.00947733245775,0.9950690683750176,28.21370506286621,3.5071184635162354,0.05576921948555062,858.1829833984375,863.2402954101562
81,38.68767003451027,0.9911229403303135,52.22733688354492,3.890019178390503,0.06970667449851946,810.1286010742188,623.6748046875
82,53.607438695207264,0.999065176636688,0.4781323969364166,0.9516239762306213,0.04762615896381702,332.6723937988281,331.567138671875
83,50.469660297849714,0.9963183257232878,0.036961451172828674,0.2516537010669708,0.05369684147249777,64.96305847167969,64.49478912353516
84,42.573602225820395,0.993797905274097,5.360504150390625,1.1804088354110718,0.04731890809516488,334.0688781738281,311.67132568359375
85,28.544066504218524,0.9473787389457288,147.49929809570312,3.802401542663574,0.09388798378889765,211.39845275878906,325.8581237792969
86,48.842275890549054,0.9975779815600998,6.641514778137207,3.547762155532837,0.06487912525738194,739.8423461914062,729.8765869140625
87,42.070207927793746,0.9948516299081168,24.224815368652344,3.417560338973999,0.07828768957570614,603.2742919921875,637.919921875
88,51.661182607232305,0.9986059445314979,5.365615367889404,2.9677717685699463,0.0479961394026615,895.3309936523438,887.3255004882812
89,30.66184695478489,0.9641709006146381,189.98577880859375,3.5836434364318848,0.08603573319707343,370.2903747558594,472.7427062988281
90,43.76366821081095,0.9950005888200766,0.6003684997558594,0.5486117005348206,0.06405763835031915,147.75955200195312,120.47465515136719
91,46.700686862597436,0.9975896293472334,10.868107795715332,2.515326976776123,0.03824253568011098,676.8201293945312,713.5315551757812
92,48.221256569292706,0.996597757341938,8.717703819274902,2.638294219970703,0.050550270802478196,768.49951171875,761.0242919921875
93,47.4952210908763,0.9974262234442497,5.613977909088135,2.173246383666992,0.06312219563387482,603.7833862304688,561.7159423828125
94,33.25868315545321,0.9774916658276006,272.8599548339844,5.229551792144775,0.08693324463707687,556.243896484375,771.1962280273438
95,47.11717740992163,0.9963421662125671,4.735593795776367,1.6702157258987427,0.03729714862835335,537.3411865234375,494.3017883300781
96,47.41629863556391,0.996821810417377,4.958465099334717,2.1928036212921143,0.07064367747933578,504.3565368652344,523.2100830078125
97,52.18465127102287,0.9988506706691009,1.1069444417953491,1.322775959968567,0.040549103864574505,441.0145263671875,428.11346435546875
98,35.40139426453278,0.9883290346715718,0.19817574322223663,0.15452107787132263,0.07410270006508646,22.64971351623535,26.393707275390625
99,47.52433318710569,0.993418328241052,0.2091454565525055,0.5008266568183899,0.06048369850248354,108.98782348632812,108.78353881835938
100,49.49918652912196,0.9973182791557598,0.011772146448493004,0.1274910271167755,0.05509694322033918,32.56029510498047,32.39775466918945
101,30.887363985293526,0.9619831864090619,149.5369873046875,2.0961170196533203,0.1488309146687024,247.33096313476562,636.7739868164062
102,32.41010346593111,0.9785034786852151,48.24277877807617,1.7097760438919067,0.12271263745759933,198.99990844726562,315.0416259765625
103,42.33061447662875,0.9901544431414766,15.149489402770996,3.852236032485962,0.06143073404364827,486.79876708984375,509.0621337890625
104,33.34180432345083,0.9797702095979753,362.81353759765625,5.42193603515625,0.07023309245318576,673.9758911132812,907.658935546875
105,38.315814991833825,0.993586841182566,9.180537223815918,1.6755180358886719,0.04914763212333153,309.7991943359375,250.04293823242188
106,49.13360594493355,0.9976344667105975,2.0583109855651855,1.7697070837020874,0.034718820263587594,426.53912353515625,410.9725341796875
107,36.58824687653529,0.9693991039159743,125.3024673461914,5.96993350982666,0.07214214387162927,689.302978515625,755.7955932617188
108,30.361958586418854,0.874193291898376,48.438167572021484,2.625840902328491,0.044414235666535844,355.7350158691406,229.56936645507812
109,33.00232577242225,0.9733311954051471,3.0368871688842773,0.6217430233955383,0.07020730701540209,69.05647277832031,77.9029312133789
110,42.850963292916184,0.9948059348898899,4.369539260864258,1.8834949731826782,0.07076511039018864,326.251953125,290.4617004394531
111,32.35741403950039,0.983952450986002,12.020482063293457,0.7202299237251282,0.1267627713192023,107.59307098388672,162.06005859375
112,33.010017916293776,0.9670917407308692,427.5300598144531,9.248291015625,0.07207118776177329,802.0862426757812,929.7679443359375
113,53.82932467074536,0.9993694041720116,2.70483660697937,2.613057851791382,0.0487403209828996,835.1803588867188,808.312255859375
114,29.350785410313883,0.9480677713535273,458.47637939453125,7.54996919631958,0.035676100394036445,1184.8089599609375,633.7703247070312
115,35.453997378415906,0.9779530896029606,215.8526153564453,17.96918487548828,0.08887695894129036,811.1196899414062,871.589111328125
116,28.379263802575935,0.9327090464924511,934.914306640625,6.944656848907471,0.07773345482637242,633.24462890625,803.868408203125
117,49.06257474740223,0.9981130646970373,0.43565547466278076,0.6086501479148865,0.053099431152289066,193.47369384765625,187.38348388671875
118,38.99682473551729,0.9938824577228204,99.46662902832031,5.318027496337891,0.04993363713240223,1088.99267578125,892.6664428710938
119,29.38919155260002,0.9533206082888186,332.9532470703125,5.601442337036133,0.12513904749489865,385.8112487792969,539.8029174804688
120,44.75161505935462,0.9976368566015803,21.74254608154297,4.905458450317383,0.06102990722002503,940.2297973632812,807.6326904296875
121,31.946340719971825,0.9656538841486654,498.1678161621094,5.550244331359863,0.08604600342077601,727.3668823242188,896.1951904296875
122,38.5782261082776,0.990143971246647,12.909076690673828,1.4333678483963013,0.0531184546826503,291.96026611328125,318.68548583984375
123,42.88343493500263,0.9940952948679987,0.6328455805778503,0.5775914192199707,0.05548801981593197,105.95716094970703,110.9418716430664
124,51.70060568853158,0.9979172042033744,0.3533080220222473,1.0035173892974854,0.039366739160634594,231.6511993408203,228.7072296142578
125,41.79264210855203,0.9962134479830509,12.042203903198242,2.6567983627319336,0.05074049187206878,399.27001953125,427.6806945800781
126,31.89771915586001,0.9401633966056019,406.620849609375,6.197295665740967,0.1103303922248591,475.6526794433594,818.19677734375
127,42.35001202616821,0.9966728512439934,42.645172119140625,4.335096836090088,0.05795052424692331,947.7822875976562,860.869873046875
128,42.624661231208805,0.9961022192571923,0.0034236665815114975,0.03933028504252434,0.05258941711354353,8.891497611999512,7.945178508758545
129,28.484603242371943,0.8996951389620254,337.68328857421875,4.952991485595703,0.07894809984218173,318.9665222167969,511.2365417480469
130,45.486638687757605,0.9908598961445078,4.8414177894592285,2.051762580871582,0.06756545620073451,443.2135925292969,417.99359130859375
131,31.234607199851222,0.974564945765447,33.572303771972656,1.5764710903167725,0.09879637133218715,159.87704467773438,222.8856964111328
132,38.01900701264746,0.9900260982713955,2.2954065799713135,0.720062792301178,0.04892215421062466,130.90406799316406,120.74549865722656
133,44.3131037619454,0.9950295079141948,4.210133075714111,1.720638632774353,0.06691397300970325,328.120849609375,338.2775573730469
134,42.3438496034173,0.9930435282680887,50.56707763671875,7.021111011505127,0.07789258004638214,892.93017578125,942.966796875
135,43.915435912809386,0.9913540236936388,3.777230739593506,1.491445779800415,0.0738723864902658,372.8639221191406,323.8797302246094
136,31.82657992251491,0.9730447985624012,173.50999450683594,4.895529270172119,0.1207041827264591,407.2309265136719,519.2718505859375
137,45.74589329801953,0.9954831312161604,13.160348892211914,2.9197916984558105,0.05843744284056349,766.150390625,703.31591796875
138,46.85454283509741,0.9957529853864104,2.7367148399353027,1.5918049812316895,0.042180919184639044,357.7502136230469,364.2659606933594
139,48.36132805499345,0.9973023857986718,13.769830703735352,4.505497932434082,0.03384281205486445,958.3543701171875,971.810302734375
140,32.18748815869156,0.9816216458600125,506.680908203125,6.8628010749816895,0.1216593361679907,747.123291015625,962.48486328125
141,44.09643758641418,0.9954878058595923,2.4727694988250732,1.0224518775939941,0.061204349792412155,232.26177978515625,252.530517578125
142,45.13990529685838,0.9976925742269424,7.568446636199951,2.456136703491211,0.04407476014832906,547.9002685546875,497.7512512207031
143,30.046886667955608,0.9508167932154101,89.77986907958984,4.877809524536133,0.08203917941828084,236.5042266845703,301.5774230957031
144,51.124613399845714,0.997674194359681,0.6286569237709045,1.0396397113800049,0.04710110626098991,296.2403259277344,285.5556640625
145,44.35083200291885,0.992426245758777,0.05244849622249603,0.15555214881896973,0.06037936878314127,39.8720703125,37.850059509277344
146,38.48296896138915,0.9878695402505843,52.641357421875,3.450883388519287,0.049549101109038894,712.3306884765625,609.9547729492188
147,46.386997405643136,0.9976362527431718,5.8027424812316895,2.3955769538879395,0.06003155342717759,524.0087280273438,503.17633056640625
148,35.18881370244622,0.9857906686724524,0.7100328803062439,0.19854681193828583,0.08307343549055082,35.001373291015625,52.42727279663086
149,46.24229820044927,0.9970202270676108,1.6728039979934692,1.168439507484436,0.03267707296244184,320.43890380859375,279.3678283691406
150,47.510800842511514,0.997540904580009,14.61355972290039,4.330592632293701,0.07002781492894741,906.0062866210938,908.3576049804688
151,38.88492169616293,0.9912313919502884,6.704348564147949,1.6298091411590576,0.03635190604783959,359.74053955078125,240.32232666015625
152,40.65869768054234,0.9878528864114278,1.8243272304534912,2.214669942855835,0.05996758127317482,138.5276641845703,145.74998474121094
153,45.21855619598098,0.9879354902834346,7.213503360748291,1.9597924947738647,0.05194592753784628,493.4073181152344,489.96331787109375
154,47.624167675504566,0.9964920504112854,16.76833152770996,3.464125633239746,0.0479787042803034,1047.95068359375,985.664794921875
155,40.600498912103625,0.9941289634342902,5.12280797958374,1.937957763671875,0.043365569254349805,225.86480712890625,242.81321716308594
156,52.00325633333671,0.998825534132489,2.84372878074646,2.428553581237793,0.0520167796070488,679.9104614257812,672.4634399414062
157,37.997924440556574,0.9856774532635022,91.71430206298828,4.625960826873779,0.0731052600660067,727.7979736328125,761.8579711914062
158,26.18740116000427,0.9205153262342631,127.61115264892578,1.7782536745071411,0.14397728737312399,124.1341323852539,238.39990234375
159,43.10695407217925,0.9961135421405759,25.786819458007812,3.733804225921631,0.08092272470553885,850.3920288085938,728.4881591796875
160,51.78500574077512,0.9986216945667877,0.8996202945709229,1.2484458684921265,0.05501878028891927,375.22393798828125,368.41534423828125
161,44.80569662310681,0.9906985421575629,13.20193862915039,3.623514413833618,0.09845948791246846,677.8583374023438,632.6735229492188
162,49.74780871541688,0.9973885524475906,4.2498297691345215,2.694415330886841,0.04407905522185913,629.0145263671875,633.8961791992188
163,26.192346234895624,0.9112494568675911,686.7261352539062,11.634398460388184,0.11538057628153271,366.15277099609375,536.2388916015625
164,36.6969491367798,0.9904167850658497,1.7723557949066162,0.5890670418739319,0.052171964588956565,112.19296264648438,91.19947814941406
165,44.341929253887045,0.9979198739409324,24.308391571044922,2.7010879516601562,0.06818085313575725,806.0252075195312,835.4671630859375
166,35.772259548154054,0.94354332750519,27.34686851501465,10.131650924682617,0.04720334445268756,310.24346923828125,321.45928955078125
167,45.18664971281096,0.9974528905254153,1.059101939201355,0.8658852577209473,0.05780231137233704,188.90255737304688,187.3319854736328
168,48.567117975483065,0.9971647797415746,0.024208534508943558,0.16584022343158722,0.05113732277707677,43.54585266113281,41.73436737060547
169,38.11703343062116,0.9814144826433607,53.88725280761719,4.813005447387695,0.06265790133630485,550.5293579101562,591.3020629882812
170,46.09733085308399,0.9964182584001553,11.265768051147461,3.038363456726074,0.04995068848049991,649.0432739257812,677.8867797851562
171,39.303221087440576,0.9886248187845337,0.03522674739360809,0.14139166474342346,0.04231485401788095,20.634748458862305,17.57124137878418
172,31.14850556721873,0.9594790691930812,201.17454528808594,5.635319232940674,0.10247490203445751,436.32122802734375,512.5809936523438
173,40.40612620103617,0.9965322196053031,4.681382179260254,1.1715314388275146,0.051448376789893474,258.83941650390625,227.26927185058594
174,45.50422934322194,0.9968026090025041,11.670064926147461,2.6937003135681152,0.07329358991414235,637.7374267578125,645.527587890625
175,39.57323942953003,0.9923898056226372,2.5516135692596436,0.6601577997207642,0.10212759440857531,122.49440002441406,175.1920623779297
176,29.86147855199716,0.9150224772171537,492.9885559082031,9.199362754821777,0.037097445813463185,1187.41748046875,691.246826171875
177,47.59921189460583,0.9971490636298777,2.605973720550537,1.644704818725586,0.04780543883760463,383.3720397949219,387.3486022949219
178,40.058471555834316,0.9930586709080589,81.42327117919922,4.196264743804932,0.08118745530898235,889.3359985351562,936.7932739257812
179,40.66722313376418,0.9928637934604543,1.634841799736023,0.816203236579895,0.06900412771769929,127.76228332519531,138.3834228515625
180,38.337091957578636,0.9921921620643299,16.818580627441406,1.5478484630584717,0.04224486273185921,479.47283935546875,341.72528076171875
181,46.27430089506153,0.9948245027055436,0.3068881630897522,0.5513802766799927,0.07809103030417398,118.8629379272461,114.36004638671875
182,46.9306180261436,0.9946059803444781,17.326391220092773,3.7188470363616943,0.06663295844061772,919.1214599609375,924.7689208984375
183,39.23896614741046,0.9961963118168345,91.61800384521484,5.4997639656066895,0.05769574616181719,1077.414794921875,877.4620361328125
184,34.86401988215239,0.9892620041089899,21.66072654724121,1.8265389204025269,0.040784534995753165,358.9028015136719,258.6836853027344
185,31.228529158373675,0.9445988126983338,327.76080322265625,7.516019821166992,0.04552559471087489,1034.3304443359375,660.3240356445312
186,50.39806587563863,0.998702870756849,6.093179702758789,3.0103557109832764,0.05340291849038592,837.0617065429688,817.4049682617188
187,30.415574870333607,0.9535279013485608,279.2777099609375,8.026647567749023,0.06089350633415028,449.167236328125,555.6456298828125
188,51.56705999269867,0.9982299578325176,1.955163598060608,1.6158488988876343,0.05028867613029732,546.3410034179688,530.1209106445312
189,34.35225497250047,0.9831058358229596,21.354257583618164,1.7695202827453613,0.06052209429325567,212.91336059570312,242.61044311523438
190,37.915956313681946,0.9764896168213019,1.4251257181167603,0.7980734705924988,0.058704510834158743,84.7984848022461,94.0096664428711
191,49.81057286295312,0.9970756618169562,8.406292915344238,3.2878968715667725,0.04677053459830286,920.5320434570312,897.3185424804688
192,50.089405846353394,0.9965919402915258,7.918159484863281,3.98956561088562,0.054498593545090554,890.1480712890625,900.5176391601562
193,35.74952541878813,0.9836364335412211,104.37012481689453,4.9032487869262695,0.06063782963840838,820.9739379882812,633.4683837890625
194,41.368779896097394,0.9860866207887021,8.405640602111816,7.4164838790893555,0.05140024296054469,331.1380920410156,339.6907653808594
195,32.65836196953981,0.9757888886704656,66.13748168945312,2.8645131587982178,0.05058229522651646,510.0854797363281,349.8603515625
196,46.9787612716778,0.9970859181062848,10.361010551452637,3.560885429382324,0.05895964102988297,761.48291015625,726.229736328125
197,37.59599772455394,0.9887118290483152,139.52310180664062,6.068427562713623,0.06736022289703004,1082.7655029296875,897.213134765625
198,30.33819496080497,0.9727518349901318,726.114501953125,7.795441150665283,0.04631531151724095,1128.231689453125,887.1993408203125
199,44.49276384691382,0.9944991633618948,20.55565643310547,4.187138557434082,0.07000626249365924,781.7380981445312,780.0956420898438
200,39.23035958335963,0.9927129608005193,48.41582107543945,3.7312800884246826,0.04968758998834114,848.0322875976562,642.3895874023438
201,44.33041159004187,0.9966230508559013,0.2609219551086426,0.37915870547294617,0.06059122384795848,82.40707397460938,85.05582427978516
202,30.863696954238566,0.9316546470926396,21.547542572021484,4.820308208465576,0.06547671266436916,141.32113647460938,162.4670867919922
203,28.31433596259163,0.9248638463171028,1166.2674560546875,15.273032188415527,0.08661067388215174,657.2462158203125,898.6556396484375
204,48.155692442892075,0.9976154760187501,5.622669219970703,2.0326075553894043,0.05413666224279762,645.597412109375,606.8226318359375
205,40.28272840168193,0.9934716004766793,0.00969917792826891,0.05793825164437294,0.05784911210957391,9.638025283813477,10.187854766845703
206,46.91571212196213,0.9961480276564941,0.2128620743751526,0.40897008776664734,0.06100447213659618,99.34799194335938,102.37007141113281
207,47.81847957199146,0.9972150897216994,7.279956340789795,2.8421247005462646,0.05329217777575193,704.3319091796875,663.8382568359375
208,35.481709274517094,0.96059616483648,0.010370569303631783,0.14876574277877808,0.07937407600807034,5.463484287261963,6.056522369384766
209,46.34614098209545,0.9976692119588301,0.6053781509399414,0.672725260257721,0.060487406501658826,154.92637634277344,161.64724731445312
210,36.56113101757809,0.9874812898651857,65.93146514892578,4.218843936920166,0.04875870845921885,742.8455200195312,549.18505859375
211,47.30314199004336,0.9972637426742459,8.780588150024414,2.985732316970825,0.08606295099709774,693.5350341796875,692.2033081054688
212,50.65038793686437,0.9978349748441432,3.6602368354797363,3.0443477630615234,0.06832579397412104,650.0648193359375,652.309326171875
213,39.01077514595757,0.9896895768903234,5.663418292999268,2.0647754669189453,0.023305237959676643,532.0333251953125,225.0450439453125
214,49.744826152314445,0.9971128272505859,5.375425338745117,3.2576828002929688,0.06293330965242651,727.8576049804688,712.467041015625
215,30.113083134757414,0.952381361864115,51.231998443603516,1.4509958028793335,0.11348782820263752,135.75308227539062,238.0118408203125
216,39.28004596718847,0.9945232457143972,10.836865425109863,1.267757773399353,0.06655251800761411,303.34356689453125,326.0743103027344
217,44.9637286370009,0.9970879875377235,17.694570541381836,3.0073020458221436,0.061604514833822975,816.639892578125,746.7449340820312
218,34.95261009450419,0.9720398658200314,134.75643920898438,8.335391998291016,0.05923125743423943,574.8031005859375,649.9832763671875
219,48.20462252783627,0.9951166235933117,10.898760795593262,4.919037342071533,0.055545000938613816,867.458984375,849.3742065429688
220,33.39769721749472,0.9802232223367789,196.2518768310547,6.9721574783325195,0.03512268522923886,1488.10009765625,657.9552612304688
221,47.05839504257578,0.9959025052678844,6.3581671714782715,2.529784917831421,0.05090213720937482,606.9647216796875,568.7402954101562
222,31.62807148922395,0.9540172869414553,5.943979263305664,0.32413721084594727,0.18898823294192615,35.163639068603516,94.58109283447266
223,49.796052109967206,0.9986435868484194,1.4208505153656006,1.3331551551818848,0.06062721842737938,362.91107177734375,368.34808349609375
224,50.58013378665707,0.9985619378809589,0.5883103013038635,1.113997459411621,0.07637870967422664,277.5050354003906,265.9371643066406
225,46.578859675543065,0.9942198661458751,1.316353678703308,0.9848663806915283,0.031202428336819236,240.25457763671875,244.7456512451172
226,47.371507298085746,0.9965707952054784,17.335065841674805,3.9266626834869385,0.0515325194557556,1002.7744750976562,973.0375366210938
227,48.07674774501091,0.9947780983674391,2.4096524715423584,1.7472269535064697,0.03830735028591526,403.5651550292969,393.7046203613281
228,52.729655058535194,0.998824897288538,4.234820365905762,3.445519208908081,0.04535471615083251,921.3690795898438,892.1544799804688
229,35.9489202639732,0.9894829387512246,65.4719009399414,2.7816829681396484,0.09105309992102001,400.1906433105469,631.5075073242188
230,44.58624327195376,0.9970173556645957,19.901025772094727,4.010943412780762,0.045406149733213476,990.475830078125,795.0164794921875
231,53.389537445057044,0.9986204941544616,1.1571317911148071,1.6351516246795654,0.04438476327347441,512.013916015625,503.13446044921875
232,50.155418103487946,0.998256053717882,3.2090702056884766,1.9415525197982788,0.04109678157570994,565.8861083984375,577.3269653320312
233,37.31379976036026,0.9784861143651515,45.065025329589844,11.771163940429688,0.07156528763834784,462.78363037109375,493.0251770019531
234,34.12463579109822,0.9858394774413207,14.27563190460205,1.230638861656189,0.09530542718689765,162.78826904296875,196.04774475097656
235,32.54473843181805,0.9685828350676594,289.7144470214844,6.70025634765625,0.04065522862239141,1167.8704833984375,722.7296752929688
236,47.55785856762892,0.9956407240208458,1.3886590003967285,1.166569709777832,0.045185912076835186,273.87152099609375,281.4915771484375
237,37.916811400477485,0.992016723758173,0.10224111378192902,0.15078595280647278,0.07664270120038952,22.57774543762207,25.291650772094727
238,48.98859253948213,0.9982331800510025,5.19971227645874,3.025536298751831,0.04273741266771894,653.4655151367188,645.8268432617188
239,48.38339800083852,0.9985324463454316,0.45903322100639343,0.6735761761665344,0.063681496179561,190.8347625732422,177.93356323242188
240,39.59469442885643,0.9949513818334377,96.79940795898438,4.613717555999756,0.12304185088912857,863.2754516601562,940.5181274414062
241,50.65143178010948,0.9973142607631575,7.821264743804932,4.097205638885498,0.05857793016276115,973.6680908203125,953.9746704101562
242,32.24192409113506,0.9652796565286884,498.6738586425781,12.426308631896973,0.1031423396568765,797.3623046875,914.9495239257812
243,38.5685972977883,0.9933277261823077,18.092601776123047,1.6154344081878662,0.08616475304788711,326.1837158203125,370.7885437011719
244,46.483702948549805,0.9980118579939546,0.006066363770514727,0.05506981164216995,0.06813579425176632,15.62313175201416,16.441160202026367
245,34.1208544219815,0.9681847130378056,291.2358703613281,3.541430711746216,0.13242587435721995,461.1428527832031,928.3902587890625
246,41.879641401183996,0.9952647248657864,11.741044998168945,2.3074393272399902,0.08692159523381356,422.7268371582031,428.7559509277344
247,44.27858632987488,0.9975689737543356,34.84111404418945,4.980542182922363,0.06210301418595313,1071.0745849609375,966.6881713867188
248,46.827869271048606,0.9960235963480392,16.452190399169922,5.361283779144287,0.07729095591111866,978.3689575195312,963.6563720703125
249,45.56906096477331,0.993123499986065,20.13648223876953,3.800117254257202,0.04858839976753201,829.3522338867188,853.1564331054688
250,52.337380583206816,0.9988971774699887,0.5079193115234375,1.000227451324463,0.035915786931693235,296.2802429199219,295.1544494628906
251,32.59614862851436,0.9796116560143951,70.79027557373047,2.286524772644043,0.09893568073607799,282.8348083496094,385.7126159667969
252,29.698718378012565,0.9541052954331025,768.0015869140625,11.450019836425781,0.10182174842692748,616.8903198242188,851.2855224609375
253,41.03729455737888,0.9966180126179852,7.791492938995361,1.1739516258239746,0.058770694177746954,243.7945556640625,317.6050720214844
254,40.14174964953191,0.9960813492198232,2.790299654006958,0.9633408784866333,0.055424311618709206,189.2532501220703,170.32325744628906
255,35.73032058457161,0.9888748376792675,64.1028823852539,2.728942394256592,0.09798052243131586,341.2237854003906,557.2444458007812
256,33.17702447180005,0.9860776762936506,344.5156555175781,4.31704044342041,0.08515409626602843,655.7210083007812,936.2186279296875
257,48.098874030716836,0.9983044887966908,7.50660514831543,2.59533429145813,0.06638480783756996,675.5883178710938,696.333740234375
258,46.822652527578356,0.9971935743056584,6.414200305938721,2.4159772396087646,0.07112396923063975,565.7007446289062,570.4910888671875
259,36.1858366482448,0.9844235559950426,2.251532793045044,0.6399394869804382,0.08199516869912629,86.84982299804688,98.07931518554688
260,46.20227724668418,0.9968878312038317,9.066458702087402,2.353847026824951,0.05448152910457971,596.02880859375,615.3922119140625
261,43.73255262259592,0.9967505494353694,41.3393440246582,3.86689829826355,0.05795605176852391,859.9352416992188,990.0637817382812
262,36.01904204227172,0.9900227681617373,4.4204206466674805,0.588000476360321,0.0855165742641443,111.51079559326172,140.9439239501953
263,46.10430735443238,0.9975827826558006,6.593432903289795,2.712388753890991,0.03353096495367488,510.24993896484375,518.8113403320312
264,50.48023327308327,0.9980188502984888,6.885364532470703,3.323301315307617,0.044006662591980314,915.92236328125,877.4957275390625
265,33.3328785513094,0.974453564275775,251.7397003173828,3.6975009441375732,0.09140481584564937,487.9407653808594,741.02783203125
266,43.68459467881199,0.9929193879859243,20.795076370239258,4.614992618560791,0.07372269126991035,687.9094848632812,697.3187255859375
267,33.698853975832044,0.9862195945222804,200.93394470214844,3.3930675983428955,0.07473738968359943,533.0169067382812,702.7816162109375
268,45.765742421869184,0.9972480889044556,3.4363627433776855,1.5249907970428467,0.06040663303696169,345.3909912109375,360.13165283203125
269,25.997388557919614,0.8683759786172504,197.43182373046875,2.7643723487854004,0.14519512167171736,165.10975646972656,294.2982482910156
270,29.462915494676132,0.9345861578550501,739.2410888671875,9.842365264892578,0.1022173390457511,666.693359375,809.5518188476562
271,46.7134025060972,0.9958531259106409,13.885879516601562,4.187718868255615,0.09172226216091789,907.0841064453125,810.3032836914062
272,27.811577963982113,0.920342300492805,1216.14697265625,10.581886291503906,0.08838191642081832,571.419677734375,867.2052612304688
273,49.85986608738777,0.996682921153473,8.593348503112793,4.171395301818848,0.07472124046141111,946.69677734375,913.3273315429688
274,48.69667858958991,0.9984832313622976,3.4912021160125732,2.7680389881134033,0.0686235520255858,512.3692626953125,511.8310546875
275,32.49140021290189,0.9663876186291254,141.4553680419922,2.7431983947753906,0.07820556493262544,435.9750671386719,502.0147705078125
276,42.57674788083798,0.9949311489168212,34.88334655761719,2.735948085784912,0.05575791338190122,760.2686767578125,798.4968872070312
277,39.24113476445309,0.9946410084379715,49.86511993408203,3.7130069732666016,0.03494790374118686,890.5548706054688,650.31396484375
278,44.196784487753135,0.9971109058465751,18.128498077392578,2.7523558139801025,0.0475987219100187,677.3135986328125,702.264892578125
279,36.063696007158,0.9810600035023271,156.34359741210938,7.0756916999816895,0.06734575316429676,706.679931640625,795.9968872070312
280,36.57620325273754,0.9899416829164306,159.85862731933594,4.0305938720703125,0.06875054997654091,773.3761596679688,890.1153564453125
281,33.45437982168521,0.9630225703535434,51.6705207824707,4.99416446685791,0.048596734676956806,295.1949462890625,338.65716552734375
282,38.53511814762665,0.9794475700710088,19.825496673583984,4.464837551116943,0.0713173142591203,357.7037048339844,376.2073669433594
283,49.5775592715522,0.9980218995927657,0.0991552397608757,0.32836660742759705,0.05847080672097858,96.47826385498047,94.88795471191406
284,30.767798856916933,0.9594704519392168,276.5412902832031,7.602368354797363,0.03184064324078628,1262.4974365234375,578.7018432617188
285,33.07516321087764,0.9760501429792282,0.6573083400726318,0.23245109617710114,0.05064062420054724,28.219751358032227,36.90633010864258
286,38.18825791205073,0.9759840293565402,32.8748779296875,3.5833497047424316,0.059885578210504734,417.4464416503906,466.1324157714844
287,47.42158162297222,0.9952682015112188,5.310280799865723,2.8726346492767334,0.04259406715829388,644.6988525390625,543.1019897460938
288,42.4074293700841,0.9951907510266584,4.712807655334473,1.3823226690292358,0.048486016547654526,260.0097351074219,287.25469970703125
289,37.96688587630534,0.9893157466461784,54.73637390136719,3.722818374633789,0.07600729391973503,699.3681640625,591.242431640625
290,50.52169084273703,0.9980454252354255,0.008776002563536167,0.09888914227485657,0.04356938884557773,32.66172409057617,31.469749450683594
291,39.04437215045214,0.9915302041206813,0.18121494352817535,0.25321871042251587,0.07024415428379895,36.157039642333984,38.31084060668945
292,42.761617304400026,0.9931067143892726,34.87785720825195,3.939239501953125,0.06834952388056272,810.0833129882812,822.7779541015625
293,37.852610022257224,0.9916083260032784,21.124399185180664,1.657501459121704,0.11287983384968579,312.6507568359375,360.8304443359375
294,44.052675831506974,0.991846259948639,0.4984895884990692,0.6614553928375244,0.03417398491827249,190.26177978515625,127.9334487915039
295,28.53615609266733,0.9316368929376697,377.66973876953125,6.606377124786377,0.08410553090101994,376.1216735839844,522.7210083007812
296,44.495721348814826,0.997305606740793,20.80463218688965,4.290400981903076,0.09572870771737275,809.79150390625,770.2235717773438
297,44.295857355015386,0.9972245472841834,1.693532943725586,1.2150450944900513,0.09230829844507392,249.51121520996094,216.60520935058594
298,48.13686222542951,0.9929962397021529,5.960565090179443,2.764951705932617,0.060365445523111565,629.8727416992188,623.267578125
299,50.96185514571884,0.9984261839351664,0.05954046547412872,0.3265376091003418,0.057075158450176425,89.83487701416016,86.26211547851562
300,41.13865484409892,0.9924719296280444,0.21176917850971222,0.25690001249313354,0.041455100251836775,45.70151901245117,52.63003921508789
301,43.37949289712414,0.997271604720653,12.524662017822266,2.565631866455078,0.08369733784236347,517.2274169921875,531.8233032226562
302,41.5459674838694,0.9877103079337207,20.50661277770996,3.437378406524658,0.07278098978059619,591.9083251953125,541.094482421875
303,42.20108158548635,0.9962914236528093,24.352760314941406,3.942244052886963,0.069272144515821,686.22021484375,637.79248046875
304,33.91735312631607,0.9828246727324369,212.64576721191406,5.686665058135986,0.03323342647716055,1045.3004150390625,726.365234375
305,48.59795994170036,0.9972953589400517,13.032353401184082,5.108752727508545,0.07335236382092582,1022.1710205078125,975.876220703125
306,32.42500124094305,0.9753347630040687,150.58876037597656,4.049727916717529,0.08573565009548868,446.82391357421875,516.7840576171875
307,42.008859055014426,0.9941827128761447,6.285080432891846,1.9470056295394897,0.06199917787883068,416.566650390625,323.6335144042969
308,29.158266206662713,0.9351666339296344,731.619873046875,6.181156635284424,0.14187872269387414,403.1789245605469,795.3909912109375
309,51.836872855548066,0.9985653162002563,0.48261258006095886,0.8859806656837463,0.05247913814826967,272.3408203125,271.5614318847656
310,38.777796936524275,0.9952542625283063,24.753177642822266,2.1621041297912598,0.06858509752860138,400.83331298828125,439.5324401855469
311,48.40289755591827,0.9959042672494617,0.08981682360172272,0.3117666244506836,0.03842794717603942,78.90819549560547,79.37792205810547
312,32.87433720989284,0.9630933891447458,0.35555213689804077,0.17220251262187958,0.06479764614127174,22.479703903198242,26.32539176940918
313,47.58886422476553,0.9975258246356365,16.128856658935547,4.0471649169921875,0.052555570770243414,956.7652587890625,962.685791015625
314,30.92365304272232,0.9546204406702727,556.8179321289062,7.673035621643066,0.10240680102513058,656.1187744140625,836.1441650390625
315,50.02459024574723,0.9984418775644096,4.809335231781006,2.0411813259124756,0.046412104157077146,684.743896484375,696.2782592773438
316,42.7930655113781,0.996734050635952,8.572330474853516,1.7518802881240845,0.06839372423888275,392.7590637207031,409.54400634765625
317,46.074053205402386,0.9966144967897266,0.7051912546157837,0.8001067042350769,0.043493485942048514,180.3713836669922,174.12103271484375
318,48.10957491400443,0.9927078725998861,0.37938687205314636,0.6510016322135925,0.06397629665018885,155.44480895996094,157.28060913085938
319,44.117180948215676,0.9952420090989309,2.4408011436462402,1.7027531862258911,0.059960384377593524,242.21286010742188,250.99266052246094
320,43.037054054373726,0.9943565207123142,14.870211601257324,2.69348406791687,0.047990752321987525,619.4891357421875,549.6774291992188
321,49.79911065057577,0.9976951980461646,5.347286224365234,2.5838966369628906,0.05847129354037198,712.4942016601562,714.88134765625
322,27.763732685545342,0.9229654133919591,723.6973266601562,4.676870346069336,0.06324017383299833,455.9141845703125,660.5371704101562
323,36.24631517377166,0.9840624446531814,18.493938446044922,1.8139311075210571,0.07564679233259079,253.71104431152344,280.6539611816406
324,41.55685600841149,0.9973942257302464,63.379329681396484,5.043636798858643,0.044284701691227175,1087.7667236328125,954.910400390625
325,34.347025893334504,0.983600195608764,159.33935546875,2.3989269733428955,0.10406305675301021,453.2219543457031,738.1589965820312
326,45.111833947765334,0.9898506247191483,9.48173999786377,2.6179676055908203,0.05153315502459421,551.6171264648438,554.7996826171875
327,46.631053818987304,0.9968891728311869,8.094358444213867,3.119424819946289,0.046956661494300306,599.7667846679688,612.1090087890625
328,34.23642791586662,0.9888038622336491,63.42209243774414,2.464625120162964,0.11743271668097623,364.1177978515625,420.1804504394531
329,35.36948115026145,0.9571734825754682,17.92291831970215,4.736722946166992,0.0708914950044375,216.7863311767578,248.48326110839844
330,31.520059110089242,0.9479359761494685,87.96263122558594,2.8359720706939697,0.056280533844276386,303.33831787109375,356.61669921875
331,44.859811031101344,0.9970302423548772,18.746501922607422,3.0713553428649902,0.03510868087500777,850.0928955078125,758.0882568359375
332,36.26328799400578,0.980282382484068,0.05572732537984848,0.16389767825603485,0.042676806078572396,13.925283432006836,15.379095077514648
333,51.73804611391936,0.9988265938833895,0.09156724810600281,0.45477020740509033,0.04761048225812501,118.38975524902344,116.9565658569336
334,30.53059687254176,0.9340736956573,1.9500504732131958,0.5437152981758118,0.03575886204206003,82.52655029296875,46.95663833618164
335,41.0881873551447,0.9939182444684154,0.13196291029453278,0.20723547041416168,0.05781252974585768,48.49187469482422,41.688072204589844
336,34.06831780130218,0.9832378772420903,275.3628234863281,6.6211113929748535,0.07887282847633623,724.2101440429688,855.6051025390625
337,48.25515080586598,0.9966966586400849,7.376077651977539,3.225982189178467,0.060324436263133344,722.3076782226562,703.9542236328125
338,42.85394661645657,0.9960730891940025,11.475557327270508,2.526413679122925,0.059694847321577114,543.3356323242188,474.69964599609375
339,48.507296150266804,0.9978516387404303,0.13728660345077515,0.40113911032676697,0.050636958048060704,96.25468444824219,98.736328125
340,47.67253367908594,0.9976039080735454,3.9882748126983643,2.2213423252105713,0.06433335967338338,579.2999267578125,492.124267578125
341,30.03652432284843,0.9341933850248962,220.34104919433594,3.0114333629608154,0.08845873634061548,379.4845275878906,473.998291015625
342,28.69728908665596,0.909435856919899,28.82910919189453,1.750474452972412,0.13974840578978356,85.82295989990234,174.02867126464844
343,27.616378879563612,0.9317277358310014,245.0646209716797,2.810399293899536,0.09347415299615307,221.361328125,434.41778564453125
344,47.88938010264802,0.9972676680460802,2.5856194496154785,1.4191943407058716,0.05164503021155848,389.47552490234375,399.1062316894531
345,42.299348802834274,0.9950365391555094,21.34550666809082,3.348767042160034,0.04407753241257596,771.07958984375,616.2342529296875
346,32.03057678966615,0.9676584183354742,245.9916534423828,4.177298545837402,0.08639928010243988,477.2950134277344,635.4585571289062
347,30.77989212198835,0.966575065002968,1.742690920829773,0.4027264416217804,0.08807257624377707,38.03013229370117,46.258705139160156
348,53.141607623155515,0.998984042089913,0.6821405291557312,1.2650325298309326,0.05840700867276669,374.95440673828125,375.2380065917969
349,47.46184794308981,0.9968557848034751,7.032185077667236,2.646527051925659,0.07679626693734687,674.4197998046875,626.2340698242188
350,49.92879836430595,0.9983148866393617,2.5760130882263184,2.0052030086517334,0.05141101666217807,538.0208740234375,503.63311767578125
351,44.78226545000954,0.9936871524012125,24.376089096069336,3.73136043548584,0.059623477731243,842.2677612304688,856.6333618164062
352,42.8793854448776,0.9940465491099746,22.380712509155273,3.319575309753418,0.054399751953527704,731.1773681640625,659.034912109375
353,43.33857091982487,0.995689529952496,1.2391380071640015,0.7498370409011841,0.06487331359472477,159.29319763183594,163.77149963378906
354,52.06624354324709,0.9988974155810103,0.03174978867173195,0.3549323081970215,0.06584092564731014,72.98639678955078,71.49817657470703
355,34.51408595048032,0.9626068755892039,145.85194396972656,3.007288932800293,0.055963068204272146,602.3363037109375,642.77685546875
356,45.30207944851288,0.9965308444080461,0.022226396948099136,0.12650135159492493,0.056778418667003165,27.479793548583984,27.484798431396484
357,38.3063509434577,0.9926607348909073,50.04966354370117,3.9924182891845703,0.062243512890285256,530.1134033203125,586.1898193359375
358,42.070667153341226,0.9929353125754771,52.41188049316406,5.5543999671936035,0.05253749180529159,1541.9466552734375,940.2900390625
359,51.304291569024755,0.9984760431128759,2.455597400665283,2.170046806335449,0.05417792894846232,577.1919555664062,575.898681640625
360,46.62298899330278,0.9957904799065723,3.287386655807495,1.7837426662445068,0.06150096963318497,370.3465881347656,388.7817687988281
361,31.076842832856645,0.9023262486630672,294.46600341796875,4.504138469696045,0.11952959692818421,390.25103759765625,643.6449584960938
362,48.488512956772915,0.9955885489812454,2.9806101322174072,2.103271961212158,0.060038587163392464,475.75213623046875,458.7946472167969
363,46.67923330257926,0.998029027330248,6.400234699249268,1.93531334400177,0.057059731290555187,526.14453125,546.0711669921875
364,46.652274122053086,0.9959325949412504,19.151296615600586,4.164517402648926,0.05351905514576748,903.5888671875,941.5233154296875
365,43.44474646055767,0.996805603397766,6.3701558113098145,1.6431466341018677,0.08541908412069565,373.24517822265625,386.7165222167969
366,47.03746711122211,0.9981537760841834,18.127971649169922,5.034002304077148,0.06008845741790752,951.3527221679688,961.2293701171875
367,46.2999907898319,0.9956563990889934,19.159395217895508,3.7926461696624756,0.05579564981144618,937.2615356445312,905.4453125
368,45.33558913559928,0.9940052674804556,1.1293890476226807,1.3388996124267578,0.06982070179831179,193.67750549316406,196.5953369140625
369,41.151416812165856,0.9934794314751562,0.3776870369911194,0.40680450201034546,0.06462082093080569,67.54841613769531,70.29193878173828
370,44.425363654923174,0.9892651717360175,0.3727341294288635,0.4529150128364563,0.05974778439468085,98.94670104980469,101.6772232055664
371,40.900927313756426,0.9951162642431209,0.02557562105357647,0.10057028383016586,0.07578694345342644,18.786582946777344,19.203603744506836
372,43.400818981287934,0.9972647695933825,0.38336509466171265,0.4322578012943268,0.03584225639042005,120.03985595703125,95.34851837158203
373,51.31698903725738,0.9983003886706812,3.4411792755126953,2.4030685424804688,0.04551785090499787,707.6385498046875,683.3237915039062
374,43.30411480466242,0.994778710806702,0.23046010732650757,0.29004040360450745,0.0775554409232225,70.37118530273438,72.11746215820312
375,43.72215741525089,0.996895380910213,4.295112609863281,1.3879362344741821,0.06770170116375285,346.2828674316406,319.6566467285156
376,45.27868651704555,0.9930824804262972,20.892822265625,3.3556180000305176,0.056750360759064845,870.2049560546875,845.0304565429688
377,36.042929194702985,0.9847294971562145,0.14292719960212708,0.12278765439987183,0.0890860469050758,20.913095474243164,24.2486629486084
378,27.895102204012883,0.9125388341391665,1027.31591796875,10.210125923156738,0.10925370303228779,455.8724365234375,814.6539916992188
379,43.02461418481172,0.994236429040277,3.9740259647369385,1.3176448345184326,0.044547670981850605,274.9010925292969,282.5729064941406
380,25.623676495439838,0.9059649210796145,38.187767028808594,1.02423894405365,0.09263691660525063,77.22640991210938,119.04666137695312
381,44.19849921814159,0.9925627310763202,18.165624618530273,4.085130214691162,0.03219749842963831,743.2330932617188,697.0404052734375
382,42.33208579703564,0.9973054880697292,22.98387908935547,4.307288646697998,0.05744359662894846,710.5679931640625,629.3139038085938
383,33.9196432192492,0.9817437843580118,289.0767822265625,4.511526584625244,0.08198534647473434,707.5917358398438,877.5945434570312
384,44.21414296768458,0.9944375448151884,20.466630935668945,3.4598824977874756,0.05594576298728254,705.7685546875,735.3359985351562
385,47.670385251214626,0.9972805112323525,11.011018753051758,3.707648992538452,0.0743129005395404,798.7597045898438,803.6774291992188
386,32.934491909201725,0.9730078065296937,40.25017166137695,3.144824504852295,0.07879240140347951,247.3492889404297,282.7525329589844
387,44.691428081198936,0.9943048746870029,1.0732251405715942,0.8114282488822937,0.04909768450142531,190.8328399658203,178.26210021972656
388,35.72900740050886,0.9891526512071198,149.23631286621094,5.447286128997803,0.057378317176437925,1055.224609375,750.8641357421875
389,49.32095904448602,0.9983449861853239,7.547275543212891,3.0510237216949463,0.03772111726024669,852.0205688476562,807.0278930664062
390,44.82461183827059,0.995941734689185,32.2752571105957,4.119099140167236,0.04749253428712705,945.6480102539062,990.5146484375
391,43.84969003827766,0.9939667330314746,7.016628742218018,2.4270620346069336,0.0728448360675755,392.38885498046875,413.2050476074219
392,43.0490296287605,0.9946513918715734,6.867595195770264,1.7947545051574707,0.05776139673272726,396.97747802734375,372.64605712890625
393,45.385194226580914,0.9975754541601559,16.73460578918457,3.6776881217956543,0.061077765334813586,870.1814575195312,776.6365356445312
394,34.19311827883173,0.9773772646998843,44.27573013305664,2.0728721618652344,0.10385913358908665,271.4945373535156,341.4627380371094
395,29.675567799392066,0.9591864527686584,915.4620971679688,11.816283226013184,0.08518637288025407,668.4690551757812,930.8265380859375
396,49.944645950063546,0.9964143752867223,7.419889450073242,3.2407259941101074,0.035300643707140006,890.357177734375,858.5543212890625
397,29.667406026650482,0.9491541315296855,196.98329162597656,2.7424983978271484,0.10851685844682336,294.9462585449219,429.5650329589844
398,33.06625204061536,0.9797175429046339,276.78704833984375,3.1845386028289795,0.11057053769186685,535.92333984375,751.1201782226562
399,50.31211207106124,0.9981992277782891,5.29573392868042,2.6786820888519287,0.06136759350987181,754.112548828125,754.788330078125
400,47.99206753625539,0.9933343028843833,0.17160925269126892,0.3842504918575287,0.04685173261599487,104.72332763671875,104.02074432373047
401,33.05448968651236,0.9630436224966734,329.47216796875,3.9159433841705322,0.09201084402184942,578.667724609375,902.6503295898438
402,34.860195993818984,0.9667090265343679,79.53433990478516,2.0855584144592285,0.09387889635880863,416.44708251953125,505.74713134765625
403,30.562720468177535,0.9361947397667804,598.0415649414062,16.67921257019043,0.05495885952388811,695.30908203125,826.6309814453125
404,48.96417658503701,0.9958411388106883,1.305351972579956,1.226511001586914,0.05292045964238227,337.06597900390625,320.72955322265625
405,44.864136784363424,0.9935551412303627,26.14607048034668,5.557105541229248,0.04102947231762308,1017.598876953125,895.627685546875
406,44.732157187404304,0.9970563641212058,5.097449779510498,2.0850026607513428,0.05006361737790856,461.17645263671875,389.8124694824219
407,47.43961481913778,0.9947841290319175,0.0025191931053996086,0.06482917815446854,0.06517331010557699,12.18286418914795,11.826813697814941
408,28.769665726109537,0.9420060718680037,992.66650390625,8.851908683776855,0.09484674151233427,623.4291381835938,905.4766235351562
409,42.50421916432087,0.9947968267588669,0.47265172004699707,0.3367777466773987,0.07769400159024765,76.53153991699219,92.19538879394531
410,48.28182436094339,0.996785084268134,1.5197052955627441,0.9855818152427673,0.054854657134383644,318.0666198730469,319.99432373046875
411,45.97391419972608,0.9928996242636621,22.490955352783203,3.901078462600708,0.0704333027950263,977.4027709960938,950.1118774414062
412,48.750203346798116,0.9977171974193201,12.038880348205566,4.3294525146484375,0.049328249042020406,952.6593017578125,950.6565551757812
413,45.73496125156762,0.9952365442018637,8.788883209228516,2.7544515132904053,0.06304649735994529,561.234375,573.8644409179688
414,47.690256512603824,0.9951915009748825,6.789546489715576,2.430405855178833,0.05438009738389325,650.2008666992188,632.2053833007812
415,49.36495148655239,0.997876820088171,2.3322038650512695,1.61054265499115,0.03321293336137366,440.12713623046875,448.9970703125
416,38.755493578596614,0.9918414566692799,11.427010536193848,1.7817867994308472,0.06264611313918202,332.41796875,293.9175720214844
417,41.00265508167617,0.9952953581009117,8.418509483337402,1.8459843397140503,0.05267393450087112,386.2001953125,329.33587646484375
418,36.64642843703931,0.9833067875928307,97.44168090820312,7.580839157104492,0.04674161620570663,617.7686157226562,672.845947265625
419,32.25718133082426,0.9067226062971864,336.5090026855469,31.734596252441406,0.07751077169075472,689.97998046875,752.6221313476562
420,45.843460253354245,0.9968087297967098,16.306703567504883,3.6409494876861572,0.06468636069762054,851.8178100585938,791.7874755859375
421,43.63734784913839,0.9915222511756531,26.538002014160156,4.6947431564331055,0.0332088386429338,1018.66259765625,789.8285522460938
422,45.33020568487331,0.9975070072524441,0.24854625761508942,0.33672016859054565,0.06094803878664839,87.72732543945312,92.11489868164062
423,40.427186285674004,0.9952412775580236,22.121118545532227,2.9135565757751465,0.04697860797427837,613.69189453125,494.9258728027344
424,39.38732418315257,0.990212007372864,0.3925628662109375,0.42429620027542114,0.056102679842599194,51.980438232421875,58.50120162963867
425,40.48408878937948,0.9862941880590284,26.472122192382812,2.6306066513061523,0.06666420729891792,523.7509155273438,549.9793701171875
426,28.104796682399872,0.9433055567190866,291.11187744140625,5.00485372543335,0.08484351302022487,328.6231689453125,442.0889587402344
427,40.07154876478018,0.9837128284115294,77.3582534790039,7.4327216148376465,0.06061876039010084,838.6378173828125,887.8164672851562
428,42.45288473855828,0.9930361802117866,6.986854076385498,1.88979172706604,0.09866920416603124,335.5912170410156,351.5640869140625
429,41.88277113113534,0.9927575388467718,0.8775938153266907,0.6580848097801208,0.05518100994866108,128.38279724121094,117.949951171875
430,48.255556462993766,0.995897234777917,0.30674099922180176,0.4689948558807373,0.05348664582355024,138.1968231201172,143.84869384765625
431,46.80445321305862,0.998020142470597,11.441422462463379,3.4964542388916016,0.06658328877323197,836.9029541015625,761.7491455078125
432,41.86237628651377,0.9947461061587152,24.869802474975586,3.4973793029785156,0.05676177362444591,579.9354248046875,618.599853515625
433,36.64469174176762,0.9712612186207736,2.20717453956604,0.8600620627403259,0.06533075568636647,151.5590362548828,102.02155303955078
434,37.98056627208565,0.9781020058874499,1.1504558324813843,0.4944334030151367,0.05241999346581828,78.97733306884766,85.02269744873047
435,35.535807944441686,0.980991810867784,136.5338592529297,4.462336540222168,0.03940808101464399,973.2910766601562,701.2681884765625
436,46.8947778726112,0.997935220537663,0.11011286824941635,0.44737449288368225,0.0718564050350513,72.44502258300781,73.69024658203125
437,31.033914110820646,0.9763889049090468,521.4264526367188,4.889318943023682,0.10900839608454042,622.3764038085938,822.0382080078125
438,49.58399311571789,0.9986110596895464,5.4893798828125,2.3913586139678955,0.04994732162805194,702.3662719726562,706.5360107421875
439,45.95210354206883,0.9954616175685751,0.17124074697494507,0.3826368749141693,0.045452044300250606,85.68708801269531,82.2674331665039
440,40.975642632546126,0.9890053399422344,0.5865634083747864,0.4866648018360138,0.04152784672038556,79.89252471923828,85.75287628173828
441,44.947325932327004,0.9966344431396362,31.152544021606445,5.895968437194824,0.05826717182533277,935.0830688476562,986.6529541015625
442,45.74580392610004,0.99531067663302,3.7359225749969482,1.8707355260849,0.05878058597130312,403.22882080078125,374.8965148925781
443,41.170259864310374,0.9932789420718625,10.351679801940918,1.958421230316162,0.07409718353506385,340.7305908203125,371.2715148925781
444,45.64123086507023,0.996683464869011,18.020875930786133,4.445539474487305,0.06206254770622495,796.743896484375,812.9867553710938
445,43.2242433914213,0.995521316756528,42.612815856933594,4.41450309753418,0.0638235585829966,891.6917724609375,947.3013305664062
446,46.53514266870712,0.9969852457228583,21.56039047241211,4.571462631225586,0.05093604478089148,1118.652099609375,986.0150756835938
447,30.59369426541228,0.9533759224025765,458.63677978515625,4.537679672241211,0.10723415146034275,535.5413818359375,753.6248168945312
448,48.7198178543654,0.9965884636153378,1.7061800956726074,1.7982407808303833,0.06009974939911909,365.9660949707031,376.8833312988281
449,45.030083174502224,0.9921066379491759,0.20460383594036102,0.39861297607421875,0.0710698925725024,84.6084976196289,84.4172134399414
450,43.993194412000456,0.9959244930768776,24.085485458374023,3.0876474380493164,0.07606202454145514,757.0447387695312,777.3697509765625
451,42.95422154568378,0.9969540236535087,15.719046592712402,3.342010259628296,0.06254758537633406,534.2217407226562,558.8458251953125
452,27.811526473882672,0.9171293074009466,297.7279052734375,7.391650676727295,0.06608757926701381,346.1557922363281,424.79779052734375
453,30.993603230748306,0.9619802847366214,649.7504272460938,12.033729553222656,0.0689162030819748,765.8172607421875,906.4480590820312
454,43.81712127764147,0.9974543770123562,0.5098149180412292,0.5859503149986267,0.057610720507999744,130.16354370117188,112.08628845214844
455,34.530457102797364,0.9821871756830698,85.28836822509766,2.980562448501587,0.06715000590839022,434.1288146972656,493.1324768066406
456,39.416079461493396,0.9898801192994949,0.01724063791334629,0.06992720812559128,0.06559871249442856,13.749368667602539,12.342290878295898
457,46.450635857826164,0.9962258708304788,4.269531726837158,1.9921362400054932,0.04005879945110737,472.453369140625,469.1919860839844
458,53.3472284095466,0.9988653744245092,0.015135211870074272,0.20176652073860168,0.05503690653227099,58.59381866455078,57.246971130371094
459,45.308660855389185,0.9945294430289107,0.4213249385356903,0.6139376759529114,0.05489663050332314,116.27281188964844,119.6990966796875
460,42.1407344634013,0.9950802085231086,0.849706768989563,0.6437575817108154,0.08185995234097017,115.7367172241211,118.40872192382812
461,44.64229942197296,0.9948288064807561,14.473097801208496,3.4567229747772217,0.05852354645568142,626.0311279296875,649.5610961914062
462,27.660154124515117,0.8943719968422709,936.8282470703125,14.566917419433594,0.05693276408869383,563.615966796875,746.298828125
463,32.12021389531873,0.9556506950758067,207.45968627929688,4.396347999572754,0.08178276727899375,502.61651611328125,583.785400390625
464,41.24672287385603,0.9947412027540099,58.18087387084961,4.6847639083862305,0.0972677038536994,770.9639282226562,962.2103881835938
465,34.54201949787512,0.9865794456626362,48.502593994140625,3.003689765930176,0.03395966608734718,587.9954223632812,375.4956970214844
466,39.82416528752897,0.9911179663257825,8.40988826751709,1.4845914840698242,0.0568878969078646,366.0162658691406,286.4263610839844
467,36.89761887798896,0.9866964028162115,153.91122436523438,7.788607597351074,0.05666013308996402,773.109130859375,868.7305297851562
468,37.160000100453495,0.9866556758974113,9.600919723510742,1.19317626953125,0.06752017166870386,207.37603759765625,224.3722381591797
469,35.59562073146492,0.9848819507749211,237.55007934570312,4.312833786010742,0.09469265835810535,518.8715209960938,963.2593383789062
470,33.721379426438844,0.9760255946309697,0.072272889316082,0.07882463186979294,0.09214680517505788,10.61211109161377,13.14232063293457
471,46.46493023174532,0.9965041297016006,21.156700134277344,4.223154544830322,0.03598357225331784,959.8416748046875,969.908935546875
472,32.67225030421012,0.9844306619882092,0.9782983660697937,0.22160319983959198,0.16518978436717996,36.14070129394531,44.11675262451172
473,33.2334083084224,0.9597973520603219,373.85137939453125,7.530800819396973,0.06200115297731077,816.1826171875,891.251953125
474,40.49400882508514,0.9883971237822583,24.846248626708984,2.5516631603240967,0.06973978123282605,516.20947265625,528.1734008789062
475,47.72554598121459,0.9959978940901495,15.635736465454102,4.285223960876465,0.06576839292150798,1027.8509521484375,992.9718017578125
476,44.09745394717749,0.9938569602674744,0.21457670629024506,0.36436936259269714,0.07559169741104314,75.47244262695312,74.72277069091797
477,47.95908124321622,0.9972419837495491,4.422948360443115,2.3788082599639893,0.040644729282320304,590.9708862304688,554.3004150390625
478,45.49827522147821,0.9959962375854191,26.47077751159668,3.606886386871338,0.06165258130371254,929.7095336914062,969.333251953125
479,43.53039016971378,0.9951665146954903,12.139605522155762,2.4071192741394043,0.05935249613289181,506.7378234863281,523.5747680664062
480,42.445330397841126,0.9847245197301063,22.54642677307129,2.7816646099090576,0.06132017287684458,595.0118408203125,629.7692260742188
481,38.78508254896866,0.9911205161312908,63.446895599365234,3.4709928035736084,0.08934386455617373,618.7268676757812,696.0529174804688
482,51.35983061391865,0.998785402091418,1.5120781660079956,1.6273155212402344,0.04731963574993971,454.9610900878906,455.0865173339844
483,42.33983618041594,0.9964565724841827,22.7272891998291,3.182610034942627,0.06756425650698858,721.3126220703125,627.9305419921875
484,34.091260665139814,0.9858857054336398,132.93255615234375,4.276600360870361,0.04453671703295174,712.7918090820312,584.72998046875
485,46.59531195122567,0.9980795206454024,17.51553726196289,5.243972301483154,0.059853369638071044,991.9468383789062,901.2568359375
486,48.27462348726441,0.998949437887553,0.03126086667180061,0.20787791907787323,0.055761591794922856,50.87554168701172,46.40093231201172
487,33.47949317669355,0.9680592392189707,35.14238739013672,3.1876535415649414,0.055392962829503484,225.7860107421875,281.6822204589844
488,42.4243149276859,0.995317298669072,51.56283187866211,4.718679904937744,0.08900735023822136,915.6886596679688,950.4610595703125
489,26.28742219886277,0.8929439091399481,1828.8623046875,16.895648956298828,0.0848305660102862,566.3711547851562,890.37353515625
490,29.013382987699195,0.924202976196666,236.10693359375,4.582726955413818,0.09536175143023017,304.6199035644531,456.20111083984375
491,35.60770121517223,0.9862655779218034,105.53411865234375,8.013605117797852,0.04960610613871417,549.9176635742188,620.512451171875
492,39.02958178708404,0.9844122522109803,9.65987491607666,2.3332364559173584,0.05993473617696668,257.5161437988281,278.1037902832031
493,45.97113244480245,0.9959243016992191,0.9019937515258789,0.9533365964889526,0.05884192471244342,182.2111358642578,188.93304443359375
494,50.737065046588825,0.9988335606914064,1.8162667751312256,1.517129898071289,0.040950654378797795,457.9440612792969,464.2347106933594
495,51.19377040723435,0.9979496211951485,0.9497259855270386,1.1454942226409912,0.04679241731405183,369.6031799316406,353.9988708496094
496,40.66139739834252,0.9955187394246229,25.36745262145996,2.726532459259033,0.07405109106709727,508.91015625,584.0724487304688
497,37.03104670630565,0.9903622063413124,1.1853923797607422,0.37902912497520447,0.07218068506142347,70.46233367919922,78.65690612792969
498,44.28065083125813,0.9924890296408758,35.366886138916016,5.001817226409912,0.04902713211517833,1038.1871337890625,974.42041015625
499,36.12006089114119,0.9925415725807657,235.0647430419922,8.149775505065918,0.056801336496418144,1438.150146484375,986.2245483398438
500,45.944440389195016,0.9954711399334257,12.039331436157227,2.9544591903686523,0.06061795765849233,730.3258056640625,698.4635620117188
501,47.0986048440373,0.9983376139550018,5.6107282638549805,2.19492769241333,0.059163813876777195,578.7142333984375,536.5602416992188
502,31.20618348271038,0.9755969174798305,67.53453826904297,1.722174882888794,0.10356602501770819,193.70556640625,310.21807861328125
503,47.08178760150071,0.9962301416970382,12.95315170288086,3.4512200355529785,0.06293881158159666,833.1868286132812,813.981201171875
504,41.21203500569824,0.9957192745463398,35.06486892700195,3.8600025177001953,0.05161035620347733,824.42578125,685.0464477539062
505,51.01345507221633,0.9989259007114867,0.21117167174816132,0.6200722455978394,0.04755374848247754,165.24244689941406,163.45431518554688
506,46.4053545193741,0.997253593368796,18.84871482849121,4.268492698669434,0.07030300638606492,967.4251098632812,911.0162353515625
507,44.62662696610853,0.995525639338882,22.42593002319336,3.0606307983398438,0.06792712696059318,908.2225341796875,822.7147216796875
508,29.502900545783266,0.9555649045466516,993.411376953125,9.811676025390625,0.09598657034995105,648.9642333984375,949.85009765625
509,44.4434313945997,0.9856129317122471,18.768943786621094,2.8442277908325195,0.059066339165642426,717.3239135742188,725.9937744140625
510,28.22375522253587,0.9327593023837828,510.6014709472656,5.27255916595459,0.09541801566010934,397.91058349609375,613.8017578125
511,36.42916804943444,0.988124805399754,39.7271842956543,2.9717445373535156,0.06688809718764449,379.11669921875,418.8247985839844
512,28.843746830338787,0.938902355126952,966.86572265625,7.446240425109863,0.09465291774367482,572.4954223632812,932.7957763671875
513,47.292454365632395,0.9955846959930701,13.92509651184082,4.012753009796143,0.06478438755422086,922.2386474609375,866.1978149414062
514,48.22423332357529,0.9918083898546279,0.03203238919377327,0.19819189608097076,0.057632726087032606,46.4339485168457,46.1734504699707
515,37.958079243971326,0.9903116365212282,0.1157866045832634,0.14006307721138,0.06084087694832234,34.06129455566406,27.340606689453125
516,36.56113734364404,0.9714703545112728,30.09966468811035,2.179877519607544,0.07551506815540783,332.3420715332031,377.0869140625
517,45.95565824778683,0.997452693457943,15.497247695922852,3.4075136184692383,0.05587370616222943,911.2490844726562,810.7427978515625
518,48.403975263177195,0.9977779793327192,13.569779396057129,4.232588291168213,0.03942846516958396,1065.3477783203125,987.2888793945312
519,31.320294116522387,0.9693257919598228,14.11191463470459,1.1123915910720825,0.08726550926599567,110.11001586914062,151.2664794921875
520,45.208248109980204,0.9972258032413951,10.557987213134766,3.158081531524658,0.07038774516511043,589.7191162109375,594.5365600585938
521,44.29729915577322,0.9924263822835543,5.408021926879883,1.9359806776046753,0.045032653057352115,369.9173889160156,381.5099792480469
522,34.74342499670947,0.9474818712831741,315.1625061035156,10.113057136535645,0.026155731539010615,1619.510498046875,969.9444580078125
523,29.649804242657947,0.9424789754144743,462.9097595214844,6.322201251983643,0.07697955921808562,543.0413208007812,842.2767944335938
524,44.90113537800782,0.9901227398830301,22.736919403076172,3.920321464538574,0.051431879800388484,876.80078125,838.4903564453125
525,42.91696646121505,0.9966772881608507,10.672669410705566,1.8653699159622192,0.09515894994883665,453.02154541015625,469.2244567871094
526,32.476475350246254,0.9547922672901852,96.98284149169922,3.2448532581329346,0.07210737129030205,361.53729248046875,415.4046936035156
527,29.31135544803706,0.9210574727186355,87.11775207519531,2.570645332336426,0.06755754650953186,230.9215087890625,274.1336669921875
528,41.02087291097056,0.9945047341663894,0.25495317578315735,0.3222513794898987,0.06714372821072168,72.5499267578125,57.319122314453125
529,50.043386853887135,0.9989756785248578,7.399735927581787,3.3494479656219482,0.059696154306038314,851.43994140625,864.857666015625
530,34.86378220192243,0.9876104383061421,211.88804626464844,5.517240524291992,0.0976250351365515,688.3197021484375,813.088134765625
531,47.168207514954545,0.9978811823146877,19.16634750366211,3.734133720397949,0.06930093896236787,961.52099609375,999.7179565429688
532,45.88219078654725,0.9960349528167024,25.517261505126953,5.584150791168213,0.07474791608476528,973.0656127929688,996.6401977539062
533,32.77647843634495,0.9809355137887016,161.46926879882812,4.981446743011475,0.06598277905668169,463.00799560546875,555.8762817382812
534,34.28017893955423,0.9748508273724801,220.02590942382812,9.674359321594238,0.06816393327641841,683.1143188476562,769.2184448242188
535,31.87131972641894,0.950659848301757,483.1234436035156,6.394026756286621,0.12238993714365,365.7709655761719,944.8209838867188
536,44.54711741066143,0.9937540800978648,25.29155731201172,4.923923015594482,0.06121824807166248,907.6361694335938,849.7977294921875
537,47.85431759360458,0.9956701561977743,1.0083307027816772,0.9466016888618469,0.05250416297331317,247.6957550048828,248.1007537841797
538,36.483509080347964,0.9866526691690933,45.432674407958984,3.5568645000457764,0.06825232352294475,366.5520935058594,451.0935974121094
539,38.32590614117169,0.9893859852301446,2.475022554397583,0.9037980437278748,0.05667514452752576,122.09061431884766,130.03025817871094
540,25.523923367757554,0.8971960726962978,2472.978515625,10.706974029541016,0.09958868863134206,516.0726318359375,954.0969848632812
541,43.87072504573483,0.994740219169726,15.007524490356445,2.9672067165374756,0.039919787245073717,721.6411743164062,606.5684814453125
542,29.08993771239175,0.9313200043189513,64.43226623535156,1.673849105834961,0.0979744685590025,162.5686492919922,229.41416931152344
543,31.761603333618453,0.9570748145827568,297.3986511230469,5.900851249694824,0.08278351901630099,536.77734375,672.0289916992188
544,45.85401718372543,0.9952014798780959,9.928772926330566,2.79717755317688,0.07034049031820656,608.92724609375,618.5101318359375
545,41.2011555259439,0.9894721405917031,9.66960334777832,1.9327863454818726,0.05584346395672656,345.65130615234375,358.8045654296875
546,43.02017706562392,0.9962118736269304,0.645313560962677,0.48862844705581665,0.05780339700370773,110.98005676269531,114.44403839111328
547,32.79935749179078,0.971744785229488,226.6928253173828,4.41444206237793,0.07953245489451949,526.2289428710938,671.901611328125
548,34.76063762404086,0.9881742477601527,88.41722869873047,2.006788492202759,0.09758539494642417,357.4189758300781,520.7874145507812
549,46.109987803063134,0.9974754000134513,14.389365196228027,3.5589210987091064,0.041112904428603284,773.8515014648438,772.5460815429688
550,34.26558494090953,0.9788751112541301,98.93365478515625,2.5805976390838623,0.08610378138914337,375.6552429199219,520.643310546875
551,46.30065567163222,0.997335213656519,13.767996788024902,4.042265892028809,0.036972003632271135,953.83837890625,852.329345703125
552,46.07571498984585,0.9965510629155934,7.529757499694824,2.532348394393921,0.06266378642256133,541.5316162109375,552.3549194335938
553,35.196316910894495,0.9880430229984692,76.87786865234375,2.016434669494629,0.10914208182876875,368.49737548828125,561.3770141601562
554,32.390312409225686,0.9761922505095032,407.60986328125,4.947769641876221,0.10510897232626856,568.7722778320312,876.7769775390625
555,47.976341381601074,0.9973074938213862,2.598360300064087,1.770155906677246,0.043444047103248805,409.1587219238281,404.0793762207031
556,41.35418098787399,0.9972904642699796,1.3256546258926392,0.6440470814704895,0.046494658962592986,156.80645751953125,134.88121032714844
557,27.608411532036577,0.8447660921541931,1.5004199743270874,0.3061179518699646,0.13293338297287938,21.519987106323242,29.75389289855957
558,49.178871958010006,0.9983151016220588,6.886812686920166,2.7605326175689697,0.05094906665151253,742.1569213867188,755.3821411132812
559,52.53304328273272,0.9988925246938956,2.1484718322753906,2.145944833755493,0.0572786710149074,644.0433959960938,620.6892700195312
560,49.55802283218583,0.9986777159666991,5.4872541427612305,2.3237857818603516,0.05851402040128301,707.1495361328125,704.3756713867188
561,33.714247862141214,0.9846321908897414,19.136829376220703,1.95645272731781,0.07750218265730544,171.78445434570312,213.75119018554688
562,44.58109277737677,0.9965001226424924,0.6301102042198181,0.6710620522499084,0.05767210817312896,154.35292053222656,137.235107421875
563,47.59834521666556,0.9965337161493745,0.004188950173556805,0.09370142221450806,0.07102775544909798,16.422277450561523,15.530120849609375
564,38.38793564613364,0.9886296937247917,17.865764617919922,2.0154712200164795,0.09637000349141371,330.400390625,351.2369689941406
565,37.027221235264875,0.994546036955865,66.66387176513672,3.005173921585083,0.07943140222819012,520.2940063476562,590.3277587890625
566,38.98143696728171,0.9915277528873538,13.678203582763672,1.9806787967681885,0.03178547160949027,599.17431640625,392.851806640625
567,48.15966004873331,0.9979995007331649,2.9304957389831543,1.7980257272720337,0.038064087141746764,467.5014343261719,438.0374450683594
568,25.87214597455929,0.8536291031591725,2050.214111328125,22.680307388305664,0.1239715387625148,481.1595764160156,904.2545166015625
569,48.8134656416142,0.9973348305475109,1.5995920896530151,2.1161274909973145,0.06447476319776001,352.7627258300781,348.9072265625
570,41.53987405761618,0.9962221138156235,18.15070915222168,2.798090934753418,0.10980523522128857,467.6622619628906,514.4755249023438
571,46.377677320535284,0.9924997837427846,14.10378646850586,3.2731873989105225,0.07529268704131437,776.4445190429688,783.869384765625
572,34.90501399904429,0.9841295670529576,44.01752853393555,1.8052055835723877,0.13097938055771488,280.6568298339844,397.146240234375
573,37.980046199766925,0.9760880624362189,61.50242233276367,5.096010684967041,0.058343175511464195,561.0704956054688,622.464599609375
574,35.962553740386284,0.9862317590521585,185.15304565429688,4.81364631652832,0.09114048379295604,760.3012084960938,862.5013427734375
575,40.204640525645786,0.9809641982318201,85.99136352539062,15.873063087463379,0.062027686439463034,920.4520263671875,949.5711059570312
576,39.98112366803652,0.9940593364284257,2.1951684951782227,0.724004328250885,0.055435809307380034,126.26636505126953,147.92640686035156
577,29.835656714166404,0.9542368748470357,853.6768188476562,9.156731605529785,0.07681021761722497,649.5045776367188,926.6610107421875
578,40.52939789213344,0.9910506450939228,21.360544204711914,2.719468355178833,0.058259570411115805,463.4032287597656,492.6241760253906
579,29.809678183985653,0.9583186767726245,69.58031463623047,2.7484781742095947,0.10844532315545674,202.809326171875,258.98614501953125
580,48.049802935016565,0.9990226882284025,3.30629563331604,2.137969732284546,0.07207154963603189,488.16473388671875,459.6766052246094
581,48.8186826099303,0.9976308587073541,12.604204177856445,3.526888847351074,0.06253552710164942,1003.8422241210938,980.0525512695312
582,24.85384424178237,0.7702894740162746,786.6605224609375,24.963701248168945,0.11478422964953527,328.4152526855469,493.12548828125
583,53.73201509504307,0.998952805396204,0.45920056104660034,1.1518900394439697,0.04733689422367691,340.50872802734375,329.4228515625
584,39.15044556368735,0.9929688773411101,48.450462341308594,3.9507076740264893,0.06416158284031782,589.8125610351562,633.7674560546875
585,41.60009984993562,0.9942051080142996,3.808476686477661,1.1063629388809204,0.04966449949200191,283.12969970703125,240.9054718017578
586,35.09154229932699,0.9793649242635358,1.8204799890518188,0.7162620425224304,0.05179859450733596,96.85826110839844,76.78746795654297
587,49.158758579953535,0.9980615942101729,0.2041037529706955,0.5006901621818542,0.041654859816585954,136.82940673828125,129.75083923339844
588,45.765063589317585,0.9981760316988755,0.4394931197166443,0.6229366064071655,0.046241204419684524,140.65740966796875,128.91778564453125
589,41.72998751548459,0.9958251518330953,1.4940202236175537,0.8010765314102173,0.03927148487349026,239.02108764648438,152.75079345703125
590,39.619463579955145,0.9931913289031008,2.0601534843444824,0.656321108341217,0.060271063322578644,127.31871032714844,139.68833923339844
591,36.096375564734004,0.9919220521446352,97.2048110961914,2.262186050415039,0.0909568962564318,460.6069030761719,641.23388671875
592,32.924088471453715,0.9823836494925344,16.14183235168457,1.156165599822998,0.10306517020405508,143.75059509277344,182.69821166992188
593,46.07260923108943,0.9940815772649797,2.9588358402252197,1.7595263719558716,0.07286831294867985,353.5193786621094,346.3216247558594
594,45.72811415857422,0.9939535616967208,21.315799713134766,4.0671186447143555,0.06956456915434649,896.3206176757812,896.8916015625
595,48.05083971057382,0.9973818711144513,3.4400370121002197,2.3573033809661865,0.07189064333397321,537.3333740234375,474.4876708984375
596,43.850596220633456,0.9973333067384667,18.1934871673584,2.968731641769409,0.08495471104531738,662.5243530273438,667.8901977539062
597,51.39772934272447,0.998275637626648,0.21691444516181946,0.5931894779205322,0.06984978516109515,172.59622192382812,173.14755249023438
598,49.38760909001263,0.9983249984074181,0.4289931356906891,0.7542397379875183,0.07961802193960736,193.71775817871094,193.0967254638672
599,50.71339617845301,0.998012752463451,0.014841616153717041,0.1641327142715454,0.04796718903000937,42.33462142944336,41.8277473449707
600,40.02329893976612,0.9926537626237446,2.8585779666900635,0.8642749190330505,0.04472684127325533,159.05361938476562,169.76612854003906
601,44.81947501390817,0.9929982866203821,2.5715086460113525,1.275528073310852,0.041785924388645646,293.12091064453125,279.3117370605469
602,30.21562347299343,0.9233541998318981,25.792322158813477,1.7118321657180786,0.12145507011080327,62.28342819213867,177.83348083496094
603,50.01136923942008,0.9971585171787363,0.07998662441968918,0.3266478180885315,0.05640288782316446,92.3575210571289,89.61383056640625
604,46.326036151346955,0.995897022378703,0.33373984694480896,0.5517328977584839,0.06930980078855924,132.13873291015625,121.5152359008789
605,27.858920436804713,0.8852349320586129,346.34747314453125,8.612872123718262,0.11653268084995272,285.1778564453125,461.3179931640625
606,47.60598921048264,0.9975571682670906,0.7430611848831177,0.7772365808486938,0.04650498887448768,201.50274658203125,207.12738037109375
607,50.30896392086771,0.9986310499740458,1.2338594198226929,1.7266457080841064,0.07083497773033652,384.1614074707031,364.90557861328125
608,45.1666009879726,0.99667502875114,7.710691928863525,2.0369412899017334,0.07511738385377,520.904541015625,503.9138488769531
609,51.26294123296628,0.9984488212287241,3.561955213546753,2.759521245956421,0.04637343609888139,719.9257202148438,690.7044067382812
610,32.34282840733516,0.9046949083744803,0.9452598094940186,0.44473978877067566,0.03463099405371528,58.64511489868164,40.2728271484375
611,46.95663165442519,0.9970754354546314,12.685479164123535,3.724931001663208,0.10808380924603272,842.4973754882812,799.6109619140625
612,36.855230246611676,0.9873531616693679,80.92144775390625,4.810046672821045,0.07001287102815287,555.1289672851562,628.2724609375
613,28.594994464119612,0.8593967578573161,9.375153541564941,0.7131232619285583,0.11003412263204905,53.95278549194336,82.67727661132812
614,46.20210794073262,0.9971472580827796,18.193994522094727,3.6940972805023193,0.05485656415378552,874.080322265625,873.7050170898438
615,34.315963194263944,0.9816680275772625,307.2534484863281,5.732081890106201,0.08105812481227846,789.269287109375,920.9515380859375
616,43.97297824780323,0.9941610525390066,0.14475804567337036,0.2571527659893036,0.08724804911319553,60.644691467285156,62.01688003540039
617,34.37327774455812,0.9823172693097555,27.929147720336914,2.3502161502838135,0.07206296952246825,233.46536254882812,277.60076904296875
618,23.82808601186289,0.8417082974049037,2617.27880859375,18.821670532226562,0.13613179557628696,403.7066955566406,806.3950805664062
619,31.635605097898996,0.9550358395412242,375.1898193359375,4.268836975097656,0.07891892520139221,533.6766967773438,748.5114135742188
620,34.77834529727814,0.9740544537887731,11.410612106323242,1.7626105546951294,0.07317335766728765,164.10931396484375,185.3365020751953
621,28.95311488229147,0.9134533691789493,52.350582122802734,2.0508944988250732,0.14351681991808224,138.822998046875,210.1399688720703
622,49.765570226430015,0.9980336233466033,1.4532945156097412,1.5415832996368408,0.06942154394302856,365.57177734375,371.10162353515625
623,30.894101265169507,0.9540741381507417,188.6699981689453,4.838518142700195,0.12659740464082614,399.15936279296875,485.0384521484375
624,46.99756904553326,0.998927887194666,7.601018905639648,2.9519922733306885,0.055890060508739375,657.0267333984375,618.6365356445312
625,43.52078232022707,0.9911350579884276,5.993948936462402,1.8580080270767212,0.04992090457374429,388.0412902832031,369.54473876953125
626,46.736670350191446,0.9952711051616383,4.542963027954102,2.1174442768096924,0.06210730429006269,448.01568603515625,463.0721740722656
627,38.70337804102077,0.9835406553972862,75.21261596679688,5.480138301849365,0.045956368403551634,677.4976196289062,747.7234497070312
628,31.62601472185106,0.9752214593184253,0.7799807190895081,0.1931326985359192,0.10672777773089798,23.507431030273438,37.64651870727539
629,33.90092682966456,0.9613033906317348,25.673904418945312,1.4960806369781494,0.06540570267149196,216.1842498779297,253.18450927734375
630,42.0010296896469,0.9894197388207088,32.05482482910156,3.365708589553833,0.035354806621485275,874.4320678710938,713.63623046875
631,32.06865426619155,0.978436758205433,489.0922546386719,3.932177782058716,0.1259500805152979,513.5833740234375,895.3116455078125
632,38.461561494813324,0.9923686589680466,36.81722640991211,2.2513935565948486,0.09023904688583682,439.8833312988281,512.165771484375
633,46.26509019688248,0.9983983727246984,6.667509078979492,2.60141921043396,0.06504810674221027,581.6780395507812,532.5813598632812
634,35.43385289452417,0.9808842564238114,3.330031394958496,0.8889040350914001,0.037165929345768074,162.34983825683594,108.0648422241211
635,46.89316082212695,0.9970755743476013,4.101109504699707,1.6256197690963745,0.053950722718469124,483.07073974609375,447.9649658203125
636,48.83238222809001,0.9982942956181625,3.716193437576294,1.8102971315383911,0.046586872791572524,568.708251953125,533.0846557617188
637,27.651896162794447,0.9475408316473597,95.92233276367188,2.4015800952911377,0.18797732674980014,137.07925415039062,243.22802734375
638,40.89217000440993,0.9837182519421119,5.934348106384277,3.691607713699341,0.05325212528643267,256.876708984375,269.9739990234375
639,44.00634205306049,0.9963498080631774,5.611901760101318,1.6614887714385986,0.06011580715147909,426.76513671875,377.9068908691406
640,32.93734839792937,0.976282350111549,0.22158470749855042,0.20134857296943665,0.07870848955830258,18.268205642700195,21.05112648010254
641,33.87002205523936,0.9864302370139811,41.478660583496094,1.8131275177001953,0.07885386080376,258.1791076660156,322.757080078125
642,40.69965761360138,0.9963188065433157,3.7645182609558105,1.0993510484695435,0.03246928436290734,270.345458984375,212.23655700683594
643,37.40017753763239,0.9844416177555749,19.327259063720703,1.990185022354126,0.06237610707225021,305.5934753417969,328.16986083984375
644,36.025817804253016,0.9805754712553093,3.285654306411743,0.5864359736442566,0.06498046031263499,96.32264709472656,120.64237213134766
645,49.38984405246551,0.9988621778716982,9.124082565307617,3.127098560333252,0.0561449172526945,867.7047729492188,890.6367797851562
646,42.75955612494676,0.9958642606303418,18.609241485595703,3.0130083560943604,0.07591314686439925,580.3506469726562,593.9988403320312
647,29.870358117292703,0.9694405207170176,423.734619140625,4.490077495574951,0.10059737770305309,445.6644592285156,679.4232177734375
648,30.341986275458503,0.9012944526863973,485.5265808105469,5.071443557739258,0.11615248317536898,414.540283203125,789.382080078125
649,47.99317103222788,0.9977886641572996,3.950058698654175,1.9042340517044067,0.05236252048874763,519.4188842773438,498.9437561035156
650,31.034578689182748,0.9736389887083795,3.3853230476379395,0.3543094992637634,0.12299008801120187,38.88978958129883,87.83336639404297
651,37.17595461834345,0.9924688387519927,55.24979782104492,3.3940882682800293,0.0342807204799689,637.4517822265625,537.5694580078125
652,39.52519106813647,0.9936757703898984,36.621826171875,2.372283458709717,0.0781217989129588,524.9385986328125,587.2542724609375
653,45.25211804922971,0.9941999207340158,16.225698471069336,4.187241077423096,0.05925091694363834,819.7984619140625,745.6940307617188
654,44.32179613940657,0.9963809044799077,6.879541397094727,2.215198516845703,0.05804067078958902,470.85150146484375,432.2278747558594
655,42.14608928605034,0.9895733900145235,1.004016399383545,0.7679213285446167,0.06824391973535268,119.90364074707031,128.45272827148438
656,31.067712717162873,0.8881727171594698,52.308570861816406,1.7885208129882812,0.10154655783943797,177.39886474609375,284.49212646484375
657,29.348368150913483,0.9603224712490297,123.57630157470703,2.1647071838378906,0.11025576464237703,194.65162658691406,363.7192077636719
658,32.54582751532759,0.9799628200853326,158.01901245117188,2.703418731689453,0.1204130393993041,330.3338317871094,646.2713012695312
659,40.76546179353784,0.9943484878484679,25.265867233276367,2.324941396713257,0.059234123172890445,526.5093994140625,571.20751953125
660,27.547757532505702,0.8626200382694261,216.98658752441406,3.5542807579040527,0.1196173669654854,219.34410095214844,356.7406311035156
661,49.338092657954235,0.998454123227958,10.830526351928711,4.436145305633545,0.06632093694060588,996.3392944335938,986.5287475585938
662,26.037611714392682,0.8857893060981243,906.2237548828125,6.086029052734375,0.06418922005529579,440.9104919433594,606.1690673828125
663,46.639307399186656,0.9937299803529853,1.223357081413269,0.8379155397415161,0.03375515995123909,255.2137908935547,237.98956298828125
664,29.854551193649744,0.9148264738843537,10.865677833557129,1.4659134149551392,0.08024391562075874,82.86511993408203,102.6806869506836
665,43.02901279307161,0.9954838688005727,1.1752859354019165,0.6900669932365417,0.05091343002258531,148.4375457763672,153.70628356933594
666,40.58795240656109,0.9949600630131299,5.232625484466553,1.6234225034713745,0.07503673809702709,277.4053649902344,246.71177673339844
667,48.55166783830662,0.9977820761986192,0.3638566732406616,0.7087724208831787,0.04435675917915433,161.63006591796875,161.52069091796875
668,41.71802332847929,0.9899296276771125,2.3320376873016357,1.1776843070983887,0.07064893659295059,193.9154815673828,187.38046264648438
669,31.793055276040164,0.9478501133443893,53.97572326660156,7.225766658782959,0.06028420107736934,241.6350555419922,285.81005859375
670,30.84644144182576,0.9607845780019667,23.204166412353516,1.1267870664596558,0.09137402276184714,113.10631561279297,174.20022583007812
671,32.23763821973945,0.9650177293302351,478.9988708496094,8.010271072387695,0.06031484656993506,703.4017333984375,896.86865234375
672,46.78786990190431,0.9969229877487179,0.13789942860603333,0.3282862603664398,0.0502129778541154,78.35070037841797,81.15351104736328
673,51.253928611792546,0.9981692400909922,2.062843084335327,1.8468412160873413,0.04522550407758862,535.7280883789062,524.9868774414062
674,34.768148650605774,0.9639632358581935,55.34934997558594,1.6584582328796387,0.07708692811892273,210.6167449951172,410.9864196777344
675,47.31885772994175,0.9967797669217805,16.895587921142578,4.590938568115234,0.056291671821184,980.3444213867188,982.396240234375
676,36.53012541150643,0.9850344780152058,2.5044968128204346,0.4771796762943268,0.07480109092892007,91.5020523071289,112.92686462402344
677,44.967650560667735,0.9943461910243866,5.048859596252441,2.016103982925415,0.05423988176298224,390.7556457519531,398.4577331542969
678,34.98847155557569,0.9786414805611344,295.7950744628906,7.340800762176514,0.059989881101060884,853.7708740234375,969.5009765625
679,51.228788800014975,0.9981521698497274,5.622284889221191,3.1327602863311768,0.035477619603083974,858.9570922851562,865.6416015625
680,38.722604873095335,0.9851877262471753,89.57201385498047,7.321268081665039,0.05513033068071659,726.6449584960938,817.2550048828125
681,32.94286878237506,0.9713646192391959,33.71448516845703,1.952751874923706,0.07416736239897624,222.97515869140625,258.6449279785156
682,32.92784631757663,0.98139039144858,14.328203201293945,1.1393719911575317,0.08967825908851831,138.12001037597656,171.71670532226562
683,50.123652511062815,0.9987858615823328,4.345125198364258,2.260289430618286,0.050097501420158876,657.988525390625,668.9745483398438
684,38.77688642946296,0.9946638441061211,100.80934143066406,4.047579765319824,0.042663667415237506,1083.1729736328125,929.4465942382812
685,54.218494784523195,0.9991951251731199,1.1746714115142822,1.8383069038391113,0.05062786721689892,565.5755615234375,557.2061157226562
686,48.908411458479236,0.9984689018274855,4.189608573913574,3.1187450885772705,0.06283178738850007,598.555419921875,572.0410766601562
687,44.194741563586106,0.9941744053173115,2.9988629817962646,2.217510461807251,0.04012757391577514,275.11773681640625,280.6991271972656
688,51.84820481480375,0.9984674786205017,3.8690919876098633,2.6314680576324463,0.05910665594834683,799.3897705078125,769.7234497070312
689,47.903641592889166,0.9978075686254,0.5717202425003052,0.7387908697128296,0.0546241807916018,182.80743408203125,187.85670471191406
690,52.88413092218551,0.999001601255346,0.5408631563186646,0.9344167113304138,0.04755970948434512,329.29791259765625,324.3555603027344
691,47.719309341275846,0.9970576075608271,3.045224189758301,1.840247392654419,0.07318827085974952,445.9306640625,426.0110168457031
692,37.23761657531371,0.9840684379032891,48.56117630004883,3.067631483078003,0.07829498899564967,469.5214538574219,508.102783203125
693,46.018714334595465,0.9983874309819549,1.470557689666748,1.195241928100586,0.04957913863132708,272.33447265625,243.16732788085938
694,39.05027923240441,0.986143159069759,1.6641998291015625,0.7249249219894409,0.04647372993159052,101.32416534423828,115.72198486328125
695,24.379969881825016,0.8682284952690142,1336.7708740234375,8.194611549377441,0.138718339071782,283.1793518066406,611.0093994140625
696,49.29909296450561,0.9980092892429039,0.9615265130996704,1.2863740921020508,0.08721025870864262,299.05755615234375,289.3419189453125
697,26.570267092918876,0.899293878053241,714.6028442382812,4.722532749176025,0.15486527028491184,302.2250061035156,581.656982421875
698,42.39443123299813,0.9962942387266671,1.3514829874038696,0.7490944266319275,0.07957088786533713,149.27232360839844,155.20835876464844
699,48.205660228019596,0.9971904784317971,3.48012375831604,2.2889678478240967,0.07774307520085735,483.18109130859375,481.6589660644531
700,42.70504249771945,0.9963451346345976,15.105755805969238,2.6285018920898438,0.05200909709557487,500.7386474609375,533.0568237304688
701,28.35090185187814,0.9210162788952228,3.6462037563323975,0.3750104308128357,0.1549015458314006,37.484352111816406,52.77171325683594
702,41.673191298327,0.9963407924454525,7.686190605163574,1.90558922290802,0.05140065402471253,433.7251892089844,337.2676696777344
703,47.188553165629095,0.9977079023548447,0.3451969623565674,0.7636328339576721,0.06309413506968184,135.44554138183594,135.28025817871094
704,30.572621644150203,0.9276788493623656,3.5216493606567383,0.553541898727417,0.08219812653935493,46.82086944580078,64.31159210205078
705,50.90313843733371,0.9977667220974854,7.93026876449585,3.1564555168151855,0.06011948359703304,995.9712524414062,989.9702758789062
706,45.472325077348714,0.9957514217948028,2.663724899291992,1.174835205078125,0.04390845496531036,319.764892578125,323.031494140625
707,36.460342252591175,0.98129994772044,147.95712280273438,5.801653861999512,0.03571396047273388,1107.5350341796875,810.0645751953125
708,37.87441189438451,0.9926212465676976,8.823716163635254,0.9787014126777649,0.05809529606888646,219.2097930908203,255.38601684570312
709,44.85512483076492,0.9924396285239387,15.188953399658203,3.2766330242156982,0.05321317649980944,698.864013671875,681.8212280273438
710,35.22502672529801,0.9831366921756782,171.31568908691406,5.138671398162842,0.1072714932955549,636.42041015625,760.4676513671875
711,33.260561823894335,0.9872408579454457,164.03062438964844,4.861728668212891,0.032619493488474774,972.3359985351562,596.0430908203125
712,47.616799571476506,0.9943249798442311,3.854966640472412,1.7781726121902466,0.031046197719579827,495.38568115234375,472.1046142578125
713,38.899560171115006,0.9942786949614623,19.58462142944336,1.6800364255905151,0.06957320999870108,300.4943542480469,412.4290771484375
714,44.77713401787771,0.99124483370498,4.065748691558838,1.36566162109375,0.07904374217111329,355.1388854980469,349.5194091796875
715,30.508008900807695,0.9143847214996091,768.5399169921875,11.602538108825684,0.020862158582097414,2201.85205078125,929.599609375
716,34.8624221298578,0.9789199309790713,224.46807861328125,5.971168518066406,0.10251633121266607,758.9866333007812,830.788818359375
717,48.898539977521374,0.9965142629064151,12.000798225402832,3.548673629760742,0.06275938290974714,977.9151611328125,965.0618896484375
718,49.615249268246146,0.9981075363047229,0.1709381341934204,0.5082672238349915,0.0401272787068847,131.63821411132812,125.17292785644531
719,50.74762070189223,0.9985782658475595,4.492441654205322,2.381132125854492,0.04809672301661344,767.4767456054688,731.1365966796875
720,36.0364673655138,0.986933930585751,218.3517303466797,4.8886637687683105,0.07426300280027705,840.8504638671875,938.402099609375
721,42.089922838204465,0.9966913159048594,2.036332607269287,0.9134656190872192,0.08624625571665755,173.7369384765625,182.0518341064453
722,27.80951983456746,0.9218333506470371,7.3941545486450195,0.8523694276809692,0.08909831691577219,48.09587097167969,67.42977142333984
723,34.63857136672375,0.9696100335279855,148.4976043701172,3.282531261444092,0.11722294240397811,383.42156982421875,741.3795166015625
724,37.47067149545112,0.9868408948859686,55.82289123535156,3.3978519439697266,0.057520235960599755,493.4119567871094,574.8986206054688
725,28.038776118979897,0.9169403586606747,662.1842041015625,5.1589274406433105,0.09600034431492196,377.7527770996094,841.9869384765625
726,40.316703478085955,0.990212691457648,1.8341833353042603,0.7578445672988892,0.05114999967313272,165.7207794189453,140.63259887695312
727,47.92880987052694,0.9974333890266832,10.187275886535645,2.8211002349853516,0.041552310185309076,816.5135498046875,795.4720458984375
728,34.266523283610574,0.968043037966063,15.319001197814941,2.1768643856048584,0.06714291585846273,178.10801696777344,202.42568969726562
729,48.72319625072091,0.9983214414125872,0.35826098918914795,0.8366315960884094,0.07451755478832009,165.89254760742188,164.49229431152344
730,49.00312448407735,0.9979632089473883,0.3295768201351166,0.6682894229888916,0.08101949525941042,167.64877319335938,165.10153198242188
731,47.38129307903081,0.9979684233081108,12.12362289428711,3.396174430847168,0.05366246210895714,790.6444702148438,814.7601318359375
732,41.851618477842855,0.990500107515215,28.86867904663086,3.8312768936157227,0.046488630222632214,616.7798461914062,665.5320434570312
733,42.663745635516676,0.9958196879663458,14.706192016601562,2.4715099334716797,0.05278576377431883,500.6387634277344,523.5423583984375
734,37.541703574648444,0.9791683150211232,22.746057510375977,6.761981010437012,0.04903002189945529,332.4269104003906,359.4716491699219
735,47.516847600585834,0.9964830385918957,13.412858009338379,4.2135162353515625,0.07351750834012398,866.0057373046875,877.3233642578125
736,45.0844477803401,0.9951860829034457,4.738290309906006,1.8914921283721924,0.05332280886678592,389.00164794921875,393.05267333984375
737,33.380591834965486,0.9810607519435194,300.5189208984375,5.367039203643799,0.08468733085906831,692.7266235351562,816.7828369140625
738,34.933136836646895,0.980520983183347,61.900001525878906,4.794435977935791,0.06130741061987288,397.0890197753906,439.6957702636719
739,35.1945172085017,0.9842844052149907,42.9753532409668,3.4771652221679688,0.07080247208024157,473.4391784667969,377.5674743652344
740,43.541739892655436,0.9950685752526894,9.489557266235352,2.3272149562835693,0.041691212262599704,538.0387573242188,463.21710205078125
741,46.05174822746157,0.9958147618946522,2.2627782821655273,1.6401360034942627,0.051140111737885595,295.1526794433594,302.0765075683594
742,50.52585473880108,0.9984323552918262,4.948164463043213,3.1852328777313232,0.04909265202236253,772.5040893554688,747.8617553710938
743,36.22170747508776,0.9737670907233644,60.363059997558594,8.697075843811035,0.0677244895021263,463.19659423828125,503.2176818847656
744,30.546064029659096,0.9681731788489595,45.13086700439453,1.7164021730422974,0.09720862190449962,164.3881072998047,232.98048400878906
745,32.71610351908151,0.9780859716767129,414.7909851074219,6.47607421875,0.091160480102219,564.3329467773438,899.6749877929688
746,50.494968114585284,0.9976830528924093,1.3167636394500732,1.4150491952896118,0.05908508528992216,384.01947021484375,384.50732421875
747,36.27185698377994,0.962339382637888,69.73900604248047,12.771339416503906,0.05242257027398187,488.6889343261719,544.0093383789062
748,35.53214895311436,0.9888742265086794,213.40719604492188,3.401310682296753,0.1115730955659685,694.623046875,906.5656127929688
749,36.773730564645284,0.9865931947441662,80.57552337646484,4.637712478637695,0.0510582296602124,791.4795532226562,624.61376953125
750,34.97993998765629,0.9833225261562257,3.879917860031128,0.6268154978752136,0.07443474056526274,92.1761245727539,117.78114318847656
751,50.46841677991924,0.998300522658109,7.91434907913208,3.820275068283081,0.04691665406175571,969.2415771484375,939.8922729492188
752,45.84847310967425,0.9977537962089997,10.121952056884766,2.923858880996704,0.0763030616916158,588.2412109375,628.080322265625
753,41.491341625078206,0.995021594013592,7.94113302230835,1.548854112625122,0.05861490307342624,319.0794372558594,335.5707092285156
754,45.4763464737088,0.9963801294657468,0.5542173385620117,0.5695102214813232,0.06005365844057002,130.8185577392578,140.13279724121094
755,44.91930128324461,0.9962678088492284,20.31022071838379,4.829192161560059,0.06251214510630902,758.2213745117188,794.2311401367188
756,51.16941589757924,0.9983765015415117,2.937943458557129,2.443906784057617,0.05284218451095341,618.1716918945312,620.4526977539062
757,27.76608653840096,0.8749093118111877,460.6349182128906,6.917006969451904,0.07048025143272718,328.8186950683594,533.9276123046875
758,46.74620136251789,0.9981718301250223,16.86941146850586,4.818563938140869,0.07525462101236603,979.4722900390625,893.9987182617188
759,38.12697722793293,0.9867398353952864,90.1004867553711,4.783874034881592,0.05195109981592231,657.5751953125,788.80859375
760,47.95235002114765,0.9967713094594186,0.37227410078048706,0.7013524770736694,0.052824493964913295,157.1885528564453,152.52320861816406
761,27.553942770564703,0.9065042669801423,159.544921875,3.007687568664551,0.14527446053534,151.8228759765625,312.41033935546875
762,40.305177452267344,0.9950054817678267,5.732614040374756,1.4693912267684937,0.10502553474085137,229.49069213867188,249.2406463623047
763,36.1540120819017,0.9832923610236254,133.7733154296875,4.813969612121582,0.05616214117495811,916.2820434570312,744.2023315429688
764,44.355068055009184,0.9963921921018231,0.04363824427127838,0.18931518495082855,0.06373875496784957,32.5579833984375,34.4989013671875
765,39.66613134227228,0.9952061227508374,34.247989654541016,2.0862152576446533,0.06276722755183721,509.3851623535156,570.31982421875
766,48.053152243202284,0.9965876776367518,8.728775024414062,3.493100643157959,0.07064984643307361,804.5975341796875,762.6962280273438
767,44.49743872503664,0.9919756793477587,26.177101135253906,3.4068801403045654,0.06229208838883815,941.1262817382812,876.8888549804688
768,47.723461150612835,0.9968363057410631,1.9782673120498657,1.5327244997024536,0.054770953356482334,373.60931396484375,342.7396545410156
769,29.284951129769574,0.9023635377548779,673.9085083007812,6.504802703857422,0.0753551489794046,470.6758117675781,821.43603515625
770,46.5501102118117,0.9980232987641304,0.2705842852592468,0.5733593702316284,0.056058357559980176,120.79447174072266,111.52110290527344
771,48.266261065078666,0.9981220970151348,10.674656867980957,2.5360798835754395,0.0606433755642354,824.0364990234375,846.6058349609375
772,46.75127777636404,0.9888291219162867,0.34807339310646057,0.6409454345703125,0.06830970938098252,129.8954620361328,128.36117553710938
773,46.133811653074616,0.9984911811394834,3.807467460632324,1.6280698776245117,0.05741001711617869,428.1794738769531,397.8900146484375
774,31.127997074516053,0.9085308515781035,489.36346435546875,27.687143325805664,0.06823067909670379,706.3296508789062,797.498046875
775,32.37831117614373,0.9536198628066186,10.074905395507812,0.6031333804130554,0.10539583754967566,82.3691177368164,150.76751708984375
776,45.89149455902923,0.9950519214904222,1.3604873418807983,1.028664231300354,0.04108051664008152,223.767578125,230.0221405029297
777,46.77170997709837,0.9967249974654555,10.954463958740234,3.47385835647583,0.044411849712322295,724.2360229492188,722.5303344726562
778,35.114249761473936,0.9728937843974038,159.66973876953125,10.967289924621582,0.05874936360474436,641.7418823242188,720.3165283203125
779,51.36254285332912,0.9982329307141319,3.002232313156128,2.226940155029297,0.06914238214705867,669.1715087890625,641.5064697265625
780,35.38808108126852,0.9895629178198252,136.53150939941406,3.5650315284729004,0.0681949896308084,474.3690185546875,694.2545166015625
781,43.74676551913396,0.9929138682513537,12.450703620910645,2.607797145843506,0.05617978947510263,570.717041015625,543.1817016601562
782,40.69842455179454,0.992125346703057,5.380759239196777,1.1052440404891968,0.10269099379712383,239.67822265625,252.54725646972656
783,33.83457018446398,0.9831450279529127,48.06008529663086,1.921919822692871,0.08570829994473995,301.5859069824219,346.3503112792969
784,44.46048141150041,0.9973156830936024,1.1905627250671387,0.7777249217033386,0.0650310911445223,176.21804809570312,182.41612243652344
785,38.32677578234129,0.9943245635959017,110.87381744384766,4.616602420806885,0.05606776911975567,1256.8406982421875,908.5421142578125
786,43.516510202114354,0.9970404090834599,15.119990348815918,2.501310348510742,0.037517190082786867,673.79345703125,583.8084106445312
787,49.128103531573274,0.997660337709913,1.918444037437439,2.5380592346191406,0.10112262441218728,427.91436767578125,401.4505615234375
788,31.016107071242047,0.9696612902162491,165.19422912597656,4.895221710205078,0.07223788060577302,372.37335205078125,462.5437927246094
789,48.891325105810594,0.9947233708773358,11.574594497680664,2.9271881580352783,0.03630652903673444,960.9556884765625,947.3360595703125
790,45.03228401232111,0.9948437683538017,0.668183445930481,0.641411542892456,0.08579965842075575,154.084716796875,154.19805908203125
791,46.28620766334218,0.9963484204559749,8.089653968811035,2.951483726501465,0.053462944718152126,572.797119140625,586.6436157226562
792,47.9286925373139,0.9989414241384057,4.118248462677002,2.7282447814941406,0.08238801879211595,500.8086853027344,506.3827819824219
793,39.02603136703505,0.9896582442232945,46.55292510986328,3.65027117729187,0.08917133107254147,579.5588989257812,611.8427734375
794,32.31887783939487,0.9616628965157228,0.21259324252605438,0.3984782099723816,0.055698252140687646,15.88683032989502,19.092073440551758
795,46.426167710559426,0.9964200541054132,17.321762084960938,4.235892295837402,0.03481967883462776,933.2620239257812,872.2517700195312
796,28.21421145079539,0.8956710541420457,1160.34716796875,7.95951509475708,0.13121890019953888,568.6633911132812,932.1861572265625
797,41.87146876382748,0.9848853558670995,20.71665382385254,2.945087194442749,0.07225917402759527,548.9638061523438,565.5680541992188
798,47.595645073100954,0.9964230874835891,8.425629615783691,3.0651566982269287,0.0390717203795469,692.1094360351562,696.9541625976562
799,31.595033237636617,0.927476552623575,429.32464599609375,4.858378887176514,0.16632209143696366,405.03350830078125,922.576904296875
800,38.263424342635844,0.9879946776956966,69.41014862060547,3.8765342235565186,0.054520473199359765,952.6734008789062,707.5313720703125
801,50.90490900215114,0.9981267823923237,0.1907675415277481,0.46665680408477783,0.05500335323100436,152.55462646484375,153.38650512695312
802,35.91867283173664,0.977830527690542,83.79712677001953,3.4846208095550537,0.07879742532965464,517.6112060546875,576.7120971679688
803,46.87814244201843,0.9945055006150737,7.5555830001831055,2.4872753620147705,0.06074494892459395,622.8882446289062,607.1083374023438
804,39.49730116833886,0.9956496853854265,20.025970458984375,2.218366861343384,0.05093285781779542,398.0889587402344,424.70654296875
805,40.359692972526744,0.9879415760007066,49.907222747802734,5.220935821533203,0.05226386366257117,678.0321655273438,736.707763671875
806,34.40339959837421,0.9531956238594339,316.4684143066406,9.003021240234375,0.028331623384267365,1699.6060791015625,934.4326782226562
807,44.927205400829195,0.9940767243765948,27.40839958190918,4.266923904418945,0.050771396028087216,901.3670654296875,925.6429443359375
808,51.4408629191429,0.9981525252478042,1.4608657360076904,1.5101715326309204,0.05398548090907299,452.1529541015625,451.3885192871094
809,42.62305825485693,0.9905415627455687,0.6968238949775696,0.5713133811950684,0.06301338102705371,122.28900909423828,114.12480926513672
810,45.56968816426359,0.9979190668946573,26.828046798706055,5.151523113250732,0.05731371025321989,1052.9954833984375,984.8563842773438
811,51.49198340777388,0.9987840533594844,4.990269660949707,2.8745486736297607,0.054310061341273926,833.4598388671875,839.0592041015625
812,49.73246526584794,0.9983414443838338,0.16747646033763885,0.5086028575897217,0.05013017791018599,127.02064514160156,125.53801727294922
813,34.0601184321423,0.9789350151062258,326.7213439941406,7.713100910186768,0.034697293407266246,1531.3582763671875,920.9210205078125
814,29.41269612178788,0.9541938580203536,819.625,6.667621612548828,0.10080076510098736,639.9309692382812,870.0264892578125
815,47.70157831513791,0.9961440777877044,4.576087474822998,2.1590771675109863,0.062138563667458534,519.1962890625,519.3192138671875
816,33.52003136585796,0.988717719666483,153.94493103027344,3.9485795497894287,0.0741762345707752,537.4864501953125,591.6841430664062
817,47.800361831180005,0.9976112254202304,2.6488351821899414,1.8055496215820312,0.04359316167173666,390.18853759765625,399.60369873046875
818,38.62451234609344,0.9843051977940019,0.42584171891212463,0.4024330675601959,0.08686618488634049,51.12071990966797,55.706878662109375
819,50.38905744531837,0.997085844200216,1.030697226524353,1.1961939334869385,0.03931538237100035,340.5079040527344,335.8620300292969
820,48.74066258256069,0.9954935110820952,8.606827735900879,3.0505502223968506,0.05078420080983043,809.26953125,803.0505981445312
821,27.568645630177237,0.885673335893344,0.048421647399663925,0.06593944877386093,0.07379772568045441,2.9817633628845215,5.6273908615112305
822,39.133101451147056,0.9915443853205079,13.454212188720703,1.9100525379180908,0.05598706413376458,317.109130859375,334.1656799316406
823,45.89637142450264,0.9976726413019178,4.086336135864258,1.9839750528335571,0.05048755709997582,439.3985290527344,398.7705383300781
824,50.80690384508071,0.9982628948886574,2.401261806488037,1.7420605421066284,0.05391136623489122,542.2608642578125,537.8582153320312
825,29.586256881137455,0.9333955412129876,924.5767822265625,8.252259254455566,0.10920542634796981,686.1616821289062,919.935791015625
826,38.65117822589571,0.9816292301973691,16.363256454467773,1.9120309352874756,0.11637127986852046,325.6395568847656,346.9996337890625
827,36.6148653497721,0.9883199035660032,25.954463958740234,1.7803928852081299,0.07059737762747993,314.7414245605469,347.60626220703125
828,37.667583485570646,0.9956504601381635,91.36656188964844,3.7170495986938477,0.07422125226926984,629.1400756835938,737.7637329101562
829,35.55646020168628,0.9898585846611098,46.59326171875,1.8880375623703003,0.08317029547957143,338.0331726074219,452.7657165527344
830,41.98729398373444,0.9887648250819236,3.209397077560425,1.13962984085083,0.05443963154447586,224.3300323486328,225.38021850585938
831,46.97547225238517,0.9968634077392987,4.11135196685791,2.029157876968384,0.0561165683261857,483.2908935546875,452.9870910644531
832,45.82698277555004,0.9974387589346144,0.5234624147415161,0.6758012771606445,0.06112850225769413,149.7969970703125,141.71615600585938
833,47.22309629611085,0.9972373279747702,0.5258483290672302,0.8401007652282715,0.048268537396234386,202.12648010253906,177.21060180664062
834,44.16854004968138,0.9958896035072851,9.392892837524414,2.7047064304351807,0.059579864239552395,548.712158203125,498.8694152832031
835,44.49424705993653,0.9959254931462439,6.18405294418335,1.4772344827651978,0.05784615001211618,376.55242919921875,419.50653076171875
836,39.54534893310358,0.9843675696105534,90.8077392578125,4.218809604644775,0.03391835241150277,1447.281982421875,914.9310302734375
837,40.48440087547124,0.9941306203542233,11.634238243103027,2.124488115310669,0.057149203657411024,421.907958984375,363.031494140625
838,40.55202687236698,0.9883426641439875,29.66857147216797,6.126990795135498,0.07625740826102965,552.6790771484375,581.0077514648438
839,26.146698452384047,0.8357657806362496,877.4108276367188,6.836704254150391,0.12626139101036377,390.0793151855469,632.6320190429688
840,51.96640085095616,0.9982075864224242,0.0012581116752699018,0.04400704428553581,0.03791111927588418,14.381110191345215,14.081361770629883
841,32.234054804202955,0.9725719510401735,260.6546936035156,5.7115559577941895,0.0818972407702209,559.15625,663.8738403320312
842,35.447132153520386,0.9730400919329887,8.978180885314941,1.1154557466506958,0.07122829692548188,164.4261932373047,178.85792541503906
843,50.629971085371466,0.9980206046372622,7.985713005065918,3.23742938041687,0.06707095370081632,988.818603515625,961.1092529296875
844,47.91205957356644,0.9970349534131179,0.3604963719844818,0.5574163198471069,0.04045692874368239,158.2158660888672,149.51406860351562
845,39.12448525327541,0.9787357873192021,21.066551208496094,1.911756992340088,0.037833142181653096,547.975830078125,415.2095031738281
846,44.368154004258955,0.9957070332347301,0.2719559073448181,0.33009710907936096,0.06820408494595229,94.22100067138672,86.26432037353516
847,30.096398279075185,0.9596708329976896,935.8472290039062,9.892488479614258,0.10019889689275129,661.5390625,996.8773803710938
848,44.55354693177003,0.9970314651881456,8.844087600708008,2.192638635635376,0.06238506101178253,461.44171142578125,502.69281005859375
849,41.643171564264705,0.9961189010994599,23.82233428955078,3.4301180839538574,0.04047128843484584,785.7523803710938,595.7896118164062
850,48.78499844078257,0.9979630411440128,0.05936243757605553,0.34017714858055115,0.04950639144483226,69.46670532226562,68.0093994140625
851,46.33518947994122,0.9979052905789101,13.065847396850586,2.7815794944763184,0.05942858673914686,693.9306030273438,750.2105102539062
852,34.35836676699903,0.9338092809207583,7.31653356552124,0.95539391040802,0.0865076259406914,123.05420684814453,210.69569396972656
853,36.09304141190576,0.9858522165270659,194.74591064453125,5.136508464813232,0.0827850141566229,791.0379028320312,898.15625
854,41.905798061936565,0.9946984006063119,2.7295517921447754,1.0283516645431519,0.0629560279154821,197.4758758544922,205.9344940185547
855,46.532399124375075,0.9979321299230351,0.8117059469223022,1.0810482501983643,0.09101434691376586,198.41224670410156,191.49703979492188
856,47.322457891664335,0.9968444981196102,0.026009822264313698,0.14470329880714417,0.06024004535359236,36.91257858276367,37.513118743896484
857,44.833307452075815,0.9973461228750562,7.2857666015625,2.1170434951782227,0.0667215276404669,541.7385864257812,472.5948791503906
858,41.510718856085944,0.9881241280197236,22.535816192626953,4.120172500610352,0.06561844342500595,532.0966186523438,565.2763061523438
859,35.763800041681584,0.9840274090860405,1.1744736433029175,0.3780194818973541,0.04472597427013972,61.19501495361328,66.64292907714844
860,34.423804403295144,0.9738240889566725,216.86517333984375,6.339721202850342,0.06165283724466035,695.7805786132812,775.7520751953125
861,37.43053619217711,0.9908396936607066,34.888004302978516,1.9808679819107056,0.09684317700340006,417.6802062988281,453.8355407714844
862,30.26311530884685,0.9294700791176996,250.8714141845703,5.970413684844971,0.13105083098902057,209.16201782226562,524.8659057617188
863,30.260696167458946,0.9636069222192892,180.17584228515625,5.428668975830078,0.095256513964294,320.63543701171875,441.3219909667969
864,44.09046374924284,0.9955228842694939,6.138750076293945,1.9699475765228271,0.06343786801586901,445.6421203613281,401.3623046875
865,46.86464485935245,0.9971187458872426,6.451690673828125,2.3979554176330566,0.05071185233809934,561.3194580078125,560.0806884765625
866,44.80321904360436,0.9926300634417617,0.8057611584663391,0.750985324382782,0.06147597608065169,153.87045288085938,156.0850067138672
867,46.54611846648476,0.9975341547538129,0.7388346791267395,0.7571979761123657,0.06288941962564627,175.02005004882812,182.74620056152344
868,42.73893573520396,0.9921403180334959,38.61134719848633,5.245802879333496,0.04437984850702576,895.69921875,861.923828125
869,47.245283278381166,0.9960023362816179,16.856731414794922,3.550138473510742,0.04480251262831895,920.0595092773438,946.1693725585938
870,47.594601155203435,0.9976001494132575,2.4320499897003174,1.6312624216079712,0.0625150404468434,362.0557556152344,373.9360046386719
871,40.353281809351564,0.9957095024601716,6.761155128479004,1.5242308378219604,0.04594385618135651,343.32196044921875,271.47393798828125
872,46.90787536394864,0.9975028541496541,8.442159652709961,2.9607081413269043,0.06493547931783714,633.28271484375,644.3555297851562
873,35.07443016597212,0.9756004749283087,51.93978500366211,3.966357946395874,0.08985936318914778,375.1844177246094,409.325439453125
874,30.40178358887431,0.9611567699872303,0.5872883796691895,0.1417294591665268,0.15968271058542904,11.463349342346191,26.36096954345703
875,40.21562117698066,0.9867786511978743,2.338315963745117,0.93035888671875,0.04703068707084323,179.1074981689453,156.99644470214844
876,45.05129116044355,0.9958141209909421,15.934873580932617,3.7087526321411133,0.06711083792401397,724.4357299804688,716.2562866210938
877,49.17512955199909,0.9975599669173775,5.253091812133789,2.419735908508301,0.04557229169465348,681.9712524414062,659.2650146484375
878,46.45314107299869,0.9983671410287989,0.016399510204792023,0.13711221516132355,0.08507892129112758,27.2338924407959,28.068897247314453
879,38.328013860496014,0.9802314691376268,7.288615703582764,2.6299538612365723,0.06515643666828294,215.06021118164062,222.75018310546875
880,42.39315468459538,0.9964613938325453,2.975083589553833,1.5146516561508179,0.040412786507368154,331.11785888671875,231.84371948242188
881,40.51527132101108,0.9960238313219741,33.63920974731445,2.565673589706421,0.05513691962520552,609.5853881835938,672.2208251953125
882,31.901243776086577,0.9795559118391314,0.25209370255470276,0.10109654068946838,0.09827645222352675,13.996283531188965,20.690826416015625
883,36.85602510049594,0.9835629783670723,2.265310049057007,0.8013659119606018,0.07326983224766358,96.42829132080078,105.00447082519531
884,39.629115913972136,0.9849778658895916,69.59803771972656,5.882928848266602,0.05716462809277209,745.4292602539062,800.1161499023438
885,43.56456178445996,0.9958445032591421,1.3640873432159424,1.1474792957305908,0.05413011894199711,195.75155639648438,179.36611938476562
886,35.94313847760602,0.9876059211936652,108.12313079833984,4.494894504547119,0.04722843354111474,838.236328125,653.0933837890625
887,49.695034546728635,0.9971839096185716,0.6120524406433105,1.0426231622695923,0.06760851436699943,246.545166015625,238.94459533691406
888,43.018118221178895,0.9941740974214917,0.5019957423210144,0.5288355350494385,0.06490824404046358,94.85028839111328,100.34194946289062
889,35.94417084089562,0.9862975454336596,14.912818908691406,1.2750016450881958,0.06774249184885583,195.210205078125,243.92901611328125
890,36.19376467287731,0.9610439421161163,125.04281616210938,5.26648473739624,0.07886989028088384,637.870361328125,722.544677734375
891,50.745106068729235,0.9966387518819025,6.160478591918945,3.0046467781066895,0.0436220160231447,872.989501953125,855.8407592773438
892,45.65235383992599,0.9972144759599393,18.568265914916992,3.5314104557037354,0.06292190043041215,884.9564208984375,830.3896484375
893,29.737896381211073,0.94035862482882,167.60223388671875,4.323409557342529,0.04256219296986668,511.60382080078125,397.7863464355469
894,49.8819373895898,0.9985831267478174,4.586908340454102,2.3358805179595947,0.05911082245800311,699.3294067382812,668.4170532226562
895,47.76430681199487,0.9969085728513198,0.7078899145126343,0.8578282594680786,0.05360128631951273,203.4798583984375,205.77931213378906
896,35.88082310113037,0.9814382080138653,20.90740966796875,1.6197752952575684,0.09780682768176463,241.87872314453125,293.8545837402344
897,31.881302400986236,0.950052344529064,386.07562255859375,4.376744747161865,0.09595604802878002,489.6889953613281,896.439453125
898,45.251460122126346,0.9957128182222723,0.005830048583447933,0.05721878260374069,0.03632423986666919,15.490443229675293,13.988921165466309
899,45.10558296216609,0.9958475480630794,0.2304171323776245,0.4051434099674225,0.05164445967134529,83.61919403076172,86.42301940917969
900,51.0922217947272,0.9983266292464745,0.33785539865493774,0.7301119565963745,0.052284888654477175,208.9661102294922,208.67837524414062
901,44.371522525752866,0.9935093091491329,0.027592681348323822,0.12521855533123016,0.06009561905637865,27.332035064697266,27.505672454833984
902,31.00195881339435,0.9723729702064496,24.753450393676758,1.2976664304733276,0.12717559051742616,127.07121276855469,182.25399780273438
903,46.558261454689756,0.9975605545828832,6.804581642150879,2.171565294265747,0.060417851353405876,618.240966796875,583.45849609375
904,49.13292010006504,0.9960131880484129,2.1648168563842773,1.685232400894165,0.037736938432584854,473.691162109375,422.00311279296875
905,34.60956170943581,0.9877084038298196,274.5546875,5.749575138092041,0.06104131499638317,753.5667114257812,892.779052734375
906,39.83417993892411,0.9960670912690207,69.34667205810547,5.329217433929443,0.07175364614590002,779.4560546875,817.6260986328125
907,50.08903484700639,0.9976925738578734,1.1457107067108154,1.4032279253005981,0.04483210309026536,341.83270263671875,342.47552490234375
908,44.762406232139696,0.9960176586889508,2.259763717651367,1.1059532165527344,0.05686101058297286,248.0904083251953,260.16400146484375
909,48.797056109726185,0.9984060389799968,1.9036141633987427,1.7124909162521362,0.048886175900261834,401.12841796875,380.3127136230469
910,51.3914256063564,0.9986057376221853,2.5277836322784424,2.087747573852539,0.04355220593947822,626.9251708984375,590.7046508789062
911,36.259025846231815,0.9863244475733385,14.22983455657959,1.0725736618041992,0.09729575849925691,211.11123657226562,268.7955627441406
912,30.35100381966986,0.9580082856926018,279.76116943359375,3.2343640327453613,0.13131581571769596,339.97760009765625,624.5247802734375
913,30.39039193689956,0.9038964608525658,111.47897338867188,3.651559352874756,0.14152469422425842,237.9534454345703,410.0022277832031
914,44.56445843065413,0.9962346839369635,10.66269588470459,2.562761068344116,0.04694721061057217,528.35302734375,552.4951171875
915,41.46344411918552,0.9926389335078967,13.60681438446045,2.7709126472473145,0.051537374640529425,411.8618469238281,436.6903991699219
916,43.841538775021874,0.9975135309623614,3.590951919555664,1.4655628204345703,0.06915132479366846,290.18328857421875,295.1712951660156
917,49.279149269366854,0.9975977310732053,10.611193656921387,3.4223275184631348,0.03796789299708669,971.9544067382812,948.5048828125
918,24.761068255650937,0.9062964646991485,1906.65673828125,7.03999137878418,0.11920247295741485,460.32110595703125,763.8421630859375
919,44.47406174947599,0.9917881747148355,0.7067893147468567,0.6172463297843933,0.053336440096611856,136.01715087890625,140.9730682373047
920,44.781992535769305,0.9966471149394879,24.166868209838867,4.512736797332764,0.0748042885950194,834.8729858398438,868.5994873046875
921,31.60166912965396,0.9463334591449907,121.94036865234375,1.6151357889175415,0.14946670471362258,176.81024169921875,487.9437561035156
922,48.31930032532911,0.9976906308633255,11.780195236206055,3.005401372909546,0.07064887879795252,888.4458618164062,894.6576538085938
923,41.57395771456989,0.9944013076054915,44.14592361450195,3.567634344100952,0.052728802012643315,777.4824829101562,800.055419921875
924,46.30818698975615,0.9918522930735774,4.234625816345215,1.8734688758850098,0.05373488210101331,438.3348083496094,425.7882995605469
925,47.89240458993001,0.9965755587330297,0.008929094299674034,0.08993694186210632,0.05969732725321194,24.156757354736328,23.44683837890625
926,44.46225403718316,0.9963203577711117,2.591109037399292,1.1777887344360352,0.04786135072530514,261.6107482910156,269.40869140625
927,32.69369970299273,0.9303419951837745,157.90859985351562,5.0403852462768555,0.056918056298142436,826.3782348632812,542.0925903320312
928,43.98077254785643,0.997819471669886,15.915535926818848,3.1843063831329346,0.05634577051546511,727.4971313476562,633.8447265625
929,50.692085580269406,0.9980408368311184,0.5702688694000244,0.9718273878097534,0.04210891719934485,261.8955078125,258.6297912597656
930,36.04760513445241,0.9821366771701935,4.861283302307129,0.8876174092292786,0.06518894283593518,130.12557983398438,140.2167205810547
931,33.25019884818363,0.9782317385185122,325.919677734375,5.921803951263428,0.09547373114779638,677.00634765625,835.0953369140625
932,48.53403880724591,0.9975031867115859,13.536829948425293,4.224176406860352,0.05028050100620921,1027.919189453125,984.4177856445312
933,28.500980901349443,0.8868827012434404,363.38433837890625,2.78171443939209,0.17587037058075175,163.86221313476562,526.1644897460938
934,30.12215832152973,0.9418353381902134,26.83345603942871,1.3936468362808228,0.10065334401607069,98.92817687988281,172.5076141357422
935,38.50858563947674,0.9902673150086919,10.43710994720459,1.5310345888137817,0.06094344836329612,256.3604736328125,273.0350341796875
936,25.75814855406658,0.8655550008151867,0.9796426892280579,0.3488751947879791,0.10221746745801019,12.415763854980469,19.372285842895508
937,37.86128902248344,0.990984993499499,134.50222778320312,5.132606506347656,0.06589875100715774,858.9489135742188,914.384521484375
938,49.872234841218564,0.9984970806460631,0.14487364888191223,0.6015626192092896,0.053415078158258696,122.02764129638672,118.63333129882812
939,47.57306205683265,0.9965442210835692,5.735373497009277,2.481672763824463,0.0880606717195723,592.0991821289062,576.93994140625
940,26.103593168160657,0.9041601318435434,183.2728271484375,5.982194900512695,0.10582774316027943,163.50828552246094,274.7811584472656
941,27.357546725701113,0.9276274005710402,449.0728759765625,5.571683883666992,0.14454460929553922,270.6711120605469,554.6238403320312
942,29.46812315979725,0.9539866636596597,466.2588806152344,5.87346887588501,0.10311530185463981,425.361083984375,651.7689819335938
943,43.664873815088995,0.9943959488465198,27.99311637878418,4.600317478179932,0.0984796244905343,782.7581787109375,829.9120483398438
944,35.82723073762603,0.9902249819015694,10.631446838378906,1.1476978063583374,0.08120646977124137,190.09632873535156,207.21484375
945,33.69132484584735,0.9817136560092893,0.060826390981674194,0.0951792448759079,0.09562595226185341,9.963506698608398,11.984832763671875
946,31.15931116892652,0.9551955257283891,14.353174209594727,1.2616193294525146,0.07458640699434962,110.8429946899414,137.74874877929688
947,26.324881715620506,0.9165195698193414,1765.523193359375,14.919857025146484,0.1274418225049564,506.2933654785156,900.11865234375
948,36.83611044375241,0.9819258781932333,157.52194213867188,7.727936267852783,0.0570453470851096,784.9719848632812,874.0161743164062
949,42.741362125116176,0.9859018341798654,18.9704647064209,2.9272665977478027,0.05473857640475369,653.2232666015625,597.815673828125
950,36.90391282652851,0.9913254838179263,72.85625457763672,3.771162271499634,0.05269028289978081,783.1966552734375,600.9163208007812
951,51.06578430781684,0.9987257949554268,3.4599525928497314,2.223738670349121,0.04686548478361123,667.3062744140625,665.3716430664062
952,26.784252211648475,0.8567816639952033,55.28470230102539,1.8707959651947021,0.12891662044290547,83.11820220947266,176.19590759277344
953,44.34339154655852,0.9940656040352073,29.886869430541992,3.593737840652466,0.07394476319829636,1038.3350830078125,914.49755859375
954,33.373539811647774,0.9769192959871086,79.9761962890625,2.6713473796844482,0.05071239778287557,366.0637512207031,419.35174560546875
955,36.611041122121925,0.9922524356774378,31.731748580932617,1.5787131786346436,0.10959134919986753,311.64349365234375,383.7554016113281
956,51.69183656702213,0.9988137032871276,1.8246277570724487,1.7400400638580322,0.044997723915642836,514.0264892578125,519.3988037109375
957,50.798415461353805,0.9979789173086361,0.019105345010757446,0.17848294973373413,0.05565666328923891,49.681541442871094,47.919002532958984
958,36.509307043766476,0.9900770869079143,5.968807220458984,0.8225825428962708,0.06563408408934207,152.9443817138672,167.11708068847656
959,34.99139742167735,0.9735668388467332,171.63323974609375,4.126616954803467,0.05342403472680546,671.5855712890625,738.2955932617188
960,40.139850828567106,0.9953011863002836,0.5199345350265503,0.3029670715332031,0.10248783879146066,70.23081970214844,83.71586608886719
961,39.979704707731564,0.9936787964943393,35.86782455444336,3.3240158557891846,0.040307212708162087,802.4454956054688,603.5489501953125
962,50.749840082968134,0.9965921181520319,0.5090088844299316,0.9911602735519409,0.05297678231683372,248.3658447265625,246.103759765625
963,35.795435467230384,0.987427191130271,39.04222106933594,2.2645137310028076,0.08914477068941005,337.2196350097656,389.90631103515625
964,34.45629246233139,0.9750772108111465,13.062881469726562,1.8575383424758911,0.05633306726734511,263.7127685546875,289.405029296875
965,39.29420959931086,0.9739785045077803,14.71834659576416,2.210813522338867,0.059300277511150044,445.7806701660156,356.3170471191406
966,50.586044407403115,0.9984301731866949,4.5160017013549805,3.0020570755004883,0.06255031379142323,743.54833984375,719.3268432617188
967,45.49139167793396,0.9984700826022647,2.4655537605285645,1.9830920696258545,0.04855502508955682,339.9017639160156,297.8245849609375
968,47.53918094339188,0.9954783877567364,5.659284591674805,2.0316245555877686,0.05552470797120389,559.7594604492188,566.8382568359375
969,46.210512967761446,0.9979615412936983,5.418186187744141,2.0411617755889893,0.06880984512511651,473.1661682128906,476.5743408203125
970,46.7106157764359,0.9940554102723197,9.399187088012695,3.1764886379241943,0.04820486612065922,700.1434326171875,664.0075073242188
971,31.45797303659704,0.9448182393784248,626.7213134765625,25.745460510253906,0.0708415118256519,790.1952514648438,936.8928833007812
972,43.81940888020283,0.9968654552265095,22.263961791992188,4.323571681976318,0.05062534808242592,699.195556640625,732.8395385742188
973,31.345223455272063,0.975020174163906,33.33305358886719,1.5745952129364014,0.06073039273549596,150.07859802246094,215.72543334960938
974,51.97703960116284,0.9984418363517037,0.0065520755015313625,0.10442764312028885,0.051356312532207786,33.40754318237305,32.15195083618164
975,50.15187992880273,0.998050605288108,0.6672962307929993,0.896462619304657,0.04963780910341526,265.2055358886719,263.00177001953125
976,45.37387794307339,0.9967293973216331,10.275217056274414,2.797250509262085,0.05935018354972534,579.2113647460938,595.4828491210938
977,48.2634108265309,0.9970390971046483,0.04090191796422005,0.22804789245128632,0.05382558632043314,52.11063766479492,52.374385833740234
978,38.707377087392,0.9885487825070557,33.18940353393555,2.7080445289611816,0.045318965372900505,586.892578125,496.869873046875
979,48.83746489579981,0.997681796519995,4.657214641571045,2.321484088897705,0.057082730244808796,589.2199096679688,597.2460327148438
980,41.135505941518254,0.9914954415415832,8.118274688720703,1.8901013135910034,0.08138334669265246,407.2644348144531,334.9096374511719
981,29.65707502370929,0.9623605992541224,622.4467163085938,7.265408515930176,0.11961096120467977,523.0132446289062,771.1412963867188
982,31.032012237164615,0.9512311018257564,8.931191444396973,0.9165071845054626,0.10035043078974207,83.5365982055664,107.49165344238281
983,49.41962244056352,0.9972702889281284,0.06610968708992004,0.2758316099643707,0.04979802283653846,79.345703125,76.0626449584961
984,45.32337506605755,0.9984597100715765,15.489938735961914,3.5019874572753906,0.04851101790556139,807.2852172851562,728.4605712890625
985,36.310353608968,0.9752668551677767,57.205665588378906,3.355159282684326,0.09333725812521441,455.0924072265625,495.9958190917969
986,34.47261244538115,0.9835656242227899,168.8777313232422,4.897359371185303,0.047243707938688186,919.6434936523438,688.7139892578125
987,41.64606452036219,0.993282030887279,12.960540771484375,1.9021594524383545,0.06701121090017101,406.5616760253906,435.39251708984375
988,30.890554148462222,0.9656438581545532,47.504390716552734,1.6206854581832886,0.08892794272507977,169.56234741210938,247.15562438964844
989,47.314621245535726,0.9966836607370091,12.451401710510254,3.4016611576080322,0.06586355886386373,821.41748046875,819.283203125
990,32.028112491623396,0.9742188663889872,397.9001770019531,7.055431365966797,0.04135278626627097,1146.61962890625,799.616455078125
991,51.15320420688656,0.9984552827043799,3.307839870452881,3.107700824737549,0.08489516474650734,727.3229370117188,695.0017700195312
992,49.045110644313084,0.9968261462093261,0.9235602021217346,0.8908690810203552,0.06962770250998036,259.2445983886719,272.87298583984375
993,52.11797927097382,0.998595912267057,2.140981435775757,1.8903439044952393,0.046670345352083725,585.4956665039062,590.6404418945312
994,47.622954098213164,0.9969768683023374,2.2478902339935303,1.5603901147842407,0.04679980072081527,391.96136474609375,361.6129150390625
995,45.70693983554769,0.9962502197430722,0.22516141831874847,0.424753338098526,0.06678582907586772,89.5837631225586,92.49049377441406
996,40.18885090603354,0.9950863211977962,79.4081039428711,4.5223164558410645,0.04395225138286225,838.5335693359375,917.396240234375
997,36.376401082210904,0.9907005601653865,4.35608434677124,1.1676981449127197,0.07870454697118377,125.53294372558594,137.6818084716797
998,36.91417954103283,0.9852376829513702,183.3986358642578,4.999372482299805,0.07065316830492711,899.0077514648438,950.287109375
999,48.93763347522028,0.9955903949875334,2.539996862411499,1.4757713079452515,0.05698478177925442,468.3100891113281,446.55975341796875
