sample_idx,psnr,ssim,mse,post_std_mean,sigma_used,alpha,scaling,clip,lambda_,zeta
0,25.1739758730914,0.890162804912102,0.002971580484881997,0.01905621960759163,0.07,1.0,1.0,True,100,0.8
1,22.727497205018675,0.8343291620345944,0.005329926032572985,0.03568752482533455,0.07,1.0,1.0,True,100,0.8
2,28.64823177436804,0.9092280787406912,0.0012725509004667401,0.018277155235409737,0.07,1.0,1.0,True,100,0.8
3,29.15853368813856,0.9058389857625113,0.001120762899518013,0.02288658171892166,0.07,1.0,1.0,True,100,0.8
4,29.941151992695104,0.963491453997737,0.0009989375248551369,0.01973922736942768,0.07,1.0,1.0,True,100,0.8
5,27.70620321851005,0.9239549907886686,0.001568361185491085,0.02575448714196682,0.07,1.0,1.0,True,100,0.8
6,21.843873387852017,0.8262875731281469,0.005353088025003672,0.03372422978281975,0.07,1.0,1.0,True,100,0.8
7,36.34368871002374,0.9727801599062141,0.00022974360035732388,0.013980576768517494,0.07,1.0,1.0,True,100,0.8
8,22.748287364814765,0.8335732176447104,0.005265829153358936,0.025634562596678734,0.07,1.0,1.0,True,100,0.8
9,18.13273656739865,0.6809077158665681,0.015157623216509819,0.04198869690299034,0.07,1.0,1.0,True,100,0.8
10,22.850481448638213,0.9071231411310572,0.005126546137034893,0.052581340074539185,0.07,1.0,1.0,True,100,0.8
11,33.86303359091847,0.9394708942041432,0.0004102630482520908,0.023000141605734825,0.07,1.0,1.0,True,100,0.8
12,28.310511992496114,0.9342824880637313,0.0014654897386208177,0.01680096611380577,0.07,1.0,1.0,True,100,0.8
13,26.570919620189898,0.882548298000505,0.0021958667784929276,0.028861306607723236,0.07,1.0,1.0,True,100,0.8
14,34.79753505937542,0.9577521757290951,0.00033089210046455264,0.022750655189156532,0.07,1.0,1.0,True,100,0.8
15,25.585049150523286,0.9034383547241474,0.0027592305559664965,0.02126959338784218,0.07,1.0,1.0,True,100,0.8
16,39.4123770871493,0.9797063961517454,0.00011411247396608815,0.01964024268090725,0.07,1.0,1.0,True,100,0.8
17,35.67450743216997,0.9502583961584005,0.0002704523503780365,0.020936325192451477,0.07,1.0,1.0,True,100,0.8
18,31.808244498741413,0.9544772749807074,0.000636378419585526,0.022454923018813133,0.07,1.0,1.0,True,100,0.8
19,28.476789580848767,0.9269936294117087,0.0013727822806686163,0.020832406356930733,0.07,1.0,1.0,True,100,0.8
20,25.806530775119473,0.7964115438852072,0.0022472161799669266,0.04423578456044197,0.07,1.0,1.0,True,100,0.8
21,39.39996676656846,0.984468117033365,0.00011469154560472816,0.014993629418313503,0.07,1.0,1.0,True,100,0.8
22,26.272209656478708,0.8949666538211384,0.002314407378435135,0.04226849600672722,0.07,1.0,1.0,True,100,0.8
23,32.962289688339645,0.9302272298925924,0.0005045696161687374,0.02416239306330681,0.07,1.0,1.0,True,100,0.8
24,29.100550137573652,0.9253022827100397,0.0012250568252056837,0.02997112274169922,0.07,1.0,1.0,True,100,0.8
25,32.561595199878816,0.9360413747629145,0.0005517250974662602,0.017145292833447456,0.07,1.0,1.0,True,100,0.8
26,29.1521732902414,0.8817247991434273,0.0010125567205250263,0.02727787382900715,0.07,1.0,1.0,True,100,0.8
27,30.23588099987778,0.9611986611726606,0.0009460059809498489,0.019719528034329414,0.07,1.0,1.0,True,100,0.8
28,27.807608534807024,0.8515740909453703,0.0014454772463068366,0.03302871808409691,0.07,1.0,1.0,True,100,0.8
29,32.20938407160452,0.9771624393107599,0.00060053332708776,0.011334766633808613,0.07,1.0,1.0,True,100,0.8
30,21.912578601120842,0.8847369756876377,0.006428064312785864,0.02506273239850998,0.07,1.0,1.0,True,100,0.8
31,16.353838014580532,0.676466700428906,0.02293342724442482,0.04047447815537453,0.07,1.0,1.0,True,100,0.8
32,35.59798797647201,0.9647812025142897,0.0002752567525021732,0.01827525906264782,0.07,1.0,1.0,True,100,0.8
33,31.963851905541482,0.9755358586647193,0.0006356448284350336,0.012269813567399979,0.07,1.0,1.0,True,100,0.8
34,33.60320137938893,0.9410722797123333,0.0004355468845460564,0.021995114162564278,0.07,1.0,1.0,True,100,0.8
35,23.083223906439724,0.7903451649832537,0.0049102408811450005,0.03851424157619476,0.07,1.0,1.0,True,100,0.8
36,27.568004305950726,0.9188748094050446,0.0017149546183645725,0.02634204924106598,0.07,1.0,1.0,True,100,0.8
37,25.854125628067738,0.9305461640359202,0.002586503280326724,0.029553433880209923,0.07,1.0,1.0,True,100,0.8
38,31.891542154951583,0.9243878194306842,0.0006399043486453593,0.022475143894553185,0.07,1.0,1.0,True,100,0.8
39,22.5868975511175,0.8975463525703397,0.005476753693073988,0.02600397728383541,0.07,1.0,1.0,True,100,0.8
40,27.3806193711044,0.9112420417522191,0.001824993989430368,0.014956455677747726,0.07,1.0,1.0,True,100,0.8
41,34.20125617660939,0.9432112468546882,0.00037790442002005875,0.024724019691348076,0.07,1.0,1.0,True,100,0.8
42,29.288636055500437,0.9363223564944646,0.0011697583831846714,0.03695029020309448,0.07,1.0,1.0,True,100,0.8
43,34.52377544527665,0.9326461676558166,0.00035215189564041793,0.02403400093317032,0.07,1.0,1.0,True,100,0.8
44,25.053947949949457,0.8371005429541721,0.003022360848262906,0.04325250908732414,0.07,1.0,1.0,True,100,0.8
45,27.178957146214714,0.9334992428566834,0.0018626273376867175,0.025415491312742233,0.07,1.0,1.0,True,100,0.8
46,22.50855264375709,0.8242510714903928,0.005441812798380852,0.02912946790456772,0.07,1.0,1.0,True,100,0.8
47,26.786596206488337,0.9257339042700564,0.0020660459995269775,0.02757277525961399,0.07,1.0,1.0,True,100,0.8
48,25.984943963695947,0.9164367497536297,0.0025086868554353714,0.047145623713731766,0.07,1.0,1.0,True,100,0.8
49,32.82358237768462,0.957009727802316,0.0005201321910135448,0.02123216725885868,0.07,1.0,1.0,True,100,0.8
50,24.691292915682354,0.81464362761117,0.0030332403257489204,0.043372757732868195,0.07,1.0,1.0,True,100,0.8
51,28.92578644187533,0.9473124571352182,0.0012736201751977205,0.019868003204464912,0.07,1.0,1.0,True,100,0.8
52,29.14058215927409,0.903589723755964,0.0009518470615148544,0.022577164694666862,0.07,1.0,1.0,True,100,0.8
53,22.73376751491824,0.8815798126929992,0.005322662182152271,0.02205977961421013,0.07,1.0,1.0,True,100,0.8
54,36.25125253603513,0.9766195792516442,0.00023684879124630243,0.013535207137465477,0.07,1.0,1.0,True,100,0.8
55,28.361251571650484,0.9367424870376986,0.00144577759783715,0.03169570863246918,0.07,1.0,1.0,True,100,0.8
56,27.853976475979863,0.936752070271784,0.0016282483702525496,0.029152512550354004,0.07,1.0,1.0,True,100,0.8
57,27.85517651394592,0.8786881489739767,0.0012284887488931417,0.03417354077100754,0.07,1.0,1.0,True,100,0.8
58,25.104204406563984,0.9139131417592182,0.0030864072032272816,0.024739157408475876,0.07,1.0,1.0,True,100,0.8
59,27.3657172578722,0.9570124779776954,0.0018333038315176964,0.022629953920841217,0.07,1.0,1.0,True,100,0.8
60,28.532191173230782,0.911126541371685,0.0013270017225295305,0.028541451320052147,0.07,1.0,1.0,True,100,0.8
61,23.287602249941955,0.8323501625624019,0.0043065594509243965,0.03705810010433197,0.07,1.0,1.0,True,100,0.8
62,32.19136490664336,0.9546541501224902,0.0006028669304214418,0.016809584572911263,0.07,1.0,1.0,True,100,0.8
63,22.949440293208884,0.813531038703186,0.00503057986497879,0.0339118093252182,0.07,1.0,1.0,True,100,0.8
64,21.37527361249603,0.8170646321781386,0.007280447520315647,0.03363426402211189,0.07,1.0,1.0,True,100,0.8
65,27.150905199681063,0.946952259021939,0.0018884210148826241,0.023665981367230415,0.07,1.0,1.0,True,100,0.8
66,25.37523896027421,0.9251216672153296,0.0028984968084841967,0.023750025779008865,0.07,1.0,1.0,True,100,0.8
67,28.921581920029567,0.946056412454114,0.0011592013761401176,0.027017313987016678,0.07,1.0,1.0,True,100,0.8
68,27.371964747047777,0.891693785248403,0.0015672335866838694,0.036379534751176834,0.07,1.0,1.0,True,100,0.8
69,29.860182668249212,0.9316071651251426,0.0010259232949465513,0.024552231654524803,0.07,1.0,1.0,True,100,0.8
70,26.127346344006398,0.9434087164123361,0.002436509355902672,0.017677824944257736,0.07,1.0,1.0,True,100,0.8
71,18.27351481218592,0.6935383174071487,0.014309694059193134,0.0443263053894043,0.07,1.0,1.0,True,100,0.8
72,38.19564647740626,0.9923147219930025,0.00015142532356549054,0.012635051272809505,0.07,1.0,1.0,True,100,0.8
73,18.028859751293027,0.7665670613575173,0.01547924242913723,0.03079204075038433,0.07,1.0,1.0,True,100,0.8
74,26.257103310732962,0.8015369345002469,0.0023081207182258368,0.048595041036605835,0.07,1.0,1.0,True,100,0.8
75,25.07409917164768,0.9097746222657684,0.0031024052295833826,0.019080311059951782,0.07,1.0,1.0,True,100,0.8
76,22.693981639143928,0.9011685938900673,0.005363449454307556,0.017098283395171165,0.07,1.0,1.0,True,100,0.8
77,32.775910140102546,0.967059140096508,0.0005271458066999912,0.019313376396894455,0.07,1.0,1.0,True,100,0.8
78,29.459436048228365,0.9426222046187496,0.0011297925375401974,0.030356140807271004,0.07,1.0,1.0,True,100,0.8
79,25.139526986044835,0.8004775395305496,0.0028476219158619642,0.03941916301846504,0.07,1.0,1.0,True,100,0.8
80,24.27447389606263,0.8643545553031602,0.003562026424333453,0.02987632155418396,0.07,1.0,1.0,True,100,0.8
81,32.27905727720636,0.9517046014852322,0.0005872767069377005,0.02159871719777584,0.07,1.0,1.0,True,100,0.8
82,39.31053568716271,0.9836715618215724,0.00011697564332280308,0.016354599967598915,0.07,1.0,1.0,True,100,0.8
83,32.580105552090515,0.9332451169889409,0.0005465819267556071,0.029739996418356895,0.07,1.0,1.0,True,100,0.8
84,33.875475054472126,0.9531149562482863,0.0004089071589987725,0.019510164856910706,0.07,1.0,1.0,True,100,0.8
85,22.464231958864836,0.8514934338334182,0.005632695276290178,0.03698767349123955,0.07,1.0,1.0,True,100,0.8
86,32.38791517310325,0.9120207280535693,0.0005510669434443116,0.031878650188446045,0.07,1.0,1.0,True,100,0.8
87,30.17908326514393,0.9127364135371334,0.0009201118373312056,0.03377522900700569,0.07,1.0,1.0,True,100,0.8
88,36.371309584788314,0.9687234592942139,0.0002303779183421284,0.01382407732307911,0.07,1.0,1.0,True,100,0.8
89,28.502011290434503,0.9549745988366035,0.0013978320639580488,0.027527250349521637,0.07,1.0,1.0,True,100,0.8
90,28.96541771817708,0.924362817169835,0.0012486812192946672,0.027171066030859947,0.07,1.0,1.0,True,100,0.8
91,31.73592665650226,0.9536041176817366,0.0006695818156003952,0.022059407085180283,0.07,1.0,1.0,True,100,0.8
92,36.86761616466963,0.9594929725300786,0.00020557442621793598,0.019688624888658524,0.07,1.0,1.0,True,100,0.8
93,32.841898454001,0.9386687990973854,0.0005194807890802622,0.020121334120631218,0.07,1.0,1.0,True,100,0.8
94,31.12560512898785,0.8704914555291888,0.0007497523329220712,0.03799896687269211,0.07,1.0,1.0,True,100,0.8
95,39.03576490742904,0.9716823724847213,0.0001246038154931739,0.0151237016543746,0.07,1.0,1.0,True,100,0.8
96,27.054699853000976,0.931706056644673,0.0019685884471982718,0.025199003517627716,0.07,1.0,1.0,True,100,0.8
97,38.80927772799808,0.981933790125468,0.0001313848770223558,0.012960823252797127,0.07,1.0,1.0,True,100,0.8
98,23.65070497698772,0.8255878115946022,0.004257147200405598,0.0436529740691185,0.07,1.0,1.0,True,100,0.8
99,32.12428467999676,0.9257160829086053,0.000612811534665525,0.02212153747677803,0.07,1.0,1.0,True,100,0.8
100,34.603678559517874,0.9435561965685818,0.0003462395106907934,0.021610528230667114,0.07,1.0,1.0,True,100,0.8
101,36.632554652695575,0.963971985429064,9.823334403336048e-05,0.008882151916623116,0.07,1.0,1.0,True,100,0.8
102,26.296201033463174,0.8736706525471803,0.001986491261050105,0.026694405823946,0.07,1.0,1.0,True,100,0.8
103,23.366557621677927,0.9152362211938982,0.004605344496667385,0.021783294156193733,0.07,1.0,1.0,True,100,0.8
104,23.566327202866105,0.8281781923739356,0.004182017408311367,0.03513917699456215,0.07,1.0,1.0,True,100,0.8
105,22.322044886197496,0.8992299369407911,0.005837352480739355,0.027382787317037582,0.07,1.0,1.0,True,100,0.8
106,24.64006483061087,0.928222998302664,0.0034295686054974794,0.015488440170884132,0.07,1.0,1.0,True,100,0.8
107,36.009395118286726,0.9759308601988113,0.0002506317396182567,0.014790945686399937,0.07,1.0,1.0,True,100,0.8
108,29.568405834749075,0.8938513740328198,0.0011033547343686223,0.028729481622576714,0.07,1.0,1.0,True,100,0.8
109,21.597387118175156,0.8534696253510184,0.0069153630174696445,0.028119131922721863,0.07,1.0,1.0,True,100,0.8
110,31.167290848027402,0.9544667869929313,0.0007631768239662051,0.01791461370885372,0.07,1.0,1.0,True,100,0.8
111,27.435257263296894,0.9187258481940925,0.001421626890078187,0.027377907186746597,0.07,1.0,1.0,True,100,0.8
112,28.365407914204965,0.8455023585296821,0.0014410482253879309,0.033674776554107666,0.07,1.0,1.0,True,100,0.8
113,34.58096239698565,0.9600142011009503,0.00034819208667613566,0.016941821202635765,0.07,1.0,1.0,True,100,0.8
114,17.78748859767004,0.6453345412887864,0.016359979286789894,0.037287015467882156,0.07,1.0,1.0,True,100,0.8
115,18.83124719576209,0.7264683635945511,0.013055957853794098,0.043052371591329575,0.07,1.0,1.0,True,100,0.8
116,21.582345175345896,0.835802245966228,0.006919802166521549,0.032255955040454865,0.07,1.0,1.0,True,100,0.8
117,35.32432551715398,0.9641004241349405,0.00029343063943088055,0.015696290880441666,0.07,1.0,1.0,True,100,0.8
118,34.637377781842076,0.9709541133467504,0.0003405992465559393,0.01496104896068573,0.07,1.0,1.0,True,100,0.8
119,26.137546064876286,0.9198267344977433,0.0024158908054232597,0.029291417449712753,0.07,1.0,1.0,True,100,0.8
120,29.399358133745817,0.9592464722931323,0.00114316341932863,0.02187519520521164,0.07,1.0,1.0,True,100,0.8
121,26.14741207193827,0.90650888355933,0.0023575627710670233,0.030408142134547234,0.07,1.0,1.0,True,100,0.8
122,32.07672563188707,0.9344197621663227,0.0005679638125002384,0.019727101549506187,0.07,1.0,1.0,True,100,0.8
123,22.56857316985247,0.8681569314457023,0.005528316833078861,0.02072632871568203,0.07,1.0,1.0,True,100,0.8
124,28.500350754717974,0.9490324828247044,0.0014112995704635978,0.02659611403942108,0.07,1.0,1.0,True,100,0.8
125,28.662673623412637,0.9377400916765595,0.001353516592644155,0.03911196067929268,0.07,1.0,1.0,True,100,0.8
126,30.290293046612202,0.9029637720739571,0.0008794614113867283,0.02622249349951744,0.07,1.0,1.0,True,100,0.8
127,33.02336772181182,0.9729315656841847,0.0004927869886159897,0.028292331844568253,0.07,1.0,1.0,True,100,0.8
128,32.90390720745731,0.9637209425831235,0.000508580356836319,0.024472415447235107,0.07,1.0,1.0,True,100,0.8
129,27.35299374451927,0.8590187805842212,0.0016765897162258625,0.02805074118077755,0.07,1.0,1.0,True,100,0.8
130,27.326665497677816,0.9398784506508563,0.0018139720195904374,0.03695021942257881,0.07,1.0,1.0,True,100,0.8
131,26.599147124427923,0.9052994820924612,0.0019650007598102093,0.037911638617515564,0.07,1.0,1.0,True,100,0.8
132,21.54478889735462,0.8670372322079907,0.006991003639996052,0.018026437610387802,0.07,1.0,1.0,True,100,0.8
133,29.230548705943676,0.885096015145289,0.0011857823701575398,0.03664082661271095,0.07,1.0,1.0,True,100,0.8
134,27.78403592227812,0.8858879979496094,0.0016250114422291517,0.022760292515158653,0.07,1.0,1.0,True,100,0.8
135,21.090590737585334,0.8175498041704199,0.006900658831000328,0.029541950672864914,0.07,1.0,1.0,True,100,0.8
136,28.52347735574405,0.922686391539864,0.0013767185155302286,0.03344729170203209,0.07,1.0,1.0,True,100,0.8
137,34.40567646003645,0.9461739841690988,0.00036223314236849546,0.021905528381466866,0.07,1.0,1.0,True,100,0.8
138,32.65203771041439,0.9433671796331096,0.0005428038421086967,0.020124316215515137,0.07,1.0,1.0,True,100,0.8
139,32.63652093996835,0.9227147449473048,0.0005448115989565849,0.023913176730275154,0.07,1.0,1.0,True,100,0.8
140,25.080546095206575,0.8831846030780774,0.0028095771558582783,0.03365864232182503,0.07,1.0,1.0,True,100,0.8
141,31.91857702074396,0.9638294361539423,0.0006402387516573071,0.019862763583660126,0.07,1.0,1.0,True,100,0.8
142,22.242993884227154,0.87300848091588,0.005952140316367149,0.021468905732035637,0.07,1.0,1.0,True,100,0.8
143,21.659755086806527,0.8524475516583664,0.006809175945818424,0.03278599679470062,0.07,1.0,1.0,True,100,0.8
144,37.29282717476264,0.9707768427513701,0.00018629911937750876,0.01930401474237442,0.07,1.0,1.0,True,100,0.8
145,21.675071648320532,0.8470095017553914,0.006779160816222429,0.031655196100473404,0.07,1.0,1.0,True,100,0.8
146,24.692621506117934,0.8895855810804633,0.0033866206649690866,0.0298779234290123,0.07,1.0,1.0,True,100,0.8
147,19.99548838643951,0.8564663036691785,0.009984903037548065,0.031716231256723404,0.07,1.0,1.0,True,100,0.8
148,28.098188849699163,0.8941602009810868,0.0013219845714047551,0.02468540333211422,0.07,1.0,1.0,True,100,0.8
149,26.845258834124834,0.9045750487145754,0.0018655044259503484,0.024258505553007126,0.07,1.0,1.0,True,100,0.8
150,30.12143633204964,0.9678002470571805,0.000970909430179745,0.017904365435242653,0.07,1.0,1.0,True,100,0.8
151,31.285920993049903,0.9121035518599492,0.0006678337813355029,0.023702707141637802,0.07,1.0,1.0,True,100,0.8
152,30.161200223848756,0.9326326178946177,0.0009630202548578382,0.022417007014155388,0.07,1.0,1.0,True,100,0.8
153,33.948568202937764,0.9373774982419854,0.00040254826308228076,0.02139943838119507,0.07,1.0,1.0,True,100,0.8
154,38.88627387238467,0.992342905025118,0.00012906864867545664,0.017305463552474976,0.07,1.0,1.0,True,100,0.8
155,18.28443291110998,0.7984479697036987,0.014810509979724884,0.026323512196540833,0.07,1.0,1.0,True,100,0.8
156,32.08917471448574,0.9746991139139799,0.0006165368249639869,0.01804119348526001,0.07,1.0,1.0,True,100,0.8
157,24.69288191660516,0.8585695559995093,0.0033821535762399435,0.029996218159794807,0.07,1.0,1.0,True,100,0.8
158,21.66124258743529,0.8776690473750481,0.006366377230733633,0.023896247148513794,0.07,1.0,1.0,True,100,0.8
159,24.7016890153567,0.9279770783628783,0.0033657297026365995,0.022399278357625008,0.07,1.0,1.0,True,100,0.8
160,35.28240071217665,0.9684882604270035,0.00029624038143083453,0.014616797678172588,0.07,1.0,1.0,True,100,0.8
161,23.140915649280203,0.8704150880497599,0.0048390100710093975,0.03057287633419037,0.07,1.0,1.0,True,100,0.8
162,33.33733278884524,0.9655631136906528,0.0004627889138646424,0.02751612663269043,0.07,1.0,1.0,True,100,0.8
163,21.969330941078876,0.8958340769975328,0.006314929109066725,0.03671636804938316,0.07,1.0,1.0,True,100,0.8
164,24.09376696147431,0.9032927074948263,0.003880470758304,0.02710493840277195,0.07,1.0,1.0,True,100,0.8
165,27.203030059751466,0.9422649582018989,0.0018021351424977183,0.01979711838066578,0.07,1.0,1.0,True,100,0.8
166,33.60543322765393,0.9587477444372187,0.00043585122330114245,0.016698531806468964,0.07,1.0,1.0,True,100,0.8
167,36.185484360347466,0.9882462177852359,0.00023978966055437922,0.009580984711647034,0.07,1.0,1.0,True,100,0.8
168,28.50259780521535,0.9167419616267531,0.0014106942107900977,0.022462591528892517,0.07,1.0,1.0,True,100,0.8
169,26.44725950172004,0.9097903573960527,0.0022638344671577215,0.02697843872010708,0.07,1.0,1.0,True,100,0.8
170,36.37874082739088,0.9726956280945993,0.00022977641492616385,0.021438900381326675,0.07,1.0,1.0,True,100,0.8
171,22.956754363464245,0.8122062402388662,0.004919425118714571,0.02486930415034294,0.07,1.0,1.0,True,100,0.8
172,30.237678226670308,0.9503878515417484,0.0009443451999686658,0.025296879932284355,0.07,1.0,1.0,True,100,0.8
173,33.28573808059225,0.9869697938516536,0.00046701572136953473,0.01950756087899208,0.07,1.0,1.0,True,100,0.8
174,30.660389432792392,0.9679103982860705,0.0008543340372852981,0.023338280618190765,0.07,1.0,1.0,True,100,0.8
175,27.70602753720693,0.8628887115386827,0.0012779305689036846,0.02849283255636692,0.07,1.0,1.0,True,100,0.8
176,23.49746288199366,0.8978566683426242,0.00446654949337244,0.0162749495357275,0.07,1.0,1.0,True,100,0.8
177,30.52464762213017,0.9603211192646754,0.0008855690830387175,0.01845410093665123,0.07,1.0,1.0,True,100,0.8
178,30.239689293919064,0.928214569209899,0.0008898959495127201,0.023593919351696968,0.07,1.0,1.0,True,100,0.8
179,27.868215993777838,0.9521581810909651,0.0016263287980109453,0.024903221055865288,0.07,1.0,1.0,True,100,0.8
180,30.090992206286167,0.9484562931353586,0.0009617122123017907,0.02307162620127201,0.07,1.0,1.0,True,100,0.8
181,31.192975688481912,0.9541615874989975,0.000756073510274291,0.03166583552956581,0.07,1.0,1.0,True,100,0.8
182,33.99862474950182,0.9432822846691244,0.0003979614411946386,0.026175161823630333,0.07,1.0,1.0,True,100,0.8
183,27.01387504928073,0.9732302572228345,0.001986247254535556,0.01474697794765234,0.07,1.0,1.0,True,100,0.8
184,25.56878699008127,0.9348122266734401,0.002752062166109681,0.03411655128002167,0.07,1.0,1.0,True,100,0.8
185,28.090806641901814,0.8979318354709384,0.0015481570735573769,0.020501967519521713,0.07,1.0,1.0,True,100,0.8
186,35.00117482303531,0.9520783303046005,0.0003159792395308614,0.022166134789586067,0.07,1.0,1.0,True,100,0.8
187,22.928365569651593,0.8277821987940039,0.0050717918202281,0.04410242289304733,0.07,1.0,1.0,True,100,0.8
188,38.3880965161261,0.9759974076621181,0.00014465372078120708,0.012340172193944454,0.07,1.0,1.0,True,100,0.8
189,24.015973130942662,0.879526095697416,0.0039200689643621445,0.04065793380141258,0.07,1.0,1.0,True,100,0.8
190,40.61184927441918,0.9806697361394224,8.66799964569509e-05,0.024042919278144836,0.07,1.0,1.0,True,100,0.8
191,35.119564127885724,0.9554895451378896,0.00030747661367058754,0.02067805454134941,0.07,1.0,1.0,True,100,0.8
192,37.73825263101407,0.9714197287003445,0.00016778577992226928,0.029743211343884468,0.07,1.0,1.0,True,100,0.8
193,25.84116284499649,0.8720953654046752,0.0025466110091656446,0.036894697695970535,0.07,1.0,1.0,True,100,0.8
194,22.106291336392236,0.8685652417937145,0.0061468444764614105,0.01818710006773472,0.07,1.0,1.0,True,100,0.8
195,27.7406606353767,0.9089326747434581,0.0016765956534072757,0.03371967002749443,0.07,1.0,1.0,True,100,0.8
196,23.434635363914413,0.7998974308829516,0.0044429004192352295,0.03984270617365837,0.07,1.0,1.0,True,100,0.8
197,24.512661313732625,0.8395091641833189,0.003525238484144211,0.037621498107910156,0.07,1.0,1.0,True,100,0.8
198,18.083086969774733,0.782517269310707,0.015505063347518444,0.02482961118221283,0.07,1.0,1.0,True,100,0.8
199,26.74050871075093,0.8814361677364663,0.002013080520555377,0.027025405317544937,0.07,1.0,1.0,True,100,0.8
200,32.30443031515976,0.9407785736808651,0.0005780736682936549,0.022165026515722275,0.07,1.0,1.0,True,100,0.8
201,23.32067333206303,0.8204283497971879,0.00455068051815033,0.03334615379571915,0.07,1.0,1.0,True,100,0.8
202,30.928949160905,0.9536932892751399,0.0008041587425395846,0.02314015105366707,0.07,1.0,1.0,True,100,0.8
203,30.713245221137633,0.9077782620847902,0.0008312287391163409,0.029224826022982597,0.07,1.0,1.0,True,100,0.8
204,35.21480165559308,0.9630108868359166,0.00030054402304813266,0.014730088412761688,0.07,1.0,1.0,True,100,0.8
205,20.313268251442665,0.8064571901401039,0.00927930697798729,0.033287279307842255,0.07,1.0,1.0,True,100,0.8
206,37.44369351612128,0.9740579309570531,0.00017986810416914523,0.026261111721396446,0.07,1.0,1.0,True,100,0.8
207,34.333586972016676,0.9453923591903735,0.0003685475094243884,0.018224060535430908,0.07,1.0,1.0,True,100,0.8
208,25.123224646782596,0.8161605264024638,0.003070466686040163,0.03398529067635536,0.07,1.0,1.0,True,100,0.8
209,35.299118744374724,0.9537523296287801,0.0002948440087493509,0.02026722952723503,0.07,1.0,1.0,True,100,0.8
210,16.588606463704302,0.6176198398048435,0.021722396835684776,0.04221406206488609,0.07,1.0,1.0,True,100,0.8
211,25.47905851836703,0.9077818287311601,0.0027891031932085752,0.029598375782370567,0.07,1.0,1.0,True,100,0.8
212,28.367403837780824,0.9217932583885297,0.0014551253989338875,0.019998962059617043,0.07,1.0,1.0,True,100,0.8
213,28.885512560098697,0.9166111684432185,0.0011509752366691828,0.02034798637032509,0.07,1.0,1.0,True,100,0.8
214,27.860701453210766,0.9480922789119715,0.0016341643640771508,0.027023011818528175,0.07,1.0,1.0,True,100,0.8
215,30.260669812833644,0.9222701591034915,0.0008741491474211216,0.026928724721074104,0.07,1.0,1.0,True,100,0.8
216,27.006797138868478,0.908696914712588,0.00172026501968503,0.026441829279065132,0.07,1.0,1.0,True,100,0.8
217,32.23783768871779,0.9545103401037931,0.0005944078438915312,0.0177041944116354,0.07,1.0,1.0,True,100,0.8
218,22.679647375607264,0.812612333206433,0.005383211188018322,0.041268642991781235,0.07,1.0,1.0,True,100,0.8
219,26.660960850150524,0.8787922921779847,0.002155485562980175,0.027747444808483124,0.07,1.0,1.0,True,100,0.8
220,32.6905734567106,0.9376354781935766,0.0005334987654350698,0.021670548245310783,0.07,1.0,1.0,True,100,0.8
221,27.768164579389992,0.9487868789333554,0.0016692716162651777,0.0311115775257349,0.07,1.0,1.0,True,100,0.8
222,29.591480166828738,0.9292051410806806,0.0010620079701766372,0.010756253264844418,0.07,1.0,1.0,True,100,0.8
223,32.68802086757573,0.9430296689471839,0.0005380649236030877,0.022618519142270088,0.07,1.0,1.0,True,100,0.8
224,24.9902203146372,0.89112880448417,0.0030132813844829798,0.04446277767419815,0.07,1.0,1.0,True,100,0.8
225,34.51313149153971,0.9753828769928408,0.0003536025760695338,0.01217967551201582,0.07,1.0,1.0,True,100,0.8
226,32.975824521862144,0.9666795661236602,0.0005037726368755102,0.01989705115556717,0.07,1.0,1.0,True,100,0.8
227,29.51992136892575,0.9416299685605171,0.0011150541249662638,0.02117200195789337,0.07,1.0,1.0,True,100,0.8
228,25.349353184970553,0.8758231730851987,0.002910616574808955,0.037090834230184555,0.07,1.0,1.0,True,100,0.8
229,23.177534690754808,0.7480763961477888,0.0031076816376298666,0.03036070242524147,0.07,1.0,1.0,True,100,0.8
230,24.84338963987577,0.8656005609131315,0.0029676216654479504,0.03145085647702217,0.07,1.0,1.0,True,100,0.8
231,33.895669638864156,0.9677742281842158,0.00040681922109797597,0.018528806045651436,0.07,1.0,1.0,True,100,0.8
232,37.04182647053706,0.9722587571117038,0.0001971944293472916,0.015102413482964039,0.07,1.0,1.0,True,100,0.8
233,27.329382323822248,0.9315616066910719,0.0018473247764632106,0.017229462042450905,0.07,1.0,1.0,True,100,0.8
234,30.503161514149312,0.9349595354065026,0.0008551042410545051,0.02134392410516739,0.07,1.0,1.0,True,100,0.8
235,21.80596639541177,0.8499961146456262,0.006574998144060373,0.028127454221248627,0.07,1.0,1.0,True,100,0.8
236,38.185536611128185,0.9712979985772026,0.00015166905359365046,0.018562421202659607,0.07,1.0,1.0,True,100,0.8
237,26.57631276387846,0.9248999047329288,0.0021763115655630827,0.028170324862003326,0.07,1.0,1.0,True,100,0.8
238,23.73754099404593,0.8086502988138653,0.004176883026957512,0.039200250059366226,0.07,1.0,1.0,True,100,0.8
239,33.60107031672467,0.9595967571878704,0.00043607488623820245,0.022027969360351562,0.07,1.0,1.0,True,100,0.8
240,29.431575111043134,0.9209880579120726,0.0011361882789060473,0.02395554818212986,0.07,1.0,1.0,True,100,0.8
241,33.533407422320906,0.96642681154335,0.0004425942024681717,0.01958910934627056,0.07,1.0,1.0,True,100,0.8
242,31.449941713177296,0.9729102388547178,0.000714859226718545,0.012071249075233936,0.07,1.0,1.0,True,100,0.8
243,26.037418744251276,0.916984609686707,0.0023570361081510782,0.027258872985839844,0.07,1.0,1.0,True,100,0.8
244,29.376694267375573,0.9442261538023304,0.0011528275208547711,0.022226853296160698,0.07,1.0,1.0,True,100,0.8
245,33.08745940566526,0.920580861765134,0.000428670144174248,0.022264573723077774,0.07,1.0,1.0,True,100,0.8
246,25.564987298271976,0.8420998171938153,0.0027337062638252974,0.031281307339668274,0.07,1.0,1.0,True,100,0.8
247,31.340212709470737,0.9728969179009259,0.0007334264228120446,0.026776762679219246,0.07,1.0,1.0,True,100,0.8
248,25.050795266048876,0.8600357922442331,0.002667391439899802,0.03762855753302574,0.07,1.0,1.0,True,100,0.8
249,34.659627639268564,0.9515555422787696,0.0003410904319025576,0.018904445692896843,0.07,1.0,1.0,True,100,0.8
250,33.37543336553459,0.9611105060568166,0.00045908259926363826,0.01630505360662937,0.07,1.0,1.0,True,100,0.8
251,25.120803793628532,0.9140794663187847,0.002660604892298579,0.023167509585618973,0.07,1.0,1.0,True,100,0.8
252,20.057889215896267,0.7550261972328625,0.009756511077284813,0.04791194573044777,0.07,1.0,1.0,True,100,0.8
253,35.31586824308635,0.9688783516055905,0.00028839544393122196,0.014799337834119797,0.07,1.0,1.0,True,100,0.8
254,21.88714039333391,0.919302471877836,0.006435227580368519,0.024083998054265976,0.07,1.0,1.0,True,100,0.8
255,28.58875835170548,0.8776112571250555,0.0010689127957448363,0.028126157820224762,0.07,1.0,1.0,True,100,0.8
256,27.000809917037117,0.9175627063267833,0.001629580743610859,0.01801927573978901,0.07,1.0,1.0,True,100,0.8
257,35.37031632397959,0.9640087455941674,0.000290177995339036,0.015873579308390617,0.07,1.0,1.0,True,100,0.8
258,26.24931822981904,0.8964983943476889,0.0022489416878670454,0.034893158823251724,0.07,1.0,1.0,True,100,0.8
259,29.995851884412893,0.9125155516591603,0.0009734683553688228,0.02884139120578766,0.07,1.0,1.0,True,100,0.8
260,36.106341153171925,0.9677403993804634,0.00024475259124301374,0.01718716509640217,0.07,1.0,1.0,True,100,0.8
261,35.19299413526377,0.9681782771836124,0.00030129580409266055,0.022133843973279,0.07,1.0,1.0,True,100,0.8
262,29.151039383650016,0.9019283119712114,0.0010818602750077844,0.0340263806283474,0.07,1.0,1.0,True,100,0.8
263,29.66449704895622,0.9293236857466591,0.0010791297536343336,0.021468326449394226,0.07,1.0,1.0,True,100,0.8
264,29.92728651788743,0.9671447973225508,0.001015620888210833,0.02001316472887993,0.07,1.0,1.0,True,100,0.8
265,30.260737408001365,0.9259307537962163,0.0009300294914282858,0.01901446096599102,0.07,1.0,1.0,True,100,0.8
266,34.4857051507896,0.9525956998284141,0.00035562054836191237,0.016238046810030937,0.07,1.0,1.0,True,100,0.8
267,22.612782883719916,0.8694366900788181,0.0052241976372897625,0.02565775066614151,0.07,1.0,1.0,True,100,0.8
268,36.64189152424668,0.9643730032185652,0.00021655161981470883,0.019520288333296776,0.07,1.0,1.0,True,100,0.8
269,21.58620578627123,0.780945656151233,0.006294483318924904,0.04331032559275627,0.07,1.0,1.0,True,100,0.8
270,32.015577474903154,0.926497474155159,0.0006266580312512815,0.02591433934867382,0.07,1.0,1.0,True,100,0.8
271,27.25303330763934,0.9029850426088669,0.0018677342450246215,0.037603653967380524,0.07,1.0,1.0,True,100,0.8
272,24.381822001769674,0.746694474172918,0.003562196623533964,0.03710198029875755,0.07,1.0,1.0,True,100,0.8
273,30.593349310074657,0.954377291356939,0.000870083982590586,0.02965458855032921,0.07,1.0,1.0,True,100,0.8
274,27.71145718012336,0.8977634712200231,0.0016720291459932923,0.046897415071725845,0.07,1.0,1.0,True,100,0.8
275,15.859329688116482,0.729833049427728,0.025846010074019432,0.02524244412779808,0.07,1.0,1.0,True,100,0.8
276,32.97134996631718,0.9421123958070704,0.000499587447848171,0.019953342154622078,0.07,1.0,1.0,True,100,0.8
277,24.729579094086294,0.8683827687439319,0.003332010004669428,0.020452195778489113,0.07,1.0,1.0,True,100,0.8
278,27.005806613433947,0.8905723209019992,0.0019251195481047034,0.02397075667977333,0.07,1.0,1.0,True,100,0.8
279,23.571198062479013,0.8491737928200164,0.004380333703011274,0.03492467477917671,0.07,1.0,1.0,True,100,0.8
280,25.761010480433704,0.9069141917210841,0.0024342364631593227,0.02657582052052021,0.07,1.0,1.0,True,100,0.8
281,22.196912803424524,0.8924392026876002,0.006018233485519886,0.01728852279484272,0.07,1.0,1.0,True,100,0.8
282,21.027254217011592,0.810058756317209,0.007891432382166386,0.031081778928637505,0.07,1.0,1.0,True,100,0.8
283,35.41665798531024,0.9592586316406665,0.00028706720331683755,0.020740967243909836,0.07,1.0,1.0,True,100,0.8
284,28.123780902023118,0.893050762477871,0.0015179311158135533,0.023349018767476082,0.07,1.0,1.0,True,100,0.8
285,22.95792291193206,0.8679865098809338,0.004957827739417553,0.029001852497458458,0.07,1.0,1.0,True,100,0.8
286,36.14864748080721,0.9588658197853095,0.00024199506151489913,0.0349319726228714,0.07,1.0,1.0,True,100,0.8
287,30.471863861854786,0.9598575067793867,0.0008919212268665433,0.01760496012866497,0.07,1.0,1.0,True,100,0.8
288,30.417428475095303,0.9604863671603218,0.0009031201479956508,0.028075946494936943,0.07,1.0,1.0,True,100,0.8
289,28.695600103125123,0.8926720350721978,0.0013239554828032851,0.045095328241586685,0.07,1.0,1.0,True,100,0.8
290,31.72511864600636,0.9544594592584914,0.0006716876523569226,0.014849322848021984,0.07,1.0,1.0,True,100,0.8
291,20.65353497271277,0.779396743412426,0.008523820899426937,0.03227510675787926,0.07,1.0,1.0,True,100,0.8
292,32.075263838037465,0.953932078568682,0.0006034202524460852,0.024759119376540184,0.07,1.0,1.0,True,100,0.8
293,23.794057426790204,0.892411711864112,0.0041307914070785046,0.028091559186577797,0.07,1.0,1.0,True,100,0.8
294,31.013868306035324,0.9176538064614538,0.0006131526897661388,0.025055579841136932,0.07,1.0,1.0,True,100,0.8
295,21.662299366186303,0.8320206328962186,0.006729114800691605,0.036675598472356796,0.07,1.0,1.0,True,100,0.8
296,29.993185366481157,0.9364322599550273,0.000988963176496327,0.033444494009017944,0.07,1.0,1.0,True,100,0.8
297,26.460232292368705,0.8659670755722593,0.0021928974892944098,0.0480995699763298,0.07,1.0,1.0,True,100,0.8
298,30.591121695372756,0.9562763736666909,0.0008719917386770248,0.017517007887363434,0.07,1.0,1.0,True,100,0.8
299,34.32483935533459,0.9895987118391553,0.00036887024180032313,0.014719388447701931,0.07,1.0,1.0,True,100,0.8
300,42.15243466047938,0.9786005792418501,6.0536516684805974e-05,0.014534594491124153,0.07,1.0,1.0,True,100,0.8
301,26.51522156653669,0.9143290488612602,0.0021510892547667027,0.03339799866080284,0.07,1.0,1.0,True,100,0.8
302,28.752018891373304,0.9297307077776045,0.0013327313354238868,0.03237289562821388,0.07,1.0,1.0,True,100,0.8
303,25.298589446648897,0.9026015439946339,0.0029338551685214043,0.035348281264305115,0.07,1.0,1.0,True,100,0.8
304,19.82527711992585,0.757006737042552,0.010340802371501923,0.04005606472492218,0.07,1.0,1.0,True,100,0.8
305,28.494051082932582,0.9360358533444666,0.0014016004279255867,0.04899950325489044,0.07,1.0,1.0,True,100,0.8
306,25.636640542781322,0.9076339764324939,0.002691599540412426,0.01995733566582203,0.07,1.0,1.0,True,100,0.8
307,28.77952452926717,0.870631859896818,0.0012622264912351966,0.034664053469896317,0.07,1.0,1.0,True,100,0.8
308,27.77638198521256,0.9074574617440241,0.0015896905679255724,0.02615481987595558,0.07,1.0,1.0,True,100,0.8
309,41.330178970931996,0.9862620535742018,7.354137778747827e-05,0.01724913902580738,0.07,1.0,1.0,True,100,0.8
310,25.019971306533442,0.857852957846433,0.0030439088586717844,0.03989512100815773,0.07,1.0,1.0,True,100,0.8
311,31.672083788021933,0.937182867628502,0.0006714899791404605,0.017574135214090347,0.07,1.0,1.0,True,100,0.8
312,20.38298666617466,0.8342356922477868,0.009105183184146881,0.02623031660914421,0.07,1.0,1.0,True,100,0.8
313,31.438991326365016,0.9365682509046344,0.0007171694305725396,0.028240274637937546,0.07,1.0,1.0,True,100,0.8
314,29.530218865972273,0.9294296163984865,0.0010977268684655428,0.029937103390693665,0.07,1.0,1.0,True,100,0.8
315,34.13755881575468,0.982847004206188,0.0003847888729069382,0.01117385271936655,0.07,1.0,1.0,True,100,0.8
316,27.63032289944681,0.9473524825230348,0.0016779230209067464,0.02860627882182598,0.07,1.0,1.0,True,100,0.8
317,23.01728664225287,0.8804439347532532,0.00470198318362236,0.034628767520189285,0.07,1.0,1.0,True,100,0.8
318,26.600901566954995,0.9263835096322346,0.0021706970874220133,0.038596879690885544,0.07,1.0,1.0,True,100,0.8
319,28.38231842145347,0.9305520590675381,0.0014510975452139974,0.02143155410885811,0.07,1.0,1.0,True,100,0.8
320,33.64986293591534,0.94968513783425,0.00042738611227832735,0.017576582729816437,0.07,1.0,1.0,True,100,0.8
321,35.581019011173595,0.953997739628188,0.00027635967126116157,0.020575016736984253,0.07,1.0,1.0,True,100,0.8
322,18.301397269230975,0.724100866094359,0.0146553423255682,0.03764345869421959,0.07,1.0,1.0,True,100,0.8
323,31.515819095384252,0.9764953643329618,0.000697809096891433,0.026605024933815002,0.07,1.0,1.0,True,100,0.8
324,26.879358832051313,0.9553098678127531,0.002040666760876775,0.022860651835799217,0.07,1.0,1.0,True,100,0.8
325,30.86002843283296,0.9625366089752153,0.000652714108582586,0.015792543068528175,0.07,1.0,1.0,True,100,0.8
326,31.12167920096411,0.9460915601182771,0.000772024504840374,0.025506723672151566,0.07,1.0,1.0,True,100,0.8
327,29.261581424551196,0.9520261544807285,0.0011788869742304087,0.019349677488207817,0.07,1.0,1.0,True,100,0.8
328,27.849424544143872,0.9456132124798032,0.0015633967705070972,0.02477639727294445,0.07,1.0,1.0,True,100,0.8
329,34.75727899249845,0.9787766024454951,0.0003342216950841248,0.015904905274510384,0.07,1.0,1.0,True,100,0.8
330,32.12570788030854,0.9545283488260334,0.0006016307161189616,0.018098926171660423,0.07,1.0,1.0,True,100,0.8
331,40.844363372735444,0.9808782476574275,8.22290894575417e-05,0.014480921439826488,0.07,1.0,1.0,True,100,0.8
332,30.15327246588621,0.9484406083187192,0.0009620734490454197,0.014418421313166618,0.07,1.0,1.0,True,100,0.8
333,36.524140191026945,0.9875390633894563,0.00022237272060010582,0.01112674456089735,0.07,1.0,1.0,True,100,0.8
334,32.08720485747747,0.9665781645290745,0.0006180037744343281,0.029829178005456924,0.07,1.0,1.0,True,100,0.8
335,28.64685027857435,0.9000719719642333,0.001332176965661347,0.04141908884048462,0.07,1.0,1.0,True,100,0.8
336,25.850055318718947,0.9135518141044736,0.00249565695412457,0.026559676975011826,0.07,1.0,1.0,True,100,0.8
337,23.673345344392068,0.868799636366028,0.004274813458323479,0.029472291469573975,0.07,1.0,1.0,True,100,0.8
338,36.03585791594298,0.9886331680789205,0.00024476245744153857,0.015442325733602047,0.07,1.0,1.0,True,100,0.8
339,38.08274335594423,0.9764755889542701,0.00015528502990491688,0.014172605238854885,0.07,1.0,1.0,True,100,0.8
340,29.12651767233598,0.9104380268907276,0.0011782492510974407,0.031143303960561752,0.07,1.0,1.0,True,100,0.8
341,16.570688125054815,0.6509894049208985,0.021783389151096344,0.04163151606917381,0.07,1.0,1.0,True,100,0.8
342,26.10003507764914,0.8285288193860928,0.0017310715047642589,0.032609954476356506,0.07,1.0,1.0,True,100,0.8
343,23.11146866379047,0.8388048444419676,0.0036640081088989973,0.023510519415140152,0.07,1.0,1.0,True,100,0.8
344,32.9442526335862,0.9502633487107953,0.0005068744067102671,0.01978403702378273,0.07,1.0,1.0,True,100,0.8
345,31.675794696590973,0.9314167719791856,0.0006488886428996921,0.022353408858180046,0.07,1.0,1.0,True,100,0.8
346,30.209595425205134,0.8622388831352601,0.0009264969849027693,0.03594095632433891,0.07,1.0,1.0,True,100,0.8
347,29.238374036654548,0.9627881213115341,0.0011614090763032436,0.028977563604712486,0.07,1.0,1.0,True,100,0.8
348,36.583072532463575,0.966353132390447,0.00021933788957539946,0.02300594560801983,0.07,1.0,1.0,True,100,0.8
349,32.978337546377084,0.929617883297312,0.0005034634959883988,0.024799829348921776,0.07,1.0,1.0,True,100,0.8
350,29.116724417608758,0.9470213112355017,0.001224410138092935,0.02378132939338684,0.07,1.0,1.0,True,100,0.8
351,26.610774602680536,0.9384423896239761,0.0021803348790854216,0.019000327214598656,0.07,1.0,1.0,True,100,0.8
352,31.7477898113003,0.9435369129781875,0.0006686773849651217,0.014187531545758247,0.07,1.0,1.0,True,100,0.8
353,24.084194369447417,0.9038664142645674,0.0038911737501621246,0.02665053680539131,0.07,1.0,1.0,True,100,0.8
354,23.991662273370622,0.9210975452934625,0.003986658528447151,0.017710087820887566,0.07,1.0,1.0,True,100,0.8
355,19.300127464126305,0.8025911272272332,0.011727018281817436,0.024868816137313843,0.07,1.0,1.0,True,100,0.8
356,21.533728574033756,0.8612663748532811,0.007006789091974497,0.026805182918906212,0.07,1.0,1.0,True,100,0.8
357,24.803970063167114,0.9062394276415109,0.0032625917810946703,0.031328946352005005,0.07,1.0,1.0,True,100,0.8
358,30.202997079282913,0.9478312372561579,0.000911324517801404,0.02265831269323826,0.07,1.0,1.0,True,100,0.8
359,34.55571217580661,0.9516574114222768,0.00035020546056330204,0.027453938499093056,0.07,1.0,1.0,True,100,0.8
360,32.56032486342121,0.9513910121608322,0.0005542496219277382,0.02880539372563362,0.07,1.0,1.0,True,100,0.8
361,28.98657926038495,0.8692540555588817,0.0011501879198476672,0.030536461621522903,0.07,1.0,1.0,True,100,0.8
362,26.821735961373825,0.9201978824732843,0.0020784814842045307,0.026477381587028503,0.07,1.0,1.0,True,100,0.8
363,38.635309453228615,0.9813802445728343,0.0001368011871818453,0.017566801980137825,0.07,1.0,1.0,True,100,0.8
364,29.696035996460605,0.9648569486151046,0.0010719136334955692,0.03442047908902168,0.07,1.0,1.0,True,100,0.8
365,30.132176334970865,0.9405719290253917,0.0009133170242421329,0.02618883177638054,0.07,1.0,1.0,True,100,0.8
366,24.162437120785757,0.8395346522060203,0.003803629195317626,0.03381930664181709,0.07,1.0,1.0,True,100,0.8
367,31.253125601942536,0.9476407494230659,0.0007470400305464864,0.01601722091436386,0.07,1.0,1.0,True,100,0.8
368,27.81313084169701,0.9477305510633993,0.001651745056733489,0.021936437115073204,0.07,1.0,1.0,True,100,0.8
369,27.923545672814647,0.9228691800782924,0.0016073413426056504,0.029946163296699524,0.07,1.0,1.0,True,100,0.8
370,31.505616878757525,0.9583320497574574,0.000706197926774621,0.022873414680361748,0.07,1.0,1.0,True,100,0.8
371,26.00563386549205,0.9045778273816737,0.0021408689208328724,0.023495059460401535,0.07,1.0,1.0,True,100,0.8
372,28.24065285290823,0.9248889524550191,0.0013835704885423183,0.023156020790338516,0.07,1.0,1.0,True,100,0.8
373,36.117920232546325,0.9652900696031449,0.00024398387176916003,0.021090710535645485,0.07,1.0,1.0,True,100,0.8
374,30.790116501124743,0.9460997043640744,0.0007905234815552831,0.01955181173980236,0.07,1.0,1.0,True,100,0.8
375,33.44384676332033,0.9754397311354569,0.00044816519948653877,0.022935155779123306,0.07,1.0,1.0,True,100,0.8
376,25.559025241077823,0.9233578763961297,0.0027429540641605854,0.02310410887002945,0.07,1.0,1.0,True,100,0.8
377,27.659244221557977,0.9023693709858185,0.0016753585077822208,0.031995825469493866,0.07,1.0,1.0,True,100,0.8
378,26.251811110930063,0.879371012673474,0.002259887056425214,0.030155451968312263,0.07,1.0,1.0,True,100,0.8
379,25.91791040526357,0.9106704125640255,0.002556466031819582,0.022094277665019035,0.07,1.0,1.0,True,100,0.8
380,17.645664426039474,0.7231631585677893,0.01691574417054653,0.035269595682621,0.07,1.0,1.0,True,100,0.8
381,18.951730006560172,0.7260548651658546,0.012514437548816204,0.040298715233802795,0.07,1.0,1.0,True,100,0.8
382,20.019068189139396,0.8561588060817529,0.009885312058031559,0.028808899223804474,0.07,1.0,1.0,True,100,0.8
383,25.965016825412647,0.9024348095101684,0.0023436243645846844,0.03051525168120861,0.07,1.0,1.0,True,100,0.8
384,35.79141313599794,0.9573232494563756,0.0002632374526001513,0.014277107082307339,0.07,1.0,1.0,True,100,0.8
385,32.74468502405066,0.9615218048094473,0.0005299488548189402,0.02796112187206745,0.07,1.0,1.0,True,100,0.8
386,23.853693653441944,0.9043871113976177,0.004074126947671175,0.03690251708030701,0.07,1.0,1.0,True,100,0.8
387,22.83775995374568,0.8961955361672311,0.005175348371267319,0.03228248655796051,0.07,1.0,1.0,True,100,0.8
388,26.875122480523267,0.9354157365389529,0.002033013617619872,0.04516180232167244,0.07,1.0,1.0,True,100,0.8
389,32.548697312991976,0.9613430697789994,0.0005511112394742668,0.021768927574157715,0.07,1.0,1.0,True,100,0.8
390,35.13948713343853,0.9801566009212697,0.00030595698626711965,0.025032807141542435,0.07,1.0,1.0,True,100,0.8
391,31.784811949675746,0.9089735460086074,0.000661127211060375,0.030388368293642998,0.07,1.0,1.0,True,100,0.8
392,20.32648123146496,0.8309295033196024,0.009256919845938683,0.03742406517267227,0.07,1.0,1.0,True,100,0.8
393,33.45091832563787,0.9749901219817999,0.0004331191594246775,0.02480468899011612,0.07,1.0,1.0,True,100,0.8
394,28.825478747945223,0.8931459958892858,0.001306902151554823,0.031130686402320862,0.07,1.0,1.0,True,100,0.8
395,22.93537435398738,0.715906935136982,0.004987951368093491,0.040457189083099365,0.07,1.0,1.0,True,100,0.8
396,30.838943793698476,0.9401141377502304,0.0008192796376533806,0.03264540433883667,0.07,1.0,1.0,True,100,0.8
397,20.127439895535023,0.7626952513555253,0.009602143429219723,0.03442233055830002,0.07,1.0,1.0,True,100,0.8
398,28.94902617454016,0.9543367189165854,0.0012660459615290165,0.01970932073891163,0.07,1.0,1.0,True,100,0.8
399,34.567866802422856,0.9481076813073227,0.00034889948437921703,0.02037394605576992,0.07,1.0,1.0,True,100,0.8
400,31.994297502710882,0.9782820418553948,0.0006310703465715051,0.01674244925379753,0.07,1.0,1.0,True,100,0.8
401,27.51343327418086,0.8762027735316896,0.0014483893755823374,0.03172052279114723,0.07,1.0,1.0,True,100,0.8
402,30.340550252422062,0.9624607983373021,0.0008803439559414983,0.020885875448584557,0.07,1.0,1.0,True,100,0.8
403,17.0782590266544,0.653854817814143,0.019523337483406067,0.03686881810426712,0.07,1.0,1.0,True,100,0.8
404,33.16913590689462,0.9498480831429562,0.0004818965098820627,0.025758836418390274,0.07,1.0,1.0,True,100,0.8
405,31.986218316072232,0.9575540356038156,0.0006323292036540806,0.027632590383291245,0.07,1.0,1.0,True,100,0.8
406,30.25818426428288,0.9394570686945728,0.0009398073307238519,0.023310944437980652,0.07,1.0,1.0,True,100,0.8
407,22.84654757168783,0.8827003535917423,0.005186001770198345,0.02909715659916401,0.07,1.0,1.0,True,100,0.8
408,29.580625129428345,0.9483396442005386,0.0010045069502666593,0.025291671976447105,0.07,1.0,1.0,True,100,0.8
409,33.84710226808633,0.9449071334626898,0.0004081638471689075,0.018744513392448425,0.07,1.0,1.0,True,100,0.8
410,36.80583814666151,0.9802250500433954,0.00020848434360232204,0.01606190949678421,0.07,1.0,1.0,True,100,0.8
411,26.904089854986466,0.9403357217962959,0.0020111333578824997,0.02183055877685547,0.07,1.0,1.0,True,100,0.8
412,36.69294371962755,0.9828507763682505,0.0002139265852747485,0.011625068262219429,0.07,1.0,1.0,True,100,0.8
413,29.555681936767265,0.9195209098989442,0.00110724288970232,0.023588040843605995,0.07,1.0,1.0,True,100,0.8
414,31.14233076712758,0.9555485159220218,0.0007672148640267551,0.01598885841667652,0.07,1.0,1.0,True,100,0.8
415,37.31223765379498,0.9798385304839987,0.00018558840383775532,0.014708997681736946,0.07,1.0,1.0,True,100,0.8
416,28.888035612173898,0.8912559644503002,0.0012830019695684314,0.030767785385251045,0.07,1.0,1.0,True,100,0.8
417,29.611058896616957,0.9167872995399592,0.001069342135451734,0.03863483667373657,0.07,1.0,1.0,True,100,0.8
418,25.90218661768125,0.922105922260859,0.002554686740040779,0.022257784381508827,0.07,1.0,1.0,True,100,0.8
419,25.531369912326205,0.9226972504343042,0.0027952706441283226,0.020829858258366585,0.07,1.0,1.0,True,100,0.8
420,31.908359992839138,0.9493088790968106,0.0006436636322177947,0.014169067144393921,0.07,1.0,1.0,True,100,0.8
421,25.1913769719448,0.9109333114746825,0.0029744021594524384,0.02552683837711811,0.07,1.0,1.0,True,100,0.8
422,37.141711731899235,0.9756850220101536,0.00019301759311929345,0.011619843542575836,0.07,1.0,1.0,True,100,0.8
423,33.89137323431706,0.9628337525884679,0.0004067317640874535,0.02570340782403946,0.07,1.0,1.0,True,100,0.8
424,27.973778081667234,0.9442397000804406,0.001588306506164372,0.026191774755716324,0.07,1.0,1.0,True,100,0.8
425,30.521142075174616,0.9658268023478357,0.0008677419391460717,0.029711920768022537,0.07,1.0,1.0,True,100,0.8
426,23.83468108017535,0.8917317439091245,0.003981550224125385,0.030591921880841255,0.07,1.0,1.0,True,100,0.8
427,34.62108833278936,0.9593293771101594,0.00034427561331540346,0.021152982488274574,0.07,1.0,1.0,True,100,0.8
428,29.143945792415906,0.9318636000094891,0.0012110625393688679,0.03183453157544136,0.07,1.0,1.0,True,100,0.8
429,32.16835221792359,0.8788968587968925,0.000590663286857307,0.03273528441786766,0.07,1.0,1.0,True,100,0.8
430,25.49607572652961,0.8881531220748329,0.0027983891777694225,0.018909934908151627,0.07,1.0,1.0,True,100,0.8
431,29.676329649838205,0.9458148470158055,0.0010178140364587307,0.02350243739783764,0.07,1.0,1.0,True,100,0.8
432,29.463721698778123,0.9247259019006148,0.0011290630791336298,0.01956743374466896,0.07,1.0,1.0,True,100,0.8
433,19.929202831108647,0.7860051128162772,0.009954092092812061,0.03168313205242157,0.07,1.0,1.0,True,100,0.8
434,37.571506688518575,0.9716512602749132,0.00017486630531493574,0.017404623329639435,0.07,1.0,1.0,True,100,0.8
435,24.653966338591303,0.79379636632861,0.0034013884142041206,0.04721827805042267,0.07,1.0,1.0,True,100,0.8
436,21.01000904898717,0.8614393252868809,0.007861310616135597,0.038887206465005875,0.07,1.0,1.0,True,100,0.8
437,26.249395433085287,0.9293816766374379,0.0023219934664666653,0.026741867884993553,0.07,1.0,1.0,True,100,0.8
438,30.162367218254353,0.9692493001358551,0.0009625367820262909,0.01521676778793335,0.07,1.0,1.0,True,100,0.8
439,26.97388288599242,0.9276826688944111,0.0019997390918433666,0.01854342222213745,0.07,1.0,1.0,True,100,0.8
440,35.2766385904157,0.955103052343685,0.00029629067284986377,0.02131580375134945,0.07,1.0,1.0,True,100,0.8
441,32.83365087026888,0.9404871343635983,0.0005206335918046534,0.022532625123858452,0.07,1.0,1.0,True,100,0.8
442,33.898689331087574,0.9562057479985359,0.0004067115660291165,0.014843292534351349,0.07,1.0,1.0,True,100,0.8
443,27.1652451548815,0.8404535952517215,0.001888552331365645,0.03627650439739227,0.07,1.0,1.0,True,100,0.8
444,30.659678204727,0.9269653050107852,0.0008585472824051976,0.020832721143960953,0.07,1.0,1.0,True,100,0.8
445,35.95747121545751,0.9489982722882639,0.00025307026226073503,0.026937343180179596,0.07,1.0,1.0,True,100,0.8
446,31.49825019164676,0.9657433754211855,0.000707259401679039,0.01149058062583208,0.07,1.0,1.0,True,100,0.8
447,28.624202111076418,0.9308272573017583,0.0012708893045783043,0.021741164848208427,0.07,1.0,1.0,True,100,0.8
448,23.79459644133511,0.8025618523082497,0.003733646124601364,0.04118509218096733,0.07,1.0,1.0,True,100,0.8
449,31.40660290733515,0.9603885958745876,0.0006613019504584372,0.029246140271425247,0.07,1.0,1.0,True,100,0.8
450,35.567400037273806,0.9700647639447075,0.0002773827873170376,0.01442011259496212,0.07,1.0,1.0,True,100,0.8
451,26.809528063432317,0.9339101115862528,0.002071626717224717,0.028909875079989433,0.07,1.0,1.0,True,100,0.8
452,18.522849685325284,0.8316849852287161,0.014006278477609158,0.018944481387734413,0.07,1.0,1.0,True,100,0.8
453,27.328073883294127,0.9283202164667064,0.0018391351914033294,0.027104655280709267,0.07,1.0,1.0,True,100,0.8
454,30.691265194863163,0.9702158906603745,0.0008334760786965489,0.01873972825706005,0.07,1.0,1.0,True,100,0.8
455,28.56081013699709,0.9325900310333299,0.001386523712426424,0.024249449372291565,0.07,1.0,1.0,True,100,0.8
456,24.719311239133912,0.8872531142212658,0.003337633330374956,0.03338618576526642,0.07,1.0,1.0,True,100,0.8
457,30.386204520873342,0.9326304662230226,0.0007836501463316381,0.02120193839073181,0.07,1.0,1.0,True,100,0.8
458,36.70274041821402,0.9745138939719943,0.000213271239772439,0.02257770672440529,0.07,1.0,1.0,True,100,0.8
459,31.12302367583696,0.9538160077804628,0.0007709019118919969,0.02391236647963524,0.07,1.0,1.0,True,100,0.8
460,31.61496511247524,0.9481707611135654,0.0006840354762971401,0.02276371233165264,0.07,1.0,1.0,True,100,0.8
461,34.22256308054798,0.9361440805704847,0.00037782889558002353,0.029385579749941826,0.07,1.0,1.0,True,100,0.8
462,25.40454825236732,0.8574318368392982,0.0028274504002183676,0.032781753689050674,0.07,1.0,1.0,True,100,0.8
463,15.869470324492072,0.6619437010216929,0.025674477219581604,0.057420529425144196,0.07,1.0,1.0,True,100,0.8
464,30.369329832383695,0.886074632014099,0.0007690940401516855,0.0328872986137867,0.07,1.0,1.0,True,100,0.8
465,32.8627527783886,0.9725186685321254,0.000506386102642864,0.017427928745746613,0.07,1.0,1.0,True,100,0.8
466,28.18748100299548,0.9333318275994438,0.0014942822745069861,0.027111731469631195,0.07,1.0,1.0,True,100,0.8
467,23.253347900578408,0.8974014244316736,0.00471983989700675,0.02267259731888771,0.07,1.0,1.0,True,100,0.8
468,21.70833685582936,0.8413895824289774,0.006691769231110811,0.031460344791412354,0.07,1.0,1.0,True,100,0.8
469,31.479303826962894,0.8792980671605581,0.000660541991237551,0.020347148180007935,0.07,1.0,1.0,True,100,0.8
470,25.526357398342675,0.9139982625147447,0.002761426381766796,0.025942765176296234,0.07,1.0,1.0,True,100,0.8
471,32.5801210668596,0.967452123638154,0.0005501320702023804,0.014062087051570415,0.07,1.0,1.0,True,100,0.8
472,26.862680492279676,0.9390988115978622,0.00191523099783808,0.026789767667651176,0.07,1.0,1.0,True,100,0.8
473,28.213486610664077,0.8862631479064358,0.0014951685443520546,0.025641461834311485,0.07,1.0,1.0,True,100,0.8
474,36.02931619648895,0.9820053667998782,0.0002489871985744685,0.012154124677181244,0.07,1.0,1.0,True,100,0.8
475,30.00285244296583,0.9186100921640701,0.0009386720485053957,0.03004748374223709,0.07,1.0,1.0,True,100,0.8
476,20.37725301342761,0.7757632021102827,0.0090510044246912,0.027723398059606552,0.07,1.0,1.0,True,100,0.8
477,27.044369575032427,0.868325522438103,0.0017770210979506373,0.031096335500478745,0.07,1.0,1.0,True,100,0.8
478,35.3563663221754,0.9849020130124992,0.00029107934096828103,0.021094506606459618,0.07,1.0,1.0,True,100,0.8
479,21.969302790378087,0.8837646971077305,0.006343894172459841,0.018691152334213257,0.07,1.0,1.0,True,100,0.8
480,34.30318401068636,0.9434797987956995,0.0003706204879563302,0.02055458351969719,0.07,1.0,1.0,True,100,0.8
481,30.397210368379362,0.955051729461357,0.0009034685790538788,0.015582787804305553,0.07,1.0,1.0,True,100,0.8
482,35.94741921956504,0.9565503769184167,0.0002538793778512627,0.017581110820174217,0.07,1.0,1.0,True,100,0.8
483,27.036680558923184,0.9328248338126054,0.0019545198883861303,0.032728493213653564,0.07,1.0,1.0,True,100,0.8
484,19.968300433947817,0.8555110749099942,0.01004654262214899,0.028487345203757286,0.07,1.0,1.0,True,100,0.8
485,20.258412249649965,0.7748620387715356,0.00927718635648489,0.03778994828462601,0.07,1.0,1.0,True,100,0.8
486,29.15800537959783,0.9492984452160889,0.0011847028508782387,0.03254656866192818,0.07,1.0,1.0,True,100,0.8
487,31.489969102357684,0.9787905619963158,0.0007002688362263143,0.02015773206949234,0.07,1.0,1.0,True,100,0.8
488,25.818662272618305,0.926251835429078,0.00261236191727221,0.034990642219781876,0.07,1.0,1.0,True,100,0.8
489,27.05104982221629,0.9170408501675192,0.0019349680515006185,0.04528707638382912,0.07,1.0,1.0,True,100,0.8
490,30.346644732303666,0.9135462765264016,0.0008345836540684104,0.024603741243481636,0.07,1.0,1.0,True,100,0.8
491,20.40681857091399,0.858889535455234,0.00907779112458229,0.026138942688703537,0.07,1.0,1.0,True,100,0.8
492,28.583884022820122,0.9303380226095518,0.0013839725870639086,0.020459365099668503,0.07,1.0,1.0,True,100,0.8
493,33.3702982965946,0.9470397288170023,0.00045990815851837397,0.017316993325948715,0.07,1.0,1.0,True,100,0.8
494,37.420045070022795,0.9686150280883684,0.00018088659271597862,0.015640392899513245,0.07,1.0,1.0,True,100,0.8
495,36.30364456523581,0.9853706082907746,0.000233672239119187,0.020999295637011528,0.07,1.0,1.0,True,100,0.8
496,23.403096329512092,0.8511832563095244,0.003955245949327946,0.02714468725025654,0.07,1.0,1.0,True,100,0.8
497,32.24053767935426,0.9657107839212821,0.0005773502052761614,0.02195345051586628,0.07,1.0,1.0,True,100,0.8
498,33.7100318173287,0.9628483683824293,0.0004247818433213979,0.01571081206202507,0.07,1.0,1.0,True,100,0.8
499,25.218310451305662,0.9145682485366525,0.002974479226395488,0.03201136365532875,0.07,1.0,1.0,True,100,0.8
500,26.531832866056636,0.8694477256837275,0.00215563690289855,0.03175753355026245,0.07,1.0,1.0,True,100,0.8
501,27.167037825589155,0.9458469052744263,0.0019183990079909563,0.009407620877027512,0.07,1.0,1.0,True,100,0.8
502,32.72592580643224,0.9687991476587959,0.0004945583059452474,0.019273290410637856,0.07,1.0,1.0,True,100,0.8
503,25.58511480819967,0.9333254957529096,0.002759395632892847,0.01795290596783161,0.07,1.0,1.0,True,100,0.8
504,28.240826958761915,0.9540678136381325,0.001480993116274476,0.020348118618130684,0.07,1.0,1.0,True,100,0.8
505,35.43416007951973,0.9682584369960707,0.00028560933424159884,0.013045009225606918,0.07,1.0,1.0,True,100,0.8
506,28.086871084770078,0.9432426133837986,0.0015419768169522285,0.02430867962539196,0.07,1.0,1.0,True,100,0.8
507,27.062575448073822,0.9292548002965433,0.001890850136987865,0.018814126029610634,0.07,1.0,1.0,True,100,0.8
508,29.531033709941248,0.9377120828450156,0.001093970611691475,0.025054702535271645,0.07,1.0,1.0,True,100,0.8
509,29.967835269407455,0.9210780116703489,0.0009980072500184178,0.033015940338373184,0.07,1.0,1.0,True,100,0.8
510,22.137601993250847,0.8399226782471548,0.005503528285771608,0.03498690947890282,0.07,1.0,1.0,True,100,0.8
511,22.677547991927117,0.8522054776702706,0.005372606683522463,0.0380864292383194,0.07,1.0,1.0,True,100,0.8
512,29.013890585144285,0.935974580938356,0.0010685099987313151,0.023482205346226692,0.07,1.0,1.0,True,100,0.8
513,20.470988491219217,0.8076279634118808,0.008927104994654655,0.04071720317006111,0.07,1.0,1.0,True,100,0.8
514,32.99064557375498,0.949764144555949,0.0005013758782297373,0.02632864937186241,0.07,1.0,1.0,True,100,0.8
515,29.787301585511855,0.9423631072982422,0.001016529044136405,0.028331896290183067,0.07,1.0,1.0,True,100,0.8
516,25.905273591771735,0.9228489310620016,0.0024618699681013823,0.03258403390645981,0.07,1.0,1.0,True,100,0.8
517,28.97903258955942,0.9403820785706318,0.0011753059225156903,0.02421639673411846,0.07,1.0,1.0,True,100,0.8
518,25.5464771034761,0.8347974441937384,0.002688029780983925,0.029354756698012352,0.07,1.0,1.0,True,100,0.8
519,30.027850506663686,0.9377798842433437,0.0008305099909193814,0.032443974167108536,0.07,1.0,1.0,True,100,0.8
520,24.934025562175208,0.8525471823229079,0.003181604901328683,0.02980419620871544,0.07,1.0,1.0,True,100,0.8
521,30.250542085891645,0.9618234002676296,0.0009434139938093722,0.02585480734705925,0.07,1.0,1.0,True,100,0.8
522,35.84129807644348,0.9760599871722537,0.0002601677842903882,0.01067714486271143,0.07,1.0,1.0,True,100,0.8
523,27.08100417832194,0.8555577348808876,0.0011788720730692148,0.0312894769012928,0.07,1.0,1.0,True,100,0.8
524,29.432959959650084,0.931139494005064,0.001139076892286539,0.026112938299775124,0.07,1.0,1.0,True,100,0.8
525,28.16277146004268,0.9397809896483571,0.0014485425781458616,0.022747298702597618,0.07,1.0,1.0,True,100,0.8
526,32.861470368961406,0.9413829603846597,0.0005143426824361086,0.02630673721432686,0.07,1.0,1.0,True,100,0.8
527,30.166809827541144,0.94557354074083,0.0009519988670945168,0.024560360237956047,0.07,1.0,1.0,True,100,0.8
528,28.87758591568599,0.9071657827664148,0.0012711304007098079,0.04125886410474777,0.07,1.0,1.0,True,100,0.8
529,29.62986751216151,0.9502202227665544,0.0010881252819672227,0.028310365974903107,0.07,1.0,1.0,True,100,0.8
530,20.847008615280124,0.8048278616643506,0.008081808686256409,0.040679316967725754,0.07,1.0,1.0,True,100,0.8
531,33.6120996297813,0.9654059745102229,0.000434905756264925,0.019362250342965126,0.07,1.0,1.0,True,100,0.8
532,19.958546050557967,0.6885418062476404,0.010048975236713886,0.032921284437179565,0.07,1.0,1.0,True,100,0.8
533,30.902773745999834,0.9769461810342791,0.00080445921048522,0.019673939794301987,0.07,1.0,1.0,True,100,0.8
534,21.225354465530536,0.8085363753204788,0.007513752207159996,0.036150917410850525,0.07,1.0,1.0,True,100,0.8
535,31.735012969948784,0.9394701906471246,0.0005584569298662245,0.019081883132457733,0.07,1.0,1.0,True,100,0.8
536,29.152885559573317,0.9235227859979812,0.0012127397349104285,0.02204662747681141,0.07,1.0,1.0,True,100,0.8
537,32.8029177071151,0.9576147210902474,0.0005241876933723688,0.018612919375300407,0.07,1.0,1.0,True,100,0.8
538,36.93941103001025,0.978563431738823,0.00020102252892684191,0.022451061755418777,0.07,1.0,1.0,True,100,0.8
539,27.280230083879076,0.9172884479003609,0.0018623354844748974,0.030219314619898796,0.07,1.0,1.0,True,100,0.8
540,20.480033164679362,0.7993418116834416,0.008678093552589417,0.024166731163859367,0.07,1.0,1.0,True,100,0.8
541,30.192759773177382,0.9081435515415558,0.0009513622499071062,0.02828812599182129,0.07,1.0,1.0,True,100,0.8
542,19.392884087083043,0.72569947274557,0.011417428031563759,0.04297903925180435,0.07,1.0,1.0,True,100,0.8
543,27.263871781511465,0.8921468502133546,0.0018549669766798615,0.02832712233066559,0.07,1.0,1.0,True,100,0.8
544,32.92966496653113,0.9386598165267146,0.0005089055630378425,0.019019266590476036,0.07,1.0,1.0,True,100,0.8
545,19.778524561685256,0.7298105970583021,0.010422115214169025,0.05043438822031021,0.07,1.0,1.0,True,100,0.8
546,27.087210664793663,0.9346431328293217,0.0019314392702654004,0.03150339052081108,0.07,1.0,1.0,True,100,0.8
547,29.960598681270785,0.9518751567316129,0.0009653890156187117,0.02720211073756218,0.07,1.0,1.0,True,100,0.8
548,30.296215834024718,0.9471578828234061,0.0009112930274568498,0.014645484276115894,0.07,1.0,1.0,True,100,0.8
549,23.690845102531313,0.8073404229905526,0.0042083049193024635,0.0428086593747139,0.07,1.0,1.0,True,100,0.8
550,31.142825051790286,0.9305480193073782,0.0007490993593819439,0.024693313986063004,0.07,1.0,1.0,True,100,0.8
551,31.731187330898088,0.9298683587834503,0.0005427536088973284,0.01869211532175541,0.07,1.0,1.0,True,100,0.8
552,37.51971235954088,0.9679872422902945,0.0001769883674569428,0.01693648286163807,0.07,1.0,1.0,True,100,0.8
553,32.27182966083999,0.9336440839696103,0.00047834456199780107,0.014174941927194595,0.07,1.0,1.0,True,100,0.8
554,30.17492999512583,0.9425479964179182,0.000883089320268482,0.022945180535316467,0.07,1.0,1.0,True,100,0.8
555,29.815020143784427,0.93053748266016,0.0010420730104669929,0.020093191415071487,0.07,1.0,1.0,True,100,0.8
556,31.84155344536955,0.9774835651780799,0.0006513137486763299,0.02098054625093937,0.07,1.0,1.0,True,100,0.8
557,31.41521466984735,0.9343226510719987,0.0007054153829813004,0.02663281187415123,0.07,1.0,1.0,True,100,0.8
558,37.138549378005834,0.9682417074131892,0.00019307101320009679,0.013780811801552773,0.07,1.0,1.0,True,100,0.8
559,35.08347585316032,0.9678192462376151,0.00030998297734186053,0.02001950331032276,0.07,1.0,1.0,True,100,0.8
560,38.21776886439607,0.9802245637949776,0.00015058154531288892,0.016839953139424324,0.07,1.0,1.0,True,100,0.8
561,23.265273380996515,0.8349231178088977,0.004644621163606644,0.03679767623543739,0.07,1.0,1.0,True,100,0.8
562,24.86648845922906,0.8628261000114953,0.0031328992918133736,0.025882886722683907,0.07,1.0,1.0,True,100,0.8
563,33.6099650617019,0.9573388133501736,0.0004351044772192836,0.022809598594903946,0.07,1.0,1.0,True,100,0.8
564,28.94474482302045,0.9589261984677506,0.0012739143567159772,0.018482929095625877,0.07,1.0,1.0,True,100,0.8
565,27.36874802558322,0.9393985932087382,0.0017682816833257675,0.026720918715000153,0.07,1.0,1.0,True,100,0.8
566,23.976886526276083,0.8403786100293159,0.002805605297908187,0.029649779200553894,0.07,1.0,1.0,True,100,0.8
567,34.86972107464755,0.9679348783950072,0.0003257710486650467,0.013649553060531616,0.07,1.0,1.0,True,100,0.8
568,27.79325724079953,0.8539497305565082,0.0016110411379486322,0.03606521710753441,0.07,1.0,1.0,True,100,0.8
569,25.936032145311746,0.9074589196012055,0.002548782154917717,0.024753179401159286,0.07,1.0,1.0,True,100,0.8
570,28.104913729130917,0.899144270801122,0.0015123776393011212,0.03942756727337837,0.07,1.0,1.0,True,100,0.8
571,23.65383757281341,0.9002690135786777,0.0042976620607078075,0.026430431753396988,0.07,1.0,1.0,True,100,0.8
572,33.304183097905465,0.9400363129950959,0.00040346686728298664,0.024315861985087395,0.07,1.0,1.0,True,100,0.8
573,32.46058111905457,0.9242167712426653,0.0005657303263433278,0.029632531106472015,0.07,1.0,1.0,True,100,0.8
574,31.78103417564015,0.9653293213300538,0.0006518733571283519,0.025746114552021027,0.07,1.0,1.0,True,100,0.8
575,33.34716672770401,0.933597257950942,0.0004625378060154617,0.027150342240929604,0.07,1.0,1.0,True,100,0.8
576,35.77095099959644,0.9653663286637473,0.00026448050630278885,0.018567241728305817,0.07,1.0,1.0,True,100,0.8
577,32.83404334960272,0.9422527388799301,0.0004984402912668884,0.027306340634822845,0.07,1.0,1.0,True,100,0.8
578,30.37486972747528,0.9404266486819007,0.0009120815084315836,0.032605815678834915,0.07,1.0,1.0,True,100,0.8
579,23.304679456582136,0.9272817639298583,0.004639094695448875,0.03791648522019386,0.07,1.0,1.0,True,100,0.8
580,34.76508208461838,0.9835856612867862,0.00033335655461996794,0.015912843868136406,0.07,1.0,1.0,True,100,0.8
581,34.495644903668506,0.9459752534180725,0.0003550753172021359,0.023083537817001343,0.07,1.0,1.0,True,100,0.8
582,29.696156263446262,0.9464553794347834,0.0010608189040794969,0.023875460028648376,0.07,1.0,1.0,True,100,0.8
583,34.84840032388653,0.9569046371707729,0.0003272324684076011,0.020434662699699402,0.07,1.0,1.0,True,100,0.8
584,20.96336523200933,0.8700167288050662,0.007945953868329525,0.022740133106708527,0.07,1.0,1.0,True,100,0.8
585,26.307914589488387,0.9140956902044409,0.0022196089848876,0.024993212893605232,0.07,1.0,1.0,True,100,0.8
586,26.127240034437897,0.8328298006545064,0.0024324022233486176,0.028639180585741997,0.07,1.0,1.0,True,100,0.8
587,35.80912964232838,0.9655068824288768,0.00026217635604552925,0.01949455589056015,0.07,1.0,1.0,True,100,0.8
588,29.959149199488266,0.9446225837680393,0.0010067411931231618,0.015509335324168205,0.07,1.0,1.0,True,100,0.8
589,30.12561979785336,0.9438758249730026,0.0009264593827538192,0.02303541824221611,0.07,1.0,1.0,True,100,0.8
590,34.630750694914965,0.9567840682617528,0.00033300486393272877,0.021723251789808273,0.07,1.0,1.0,True,100,0.8
591,29.75546791913493,0.909012775889322,0.0010179949458688498,0.0243113711476326,0.07,1.0,1.0,True,100,0.8
592,22.226899760855453,0.8282661408245908,0.005678101442754269,0.03178106248378754,0.07,1.0,1.0,True,100,0.8
593,34.95491558303798,0.9778696701192019,0.0003191030991729349,0.016909943893551826,0.07,1.0,1.0,True,100,0.8
594,32.0880133421364,0.9532956046093605,0.0006126773660071194,0.023303810507059097,0.07,1.0,1.0,True,100,0.8
595,29.09789547569307,0.903200543494232,0.0012006256729364395,0.02782982960343361,0.07,1.0,1.0,True,100,0.8
596,24.88016813561591,0.8833141308787839,0.0032177227549254894,0.03594348952174187,0.07,1.0,1.0,True,100,0.8
597,37.565509275620805,0.9741706439246827,0.00017485486750956625,0.015039472840726376,0.07,1.0,1.0,True,100,0.8
598,35.83899939483767,0.984966216749205,0.0002604722685646266,0.016790173947811127,0.07,1.0,1.0,True,100,0.8
599,30.207987384288497,0.9615590129628147,0.0009530006209388375,0.017700836062431335,0.07,1.0,1.0,True,100,0.8
600,30.465088111824418,0.9592744849153224,0.0008959195110946894,0.02896115928888321,0.07,1.0,1.0,True,100,0.8
601,29.450117003809012,0.9496310216416023,0.00113486812915653,0.01597917638719082,0.07,1.0,1.0,True,100,0.8
602,29.740833336443814,0.9231644062946646,0.0009097926085814834,0.012195467948913574,0.07,1.0,1.0,True,100,0.8
603,34.71889335075859,0.9683444131976926,0.00033691077260300517,0.0258280411362648,0.07,1.0,1.0,True,100,0.8
604,24.778873884984733,0.9079648613075796,0.0032274748664349318,0.02981589362025261,0.07,1.0,1.0,True,100,0.8
605,25.60227441655028,0.8436255391686674,0.0027363768313080072,0.03491896390914917,0.07,1.0,1.0,True,100,0.8
606,36.78887598014138,0.9798181148628455,0.0002090551715809852,0.017145797610282898,0.07,1.0,1.0,True,100,0.8
607,28.652316840195798,0.9515428108204506,0.001356967375613749,0.028544923290610313,0.07,1.0,1.0,True,100,0.8
608,31.42768631925197,0.9442833311845221,0.0007182444096542895,0.024177011102437973,0.07,1.0,1.0,True,100,0.8
609,32.243205987623675,0.9434982070505189,0.0005957685061730444,0.024278540164232254,0.07,1.0,1.0,True,100,0.8
610,25.009035911803238,0.9012240970697565,0.0031543236691504717,0.036392685025930405,0.07,1.0,1.0,True,100,0.8
611,29.97400050832189,0.9473531347909948,0.0009904042817652225,0.02203335426747799,0.07,1.0,1.0,True,100,0.8
612,31.8586830142687,0.9736771652142453,0.0006477721617557108,0.023491637781262398,0.07,1.0,1.0,True,100,0.8
613,24.10499718240798,0.7995315725974362,0.0038566109724342823,0.041284315288066864,0.07,1.0,1.0,True,100,0.8
614,18.594483755013822,0.7166174932181046,0.013739180751144886,0.04324528947472572,0.07,1.0,1.0,True,100,0.8
615,30.99127662953386,0.9495568175976029,0.0007789182709529996,0.02162548527121544,0.07,1.0,1.0,True,100,0.8
616,24.215863947765236,0.9107137070459355,0.0035590522456914186,0.028146490454673767,0.07,1.0,1.0,True,100,0.8
617,24.373374756648396,0.8862985855362967,0.003624154720455408,0.030496127903461456,0.07,1.0,1.0,True,100,0.8
618,18.527423437770516,0.7578931514965946,0.013640192337334156,0.043683942407369614,0.07,1.0,1.0,True,100,0.8
619,32.624887012324976,0.9500429630971545,0.0005332439905032516,0.020291144028306007,0.07,1.0,1.0,True,100,0.8
620,22.59547482094893,0.8248138801128411,0.005491286050528288,0.031987834721803665,0.07,1.0,1.0,True,100,0.8
621,24.43705226520741,0.8969615688268768,0.003353593870997429,0.026988932862877846,0.07,1.0,1.0,True,100,0.8
622,33.769671383829845,0.9713455371873913,0.00041971818427555263,0.020271573215723038,0.07,1.0,1.0,True,100,0.8
623,25.92709390973865,0.9207884811039849,0.002516814973205328,0.024467814713716507,0.07,1.0,1.0,True,100,0.8
624,33.075336678561904,0.9874962512307615,0.0004900313797406852,0.021745992824435234,0.07,1.0,1.0,True,100,0.8
625,30.495656037608335,0.9357188167425317,0.0008808289421722293,0.01906181126832962,0.07,1.0,1.0,True,100,0.8
626,35.69759956113134,0.9703997600558373,0.00026912183966487646,0.017977075651288033,0.07,1.0,1.0,True,100,0.8
627,33.93829566832889,0.966704115802105,0.0004030110430903733,0.014588805846869946,0.07,1.0,1.0,True,100,0.8
628,25.434336680236072,0.8905087587543702,0.0022898237220942974,0.03391863405704498,0.07,1.0,1.0,True,100,0.8
629,31.575520357454216,0.9353951467364504,0.0006841610302217305,0.024137243628501892,0.07,1.0,1.0,True,100,0.8
630,36.20280456039792,0.9512162020716382,0.0002392005262663588,0.019706249237060547,0.07,1.0,1.0,True,100,0.8
631,28.70297861347622,0.930336330374328,0.0013243716675788164,0.02098405361175537,0.07,1.0,1.0,True,100,0.8
632,32.812043698485205,0.9468828228804964,0.0005154443206265569,0.020524436607956886,0.07,1.0,1.0,True,100,0.8
633,24.21143943128431,0.8973088330020734,0.003771870629861951,0.0181791540235281,0.07,1.0,1.0,True,100,0.8
634,31.56371213622958,0.9832174091670043,0.0006951740942895412,0.016490044072270393,0.07,1.0,1.0,True,100,0.8
635,34.09237068802828,0.9827235932351389,0.00038948634755797684,0.01229950599372387,0.07,1.0,1.0,True,100,0.8
636,34.53927258558778,0.9746221350996118,0.0003514123091008514,0.013874496333301067,0.07,1.0,1.0,True,100,0.8
637,22.630518743991118,0.8282983272035144,0.00515264505520463,0.031154127791523933,0.07,1.0,1.0,True,100,0.8
638,34.07003761019308,0.953015654963913,0.00039168985676951706,0.021947171539068222,0.07,1.0,1.0,True,100,0.8
639,26.45884358635545,0.904460240241959,0.002234037034213543,0.029110534116625786,0.07,1.0,1.0,True,100,0.8
640,28.464948264589292,0.9108339129986531,0.0014003260293975472,0.048258960247039795,0.07,1.0,1.0,True,100,0.8
641,21.103720262457593,0.7571353414903277,0.007528410758823156,0.03271038085222244,0.07,1.0,1.0,True,100,0.8
642,25.033767132107222,0.8660519893638398,0.003080761292949319,0.02382831834256649,0.07,1.0,1.0,True,100,0.8
643,29.50802982916361,0.9300904181950232,0.0011045559076592326,0.02817043662071228,0.07,1.0,1.0,True,100,0.8
644,29.78532566522887,0.9471195666974851,0.0009498857543803751,0.024162650108337402,0.07,1.0,1.0,True,100,0.8
645,35.20657280994691,0.9688772044929803,0.00030138040892779827,0.016085214912891388,0.07,1.0,1.0,True,100,0.8
646,25.291113870388216,0.9283586552518471,0.0029444328974932432,0.025735359638929367,0.07,1.0,1.0,True,100,0.8
647,26.667548528729384,0.921784406233775,0.0019190845778211951,0.03351513668894768,0.07,1.0,1.0,True,100,0.8
648,27.093858100344267,0.8320911146598684,0.0016460813349112868,0.039866264909505844,0.07,1.0,1.0,True,100,0.8
649,33.4359526994138,0.9723987228115031,0.000453129323432222,0.013792763464152813,0.07,1.0,1.0,True,100,0.8
650,26.450813557447542,0.8907973621308735,0.0012608329998329282,0.017081432044506073,0.07,1.0,1.0,True,100,0.8
651,22.500578823746057,0.8683704282404836,0.005610468331724405,0.03257599472999573,0.07,1.0,1.0,True,100,0.8
652,32.21225833985423,0.9557999143582625,0.0005719799664802849,0.018361013382673264,0.07,1.0,1.0,True,100,0.8
653,28.937832018349518,0.8659926873130913,0.0012488510692492127,0.024840200319886208,0.07,1.0,1.0,True,100,0.8
654,27.456693319374097,0.8985121679310644,0.0017891395837068558,0.01825682632625103,0.07,1.0,1.0,True,100,0.8
655,33.592193037289924,0.968822047268151,0.00043615789036266506,0.016350027173757553,0.07,1.0,1.0,True,100,0.8
656,28.076292781095272,0.8546802402492367,0.0012869874481111765,0.039710432291030884,0.07,1.0,1.0,True,100,0.8
657,25.30217509287423,0.8801134903682155,0.0023714941926300526,0.01666397787630558,0.07,1.0,1.0,True,100,0.8
658,27.182247009002207,0.9143945861653924,0.0013008812675252557,0.01904122717678547,0.07,1.0,1.0,True,100,0.8
659,28.952656207669392,0.9350763568997055,0.0011755117448046803,0.025135071948170662,0.07,1.0,1.0,True,100,0.8
660,25.54740247091047,0.8325422673444846,0.0027024850714951754,0.034251194447278976,0.07,1.0,1.0,True,100,0.8
661,27.975666999728222,0.925668363588198,0.0015229046111926436,0.03292045742273331,0.07,1.0,1.0,True,100,0.8
662,22.655077084938853,0.8883557978078485,0.005374046042561531,0.020566493272781372,0.07,1.0,1.0,True,100,0.8
663,38.16050426496882,0.974267261885145,0.00015216604515444487,0.017014922574162483,0.07,1.0,1.0,True,100,0.8
664,25.892131522182098,0.9061019809079722,0.002566381823271513,0.04197702929377556,0.07,1.0,1.0,True,100,0.8
665,27.22267664049579,0.942725795956465,0.0018940606387332082,0.012415098026394844,0.07,1.0,1.0,True,100,0.8
666,25.47500043091487,0.8118643437494678,0.002790198428556323,0.04016688093543053,0.07,1.0,1.0,True,100,0.8
667,27.819099503261565,0.9596427570878536,0.0016509381821379066,0.016806788742542267,0.07,1.0,1.0,True,100,0.8
668,21.266527277078918,0.8218735688224471,0.007369474042207003,0.028564834967255592,0.07,1.0,1.0,True,100,0.8
669,20.767829913436003,0.8438046586674435,0.008366926573216915,0.02605106681585312,0.07,1.0,1.0,True,100,0.8
670,32.24081332418113,0.9473065053438624,0.0005546658067032695,0.019677728414535522,0.07,1.0,1.0,True,100,0.8
671,23.80856066454589,0.9189406523425266,0.0041474830359220505,0.017800895497202873,0.07,1.0,1.0,True,100,0.8
672,38.13764986225949,0.9755335070646461,0.00015345103747677058,0.016676079481840134,0.07,1.0,1.0,True,100,0.8
673,34.85036922654974,0.9676849345443049,0.0003269830485805869,0.017140068113803864,0.07,1.0,1.0,True,100,0.8
674,32.58071296061485,0.9320340427859342,0.0005422519752755761,0.01813363842666149,0.07,1.0,1.0,True,100,0.8
675,34.629822194421905,0.9471456759808233,0.000325164757668972,0.021914100274443626,0.07,1.0,1.0,True,100,0.8
676,28.294026912374306,0.9206336077743126,0.0013083856320008636,0.02556704357266426,0.07,1.0,1.0,True,100,0.8
677,21.94035425900875,0.8539438151664792,0.006384963169693947,0.03413503244519234,0.07,1.0,1.0,True,100,0.8
678,30.075948323455815,0.9426605293010164,0.0009753191843628883,0.027654489502310753,0.07,1.0,1.0,True,100,0.8
679,30.932676864047068,0.9716786822329119,0.0008032445330172777,0.01926845870912075,0.07,1.0,1.0,True,100,0.8
680,30.35450238908886,0.9349059135383004,0.0009210164425894618,0.024875856935977936,0.07,1.0,1.0,True,100,0.8
681,19.96399711376846,0.7887699296000563,0.01000681146979332,0.03432668372988701,0.07,1.0,1.0,True,100,0.8
682,23.374746973707694,0.8810192238783581,0.00438406178727746,0.032346419990062714,0.07,1.0,1.0,True,100,0.8
683,37.26712008140821,0.97210115821738,0.00018742881366051733,0.012447597458958626,0.07,1.0,1.0,True,100,0.8
684,27.010416452564108,0.8605932485143066,0.001752664684318006,0.026711691170930862,0.07,1.0,1.0,True,100,0.8
685,32.33746931723982,0.960916806085437,0.0005834279581904411,0.021299779415130615,0.07,1.0,1.0,True,100,0.8
686,24.34723981970198,0.9306032619887427,0.0036596220452338457,0.025567224249243736,0.07,1.0,1.0,True,100,0.8
687,36.31537722897581,0.9723272466930196,0.0002335666649742052,0.010857217945158482,0.07,1.0,1.0,True,100,0.8
688,34.705308877886615,0.957385246921619,0.0003382432914804667,0.017856623977422714,0.07,1.0,1.0,True,100,0.8
689,34.897428343505034,0.9660100787032253,0.00032370653934776783,0.016720803454518318,0.07,1.0,1.0,True,100,0.8
690,38.703710663261354,0.9779849683075866,0.00013461289927363396,0.014138794504106045,0.07,1.0,1.0,True,100,0.8
691,33.61788900805758,0.9616942332809555,0.0004314392863307148,0.023101406171917915,0.07,1.0,1.0,True,100,0.8
692,32.71440405085116,0.9326446027263338,0.0005329755367711186,0.02227771282196045,0.07,1.0,1.0,True,100,0.8
693,26.477250745178623,0.9174061342381841,0.0022377828136086464,0.030119381844997406,0.07,1.0,1.0,True,100,0.8
694,32.89734598969928,0.9758481911399908,0.0005124684539623559,0.019315432757139206,0.07,1.0,1.0,True,100,0.8
695,19.86608658087547,0.7655482445453664,0.010123939253389835,0.035179588943719864,0.07,1.0,1.0,True,100,0.8
696,24.20533720631547,0.8657029070699217,0.0037111975252628326,0.03658133000135422,0.07,1.0,1.0,True,100,0.8
697,20.475456800223625,0.7414891627447469,0.008594327606260777,0.03040865622460842,0.07,1.0,1.0,True,100,0.8
698,26.30051139262627,0.9462283250671053,0.0022822979371994734,0.02806156873703003,0.07,1.0,1.0,True,100,0.8
699,24.954763728897362,0.8695892329750413,0.003171064192429185,0.043265845626592636,0.07,1.0,1.0,True,100,0.8
700,32.12509277223821,0.9593422765486995,0.0006075616693124175,0.012945406138896942,0.07,1.0,1.0,True,100,0.8
701,28.97468159756752,0.9181868662143182,0.0011341240024194121,0.027833374217152596,0.07,1.0,1.0,True,100,0.8
702,22.50244352868156,0.7950977716059172,0.005582600366324186,0.03486574813723564,0.07,1.0,1.0,True,100,0.8
703,28.53950700361443,0.8926115792244192,0.001381983165629208,0.026338715106248856,0.07,1.0,1.0,True,100,0.8
704,28.643658621773675,0.9293950431095004,0.0013275897363200784,0.021010588854551315,0.07,1.0,1.0,True,100,0.8
705,37.181346314837576,0.9685327671352923,0.00019064384105149657,0.015934139490127563,0.07,1.0,1.0,True,100,0.8
706,29.561899172039098,0.8527810411648854,0.0009955023415386677,0.04016028344631195,0.07,1.0,1.0,True,100,0.8
707,17.39675682725934,0.7228745394583681,0.018174193799495697,0.034599244594573975,0.07,1.0,1.0,True,100,0.8
708,28.768360146013997,0.9362502913719396,0.0011011906899511814,0.02494884841144085,0.07,1.0,1.0,True,100,0.8
709,30.154552643714382,0.8865544919282106,0.0009643706725910306,0.033797334879636765,0.07,1.0,1.0,True,100,0.8
710,24.14913900456241,0.877571815186834,0.0037951103877276182,0.03329045698046684,0.07,1.0,1.0,True,100,0.8
711,22.56122871876267,0.8118864898997579,0.005423790775239468,0.03563408553600311,0.07,1.0,1.0,True,100,0.8
712,34.80438011420098,0.9541135237881889,0.000330511131323874,0.026322418823838234,0.07,1.0,1.0,True,100,0.8
713,28.802409386720402,0.8690306097189165,0.0011774206068366766,0.02327234111726284,0.07,1.0,1.0,True,100,0.8
714,34.451024631150716,0.9443638546524956,0.00035876399488188326,0.018727639690041542,0.07,1.0,1.0,True,100,0.8
715,33.54835100051374,0.9619279976691993,0.00044161148252896965,0.017810635268688202,0.07,1.0,1.0,True,100,0.8
716,30.910861841078155,0.953486605125438,0.0008078474784269929,0.024070056155323982,0.07,1.0,1.0,True,100,0.8
717,31.384629874959913,0.969064991048492,0.0007269270136021078,0.018565023317933083,0.07,1.0,1.0,True,100,0.8
718,33.13523331545406,0.966410485368272,0.00048508713371120393,0.025288179516792297,0.07,1.0,1.0,True,100,0.8
719,35.524649487360314,0.9634471725983885,0.0002797579800244421,0.020566409453749657,0.07,1.0,1.0,True,100,0.8
720,19.887838583327447,0.816601619826749,0.010215074755251408,0.034998875111341476,0.07,1.0,1.0,True,100,0.8
721,26.312230837879326,0.9080986496680046,0.0023239552974700928,0.03444655239582062,0.07,1.0,1.0,True,100,0.8
722,24.79052168008539,0.8841279086218239,0.0032590043265372515,0.02372891455888748,0.07,1.0,1.0,True,100,0.8
723,29.730486222397197,0.8913867798652134,0.0008364631212316453,0.021717101335525513,0.07,1.0,1.0,True,100,0.8
724,28.124406297456837,0.8677855739728004,0.0014529688050970435,0.033859215676784515,0.07,1.0,1.0,True,100,0.8
725,27.373690051675265,0.8290564867747476,0.0010886210948228836,0.03259296715259552,0.07,1.0,1.0,True,100,0.8
726,25.769908841065302,0.9142758554987556,0.0026421062648296356,0.0223974771797657,0.07,1.0,1.0,True,100,0.8
727,27.758036451759338,0.9322758456624821,0.0016745015745982528,0.01995687559247017,0.07,1.0,1.0,True,100,0.8
728,25.266460004712066,0.9081891746259265,0.0029696517158299685,0.027108237147331238,0.07,1.0,1.0,True,100,0.8
729,32.10283108069503,0.9824109669040477,0.0006080580060370266,0.022759083658456802,0.07,1.0,1.0,True,100,0.8
730,22.022957209293004,0.8484814635600683,0.006032136268913746,0.031634584069252014,0.07,1.0,1.0,True,100,0.8
731,37.250921970529674,0.9717267490577403,0.00018819584511220455,0.013123651966452599,0.07,1.0,1.0,True,100,0.8
732,36.906005213744464,0.9753083288515807,0.0002035402285400778,0.02523758076131344,0.07,1.0,1.0,True,100,0.8
733,27.665922725343425,0.9137246804249399,0.0016958165215328336,0.030101407319307327,0.07,1.0,1.0,True,100,0.8
734,30.622958159374885,0.9378010549027976,0.0008658673614263535,0.019143998622894287,0.07,1.0,1.0,True,100,0.8
735,25.007202528212,0.8584564723597284,0.0031057498417794704,0.043775394558906555,0.07,1.0,1.0,True,100,0.8
736,27.078220484575976,0.9321838814315412,0.0019379515433683991,0.03566184267401695,0.07,1.0,1.0,True,100,0.8
737,29.990287564055485,0.9411166422953301,0.0009833067888393998,0.021685143932700157,0.07,1.0,1.0,True,100,0.8
738,23.54912982465429,0.8569288241789437,0.004403386265039444,0.0411040298640728,0.07,1.0,1.0,True,100,0.8
739,20.637905763447645,0.6492828679354179,0.008607786148786545,0.03983834758400917,0.07,1.0,1.0,True,100,0.8
740,32.03439050097487,0.9299266189144554,0.0006257655913941562,0.01706511527299881,0.07,1.0,1.0,True,100,0.8
741,26.58848388597874,0.8782950640916517,0.0021914648823440075,0.03257957100868225,0.07,1.0,1.0,True,100,0.8
742,34.95005660211434,0.9601325873281688,0.0003194341261405498,0.02135089784860611,0.07,1.0,1.0,True,100,0.8
743,22.350767785813556,0.9064525173798249,0.005812372546643019,0.027949994429945946,0.07,1.0,1.0,True,100,0.8
744,26.948307538318478,0.91606231956859,0.0019037512829527259,0.028164038434624672,0.07,1.0,1.0,True,100,0.8
745,27.08092075311164,0.9034079713350369,0.0018757556099444628,0.021485188975930214,0.07,1.0,1.0,True,100,0.8
746,36.16176377826742,0.96329339100788,0.00024155667051672935,0.027582600712776184,0.07,1.0,1.0,True,100,0.8
747,36.17404234536525,0.9664381257459229,0.00024101526651065797,0.02296927571296692,0.07,1.0,1.0,True,100,0.8
748,28.50453173126703,0.9343804498544296,0.0013097014743834734,0.019968882203102112,0.07,1.0,1.0,True,100,0.8
749,16.823738380237646,0.5927564291591286,0.02041640691459179,0.03296626731753349,0.07,1.0,1.0,True,100,0.8
750,27.789279655238946,0.8849570724985325,0.001464660745114088,0.02853187546133995,0.07,1.0,1.0,True,100,0.8
751,21.07476251079692,0.8518185767859808,0.007791560608893633,0.022889096289873123,0.07,1.0,1.0,True,100,0.8
752,33.95288807096016,0.9767653520600591,0.00039700165507383645,0.026931794360280037,0.07,1.0,1.0,True,100,0.8
753,26.79799282033376,0.9260586343412033,0.002078017918393016,0.019746962934732437,0.07,1.0,1.0,True,100,0.8
754,28.214130396241718,0.9399442852804413,0.0015025263419374824,0.02593616023659706,0.07,1.0,1.0,True,100,0.8
755,33.42385182613006,0.9343499038579909,0.00045432409388013184,0.02632727660238743,0.07,1.0,1.0,True,100,0.8
756,29.023708537136844,0.9419487686779723,0.0012508257059380412,0.01713893935084343,0.07,1.0,1.0,True,100,0.8
757,30.693770632450548,0.9173993882852903,0.000823424372356385,0.020220205187797546,0.07,1.0,1.0,True,100,0.8
758,29.398189073588288,0.947025693991482,0.0011461128015071154,0.015562421642243862,0.07,1.0,1.0,True,100,0.8
759,23.864631896860537,0.78351906052768,0.0038638338446617126,0.039697401225566864,0.07,1.0,1.0,True,100,0.8
760,28.34688278868656,0.9320123294028151,0.001461294130422175,0.02700904943048954,0.07,1.0,1.0,True,100,0.8
761,30.731265403769456,0.9186259242071664,0.0007865022053010762,0.02969007007777691,0.07,1.0,1.0,True,100,0.8
762,24.528785493391972,0.8884455896093677,0.0034894272685050964,0.03512684628367424,0.07,1.0,1.0,True,100,0.8
763,20.757811983435918,0.8406693168475616,0.008367725647985935,0.031177889555692673,0.07,1.0,1.0,True,100,0.8
764,35.107471192678005,0.95776816913464,0.00030833043274469674,0.022962462157011032,0.07,1.0,1.0,True,100,0.8
765,31.590676604849286,0.9248586058524371,0.0006759952520951629,0.027004852890968323,0.07,1.0,1.0,True,100,0.8
766,25.40420616059273,0.8715521690576992,0.0027614980936050415,0.04315824806690216,0.07,1.0,1.0,True,100,0.8
767,28.08710982043497,0.9332274790580305,0.0014895850326865911,0.025091061368584633,0.07,1.0,1.0,True,100,0.8
768,31.807464559989885,0.9609704440146285,0.0006575910374522209,0.021436456590890884,0.07,1.0,1.0,True,100,0.8
769,29.75118912033124,0.8955678530122102,0.00089707673760131,0.021513894200325012,0.07,1.0,1.0,True,100,0.8
770,21.868376101708854,0.7930240267696465,0.006393841467797756,0.03854865953326225,0.07,1.0,1.0,True,100,0.8
771,38.602029906458135,0.9846114021859548,0.00013785246119368821,0.01176111213862896,0.07,1.0,1.0,True,100,0.8
772,34.5456179101854,0.9471648567585876,0.00035105040296912193,0.02423383854329586,0.07,1.0,1.0,True,100,0.8
773,33.06331252112355,0.9498847598446412,0.0004877082537859678,0.02812175266444683,0.07,1.0,1.0,True,100,0.8
774,27.577926868576398,0.9209767668532021,0.0017425261903554201,0.02489367499947548,0.07,1.0,1.0,True,100,0.8
775,31.37270650281558,0.9198883186519516,0.0005587092018686235,0.023914208635687828,0.07,1.0,1.0,True,100,0.8
776,33.57235682079889,0.9634212243021826,0.000438600400229916,0.02504441700875759,0.07,1.0,1.0,True,100,0.8
777,30.412021421688852,0.8929727193356422,0.0009075023699551821,0.04031610116362572,0.07,1.0,1.0,True,100,0.8
778,26.88929127022796,0.9446505767949718,0.00204489822499454,0.01718459464609623,0.07,1.0,1.0,True,100,0.8
779,37.77636233682464,0.9721992250889447,0.00016659434186294675,0.01437301654368639,0.07,1.0,1.0,True,100,0.8
780,28.33427404177413,0.901663165243479,0.0014373952290043235,0.018476122990250587,0.07,1.0,1.0,True,100,0.8
781,34.75344515193108,0.9738264325910062,0.0003346845624037087,0.024304388090968132,0.07,1.0,1.0,True,100,0.8
782,23.206742116231737,0.8627782406731154,0.004735071212053299,0.027253221720457077,0.07,1.0,1.0,True,100,0.8
783,28.568093858465154,0.9330921396247897,0.0013471037382259965,0.025267384946346283,0.07,1.0,1.0,True,100,0.8
784,34.2619040090046,0.9683112061368176,0.0003745273861568421,0.01709933392703533,0.07,1.0,1.0,True,100,0.8
785,29.088606867979244,0.9216998883179928,0.00112708262167871,0.028370792046189308,0.07,1.0,1.0,True,100,0.8
786,31.81011539136933,0.9659556582400919,0.0006571284611709416,0.016146399080753326,0.07,1.0,1.0,True,100,0.8
787,24.67352818241914,0.8104474950015691,0.0033200341276824474,0.03968912735581398,0.07,1.0,1.0,True,100,0.8
788,34.20241263784961,0.9797125336770794,0.00037073070416226983,0.014021605253219604,0.07,1.0,1.0,True,100,0.8
789,37.91268675784061,0.961463133647838,0.00016157027857843786,0.016437863931059837,0.07,1.0,1.0,True,100,0.8
790,26.058127533441375,0.910481095602361,0.002218980807811022,0.03283108398318291,0.07,1.0,1.0,True,100,0.8
791,31.77837472814707,0.9438139157613856,0.0006636888138018548,0.02089739590883255,0.07,1.0,1.0,True,100,0.8
792,27.001329212565835,0.9350814753518631,0.001988341799005866,0.030391715466976166,0.07,1.0,1.0,True,100,0.8
793,26.547707117263624,0.9556783893490662,0.002200390212237835,0.02650156244635582,0.07,1.0,1.0,True,100,0.8
794,22.069636368579673,0.8658959917677038,0.006176854949444532,0.0293097123503685,0.07,1.0,1.0,True,100,0.8
795,31.34214504435469,0.950411584062965,0.0007340246811509132,0.022462615743279457,0.07,1.0,1.0,True,100,0.8
796,27.65306174995303,0.8573515131316072,0.0015194891020655632,0.030881119892001152,0.07,1.0,1.0,True,100,0.8
797,35.22566053800984,0.9395603869260281,0.0002991787332575768,0.026471491903066635,0.07,1.0,1.0,True,100,0.8
798,31.183123256738682,0.9344186936192775,0.0007593572372570634,0.018934626132249832,0.07,1.0,1.0,True,100,0.8
799,29.721105429621232,0.8729394431138494,0.0007765571353957057,0.02155662328004837,0.07,1.0,1.0,True,100,0.8
800,27.1497064863487,0.9011231577110365,0.00179185695014894,0.03108326345682144,0.07,1.0,1.0,True,100,0.8
801,38.40326615180946,0.9831372670314137,0.00014424289111047983,0.018074849620461464,0.07,1.0,1.0,True,100,0.8
802,27.27487944475673,0.9244705212703291,0.0018437003018334508,0.02485611103475094,0.07,1.0,1.0,True,100,0.8
803,30.501946527972883,0.9604519247024544,0.0008899286622181535,0.018720490857958794,0.07,1.0,1.0,True,100,0.8
804,34.850716498661846,0.9898638506914932,0.0003236489137634635,0.014366273768246174,0.07,1.0,1.0,True,100,0.8
805,31.83577644367184,0.9637167525888104,0.000654582807328552,0.03138821944594383,0.07,1.0,1.0,True,100,0.8
806,37.8764576977517,0.9810146600223301,0.00016290279745589942,0.00966799259185791,0.07,1.0,1.0,True,100,0.8
807,28.560724475073663,0.9362960331472573,0.0013856220757588744,0.024528875946998596,0.07,1.0,1.0,True,100,0.8
808,34.503543919547276,0.9639045283567426,0.00035419396590441465,0.017740152776241302,0.07,1.0,1.0,True,100,0.8
809,27.285484530705787,0.8892351872219452,0.0018286065896973014,0.036346741020679474,0.07,1.0,1.0,True,100,0.8
810,21.378148081427586,0.8492101038255766,0.007261013146489859,0.03856998682022095,0.07,1.0,1.0,True,100,0.8
811,35.629076913792524,0.9542262796524016,0.0002734194858931005,0.017209190875291824,0.07,1.0,1.0,True,100,0.8
812,33.92529933693092,0.9743297756856194,0.00040468754014000297,0.017339367419481277,0.07,1.0,1.0,True,100,0.8
813,27.585561937085046,0.8602296168669882,0.0017107572639361024,0.03463064879179001,0.07,1.0,1.0,True,100,0.8
814,24.560795894620302,0.8833817859714653,0.0033093311358243227,0.03044617362320423,0.07,1.0,1.0,True,100,0.8
815,34.79844313322322,0.9714036419664743,0.00033108462230302393,0.015589171089231968,0.07,1.0,1.0,True,100,0.8
816,19.96364985527181,0.8578130301838446,0.009972951374948025,0.026006363332271576,0.07,1.0,1.0,True,100,0.8
817,30.795537894275085,0.9405562395943085,0.0008322969661094248,0.021273260936141014,0.07,1.0,1.0,True,100,0.8
818,29.157012842540016,0.9505434697195965,0.0012138931779190898,0.018560420721769333,0.07,1.0,1.0,True,100,0.8
819,35.66458050800017,0.9838756303177038,0.00027117959689348936,0.01723087951540947,0.07,1.0,1.0,True,100,0.8
820,30.920885097304453,0.9490407889687732,0.0008078579558059573,0.023449357599020004,0.07,1.0,1.0,True,100,0.8
821,26.587079776298754,0.8765805054308103,0.001916823093779385,0.02563541755080223,0.07,1.0,1.0,True,100,0.8
822,32.76888370219356,0.9747950012562075,0.0005216225399635732,0.02299821749329567,0.07,1.0,1.0,True,100,0.8
823,24.29111269720732,0.9258163721984016,0.0037188949063420296,0.014932847581803799,0.07,1.0,1.0,True,100,0.8
824,33.18677478086557,0.9740915674681634,0.00047986250137910247,0.014984064735472202,0.07,1.0,1.0,True,100,0.8
825,22.66396497468967,0.86992647046292,0.0053784498013556,0.028090890496969223,0.07,1.0,1.0,True,100,0.8
826,30.37110588662449,0.9316979462359681,0.0009145740768872201,0.03338424116373062,0.07,1.0,1.0,True,100,0.8
827,27.912408212291766,0.9132479368913266,0.0015932450769469142,0.02501087449491024,0.07,1.0,1.0,True,100,0.8
828,30.414217380680174,0.9738433589414915,0.0008918448584154248,0.024078577756881714,0.07,1.0,1.0,True,100,0.8
829,27.346112789599072,0.9083195712275118,0.001505257561802864,0.025037556886672974,0.07,1.0,1.0,True,100,0.8
830,29.06450029848182,0.9108428697940827,0.0012384293368086219,0.02447032369673252,0.07,1.0,1.0,True,100,0.8
831,20.36579091954827,0.7781764449022727,0.009178698062896729,0.03803083673119545,0.07,1.0,1.0,True,100,0.8
832,23.824454659328758,0.9188023376146666,0.004133324604481459,0.019848570227622986,0.07,1.0,1.0,True,100,0.8
833,27.209262214092483,0.8513646561926821,0.001679826993495226,0.035838015377521515,0.07,1.0,1.0,True,100,0.8
834,27.9476155461521,0.8729645922838064,0.001580949523486197,0.03605654463171959,0.07,1.0,1.0,True,100,0.8
835,38.51961383885871,0.9844770826114836,0.000139078198117204,0.01678140088915825,0.07,1.0,1.0,True,100,0.8
836,25.717030592367216,0.8450716743562889,0.0026192557998001575,0.0228824932128191,0.07,1.0,1.0,True,100,0.8
837,22.365669087565255,0.8550270759463681,0.005724302493035793,0.02461261861026287,0.07,1.0,1.0,True,100,0.8
838,29.79526151391276,0.9183759940836206,0.001046186895109713,0.029123179614543915,0.07,1.0,1.0,True,100,0.8
839,28.599819574803952,0.9058149843103078,0.0012462023878470063,0.028432875871658325,0.07,1.0,1.0,True,100,0.8
840,37.996349284178365,0.9728031949100726,0.0001582832628628239,0.015063737519085407,0.07,1.0,1.0,True,100,0.8
841,24.846600731718453,0.92205350030352,0.003240707330405712,0.031581420451402664,0.07,1.0,1.0,True,100,0.8
842,30.1422403000609,0.9378837832663942,0.0009520531166344881,0.02581046149134636,0.07,1.0,1.0,True,100,0.8
843,30.8586158955969,0.956685739266614,0.0008201696909964085,0.018403224647045135,0.07,1.0,1.0,True,100,0.8
844,28.746812776554332,0.8926126198541331,0.0013306427281349897,0.02395264431834221,0.07,1.0,1.0,True,100,0.8
845,31.08132134682078,0.9293531842176083,0.0007787091308273375,0.023281468078494072,0.07,1.0,1.0,True,100,0.8
846,37.42897567819326,0.9643337924583163,0.00018061502487398684,0.030286235734820366,0.07,1.0,1.0,True,100,0.8
847,25.36881832511936,0.9031570254335126,0.002796916291117668,0.02816811390221119,0.07,1.0,1.0,True,100,0.8
848,31.638731031308293,0.9518332149683506,0.0006847455515526235,0.022961148992180824,0.07,1.0,1.0,True,100,0.8
849,23.016606988274077,0.8706263237275936,0.004891644231975079,0.016590148210525513,0.07,1.0,1.0,True,100,0.8
850,25.96743521933322,0.9036905802326215,0.0024554443079978228,0.027762044221162796,0.07,1.0,1.0,True,100,0.8
851,30.349762760162115,0.9456371360288316,0.0009211152791976929,0.02384474314749241,0.07,1.0,1.0,True,100,0.8
852,23.13554852222785,0.8058183045318406,0.002184116980060935,0.034934043884277344,0.07,1.0,1.0,True,100,0.8
853,26.65449464423326,0.8837273685963584,0.00212138332426548,0.0345243476331234,0.07,1.0,1.0,True,100,0.8
854,35.76923907022737,0.9721353465251017,0.00026441679801791906,0.013580821454524994,0.07,1.0,1.0,True,100,0.8
855,22.222572340396574,0.9315147643757001,0.00597114022821188,0.03060721419751644,0.07,1.0,1.0,True,100,0.8
856,33.663590621913755,0.9537869814794868,0.00042919805855490267,0.01622307486832142,0.07,1.0,1.0,True,100,0.8
857,22.95698138531533,0.8617769445916957,0.0050249285995960236,0.031818829476833344,0.07,1.0,1.0,True,100,0.8
858,37.02794893870865,0.9693952304598471,0.00019798339053522795,0.016612650826573372,0.07,1.0,1.0,True,100,0.8
859,20.97180549349353,0.8714664524087228,0.007971399463713169,0.02589607983827591,0.07,1.0,1.0,True,100,0.8
860,18.884002257222217,0.8193223373726553,0.012903992086648941,0.018871497362852097,0.07,1.0,1.0,True,100,0.8
861,25.453506503184883,0.9298028383938398,0.002670435467734933,0.031623125076293945,0.07,1.0,1.0,True,100,0.8
862,34.13413632606276,0.9572111018640215,0.0003734670754056424,0.017953619360923767,0.07,1.0,1.0,True,100,0.8
863,27.74405184624049,0.9244689103119821,0.0016513906884938478,0.035795051604509354,0.07,1.0,1.0,True,100,0.8
864,30.676976074291574,0.918183808498492,0.0008362873340956867,0.027654988691210747,0.07,1.0,1.0,True,100,0.8
865,27.724399173621205,0.9110527050991853,0.0016873180866241455,0.021397506818175316,0.07,1.0,1.0,True,100,0.8
866,29.679332793921883,0.9328576486838368,0.001076149521395564,0.02484521083533764,0.07,1.0,1.0,True,100,0.8
867,35.4746966884869,0.9748954622399819,0.0002831344900187105,0.0213193167001009,0.07,1.0,1.0,True,100,0.8
868,20.761870384612852,0.7924309527689842,0.008193767629563808,0.03058524616062641,0.07,1.0,1.0,True,100,0.8
869,35.99616372877062,0.9623504813810497,0.00025104268570430577,0.02230040729045868,0.07,1.0,1.0,True,100,0.8
870,34.90422431009265,0.9616330858200819,0.0003231584560126066,0.018522832542657852,0.07,1.0,1.0,True,100,0.8
871,23.916045145190047,0.8221856588274298,0.004039134364575148,0.03459928557276726,0.07,1.0,1.0,True,100,0.8
872,17.395031203167367,0.7547468581674417,0.01817552000284195,0.029881134629249573,0.07,1.0,1.0,True,100,0.8
873,30.757346097898225,0.9621907803234793,0.0008376663899980485,0.023567870259284973,0.07,1.0,1.0,True,100,0.8
874,26.150442667212292,0.8184779247538027,0.0022493794094771147,0.023352522403001785,0.07,1.0,1.0,True,100,0.8
875,22.29764891557282,0.8396255850092238,0.00587382260710001,0.03734642267227173,0.07,1.0,1.0,True,100,0.8
876,25.933013889835404,0.8728184257326427,0.0025353587698191404,0.027606796473264694,0.07,1.0,1.0,True,100,0.8
877,29.897383270041967,0.9411613938386165,0.0010234569199383259,0.022247398272156715,0.07,1.0,1.0,True,100,0.8
878,23.4632816787911,0.8664243437789027,0.004143488593399525,0.027877483516931534,0.07,1.0,1.0,True,100,0.8
879,32.341865666453785,0.9742852931974842,0.0005829397705383599,0.011198990046977997,0.07,1.0,1.0,True,100,0.8
880,30.54501869652296,0.9310184328194988,0.0008470754255540669,0.015942294150590897,0.07,1.0,1.0,True,100,0.8
881,25.543331815637007,0.8394094373634607,0.0023389223497360945,0.023943347856402397,0.07,1.0,1.0,True,100,0.8
882,27.19452115193658,0.9423274110072322,0.0017405184917151928,0.0207676962018013,0.07,1.0,1.0,True,100,0.8
883,20.096317938701283,0.7561743860156119,0.009742778725922108,0.047968003898859024,0.07,1.0,1.0,True,100,0.8
884,22.739037690931468,0.8750013686655045,0.005312496796250343,0.03219345211982727,0.07,1.0,1.0,True,100,0.8
885,22.73575278577198,0.7925739830777384,0.00513147609308362,0.041507117450237274,0.07,1.0,1.0,True,100,0.8
886,25.872230303383603,0.8947326149543992,0.0025766706094145775,0.02116309106349945,0.07,1.0,1.0,True,100,0.8
887,31.88289671562722,0.9642708209430716,0.0006477507995441556,0.01837293989956379,0.07,1.0,1.0,True,100,0.8
888,35.47744166415549,0.9621063079012191,0.0002830105659086257,0.022462451830506325,0.07,1.0,1.0,True,100,0.8
889,24.615201678626192,0.8035819486413229,0.003403531853109598,0.03727897256612778,0.07,1.0,1.0,True,100,0.8
890,39.24985277125473,0.977579138534849,0.00011850059672724456,0.01628688909113407,0.07,1.0,1.0,True,100,0.8
891,39.781030363795445,0.9798842322223573,0.00010501131328055635,0.013265757821500301,0.07,1.0,1.0,True,100,0.8
892,27.08618089108704,0.9373310502114925,0.0019356408156454563,0.03402281180024147,0.07,1.0,1.0,True,100,0.8
893,21.796079971247035,0.8724530076370666,0.00659419409930706,0.02007116936147213,0.07,1.0,1.0,True,100,0.8
894,34.000083601114305,0.9444668930835092,0.0003977502346970141,0.02290397696197033,0.07,1.0,1.0,True,100,0.8
895,33.576383656273315,0.9336802262209272,0.00043848491623066366,0.029962170869112015,0.07,1.0,1.0,True,100,0.8
896,27.282949649677512,0.8554699274454692,0.001753164571709931,0.038424596190452576,0.07,1.0,1.0,True,100,0.8
897,29.96278996924429,0.9260064399562357,0.0007472771685570478,0.01968938298523426,0.07,1.0,1.0,True,100,0.8
898,35.180312236841786,0.9610752989110317,0.00030284366221167147,0.014452045783400536,0.07,1.0,1.0,True,100,0.8
899,33.75617837635926,0.9422285825060248,0.0004209168837405741,0.020467214286327362,0.07,1.0,1.0,True,100,0.8
900,39.02598595153434,0.9792636732721722,0.00012485316256061196,0.016193050891160965,0.07,1.0,1.0,True,100,0.8
901,34.74237632776431,0.958813559398501,0.00033486055326648057,0.01708100736141205,0.07,1.0,1.0,True,100,0.8
902,23.500753962385645,0.8552770439204064,0.004191815387457609,0.028054798021912575,0.07,1.0,1.0,True,100,0.8
903,31.45594225421444,0.9472818803061396,0.0006471624947153032,0.019942913204431534,0.07,1.0,1.0,True,100,0.8
904,36.379282368798066,0.9555886907904756,0.00022916779562365264,0.028385812416672707,0.07,1.0,1.0,True,100,0.8
905,22.332953241857997,0.8770664370173282,0.005818375386297703,0.0373288094997406,0.07,1.0,1.0,True,100,0.8
906,27.694460520093532,0.9567552216896947,0.001697805942967534,0.019408585503697395,0.07,1.0,1.0,True,100,0.8
907,38.42846200755797,0.9709642369557706,0.00014317696332000196,0.02121952548623085,0.07,1.0,1.0,True,100,0.8
908,35.169062170533884,0.9672028358768138,0.0003040205920115113,0.019293883815407753,0.07,1.0,1.0,True,100,0.8
909,25.661435785858444,0.9190458473244872,0.002709313528612256,0.020731966942548752,0.07,1.0,1.0,True,100,0.8
910,35.33858196642065,0.9716371860205204,0.0002919331891462207,0.023689357563853264,0.07,1.0,1.0,True,100,0.8
911,27.746625464197876,0.9139218467746172,0.0013982850359752774,0.024994634091854095,0.07,1.0,1.0,True,100,0.8
912,26.993664582408524,0.9163882432791901,0.001553896232508123,0.021017994731664658,0.07,1.0,1.0,True,100,0.8
913,27.12751069993694,0.8420236548332352,0.001405751914717257,0.037309255450963974,0.07,1.0,1.0,True,100,0.8
914,36.580403670139056,0.9532677195389574,0.00021959151490591466,0.026558592915534973,0.07,1.0,1.0,True,100,0.8
915,21.68333299346212,0.8430417414021898,0.006782975979149342,0.024628160521388054,0.07,1.0,1.0,True,100,0.8
916,21.78403318803653,0.8583860733097355,0.0066192978993058205,0.026557032018899918,0.07,1.0,1.0,True,100,0.8
917,36.467857238106966,0.9650294105027359,0.00022532754519488662,0.01856260746717453,0.07,1.0,1.0,True,100,0.8
918,21.058933817936264,0.8828710061490778,0.007664409466087818,0.02870500087738037,0.07,1.0,1.0,True,100,0.8
919,28.757467923961592,0.9551599961470032,0.0013264076551422477,0.027615662664175034,0.07,1.0,1.0,True,100,0.8
920,28.43979669728381,0.8482912651038996,0.001379751251079142,0.041378386318683624,0.07,1.0,1.0,True,100,0.8
921,31.776760380131797,0.9392490577187208,0.0004919250495731831,0.01608356274664402,0.07,1.0,1.0,True,100,0.8
922,34.558872064067984,0.9676623026868261,0.00034984975354745984,0.014858551323413849,0.07,1.0,1.0,True,100,0.8
923,34.77999815233754,0.9666313722775817,0.0003296449431218207,0.022826235741376877,0.07,1.0,1.0,True,100,0.8
924,34.55623424108437,0.9598866081243944,0.0003496413992252201,0.03140808641910553,0.07,1.0,1.0,True,100,0.8
925,34.83301762918693,0.949721672994126,0.0003285318671260029,0.019701404497027397,0.07,1.0,1.0,True,100,0.8
926,30.054447697939885,0.9560046936121026,0.0009850155329331756,0.02029379829764366,0.07,1.0,1.0,True,100,0.8
927,30.13810724209833,0.9296094701962759,0.0009678723872639239,0.029631806537508965,0.07,1.0,1.0,True,100,0.8
928,32.139179223156,0.962195035120159,0.0006053615361452103,0.020644575357437134,0.07,1.0,1.0,True,100,0.8
929,28.237705977336244,0.9402177977780316,0.0015002392465248704,0.023716161027550697,0.07,1.0,1.0,True,100,0.8
930,33.15476749700952,0.9561357961350551,0.00048132133088074625,0.0265034306794405,0.07,1.0,1.0,True,100,0.8
931,24.944363938330802,0.8708975417030085,0.0031638944055885077,0.050378914922475815,0.07,1.0,1.0,True,100,0.8
932,31.1571029562215,0.9712813691350451,0.0007635749643668532,0.01727900840342045,0.07,1.0,1.0,True,100,0.8
933,26.19333593598789,0.8850649555476975,0.002232994418591261,0.010741130448877811,0.07,1.0,1.0,True,100,0.8
934,25.738356128108826,0.863077868396076,0.0024742314126342535,0.029086673632264137,0.07,1.0,1.0,True,100,0.8
935,27.29268700038546,0.9333230294812215,0.0018523939652368426,0.01305962074548006,0.07,1.0,1.0,True,100,0.8
936,28.691315621529455,0.9046635483425222,0.0013285847380757332,0.028055846691131592,0.07,1.0,1.0,True,100,0.8
937,31.29913852158196,0.9582345325603574,0.0007289316272363067,0.02147703431546688,0.07,1.0,1.0,True,100,0.8
938,24.38643296075448,0.9066164171879667,0.0036404586862772703,0.01836548000574112,0.07,1.0,1.0,True,100,0.8
939,29.50693377898493,0.9352730428963377,0.0011038582306355238,0.02968650311231613,0.07,1.0,1.0,True,100,0.8
940,20.05828863908587,0.7761711347111421,0.009764604270458221,0.030985966324806213,0.07,1.0,1.0,True,100,0.8
941,23.62358050282799,0.8475955554672326,0.0034491841215640306,0.029103228822350502,0.07,1.0,1.0,True,100,0.8
942,29.525976896038493,0.8953780579415291,0.0010830647079274058,0.03371488302946091,0.07,1.0,1.0,True,100,0.8
943,28.07347465231807,0.890274491341798,0.0014727432280778885,0.03612899035215378,0.07,1.0,1.0,True,100,0.8
944,23.28724646326136,0.8788558796695837,0.004443745128810406,0.035984866321086884,0.07,1.0,1.0,True,100,0.8
945,22.855960681355757,0.9085297764550945,0.005132921040058136,0.028170140460133553,0.07,1.0,1.0,True,100,0.8
946,31.09966357815007,0.9388972260557708,0.0007668976322747767,0.029998239129781723,0.07,1.0,1.0,True,100,0.8
947,21.922130582253562,0.832998881858612,0.006005498114973307,0.029907723888754845,0.07,1.0,1.0,True,100,0.8
948,27.623158708533907,0.9075015427965683,0.0017202727030962706,0.02837168052792549,0.07,1.0,1.0,True,100,0.8
949,34.23965798580757,0.9614999451750449,0.0003759358369279653,0.0186922587454319,0.07,1.0,1.0,True,100,0.8
950,33.36297029381027,0.9539772101953795,0.0004559667140711099,0.019911378622055054,0.07,1.0,1.0,True,100,0.8
951,36.75142124004434,0.9669611230492592,0.00021104636834934354,0.01480905245989561,0.07,1.0,1.0,True,100,0.8
952,21.758225552579336,0.7350273477373106,0.005665210075676441,0.036141421645879745,0.07,1.0,1.0,True,100,0.8
953,28.425615665881377,0.9011501378588325,0.0013960241340100765,0.032988905906677246,0.07,1.0,1.0,True,100,0.8
954,16.27019545710104,0.6280066035078065,0.023342009633779526,0.03685382753610611,0.07,1.0,1.0,True,100,0.8
955,28.765539454210245,0.9423334779461963,0.0013120039366185665,0.02015046216547489,0.07,1.0,1.0,True,100,0.8
956,34.96229192695316,0.9676108614640585,0.00031851272797212005,0.01332039199769497,0.07,1.0,1.0,True,100,0.8
957,32.101836663787445,0.9615608797676792,0.0006163072539493442,0.015361220575869083,0.07,1.0,1.0,True,100,0.8
958,29.030668760437308,0.9479283978633959,0.0011959406547248363,0.020068174228072166,0.07,1.0,1.0,True,100,0.8
959,28.113197706321692,0.9367158996792831,0.0015344785060733557,0.022059714421629906,0.07,1.0,1.0,True,100,0.8
960,28.525993675947273,0.8998984992657899,0.0010757686104625463,0.02595851570367813,0.07,1.0,1.0,True,100,0.8
961,23.136267430388703,0.8174489890019793,0.00476018525660038,0.0337897390127182,0.07,1.0,1.0,True,100,0.8
962,36.243229410227194,0.9654440970628131,0.00023721928300801665,0.014375477097928524,0.07,1.0,1.0,True,100,0.8
963,24.748939785937793,0.9013368055681911,0.0032678612042218447,0.031225576996803284,0.07,1.0,1.0,True,100,0.8
964,21.38209863887623,0.7924813380474763,0.0031655284110456705,0.027006350457668304,0.07,1.0,1.0,True,100,0.8
965,28.597294055634674,0.928751290705674,0.0013610604219138622,0.029043911024928093,0.07,1.0,1.0,True,100,0.8
966,36.38742711944866,0.9706661587867451,0.00022948975674808025,0.016575539484620094,0.07,1.0,1.0,True,100,0.8
967,20.426838128621444,0.8890705778864448,0.008921723812818527,0.02507673390209675,0.07,1.0,1.0,True,100,0.8
968,36.79567246640112,0.9634323330563411,0.0002090230118483305,0.016955990344285965,0.07,1.0,1.0,True,100,0.8
969,32.753760148961476,0.9632376974104482,0.0005287713138386607,0.020880982279777527,0.07,1.0,1.0,True,100,0.8
970,27.783662217201773,0.9484509220510199,0.001665097544901073,0.017470691353082657,0.07,1.0,1.0,True,100,0.8
971,32.45727616040003,0.9401237285927599,0.0005672366824001074,0.03152311220765114,0.07,1.0,1.0,True,100,0.8
972,28.555646831022877,0.9587828537797165,0.0013930313289165497,0.017404142767190933,0.07,1.0,1.0,True,100,0.8
973,30.034495574229684,0.9626163299992234,0.0009686017292551696,0.017879383638501167,0.07,1.0,1.0,True,100,0.8
974,35.57903810310651,0.9622330420157489,0.0002765441022347659,0.01437725406140089,0.07,1.0,1.0,True,100,0.8
975,28.25444973890747,0.9384910539407725,0.0014932906487956643,0.025446951389312744,0.07,1.0,1.0,True,100,0.8
976,31.17599088093226,0.9533091547088727,0.0007618004456162453,0.02215014584362507,0.07,1.0,1.0,True,100,0.8
977,30.603050391573333,0.9336520617729739,0.0008700450416654348,0.02333894558250904,0.07,1.0,1.0,True,100,0.8
978,27.49218744927891,0.9350827012914622,0.0017784147057682276,0.032000817358493805,0.07,1.0,1.0,True,100,0.8
979,30.18138304536954,0.9436729410653636,0.0009581376216374338,0.022384174168109894,0.07,1.0,1.0,True,100,0.8
980,22.675858996784477,0.8378229911536554,0.005076602101325989,0.03803207352757454,0.07,1.0,1.0,True,100,0.8
981,21.331145741859473,0.7691281385150555,0.007119134534150362,0.048928748816251755,0.07,1.0,1.0,True,100,0.8
982,27.177897892953933,0.8999477084668428,0.0018774629570543766,0.03500760719180107,0.07,1.0,1.0,True,100,0.8
983,37.60990897200452,0.9728371287062687,0.0001733379322104156,0.01611522026360035,0.07,1.0,1.0,True,100,0.8
984,24.043830010997155,0.924378823253477,0.003919151611626148,0.0266202874481678,0.07,1.0,1.0,True,100,0.8
985,27.903109260143847,0.9423159438390112,0.0016114150639623404,0.023553766310214996,0.07,1.0,1.0,True,100,0.8
986,20.91132644001673,0.8500985848118856,0.008083941414952278,0.018947158008813858,0.07,1.0,1.0,True,100,0.8
987,32.51200385361297,0.9587979639108583,0.0005601021694019437,0.016684994101524353,0.07,1.0,1.0,True,100,0.8
988,22.065920638883455,0.7902143497054966,0.005932750646024942,0.030976245179772377,0.07,1.0,1.0,True,100,0.8
989,31.53894611778865,0.9691767303890119,0.0007013222784735262,0.023168865591287613,0.07,1.0,1.0,True,100,0.8
990,17.377263377267788,0.7633719783426735,0.018159154802560806,0.038157958537340164,0.07,1.0,1.0,True,100,0.8
991,22.026679689357344,0.8203993390659803,0.005600478500127792,0.040490590035915375,0.07,1.0,1.0,True,100,0.8
992,29.90800392876197,0.9479033510413086,0.0010168451117351651,0.020359162241220474,0.07,1.0,1.0,True,100,0.8
993,35.976255802767206,0.9779699183808269,0.00025242878473363817,0.013855825178325176,0.07,1.0,1.0,True,100,0.8
994,27.1147389534095,0.9342611844971453,0.0019324521999806166,0.03443765640258789,0.07,1.0,1.0,True,100,0.8
995,30.748707822245997,0.9094691495992574,0.000824371469207108,0.025553474202752113,0.07,1.0,1.0,True,100,0.8
996,23.774760619514982,0.8662319341234135,0.004131996538490057,0.026114163920283318,0.07,1.0,1.0,True,100,0.8
997,23.015477284068687,0.9128097943928942,0.004982364363968372,0.015849141404032707,0.07,1.0,1.0,True,100,0.8
998,17.867886875590802,0.8177541965251612,0.016304805874824524,0.024280663579702377,0.07,1.0,1.0,True,100,0.8
999,29.33198222040965,0.9495987836867417,0.001163159147836268,0.021813614293932915,0.07,1.0,1.0,True,100,0.8
