sample_idx,psnr,ssim,mse,post_std_mean,sigma_used,alpha,scaling
0,29.097583472578485,0.9187452242939403,169.462158203125,4.263805389404297,0.25524102322022657,291.5635681152344,375.16558837890625
1,29.741742100135504,0.937016767360293,958.1683349609375,10.099645614624023,0.23919562540778713,803.5626220703125,950.7636108398438
2,32.248073878850576,0.9694493806126102,297.8680419921875,5.868781089782715,0.27069329550446225,516.6065673828125,732.261962890625
3,30.355781283996464,0.9316454910227348,305.3017883300781,5.137328147888184,0.28072341269400647,450.7406005859375,599.059814453125
4,38.630730694407916,0.9923721690142241,3.323681354522705,1.362566351890564,0.22214553183127947,159.50450134277344,156.8626251220703
5,38.72410067438111,0.9873340047273105,3.0518410205841064,1.4397237300872803,0.20002896589123634,164.43585205078125,156.83853149414062
6,33.555636356187804,0.9756120532997129,1.2574995756149292,0.4849262535572052,0.32666168814921187,50.35673904418945,59.02552795410156
7,38.86785663540435,0.9766419706145307,96.42137145996094,7.731302261352539,0.16820172487987445,919.5117797851562,866.3099975585938
8,30.514593403134846,0.9322380019953499,318.6599426269531,5.551458835601807,0.2767317129098231,466.874755859375,601.513916015625
9,29.147544512299746,0.9678357488353678,602.0934448242188,11.127427101135254,0.13189146997437767,1258.9447021484375,708.364501953125
10,28.249176303337183,0.9562243061491948,0.6877180337905884,0.29022055864334106,0.2001948013200023,30.014101028442383,21.56390953063965
11,46.314951688541484,0.9968103136409793,21.946250915527344,7.773362159729004,0.17904873907255908,978.2015380859375,969.93994140625
12,31.91126346210789,0.9719043325928834,443.395263671875,7.813637733459473,0.322776638936993,715.5408935546875,832.6101684570312
13,40.262335791468644,0.9853226458355862,4.263246059417725,1.9705461263656616,0.23805110447326547,212.1036834716797,213.12677001953125
14,43.788157701616306,0.9943297577193401,1.3926143646240234,1.4165393114089966,0.23314940686892804,185.47808837890625,182.6431427001953
15,39.4902373599001,0.9850818972623262,3.810201406478882,1.3777356147766113,0.21909592968113628,219.0409393310547,184.22109985351562
16,40.498408109252104,0.9859996650241107,8.263291358947754,2.1984167098999023,0.2058352043892077,324.79345703125,304.93798828125
17,45.61324542427226,0.9937966545914964,7.566914081573486,3.8565356731414795,0.22407377171336143,537.7380981445312,525.231689453125
18,39.103267786378105,0.9878116098873633,22.192771911621094,4.123422622680664,0.1368839974058542,463.3140869140625,432.5130615234375
19,29.201317048250885,0.942663909580993,99.02157592773438,2.6155011653900146,0.3616984442076177,202.9836883544922,291.9378967285156
20,29.682387332162108,0.9199285069777283,345.0675354003906,5.5920939445495605,0.3545809008065278,333.5098571777344,612.2410278320312
21,40.16311165179067,0.9915040794325564,1.8952600955963135,1.0838971138000488,0.23518513612959266,131.04461669921875,140.3543701171875
22,41.654015645365455,0.9966471081886006,5.748534679412842,2.393476963043213,0.1776796419434522,299.1239013671875,292.8525085449219
23,38.72691223313173,0.9683860218761752,18.021059036254883,2.8409652709960938,0.21330600314604395,393.5024719238281,366.9954833984375
24,38.69989051467254,0.9911549101027173,28.010478973388672,4.357182025909424,0.24645414600288204,438.972900390625,456.6139221191406
25,38.390529481632356,0.9837956482042838,88.92030334472656,4.540250301361084,0.2317548903748863,703.3887329101562,785.3908081054688
26,38.63608695525294,0.9903966388958281,4.582944393157959,1.764868974685669,0.32847874491932233,167.2236328125,200.47410583496094
27,42.527750104282205,0.9915530056038139,14.785957336425781,4.509045600891113,0.15413191315644698,500.1852722167969,514.72021484375
28,27.26296404434204,0.8498590763665523,575.8701782226562,4.5590057373046875,0.3537533688208843,381.80706787109375,592.8221435546875
29,28.638260037319256,0.931743350732491,3.0709924697875977,0.7126691937446594,0.16305104835526757,73.24320220947266,47.403961181640625
30,41.38900918149446,0.9815874355311733,26.801231384277344,4.999610900878906,0.18536767787242758,584.6231689453125,607.9373168945312
31,31.713865330920775,0.9652188173173258,19.599851608276367,1.6726701259613037,0.33824519289339566,144.03793334960938,171.35360717773438
32,41.267105421589434,0.9897968906244135,0.3248904347419739,0.5475922226905823,0.2937018365896868,63.893733978271484,65.98654174804688
33,37.67210733946025,0.9845894971253087,153.76712036132812,8.155915260314941,0.2558765486809214,1047.289794921875,948.9366455078125
34,44.3880392781383,0.9913052305717587,33.90044021606445,6.152501106262207,0.19573197734291373,991.7952880859375,965.6663818359375
35,33.22491510072078,0.9627451454399786,310.7343444824219,8.744728088378906,0.23079375493158596,751.3233032226562,808.5889282226562
36,34.39034207614152,0.9577918805881673,33.22755813598633,3.0887629985809326,0.14827088738591365,265.9339294433594,305.30914306640625
37,32.69212535734883,0.9750159872297901,5.205251693725586,1.2799311876296997,0.19662116223722914,125.65870666503906,98.5744400024414
38,35.55347023311085,0.9775139198353047,129.04200744628906,6.737142086029053,0.2926770481086582,624.5259399414062,684.5487670898438
39,35.664752449602524,0.9877217200702927,52.3658447265625,4.977752208709717,0.19906513057203343,507.4002990722656,440.71234130859375
40,40.21583595399072,0.9888365148682958,1.435350775718689,0.9517765641212463,0.1976175467817557,132.6531982421875,122.91619873046875
41,38.28152010854477,0.9793716996938944,36.287864685058594,5.818520545959473,0.18699004500130684,540.837158203125,495.6817321777344
42,36.34879286899818,0.9777806571562716,0.2877139449119568,0.3100335896015167,0.3271707040876005,29.455551147460938,35.35413360595703
43,36.9136878575045,0.964829919761733,167.98065185546875,11.362544059753418,0.2698729935695051,848.0765991210938,909.4110717773438
44,30.902097372408328,0.9623537286962272,52.951358795166016,2.5454647541046143,0.225781920264829,214.43858337402344,259.5212097167969
45,33.99411861958086,0.9685120010216046,170.39353942871094,4.762297630310059,0.23995111340748462,563.0008544921875,662.8597412109375
46,35.00597125428402,0.981981029451447,29.882848739624023,2.545874834060669,0.3313097734428906,260.5517272949219,312.39935302734375
47,31.538786798527262,0.9699565188495982,187.4314422607422,4.862993240356445,0.24595539060801722,417.3747863769531,520.5479736328125
48,40.21081837239588,0.988948784314934,28.385286331176758,5.348753452301025,0.19266135638079285,528.74365234375,547.16357421875
49,36.30202810013869,0.9874028978240749,8.049163818359375,2.0958735942840576,0.166194850348282,203.3734130859375,185.6696014404297
50,35.16059372898458,0.9844511022447187,255.9619598388672,9.396722793579102,0.2332919556522509,897.1893920898438,969.6150512695312
51,40.42965578714467,0.9905036449647663,54.157318115234375,6.169852256774902,0.2602932654798213,860.53466796875,775.357666015625
52,39.96717813649298,0.9924453987179649,69.46340942382812,9.420317649841309,0.2162377272696516,1118.505126953125,939.5594482421875
53,42.919238401635866,0.9878714506132807,40.847206115722656,8.847321510314941,0.15717049860184895,920.841552734375,894.9324951171875
54,39.44446920903333,0.9918447503487515,40.64345169067383,6.1227498054504395,0.2864213399168131,641.7479858398438,598.3020629882812
55,34.834970696069455,0.9657334524319268,276.7875671386719,10.53056526184082,0.12556843326139436,1164.04541015625,921.9523315429688
56,31.493782493042886,0.954186892469478,5.629295825958252,0.7364600896835327,0.3464261561271566,72.55030059814453,89.40400695800781
57,36.748907660981565,0.9732304789179742,6.137484073638916,1.9088252782821655,0.3689959861120559,172.04441833496094,196.78688049316406
58,29.354124363401045,0.8444031087597073,2.474046230316162,3.399026393890381,0.1737512783779562,43.12645721435547,46.18206024169922
59,41.1011423646811,0.9925273832767987,8.244047164916992,3.162327289581299,0.18490456542290262,316.5867004394531,326.0050048828125
60,29.947166737212825,0.9021841479221242,145.1835479736328,3.137752056121826,0.3284656435011652,280.4399108886719,389.2886047363281
61,33.34495353484839,0.9724770116363147,31.46163558959961,2.1676218509674072,0.33337975290207367,188.35345458984375,272.07769775390625
62,28.229227913733453,0.9011766575507519,1031.4510498046875,13.795039176940918,0.19168147662345855,1157.171142578125,828.9087524414062
63,31.4073754721193,0.9457531555818146,91.64849090576172,3.881082057952881,0.301022773922728,302.4847106933594,357.3965759277344
64,30.75820451721936,0.9432322710552575,66.57259368896484,4.707265853881836,0.23558062543601277,243.3985595703125,281.653564453125
65,31.64735034247906,0.9729584939893186,197.83326721191406,4.431229591369629,0.2444014291569681,482.9917297363281,543.1533813476562
66,40.67898866011347,0.9862809066648208,1.7180981636047363,1.2527813911437988,0.3177450750824288,139.51646423339844,141.78329467773438
67,34.78475425633314,0.9884034285573644,193.4718780517578,7.367685794830322,0.31226388593948146,708.7708740234375,802.394775390625
68,35.46222054696659,0.9830479377071432,1.3858840465545654,0.673284113407135,0.18642220477328714,73.67029571533203,75.47608947753906
69,32.94763358398814,0.97821494560954,490.8130187988281,10.935872077941895,0.3113899200008202,869.1419067382812,986.9000244140625
70,37.75594215671708,0.9813545938154492,99.92510986328125,6.897366523742676,0.1980183741287922,764.2462158203125,772.4725341796875
71,36.69810706798297,0.9771518225640335,8.187113761901855,2.8674674034118652,0.17665442829057462,260.3647766113281,199.5169677734375
72,39.29128332706461,0.9908399478416079,0.004996619652956724,0.049081869423389435,0.17295563998712513,6.9968953132629395,6.516594886779785
73,24.900412986969673,0.8728135284237631,2116.400146484375,5.884515762329102,0.39851879377912336,486.4228515625,815.64599609375
74,36.161958645786086,0.9713752394766999,117.9768295288086,7.898299217224121,0.34334262195240767,638.982177734375,707.1505126953125
75,27.141323992239144,0.8228503465221164,1025.091064453125,16.678903579711914,0.13868433733195645,1382.9324951171875,729.2781372070312
76,31.70813821597736,0.969594403586213,400.58929443359375,9.193398475646973,0.1511783240733889,950.203125,771.4990844726562
77,36.91329201178115,0.9797925629236873,1.14281165599823,0.8501766324043274,0.2091794253274147,90.7406234741211,74.9706039428711
78,38.41334207676924,0.9860847739981424,18.53772735595703,3.7280030250549316,0.1695004608277155,363.9306945800781,359.1072692871094
79,38.38984916978295,0.988346088827579,1.8364856243133545,1.2905348539352417,0.24610528203640525,120.34600830078125,116.75318908691406
80,41.27369214581168,0.9911330178210855,52.97106170654297,7.356736660003662,0.21913577687876146,853.91845703125,863.2402954101562
81,33.93478986432375,0.980974427102397,156.02203369140625,7.807506561279297,0.17845733513708026,807.1937866210938,623.6748046875
82,45.17786606451129,0.9925623088921309,3.3304691314697266,2.0625245571136475,0.22600581423047994,331.80645751953125,331.567138671875
83,32.808838456379675,0.978720208132107,2.1569061279296875,0.5497766733169556,0.26245325248685414,49.387657165527344,64.49478912353516
84,36.92492388341101,0.9824326695149651,19.682191848754883,2.0809013843536377,0.22803753557737994,330.78155517578125,311.67132568359375
85,36.19104216139082,0.9701267807476291,25.356678009033203,2.9007108211517334,0.2996006814827497,296.594482421875,325.8581237792969
86,39.74526103909448,0.9842581471237974,53.947166442871094,9.306628227233887,0.2909579514407247,742.297119140625,729.8765869140625
87,36.92292180277508,0.9849783426806161,79.24813842773438,6.158758163452148,0.26037589949328166,603.8250732421875,637.919921875
88,43.25477208088904,0.992145532917066,37.175819396972656,7.362170696258545,0.1564915381014334,897.2679443359375,887.3255004882812
89,34.871390719239066,0.9770669140406069,72.072021484375,3.748833417892456,0.3003947011180279,439.04364013671875,472.7427062988281
90,43.11245560764387,0.9926875422336737,0.6974918842315674,1.230657696723938,0.21449371575293621,148.1761016845703,120.47465515136719
91,39.27789557620466,0.9835066507782853,60.03894805908203,5.069749355316162,0.19576820264897435,678.6649780273438,713.5315551757812
92,40.80491656136655,0.9817561300546392,48.08793258666992,4.880336761474609,0.2110154603426475,767.5968017578125,761.0242919921875
93,40.7729915079138,0.9912176965529212,26.393299102783203,4.26736307144165,0.26651114334363374,604.8965454101562,561.7159423828125
94,31.5310107273176,0.9483640462360022,406.16925048828125,8.053115844726562,0.23997292924690528,556.7189331054688,771.1962280273438
95,38.79178944011635,0.9906865253167993,32.20425033569336,3.4529566764831543,0.18051527798210107,550.1400146484375,494.3017883300781
96,43.10712480670507,0.9934208469063628,13.374102592468262,3.8264811038970947,0.2592089247031268,502.9327392578125,523.2100830078125
97,43.42059402618026,0.9955208953719882,8.3278226852417,3.0669291019439697,0.22097539304529953,409.3445739746094,428.11346435546875
98,35.46981391270226,0.9843198013471746,0.19507810473442078,0.2586386799812317,0.2178870611754241,26.554473876953125,26.393707275390625
99,43.63460913200774,0.9846594099443641,0.5121778845787048,0.9661814570426941,0.23863310258623122,108.9752426147461,108.78353881835938
100,42.1014235787992,0.9911936542290283,0.06465944647789001,0.24699310958385468,0.2554666648689873,32.53751754760742,32.39775466918945
101,29.65983955423766,0.9282078873232762,198.38143920898438,3.7546982765197754,0.5834790262202151,250.6686553955078,636.7739868164062
102,31.39310648312827,0.9702419872069875,60.97221374511719,2.472280979156494,0.3499003685407186,197.75027465820312,315.0416259765625
103,41.75218525668547,0.9870671640823993,17.307764053344727,3.644747734069824,0.25179683292288485,527.5259399414062,509.0621337890625
104,32.17012452685144,0.9700676180783686,475.1727294921875,8.080766677856445,0.33850606153032875,668.9667358398438,907.658935546875
105,31.36336231106016,0.9675555097552399,45.510684967041016,3.3318710327148438,0.24720929241742076,308.72076416015625,250.04293823242188
106,41.184245475815516,0.993164938516046,12.83651351928711,4.386931896209717,0.15120940554405096,426.5893249511719,410.9725341796875
107,35.22998919184698,0.9658840664492303,171.31106567382812,5.378417491912842,0.3336625346389797,689.1766357421875,755.7955932617188
108,28.324752168027985,0.8266836933718833,77.42984008789062,3.9791367053985596,0.1598080686735095,356.58636474609375,229.56936645507812
109,32.27018638740523,0.966074788425852,3.594533681869507,0.8063732981681824,0.2138019734768054,69.1412582397461,77.9029312133789
110,34.32882952199697,0.9771641432869914,31.092025756835938,3.4622063636779785,0.20049360777625894,326.4173278808594,290.4617004394531
111,30.170962595310606,0.9730311475455823,19.886898040771484,1.072226881980896,0.42916363664600493,98.25191497802734,162.06005859375
112,31.388635266425027,0.94907160581573,621.01904296875,11.988649368286133,0.27855257222705243,802.3919677734375,929.7679443359375
113,41.02119027276746,0.9909774817149583,51.6362190246582,7.799858570098877,0.2041021817824693,760.0697631835938,808.312255859375
114,24.508342630941836,0.8831818378612137,1398.1739501953125,11.996541976928711,0.1075271166938266,1185.64892578125,633.7703247070312
115,31.417179817282076,0.9355883237485793,546.8132934570312,11.705766677856445,0.3203518577923282,810.1597900390625,871.589111328125
116,32.50827891239578,0.9587020134539858,361.30194091796875,10.633977890014648,0.14425313041450055,985.7481079101562,803.868408203125
117,39.893666917385545,0.9908445878848203,3.5977747440338135,1.5466192960739136,0.15431066127804782,193.08212280273438,187.38348388671875
118,32.46423019905754,0.9798161471406742,447.648193359375,11.258749961853027,0.1435181911919631,1091.1693115234375,892.6664428710938
119,28.59701297641203,0.9367274137827019,399.57757568359375,5.0656585693359375,0.41110343414656897,384.7565612792969,539.8029174804688
120,37.526355693489144,0.9796196387002343,114.77210235595703,9.595382690429688,0.18759445296405952,942.2349853515625,807.6326904296875
121,29.70065483382679,0.9315880400342992,835.4957275390625,7.1818928718566895,0.40009937583845995,723.93994140625,896.1951904296875
122,34.50631285841618,0.9527836250077829,32.9675407409668,2.4547135829925537,0.22703511781158733,291.42974853515625,318.68548583984375
123,39.52383014984071,0.9888571862158269,1.3716970682144165,0.9943177700042725,0.22643965361522733,106.01448059082031,110.9418716430664
124,47.46802021248493,0.9950007707710975,0.9362935423851013,1.9553089141845703,0.19006945374132964,231.71678161621094,228.7072296142578
125,37.07117559981174,0.980927030014795,35.71516418457031,4.676921844482422,0.2070687684139455,397.75390625,427.6806945800781
126,30.983047280688464,0.9309263114870422,501.9458312988281,6.437659740447998,0.40365091049773827,474.5520324707031,818.19677734375
127,37.34673356341724,0.9919255934386554,134.9577178955078,8.17233943939209,0.2478906988625315,946.66943359375,860.869873046875
128,37.97318552495117,0.9922566441098234,0.009991692379117012,0.07949884980916977,0.17204497270253746,8.873663902282715,7.945178508758545
129,27.437354976915643,0.8733948434285447,429.7683410644531,5.795498847961426,0.2993100638910363,320.30279541015625,511.2365417480469
130,38.68474905028015,0.9686840714961752,23.182565689086914,3.748971462249756,0.206173925253471,442.5013427734375,417.99359130859375
131,30.208978654423085,0.974707328498179,42.51517868041992,2.135603189468384,0.25782015473388037,160.15557861328125,222.8856964111328
132,35.580296407476425,0.9842189817513475,4.024673938751221,1.421777367591858,0.1980568789064871,130.97593688964844,120.74549865722656
133,40.667099801007154,0.9938919498855239,9.747567176818848,3.3836255073547363,0.2380992991777082,326.7079772949219,338.2775573730469
134,34.59300684516253,0.966344203734607,301.26739501953125,14.226628303527832,0.32865668235544165,895.3948364257812,942.966796875
135,36.70467377840091,0.9726580177482805,19.872373580932617,3.0263006687164307,0.18831018102224423,375.02337646484375,323.8797302246094
136,31.008402665851303,0.9706212773503903,209.47982788085938,5.76776123046875,0.325340368171717,408.46630859375,519.2718505859375
137,37.94958804771001,0.9758480545460132,79.23151397705078,5.480112552642822,0.17508127573128682,767.8232421875,703.31591796875
138,42.58986409826973,0.9888220516459245,7.306299209594727,3.2810919284820557,0.24091192484200544,371.0282897949219,364.2659606933594
139,39.63869814543215,0.976790434835619,102.61045837402344,8.229485511779785,0.2601110576385609,958.1668090820312,971.810302734375
140,38.960059164258695,0.9900685753615648,106.5313491821289,8.809783935546875,0.28394554763729124,1034.4163818359375,962.48486328125
141,41.29658960660909,0.9890485852341657,4.711599826812744,1.832998514175415,0.20503813447056865,231.57789611816406,252.530517578125
142,36.976334926899575,0.9897355327173161,49.5865364074707,4.934332370758057,0.26651485438885836,474.92071533203125,497.7512512207031
143,29.090090246733208,0.9468786326478263,111.90735626220703,4.058516502380371,0.2545345113675604,235.96466064453125,301.5774230957031
144,41.241324444462386,0.9911962272089947,6.119875431060791,2.1971282958984375,0.2290631016986177,272.2820129394531,285.5556640625
145,40.47330286286915,0.9834026094099316,0.12808136641979218,0.3083358705043793,0.2338327025414892,40.07257843017578,37.850059509277344
146,34.70471923644095,0.9760461529895618,125.64698028564453,7.26221227645874,0.23872613791527977,714.1685180664062,609.9547729492188
147,37.879857894275865,0.9871059491599923,41.147865295410156,4.893232345581055,0.296286153283729,523.2402954101562,503.17633056640625
148,33.478785785914596,0.9697422065202174,1.0526434183120728,0.4115045964717865,0.3234606787625605,35.03207015991211,52.42727279663086
149,37.90525241248292,0.9893950613444311,11.406427383422852,2.371065378189087,0.15135119984986037,321.4780578613281,279.3678283691406
150,36.99532083914527,0.9802027843408171,164.5523223876953,9.169686317443848,0.19693424564933285,908.5022583007812,908.3576049804688
151,38.69149596393278,0.9864230212842963,7.009696006774902,3.277411699295044,0.15095702556156446,361.288818359375,240.32232666015625
152,37.203066702933725,0.9851436740935033,4.042646884918213,1.3040238618850708,0.2915085435315048,139.07977294921875,145.74998474121094
153,42.33002937875768,0.974658235484663,14.02810287475586,3.988480806350708,0.21866176583953478,492.0762023925781,489.96331787109375
154,39.836518261973126,0.9686316272284224,100.75226593017578,6.760599136352539,0.22114493098588686,927.9912719726562,985.664794921875
155,37.85413919404884,0.9903756178477231,9.641486167907715,3.1599977016448975,0.21842647709546076,226.31727600097656,242.81321716308594
156,40.03914838476591,0.9941538194015668,44.69911575317383,5.03190279006958,0.26680475766008815,680.1377563476562,672.4634399414062
157,36.59750415195296,0.9771713070394576,126.61323547363281,7.93217134475708,0.26516525322864476,731.273681640625,761.8579711914062
158,25.043410910697506,0.8839774594370226,166.0686492919922,2.005078077316284,0.4969205495973993,124.48909759521484,238.39990234375
159,37.17450110688045,0.9874278001556456,101.07483673095703,6.418092250823975,0.28344922012333257,848.58544921875,728.4881591796875
160,46.30095103272481,0.9920215602691206,3.1802752017974854,2.611320972442627,0.22029756557272043,375.6701354980469,368.41534423828125
161,41.297423586853775,0.9807137921221855,29.61181640625,6.283976078033447,0.21344652434945216,663.0083618164062,632.6735229492188
162,35.81181215521831,0.9785472791645795,105.18921661376953,5.817649841308594,0.2322112620838463,566.2201538085938,633.8961791992188
163,25.391786107953767,0.9127029112479635,825.73291015625,6.171091079711914,0.4209007715697374,364.5759582519531,536.2388916015625
164,32.606223494539236,0.969845612742914,4.545937538146973,1.100271463394165,0.19768603782276978,111.9534683227539,91.19947814941406
165,39.49635745716406,0.9929931499794418,74.18453979492188,5.102502346038818,0.2747193629124212,803.3076782226562,835.4671630859375
166,36.018184340926744,0.9771578667764201,25.841344833374023,2.800494909286499,0.19054848790813864,355.0510559082031,321.45928955078125
167,36.8000832928972,0.9878066752348152,7.304566383361816,1.5040801763534546,0.24222787670800883,189.43067932128906,187.3319854736328
168,42.17186955425131,0.989164382050158,0.10555853694677353,0.34294891357421875,0.2553719336233573,43.49710464477539,41.73436737060547
169,37.51984180328834,0.9842116322649029,61.830848693847656,6.981321811676025,0.162660392325046,551.6211547851562,591.3020629882812
170,42.184465592417084,0.9823475734122151,27.736225128173828,5.145376682281494,0.19708102303609534,669.27490234375,677.8867797851562
171,38.32565817206476,0.9892965701588413,0.044119320809841156,0.26389172673225403,0.21186455535255913,20.725425720214844,17.57124137878418
172,30.13594455507593,0.9508053975485427,253.99732971191406,5.294004917144775,0.27532275860394256,434.8296203613281,512.5809936523438
173,35.139312265282776,0.9898653458976894,15.741839408874512,2.2714264392852783,0.21856630274545324,260.1124572753906,227.26927185058594
174,40.884242957411,0.9914323188387573,33.81208419799805,5.070555210113525,0.23293852679739527,636.1176147460938,645.527587890625
175,35.44535183493387,0.9731333276143507,6.600907325744629,1.414535641670227,0.26419365356023,123.34358978271484,175.1920623779297
176,26.834272801701673,0.8641623097953472,989.82275390625,11.566580772399902,0.1117791596287432,1186.9521484375,691.246826171875
177,41.605934979112,0.9903107597824221,10.358519554138184,3.382234811782837,0.2613481094721174,383.1542053222656,387.3486022949219
178,39.191063252804696,0.9915191051084068,99.4235610961914,8.661336898803711,0.22741133078910722,952.3740844726562,936.7932739257812
179,36.200344650842304,0.9817010051041257,4.572603702545166,1.1636489629745483,0.2548964648451934,127.2913589477539,138.3834228515625
180,36.16912613943496,0.9836745362255964,27.706771850585938,3.020256519317627,0.16163991890462293,479.3828430175781,341.72528076171875
181,39.124289138399845,0.9833290677198562,1.5921400785446167,0.9736282825469971,0.2249198820577561,118.77668762207031,114.36004638671875
182,40.82693452367697,0.9798892358600539,70.6441879272461,6.40745210647583,0.24727387323902494,918.79833984375,924.7689208984375
183,32.911324238154855,0.9838877412864421,393.3190612792969,10.778797149658203,0.18167392697942292,1074.738525390625,877.4620361328125
184,29.821150946872734,0.9650750503451463,69.17670440673828,3.5298938751220703,0.12231420133538777,356.50634765625,258.6836853027344
185,26.38660757514289,0.8841920831923767,999.4225463867188,11.901506423950195,0.18752923482616599,1033.960693359375,660.3240356445312
186,45.910524881591456,0.9961165580802411,17.123720169067383,6.498988628387451,0.22877809282079165,837.025390625,817.4049682617188
187,28.71691164971754,0.9329752164159519,412.95489501953125,7.314253807067871,0.2979045256062757,449.0675354003906,555.6456298828125
188,46.92546514385371,0.9954888444659141,5.693018436431885,3.5746757984161377,0.1764365676580485,546.4513549804688,530.1209106445312
189,31.548870976746635,0.9650346906576979,40.72141647338867,2.406346321105957,0.2791231541595759,212.19692993164062,242.61044311523438
190,41.398988063048314,0.976345509567497,0.6390723586082458,0.6762150526046753,0.22671330454231756,95.45902252197266,94.0096664428711
191,42.0232199313231,0.9868445103628594,50.50563049316406,7.0884857177734375,0.2513677089572962,919.3926391601562,897.3185424804688
192,43.326120717147575,0.9893396505384376,37.57965087890625,7.702127456665039,0.255089331155202,889.37451171875,900.5176391601562
193,30.141760439991852,0.949365591855241,379.6231994628906,6.6362833976745605,0.3860949706984582,502.9042663574219,633.4683837890625
194,35.17434048972173,0.9638287023294205,34.995704650878906,8.822613716125488,0.22604617390514953,330.11846923828125,339.6907653808594
195,28.554554592016707,0.9464647140799877,170.1486053466797,5.005762577056885,0.17886322512447095,501.7023010253906,349.8603515625
196,26.004794526990864,0.8713369585429326,1296.578369140625,7.2427897453308105,0.40116819365872675,404.2151184082031,726.229736328125
197,32.59690571727426,0.9678497304765064,441.1185607910156,11.613168716430664,0.16102092251395286,1141.406982421875,897.213134765625
198,29.64089560657806,0.9694709074601793,852.579833984375,13.133072853088379,0.14622851207140705,1125.80810546875,887.1993408203125
199,36.017528017680775,0.9756939741172534,144.69546508789062,8.139342308044434,0.2508704942103056,775.6354370117188,780.0956420898438
200,36.15884850269043,0.9868524769326851,98.20608520507812,8.099072456359863,0.13564633117339708,846.3226318359375,642.3895874023438
201,41.04270864992806,0.9906892945030772,0.5562639832496643,0.7924551367759705,0.21453807986494963,82.58818817138672,85.05582427978516
202,28.927052841448436,0.9357301550383907,33.65597152709961,2.69293475151062,0.27223034530879053,141.22792053222656,162.4670867919922
203,27.510747896398534,0.9096784011736682,1403.3206787109375,11.767922401428223,0.3630744418170009,656.4759521484375,898.6556396484375
204,37.53609702793865,0.981748361890161,64.84881591796875,4.320404052734375,0.23398367430268735,647.5469360351562,606.8226318359375
205,36.26341676929916,0.9814530875230106,0.024471811950206757,0.10975448787212372,0.32838761188631255,9.60513973236084,10.187854766845703
206,41.98848543425253,0.9884144930924424,0.6619434952735901,0.7961668372154236,0.25412347488653686,99.0596923828125,102.37007141113281
207,40.280513067459395,0.9877327699194998,41.29765701293945,5.8756608963012695,0.2922779267808323,706.281982421875,663.8382568359375
208,34.36865147382281,0.975811482090945,0.013400109484791756,0.08681489527225494,0.31964027183684074,5.475271224975586,6.056522369384766
209,44.42700114504443,0.9968411313798529,0.9417610764503479,1.0261461734771729,0.2601830683384804,167.7923583984375,161.64724731445312
210,31.132017754457685,0.9545930236639499,230.1463623046875,7.882102966308594,0.196725779462905,742.5403442382812,549.18505859375
211,30.49360270881236,0.9772210400263223,421.1894836425781,5.33465576171875,0.30846828365172513,526.5504150390625,692.2033081054688
212,43.624373182785746,0.9943978147210228,18.45485496520996,5.734371185302734,0.3202703321259709,650.71142578125,652.309326171875
213,36.191289654545066,0.9791605772433266,10.839946746826172,3.7804908752441406,0.0660346530994806,532.6800537109375,225.0450439453125
214,42.28980288723701,0.9836830726687261,29.91680145263672,6.8047308921813965,0.22134894702912103,725.5066528320312,712.467041015625
215,28.353801775882754,0.9149018354301598,76.81914520263672,1.8927804231643677,0.49957561812813034,135.98304748535156,238.0118408203125
216,34.73984877424879,0.9836788644439419,30.82644271850586,2.505753993988037,0.21437922583898525,303.0750732421875,326.0743103027344
217,38.62439224541738,0.9777250981460046,76.16820526123047,6.352989196777344,0.20946356444546838,821.2860107421875,746.7449340820312
218,33.114976070934134,0.9673933295458094,205.73724365234375,9.232659339904785,0.1873500437288257,577.6372680664062,649.9832763671875
219,43.59669276988846,0.9859001130573029,31.48981285095215,7.873346328735352,0.2530071096533177,866.8015747070312,849.3742065429688
220,30.454956677338153,0.9706221191583526,386.4451599121094,12.588469505310059,0.1053668536741937,1488.936767578125,657.9552612304688
221,41.508261226165146,0.9868457713486364,22.82155990600586,5.0647454261779785,0.15462505317189984,607.23046875,568.7402954101562
222,32.365580411299476,0.959572466995694,5.015640735626221,0.5871071219444275,0.4508784295296131,41.86884689331055,94.58109283447266
223,39.69162025388866,0.9935718961944275,14.554306983947754,2.6342623233795166,0.24325781412463723,382.2886657714844,368.34808349609375
224,41.185749980757464,0.9947730064299822,5.11734676361084,2.2219505310058594,0.293934711325741,277.5047912597656,265.9371643066406
225,40.1961265263931,0.9746192541853809,5.723292350769043,2.164203405380249,0.17072006484018698,240.9770965576172,244.7456512451172
226,40.51305483562113,0.987462651987932,84.0951156616211,8.524148941040039,0.2713738800106077,972.6343994140625,973.0375366210938
227,40.33127027544197,0.9858269440961696,14.338447570800781,3.350545644760132,0.23886616874509914,404.0926818847656,393.7046203613281
228,44.349980639917405,0.995306162473095,29.160999298095703,8.586458206176758,0.23480196415899657,920.8353271484375,892.1544799804688
229,32.114486958472035,0.9572739639205107,158.3063507080078,5.5471601486206055,0.40509974336307153,404.5553894042969,631.5075073242188
230,35.8650310098908,0.9861195535928595,148.25067138671875,8.75343132019043,0.20624001545885995,989.2688598632812,795.0164794921875
231,33.72918884355633,0.9633629616384536,107.00834655761719,7.409332752227783,0.21438889097139244,434.74346923828125,503.13446044921875
232,43.986992056361835,0.988928394820791,13.28072452545166,4.064890384674072,0.1978068937118486,564.8741455078125,577.3269653320312
233,35.14711911624942,0.9764556541070112,74.21774291992188,9.588737487792969,0.26171317597490257,462.805419921875,493.0251770019531
234,32.3863547976507,0.9766497652750882,21.302148818969727,2.1341447830200195,0.18826003280471934,163.18043518066406,196.04774475097656
235,28.041077931692925,0.9479355797848219,817.21484375,11.099785804748535,0.15114712233376557,1169.741455078125,722.7296752929688
236,40.75963545605682,0.9864789775896614,6.643820762634277,2.2983155250549316,0.173115599729459,275.7784423828125,281.4915771484375
237,35.31623080386187,0.9784529723219335,0.18607310950756073,0.2640903890132904,0.2917382170157092,23.838409423828125,25.291650772094727
238,39.89202894008902,0.9899619923841104,42.23141860961914,6.773453235626221,0.22062545795505029,655.8924560546875,645.8268432617188
239,42.880859424811945,0.9966078294658316,1.6296635866165161,1.2180804014205933,0.26707765902406505,190.9048614501953,177.93356323242188
240,37.264522072277245,0.9876810456208032,165.5350341796875,7.283380508422852,0.34748825140477113,861.192138671875,940.5181274414062
241,43.21753683114237,0.992116200588682,43.317806243896484,8.579541206359863,0.23375429328350208,969.6137084960938,953.9746704101562
242,30.99457273887138,0.9626966743308079,664.5867919921875,9.398962020874023,0.3523356490878376,798.2238159179688,914.9495239257812
243,36.48334754433221,0.9891346122519765,29.243274688720703,2.707888126373291,0.26491382098362415,326.7751770019531,370.7885437011719
244,40.40841906759625,0.9916950771191049,0.02457292377948761,0.10687001794576645,0.26651083886668964,15.641630172729492,16.441160202026367
245,33.50314617163211,0.956989855898623,335.7497253417969,4.055421829223633,0.5157567993097439,459.2385559082031,928.3902587890625
246,35.96523377078804,0.9868497115139868,45.82975387573242,4.436216831207275,0.2502812723516734,420.5666198730469,428.7559509277344
247,36.07578058836771,0.9855507142434302,230.3417205810547,9.383421897888184,0.23023516715512565,1070.7352294921875,966.6881713867188
248,42.002903091618045,0.9925869828007415,49.97127151489258,9.795387268066406,0.2553622953826356,974.3916015625,963.6563720703125
249,42.43070037566862,0.9858822163167507,41.478172302246094,6.688872814178467,0.23450348520274458,833.4885864257812,853.1564331054688
250,45.48201018537952,0.9946292536208258,2.462247848510742,1.8188329935073853,0.1900798078024453,296.268798828125,295.1544494628906
251,31.646345114444898,0.9671890077299378,88.09555053710938,2.9214203357696533,0.31473176124611435,280.7888488769531,385.7126159667969
252,28.952236504972817,0.9460427027860785,912.0325317382812,10.810401916503906,0.2724900551958624,617.4522705078125,851.2855224609375
253,38.112773056783155,0.9885420100330937,15.278221130371094,1.6547245979309082,0.2852708038993334,242.8628387451172,317.6050720214844
254,35.16950019163622,0.989811291035853,8.767500877380371,1.6782580614089966,0.21015650519137655,188.86341857910156,170.32325744628906
255,33.69674043151698,0.9718320682045107,102.38483428955078,4.452559947967529,0.4389362614393097,341.64276123046875,557.2444458007812
256,32.074265501185174,0.9687660539789957,444.10418701171875,6.567138671875,0.28724406459233004,659.9005126953125,936.2186279296875
257,43.05803003841858,0.9947282758659622,23.962270736694336,5.002887725830078,0.293915762931629,673.9417114257812,696.333740234375
258,38.67826456550439,0.9912803682226637,41.83899688720703,5.612809181213379,0.19938468104657506,566.4449462890625,570.4910888671875
259,33.16093508639605,0.9692027487775736,4.51823091506958,0.9110938906669617,0.27023043998513474,86.67527770996094,98.07931518554688
260,42.574542901487135,0.9931545678614586,20.903121948242188,4.373847007751465,0.23987675993268454,596.3206787109375,615.3922119140625
261,34.82540699177167,0.9830948042734242,321.42388916015625,6.806576728820801,0.2759149750599439,764.4428100585938,990.0637817382812
262,34.7329869396317,0.9782198242943108,5.943867206573486,0.9452199339866638,0.30431617383048165,117.9933090209961,140.9439239501953
263,39.26951991595678,0.9900623806305345,31.811954498291016,5.618767738342285,0.18086495207254405,510.2334899902344,518.8113403320312
264,46.488717766113396,0.9945859115405471,17.26150131225586,7.055690288543701,0.20632518587213045,914.9586181640625,877.4957275390625
265,32.49335694546066,0.967343149524109,305.42449951171875,5.807483196258545,0.2582474495082892,489.6080017089844,741.02783203125
266,40.191618784693695,0.9886871160337677,46.47914505004883,7.1070356369018555,0.227345371301332,687.2413940429688,697.3187255859375
267,30.14991678197108,0.9671779427642793,454.9325256347656,7.389717102050781,0.2528594536877211,530.8565063476562,702.7816162109375
268,43.09425187367715,0.9953636587035176,6.356939315795898,2.7947497367858887,0.30422054783495744,345.4416198730469,360.13165283203125
269,25.335427360661114,0.8479533475474454,229.93936157226562,2.58441424369812,0.4119521336482184,165.21041870117188,294.2982482910156
270,28.431497097465368,0.9161901114618077,937.406494140625,8.764116287231445,0.4039121793424215,666.2387084960938,809.5518188476562
271,36.89584823783975,0.9702484125907699,133.1461944580078,9.37581729888916,0.11984646687265703,1144.196044921875,810.3032836914062
272,27.11525090079055,0.9130018771951874,1427.6402587890625,9.4750394821167,0.40210913950470545,570.7176513671875,867.2052612304688
273,42.31951529869532,0.9865113840475909,48.775020599365234,8.382296562194824,0.24474193096168753,947.390625,913.3273315429688
274,39.04481308486311,0.9918903345232531,32.2226676940918,5.995422840118408,0.1909117896073329,587.8238525390625,511.8310546875
275,30.662114622844555,0.9411374778516582,215.5500030517578,4.924639701843262,0.327748024381322,435.824462890625,502.0147705078125
276,38.979237733474925,0.987747953864443,79.8673324584961,5.105332851409912,0.25563566533957705,764.260009765625,798.4968872070312
277,35.08321451119305,0.9852908254131075,129.89393615722656,7.98551607131958,0.15279444546770615,886.4303588867188,650.31396484375
278,35.539296724446636,0.986404770233652,133.07933044433594,5.869894981384277,0.18357840645446324,682.5990600585938,702.264892578125
279,34.14287817082434,0.972850272360847,243.31105041503906,8.031661987304688,0.30802052980555406,707.1939697265625,795.9968872070312
280,34.710155854153214,0.9852661510277828,245.66360473632812,6.740250587463379,0.22333044319543854,774.8349609375,890.1153564453125
281,31.731963855625178,0.9511837636431059,76.82179260253906,3.813182830810547,0.26785661313238873,296.28131103515625,338.65716552734375
282,36.53125354621083,0.9678107793178597,31.449268341064453,2.952493906021118,0.2955131904367576,358.1740417480469,376.2073669433594
283,37.10275027300883,0.9737166229354831,1.7530591487884521,0.9864500164985657,0.158284357033257,185.42428588867188,94.88795471191406
284,26.699928281762233,0.9098194212997784,705.5812377929688,12.151366233825684,0.10214882360705753,1260.4893798828125,578.7018432617188
285,31.45570893652755,0.9633907195568946,0.9543651342391968,0.39995574951171875,0.2302245001287361,28.268844604492188,36.90633010864258
286,36.52369466472108,0.9774318912880585,48.230350494384766,3.856468915939331,0.2507861361378575,416.1570129394531,466.1324157714844
287,40.68910912472,0.9937000437048567,25.02446174621582,5.751453399658203,0.15272439761155163,642.006103515625,543.1019897460938
288,39.053885727310515,0.9862296952951557,10.200796127319336,2.133173704147339,0.24891167465543573,261.0183410644531,287.25469970703125
289,35.105962060182286,0.9812328527740157,105.77143859863281,6.865672588348389,0.24770796318403873,699.8692016601562,591.242431640625
290,44.29444490007934,0.9953202983543231,0.03681470453739166,0.21280111372470856,0.19437768582127687,31.61520004272461,31.469749450683594
291,35.02593440755315,0.974638193592014,0.45712798833847046,0.4566047191619873,0.2806366257849206,36.24025344848633,38.31084060668945
292,37.10554063307204,0.9866067735311047,128.27955627441406,8.82771110534668,0.28232267034928255,808.8043212890625,822.7779541015625
293,35.82326101741422,0.9830390732693106,33.70693588256836,2.7658379077911377,0.310253648398372,313.5552062988281,360.8304443359375
294,36.44140220344754,0.9763746490880801,2.875964403152466,1.4523009061813354,0.16860654559798022,190.17124938964844,127.9334487915039
295,27.30052698661694,0.9084093300616071,501.9669494628906,6.532318115234375,0.324979461466239,374.4762268066406,522.7210083007812
296,38.33791782280776,0.9919764405372096,85.88956451416016,9.188729286193848,0.3407688378344321,811.786376953125,770.2235717773438
297,43.59428358479738,0.9956675055287817,1.9904488325119019,2.22019624710083,0.18345201418543897,249.50709533691406,216.60520935058594
298,42.79418765059268,0.9785305424309859,20.396461486816406,5.185748100280762,0.2548146667237044,629.2095336914062,623.267578125
299,41.2313548535477,0.9877487636633578,0.5595800876617432,0.6757441163063049,0.2550466968199479,90.08200073242188,86.26211547851562
300,36.887330078401675,0.9822197978464565,0.5636314749717712,0.4241413474082947,0.19099513487390424,44.92130661010742,52.63003921508789
301,38.09494360049222,0.9890148218632728,42.288368225097656,5.133720874786377,0.27997445271003385,516.405029296875,531.8233032226562
302,38.5605781856166,0.9840207555407218,40.778648376464844,5.596407413482666,0.29744218067522094,591.9539794921875,541.094482421875
303,34.03640103984352,0.9614960752481401,159.59390258789062,8.300479888916016,0.21894206826151394,685.9248046875,637.79248046875
304,31.401136881553594,0.9719048524265811,379.5581970214844,9.145073890686035,0.16080279823510255,970.809326171875,726.365234375
305,42.03782089240798,0.9870594131103856,59.02510452270508,9.924178123474121,0.19762600837375965,1017.6851196289062,975.876220703125
306,28.932992360292676,0.956784714209406,336.50653076171875,5.574373722076416,0.22492673112082245,448.4303283691406,516.7840576171875
307,39.53496785362823,0.9920776489472365,11.109640121459961,3.903329372406006,0.16265069948104563,414.75799560546875,323.6335144042969
308,28.473364556433044,0.9221329590383567,856.59521484375,5.204859256744385,0.6079532065097268,400.5480651855469,795.3909912109375
309,42.62544098617855,0.9854607077697974,4.024776935577393,2.059624433517456,0.2344848466871767,272.13311767578125,271.5614318847656
310,38.85618653757432,0.9904520913297301,24.310392379760742,5.007486343383789,0.17795667380376382,493.86749267578125,439.5324401855469
311,34.318058867804,0.9785724604277419,2.3006021976470947,0.7975483536720276,0.13101086742403187,111.58124542236328,79.37792205810547
312,32.56818888965926,0.9644616120124871,0.38152071833610535,0.2316010296344757,0.22284315223576173,22.59288787841797,26.32539176940918
313,39.263179851038615,0.9856587408035532,109.69126892089844,8.666841506958008,0.2385311079930196,954.540771484375,962.685791015625
314,35.1540519661268,0.978059335220586,210.21966552734375,6.268576622009277,0.32807357008272114,739.5391845703125,836.1441650390625
315,43.61817803126819,0.9887553034398332,21.024526596069336,4.799346446990967,0.18223463551628086,684.3585815429688,696.2782592773438
316,38.62939821257929,0.9804347742760268,22.359683990478516,3.787442207336426,0.1662088151733035,391.83038330078125,409.54400634765625
317,40.536345548025096,0.9898145501304829,2.523932456970215,1.6363846063613892,0.18205218443891003,181.0167694091797,174.12103271484375
318,44.059496115628924,0.984337806963084,0.9640291333198547,1.3648500442504883,0.20876037268211595,155.7167205810547,157.28060913085938
319,39.938915785887076,0.9827963905437812,6.387911796569824,2.324596881866455,0.2206431573940239,242.31741333007812,250.99266052246094
320,36.781521027541224,0.9842556674875342,62.7870979309082,5.2939300537109375,0.2209749140090198,622.7481079101562,549.6774291992188
321,43.133859933976204,0.992890417360546,24.811811447143555,4.516089916229248,0.2646715570564022,747.4983520507812,714.88134765625
322,26.659456422634875,0.8765241011758061,933.2210693359375,6.0619587898254395,0.24600306766536262,453.814453125,660.5371704101562
323,33.210191570226904,0.9807213168856529,37.208465576171875,2.582930564880371,0.2809430277912419,253.03860473632812,280.6539611816406
324,33.16652537522077,0.9851941905523601,437.5026550292969,10.573175430297852,0.17928976788463055,1087.7843017578125,954.910400390625
325,29.930058614190624,0.9501545402164676,440.574951171875,3.7786712646484375,0.4703026689187805,342.59625244140625,738.1589965820312
326,40.4806618984616,0.972027757819223,27.542621612548828,4.955538749694824,0.20776701035463613,549.3533935546875,554.7996826171875
327,39.2398554890672,0.9895890383713016,44.391746520996094,5.843466758728027,0.21401938317675853,598.8463134765625,612.1090087890625
328,32.22390717248092,0.9781388933813608,100.80745697021484,2.9266862869262695,0.39819193589321694,364.82403564453125,420.1804504394531
329,33.849371342001355,0.9691564984565795,25.434293746948242,3.728006362915039,0.2969409848013891,217.10121154785156,248.48326110839844
330,28.83927962442769,0.9075383693804271,163.07078552246094,3.4780306816101074,0.2102084310604203,304.2064208984375,356.61669921875
331,37.029731164842175,0.9816042739971012,113.74393463134766,5.697240352630615,0.19935428309499728,741.6754150390625,758.0882568359375
332,37.78962019889389,0.9794897678682063,0.03921344503760338,0.12705393135547638,0.16354494098431874,14.571745872497559,15.379095077514648
333,39.150276355084884,0.9950373776341617,1.6615641117095947,0.9504453539848328,0.2580235727700635,114.1348876953125,116.9565658569336
334,28.207119392488128,0.8878327960671542,3.3296117782592773,0.8695486783981323,0.10053246797372031,82.6341781616211,46.95663833618164
335,37.620719383040566,0.9831275893192665,0.29322344064712524,0.4699905514717102,0.21769029017521144,48.78378677368164,41.688072204589844
336,33.25306571956362,0.9808285541763246,332.2236328125,8.138261795043945,0.23620904746757257,721.8358154296875,855.6051025390625
337,38.82276905828209,0.9801753411382836,64.7237548828125,6.569788455963135,0.21652991776550143,725.2046508789062,703.9542236328125
338,34.61478777461129,0.9619162346710238,76.50497436523438,4.712172031402588,0.23579763110633997,544.1107177734375,474.69964599609375
339,42.18967011914572,0.9908850386631132,0.5880182981491089,0.832650899887085,0.1920960423524856,96.0624008178711,98.736328125
340,39.70321170416033,0.9908018475869369,24.987184524536133,5.026815891265869,0.1887129724343244,577.828125,492.124267578125
341,28.7100474551875,0.8938521664796644,299.04949951171875,4.289155960083008,0.37574545767176,379.81292724609375,473.998291015625
342,36.56671493022677,0.9892639993883139,4.708566188812256,1.6600896120071411,0.2521857474200386,146.33131408691406,174.02867126464844
343,26.333140270025837,0.8773169845680349,329.3096618652344,3.8217830657958984,0.4535130801222145,221.23870849609375,434.41778564453125
344,41.870032682157195,0.9896052017946362,10.339495658874512,2.8484342098236084,0.23101664545172063,386.9549560546875,399.1062316894531
345,35.27866042631335,0.9745992163755576,107.49179077148438,7.253966808319092,0.1712610831226176,770.5100708007812,616.2342529296875
346,30.851934968150655,0.9503661406075561,322.68927001953125,5.943233489990234,0.34946181678822574,477.1483154296875,635.4585571289062
347,28.661748259214587,0.9573474603756047,2.8381459712982178,0.5199218392372131,0.31370669554883646,38.03844451904297,46.258705139160156
348,46.26441955008862,0.9936200262992129,3.323477029800415,2.74898362159729,0.20249040948267968,374.9975280761719,375.2380065917969
349,41.42912500395721,0.9920660437414398,28.20737075805664,4.541867733001709,0.24648838094542486,675.2051391601562,626.2340698242188
350,43.74962874802199,0.995797717995688,10.687227249145508,4.049929618835449,0.24601359363577394,537.9265747070312,503.63311767578125
351,40.60236781019563,0.9760055321473455,63.81956481933594,7.631293296813965,0.278605561952597,841.6887817382812,856.6333618164062
352,37.57744910710314,0.9806616096089376,75.86955261230469,6.1352033615112305,0.2246283032602664,732.3133544921875,659.034912109375
353,38.182113314787834,0.9894838834909955,4.0622382164001465,1.4105230569839478,0.2240185344616518,158.60874938964844,163.77149963378906
354,43.7655047369298,0.9958823735530654,0.21469144523143768,0.7086960077285767,0.2677710092983456,72.54875946044922,71.49817657470703
355,34.06603994589649,0.9598318484906873,161.70252990722656,5.7499823570251465,0.2605825912151505,599.9806518554688,642.77685546875
356,39.83354157577904,0.9930328359083495,0.07829298824071884,0.22558212280273438,0.24701183273545002,27.608251571655273,27.484798431396484
357,33.9283447200356,0.9796630277752999,137.15187072753906,6.604597091674805,0.26621014625253714,531.40771484375,586.1898193359375
358,34.00306172070232,0.9683656341120431,335.8847351074219,7.712185859680176,0.30562384730872755,818.6421508789062,940.2900390625
359,40.580787584620914,0.9778306293921205,29.007314682006836,5.212864875793457,0.2337565125498621,576.5259399414062,575.898681640625
360,40.36025017962185,0.9928604838956374,13.903515815734863,3.236635446548462,0.19281790372509877,368.6622314453125,388.7817687988281
361,29.351532436400554,0.896096850623318,438.0928649902344,5.327597141265869,0.45541029731381893,325.0448303222656,643.6449584960938
362,41.36492047427781,0.9870867228790948,15.369665145874023,4.39826774597168,0.22141193234329545,475.3305969238281,458.7946472167969
363,40.43927826759828,0.9881186488981217,26.92721176147461,4.255649566650391,0.21937265323880156,526.2282104492188,546.0711669921875
364,44.127454415543774,0.992447395212141,34.25154495239258,6.901806831359863,0.23656274343282888,906.7694702148438,941.5233154296875
365,37.893929060926624,0.9888767157330478,22.868188858032227,3.3960442543029785,0.2833052035737611,373.435791015625,386.7165222167969
366,41.168409270712246,0.9950656152269789,70.02529907226562,10.475207328796387,0.2509629650402221,948.9473266601562,961.2293701171875
367,39.660070150405346,0.9882782260177059,88.38404083251953,8.642592430114746,0.22632644787277242,936.099365234375,905.4453125
368,38.44961305490817,0.9869578556533445,5.513676166534424,1.992580771446228,0.22346054360187778,193.8617401123047,196.5953369140625
369,35.98853537476216,0.9761291065236979,1.2399958372116089,0.6750990748405457,0.21431239772088762,67.60535430908203,70.29193878173828
370,40.24577530728064,0.9868262384329048,0.9757936596870422,0.9124297499656677,0.24769069782968417,98.61824798583984,101.6772232055664
371,32.93128762636942,0.9748625031473467,0.1602470874786377,0.19972263276576996,0.20555272255384452,18.516538619995117,19.203603744506836
372,35.691631726782354,0.9858620260276046,2.2622013092041016,0.9937518835067749,0.15670124316270023,120.3512954711914,95.34851837158203
373,42.87746428902736,0.9869580543816274,24.02480125427246,4.935768127441406,0.2091618431806034,681.2564697265625,683.3237915039062
374,32.599268142011866,0.9706085759865734,2.710693597793579,0.5291957259178162,0.26525003439879874,60.57706832885742,72.11746215820312
375,36.06997669606325,0.986939888036165,25.014545440673828,2.766780376434326,0.24351261076842237,347.2536315917969,319.6566467285156
376,40.55761120517089,0.983463091193338,61.95903778076172,6.141894817352295,0.22143029419834556,866.2269287109375,845.0304565429688
377,31.322141134111,0.9379647594075977,0.4238319396972656,0.207349956035614,0.3101577670652161,21.00806427001953,24.2486629486084
378,27.54557341693529,0.8976786630574164,1113.41455078125,7.700613975524902,0.35532158814813186,466.9622497558594,814.6539916992188
379,35.7896651118238,0.9774611653958065,21.02449607849121,2.559587001800537,0.16817967433473666,276.1905822753906,282.5729064941406
380,30.832503410093576,0.9731067415053877,11.509105682373047,1.6634190082550049,0.21177385927849013,139.5359649658203,119.04666137695312
381,42.19685195046945,0.9886749732635831,28.801494598388672,8.302474021911621,0.18430098636998968,742.0848388671875,697.0404052734375
382,30.356990233035617,0.9773092726927916,362.18701171875,7.705206871032715,0.2265896333960892,600.3740844726562,629.3139038085938
383,32.67658253412054,0.9798075354997342,384.8746337890625,6.622650146484375,0.3783212490209352,706.3931274414062,877.5945434570312
384,39.42057798583597,0.9837334941999585,61.71672058105469,7.066136360168457,0.2143445915929444,704.4036254882812,735.3359985351562
385,40.82433335988635,0.9909393902871877,53.26387023925781,7.025035381317139,0.19088925738916446,794.661865234375,803.6774291992188
386,41.715449456318716,0.9948907624795587,5.329322338104248,2.3640527725219727,0.23068495448944037,283.0334777832031,282.7525329589844
387,40.232805552913035,0.9763721159983223,2.9960777759552,1.6759698390960693,0.19742380360898815,190.57017517089844,178.26210021972656
388,28.944793709075217,0.959765013987804,711.6982421875,10.288766860961914,0.18508965367276253,1055.9432373046875,750.8641357421875
389,41.34125898122912,0.9933022164554173,47.39802169799805,8.403807640075684,0.10707753083787444,854.19482421875,807.0278930664062
390,42.13710716958151,0.9943236980675667,59.926673889160156,7.328264236450195,0.1736631293006224,945.12744140625,990.5146484375
391,32.96629046884541,0.8873331712172496,85.99404907226562,6.205107688903809,0.1451294614085223,739.6295166015625,413.2050476074219
392,38.80073175119299,0.990220047433556,18.265623092651367,3.5533390045166016,0.21206186776750782,399.4637145996094,372.64605712890625
393,37.875797858922006,0.991348824557013,94.30943298339844,7.7710041999816895,0.16855991675502072,864.9991455078125,776.6365356445312
394,32.370629878773364,0.9566395374556083,67.36193084716797,2.923060655593872,0.2718173199696116,271.1075744628906,341.4627380371094
395,28.60964186282154,0.9483565597403776,1170.126953125,15.639627456665039,0.23876804305888868,665.3995971679688,930.8265380859375
396,43.27443584557433,0.9883797488591496,34.46818923950195,6.276456832885742,0.15166465919374505,890.4817504882812,858.5543212890625
397,30.684657013798397,0.9487928321394759,155.84909057617188,4.5924763679504395,0.2852318715044497,347.03369140625,429.5650329589844
398,31.786979785550695,0.97005845527131,371.59765625,4.70784330368042,0.3936955702150621,536.8350830078125,751.1201782226562
399,40.0119158856367,0.9901643351135608,56.747371673583984,4.940165996551514,0.2406532744920657,817.8507080078125,754.788330078125
400,40.192466367018156,0.9825568942677987,1.033953070640564,0.6624019742012024,0.24595488144822886,105.02793884277344,104.02074432373047
401,32.52006000423374,0.9541478543049152,372.6162109375,5.405869483947754,0.32940874720544017,578.9697875976562,902.6503295898438
402,33.39813459201683,0.9492064507983786,111.36810302734375,3.593646764755249,0.2862107731172826,426.9649658203125,505.74713134765625
403,28.8362988045326,0.9171779938311276,889.9662475585938,12.482426643371582,0.291294543859977,695.6654663085938,826.6309814453125
404,33.77788671196178,0.9472428785927278,43.08803176879883,3.254425048828125,0.26976152335745834,281.8577575683594,320.72955322265625
405,37.28533661728396,0.9777232204612932,149.72227478027344,11.572052001953125,0.17597821160976737,1014.2669067382812,895.627685546875
406,35.35657758520381,0.983012644745125,44.147987365722656,4.425266265869141,0.18987415907747462,462.3194885253906,389.8124694824219
407,39.59978734801345,0.9833028763686418,0.015319488011300564,0.1313905566930771,0.24579220379049305,12.200562477111816,11.826813697814941
408,27.302564797738803,0.9143630980687711,1391.596923828125,8.068760871887207,0.37709558374620095,621.831787109375,905.4766235351562
409,38.90330627925691,0.9866008748395524,1.083010196685791,0.607305645942688,0.2605383233436947,77.10371398925781,92.19538879394531
410,41.75072860022575,0.9912507393165761,6.837052345275879,2.071593761444092,0.2524801650398755,319.0812683105469,319.99432373046875
411,38.54638744868656,0.9648012336347371,124.38286590576172,7.986220836639404,0.20746145991745737,975.9546508789062,950.1118774414062
412,38.283764348879636,0.9788110000461001,134.0386505126953,8.263471603393555,0.22942002414854715,952.5595703125,950.6565551757812
413,40.609871459210616,0.982369319019672,28.605045318603516,5.128896236419678,0.2311018865809511,559.7361450195312,573.8644409179688
414,42.30657172645099,0.9893059413899332,23.453588485717773,4.495643138885498,0.2552774090211198,648.4092407226562,632.2053833007812
415,41.814055652213746,0.9935098774692714,13.269547462463379,3.511880397796631,0.17667774635642236,438.2112731933594,448.9970703125
416,33.61395017530556,0.9784371277280882,37.33249282836914,3.626204013824463,0.1535544553785284,333.64215087890625,293.9175720214844
417,36.16963170242925,0.9889034433722865,25.61754608154297,3.6324968338012695,0.2728861706360772,386.38531494140625,329.33587646484375
418,34.54297156479458,0.9819490883741585,158.15774536132812,6.838627338409424,0.1967937831057303,623.197509765625,672.845947265625
419,31.097475601635324,0.92728546091093,439.5085144042969,26.077659606933594,0.24489615587879562,688.32275390625,752.6221313476562
420,39.00604275796855,0.9823235672263292,78.7241439819336,7.22977876663208,0.19461446614080358,850.5440063476562,791.7874755859375
421,34.66884907120026,0.9596990651390501,209.27537536621094,9.180177688598633,0.14859248722363702,1019.0111694335938,789.8285522460938
422,42.20960382254263,0.9941148428232923,0.5098793506622314,0.6897996068000793,0.20871191405638853,87.77642822265625,92.11489868164062
423,34.0087416179891,0.9828410128168031,96.97315216064453,5.535093784332275,0.18694760474964767,611.8001098632812,494.9258728027344
424,37.51750327230415,0.9863535976508331,0.6037974953651428,0.45941051840782166,0.22797976449375346,51.97698974609375,58.50120162963867
425,37.36732807013407,0.983033340397388,54.25812530517578,4.532424449920654,0.22613242411738207,522.4326171875,549.9793701171875
426,26.458463574558003,0.9214448658951295,425.2978820800781,4.641129493713379,0.2543328425906075,327.68145751953125,442.0889587402344
427,39.15949562933534,0.9754197225512858,95.43594360351562,9.033775329589844,0.20703249524471679,842.0552978515625,887.8164672851562
428,43.43206323167532,0.9866513341388466,5.576527118682861,3.1255269050598145,0.2791816488876613,361.73992919921875,351.5640869140625
429,35.88884074069526,0.9621034371517637,3.488884687423706,1.2545744180679321,0.1845320069634714,128.758544921875,117.949951171875
430,41.58238704835529,0.9832496734718543,1.4258990287780762,0.9047049283981323,0.19830847678220323,136.79566955566406,143.84869384765625
431,40.92259694263603,0.9939519171252216,44.326725006103516,7.382887363433838,0.19735032301578417,835.441650390625,761.7491455078125
432,40.27616789895853,0.9894479216682899,35.833824157714844,5.27283239364624,0.27152661366658776,596.5083618164062,618.599853515625
433,32.665749234345554,0.9505596796456259,5.517355442047119,1.3635308742523193,0.12199704593760638,152.49685668945312,102.02155303955078
434,36.52270423299119,0.9781786561842674,1.6093709468841553,0.7159452438354492,0.26655906504694876,79.3274917602539,85.02269744873047
435,32.793207905189796,0.9694533224368489,256.7440490722656,9.017166137695312,0.15403268922684615,971.96630859375,701.2681884765625
436,39.453103518210284,0.9897121474439022,0.610949695110321,0.8885454535484314,0.25553166477872286,72.416748046875,73.69024658203125
437,36.68142655267491,0.9892622618191136,142.05020141601562,6.71781587600708,0.28346054346335975,819.6467895507812,822.0382080078125
438,40.74667299813519,0.9882483446222833,42.000587463378906,4.928389549255371,0.2315408061720395,702.9401245117188,706.5360107421875
439,39.03708653491123,0.9813290812897855,0.8416059613227844,0.8560541272163391,0.21930628175591138,85.74864196777344,82.2674331665039
440,37.74184043372312,0.9802215458715663,1.235080361366272,0.8279882073402405,0.16437022843882804,79.60774993896484,85.75287628173828
441,39.7949716499194,0.9886819287073502,102.0302505493164,8.193623542785645,0.27313473102380154,937.2936401367188,986.6529541015625
442,39.97965511402862,0.9869152603226918,14.093300819396973,4.026629447937012,0.23721139760274584,403.0592041015625,374.8965148925781
443,38.33591083428416,0.9833857303002793,19.8813419342041,3.7876644134521484,0.2960766674958675,341.4147644042969,371.2715148925781
444,41.14455204333325,0.9921701238927949,50.75090026855469,7.220610618591309,0.24661214800303322,797.0813598632812,812.9867553710938
445,40.690142239141224,0.9910135210267776,76.37484741210938,7.9944305419921875,0.2929317558800752,889.8744506835938,947.3013305664062
446,37.74324457658581,0.9883524514234964,163.2474365234375,9.667529106140137,0.2166511473376064,1118.960693359375,986.0150756835938
447,29.4966626109835,0.9302622800932234,590.4349365234375,4.938069820404053,0.3583277578765477,531.664794921875,753.6248168945312
448,39.61468722675931,0.982847339336225,13.884744644165039,4.176535129547119,0.238373382562978,365.16387939453125,376.8833312988281
449,39.18763602836462,0.9812974247339463,0.7855222821235657,0.8417356014251709,0.21627989793528088,84.48606872558594,84.4172134399414
450,40.01520949932796,0.9886221129397244,60.194095611572266,5.473019123077393,0.30628954978686085,757.773681640625,777.3697509765625
451,40.36420041081271,0.9938485365134152,28.538311004638672,4.000222206115723,0.263759573677462,532.178955078125,558.8458251953125
452,23.856768940123697,0.8812747597385112,740.1083374023438,10.397250175476074,0.10070649912819829,738.3643188476562,424.79779052734375
453,29.34209278728617,0.9524320029529625,950.3806762695312,10.526747703552246,0.2535583182831028,764.6851196289062,906.4480590820312
454,35.15907168685824,0.9830586685423266,3.7429795265197754,1.109845757484436,0.1949829104075396,130.457275390625,112.08628845214844
455,33.04103874969782,0.9749319803957722,120.17984771728516,4.148158073425293,0.2408667537962608,435.5771484375,493.1324768066406
456,34.98460629550554,0.973923540059996,0.04783003032207489,0.11769416928291321,0.1964164713056605,13.715262413024902,12.342290878295898
457,37.748567720874675,0.9827550115876892,31.66555404663086,4.365921974182129,0.22050976483657897,471.9709167480469,469.1919860839844
458,45.0141892146945,0.9950169731004566,0.10310802608728409,0.42882809042930603,0.24427292841837842,58.503116607666016,57.246971130371094
459,37.89747899814485,0.9749877834375429,2.321321725845337,1.1598442792892456,0.2178563692615159,123.13725280761719,119.6990966796875
460,35.316042986857596,0.9775061056679124,4.090139865875244,1.306593894958496,0.33561323967360224,115.43558502197266,118.40872192382812
461,37.99842706435833,0.9697914474458271,66.82649993896484,6.1531291007995605,0.24068883123683815,627.539306640625,649.5610961914062
462,26.39626378339932,0.8875007059077491,1253.2825927734375,13.746577262878418,0.21712005887946045,562.3827514648438,746.298828125
463,30.678741905013073,0.926378519673158,289.1218566894531,6.750716209411621,0.31752783547376284,500.8892517089844,583.785400390625
464,36.72017459996424,0.9814967912140277,164.98143005371094,9.613361358642578,0.265566843949964,767.6648559570312,962.2103881835938
465,29.553381459170822,0.9685500343286955,152.97793579101562,5.379533290863037,0.10033960807787543,586.6114501953125,375.4956970214844
466,36.2170373058741,0.9799935498166257,19.297590255737305,3.2436141967773438,0.17043319092601733,365.3277893066406,286.4263610839844
467,34.503059354444446,0.9833803235930924,267.1322021484375,9.162174224853516,0.20422013050567608,771.9652709960938,868.7305297851562
468,33.48435551848398,0.9620266950567194,22.38088607788086,2.0383236408233643,0.2702094777482872,207.72950744628906,224.3722381591797
469,33.778942905687344,0.9716433518103894,360.9299621582031,6.85548210144043,0.3208052549928277,518.9725952148438,963.2593383789062
470,32.517754561247855,0.9507811405802659,0.09535376727581024,0.10617314279079437,0.27417233175595895,10.624364852905273,13.14232063293457
471,42.42464989513547,0.9955735069125798,53.63842010498047,7.46210241317749,0.1665190994141348,958.159912109375,969.908935546875
472,31.116515465384083,0.9737002694569874,1.3997316360473633,0.3360953629016876,0.4521215206236946,36.166358947753906,44.11675262451172
473,30.887321089762768,0.9368183889211962,641.6640625,8.869407653808594,0.2715826182454442,819.7479248046875,891.251953125
474,36.46780332248724,0.9679747429533148,62.78868103027344,4.217298984527588,0.2848999456350162,516.7753295898438,528.1734008789062
475,38.10316708951857,0.9639017026721508,143.3363037109375,9.04163932800293,0.2517124025573556,1028.2647705078125,992.9718017578125
476,37.620743302393606,0.9856373579140418,0.953352689743042,0.7238515615463257,0.289372444371053,75.58667755126953,74.72277069091797
477,39.00097313115876,0.9894395199968596,34.79547119140625,5.1313300132751465,0.17984009754206612,588.23779296875,554.3004150390625
478,43.54215231939945,0.9928453814534334,41.5316276550293,7.444839000701904,0.24930619217898797,929.5044555664062,969.333251953125
479,42.97641936876043,0.9941020160298353,13.79118824005127,4.250572204589844,0.27682459873350124,527.2498168945312,523.5747680664062
480,37.54185765056849,0.9543978373440304,69.73085021972656,5.134060382843018,0.27075249380218336,604.0916137695312,629.7692260742188
481,36.304932011623535,0.9864461663399196,112.31182861328125,5.553811073303223,0.2727930035447831,616.96630859375,696.0529174804688
482,43.414088845425525,0.9912177933258907,9.42211627960205,3.519594430923462,0.2593358885533527,457.3858642578125,455.0865173339844
483,38.49657913347516,0.9874394506339073,55.06471633911133,6.488306522369385,0.2521628882662375,716.9955444335938,627.9305419921875
484,31.955300350969935,0.9762850445921084,217.3839111328125,7.671580791473389,0.20910897440919277,708.9800415039062,584.72998046875
485,39.65412553269748,0.990546818549665,86.6048355102539,10.09060287475586,0.21161125340310546,991.8353881835938,901.2568359375
486,37.36313065307792,0.9935047570827452,0.38561177253723145,0.41707077622413635,0.1909896112819866,50.941856384277344,46.40093231201172
487,32.71347698355236,0.9708843754048933,41.921119689941406,2.1526694297790527,0.29598281117626457,225.69639587402344,281.6822204589844
488,36.76698659505996,0.9806245528968864,189.70098876953125,9.278326988220215,0.261910980642538,914.7550659179688,950.4610595703125
489,25.313167048633083,0.8946768230421255,2288.79296875,12.635688781738281,0.3140618357031508,565.9193115234375,890.37353515625
490,38.313034805408826,0.9892172833406765,27.74237060546875,4.546521186828613,0.21941677471460624,476.8609619140625,456.20111083984375
491,31.985871884568272,0.9699858558297896,242.9829559326172,8.825593948364258,0.2091941902049638,552.0399169921875,620.512451171875
492,35.665232548049836,0.9585954360394778,20.96073341369629,2.427872657775879,0.2255506345507266,257.558349609375,278.1037902832031
493,41.92493512203264,0.9920501268100689,2.28993558883667,1.7735519409179688,0.18828279091669278,182.11151123046875,188.93304443359375
494,46.30673228129772,0.9978805912660494,5.037475109100342,3.011415719985962,0.21032050729315943,457.6218566894531,464.2347106933594
495,42.124064794883196,0.9952607169608951,7.666001319885254,2.2707531452178955,0.20206349057137424,370.09332275390625,353.9988708496094
496,27.378759816243946,0.9416668074065194,540.1826171875,4.914599418640137,0.3854247114558476,299.9598693847656,584.0724487304688
497,34.401038078783145,0.9804771715550231,2.172015905380249,0.6398670673370361,0.27819861106707106,70.49813079833984,78.65690612792969
498,34.3339651943826,0.9558465693172902,349.3537292480469,11.492593765258789,0.21205924367669876,1061.331787109375,974.42041015625
499,30.468881982695862,0.9753763915738332,863.5856323242188,14.308001518249512,0.18986008451719852,1437.565673828125,986.2245483398438
500,39.020542195059505,0.9861005730427209,59.291473388671875,6.838647842407227,0.2063369931336429,757.2552490234375,698.4635620117188
501,40.4856699536066,0.9895126109152755,25.722475051879883,5.196322441101074,0.1898096688908228,564.6544799804688,536.5602416992188
502,27.761668421243975,0.9369604550822234,149.27169799804688,2.333102226257324,0.44297416824931324,156.79986572265625,310.21807861328125
503,37.73934523605983,0.97500258650327,111.33191680908203,7.469762325286865,0.24730784943406392,834.1137084960938,813.981201171875
504,35.526401716299546,0.9882017114152604,129.8480987548828,7.276030540466309,0.17817930409906071,822.8903198242188,685.0464477539062
505,43.76260812368291,0.9964044004278901,1.1212961673736572,1.3623642921447754,0.21352417828374232,165.40426635742188,163.45431518554688
506,38.95245910482566,0.9895483082231477,104.85067749023438,9.095369338989258,0.24868658840965271,968.6236572265625,911.0162353515625
507,39.459921926054065,0.9914649579178069,73.69210815429688,5.98805046081543,0.22083889575179225,927.2450561523438,822.7147216796875
508,28.398082086821045,0.9430469250262276,1281.182373046875,9.986310005187988,0.4016295217871573,650.5672607421875,949.85009765625
509,39.619912665987144,0.9687727493367574,56.98908996582031,5.824487209320068,0.2485481721491388,719.318603515625,725.9937744140625
510,27.19854641313821,0.8858320892426128,646.55126953125,5.922534465789795,0.29061917727463704,403.99176025390625,613.8017578125
511,33.511598706298045,0.9731189404509508,77.77584075927734,5.01107120513916,0.20671931385435655,379.3695068359375,418.8247985839844
512,27.341816820055023,0.8940128569514455,1366.341064453125,8.582039833068848,0.3150734034909524,573.9900512695312,932.7957763671875
513,42.75841533185313,0.9867595594580082,39.5550651550293,7.929746150970459,0.23657058774410142,926.0956420898438,866.1978149414062
514,42.69191988826341,0.9797935779557263,0.11450401693582535,0.35791394114494324,0.2846064825068156,46.50553894042969,46.1734504699707
515,35.49518369257316,0.9849001700664083,0.2041493058204651,0.273477166891098,0.18289867123018186,34.08960723876953,27.340606689453125
516,34.154724454041855,0.9704952874020034,52.384517669677734,3.756131649017334,0.21688251645438472,334.7275695800781,377.0869140625
517,39.83804330163699,0.9895842498085693,63.38931655883789,7.249884605407715,0.24706292425873883,908.3602905273438,810.7427978515625
518,41.156887618111256,0.9889977000599921,71.9915542602539,10.53256893157959,0.11798043715598391,1067.9100341796875,987.2888793945312
519,29.31776444789286,0.9414698811357513,22.378908157348633,1.338950753211975,0.38440583268468725,110.2004165649414,151.2664794921875
520,39.22625238462053,0.9906127089317369,41.858211517333984,5.359585285186768,0.3227831618379412,554.0349731445312,594.5365600585938
521,37.77802158433123,0.9636235293097049,24.264211654663086,3.738339900970459,0.25466398271101437,370.3558044433594,381.5099792480469
522,31.75447911841648,0.9313616684709567,627.2333374023438,14.375672340393066,0.15275636895199465,1615.608642578125,969.9444580078125
523,28.773694037205875,0.9205518109640789,566.3792724609375,6.4881792068481445,0.2862570453380005,541.79638671875,842.2767944335938
524,40.8908058516912,0.9901277893314174,57.24856185913086,6.848750114440918,0.2523138427725439,875.4352416992188,838.4903564453125
525,36.99868287653394,0.9907326703224143,41.69667434692383,3.466128349304199,0.24459072907442478,456.1497802734375,469.2244567871094
526,30.434731450597234,0.9201511674098309,155.19198608398438,3.840301275253296,0.257324131028952,362.50225830078125,415.4046936035156
527,27.62223888803184,0.8862312813918996,128.53408813476562,2.7497527599334717,0.2254159648260772,230.98110961914062,274.1336669921875
528,35.816012153281605,0.9841236310047016,0.8451747894287109,0.6077936887741089,0.19869368023725048,72.42909240722656,57.319122314453125
529,42.44806062616956,0.9961876302988291,42.53523635864258,6.666140079498291,0.27861088984230187,855.0325317382812,864.857666015625
530,33.78286992702663,0.9835713275076804,271.767578125,7.848851203918457,0.24549559078695055,692.4435424804688,813.088134765625
531,45.09611974504602,0.9922537026144526,30.88503646850586,6.75685977935791,0.22138160730369494,1016.742431640625,999.7179565429688
532,39.588511936463874,0.9867060232150173,108.69309997558594,10.601428031921387,0.26140047607450645,971.1532592773438,996.6401977539062
533,31.143694206781444,0.9751869439463621,235.16261291503906,5.6723952293396,0.2364548152770977,462.8869934082031,555.8762817382812
534,32.51067778009733,0.9607796713217739,330.69219970703125,11.083638191223145,0.17418729421509133,683.2479248046875,769.2184448242188
535,32.073699284222876,0.9588818363903016,461.12652587890625,3.8210909366607666,0.5349854302739031,407.46026611328125,944.8209838867188
536,38.1235536192562,0.9811437713257176,111.0022964477539,8.893680572509766,0.26771584384311325,907.203125,849.7977294921875
537,42.97785339179444,0.9865170296193153,3.099198579788208,1.8017024993896484,0.2258277454269753,247.50436401367188,248.1007537841797
538,38.55777985550774,0.9858021166702297,28.18001365661621,3.5353190898895264,0.2768851805079748,388.0286560058594,451.0935974121094
539,30.64282147412435,0.9439907756829163,14.51736068725586,1.996386170387268,0.12704718593141673,199.87794494628906,130.03025817871094
540,24.65310721800465,0.8570952470924273,3022.05224609375,8.276341438293457,0.38662436477380097,513.8699340820312,954.0969848632812
541,39.47749808575365,0.9892881098361945,41.26974868774414,5.465056419372559,0.17668190311046816,724.674560546875,606.5684814453125
542,28.58670105519078,0.9180731062841735,72.34809112548828,2.2156131267547607,0.33497246497532834,162.37420654296875,229.41416931152344
543,30.821806380545095,0.9502593720076131,369.2485046386719,6.681077003479004,0.33292106130061644,536.7525024414062,672.0289916992188
544,42.25060783883947,0.988355882396639,22.763370513916016,4.685146808624268,0.27250784486438956,635.2006225585938,618.5101318359375
545,34.2492890193965,0.9461042083054012,47.92866134643555,3.9791717529296875,0.2263583462159062,344.63604736328125,358.8045654296875
546,38.94821200440908,0.9847211592337665,1.6480382680892944,1.0729948282241821,0.18847745251252526,110.96186065673828,114.44403839111328
547,29.61707374589124,0.9421077147868661,471.7002868652344,6.455716133117676,0.23491333751177504,526.63671875,671.901611328125
548,34.35583130156954,0.9807733880477055,97.05490112304688,3.6910483837127686,0.2770369929429603,390.14019775390625,520.7874145507812
549,39.46453786879752,0.9841715960126174,66.46403503417969,8.363320350646973,0.21596807607245908,775.3837890625,772.5460815429688
550,32.560773750178456,0.9559027799573353,146.4958038330078,4.020071506500244,0.24838928091958198,379.7315979003906,520.643310546875
551,33.28179166347742,0.9718193177814269,275.90350341796875,9.84152603149414,0.16820949316747347,950.0678100585938,852.329345703125
552,39.675805385929124,0.9870414355437207,32.867897033691406,4.519352436065674,0.25019541791569383,542.1292724609375,552.3549194335938
553,33.34701372573499,0.9773094764880844,117.68785095214844,3.2375025749206543,0.28409230029086635,368.6769714355469,561.3770141601562
554,30.469568046424556,0.9594415472205287,634.335693359375,6.833343029022217,0.40326772126215166,569.8915405273438,876.7769775390625
555,38.24993206797256,0.9882574102334809,24.397218704223633,3.6160616874694824,0.21625482283759043,390.6656799316406,404.0793762207031
556,34.8324770373645,0.9904664216026802,5.951148509979248,1.327309489250183,0.14235051254142617,157.65744018554688,134.88121032714844
557,26.615796075769026,0.807499125234967,1.8857076168060303,0.3285757005214691,0.3251328545021829,21.561569213867188,29.75389289855957
558,43.30310540273246,0.9943833098938099,26.643720626831055,4.735391616821289,0.2080271850761263,789.4426879882812,755.3821411132812
559,38.971581008112906,0.9912484178263828,48.7838249206543,4.948847770690918,0.25522571276973754,583.6734619140625,620.6892700195312
560,41.40995711991634,0.9967576671772328,35.822975158691406,4.639197826385498,0.2266432265086731,706.0484008789062,704.3756713867188
561,32.549105792202894,0.9787378805863476,25.02557945251465,2.341156482696533,0.2804405268266225,171.04736328125,213.75119018554688
562,37.92232706921342,0.9879650777000146,2.919396162033081,1.320273995399475,0.21213842569045127,153.30032348632812,137.235107421875
563,38.661397340963724,0.9861437640661302,0.03279442712664604,0.16809453070163727,0.24412052742422685,16.358036041259766,15.530120849609375
564,36.770982094765266,0.9858201701882208,25.92489242553711,2.418870210647583,0.284197728694356,330.19580078125,351.2369689941406
565,33.014067082985406,0.9850892701231412,167.9600372314453,5.095170497894287,0.22426489465062432,523.0399169921875,590.3277587890625
566,32.80840619458003,0.9646039070683352,56.667240142822266,3.8976008892059326,0.1556182374679088,600.533447265625,392.851806640625
567,39.86318473199998,0.9856848851522917,19.7965087890625,3.6511924266815186,0.20309420703416578,465.425048828125,438.0374450683594
568,25.929888537955847,0.8832926877012133,2023.135498046875,10.87464714050293,0.4102909685038774,524.2984008789062,904.2545166015625
569,43.26468429483696,0.9832561464040273,5.739676475524902,3.3761672973632812,0.26877854918601923,352.7994079589844,348.9072265625
570,36.47923341926771,0.9861987971146163,58.20465087890625,5.238101959228516,0.210886864187009,461.771728515625,514.4755249023438
571,45.36366490575326,0.9887048360979102,17.81299591064453,5.519776821136475,0.2798915488528296,778.0507202148438,783.869384765625
572,33.637117346083585,0.9763330032826009,58.940704345703125,3.0154664516448975,0.3181111735973218,282.3431091308594,397.146240234375
573,35.80315817475819,0.9811182892482471,101.52688598632812,5.730894565582275,0.24309464274701853,558.197509765625,622.464599609375
574,34.12876966890197,0.9829732881180396,282.428955078125,6.495628356933594,0.3129479134698783,759.9271850585938,862.5013427734375
575,37.143365548776956,0.9767676078559691,174.0132598876953,14.883567810058594,0.21587471579802903,917.0780029296875,949.5711059570312
576,36.45046197874953,0.9854175593277249,4.949188709259033,1.0065922737121582,0.22616180322372278,126.92485046386719,147.92640686035156
577,28.56339210958815,0.9333440656663218,1144.24755859375,10.201054573059082,0.25671784804199554,652.0179443359375,926.6610107421875
578,31.943946121749143,0.9280561513514465,154.22596740722656,6.102212905883789,0.18647603487668438,635.9249877929688,492.6241760253906
579,28.793601169367058,0.9557514278327718,87.92130279541016,2.5621583461761475,0.2995836019088204,204.36390686035156,258.98614501953125
580,41.60563873586163,0.9943834887538778,14.5800199508667,4.607855796813965,0.15899524439216625,488.79638671875,459.6766052246094
581,44.08121842902667,0.992893696431036,37.51991271972656,6.738020420074463,0.23902594514256656,1002.9259643554688,980.0525512695312
582,24.339787249934087,0.7880238713557838,885.5092163085938,22.570987701416016,0.28862477372376494,329.07958984375,493.12548828125
583,49.26034620572722,0.9967128847436393,1.285787582397461,2.3071327209472656,0.20208768287810303,340.4206237792969,329.4228515625
584,33.732550245662935,0.966163831291061,168.68927001953125,8.458564758300781,0.24370414910510127,590.9212646484375,633.7674560546875
585,39.017805159129146,0.9893553115512073,6.902092456817627,2.240550994873047,0.12235337583720952,283.483642578125,240.9054718017578
586,30.322353625239906,0.9586775165485647,5.458895206451416,1.225521206855774,0.19411373897614834,96.697509765625,76.78746795654297
587,43.71848369625579,0.9942278956727224,0.7142964601516724,0.884846031665802,0.18853735646970876,136.69813537597656,129.75083923339844
588,36.04417031865134,0.9875387935692558,4.121367931365967,1.2549607753753662,0.2302410245332805,140.64259338378906,128.91778564453125
589,38.236183774970776,0.9873758402217653,3.339926242828369,1.5112618207931519,0.13934539456973077,238.48501586914062,152.75079345703125
590,37.615917920668,0.990450730679943,3.267789840698242,1.2704389095306396,0.18852341044569892,126.6391830444336,139.68833923339844
591,34.43296014020558,0.9824203033811414,142.57037353515625,4.37938928604126,0.28390105945566774,462.2015075683594,641.23388671875
592,30.54166716322832,0.9722742299761689,27.9379825592041,1.4960048198699951,0.3516102658590777,143.20330810546875,182.69821166992188
593,39.639558326831896,0.9869490915253928,13.014453887939453,3.6523520946502686,0.2875462006709312,352.91217041015625,346.3216247558594
594,40.18070283123129,0.9785899716295817,76.46149444580078,7.525177478790283,0.30936680833822794,897.83203125,896.8916015625
595,40.207425088647085,0.9851483490291149,20.9365234375,4.916323184967041,0.19418144366171372,541.2051391601562,474.4876708984375
596,36.10804926023654,0.9791027142351995,108.1858901977539,5.912790298461914,0.2718010567520321,660.3046875,667.8901977539062
597,44.79612732513733,0.9888869362534384,0.9918560981750488,1.1436275243759155,0.24712183610587093,172.61781311035156,173.14755249023438
598,40.924063227537495,0.9940597955348937,3.011652946472168,1.4792181253433228,0.25009984378125033,194.01341247558594,193.0967254638672
599,45.557210627258186,0.9956600314969248,0.04865189641714096,0.3245784342288971,0.20126311803037475,42.154808044433594,41.8277473449707
600,36.55322201247252,0.9821868478113899,6.355617046356201,1.5148996114730835,0.20217623955828906,159.03292846679688,169.76612854003906
601,40.389877101910926,0.9873655173616144,7.130956172943115,2.7177066802978516,0.18930219625677047,293.8182373046875,279.3117370605469
602,29.723853996025255,0.9238021690456122,28.884668350219727,1.3468788862228394,0.4605219382420142,62.38703536987305,177.83348083496094
603,47.97169123963443,0.9976682123046664,0.12793377041816711,0.6418903470039368,0.21299854257154968,92.03883361816406,89.61383056640625
604,41.94090598635448,0.9886135202904603,0.9160540699958801,1.104718804359436,0.28997115429761994,131.94338989257812,121.5152359008789
605,31.370771903861765,0.952568174677183,154.2861328125,4.957469940185547,0.22748391650018096,355.1829833984375,461.3179931640625
606,45.661770403055115,0.9969591622628171,1.162643313407898,1.5623303651809692,0.21938363463811722,201.65286254882812,207.12738037109375
607,42.02359158625876,0.9899470622663773,8.313863754272461,3.526197910308838,0.21883909498828805,383.5035400390625,364.90557861328125
608,39.77425252308069,0.987725952330696,26.68874740600586,3.802785634994507,0.22234884715655287,519.55224609375,503.9138488769531
609,46.23258313443824,0.9932095970962316,11.342905044555664,5.338128566741943,0.21664841845474045,717.3866577148438,690.7044067382812
610,30.89137834879445,0.8871871856818796,1.3203718662261963,0.5870398283004761,0.16670236177639747,58.45729064941406,40.2728271484375
611,39.17670509907994,0.9812306462334406,76.08509063720703,7.254058837890625,0.26023983555413255,839.3482055664062,799.6109619140625
612,35.57789999795545,0.9878971757073152,108.59170532226562,5.8233771324157715,0.22080825438422444,555.2432250976562,628.2724609375
613,28.200264589001893,0.8493710055238359,10.267184257507324,0.7841595411300659,0.313679895522703,54.05852127075195,82.67727661132812
614,38.379016392504774,0.979955726548245,110.21411895751953,8.251235961914062,0.21534519870377095,875.6243896484375,873.7050170898438
615,31.51242850441317,0.9639379992712024,585.9360961914062,8.35488510131836,0.280926707224418,790.5614624023438,920.9515380859375
616,37.43751396310047,0.9907194342468053,0.651912271976471,0.5629162788391113,0.21256101274668954,60.83014678955078,62.01688003540039
617,32.95299775895532,0.9774190722450506,38.7334098815918,2.6349923610687256,0.2722715261578487,232.01858520507812,277.60076904296875
618,23.095420723755005,0.8353619381264707,3098.25048828125,9.70077896118164,0.6076372930888325,403.5230407714844,806.3950805664062
619,30.429189943622276,0.9356659221221665,495.3276062011719,4.829648494720459,0.30341961041176174,532.8235473632812,748.5114135742188
620,32.68120495352891,0.9669852791924963,18.49366569519043,2.054431200027466,0.22094656303430568,164.60211181640625,185.3365020751953
621,28.55325816610918,0.9120071668503996,57.399375915527344,1.5306733846664429,0.3835743487416877,138.35122680664062,210.1399688720703
622,43.11258531096168,0.9956252722855815,6.7243781089782715,3.249169111251831,0.3783788919542231,365.3634948730469,371.10162353515625
623,29.86248213092847,0.9474517050419307,239.25709533691406,3.734675884246826,0.40754116764175286,398.68603515625,485.0384521484375
624,39.92521139835826,0.9942894395905998,38.735355377197266,5.811858654022217,0.18025297996036338,655.7987060546875,618.6365356445312
625,37.51229135571113,0.9794111273052523,23.90903663635254,4.125276565551758,0.2052366627875084,387.42657470703125,369.54473876953125
626,43.12597455141278,0.986237100311108,10.432990074157715,4.068402290344238,0.2857828282502143,448.9565124511719,463.0721740722656
627,35.446025817478656,0.9625540543174596,159.23036193847656,5.5846357345581055,0.26877742060908566,675.0,747.7234497070312
628,30.229841985758892,0.9636738787494576,1.075724720954895,0.2595127522945404,0.3546102769016546,23.587541580200195,37.64651870727539
629,38.09934648481452,0.9792629433920755,9.764498710632324,2.2753512859344482,0.18544575264641888,254.53956604003906,253.18450927734375
630,37.33276915294812,0.983505465805346,93.9116439819336,6.8028459548950195,0.19449217895477325,874.4107666015625,713.63623046875
631,30.508819217433164,0.9587783576811061,700.4454345703125,6.293956279754639,0.543351068065612,507.7735900878906,895.3116455078125
632,35.212913462465124,0.9787071184231155,77.78858947753906,3.3979859352111816,0.34290961880662485,439.5216064453125,512.165771484375
633,37.163800786606494,0.9864630825717629,54.21164321899414,5.38965368270874,0.2241662252289155,579.328125,532.5813598632812
634,29.975774728102,0.9455493794536936,11.70189380645752,1.4330230951309204,0.15743129488797458,162.66946411132812,108.0648422241211
635,41.45121200431895,0.9953474086873672,14.358075141906738,3.6538493633270264,0.19091825357085707,484.77545166015625,447.9649658203125
636,41.103817428616466,0.9905357163695482,22.026973724365234,3.912999391555786,0.17842566639436672,570.0799560546875,533.0846557617188
637,26.849728039964983,0.9391180599037215,115.381591796875,2.210867166519165,0.45668478728648665,135.9742889404297,243.22802734375
638,37.97327816324294,0.977455624685814,11.621499061584473,3.0987038612365723,0.22421795401829214,258.2827453613281,269.9739990234375
639,38.91761839979255,0.9843172950302976,18.112668991088867,3.437429189682007,0.23013718799345104,427.9107971191406,377.9068908691406
640,33.69588988470957,0.9809936176758679,0.18607398867607117,0.22490277886390686,0.20601182584641606,26.31743049621582,21.05112648010254
641,31.629549820306096,0.963382194447259,69.48194122314453,3.2564892768859863,0.32674646872536633,259.3468322753906,322.757080078125
642,36.06316839292295,0.9908968741833487,10.948593139648438,2.192702531814575,0.14673377918469457,269.02752685546875,212.23655700683594
643,34.7254855639686,0.9562419259034566,35.779930114746094,2.7761077880859375,0.31507085861255946,304.7273864746094,328.16986083984375
644,33.91728032337101,0.964186992069516,5.339193344116211,1.0696797370910645,0.2881417103241953,97.1830062866211,120.64237213134766
645,40.32144248046245,0.9955672831942546,73.62568664550781,5.840895175933838,0.26785073163228845,861.9041748046875,890.6367797851562
646,38.63750662390376,0.9858404902512568,48.07658386230469,5.128795623779297,0.26538070293287147,579.7886352539062,593.9988403320312
647,28.760513449522772,0.9590930860447318,547.1146850585938,4.657902240753174,0.3891737399957035,444.64080810546875,679.4232177734375
648,29.735407522407186,0.9032773357562606,558.30419921875,5.715470314025879,0.513928546079291,414.4798583984375,789.382080078125
649,41.24436169773806,0.9927047393885436,18.684627532958984,4.25762939453125,0.18700884996088055,518.2286987304688,498.9437561035156
650,29.77683678619291,0.9607466494335848,4.52245569229126,0.5918073058128357,0.4182802363712567,38.982425689697266,87.83336639404297
651,31.740499636001015,0.9781915941136294,193.1417694091797,6.3278656005859375,0.1727334028534375,640.43505859375,537.5694580078125
652,35.38170345863515,0.983035999770258,95.07991027832031,4.282610893249512,0.23085157834047798,530.164306640625,587.2542724609375
653,41.324773863969675,0.989619281331329,40.080936431884766,8.663719177246094,0.19916751189324752,817.0139770507812,745.6940307617188
654,38.0500183256349,0.9889661689261042,29.1566219329834,4.101818561553955,0.19999262579528548,471.1594543457031,432.2278747558594
655,39.18772778195348,0.9763669519847638,1.9841610193252563,1.2069342136383057,0.2892849044087411,119.87505340576172,128.45272827148438
656,30.33282624105631,0.8776755634242324,61.952880859375,2.472104787826538,0.4350931020348011,176.22286987304688,284.49212646484375
657,28.62005441384881,0.9537959243486884,146.13914489746094,2.284493923187256,0.44567444682061164,194.4816436767578,363.7192077636719
658,31.464705823694395,0.9685409495105315,202.68495178222656,3.472262144088745,0.5497074670841373,329.20849609375,646.2713012695312
659,36.335024301370346,0.9854718844864759,70.07740020751953,4.224277496337891,0.2347294381619517,524.1845703125,571.20751953125
660,26.97717113864085,0.8502654852632119,247.4523468017578,3.533330202102661,0.3864188373734636,219.29710388183594,356.7406311035156
661,41.48565310110895,0.9913511989932311,66.05315399169922,9.667229652404785,0.2263101031556914,995.4364624023438,986.5287475585938
662,29.041652693938428,0.924757496514372,453.76531982421875,7.015871047973633,0.23153565679468444,526.425048828125,606.1690673828125
663,39.44772109235899,0.9808896875049308,6.407843112945557,1.672403335571289,0.1945438932444092,225.05728149414062,237.98956298828125
664,29.089566655958073,0.9273659623428887,12.958516120910645,1.4751180410385132,0.24822563309741114,83.22232055664062,102.6806869506836
665,37.12552606486256,0.9753277582126997,4.576065540313721,1.36198091506958,0.23403017723086766,148.82476806640625,153.70628356933594
666,38.74855750157097,0.9900302807766833,7.992067337036133,3.212444305419922,0.23659249335017565,278.4859924316406,246.71177673339844
667,40.340228164739756,0.9844330264288083,2.410317897796631,1.5233654975891113,0.20018873082413516,161.2017364501953,161.52069091796875
668,33.04725187376492,0.9807182227341137,17.171676635742188,2.4059321880340576,0.18141523112459845,194.11293029785156,187.38046264648438
669,33.10263179198965,0.9744516842074931,39.92462158203125,3.594614028930664,0.2238460515190665,252.9267120361328,285.81005859375
670,30.10671810244054,0.9443261970573695,27.51302146911621,1.3174710273742676,0.27411216944743577,118.65457153320312,174.20022583007812
671,30.49371349920685,0.9646785129842005,715.693359375,8.575384140014648,0.3047961923782591,702.6536865234375,896.86865234375
672,42.638551051936595,0.9923949283773562,0.3585042953491211,0.593975841999054,0.22311822103982537,78.84072875976562,81.15351104736328
673,40.720210027369966,0.9845136324226302,23.32588005065918,4.090548515319824,0.18041885575946254,535.6149291992188,524.9868774414062
674,33.60244830074524,0.9455274289302812,72.39066314697266,2.4727039337158203,0.3323534998707651,202.6675262451172,410.9864196777344
675,37.362561915230984,0.987113513736779,167.26414489746094,10.10234546661377,0.27210458126739095,976.9171752929688,982.396240234375
676,34.779154292480385,0.9741425478698299,3.748155117034912,0.8832702040672302,0.22489046254647982,91.53710174560547,112.92686462402344
677,39.03672580452662,0.9816825911940928,19.7827091217041,3.760237693786621,0.1790210997137035,423.5738220214844,398.4577331542969
678,29.19247543858415,0.9452371103198904,1123.545166015625,11.476506233215332,0.2403919265978043,773.7296752929688,969.5009765625
679,44.80701719697231,0.9956003160853135,24.665504455566406,6.528497695922852,0.1748031421991346,856.442626953125,865.6416015625
680,36.03809579960426,0.9838556550112548,166.197021484375,7.707273006439209,0.2511425431422039,726.4779052734375,817.2550048828125
681,31.7244928738043,0.9618402364268761,44.63279342651367,2.889636754989624,0.24349730390765126,223.3077850341797,258.6449279785156
682,31.265911763397117,0.9647564405596539,21.008026123046875,1.3262412548065186,0.2905194326755516,137.76051330566406,171.71670532226562
683,43.303851467983144,0.9937970135572401,20.892112731933594,4.884261131286621,0.22395650885056737,654.9548950195312,668.9745483398438
684,37.42780675403385,0.9897397602336448,137.53355407714844,8.984804153442383,0.1555747828038508,1084.0255126953125,929.4465942382812
685,47.10631827549754,0.9970966002704927,6.041350841522217,3.810321569442749,0.2012645499990362,566.7827758789062,557.2061157226562
686,40.42840727971292,0.9935142966400605,29.523914337158203,6.498426914215088,0.2577113016795895,599.7551879882812,572.0410766601562
687,38.17989516211303,0.9808489185737752,11.979570388793945,2.722567319869995,0.20371505635262144,275.27362060546875,280.6991271972656
688,46.83669046007043,0.9958503229545489,12.267624855041504,5.693460941314697,0.20125944661175746,800.8084106445312,769.7234497070312
689,43.02524036539651,0.9927327055926171,1.7580194473266602,1.2372698783874512,0.2443543244571903,182.6011199951172,187.85670471191406
690,42.68734804024294,0.994421672987126,5.659338474273682,1.9744731187820435,0.1839489892330858,330.1293029785156,324.3555603027344
691,37.72063243705052,0.9878204113527963,30.442962646484375,4.005660057067871,0.21133881879877398,447.80908203125,426.0110168457031
692,39.90015012657653,0.9942937820565467,26.304851531982422,5.432714939117432,0.31190772653053445,553.8611450195312,508.102783203125
693,38.21349874339008,0.9939332234416584,8.871633529663086,2.3414218425750732,0.2034492825478432,272.8602294921875,243.16732788085938
694,41.484590062918734,0.9875436948671922,0.9501110911369324,0.6889677047729492,0.2246823147162405,117.1065444946289,115.72198486328125
695,23.677046383237602,0.8521045957567263,1571.62646484375,5.938399314880371,0.46182076143492656,281.7756652832031,611.0093994140625
696,39.989381270487016,0.9888701321263063,8.202238082885742,2.530695676803589,0.20121620035631763,306.0514221191406,289.3419189453125
697,30.031640182636757,0.9525084378980139,322.05303955078125,4.746876239776611,0.2874022319998935,398.91070556640625,581.656982421875
698,39.11385622015858,0.9867290016052278,2.8765246868133545,1.297202706336975,0.28671941610841406,149.8105926513672,155.20835876464844
699,41.012179210157775,0.9887813684925575,18.236553192138672,5.484785079956055,0.24065063979572554,483.8485107421875,481.6589660644531
700,38.97913640146504,0.9925914791992205,35.62321090698242,4.616775035858154,0.28059869089556116,501.3155517578125,533.0568237304688
701,27.44110666906942,0.9011209818509444,4.495939254760742,0.3893834054470062,0.43940577037170525,37.38268280029297,52.77171325683594
702,36.33916362433753,0.9905689588302922,26.249069213867188,4.336587905883789,0.1707434801445601,509.27337646484375,337.2676696777344
703,38.08191999275631,0.9864561676640752,2.810154914855957,1.6154659986495972,0.24438400660995577,135.03541564941406,135.28025817871094
704,29.88031681328089,0.9183544103975622,4.130251884460449,0.5797553658485413,0.2806221835316741,46.720916748046875,64.31159210205078
705,41.79701861838073,0.9914569126132595,64.550537109375,6.516911029815674,0.31440293804195674,1000.1146850585938,989.9702758789062
706,30.71385891151556,0.9280610415580902,79.67755889892578,3.544757604598999,0.4150833196398739,152.01075744628906,323.031494140625
707,36.70949500487128,0.9750493881595393,139.70779418945312,9.544221878051758,0.19311726860153894,909.9244384765625,810.0645751953125
708,35.17137102908884,0.9854184798088974,16.442035675048828,1.9760749340057373,0.23967637622525723,218.4086151123047,255.38601684570312
709,39.70969544600442,0.9794736006619146,49.66732406616211,7.753982067108154,0.1188764508715365,700.0260620117188,681.8212280273438
710,33.840757160889574,0.9763870357667452,235.62646484375,6.32147216796875,0.32125175138626816,638.4887084960938,760.4676513671875
711,30.594339443004714,0.9795807882205375,303.0729675292969,8.425863265991211,0.11468622110448862,973.5431518554688,596.0430908203125
712,40.242327675699734,0.973149771068795,21.06045913696289,3.3903071880340576,0.18316507431630072,497.07281494140625,472.1046142578125
713,37.090645417499275,0.982122078168872,29.703432083129883,3.2791483402252197,0.25740006201385673,303.33599853515625,412.4290771484375
714,38.086826549506796,0.9778166286901054,18.97454071044922,2.8024802207946777,0.27344668358412566,354.0354309082031,349.5194091796875
715,29.735361593057753,0.9071114272940269,918.1871337890625,15.520254135131836,0.11139679405984372,2204.244140625,929.599609375
716,32.509922010022436,0.963973290195652,385.8376770019531,8.071968078613281,0.33216347182643113,761.2645874023438,830.788818359375
717,40.8914427446015,0.9803071208413541,75.84376525878906,7.6258544921875,0.18584115520943717,978.5326538085938,965.0618896484375
718,38.54253387457504,0.9803993486798339,2.1883184909820557,1.237345814704895,0.15452227613979305,131.85385131835938,125.17292785644531
719,41.89271948038217,0.9900055929203397,34.5121955871582,4.750852584838867,0.22037003138522399,767.5575561523438,731.1365966796875
720,33.47981243189214,0.971307283892105,393.388916015625,8.928226470947266,0.2344330133606329,838.974365234375,938.402099609375
721,37.23956394474381,0.9885975963314005,6.221349239349365,1.7027783393859863,0.3259344600218231,173.3048858642578,182.0518341064453
722,26.969916602034758,0.9145526611875701,8.971165657043457,0.7818631529808044,0.3879866560059838,48.22575378417969,67.42977142333984
723,34.47808125600791,0.9663654354365372,154.08787536621094,6.414268493652344,0.35794357743144467,465.45355224609375,741.3795166015625
724,34.0046788992452,0.962997806130671,123.99711608886719,5.863348007202148,0.24862079282897406,494.6800231933594,574.8986206054688
725,27.352017654686364,0.8694363406898864,775.630126953125,6.080268383026123,0.4289389200797609,378.450439453125,841.9869384765625
726,32.17051634287503,0.9533028275205132,11.969099998474121,1.517318606376648,0.22715198739738385,167.2403564453125,140.63259887695312
727,42.01681170260157,0.9944910888393843,39.74274826049805,5.770259857177734,0.18833347780798432,817.4653930664062,795.4720458984375
728,31.790116936685756,0.9418016672288179,27.093870162963867,1.7816109657287598,0.3136761782831444,178.06114196777344,202.42568969726562
729,31.38588702141483,0.9795808509622688,19.405750274658203,1.6988728046417236,0.2878893251065242,146.66236877441406,164.49229431152344
730,39.17057170039764,0.9897880821620471,3.171114683151245,1.3560593128204346,0.21732241819717177,168.44430541992188,165.10153198242188
731,40.048268365751944,0.9845350122980782,65.60469818115234,7.694922924041748,0.2029901117890391,787.8292846679688,814.7601318359375
732,37.7204200038001,0.9661970327236334,74.73890686035156,5.783987522125244,0.23641892083690297,619.249755859375,665.5320434570312
733,38.73896254502908,0.9907286037970623,36.30601119995117,4.85557222366333,0.1776081926248619,499.08526611328125,523.5423583984375
734,36.447061164585065,0.9773334443753718,29.26647186279297,5.3605828285217285,0.24753561372607297,333.4024353027344,359.4716491699219
735,43.00201803738641,0.9909829950369549,37.93186950683594,8.666749954223633,0.15147497488938164,864.7649536132812,877.3233642578125
736,43.85011451713952,0.9964476199157467,6.295858860015869,3.5599610805511475,0.16807002690025402,389.96331787109375,393.05267333984375
737,31.362391546576532,0.96994828283633,478.2906494140625,7.846374034881592,0.27908443169459757,693.3889770507812,816.7828369140625
738,32.21861079691755,0.9588202954538098,115.64937591552734,5.509757041931152,0.197297023214519,397.8304748535156,439.6957702636719
739,30.05603404546102,0.9616281546736896,140.30325317382812,5.782942771911621,0.1900062882353826,474.82952880859375,377.5674743652344
740,37.361349012227635,0.9800425568139959,39.38084411621094,4.90455436706543,0.1864480038166342,536.8154296875,463.21710205078125
741,32.461657796810826,0.9547883757189208,51.71910858154297,3.780332565307617,0.24079567732425475,269.2864685058594,302.0765075683594
742,42.432641043560565,0.9858949481210718,31.898151397705078,6.313564777374268,0.1949432596322867,771.4916381835938,747.8617553710938
743,34.236007854275705,0.9647123698525754,95.35450744628906,5.3417067527771,0.3363928981482481,463.8699951171875,503.2176818847656
744,29.435252675768307,0.9579979123930198,58.28472900390625,1.6678245067596436,0.31930590583526575,164.07040405273438,232.98048400878906
745,36.75758542724466,0.9711462480118892,163.56150817871094,8.009603500366211,0.24315784663997977,943.071044921875,899.6749877929688
746,44.137938046867006,0.9932300607886231,5.691291809082031,2.8914904594421387,0.25132220980185693,383.90191650390625,384.50732421875
747,35.03157252157099,0.97538500482945,92.7906494140625,10.022396087646484,0.2110877201019619,488.9545593261719,544.0093383789062
748,32.883475089752565,0.9603604996032432,392.7140197753906,5.786473751068115,0.28935549291158086,694.1907958984375,906.5656127929688
749,31.044899186541357,0.9568648136560147,301.3604736328125,9.141350746154785,0.2114239038385215,793.2315673828125,624.61376953125
750,31.75670754717543,0.9491548495380625,8.149778366088867,1.1169514656066895,0.25840324030065026,91.63182830810547,117.78114318847656
751,42.401265752912366,0.9933766123249558,50.71428680419922,7.592965602874756,0.23991403784046797,971.2695922851562,939.8922729492188
752,30.32752420580006,0.9633813883467233,360.8769226074219,6.906899452209473,0.28477385553713297,482.7313537597656,628.080322265625
753,36.246888762704394,0.9831935626649758,26.566097259521484,3.0975656509399414,0.22178184487581243,318.0694885253906,335.5707092285156
754,43.218625265433516,0.9936260065396381,0.932077944278717,1.09196937084198,0.21680031760845173,130.14785766601562,140.13279724121094
755,41.14874678999357,0.9932215734624272,48.39160919189453,8.287304878234863,0.26115083877481504,758.31982421875,794.2311401367188
756,44.92476588158689,0.9932469812032485,12.37395191192627,5.2276434898376465,0.2155116461628311,619.52490234375,620.4526977539062
757,27.071204370981423,0.8578303141503084,540.5614624023438,4.1066789627075195,0.3876819260576406,330.13897705078125,533.9276123046875
758,33.425751444471295,0.9817159934309614,362.3638610839844,10.26712703704834,0.20851639581633438,1136.8502197265625,893.9987182617188
759,34.28029018138077,0.9699419581391863,218.47203063964844,9.220442771911621,0.22892565072268595,655.6782836914062,788.80859375
760,40.57492963664515,0.9870493669904792,2.035189628601074,1.273166298866272,0.2422614169287566,151.83204650878906,152.52320861816406
761,35.8042627764616,0.9512406615280884,23.86992073059082,2.7873547077178955,0.284686580080415,274.28826904296875,312.41033935546875
762,34.79873357381138,0.9703705582702369,20.370283126831055,2.567469835281372,0.2342170798964973,228.707763671875,249.2406463623047
763,30.81141941657335,0.9557878739509051,457.75042724609375,8.629584312438965,0.2215872577406825,917.1832885742188,744.2023315429688
764,39.74126234012746,0.9894234796580392,0.12625476717948914,0.3141789436340332,0.24650681687981701,32.56819534301758,34.4989013671875
765,38.167549441501976,0.9906583288290429,48.360774993896484,3.701447010040283,0.23814137164401203,509.752685546875,570.31982421875
766,41.090934273935204,0.9872717555646926,43.36857223510742,7.454822540283203,0.18635557106968006,803.2694702148438,762.6962280273438
767,37.655304576952176,0.9783684540736047,126.51294708251953,6.679809093475342,0.22785543045446155,857.6722412109375,876.8888549804688
768,40.458847384234474,0.994476362770679,10.537712097167969,3.458164930343628,0.1672596226677991,374.0910949707031,342.7396545410156
769,28.668695522339668,0.9034370686570558,776.6520385742188,5.926324367523193,0.38009937571500885,473.3100280761719,821.43603515625
770,38.926522428778846,0.9861001171656069,1.5655298233032227,1.1956415176391602,0.21756402276984996,120.3502197265625,111.52110290527344
771,43.65118101671351,0.9964288063308895,30.89313316345215,5.68440580368042,0.2022609143281354,824.6334838867188,846.6058349609375
772,40.41926166981415,0.9643946286094817,1.4957963228225708,1.237146019935608,0.2292378798356426,130.16407775878906,128.36117553710938
773,42.32535733780905,0.9968213172950489,9.151276588439941,3.7721445560455322,0.22470510627984938,427.88128662109375,397.8900146484375
774,31.002161709888547,0.9460041258018944,503.75006103515625,16.778352737426758,0.27760997008893795,706.113525390625,797.498046875
775,31.976609067362148,0.9450441995106174,11.051243782043457,0.8307545781135559,0.420038744230566,81.71658325195312,150.76751708984375
776,39.235595751894344,0.9817080930936447,6.299185752868652,2.0313994884490967,0.22596183193597483,223.47244262695312,230.0221405029297
777,39.282285811056596,0.9824520916484827,61.451656341552734,6.99386739730835,0.21744290179904466,723.1824951171875,722.5303344726562
778,32.736816474421666,0.9661300688428406,276.0361633300781,9.210253715515137,0.2719848751585993,642.5364379882812,720.3165283203125
779,43.00321786098892,0.990599258104099,20.576751708984375,4.932010173797607,0.23590034862277723,669.2594604492188,641.5064697265625
780,32.71113969085782,0.9734290788263482,252.8873291015625,4.458090305328369,0.26472759569393695,476.5803527832031,694.2545166015625
781,39.71777934892519,0.9806231238155542,31.484189987182617,4.483076095581055,0.2477027519595661,570.6649169921875,543.1817016601562
782,36.47299191068244,0.989204495084175,14.235963821411133,2.0568361282348633,0.28142011860905386,237.7281951904297,252.54725646972656
783,40.91127563791226,0.9944785778152192,9.421368598937988,2.7701315879821777,0.3267063388967673,353.56964111328125,346.3503112792969
784,38.51492900783646,0.9950440759752311,4.680665016174316,1.5623122453689575,0.3083642967984673,176.01165771484375,182.41612243652344
785,38.86320133227404,0.9934452498875659,97.99104309082031,9.05189323425293,0.18209760502980435,1264.144287109375,908.5421142578125
786,36.436743016094304,0.9836899914362606,77.18416595458984,5.2388224601745605,0.14666762525167962,672.48388671875,583.8084106445312
787,40.11873525852464,0.9905714285785815,15.271649360656738,4.741765022277832,0.24236519316841415,426.2945861816406,401.4505615234375
788,29.649917040460597,0.9670115142937661,226.26318359375,4.946438789367676,0.24099244957238444,376.61004638671875,462.5437927246094
789,40.2591954771837,0.9807825956274482,84.47315979003906,5.906956672668457,0.18351688098865337,1016.9441528320312,947.3360595703125
790,37.557067806379564,0.9720725695630468,3.7360897064208984,1.3889713287353516,0.2350566878167413,153.76332092285156,154.19805908203125
791,43.50164477024856,0.9936464673871226,15.359821319580078,4.9950995445251465,0.1893888883861004,573.2461547851562,586.6436157226562
792,42.57738118484545,0.9959576235713112,14.120291709899902,5.328339099884033,0.33112958184221963,501.1087951660156,506.3827819824219
793,32.030620557076816,0.9782967957888102,233.07089233398438,5.601093292236328,0.29730375289491423,557.5025634765625,611.8427734375
794,36.13305100756345,0.9874666521116184,0.08833485841751099,0.2599733769893646,0.17945111989968582,17.781658172607422,19.092073440551758
795,41.77222016500807,0.9930969754578036,50.5809326171875,8.68257999420166,0.17691849256666495,933.706298828125,872.2517700195312
796,27.63570122534896,0.868322160828429,1325.6806640625,6.519725322723389,0.5834080021455738,569.3953247070312,932.1861572265625
797,37.214984473594576,0.9661962604467345,60.52963638305664,5.349821090698242,0.3707130462147994,550.0306396484375,565.5680541992188
798,43.181697785222795,0.9882167605577484,23.280759811401367,5.54975700378418,0.21623126309296598,693.2493896484375,696.9541625976562
799,31.261322190669794,0.9399241359444994,463.6143798828125,5.10235595703125,0.6200954320730564,406.9625549316406,922.576904296875
800,37.61548744978594,0.979999981736005,80.57803344726562,7.764176845550537,0.18776881158027847,955.4354858398438,707.5313720703125
801,46.43816325700235,0.9971290469108105,0.5335547924041748,1.0732613801956177,0.19168680885342737,152.7859649658203,153.38650512695312
802,34.039731726536026,0.9659936053657249,129.1585693359375,6.576234817504883,0.2322058683178425,515.4549560546875,576.7120971679688
803,43.93621369762886,0.9918896763040554,14.875133514404297,4.914301872253418,0.23893282449296135,624.7290649414062,607.1083374023438
804,35.98573888317088,0.9895225208948517,44.95207977294922,3.219074010848999,0.24782897692547037,397.7153015136719,424.70654296875
805,39.23681395783627,0.9815859128908476,64.63255310058594,7.420551776885986,0.1773032621613647,700.4027099609375,736.707763671875
806,31.456722886738845,0.9294784327645058,623.7319946289062,13.404794692993164,0.12108357528847187,1696.604248046875,934.4326782226562
807,40.65715448824389,0.9827868255207044,73.2636947631836,7.667108058929443,0.2523496237738713,901.6985473632812,925.6429443359375
808,45.4712561694453,0.9955481826889995,5.775251865386963,3.3068454265594482,0.21705382273393092,451.72113037109375,451.3885192871094
809,36.06896545870236,0.980648901163609,3.151608943939209,1.2372688055038452,0.22602121286390517,115.4267578125,114.12480926513672
810,39.78962973469225,0.9941100613958942,101.53011322021484,10.201851844787598,0.25373342278916106,1056.1907958984375,984.8563842773438
811,46.016650602394634,0.9964058168993646,17.60586166381836,6.074178218841553,0.19108682757760165,834.0145874023438,839.0592041015625
812,42.486349870496824,0.9912954748476499,0.8883115649223328,1.1484929323196411,0.1487870274905246,127.48422241210938,125.53801727294922
813,27.83471458469636,0.9404261366284469,1369.991455078125,13.475879669189453,0.13331173624592302,1534.421630859375,920.9210205078125
814,30.967392170138396,0.9612095949573537,572.988037109375,13.194637298583984,0.10491846481254408,1751.0203857421875,870.0264892578125
815,38.37585495413882,0.9751007428510025,39.180198669433594,4.7053022384643555,0.30576606976386417,518.1436767578125,519.3192138671875
816,29.29636630957315,0.9687781871072525,407.1288757324219,6.846411228179932,0.38504384943391473,540.888427734375,591.6841430664062
817,41.29511152634385,0.9898652755439097,11.846223831176758,3.302626132965088,0.21686951607844954,390.017333984375,399.60369873046875
818,36.007271711047636,0.9786548429967449,0.7779868245124817,0.4103667140007019,0.3390868979069042,51.01764678955078,55.706878662109375
819,44.1811440689508,0.9955365397612745,4.304497718811035,2.2480146884918213,0.22907835598227713,340.48785400390625,335.8620300292969
820,41.29059962975824,0.9781870327974498,47.84641647338867,6.961711406707764,0.20866191771204817,807.4865112304688,803.0505981445312
821,27.112548813308344,0.8812463076502909,0.05378352105617523,0.05147600173950195,0.3152428708922051,2.9795684814453125,5.6273908615112305
822,35.30161038096372,0.9850561167618069,32.50928497314453,3.338369607925415,0.20138872142215558,317.6382141113281,334.1656799316406
823,38.72073896657919,0.9852221920179016,21.325407028198242,4.3214006423950195,0.19408702660973334,438.6742248535156,398.7705383300781
824,44.780183961880624,0.9899744513541675,9.61859130859375,3.6488938331604004,0.2631983915862593,541.3275756835938,537.8582153320312
825,29.044362308611436,0.9341584258117896,1047.447998046875,9.127860069274902,0.3268967540914448,684.3331909179688,919.935791015625
826,36.421019282388606,0.9688517259677989,27.345481872558594,3.0916106700897217,0.36208902403440646,325.27069091796875,346.9996337890625
827,33.185111151711915,0.967741854811785,57.17253875732422,3.289201498031616,0.1993897096755586,316.9030456542969,347.60626220703125
828,35.03668651942612,0.9906523540938971,167.4468536376953,7.776264667510986,0.23061016782278002,628.6022338867188,737.7637329101562
829,33.754918489849125,0.9750402185785266,70.54679870605469,3.2541542053222656,0.32578795352256945,335.4991760253906,452.7657165527344
830,32.17543040926058,0.9474247645728975,30.73334312438965,4.1146769523620605,0.21862194840999813,285.9944763183594,225.38021850585938
831,41.95977136585355,0.9849640235104921,13.048322677612305,4.2818098068237305,0.17660886877314858,480.0304870605469,452.9870910644531
832,36.094572528530115,0.9800013606085742,4.9218292236328125,1.3338104486465454,0.27497757120598204,150.79324340820312,141.71615600585938
833,28.111870582417016,0.9108005797799454,42.85318374633789,1.4230550527572632,0.38676323702021426,100.84162902832031,177.21060180664062
834,36.474976731528045,0.9842119379616866,55.2275390625,5.5492634773254395,0.1962513456918991,548.2969360351562,498.8694152832031
835,41.27178382212221,0.9851896989056447,12.987319946289062,2.93342661857605,0.1821113656820889,377.35076904296875,419.50653076171875
836,38.002119723717826,0.9825927514901963,129.552490234375,8.986337661743164,0.11485850037643179,1446.7872314453125,914.9310302734375
837,36.537540692396426,0.9900194644251352,28.868484497070312,3.7586145401000977,0.20885174658466912,421.4480285644531,363.031494140625
838,37.98880570742355,0.9824861386027745,53.532649993896484,6.817728042602539,0.2665371668897534,553.7084350585938,581.0077514648438
839,25.323781352726776,0.8020938050065392,1060.4610595703125,7.573671340942383,0.4157877594232357,390.9920349121094,632.6320190429688
840,39.62942564418746,0.9832378876682898,0.021548481658101082,0.1101742833852768,0.1724307271352172,13.608329772949219,14.081361770629883
841,30.58383664025086,0.9693668418409163,381.14251708984375,5.659238338470459,0.31655280485365983,561.552734375,663.8738403320312
842,34.59111532542787,0.9726550003323393,10.93427562713623,1.5370532274246216,0.21868908055419514,164.4758758544922,178.85792541503906
843,46.2812174663291,0.9969164445088989,21.73647117614746,6.2563090324401855,0.23930928435148555,988.5677490234375,961.1092529296875
844,40.62444102975368,0.9880375239932746,1.9304685592651367,1.1036466360092163,0.1774503395552228,158.48135375976562,149.51406860351562
845,35.162444256762065,0.979931768356708,52.4562873840332,2.943631649017334,0.26285432877007675,353.5796203613281,415.2095031738281
846,38.90029112546196,0.9870203020218357,0.9578219056129456,0.5984522104263306,0.23217103102580539,93.9712905883789,86.26432037353516
847,31.016178642247194,0.9650268106153321,757.2284545898438,9.184944152832031,0.4167195948924339,731.7814331054688,996.8773803710938
848,39.69236114939734,0.9902835431728816,27.08766746520996,3.81644344329834,0.24186788442780766,461.4554748535156,502.69281005859375
849,31.255186190776204,0.9603209094758558,260.4850769042969,7.43174409866333,0.13664202822514937,784.6841430664062,595.7896118164062
850,38.524903025009685,0.979469097189613,0.6302621364593506,0.7031963467597961,0.20188169598759892,69.47550201416016,68.0093994140625
851,41.21205748714695,0.9915938741682238,42.50605392456055,4.687067985534668,0.2494552611437045,680.5321044921875,750.2105102539062
852,32.36455823648753,0.8835166595449481,11.579404830932617,1.4707499742507935,0.32447256036822736,123.54307556152344,210.69569396972656
853,33.5116175079578,0.9700213982670792,352.8667297363281,7.958681106567383,0.33065923489366905,792.9447021484375,898.15625
854,38.20453959788142,0.9890870281386548,6.400548458099365,1.719258427619934,0.264371202482674,197.59991455078125,205.9344940185547
855,41.34704875240311,0.9957717017523399,2.6787593364715576,1.8906289339065552,0.2501579782306114,197.6913299560547,191.49703979492188
856,41.75112292106774,0.9884151036248487,0.09381469339132309,0.25898048281669617,0.21131868366151688,36.859046936035156,37.513118743896484
857,38.67400276155027,0.9941351510146085,30.0888614654541,4.1931071281433105,0.14671502237313078,543.5106201171875,472.5948791503906
858,40.46222182659665,0.9846878542773372,28.689498901367188,4.880622863769531,0.31175362466255035,532.8486328125,565.2763061523438
859,34.4000689788973,0.9773531844310839,1.607742190361023,0.7031934857368469,0.14224201262719952,61.116363525390625,66.64292907714844
860,26.66173728998505,0.9033147726511684,1295.3779296875,13.947057723999023,0.16005103502693718,1130.2650146484375,775.7520751953125
861,35.73213351433045,0.981370460430412,51.584163665771484,3.749591588973999,0.23961362720952126,418.1589660644531,453.8355407714844
862,31.801674395199644,0.9407471359483475,176.033447265625,3.928790807723999,0.28895570088506584,270.3863220214844,524.8659057617188
863,28.961706555245815,0.959949016186598,242.99395751953125,6.351335525512695,0.31044391192658816,322.8355407714844,441.3219909667969
864,38.40179131845421,0.9859871782047215,22.74820899963379,4.508200168609619,0.25106916038547183,446.5059509277344,401.3623046875
865,41.34164602322953,0.9924408088373818,23.013010025024414,4.90620231628418,0.2053947996009634,562.0225830078125,560.0806884765625
866,38.76402487368016,0.97894806477123,3.2368738651275635,1.3997496366500854,0.2607781254088701,153.3594512939453,156.0850067138672
867,42.69065682552464,0.9928009659359452,1.7951198816299438,1.3288663625717163,0.2842293394125876,174.84165954589844,182.74620056152344
868,38.64427942466488,0.9831577481315601,99.1244125366211,9.885008811950684,0.22035717731544777,893.22900390625,861.923828125
869,40.49435049156527,0.983524720504557,79.77497863769531,7.1656904220581055,0.19759142074741606,922.1010131835938,946.1693725585938
870,42.87302590198334,0.9908753822954569,7.213233470916748,3.2782633304595947,0.32002416248029025,362.0811767578125,373.9360046386719
871,26.292871983155983,0.8606015532234706,172.2113800048828,2.8726730346679688,0.3323428921724694,196.7404327392578,271.47393798828125
872,39.07273747883075,0.9892320015359097,51.282283782958984,6.745630264282227,0.31381352586049394,632.3850708007812,644.3555297851562
873,33.82239973153252,0.9750016469458431,69.29521179199219,3.1097042560577393,0.3051697210293697,376.4570007324219,409.325439453125
874,29.847940724380322,0.9461474687906734,0.6671686768531799,0.1749761551618576,0.49563512643662827,11.437759399414062,26.36096954345703
875,32.99556788454747,0.9757906990923503,12.328451156616211,1.6746853590011597,0.25655021607473694,139.6826171875,156.99644470214844
876,37.6141175821767,0.9779853625194207,88.32140350341797,8.013652801513672,0.22947520042469993,722.9368896484375,716.2562866210938
877,43.16471749133704,0.9874774317100444,20.963132858276367,4.794083595275879,0.18604813515015217,682.7078247070312,659.2650146484375
878,40.30213572040539,0.9922487833705357,0.06759762763977051,0.29316896200180054,0.24357808959518418,27.080228805541992,28.068897247314453
879,35.916392610593334,0.9699638662754074,12.700100898742676,2.322417974472046,0.2494691475357638,214.88247680664062,222.75018310546875
880,33.30052386434939,0.9628675592942134,24.141387939453125,2.3235456943511963,0.17977129749885823,222.37890625,231.84371948242188
881,33.65484886119862,0.9814799682182425,163.2631072998047,6.0772175788879395,0.2527394935440145,610.6649169921875,672.2208251953125
882,30.799040618007993,0.9696717591815934,0.32492443919181824,0.15417523682117462,0.36668452765063914,14.024896621704102,20.690826416015625
883,33.95166246817329,0.9516978316908651,4.421442031860352,1.3872207403182983,0.24115248589011498,96.35636138916016,105.00447082519531
884,37.15841213724265,0.9816232675184775,122.93268585205078,7.350476264953613,0.23828177620949362,745.7808837890625,800.1161499023438
885,40.292359084563344,0.9842349073404622,2.8977603912353516,2.3298163414001465,0.2485837633819917,194.6517333984375,179.36611938476562
886,30.5304332467324,0.9663856939880717,376.0010986328125,7.678426265716553,0.15446775774911303,838.9769897460938,653.0933837890625
887,41.66974448495881,0.9876727122886508,3.8843438625335693,2.1256792545318604,0.2889984594509698,245.89590454101562,238.94459533691406
888,39.79377139744299,0.9900271437362498,1.0547139644622803,0.9065930247306824,0.2851411696185029,94.55081176757812,100.34194946289062
889,34.37097700304896,0.9731794913425288,21.422943115234375,2.2133522033691406,0.30757569322775663,195.45193481445312,243.92901611328125
890,41.49804571486914,0.9856218297199815,36.866390228271484,6.03529167175293,0.333444025518138,702.8452758789062,722.544677734375
891,44.04460470431545,0.9837142533869689,28.81804847717285,6.376408100128174,0.2263519639153753,850.296142578125,855.8407592773438
892,40.529723461656175,0.9916928080059549,60.399635314941406,6.9954118728637695,0.2037995059343655,885.2380981445312,830.3896484375
893,29.16349679058563,0.9488892719381219,191.30210876464844,6.668273448944092,0.15039932638271977,512.1348876953125,397.7863464355469
894,41.85653809948421,0.991366410249281,29.11119270324707,4.74690580368042,0.2146485305244374,698.0241088867188,668.4170532226562
895,40.93420710362628,0.9856216410026953,3.411738157272339,1.6434670686721802,0.2363441717397655,203.5067138671875,205.77931213378906
896,32.70237826106407,0.9547127175627332,43.46550369262695,2.8557209968566895,0.3277285876635602,242.72830200195312,293.8545837402344
897,31.502834461623852,0.9518228315698296,421.2298889160156,5.001392841339111,0.41775991007831387,485.6113586425781,896.439453125
898,41.98048336042724,0.9895072486040147,0.012381402775645256,0.11026372760534286,0.17304521541192638,14.325949668884277,13.988921165466309
899,39.37548817884597,0.9831668977520907,0.8620337247848511,0.8012876510620117,0.21736674438568918,83.86026000976562,86.42301940917969
900,39.97909213988294,0.9938330516542074,4.365599155426025,1.5339124202728271,0.24946844013229966,209.2500762939453,208.67837524414062
901,38.976134111978354,0.9831935156855667,0.09557245671749115,0.2662304937839508,0.341435101775112,27.260578155517578,27.505672454833984
902,29.72467840054973,0.9640606712584525,33.21725845336914,1.5599656105041504,0.292599846864161,128.1996307373047,182.25399780273438
903,34.54228477630845,0.9870418425960806,108.24280548095703,4.554135799407959,0.2051230734081027,616.0328369140625,583.45849609375
904,44.00252242860053,0.9881640212885243,7.054413318634033,4.001427173614502,0.11240713174258005,459.2427978515625,422.00311279296875
905,34.24370964412097,0.988570243919843,298.68548583984375,9.255464553833008,0.15567121027033168,752.6087036132812,892.779052734375
906,35.94976523620543,0.9915783182017205,169.61610412597656,7.4174675941467285,0.2851655563611469,775.9959716796875,817.6260986328125
907,42.019139272771994,0.9924137098532096,7.3462300300598145,3.130197286605835,0.15202359393336057,342.2055358886719,342.47552490234375
908,39.9283028284093,0.9880631457633647,6.878178119659424,2.2257447242736816,0.25094680354651644,247.76905822753906,260.16400146484375
909,39.19927697433803,0.992235546526033,17.352293014526367,3.6817586421966553,0.26904706624715147,401.02789306640625,380.3127136230469
910,43.207820901564375,0.991198051978437,16.637969970703125,4.111063480377197,0.21114779628917094,627.531494140625,590.7046508789062
911,32.63856990038056,0.9524631528078095,32.7525749206543,1.9294836521148682,0.3378863497606455,210.43792724609375,268.7955627441406
912,29.80879987621082,0.9514384333455649,316.9624938964844,3.4428300857543945,0.43962155880184894,341.05487060546875,624.5247802734375
913,30.19909617515033,0.8979494241310161,116.49909210205078,3.005180597305298,0.43464042674900155,244.8477325439453,410.0022277832031
914,39.495912121741746,0.9862289021043462,34.25481033325195,5.699770450592041,0.23493273857788155,527.9710693359375,552.4951171875
915,37.31998775377791,0.9816617741181263,35.326622009277344,4.085663318634033,0.23664503684934826,411.3817443847656,436.6903991699219
916,40.27244079914523,0.9940393528794357,8.168068885803223,2.7719719409942627,0.22967888933199096,289.72393798828125,295.1712951660156
917,43.83737157857386,0.9907571949272332,37.148563385009766,7.366482734680176,0.15985301378349565,970.4254150390625,948.5048828125
918,31.701045629362273,0.9808440407886102,385.7223205566406,8.222289085388184,0.2842404172372822,639.5538330078125,763.8421630859375
919,39.35537986465237,0.9770985483600382,2.296984910964966,1.1594126224517822,0.24133349547997554,136.1383819580078,140.9730682373047
920,28.76291060310864,0.8959682185854414,966.3369140625,9.237834930419922,0.34575240145171376,658.8892211914062,868.5994873046875
921,32.27712807351206,0.9577198940088013,104.37623596191406,3.215177536010742,0.49385872843502365,219.11581420898438,487.9437561035156
922,39.548485160415666,0.987956437379337,88.76341247558594,6.99654483795166,0.33787499345132777,888.9172973632812,894.6576538085938
923,40.18379125482001,0.9909728913269052,60.80051040649414,5.71179723739624,0.22826146195999966,798.491943359375,800.055419921875
924,41.58613342454948,0.9803678761817846,12.56088924407959,3.6418120861053467,0.21954783551082568,438.32879638671875,425.7882995605469
925,41.232038685001456,0.9856987019656736,0.04138509929180145,0.18924878537654877,0.21110519030820157,24.207300186157227,23.44683837890625
926,37.73243008203235,0.9846110837716683,12.203041076660156,2.5033164024353027,0.16947515783643413,261.0555114746094,269.40869140625
927,31.049938156526096,0.9140055038369385,230.5589141845703,8.84047794342041,0.19933037956945954,824.9703369140625,542.0925903320312
928,39.84553742970935,0.9910541482969457,41.24247741699219,6.682629585266113,0.19636628883078408,727.9961547851562,633.8447265625
929,45.94084694349135,0.9968608648538343,1.7029564380645752,2.0802536010742188,0.18904853224685947,261.6813049316406,258.6297912597656
930,32.89859007227911,0.9737824640468424,10.038122177124023,1.1649914979934692,0.2460727974201067,129.51817321777344,140.2167205810547
931,36.872519503176775,0.975524804402062,141.53976440429688,8.968997955322266,0.23406004436464586,883.2661743164062,835.0953369140625
932,39.008371929690384,0.9861902722356489,121.36225891113281,9.109334945678711,0.1959238664852464,1023.10498046875,984.4177856445312
933,28.246531644084566,0.8710713149344532,385.3107604980469,2.541029930114746,0.6502834547514613,163.97607421875,526.1644897460938
934,29.405204457683375,0.9232904963556704,31.649873733520508,1.398198127746582,0.35621343460053634,98.51962280273438,172.5076141357422
935,36.414813134054796,0.9846406665595078,16.902753829956055,2.6651265621185303,0.22576210075556574,256.84234619140625,273.0350341796875
936,25.064318250553306,0.8544090602591347,1.149345874786377,0.2891707122325897,0.3054846340879106,12.400288581848145,19.372285842895508
937,31.124010564811627,0.956894461961292,634.5375366210938,10.820638656616211,0.16338611991842653,1260.3070068359375,914.384521484375
938,43.10186250842377,0.9877740409844185,0.6886944770812988,1.3159441947937012,0.20681232702087446,121.95548248291016,118.63333129882812
939,39.49141890961052,0.9878086917971187,36.874488830566406,5.429903984069824,0.20081585735286944,589.2661743164062,576.93994140625
940,25.195928175188506,0.8991527130060336,225.8731231689453,2.6020092964172363,0.4220881154829775,163.0581817626953,274.7811584472656
941,26.753644132858035,0.920307191509765,516.0681762695312,4.946805000305176,0.4559702846655826,271.11505126953125,554.6238403320312
942,28.289755330536348,0.9380575911948309,611.594970703125,5.9598798751831055,0.31729976720932906,425.9522705078125,651.7689819335938
943,40.1651579796334,0.9839160366846927,62.664676666259766,8.108987808227539,0.2768786802930489,784.1688232421875,829.9120483398438
944,32.67173244517344,0.9785813436880938,21.985797882080078,1.8176021575927734,0.24268231640038881,191.74400329589844,207.21484375
945,32.21206060356029,0.9754724252365445,0.08551030606031418,0.11553581804037094,0.26140467719412275,9.901163101196289,11.984832763671875
946,29.52594310393549,0.9335142657991164,20.906667709350586,1.410255789756775,0.2906935233369122,111.3870620727539,137.74874877929688
947,25.771143669123326,0.9154858725535673,2005.6134033203125,13.320932388305664,0.31537995619947984,505.4570617675781,900.11865234375
948,32.803975618638496,0.961383940227199,398.6158447265625,8.567693710327148,0.28738936648660307,785.5275268554688,874.0161743164062
949,39.39147823820829,0.979589722104855,41.02667236328125,5.021825313568115,0.23349256604759097,654.6132202148438,597.815673828125
950,30.312606372055,0.9669210967695258,332.35137939453125,7.201430797576904,0.18265285962483285,785.3074951171875,600.9163208007812
951,43.4759732264951,0.9935891397289693,19.863290786743164,4.819509506225586,0.23913192571704833,668.3494873046875,665.3716430664062
952,28.603658737776342,0.914794965972259,36.36338806152344,1.649022102355957,0.3569891778252846,105.78264617919922,176.19590759277344
953,41.36961173593318,0.9839418018227145,59.2732048034668,7.526850700378418,0.22186811222098882,1043.2601318359375,914.49755859375
954,32.02431708447643,0.9699034322864377,109.11463165283203,4.854039669036865,0.2176069153166056,364.11474609375,419.35174560546875
955,35.40479528608165,0.988575983173584,41.89079284667969,2.9768600463867188,0.2625867351984705,312.88934326171875,383.7554016113281
956,44.82957549613346,0.9938470525792017,8.859318733215332,3.7036075592041016,0.28475196270833325,512.5087280273438,519.3988037109375
957,42.649636556049366,0.9890178075700352,0.12474777549505234,0.3673088550567627,0.2161133431367065,49.781532287597656,47.919002532958984
958,33.70639031486756,0.9811877333611957,11.380969047546387,1.3458830118179321,0.27213664062611587,152.7663116455078,167.11708068847656
959,32.63967185766302,0.9651022363065812,294.96734619140625,6.147867679595947,0.25836172189532364,672.2484741210938,738.2955932617188
960,36.136442259048984,0.9857998802581316,1.307041883468628,0.5775390863418579,0.28739775233330955,70.64346313476562,83.71586608886719
961,33.01172176542184,0.9723440820679945,178.444580078125,5.148618221282959,0.28107654868532317,512.3245849609375,603.5489501953125
962,43.79315071196726,0.9897742488405161,2.525773286819458,2.093600034713745,0.20267533631702836,250.66725158691406,246.103759765625
963,36.42660505853468,0.9874454153119226,33.76118087768555,3.9829697608947754,0.16411435497011598,457.6968078613281,389.90631103515625
964,32.780733002776074,0.9504743942078319,19.212987899780273,3.1523749828338623,0.2596487906061627,263.2652893066406,289.405029296875
965,35.19483607752582,0.9460278515722237,37.82651901245117,3.9046998023986816,0.19164565982480097,448.63177490234375,356.3170471191406
966,40.30556452487508,0.9913693847917059,48.172821044921875,6.1906352043151855,0.2034780138643915,743.988037109375,719.3268432617188
967,40.72341518807923,0.9943834256892111,7.3911519050598145,4.32899284362793,0.1596529975329735,340.94708251953125,297.8245849609375
968,41.403492531940174,0.9789528135513988,23.24504280090332,3.9042108058929443,0.21304619941883254,557.454833984375,566.8382568359375
969,40.0383335641613,0.9881673099701864,22.44253158569336,4.323072910308838,0.16395099515884645,474.96478271484375,476.5743408203125
970,38.07930666382578,0.9713395475433952,68.58374786376953,6.609568119049072,0.214862276807612,700.5540771484375,664.0075073242188
971,29.638676163608935,0.939831213454713,952.8052368164062,18.87646484375,0.2858260260795451,790.6577758789062,936.8928833007812
972,40.867199428615194,0.987725001939556,43.9362907409668,6.768746852874756,0.21091869384637088,738.5768432617188,732.8395385742188
973,40.52131934633417,0.9957279262312672,4.029633045196533,2.071320056915283,0.12106761041168415,267.8511657714844,215.72543334960938
974,43.69024806029329,0.9940910339509248,0.044162947684526443,0.22252409160137177,0.2251877896182101,31.89018440246582,32.15195083618164
975,44.88731595854449,0.9965367772692374,2.242719888687134,2.1406545639038086,0.19009072600424293,265.9667053222656,263.00177001953125
976,41.11127523663932,0.9914472565070271,27.418977737426758,4.913367748260498,0.29280952655460535,588.681396484375,595.4828491210938
977,41.66389240181536,0.9870790165182975,0.1869370937347412,0.49734947085380554,0.21414059803036672,52.01388168334961,52.374385833740234
978,35.88782431006899,0.9811918508872712,63.526466369628906,4.472714900970459,0.24221888460406657,585.73388671875,496.869873046875
979,40.967331795362966,0.9828504787602291,28.51934242248535,4.290729999542236,0.251912378285217,590.0999145507812,597.2460327148438
980,38.135656921017535,0.9843045544605875,16.19752311706543,3.3982460498809814,0.21019421088570805,410.0471496582031,334.9096374511719
981,28.723541600078384,0.9509680898719773,771.7124633789062,7.380330562591553,0.3978752235704565,525.1873779296875,771.1412963867188
982,29.226103729760702,0.9100915787220616,13.536310195922852,1.1933480501174927,0.20628481115008118,83.6005859375,107.49165344238281
983,41.953210293952836,0.9871279887770474,0.3688980042934418,0.5217785239219666,0.20509237995065607,79.2163314819336,76.0626449584961
984,38.39212970390423,0.9941444454793468,76.41422271728516,7.234961032867432,0.1965834411484334,804.441650390625,728.4605712890625
985,35.36340850447414,0.9690809621714955,71.14321899414062,3.9534497261047363,0.24404268209672395,453.4912414550781,495.9958190917969
986,31.554983438831798,0.9581513154340602,330.62469482421875,6.117112636566162,0.24189281524305511,582.052978515625,688.7139892578125
987,37.93430326799096,0.9834239273740534,30.46486473083496,3.42374849319458,0.2514758805466619,415.4944763183594,435.39251708984375
988,29.83456453684635,0.9265497005453297,60.580482482910156,2.265308380126953,0.27966739517870554,169.8651123046875,247.15562438964844
989,41.132396350962935,0.9917878925923347,51.694068908691406,6.5562214851379395,0.25713381135454516,822.9846801757812,819.283203125
990,26.645572562094294,0.9343926642739797,1374.131103515625,11.581655502319336,0.16257043097026558,1153.1568603515625,799.616455078125
991,42.70680655542406,0.9952165553628844,23.13045883178711,6.0549845695495605,0.2647971920707756,722.85009765625,695.0017700195312
992,40.62832695136278,0.9918924363558752,6.4142165184021,2.022216320037842,0.23414510459451826,260.7391052246094,272.87298583984375
993,45.085526444909874,0.9914547099940425,10.810808181762695,4.617763996124268,0.18534341232193938,586.2950439453125,590.6404418945312
994,38.410478561819936,0.9711590272877115,18.75092124938965,3.142761707305908,0.16520341515305523,392.2266845703125,361.6129150390625
995,39.89178243022868,0.9846973783798877,0.8590326905250549,0.9498909711837769,0.24360544806841666,89.9433822631836,92.49049377441406
996,36.05156399592563,0.9877752508848936,205.87020874023438,9.191272735595703,0.20813234717357065,836.1658325195312,917.396240234375
997,34.696450661911015,0.985352212784214,6.4134440422058105,1.0918864011764526,0.32971584476468757,125.49189758300781,137.6818084716797
998,33.51012255995745,0.9638937660584262,401.60748291015625,9.820337295532227,0.27178086633988235,898.9234008789062,950.287109375
999,42.234913743328086,0.982853700371288,11.887899398803711,2.8024709224700928,0.2529364629043833,468.78564453125,446.55975341796875
