sample_idx,psnr,ssim,mse,post_std_mean,sigma_used,alpha,scaling,clip,lambda_,zeta
0,25.69796683337512,0.8969323436472031,0.0026338340248912573,0.021454837173223495,0.25,1.0,1.0,True,50,0.8
1,22.964153223789893,0.8251663698200655,0.005047258455306292,0.035409923642873764,0.25,1.0,1.0,True,50,0.8
2,29.057468532290894,0.9168194516611438,0.0011581145226955414,0.02022090181708336,0.25,1.0,1.0,True,50,0.8
3,29.46219010902199,0.898959381756218,0.0010450765257701278,0.027011293917894363,0.25,1.0,1.0,True,50,0.8
4,29.58652959751779,0.9551835469017333,0.001083928276784718,0.021126387640833855,0.25,1.0,1.0,True,50,0.8
5,26.57321212070969,0.900972567823061,0.0020358471665531397,0.023918233811855316,0.25,1.0,1.0,True,50,0.8
6,22.563697367067025,0.8307356960722245,0.0045354668982326984,0.03561248257756233,0.25,1.0,1.0,True,50,0.8
7,34.93661966525557,0.9701989113023529,0.000317651079967618,0.014344025403261185,0.25,1.0,1.0,True,50,0.8
8,24.665246706580128,0.8585569112531849,0.003386654192581773,0.029397768899798393,0.25,1.0,1.0,True,50,0.8
9,17.837097576626622,0.6732720843621652,0.016225386410951614,0.04444669932126999,0.25,1.0,1.0,True,50,0.8
10,20.99283334849273,0.8769944990518113,0.007863026112318039,0.054754603654146194,0.25,1.0,1.0,True,50,0.8
11,33.76272761150901,0.9401832904101526,0.00041984886047430336,0.022882496938109398,0.25,1.0,1.0,True,50,0.8
12,28.344972563808884,0.9301986358944476,0.0014539073454216123,0.01970367506146431,0.25,1.0,1.0,True,50,0.8
13,26.544111558415228,0.8841783307642668,0.002209463156759739,0.02887788787484169,0.25,1.0,1.0,True,50,0.8
14,34.97582198412307,0.9560596419284957,0.0003175833262503147,0.02601141855120659,0.25,1.0,1.0,True,50,0.8
15,27.507080097371656,0.9250993780230468,0.0017724945209920406,0.02173721045255661,0.25,1.0,1.0,True,50,0.8
16,38.66229873790455,0.9749580145005226,0.00013562537787947804,0.018614603206515312,0.25,1.0,1.0,True,50,0.8
17,34.71941776636609,0.9437719792958015,0.0003369766054674983,0.020254189148545265,0.25,1.0,1.0,True,50,0.8
18,28.900236036624648,0.9318715022651958,0.001243129256181419,0.023382067680358887,0.25,1.0,1.0,True,50,0.8
19,28.680438628592317,0.9312515883592137,0.0013098958879709244,0.02196251042187214,0.25,1.0,1.0,True,50,0.8
20,25.854235434793978,0.8043802668262654,0.00222266698256135,0.04453212022781372,0.25,1.0,1.0,True,50,0.8
21,38.94349822376792,0.982861733519625,0.00012740259990096092,0.014592355117201805,0.25,1.0,1.0,True,50,0.8
22,27.489525733135977,0.9012531481983123,0.0017486714059486985,0.04349077492952347,0.25,1.0,1.0,True,50,0.8
23,33.42127863092563,0.9313436483481843,0.0004539648361969739,0.02442481368780136,0.25,1.0,1.0,True,50,0.8
24,29.8439750710925,0.9236636199864441,0.001032318570651114,0.028426947072148323,0.25,1.0,1.0,True,50,0.8
25,32.55281919928304,0.9367037303861081,0.0005528411129489541,0.01791355200111866,0.25,1.0,1.0,True,50,0.8
26,27.83228411732228,0.8733201485273225,0.0013721712166443467,0.0274339746683836,0.25,1.0,1.0,True,50,0.8
27,32.02354412311802,0.961976453246716,0.0006267979624681175,0.021926481276750565,0.25,1.0,1.0,True,50,0.8
28,26.433450510439506,0.8232580933831484,0.001983476569876075,0.03324715048074722,0.25,1.0,1.0,True,50,0.8
29,32.321645467170555,0.9791488943638816,0.0005852089379914105,0.01163767371326685,0.25,1.0,1.0,True,50,0.8
30,23.09599492657776,0.89840903865333,0.004894840996712446,0.020659323781728745,0.25,1.0,1.0,True,50,0.8
31,16.288180700952964,0.663717696747634,0.023282773792743683,0.03875594958662987,0.25,1.0,1.0,True,50,0.8
32,33.87514454101299,0.9621364874890223,0.00040928166708908975,0.020602159202098846,0.25,1.0,1.0,True,50,0.8
33,31.15919959182822,0.972202773772034,0.0007650323095731437,0.01488158106803894,0.25,1.0,1.0,True,50,0.8
34,33.99633910314791,0.9371891585135423,0.0003978516615461558,0.02414759434759617,0.25,1.0,1.0,True,50,0.8
35,23.259088954675025,0.793649113632285,0.004715376067906618,0.037315819412469864,0.25,1.0,1.0,True,50,0.8
36,28.292444999356967,0.9217620642684684,0.0014514715876430273,0.025454489514231682,0.25,1.0,1.0,True,50,0.8
37,25.81317149867087,0.9291504074053376,0.002611009404063225,0.027683354914188385,0.25,1.0,1.0,True,50,0.8
38,31.693028536268585,0.9196543834865155,0.000669832865241915,0.02281077206134796,0.25,1.0,1.0,True,50,0.8
39,21.733890904564156,0.8780683794814418,0.006665364373475313,0.025494184345006943,0.25,1.0,1.0,True,50,0.8
40,26.499635792352493,0.9037125560621297,0.0022354235406965017,0.01696161925792694,0.25,1.0,1.0,True,50,0.8
41,34.065318199786766,0.9420939928422403,0.00038992022746242583,0.024952279403805733,0.25,1.0,1.0,True,50,0.8
42,26.43852036340595,0.9115093906628212,0.0022547985427081585,0.03613360598683357,0.25,1.0,1.0,True,50,0.8
43,34.159159664822496,0.9289862759434402,0.00038299369043670595,0.0252225399017334,0.25,1.0,1.0,True,50,0.8
44,24.208870094796097,0.8130571746684984,0.003671589307487011,0.046213582158088684,0.25,1.0,1.0,True,50,0.8
45,25.504339451152177,0.9130691621139291,0.002738972892984748,0.02515261247754097,0.25,1.0,1.0,True,50,0.8
46,21.853919110618204,0.800073415076411,0.006327132694423199,0.029187094420194626,0.25,1.0,1.0,True,50,0.8
47,26.061528760618856,0.906031759450664,0.002441443968564272,0.03109709545969963,0.25,1.0,1.0,True,50,0.8
48,25.706369828572576,0.9358371225357732,0.0026748771779239178,0.04309864714741707,0.25,1.0,1.0,True,50,0.8
49,32.36181456154392,0.9553588678747016,0.0005784828681498766,0.02475615218281746,0.25,1.0,1.0,True,50,0.8
50,25.064426055063656,0.8124700748161675,0.002783514792099595,0.04246664047241211,0.25,1.0,1.0,True,50,0.8
51,28.618629966550895,0.9393270031555764,0.0013669593026861548,0.02181871421635151,0.25,1.0,1.0,True,50,0.8
52,29.416481088416475,0.9058792970428711,0.000893258664291352,0.02655218169093132,0.25,1.0,1.0,True,50,0.8
53,24.02085172190823,0.8952990167411918,0.003957495559006929,0.024434829130768776,0.25,1.0,1.0,True,50,0.8
54,36.146276341989896,0.9783292053838263,0.00024264358216896653,0.014902240596711636,0.25,1.0,1.0,True,50,0.8
55,29.183253900814975,0.9226445316637879,0.0011964684817939997,0.028362281620502472,0.25,1.0,1.0,True,50,0.8
56,26.844831046025412,0.9250698270750981,0.002054164418950677,0.028318490833044052,0.25,1.0,1.0,True,50,0.8
57,27.76064343343164,0.8765603166038239,0.001255522482097149,0.033874377608299255,0.25,1.0,1.0,True,50,0.8
58,26.49483838017357,0.9200795183286947,0.0022407318465411663,0.026150336489081383,0.25,1.0,1.0,True,50,0.8
59,27.24126750671275,0.9553931477884267,0.0018865980673581362,0.022985290735960007,0.25,1.0,1.0,True,50,0.8
60,28.763491361032326,0.9044785906240667,0.0012581761693581939,0.029019052162766457,0.25,1.0,1.0,True,50,0.8
61,24.03211455008869,0.8388467518136629,0.0036280998028814793,0.03750913217663765,0.25,1.0,1.0,True,50,0.8
62,31.16387006833962,0.9467670469515034,0.0007637846865691245,0.018360866233706474,0.25,1.0,1.0,True,50,0.8
63,23.1996977921251,0.7954731323839834,0.004748892039060593,0.03432224690914154,0.25,1.0,1.0,True,50,0.8
64,21.8643850289978,0.8318255895287878,0.006504994351416826,0.03418593481183052,0.25,1.0,1.0,True,50,0.8
65,27.54698650752044,0.9469789202229896,0.0017238152213394642,0.02557477355003357,0.25,1.0,1.0,True,50,0.8
66,25.253514082073522,0.9259260911936608,0.002980885561555624,0.02294480986893177,0.25,1.0,1.0,True,50,0.8
67,27.36856522811135,0.9362097993047122,0.0016575269401073456,0.029458062723279,0.25,1.0,1.0,True,50,0.8
68,27.877210566958066,0.8907991903454404,0.0013951122527942061,0.033555202186107635,0.25,1.0,1.0,True,50,0.8
69,30.07984413049979,0.9334324252262127,0.0009753235499374568,0.02426719479262829,0.25,1.0,1.0,True,50,0.8
70,27.10442922870859,0.9469208234173349,0.0019456279696896672,0.018457530066370964,0.25,1.0,1.0,True,50,0.8
71,18.330712768837536,0.6895672120001852,0.01412246748805046,0.046916428953409195,0.25,1.0,1.0,True,50,0.8
72,37.02700883007459,0.9897189535992557,0.000198181121959351,0.012611235491931438,0.25,1.0,1.0,True,50,0.8
73,18.53504543543587,0.7782465922112805,0.013776254840195179,0.032760486006736755,0.25,1.0,1.0,True,50,0.8
74,25.673333282298913,0.7780013388826275,0.002640192164108157,0.05036982521414757,0.25,1.0,1.0,True,50,0.8
75,25.11156969512724,0.9045011523411339,0.003075753105804324,0.017428893595933914,0.25,1.0,1.0,True,50,0.8
76,21.89583155767187,0.8904745873326668,0.006445538252592087,0.01789850927889347,0.25,1.0,1.0,True,50,0.8
77,32.23841851107131,0.9597449094072461,0.000596595520619303,0.018445514142513275,0.25,1.0,1.0,True,50,0.8
78,28.924875449350495,0.9390453713704804,0.0012777760857716203,0.028672099113464355,0.25,1.0,1.0,True,50,0.8
79,25.572087779487703,0.8171331203733432,0.0025776636321097612,0.042298223823308945,0.25,1.0,1.0,True,50,0.8
80,23.245076592830056,0.8228694139813987,0.004514783155173063,0.03183433786034584,0.25,1.0,1.0,True,50,0.8
81,30.600938946542264,0.9433460661716628,0.0008642802713438869,0.022523928433656693,0.25,1.0,1.0,True,50,0.8
82,37.10765473827975,0.9826518875557325,0.0001942600792972371,0.016139455139636993,0.25,1.0,1.0,True,50,0.8
83,30.18217157385401,0.9258616696831735,0.0009493986726738513,0.0354263074696064,0.25,1.0,1.0,True,50,0.8
84,33.425955341120115,0.9507537236585214,0.00045349932042881846,0.02239369787275791,0.25,1.0,1.0,True,50,0.8
85,22.441822664452488,0.8566549947785888,0.005661834497004747,0.03739333897829056,0.25,1.0,1.0,True,50,0.8
86,32.09157277585834,0.9019206255228404,0.0005899817915633321,0.029351670295000076,0.25,1.0,1.0,True,50,0.8
87,29.657753878788853,0.9041908624013972,0.0010374652920290828,0.037591755390167236,0.25,1.0,1.0,True,50,0.8
88,36.735823954875265,0.965961123160226,0.0002118309639627114,0.01496648695319891,0.25,1.0,1.0,True,50,0.8
89,28.65592546891002,0.9581540946121124,0.0013491603313013911,0.024925248697400093,0.25,1.0,1.0,True,50,0.8
90,29.697535024418244,0.9148497851517424,0.001054969266988337,0.029236381873488426,0.25,1.0,1.0,True,50,0.8
91,31.8801185516978,0.9497755261213049,0.0006477157585322857,0.021203385666012764,0.25,1.0,1.0,True,50,0.8
92,36.13938707443825,0.9517850097964669,0.00024310396111104637,0.020280543714761734,0.25,1.0,1.0,True,50,0.8
93,33.51501925618993,0.9410391870820731,0.00044489488936960697,0.022610003128647804,0.25,1.0,1.0,True,50,0.8
94,29.445171593912512,0.8377254135631937,0.0011039800010621548,0.03688676282763481,0.25,1.0,1.0,True,50,0.8
95,38.813447056358555,0.9705694639830398,0.00013114842295181006,0.013288008980453014,0.25,1.0,1.0,True,50,0.8
96,26.228466535839804,0.9219892417129717,0.0023811033461242914,0.028570570051670074,0.25,1.0,1.0,True,50,0.8
97,39.16659560494701,0.9799355779946527,0.00012100784806534648,0.012608462013304234,0.25,1.0,1.0,True,50,0.8
98,23.018904259858218,0.8161026506824502,0.004923780914396048,0.04052598401904106,0.25,1.0,1.0,True,50,0.8
99,32.57480943525374,0.9269643730577177,0.0005524264415726066,0.024995451793074608,0.25,1.0,1.0,True,50,0.8
100,34.42991278522709,0.9410763533499527,0.0003603738150559366,0.02201646752655506,0.25,1.0,1.0,True,50,0.8
101,34.80579240357046,0.9535540498339478,0.00014960122643969953,0.010255147702991962,0.25,1.0,1.0,True,50,0.8
102,25.662403744676,0.8568462084006169,0.002298615640029311,0.026076851412653923,0.25,1.0,1.0,True,50,0.8
103,23.510539588823075,0.9151866441156227,0.00445516686886549,0.01924656331539154,0.25,1.0,1.0,True,50,0.8
104,23.25495881015984,0.8214631521739242,0.004492857959121466,0.03460222855210304,0.25,1.0,1.0,True,50,0.8
105,21.88624385345946,0.8879328134106687,0.006453510839492083,0.025181656703352928,0.25,1.0,1.0,True,50,0.8
106,24.92828114546203,0.927680933463096,0.003209355752915144,0.015202636830508709,0.25,1.0,1.0,True,50,0.8
107,36.01566891012742,0.9750883520356888,0.0002502699207980186,0.015861811116337776,0.25,1.0,1.0,True,50,0.8
108,30.930027587392726,0.9154850399069742,0.0008064044523052871,0.03374653682112694,0.25,1.0,1.0,True,50,0.8
109,22.07682897759852,0.862177980634825,0.00619256729260087,0.029320284724235535,0.25,1.0,1.0,True,50,0.8
110,31.21015496705009,0.9577432108583588,0.0007556814234703779,0.01601233519613743,0.25,1.0,1.0,True,50,0.8
111,26.644430956102084,0.9066893607159652,0.0017055646749213338,0.02798035368323326,0.25,1.0,1.0,True,50,0.8
112,28.453063480895896,0.8406533481105316,0.0014122545253485441,0.03771721199154854,0.25,1.0,1.0,True,50,0.8
113,34.55998122262344,0.9518074625247649,0.00034987833350896835,0.020312655717134476,0.25,1.0,1.0,True,50,0.8
114,17.662654577557934,0.6298381386269379,0.01683705672621727,0.041207265108823776,0.25,1.0,1.0,True,50,0.8
115,18.950697799532776,0.7273684784763285,0.012701754458248615,0.04133469983935356,0.25,1.0,1.0,True,50,0.8
116,21.856428284488803,0.832785525032884,0.0064965891651809216,0.03603467345237732,0.25,1.0,1.0,True,50,0.8
117,35.28081942028032,0.9611800301923841,0.00029638491105288267,0.01584857888519764,0.25,1.0,1.0,True,50,0.8
118,33.45052430595195,0.9680552096466531,0.00044764013728126884,0.01652604527771473,0.25,1.0,1.0,True,50,0.8
119,26.26966016252093,0.9216691443371761,0.0023435051552951336,0.02995990216732025,0.25,1.0,1.0,True,50,0.8
120,29.87537665397828,0.9569403445972869,0.0010244870791211724,0.020205246284604073,0.25,1.0,1.0,True,50,0.8
121,25.641063851959395,0.8976226116944208,0.002649098401889205,0.03065776824951172,0.25,1.0,1.0,True,50,0.8
122,29.667595310170935,0.916859263864416,0.0009890851797536016,0.023400645703077316,0.25,1.0,1.0,True,50,0.8
123,23.302847024435508,0.8765224085083199,0.0046683731488883495,0.02195064164698124,0.25,1.0,1.0,True,50,0.8
124,29.21265828258608,0.9443025110199109,0.0011978114489465952,0.02362571842968464,0.25,1.0,1.0,True,50,0.8
125,27.85048225878657,0.9266965171577883,0.0016318593407049775,0.04158132150769234,0.25,1.0,1.0,True,50,0.8
126,30.197069029438786,0.9002547822750901,0.0008985436288639903,0.025644004344940186,0.25,1.0,1.0,True,50,0.8
127,32.78400132400592,0.9698140596734481,0.000520709902048111,0.0286546740680933,0.25,1.0,1.0,True,50,0.8
128,31.91363685918935,0.9533242057351505,0.0006388319889083505,0.028010670095682144,0.25,1.0,1.0,True,50,0.8
129,29.36988138818095,0.878244648921093,0.0010537509806454182,0.02928469143807888,0.25,1.0,1.0,True,50,0.8
130,27.36859254794006,0.928631493435371,0.001796544180251658,0.03821958974003792,0.25,1.0,1.0,True,50,0.8
131,27.365821821957994,0.9157339310921321,0.0016470063710585237,0.035643190145492554,0.25,1.0,1.0,True,50,0.8
132,21.71996040138033,0.8721876871302124,0.0067146350629627705,0.01835089735686779,0.25,1.0,1.0,True,50,0.8
133,29.796200400030575,0.8757853654931205,0.001040973816998303,0.0369517020881176,0.25,1.0,1.0,True,50,0.8
134,27.25208418602895,0.8774141202088719,0.0018367564771324396,0.02387719228863716,0.25,1.0,1.0,True,50,0.8
135,19.98280799027479,0.782658340513409,0.008905715309083462,0.030639687553048134,0.25,1.0,1.0,True,50,0.8
136,30.14972759526692,0.9277159530896274,0.0009467168711125851,0.03304039686918259,0.25,1.0,1.0,True,50,0.8
137,34.00670043947942,0.9452432600937023,0.00039708713302388787,0.024319764226675034,0.25,1.0,1.0,True,50,0.8
138,32.12515292512248,0.9356316152433369,0.0006128177628852427,0.022259626537561417,0.25,1.0,1.0,True,50,0.8
139,32.873690766148016,0.921414901735982,0.0005158570711500943,0.022248629480600357,0.25,1.0,1.0,True,50,0.8
140,25.293643700764076,0.8763151209113276,0.002675045281648636,0.034882135689258575,0.25,1.0,1.0,True,50,0.8
141,30.343242808549075,0.9540539358822308,0.0009201854700222611,0.021350977942347527,0.25,1.0,1.0,True,50,0.8
142,22.166737073688694,0.8729508909568867,0.006057575810700655,0.021445944905281067,0.25,1.0,1.0,True,50,0.8
143,21.711132212567257,0.840433744964756,0.006729097571223974,0.032875895500183105,0.25,1.0,1.0,True,50,0.8
144,38.716302880066685,0.9745882774469653,0.00013423421478364617,0.019801538437604904,0.25,1.0,1.0,True,50,0.8
145,22.05145822959528,0.8536764553933567,0.006216376554220915,0.03228922560811043,0.25,1.0,1.0,True,50,0.8
146,24.358834256217662,0.8801977039767492,0.0036571715027093887,0.028996150940656662,0.25,1.0,1.0,True,50,0.8
147,19.87807202031685,0.8545969103557371,0.010258537717163563,0.03441420942544937,0.25,1.0,1.0,True,50,0.8
148,27.054680123401216,0.8755013241935512,0.001681037014350295,0.02511039562523365,0.25,1.0,1.0,True,50,0.8
149,26.530034229069965,0.8883697075983273,0.002005943562835455,0.023659665137529373,0.25,1.0,1.0,True,50,0.8
150,31.974652589823265,0.9709672330425989,0.0006336611695587635,0.018259773030877113,0.25,1.0,1.0,True,50,0.8
151,30.22561474864596,0.8876306897392282,0.0008525090524926782,0.027237607166171074,0.25,1.0,1.0,True,50,0.8
152,31.011187310539448,0.9306767293135756,0.0007918386836536229,0.025750014930963516,0.25,1.0,1.0,True,50,0.8
153,32.88293932010162,0.929707928657747,0.0005144946626387537,0.021660519763827324,0.25,1.0,1.0,True,50,0.8
154,37.532102901567725,0.9910731773719699,0.0001762941392371431,0.017538031563162804,0.25,1.0,1.0,True,50,0.8
155,18.514977859266956,0.8058105298481119,0.014044799841940403,0.028632670640945435,0.25,1.0,1.0,True,50,0.8
156,32.49040765344721,0.9728173403332723,0.0005621286109089851,0.021374311298131943,0.25,1.0,1.0,True,50,0.8
157,24.66803048123666,0.8552267064154917,0.0034015625715255737,0.03169875964522362,0.25,1.0,1.0,True,50,0.8
158,21.43200479061793,0.8733992941078794,0.006711446680128574,0.025459246709942818,0.25,1.0,1.0,True,50,0.8
159,23.609693135741455,0.91276080058025,0.004327916540205479,0.021109525114297867,0.25,1.0,1.0,True,50,0.8
160,33.97434516646122,0.9637585954800233,0.00040035921847447753,0.017053524032235146,0.25,1.0,1.0,True,50,0.8
161,23.09018112330998,0.8638976179213494,0.004895870573818684,0.029192820191383362,0.25,1.0,1.0,True,50,0.8
162,33.7105620854206,0.9652189946088505,0.00042467823368497193,0.030035309493541718,0.25,1.0,1.0,True,50,0.8
163,21.948782027085244,0.8984752295305592,0.006344879046082497,0.03550475463271141,0.25,1.0,1.0,True,50,0.8
164,24.743739983134972,0.9048232738925428,0.0033410820178687572,0.026681188493967056,0.25,1.0,1.0,True,50,0.8
165,25.619377147649736,0.9259208142157919,0.002595091238617897,0.02036345563828945,0.25,1.0,1.0,True,50,0.8
166,32.80279337319567,0.9488046151212003,0.0005243271007202566,0.020178448408842087,0.25,1.0,1.0,True,50,0.8
167,36.815142496701924,0.9885920240044963,0.0002074266958516091,0.009468228556215763,0.25,1.0,1.0,True,50,0.8
168,28.81518290469029,0.9184119724682979,0.00131272675935179,0.02351531945168972,0.25,1.0,1.0,True,50,0.8
169,25.60862391248814,0.906278333712227,0.0027460488490760326,0.03017399273812771,0.25,1.0,1.0,True,50,0.8
170,35.526682354020664,0.9706249139564818,0.0002795833570417017,0.024008728563785553,0.25,1.0,1.0,True,50,0.8
171,23.32033810915221,0.8111963893342719,0.004524347838014364,0.028642652556300163,0.25,1.0,1.0,True,50,0.8
172,29.11796399872772,0.9339477170885409,0.0012220871867612004,0.026760438457131386,0.25,1.0,1.0,True,50,0.8
173,32.11342338115223,0.9838083115924376,0.0006117344601079822,0.01942669041454792,0.25,1.0,1.0,True,50,0.8
174,29.46853502937115,0.9592525335288269,0.0011241213651373982,0.025629406794905663,0.25,1.0,1.0,True,50,0.8
175,28.63925820476174,0.8653633007432514,0.0010308230994269252,0.02649197354912758,0.25,1.0,1.0,True,50,0.8
176,23.76143987543466,0.9020497462250532,0.004203145392239094,0.016418175771832466,0.25,1.0,1.0,True,50,0.8
177,30.978906670126342,0.9631924594611206,0.0007976209162734449,0.020880697295069695,0.25,1.0,1.0,True,50,0.8
178,29.67129899620918,0.9208900687928476,0.0010143276304006577,0.023939650505781174,0.25,1.0,1.0,True,50,0.8
179,28.08267835905432,0.9569623992385264,0.0015479684807360172,0.024731643497943878,0.25,1.0,1.0,True,50,0.8
180,30.630292386873315,0.9447492120328087,0.0008494055364280939,0.01856101118028164,0.25,1.0,1.0,True,50,0.8
181,29.496649862062707,0.9469235033350464,0.0011173689272254705,0.030383571982383728,0.25,1.0,1.0,True,50,0.8
182,32.73841357340279,0.9363343184746579,0.0005319393239915371,0.025029316544532776,0.25,1.0,1.0,True,50,0.8
183,26.11716708082392,0.9651215012436127,0.002441766206175089,0.014685987494885921,0.25,1.0,1.0,True,50,0.8
184,25.027248863747,0.921873429352891,0.003117539919912815,0.03628179058432579,0.25,1.0,1.0,True,50,0.8
185,27.803360741964582,0.9003361260251241,0.0016540918732061982,0.02259368821978569,0.25,1.0,1.0,True,50,0.8
186,32.64308156998975,0.9474284739701617,0.0005438359221443534,0.026543308049440384,0.25,1.0,1.0,True,50,0.8
187,22.90249921872438,0.8261649344739734,0.005102089140564203,0.04019696265459061,0.25,1.0,1.0,True,50,0.8
188,38.12171671605108,0.977082539453595,0.00015380399418063462,0.012150845490396023,0.25,1.0,1.0,True,50,0.8
189,24.623189413340437,0.8800740340994662,0.0034085686784237623,0.041605234146118164,0.25,1.0,1.0,True,50,0.8
190,39.188370862098154,0.9760906138102705,0.00012030030484311283,0.026844747364521027,0.25,1.0,1.0,True,50,0.8
191,34.99449244656891,0.9512253580509201,0.0003164603258483112,0.019912200048565865,0.25,1.0,1.0,True,50,0.8
192,35.42551366813643,0.9650977551475767,0.00028577816556207836,0.028056778013706207,0.25,1.0,1.0,True,50,0.8
193,26.015030020763383,0.8633818141058841,0.002446672646328807,0.037015967071056366,0.25,1.0,1.0,True,50,0.8
194,21.70802408799197,0.8619916959732032,0.006737191695719957,0.019185150042176247,0.25,1.0,1.0,True,50,0.8
195,26.232072747492367,0.8945865609055187,0.0023729419335722923,0.03333672136068344,0.25,1.0,1.0,True,50,0.8
196,23.461004780200252,0.7927953040642256,0.004416005685925484,0.03596186265349388,0.25,1.0,1.0,True,50,0.8
197,24.019976872244104,0.8328236316185317,0.003948725759983063,0.04066047817468643,0.25,1.0,1.0,True,50,0.8
198,17.64698724756856,0.770866095110528,0.017142867669463158,0.024737583473324776,0.25,1.0,1.0,True,50,0.8
199,25.806369787567945,0.8660986443206147,0.0024961750023066998,0.02813587337732315,0.25,1.0,1.0,True,50,0.8
200,32.10023499659839,0.9327642686311367,0.0006059024599380791,0.022313831374049187,0.25,1.0,1.0,True,50,0.8
201,23.077299868907314,0.8267387969663724,0.004812975879758596,0.03158662095665932,0.25,1.0,1.0,True,50,0.8
202,32.47981093527635,0.9526256661865979,0.0005626723286695778,0.02337571606040001,0.25,1.0,1.0,True,50,0.8
203,30.182760688799437,0.8990064719220925,0.0009392235660925508,0.02812323346734047,0.25,1.0,1.0,True,50,0.8
204,36.61866165164297,0.9601102856874958,0.0002175314730266109,0.013608953915536404,0.25,1.0,1.0,True,50,0.8
205,21.57031824838667,0.8288212912671826,0.00694721145555377,0.035722941160202026,0.25,1.0,1.0,True,50,0.8
206,37.30670886540803,0.9667093215204614,0.00018563191406428814,0.024669552221894264,0.25,1.0,1.0,True,50,0.8
207,33.39632911390626,0.9380018017240354,0.000457319023553282,0.020326746627688408,0.25,1.0,1.0,True,50,0.8
208,25.8174339656844,0.8397577427466034,0.0026168779004365206,0.03266003355383873,0.25,1.0,1.0,True,50,0.8
209,33.037143851518486,0.9434016368614262,0.0004963520332239568,0.020044568926095963,0.25,1.0,1.0,True,50,0.8
210,17.580643895063584,0.6370642753304887,0.017286377027630806,0.04916681349277496,0.25,1.0,1.0,True,50,0.8
211,25.208618462592455,0.8983448112719395,0.0029683054890483618,0.030374979600310326,0.25,1.0,1.0,True,50,0.8
212,28.953266060112163,0.9175393309201988,0.001271493616513908,0.02023671194911003,0.25,1.0,1.0,True,50,0.8
213,27.753496894659474,0.9076629906596152,0.0014937144005671144,0.020367220044136047,0.25,1.0,1.0,True,50,0.8
214,26.951866974180266,0.9393619235808758,0.0020145552698522806,0.02760767750442028,0.25,1.0,1.0,True,50,0.8
215,28.94925938406867,0.9100873461079672,0.001182297128252685,0.029306428506970406,0.25,1.0,1.0,True,50,0.8
216,27.464055687676165,0.9091969865903602,0.0015483512543141842,0.027809487655758858,0.25,1.0,1.0,True,50,0.8
217,31.266024144286707,0.9421174390197292,0.0007434741710312665,0.02068272978067398,0.25,1.0,1.0,True,50,0.8
218,22.956467560481254,0.8222161484770506,0.005050791427493095,0.04118197038769722,0.25,1.0,1.0,True,50,0.8
219,27.2549304027972,0.881894332398079,0.0018799579702317715,0.028608236461877823,0.25,1.0,1.0,True,50,0.8
220,30.12203704510014,0.914906833951349,0.0009638003539294004,0.021244129166007042,0.25,1.0,1.0,True,50,0.8
221,26.520804121535587,0.9400718842620575,0.002224656753242016,0.030725162476301193,0.25,1.0,1.0,True,50,0.8
222,29.01651851901201,0.9160674344352999,0.0012123386841267347,0.01167959813028574,0.25,1.0,1.0,True,50,0.8
223,33.032921222843356,0.9428158786044032,0.0004969865549355745,0.021801186725497246,0.25,1.0,1.0,True,50,0.8
224,25.383662173724076,0.8851526290111261,0.002752298256382346,0.04419868066906929,0.25,1.0,1.0,True,50,0.8
225,35.96667039042784,0.9765547934931129,0.00025302389985881746,0.015455895103514194,0.25,1.0,1.0,True,50,0.8
226,31.64797775063331,0.9637002168209806,0.0006839419365860522,0.022640619426965714,0.25,1.0,1.0,True,50,0.8
227,30.138257183304795,0.9426198375206614,0.0009670800063759089,0.022154416888952255,0.25,1.0,1.0,True,50,0.8
228,24.700136577675636,0.8732634438486215,0.003379921894520521,0.03555702045559883,0.25,1.0,1.0,True,50,0.8
229,23.178640969750855,0.7424591370361835,0.003106890246272087,0.029646359384059906,0.25,1.0,1.0,True,50,0.8
230,25.37876366122935,0.8587537521563213,0.0026234399992972612,0.03295830637216568,0.25,1.0,1.0,True,50,0.8
231,36.73476297709238,0.97152505635108,0.00021158854360692203,0.016541218385100365,0.25,1.0,1.0,True,50,0.8
232,35.317440383995326,0.9655019417712686,0.0002933142823167145,0.01647144742310047,0.25,1.0,1.0,True,50,0.8
233,26.936012297764048,0.9265893447886618,0.0020224612671881914,0.018293797969818115,0.25,1.0,1.0,True,50,0.8
234,30.1482464885154,0.9329653150551944,0.0009279200457967818,0.022510305047035217,0.25,1.0,1.0,True,50,0.8
235,22.130161961753632,0.8625630383620998,0.006102053914219141,0.027474086731672287,0.25,1.0,1.0,True,50,0.8
236,38.2161384401146,0.9690211978121069,0.0001506041007814929,0.01892399601638317,0.25,1.0,1.0,True,50,0.8
237,24.52255370994878,0.8920187498259615,0.0034921830520033836,0.02956976555287838,0.25,1.0,1.0,True,50,0.8
238,23.158344260607645,0.7854125432550457,0.004772786516696215,0.041166987270116806,0.25,1.0,1.0,True,50,0.8
239,31.746316922294366,0.9542879606717265,0.0006683999672532082,0.022573191672563553,0.25,1.0,1.0,True,50,0.8
240,27.8364726968149,0.8917643471022201,0.0016404406633228064,0.029313158243894577,0.25,1.0,1.0,True,50,0.8
241,31.82695435073976,0.9610463229341527,0.0006556182052008808,0.0187770277261734,0.25,1.0,1.0,True,50,0.8
242,32.24385094050329,0.9747792852367779,0.000595428457017988,0.012429803609848022,0.25,1.0,1.0,True,50,0.8
243,26.121028822800785,0.9150204843638697,0.0023120928090065718,0.02793741598725319,0.25,1.0,1.0,True,50,0.8
244,30.050242476734383,0.9436741544258607,0.0009872099617496133,0.02527214027941227,0.25,1.0,1.0,True,50,0.8
245,32.21758708617221,0.912315317805399,0.0005237336154095829,0.02212865650653839,0.25,1.0,1.0,True,50,0.8
246,25.938039293465252,0.8404632979577217,0.0025086880195885897,0.03225507214665413,0.25,1.0,1.0,True,50,0.8
247,30.491274626562983,0.9639456051914069,0.0008917648810893297,0.030603129416704178,0.25,1.0,1.0,True,50,0.8
248,24.43779190776686,0.8417935641059581,0.003071758896112442,0.04076104611158371,0.25,1.0,1.0,True,50,0.8
249,36.15893762034132,0.9529682226455987,0.00024151192337740213,0.02223171293735504,0.25,1.0,1.0,True,50,0.8
250,34.39575040400164,0.9592713788997524,0.00036296030157245696,0.016550129279494286,0.25,1.0,1.0,True,50,0.8
251,23.270705845112985,0.8771282923416562,0.004073711112141609,0.02645173855125904,0.25,1.0,1.0,True,50,0.8
252,19.118755239932504,0.7149424541150703,0.012111779302358627,0.050040069967508316,0.25,1.0,1.0,True,50,0.8
253,33.04291715815874,0.9595185629600588,0.0004867248353548348,0.01641879417002201,0.25,1.0,1.0,True,50,0.8
254,21.367652114949472,0.9141963840768864,0.007252917625010014,0.02743636444211006,0.25,1.0,1.0,True,50,0.8
255,27.33775505130931,0.8599259166793765,0.0014257475268095732,0.029145851731300354,0.25,1.0,1.0,True,50,0.8
256,26.624819178604845,0.9099644046772745,0.0017769488040357828,0.01861952804028988,0.25,1.0,1.0,True,50,0.8
257,35.31773132678634,0.960321974366811,0.0002937128592748195,0.016870679333806038,0.25,1.0,1.0,True,50,0.8
258,24.630463678034936,0.8704538193884065,0.003264852799475193,0.03420548141002655,0.25,1.0,1.0,True,50,0.8
259,29.33014545775159,0.8846761175691774,0.0011347299441695213,0.03167396038770676,0.25,1.0,1.0,True,50,0.8
260,34.74826460971332,0.9658139370328009,0.0003346069424878806,0.01801917515695095,0.25,1.0,1.0,True,50,0.8
261,35.21583232998588,0.9646328250936187,0.0002997155534103513,0.021156035363674164,0.25,1.0,1.0,True,50,0.8
262,28.94453086256511,0.9005788150056043,0.0011345457751303911,0.030733997002243996,0.25,1.0,1.0,True,50,0.8
263,28.703819980953476,0.9214868273382278,0.0013462984934449196,0.02192395180463791,0.25,1.0,1.0,True,50,0.8
264,27.713928856541884,0.9558984616500306,0.001690703327767551,0.019703179597854614,0.25,1.0,1.0,True,50,0.8
265,30.831094980670443,0.9308081647867512,0.0008155695395544171,0.016537731513381004,0.25,1.0,1.0,True,50,0.8
266,35.40018740744588,0.9593322829519263,0.00028809692594222724,0.017774024978280067,0.25,1.0,1.0,True,50,0.8
267,22.230694625249633,0.8530384862003083,0.005704643204808235,0.025931011885404587,0.25,1.0,1.0,True,50,0.8
268,35.99694450947228,0.9609867402566722,0.00025122115039266646,0.016879327595233917,0.25,1.0,1.0,True,50,0.8
269,20.555670414097087,0.7542174413070661,0.007980196736752987,0.04020819067955017,0.25,1.0,1.0,True,50,0.8
270,29.855308534254824,0.9040660808214647,0.0010305226314812899,0.02605729177594185,0.25,1.0,1.0,True,50,0.8
271,26.231361526278786,0.8874866062250484,0.002363100415095687,0.03902485966682434,0.25,1.0,1.0,True,50,0.8
272,24.39216135749171,0.757985678481484,0.0035537260118871927,0.04512108862400055,0.25,1.0,1.0,True,50,0.8
273,29.743080832175586,0.9453875976542571,0.001058249268680811,0.031944796442985535,0.25,1.0,1.0,True,50,0.8
274,27.431771287565244,0.8921121112292034,0.0017832505982369184,0.04429428279399872,0.25,1.0,1.0,True,50,0.8
275,15.942666688909032,0.7317134772491325,0.02535477839410305,0.025459256023168564,0.25,1.0,1.0,True,50,0.8
276,32.0822002076705,0.9349602923273918,0.0006130932015366852,0.019163057208061218,0.25,1.0,1.0,True,50,0.8
277,24.162597322798224,0.8408084923539155,0.0037966840900480747,0.021734734997153282,0.25,1.0,1.0,True,50,0.8
278,28.07585290963928,0.8951669413743202,0.0015047108754515648,0.0210101455450058,0.25,1.0,1.0,True,50,0.8
279,24.725528234013822,0.8612591399120646,0.003357949433848262,0.03923022001981735,0.25,1.0,1.0,True,50,0.8
280,24.112110282920437,0.8829286668025067,0.0035583837889134884,0.028645776212215424,0.25,1.0,1.0,True,50,0.8
281,20.978240667693914,0.8709843104138876,0.007967760786414146,0.01675168052315712,0.25,1.0,1.0,True,50,0.8
282,20.325624504549364,0.7900188379797035,0.009275104850530624,0.028508976101875305,0.25,1.0,1.0,True,50,0.8
283,34.96538621887646,0.9520902087291082,0.00031850094092078507,0.02421652339398861,0.25,1.0,1.0,True,50,0.8
284,27.557046285249523,0.8748928670633049,0.0017295198049396276,0.024936160072684288,0.25,1.0,1.0,True,50,0.8
285,22.768605542417994,0.8573945759339315,0.005178729072213173,0.025520246475934982,0.25,1.0,1.0,True,50,0.8
286,36.62763026112585,0.9519530639467594,0.00021672459843102843,0.03161219507455826,0.25,1.0,1.0,True,50,0.8
287,27.807246994042764,0.9400872378095877,0.0016473587602376938,0.017420634627342224,0.25,1.0,1.0,True,50,0.8
288,30.044456860617956,0.9513120949499009,0.000984107842668891,0.02657834067940712,0.25,1.0,1.0,True,50,0.8
289,29.457960051047817,0.8996024080273437,0.0011108039179816842,0.04164017364382744,0.25,1.0,1.0,True,50,0.8
290,32.38045489099442,0.9514470054730543,0.0005776087637059391,0.013166416436433792,0.25,1.0,1.0,True,50,0.8
291,20.79886176239263,0.7753015543369988,0.008243311196565628,0.03249948099255562,0.25,1.0,1.0,True,50,0.8
292,30.85708551589066,0.9410648660117259,0.000798799388576299,0.023643044754862785,0.25,1.0,1.0,True,50,0.8
293,23.31361612248598,0.8736978831915551,0.004613997880369425,0.030222779139876366,0.25,1.0,1.0,True,50,0.8
294,30.91553993887064,0.9106524821228594,0.0006271933671087027,0.022988326847553253,0.25,1.0,1.0,True,50,0.8
295,22.24002322197698,0.8501817006135574,0.005890952423214912,0.0353514663875103,0.25,1.0,1.0,True,50,0.8
296,29.52715951662146,0.9206227545152631,0.0011009882437065244,0.034088194370269775,0.25,1.0,1.0,True,50,0.8
297,26.40582974501841,0.8636316790450191,0.002220539841800928,0.04795755818486214,0.25,1.0,1.0,True,50,0.8
298,31.446881610152502,0.9564880897263133,0.0007160385721363127,0.022956565022468567,0.25,1.0,1.0,True,50,0.8
299,34.149080212892635,0.9879899240407413,0.00038410461274906993,0.014427660964429379,0.25,1.0,1.0,True,50,0.8
300,40.537014772541866,0.9761423700949479,8.781312499195337e-05,0.01704471744596958,0.25,1.0,1.0,True,50,0.8
301,27.053904693279122,0.9196465205635694,0.0019001597538590431,0.033581141382455826,0.25,1.0,1.0,True,50,0.8
302,27.585533752064713,0.9169478113921619,0.0017433761386200786,0.030549079179763794,0.25,1.0,1.0,True,50,0.8
303,25.137068634225113,0.9043391876391705,0.0030450241174548864,0.0362316332757473,0.25,1.0,1.0,True,50,0.8
304,19.07872504274276,0.7201360889865587,0.012280313298106194,0.03694155439734459,0.25,1.0,1.0,True,50,0.8
305,28.19783459434837,0.9303289775201288,0.001500534126535058,0.05019751191139221,0.25,1.0,1.0,True,50,0.8
306,25.378453534807836,0.8987055866155145,0.0028564666863530874,0.01997661404311657,0.25,1.0,1.0,True,50,0.8
307,28.51450245937706,0.8629689243169438,0.0013416509609669447,0.03820674866437912,0.25,1.0,1.0,True,50,0.8
308,26.78493218807798,0.8947829297369864,0.001997365616261959,0.025568978860974312,0.25,1.0,1.0,True,50,0.8
309,38.391252601851335,0.9815692689550427,0.00014468529843725264,0.017109978944063187,0.25,1.0,1.0,True,50,0.8
310,24.827426037430644,0.852113627456465,0.003181897336617112,0.04028187692165375,0.25,1.0,1.0,True,50,0.8
311,34.61343402826987,0.945800128497637,0.0003411179350223392,0.021103646606206894,0.25,1.0,1.0,True,50,0.8
312,21.096597226751612,0.8551179777732144,0.0077255186624825,0.02712930180132389,0.25,1.0,1.0,True,50,0.8
313,32.099208046777946,0.9309989431771085,0.000616027507930994,0.026975387707352638,0.25,1.0,1.0,True,50,0.8
314,27.87970433347232,0.9117207421283973,0.0016052613500505686,0.0306380782276392,0.25,1.0,1.0,True,50,0.8
315,34.16749045449518,0.9822192486410171,0.0003821460122708231,0.013433434069156647,0.25,1.0,1.0,True,50,0.8
316,28.72883595324985,0.9507839457969055,0.0013029290130361915,0.027577782049775124,0.25,1.0,1.0,True,50,0.8
317,22.591830986053854,0.8686849298425678,0.0051859300583601,0.03225342556834221,0.25,1.0,1.0,True,50,0.8
318,27.35274947092546,0.9123303095345896,0.00182563706766814,0.03984227403998375,0.25,1.0,1.0,True,50,0.8
319,27.47460513687601,0.9303310596152479,0.001788413617759943,0.021356936544179916,0.25,1.0,1.0,True,50,0.8
320,33.89352130605904,0.9499175169950176,0.00040406815242022276,0.01836305297911167,0.25,1.0,1.0,True,50,0.8
321,35.894181916862124,0.9527175948485133,0.00025713336071930826,0.02196274697780609,0.25,1.0,1.0,True,50,0.8
322,17.806346287426056,0.7082321667990631,0.016424834728240967,0.03544899821281433,0.25,1.0,1.0,True,50,0.8
323,31.52098400203977,0.9748823581988105,0.000696979695931077,0.027597123757004738,0.25,1.0,1.0,True,50,0.8
324,26.321537185595275,0.9495156347613216,0.002320354338735342,0.023204199969768524,0.25,1.0,1.0,True,50,0.8
325,30.249867850740003,0.9624173965408891,0.0007511714356951416,0.017034677788615227,0.25,1.0,1.0,True,50,0.8
326,29.81392316886041,0.9390176431313387,0.001043293857946992,0.026823213323950768,0.25,1.0,1.0,True,50,0.8
327,29.18302148200165,0.9498798073845136,0.001200405997224152,0.017816992476582527,0.25,1.0,1.0,True,50,0.8
328,24.976667104663527,0.9131582512076217,0.0030293187592178583,0.02432997338473797,0.25,1.0,1.0,True,50,0.8
329,31.56493762608686,0.9690367803054452,0.000697057752404362,0.01756587065756321,0.25,1.0,1.0,True,50,0.8
330,31.56160057642104,0.946530050975804,0.0006850791396573186,0.018192892894148827,0.25,1.0,1.0,True,50,0.8
331,39.412585134342386,0.9781807105915219,0.00011434133193688467,0.01665305718779564,0.25,1.0,1.0,True,50,0.8
332,27.66954593706766,0.9346290237413982,0.0017044366104528308,0.016069717705249786,0.25,1.0,1.0,True,50,0.8
333,36.16439849167898,0.9847650870726943,0.0002415770577499643,0.01264955848455429,0.25,1.0,1.0,True,50,0.8
334,32.93545165910552,0.9527305254503178,0.0005083542200736701,0.031250860542058945,0.25,1.0,1.0,True,50,0.8
335,26.922995138734947,0.8750716947861039,0.0019812872633337975,0.04187025502324104,0.25,1.0,1.0,True,50,0.8
336,25.34434614170323,0.8962011062785199,0.002803856274113059,0.029446812346577644,0.25,1.0,1.0,True,50,0.8
337,23.903208863982748,0.8695378642409951,0.004054440185427666,0.02939099445939064,0.25,1.0,1.0,True,50,0.8
338,34.92716864622404,0.9870476617532618,0.00031594664324074984,0.01477853488177061,0.25,1.0,1.0,True,50,0.8
339,36.69410983775964,0.9739542748352322,0.00021379272220656276,0.014935029670596123,0.25,1.0,1.0,True,50,0.8
340,29.000246025002028,0.9062772693864086,0.0012130099348723888,0.032401151955127716,0.25,1.0,1.0,True,50,0.8
341,16.19758792823584,0.6345424541687966,0.023737527430057526,0.038753610104322433,0.25,1.0,1.0,True,50,0.8
342,25.681061642832397,0.8192278797453764,0.0019063926301896572,0.035055674612522125,0.25,1.0,1.0,True,50,0.8
343,22.782304705089604,0.8231950231122095,0.0039525083266198635,0.022964779287576675,0.25,1.0,1.0,True,50,0.8
344,31.13864453041566,0.9347336172280973,0.0007681768038310111,0.02364164963364601,0.25,1.0,1.0,True,50,0.8
345,30.80470347281526,0.9175144357576013,0.0007930111605674028,0.02285892702639103,0.25,1.0,1.0,True,50,0.8
346,29.560416690772403,0.8547339526624289,0.0010758752468973398,0.03544478863477707,0.25,1.0,1.0,True,50,0.8
347,29.75097695842965,0.959972382568292,0.00103210739325732,0.027667513117194176,0.25,1.0,1.0,True,50,0.8
348,34.46499269971011,0.9588818810841739,0.0003572084242478013,0.026451366022229195,0.25,1.0,1.0,True,50,0.8
349,32.99946963026143,0.9317311828588861,0.0005010196473449469,0.024245845153927803,0.25,1.0,1.0,True,50,0.8
350,28.99210456735024,0.9378452994490678,0.0012600532500073314,0.023125940933823586,0.25,1.0,1.0,True,50,0.8
351,27.649331110279356,0.9443873595850018,0.0017165939789265394,0.02154671959578991,0.25,1.0,1.0,True,50,0.8
352,31.375528750696763,0.9374622400577101,0.0007285221363417804,0.0166365597397089,0.25,1.0,1.0,True,50,0.8
353,23.60063174436785,0.8984630327862548,0.004349475726485252,0.02797381766140461,0.25,1.0,1.0,True,50,0.8
354,23.44922902259096,0.9131397946638712,0.004517023917287588,0.019314387813210487,0.25,1.0,1.0,True,50,0.8
355,19.955774659327673,0.8115716528474269,0.01008376944810152,0.0267307311296463,0.25,1.0,1.0,True,50,0.8
356,20.21415450617756,0.832539453489864,0.009494595229625702,0.0270264632999897,0.25,1.0,1.0,True,50,0.8
357,25.846777404393144,0.9086016104993928,0.00256614969111979,0.032399196177721024,0.25,1.0,1.0,True,50,0.8
358,27.364761162313243,0.9274878197794605,0.0017518488457426429,0.02293923683464527,0.25,1.0,1.0,True,50,0.8
359,34.53699481912186,0.9497828981440257,0.0003517180448397994,0.025544989854097366,0.25,1.0,1.0,True,50,0.8
360,33.09062653674202,0.9432861093889203,0.0004905409296043217,0.028499804437160492,0.25,1.0,1.0,True,50,0.8
361,29.778216252070614,0.8820338930484865,0.0009585285442881286,0.02933323010802269,0.25,1.0,1.0,True,50,0.8
362,26.412928840141344,0.9194148588229751,0.002283636014908552,0.027840716764330864,0.25,1.0,1.0,True,50,0.8
363,36.41610838611102,0.9748074120320034,0.00022803941101301461,0.017136041074991226,0.25,1.0,1.0,True,50,0.8
364,30.090926963118658,0.9641671948081076,0.0009787476155906916,0.036635249853134155,0.25,1.0,1.0,True,50,0.8
365,28.779721835272166,0.9302011351836356,0.0012470014626160264,0.02556704357266426,0.25,1.0,1.0,True,50,0.8
366,23.771568083282403,0.8274126169173853,0.004161836579442024,0.03363221511244774,0.25,1.0,1.0,True,50,0.8
367,32.370967191043555,0.9509042799857256,0.0005775102763436735,0.01739303581416607,0.25,1.0,1.0,True,50,0.8
368,27.73903472344969,0.946394296714765,0.0016801675083115697,0.024029184132814407,0.25,1.0,1.0,True,50,0.8
369,26.376840406176242,0.9137920101545175,0.002294978592544794,0.03236951306462288,0.25,1.0,1.0,True,50,0.8
370,30.710034729347896,0.9566935307823959,0.0008481733966618776,0.023232825100421906,0.25,1.0,1.0,True,50,0.8
371,25.365803661990192,0.8933895541205079,0.002480693394318223,0.0222612451761961,0.25,1.0,1.0,True,50,0.8
372,27.860170139706973,0.9183779019543803,0.0015102523611858487,0.025586824864149094,0.25,1.0,1.0,True,50,0.8
373,33.798794769047305,0.9602478854012194,0.0004161727847531438,0.018297702074050903,0.25,1.0,1.0,True,50,0.8
374,31.04813072172631,0.9462458345927567,0.0007449263357557356,0.020523803308606148,0.25,1.0,1.0,True,50,0.8
375,31.954021727329952,0.9692635691049052,0.0006315687205642462,0.023597029969096184,0.25,1.0,1.0,True,50,0.8
376,24.854132921172926,0.9146085612928078,0.0032263221219182014,0.02060798928141594,0.25,1.0,1.0,True,50,0.8
377,28.890656025178956,0.9030585549733341,0.001261730445548892,0.03366365656256676,0.25,1.0,1.0,True,50,0.8
378,28.094019198268473,0.881850283081625,0.0014786517713218927,0.03341980651021004,0.25,1.0,1.0,True,50,0.8
379,26.260199907804417,0.9199456226415125,0.002362713450565934,0.024739935994148254,0.25,1.0,1.0,True,50,0.8
380,17.160256922800684,0.7018285283210755,0.018916109576821327,0.03461526334285736,0.25,1.0,1.0,True,50,0.8
381,19.16553350553528,0.7223439602285927,0.011913269758224487,0.04228394106030464,0.25,1.0,1.0,True,50,0.8
382,20.41803830150139,0.8598035210974214,0.009017650969326496,0.028142618015408516,0.25,1.0,1.0,True,50,0.8
383,24.659523558687457,0.875016763912066,0.0031654632184654474,0.030283700674772263,0.25,1.0,1.0,True,50,0.8
384,36.35121797249285,0.9600457045315958,0.00023140208213590086,0.016204454004764557,0.25,1.0,1.0,True,50,0.8
385,32.120879301968785,0.9521577086211235,0.000611807219684124,0.029705308377742767,0.25,1.0,1.0,True,50,0.8
386,23.348872779340635,0.8921929940752401,0.0045763226225972176,0.04129938408732414,0.25,1.0,1.0,True,50,0.8
387,21.39240143968418,0.8616071500349249,0.007218973245471716,0.03645230829715729,0.25,1.0,1.0,True,50,0.8
388,28.04178802922468,0.9445330424866686,0.0015540813328698277,0.04579074680805206,0.25,1.0,1.0,True,50,0.8
389,32.16145160567551,0.9532195266847517,0.0006025094189681113,0.019962580874562263,0.25,1.0,1.0,True,50,0.8
390,36.469867725001365,0.9778348348335093,0.00022522798099089414,0.024134857580065727,0.25,1.0,1.0,True,50,0.8
391,30.594018274029793,0.9042303370440646,0.0008696898003108799,0.03483423590660095,0.25,1.0,1.0,True,50,0.8
392,20.122611077369164,0.8299857198284272,0.00970182754099369,0.04230228811502457,0.25,1.0,1.0,True,50,0.8
393,31.89140582369051,0.9668552261326459,0.0006202383665367961,0.027354037389159203,0.25,1.0,1.0,True,50,0.8
394,27.577591488784496,0.8844439335824812,0.0017419342184439301,0.031600773334503174,0.25,1.0,1.0,True,50,0.8
395,22.75432814899222,0.7077753753995956,0.005200281273573637,0.04320060834288597,0.25,1.0,1.0,True,50,0.8
396,29.590241638939943,0.9207760164027858,0.0010922005167230964,0.036870602518320084,0.25,1.0,1.0,True,50,0.8
397,19.47023730676638,0.7429146164770455,0.011170906946063042,0.03665550798177719,0.25,1.0,1.0,True,50,0.8
398,28.077119517810996,0.943376613894268,0.0015475337859243155,0.019966265186667442,0.25,1.0,1.0,True,50,0.8
399,34.56708283703756,0.9475587510318333,0.0003489624650683254,0.0187517236918211,0.25,1.0,1.0,True,50,0.8
400,33.43515461499351,0.983781816589697,0.0004528893041424453,0.01683560572564602,0.25,1.0,1.0,True,50,0.8
401,27.610882424353278,0.8780234562920529,0.001416251645423472,0.02995978482067585,0.25,1.0,1.0,True,50,0.8
402,31.256367453325964,0.9644773276551589,0.0007129690493457019,0.018809538334608078,0.25,1.0,1.0,True,50,0.8
403,17.94902994962695,0.6844826199360189,0.015976328402757645,0.03727850690484047,0.25,1.0,1.0,True,50,0.8
404,29.557733979016206,0.9338359527435958,0.0011068632593378425,0.026352811604738235,0.25,1.0,1.0,True,50,0.8
405,31.984798496983856,0.955616534025369,0.0006325359572656453,0.025404438376426697,0.25,1.0,1.0,True,50,0.8
406,29.21904296394462,0.9297182668265728,0.0011938585666939616,0.02484317682683468,0.25,1.0,1.0,True,50,0.8
407,22.156628595948472,0.8698539840243948,0.006078893318772316,0.023648494854569435,0.25,1.0,1.0,True,50,0.8
408,28.53419685557803,0.9350105669230253,0.0012781909899786115,0.028084583580493927,0.25,1.0,1.0,True,50,0.8
409,34.165721636201035,0.9409973256835874,0.00037929104291833937,0.016634181141853333,0.25,1.0,1.0,True,50,0.8
410,37.339334035687564,0.9826562127523255,0.00018438426195643842,0.017851101234555244,0.25,1.0,1.0,True,50,0.8
411,25.43020016534436,0.9186825286887751,0.002823773305863142,0.02073669619858265,0.25,1.0,1.0,True,50,0.8
412,35.489398452760284,0.9785923722158768,0.00028224047855474055,0.013690156862139702,0.25,1.0,1.0,True,50,0.8
413,28.36927143401905,0.9109197096943363,0.0014550704509019852,0.023689018562436104,0.25,1.0,1.0,True,50,0.8
414,30.82705480606037,0.9487398441484961,0.000824982242193073,0.020726293325424194,0.25,1.0,1.0,True,50,0.8
415,37.933744932885546,0.9759913970811448,0.00016084224625956267,0.015513024292886257,0.25,1.0,1.0,True,50,0.8
416,29.30783377862862,0.8877897381770998,0.0011647897772490978,0.03730443865060806,0.25,1.0,1.0,True,50,0.8
417,29.915101224660702,0.9183128143826997,0.0009970397222787142,0.03398556634783745,0.25,1.0,1.0,True,50,0.8
418,26.282549244467415,0.9277641632631651,0.002340461127460003,0.028107669204473495,0.25,1.0,1.0,True,50,0.8
419,24.495089934349767,0.909556388974159,0.0035485578700900078,0.02187606319785118,0.25,1.0,1.0,True,50,0.8
420,32.005197530914515,0.9455374056556031,0.0006294702761806548,0.015894079580903053,0.25,1.0,1.0,True,50,0.8
421,25.994133040860724,0.9105481973454458,0.002472430467605591,0.027597656473517418,0.25,1.0,1.0,True,50,0.8
422,36.49839246378784,0.9714547287522823,0.00022383542091120034,0.013915189541876316,0.25,1.0,1.0,True,50,0.8
423,32.25152236275644,0.9559818157931969,0.000593325705267489,0.02714066207408905,0.25,1.0,1.0,True,50,0.8
424,27.77084608031654,0.9235482323834032,0.00166428426746279,0.02696060575544834,0.25,1.0,1.0,True,50,0.8
425,29.08116602719869,0.9545131557004986,0.0012088940711691976,0.028609231114387512,0.25,1.0,1.0,True,50,0.8
426,24.918482150309945,0.9114661421084976,0.0031022164039313793,0.036455340683460236,0.25,1.0,1.0,True,50,0.8
427,31.517692030075807,0.9411829185236719,0.0007034705486148596,0.02077445574104786,0.25,1.0,1.0,True,50,0.8
428,28.534940849942476,0.9157665090864164,0.0013933718437328935,0.03278731927275658,0.25,1.0,1.0,True,50,0.8
429,31.434557285258464,0.8688820823104388,0.0006993900169618428,0.0348384752869606,0.25,1.0,1.0,True,50,0.8
430,25.747282086435952,0.886300016744341,0.002641115803271532,0.019586965441703796,0.25,1.0,1.0,True,50,0.8
431,29.317409036479418,0.9327358490526984,0.0011055044597014785,0.025236960500478745,0.25,1.0,1.0,True,50,0.8
432,29.11862504423815,0.9268916504701716,0.0012224409729242325,0.019288579002022743,0.25,1.0,1.0,True,50,0.8
433,20.338010264113024,0.7905945953291851,0.009059849195182323,0.03231586515903473,0.25,1.0,1.0,True,50,0.8
434,36.17658034745588,0.9688064754163026,0.000241100846324116,0.014162794686853886,0.25,1.0,1.0,True,50,0.8
435,24.647320638990408,0.7925864134418276,0.0034065975341945887,0.04681738466024399,0.25,1.0,1.0,True,50,0.8
436,19.902603147928385,0.8390397212873679,0.010144614614546299,0.03706597909331322,0.25,1.0,1.0,True,50,0.8
437,27.417951375341136,0.934082654030884,0.0017742114141583443,0.028283454477787018,0.25,1.0,1.0,True,50,0.8
438,29.34576279487162,0.9657671227205402,0.0011616565752774477,0.017334699630737305,0.25,1.0,1.0,True,50,0.8
439,26.772783715388925,0.926365708189337,0.002094513736665249,0.017803460359573364,0.25,1.0,1.0,True,50,0.8
440,34.93413773501403,0.9551249791717136,0.00032060337252914906,0.021319469437003136,0.25,1.0,1.0,True,50,0.8
441,32.005817457561555,0.9344790266409624,0.0006299637607298791,0.027079442515969276,0.25,1.0,1.0,True,50,0.8
442,32.82593173333968,0.9536986515787118,0.0005206696805544198,0.01650312915444374,0.25,1.0,1.0,True,50,0.8
443,26.72001035455738,0.8257044346136174,0.0020924375858157873,0.03856580704450607,0.25,1.0,1.0,True,50,0.8
444,30.22221666375546,0.9250148568221659,0.0009495337144471705,0.0222881268709898,0.25,1.0,1.0,True,50,0.8
445,35.14315744818761,0.9415662080756897,0.00030526184127666056,0.025668490678071976,0.25,1.0,1.0,True,50,0.8
446,30.63060010118693,0.9594930523643184,0.0008636618731543422,0.012635203078389168,0.25,1.0,1.0,True,50,0.8
447,27.949721720523417,0.9224028867559836,0.0014844166580587626,0.02142598293721676,0.25,1.0,1.0,True,50,0.8
448,23.655830277057643,0.791456359761053,0.0038548700977116823,0.042857978492975235,0.25,1.0,1.0,True,50,0.8
449,31.03281535955246,0.9542156421455437,0.0007207398884929717,0.03151801973581314,0.25,1.0,1.0,True,50,0.8
450,35.585210345475964,0.9633010138898811,0.00027624756330624223,0.014638624154031277,0.25,1.0,1.0,True,50,0.8
451,26.86551184052737,0.9254953250734922,0.002045093337073922,0.02740030735731125,0.25,1.0,1.0,True,50,0.8
452,18.769500632128427,0.8358909950664428,0.01323297806084156,0.020352208986878395,0.25,1.0,1.0,True,50,0.8
453,28.228934943083367,0.9299898746243694,0.0014946088194847107,0.026680177077651024,0.25,1.0,1.0,True,50,0.8
454,31.188573921610416,0.969614498025062,0.0007432968122884631,0.0200270377099514,0.25,1.0,1.0,True,50,0.8
455,28.73370267076163,0.9425376141357348,0.00133241037838161,0.026292582973837852,0.25,1.0,1.0,True,50,0.8
456,25.008454227262536,0.8896172041740457,0.0031226573046296835,0.03020443581044674,0.25,1.0,1.0,True,50,0.8
457,30.73051593436173,0.9337887852822726,0.0007239207625389099,0.02143755927681923,0.25,1.0,1.0,True,50,0.8
458,37.26204034698836,0.9722069833577602,0.00018750045273918658,0.023900454863905907,0.25,1.0,1.0,True,50,0.8
459,30.893395460382184,0.9518229594017822,0.0008127593318931758,0.02411273866891861,0.25,1.0,1.0,True,50,0.8
460,30.457070859842847,0.9317197431459392,0.0008930341573432088,0.024189895018935204,0.25,1.0,1.0,True,50,0.8
461,33.99994825917609,0.9328591638197594,0.00039770096191205084,0.03309352695941925,0.25,1.0,1.0,True,50,0.8
462,25.391442024113275,0.8477922364626915,0.002835996216163039,0.032229308038949966,0.25,1.0,1.0,True,50,0.8
463,16.6053689760204,0.6914249616755572,0.02167263627052307,0.05785909295082092,0.25,1.0,1.0,True,50,0.8
464,30.10250214475082,0.877997985897803,0.0008178285206668079,0.033337466418743134,0.25,1.0,1.0,True,50,0.8
465,32.195624077756726,0.9679437084709773,0.0005904656136408448,0.019014475867152214,0.25,1.0,1.0,True,50,0.8
466,27.559130951693263,0.922670539149436,0.0017269019735977054,0.02741645649075508,0.25,1.0,1.0,True,50,0.8
467,23.130135198608457,0.8915525772265217,0.004855663049966097,0.022990316152572632,0.25,1.0,1.0,True,50,0.8
468,21.278653128414945,0.833343458739012,0.007387700956314802,0.032392747700214386,0.25,1.0,1.0,True,50,0.8
469,30.38527052006776,0.8733998370982545,0.0008497745729982853,0.022395145148038864,0.25,1.0,1.0,True,50,0.8
470,24.706358400312837,0.8975215048430213,0.003335288492962718,0.027391009032726288,0.25,1.0,1.0,True,50,0.8
471,30.72963743871169,0.9602486661282609,0.0008423941326327622,0.015330402180552483,0.25,1.0,1.0,True,50,0.8
472,28.17142518904557,0.9519054269604577,0.0014169244095683098,0.024838455021381378,0.25,1.0,1.0,True,50,0.8
473,29.169323523921573,0.891138853834917,0.0011997934198006988,0.023374326527118683,0.25,1.0,1.0,True,50,0.8
474,35.59273449802312,0.9833268861068168,0.00027531833620741963,0.013380076736211777,0.25,1.0,1.0,True,50,0.8
475,29.148164061473295,0.9077098550920358,0.0011428329162299633,0.028403475880622864,0.25,1.0,1.0,True,50,0.8
476,20.28107250103622,0.7723572940734261,0.009253686293959618,0.029819734394550323,0.25,1.0,1.0,True,50,0.8
477,25.74325606079421,0.8462518356454902,0.002397750271484256,0.031185289844870567,0.25,1.0,1.0,True,50,0.8
478,38.17555500395226,0.9852719657100022,0.00015208714467007667,0.017887039110064507,0.25,1.0,1.0,True,50,0.8
479,22.707883556813513,0.8901746863203981,0.005351774860173464,0.020146040245890617,0.25,1.0,1.0,True,50,0.8
480,35.635018030281714,0.9422183464847359,0.00027273825253359973,0.024228928610682487,0.25,1.0,1.0,True,50,0.8
481,32.328179236543384,0.966199087392312,0.000579183513764292,0.016466263681650162,0.25,1.0,1.0,True,50,0.8
482,35.926867558928386,0.958895956153594,0.0002550836361479014,0.01656881719827652,0.25,1.0,1.0,True,50,0.8
483,28.879609269396965,0.9371988344303226,0.001278636627830565,0.03268231078982353,0.25,1.0,1.0,True,50,0.8
484,19.84841699126139,0.8530301291402334,0.010327733121812344,0.02867656759917736,0.25,1.0,1.0,True,50,0.8
485,21.353500360896838,0.8079239960297461,0.0072095394134521484,0.03766542673110962,0.25,1.0,1.0,True,50,0.8
486,29.722526686343315,0.9566895632598054,0.0010402968619018793,0.03239110857248306,0.25,1.0,1.0,True,50,0.8
487,30.85642766968286,0.9752170027793992,0.0008102497668005526,0.02339950017631054,0.25,1.0,1.0,True,50,0.8
488,24.32754839098632,0.9052864043270329,0.0036825172137469053,0.03900585696101189,0.25,1.0,1.0,True,50,0.8
489,26.307661219950464,0.9084677800782562,0.0022962153889238834,0.04073813930153847,0.25,1.0,1.0,True,50,0.8
490,29.515238171585466,0.9044479516400188,0.0010106726549565792,0.029125194996595383,0.25,1.0,1.0,True,50,0.8
491,19.97433299933601,0.847262501362322,0.010028332471847534,0.02530110999941826,0.25,1.0,1.0,True,50,0.8
492,27.78825222287359,0.9244616925370398,0.0016622283728793263,0.01963515393435955,0.25,1.0,1.0,True,50,0.8
493,32.97982173738789,0.9435210363906726,0.0005031746113672853,0.020229442045092583,0.25,1.0,1.0,True,50,0.8
494,35.78846225977581,0.9644933519010327,0.00026336900191381574,0.017011893913149834,0.25,1.0,1.0,True,50,0.8
495,33.82744076932187,0.9790448923321331,0.0004132639442104846,0.020864510908722878,0.25,1.0,1.0,True,50,0.8
496,22.991144897178458,0.8325370469612215,0.004348792135715485,0.026046285405755043,0.25,1.0,1.0,True,50,0.8
497,31.700612191509585,0.960677111650153,0.000653780356515199,0.022248171269893646,0.25,1.0,1.0,True,50,0.8
498,33.16941897220894,0.9605650269609979,0.00048109100316651165,0.017538418993353844,0.25,1.0,1.0,True,50,0.8
499,25.50117136508341,0.915470842825887,0.0027869222685694695,0.031973566859960556,0.25,1.0,1.0,True,50,0.8
500,25.954664891645272,0.8561626868075755,0.002462024800479412,0.03471355140209198,0.25,1.0,1.0,True,50,0.8
501,27.35848591001372,0.947521218712854,0.001835667877458036,0.009895291179418564,0.25,1.0,1.0,True,50,0.8
502,33.143158807437786,0.9698124362619054,0.0004492563020903617,0.02046605385839939,0.25,1.0,1.0,True,50,0.8
503,26.824613462215062,0.9444263033661127,0.002074264222756028,0.015813691541552544,0.25,1.0,1.0,True,50,0.8
504,29.620053724553266,0.9578563167768366,0.0010780288139358163,0.020202839747071266,0.25,1.0,1.0,True,50,0.8
505,33.889147018330505,0.9653301416166795,0.00040763712604530156,0.013457664288580418,0.25,1.0,1.0,True,50,0.8
506,27.36604173502313,0.9426939955790469,0.0018203743966296315,0.026859398931264877,0.25,1.0,1.0,True,50,0.8
507,27.767600286746998,0.9318403324690888,0.0016075132880359888,0.02196328528225422,0.25,1.0,1.0,True,50,0.8
508,29.257768616287507,0.9373370158275584,0.0011650166707113385,0.02409912832081318,0.25,1.0,1.0,True,50,0.8
509,30.337591086199886,0.9067379624128219,0.0009165541268885136,0.03448517620563507,0.25,1.0,1.0,True,50,0.8
510,23.014375526119405,0.8546036353360134,0.004497424233704805,0.036109790205955505,0.25,1.0,1.0,True,50,0.8
511,23.47422148724835,0.8619572386616299,0.0044721635058522224,0.03824087232351303,0.25,1.0,1.0,True,50,0.8
512,28.472334739903033,0.9252203510741639,0.001210414688102901,0.025044798851013184,0.25,1.0,1.0,True,50,0.8
513,20.724281944412656,0.8054784353797181,0.008421341888606548,0.04226318374276161,0.25,1.0,1.0,True,50,0.8
514,31.9636357575707,0.9366102070692769,0.000635132659226656,0.0297442227602005,0.25,1.0,1.0,True,50,0.8
515,29.01927824016309,0.9339912271644186,0.001213171286508441,0.029497427865862846,0.25,1.0,1.0,True,50,0.8
516,23.51147955243451,0.8801650044794691,0.0042721303179860115,0.03691921383142471,0.25,1.0,1.0,True,50,0.8
517,26.992365643417497,0.9181394275439801,0.0018570242682471871,0.02552749402821064,0.25,1.0,1.0,True,50,0.8
518,25.029929797975793,0.8210337118225117,0.003027532482519746,0.030893923714756966,0.25,1.0,1.0,True,50,0.8
519,28.01939091632853,0.9187599561722989,0.0013188360026106238,0.03500658646225929,0.25,1.0,1.0,True,50,0.8
520,24.78125580815872,0.8384412062784246,0.0032955147325992584,0.030003687366843224,0.25,1.0,1.0,True,50,0.8
521,29.96392399883395,0.9589920999065149,0.001007776241749525,0.02689693495631218,0.25,1.0,1.0,True,50,0.8
522,36.83307445224958,0.9753621051662723,0.00020705028146039695,0.009824875742197037,0.25,1.0,1.0,True,50,0.8
523,27.41162465172313,0.8639534242831793,0.001092457678169012,0.030061418190598488,0.25,1.0,1.0,True,50,0.8
524,29.626050218983867,0.9385917350588322,0.0010895421728491783,0.03070923313498497,0.25,1.0,1.0,True,50,0.8
525,27.674411723823003,0.9304048766154254,0.0016209412133321166,0.0259417574852705,0.25,1.0,1.0,True,50,0.8
526,32.24481090809305,0.9335700408262426,0.0005928141181357205,0.026228513568639755,0.25,1.0,1.0,True,50,0.8
527,27.942657325882763,0.9251129591320444,0.0015887358458712697,0.027006693184375763,0.25,1.0,1.0,True,50,0.8
528,28.076241239974795,0.8933072001418585,0.0015287080314010382,0.041935838758945465,0.25,1.0,1.0,True,50,0.8
529,31.275081869568577,0.9603254816142152,0.0007450020639225841,0.025810541585087776,0.25,1.0,1.0,True,50,0.8
530,21.244736125937553,0.8162321233429013,0.007374555338174105,0.04567790403962135,0.25,1.0,1.0,True,50,0.8
531,37.137178098141284,0.9710087623174223,0.00019314669771119952,0.019345633685588837,0.25,1.0,1.0,True,50,0.8
532,19.898471620491787,0.6767368624343655,0.010188945569097996,0.03410768508911133,0.25,1.0,1.0,True,50,0.8
533,30.909767351149704,0.9764406975700882,0.0008031647885218263,0.02177039161324501,0.25,1.0,1.0,True,50,0.8
534,21.45406814172695,0.8121388048172716,0.007128292694687843,0.03674622252583504,0.25,1.0,1.0,True,50,0.8
535,32.42545609314255,0.9424702596569086,0.0004763710603583604,0.018512973561882973,0.25,1.0,1.0,True,50,0.8
536,28.20850473507331,0.9166714153968575,0.0015073207905516028,0.022102516144514084,0.25,1.0,1.0,True,50,0.8
537,33.96485438225811,0.9563171589137723,0.0004011373675893992,0.02029026299715042,0.25,1.0,1.0,True,50,0.8
538,33.75224885510516,0.9728388849518985,0.00041875592432916164,0.02404589019715786,0.25,1.0,1.0,True,50,0.8
539,28.792944989796013,0.9302984469400102,0.0013145782286301255,0.0316392220556736,0.25,1.0,1.0,True,50,0.8
540,19.995758910223927,0.7809139321059237,0.009701787494122982,0.02382437139749527,0.25,1.0,1.0,True,50,0.8
541,27.538051786510017,0.873292948026114,0.0017531407065689564,0.03218195587396622,0.25,1.0,1.0,True,50,0.8
542,19.243855336097724,0.7223938686146772,0.011816018261015415,0.041930604726076126,0.25,1.0,1.0,True,50,0.8
543,27.267392350757234,0.8867974864267066,0.001853463938459754,0.025862671434879303,0.25,1.0,1.0,True,50,0.8
544,33.60318264321978,0.9383430393072474,0.00043579816701821983,0.022236639633774757,0.25,1.0,1.0,True,50,0.8
545,19.628202228207666,0.7210130463639095,0.010789170861244202,0.04843606427311897,0.25,1.0,1.0,True,50,0.8
546,27.77711200228332,0.9293203601234961,0.0016477486351504922,0.029951490461826324,0.25,1.0,1.0,True,50,0.8
547,30.940735759363747,0.9473393203265834,0.00077035091817379,0.023059863597154617,0.25,1.0,1.0,True,50,0.8
548,30.011336365087256,0.9421964703320926,0.0009730743477120996,0.015246561728417873,0.25,1.0,1.0,True,50,0.8
549,22.489374032251817,0.7819397155439598,0.005549505818635225,0.04130107909440994,0.25,1.0,1.0,True,50,0.8
550,29.03183752744786,0.9137213133906001,0.0012179746991023421,0.027790464460849762,0.25,1.0,1.0,True,50,0.8
551,31.889759181478375,0.9307001756508616,0.0005232937401160598,0.017866121605038643,0.25,1.0,1.0,True,50,0.8
552,35.89349344782762,0.9628242915967178,0.00025737518444657326,0.019697735086083412,0.25,1.0,1.0,True,50,0.8
553,31.862200585727575,0.9284982311128955,0.0005256585427559912,0.015067754313349724,0.25,1.0,1.0,True,50,0.8
554,29.384133221196848,0.9301081204811406,0.0010594595223665237,0.025803348049521446,0.25,1.0,1.0,True,50,0.8
555,28.742311975054747,0.9276929698822975,0.0013340404257178307,0.02173156477510929,0.25,1.0,1.0,True,50,0.8
556,32.4420583443448,0.9793612989755607,0.0005672046099789441,0.022037385031580925,0.25,1.0,1.0,True,50,0.8
557,32.11543861011318,0.9367621329116133,0.0006003748858347535,0.0261083897203207,0.25,1.0,1.0,True,50,0.8
558,36.280202359558174,0.9646954255637985,0.0002352619922021404,0.014475070871412754,0.25,1.0,1.0,True,50,0.8
559,34.594583556471186,0.9573878229310269,0.0003469182120170444,0.021477794274687767,0.25,1.0,1.0,True,50,0.8
560,38.732106186831146,0.979540424096572,0.00013376363494899124,0.01741037704050541,0.25,1.0,1.0,True,50,0.8
561,24.445358565247176,0.8403955729864729,0.0035394986625760794,0.03681524470448494,0.25,1.0,1.0,True,50,0.8
562,26.363719291371016,0.8709246826855285,0.0022193375043570995,0.028542449697852135,0.25,1.0,1.0,True,50,0.8
563,33.68232018535026,0.9580572239970029,0.0004279154527466744,0.023243533447384834,0.25,1.0,1.0,True,50,0.8
564,28.03008146342838,0.9470681926260546,0.0015725577250123024,0.02197183109819889,0.25,1.0,1.0,True,50,0.8
565,27.547645377641192,0.9369034176025351,0.0016969211865216494,0.02678903564810753,0.25,1.0,1.0,True,50,0.8
566,24.773180995138095,0.8469156179244566,0.0023355926387012005,0.03146122768521309,0.25,1.0,1.0,True,50,0.8
567,34.13320143128124,0.9661642596648451,0.0003859796852339059,0.013798445463180542,0.25,1.0,1.0,True,50,0.8
568,27.386066644421557,0.8457452151001699,0.0017693989211693406,0.03605014458298683,0.25,1.0,1.0,True,50,0.8
569,26.758361851815753,0.9110145632627394,0.00210911245085299,0.027098573744297028,0.25,1.0,1.0,True,50,0.8
570,27.888163834070173,0.8844065753275949,0.0015897734556347132,0.03942891210317612,0.25,1.0,1.0,True,50,0.8
571,24.614219022453597,0.9110144669703286,0.003445038804784417,0.028479665517807007,0.25,1.0,1.0,True,50,0.8
572,33.252130925641175,0.9395313016701224,0.00040833171806298196,0.0257825069129467,0.25,1.0,1.0,True,50,0.8
573,27.72723604801444,0.8919584986449087,0.0016824569320306182,0.028878113254904747,0.25,1.0,1.0,True,50,0.8
574,29.656257972324084,0.9516496442112268,0.0010632633930072188,0.029242288321256638,0.25,1.0,1.0,True,50,0.8
575,32.348760052754734,0.9174306588084028,0.0005820870283059776,0.030723970383405685,0.25,1.0,1.0,True,50,0.8
576,35.494577194766094,0.9596026342043075,0.00028185846167616546,0.018974406644701958,0.25,1.0,1.0,True,50,0.8
577,33.023533340969784,0.9421266491214434,0.0004771601234097034,0.029059769585728645,0.25,1.0,1.0,True,50,0.8
578,29.924271439912378,0.9314305176501911,0.0010117972269654274,0.0296383835375309,0.25,1.0,1.0,True,50,0.8
579,21.791059422579654,0.8985663010811534,0.006573478225618601,0.035530682653188705,0.25,1.0,1.0,True,50,0.8
580,34.798829356067145,0.9800941099876959,0.00033077617990784347,0.015945423394441605,0.25,1.0,1.0,True,50,0.8
581,34.295953982946976,0.947751354799059,0.0003717830404639244,0.022671280428767204,0.25,1.0,1.0,True,50,0.8
582,31.412407274374104,0.9509192259196034,0.0007145229028537869,0.024825815111398697,0.25,1.0,1.0,True,50,0.8
583,34.56535244074582,0.9468277664038173,0.00034926991793327034,0.02311106026172638,0.25,1.0,1.0,True,50,0.8
584,19.89094201155454,0.8472796026720608,0.010171579197049141,0.022226722911000252,0.25,1.0,1.0,True,50,0.8
585,27.01768936091522,0.9181800471949516,0.0018849464831873775,0.028859132900834084,0.25,1.0,1.0,True,50,0.8
586,25.43004605934832,0.8180385707835287,0.0028559775091707706,0.028002586215734482,0.25,1.0,1.0,True,50,0.8
587,33.27540329968278,0.9578738929040661,0.0004698574775829911,0.019220003858208656,0.25,1.0,1.0,True,50,0.8
588,28.90395693955142,0.9420083882239089,0.001283621764741838,0.015616036020219326,0.25,1.0,1.0,True,50,0.8
589,29.412857088748336,0.9354964267958429,0.0010916981846094131,0.024869738146662712,0.25,1.0,1.0,True,50,0.8
590,33.07833305977379,0.9485162552772907,0.00047609361354261637,0.02465587854385376,0.25,1.0,1.0,True,50,0.8
591,29.40824502638822,0.9044619555968572,0.001102726673707366,0.025186285376548767,0.25,1.0,1.0,True,50,0.8
592,21.375381701281427,0.7882395326830274,0.006908041890710592,0.034710515290498734,0.25,1.0,1.0,True,50,0.8
593,34.60877573316074,0.9746461189722007,0.00034557710750959814,0.017494965344667435,0.25,1.0,1.0,True,50,0.8
594,33.166419972423455,0.9463010542056263,0.0004779595765285194,0.030167026445269585,0.25,1.0,1.0,True,50,0.8
595,27.499027100996422,0.8848305579349499,0.0017349801491945982,0.030285226181149483,0.25,1.0,1.0,True,50,0.8
596,24.008455358077242,0.8696759337884561,0.003932963125407696,0.036651238799095154,0.25,1.0,1.0,True,50,0.8
597,34.62548934951957,0.969355088930627,0.00034409607178531587,0.017655815929174423,0.25,1.0,1.0,True,50,0.8
598,34.14143195527459,0.981471685971392,0.0003850509529002011,0.018357468768954277,0.25,1.0,1.0,True,50,0.8
599,31.112662876547816,0.9594311550397991,0.0007737944833934307,0.018709233030676842,0.25,1.0,1.0,True,50,0.8
600,31.233183810968423,0.9595647008457174,0.0007506879046559334,0.027621574699878693,0.25,1.0,1.0,True,50,0.8
601,30.610564231660142,0.9471405499736837,0.0008687616791576147,0.016689088195562363,0.25,1.0,1.0,True,50,0.8
602,30.071367734164056,0.9276084024929471,0.0008431191672571003,0.01201891154050827,0.25,1.0,1.0,True,50,0.8
603,32.71002272625517,0.9641536433322757,0.0005350593128241599,0.02417795918881893,0.25,1.0,1.0,True,50,0.8
604,25.176125000961225,0.9065564607565125,0.002945355838164687,0.031474679708480835,0.25,1.0,1.0,True,50,0.8
605,25.54020337615214,0.8386586920920314,0.002775767119601369,0.03726433962583542,0.25,1.0,1.0,True,50,0.8
606,34.848378265476526,0.9753584261556897,0.0003268215514253825,0.019838901236653328,0.25,1.0,1.0,True,50,0.8
607,29.170867229218786,0.957093134522438,0.0012042435118928552,0.030833518132567406,0.25,1.0,1.0,True,50,0.8
608,31.44271184993077,0.9423378230167708,0.0007157637737691402,0.02506251446902752,0.25,1.0,1.0,True,50,0.8
609,30.09364571018815,0.9283069567245472,0.0009773127967491746,0.023594476282596588,0.25,1.0,1.0,True,50,0.8
610,25.89675521681633,0.9083314736953276,0.00257119070738554,0.03573213145136833,0.25,1.0,1.0,True,50,0.8
611,29.52555075864033,0.9391022285732937,0.0010981394443660975,0.02078866958618164,0.25,1.0,1.0,True,50,0.8
612,31.24819908636151,0.9712157879482236,0.000745539553463459,0.023651914671063423,0.25,1.0,1.0,True,50,0.8
613,23.549810050034075,0.7756094557725172,0.004382526036351919,0.0449155829846859,0.25,1.0,1.0,True,50,0.8
614,18.11422474947818,0.697958660610544,0.015345701016485691,0.042531102895736694,0.25,1.0,1.0,True,50,0.8
615,29.999030918252423,0.9345588251403283,0.0009788507595658302,0.02228308655321598,0.25,1.0,1.0,True,50,0.8
616,22.48530445650738,0.8760472023150796,0.0053013963624835014,0.027191683650016785,0.25,1.0,1.0,True,50,0.8
617,23.937637747473698,0.8705226556908328,0.004006640985608101,0.030632656067609787,0.25,1.0,1.0,True,50,0.8
618,18.932867139429558,0.7625057235293559,0.01242441963404417,0.046628132462501526,0.25,1.0,1.0,True,50,0.8
619,31.994694909994074,0.942694221287812,0.000616517208982259,0.021087419241666794,0.25,1.0,1.0,True,50,0.8
620,22.30872665463602,0.8212396498265896,0.005866092164069414,0.0325111448764801,0.25,1.0,1.0,True,50,0.8
621,26.799903142966855,0.91702449700427,0.0019463698845356703,0.023768901824951172,0.25,1.0,1.0,True,50,0.8
622,36.85003751179439,0.9708984369494721,0.0002065005392068997,0.021650191396474838,0.25,1.0,1.0,True,50,0.8
623,25.38602993828356,0.9095950805167865,0.002850740449503064,0.028049329295754433,0.25,1.0,1.0,True,50,0.8
624,31.62550563972943,0.9852126328845511,0.0006842375732958317,0.02215692028403282,0.25,1.0,1.0,True,50,0.8
625,29.0552048124775,0.9248779378100938,0.0012272604508325458,0.01689826510846615,0.25,1.0,1.0,True,50,0.8
626,35.07580661257643,0.9703589069154364,0.0003105476498603821,0.01599719002842903,0.25,1.0,1.0,True,50,0.8
627,32.45935652721765,0.9630208478777278,0.0005665142671205103,0.012023749761283398,0.25,1.0,1.0,True,50,0.8
628,25.422725637628716,0.8900062440886375,0.00229595392011106,0.03203654661774635,0.25,1.0,1.0,True,50,0.8
629,30.544463453557,0.9274604243463745,0.0008674890850670636,0.02230067364871502,0.25,1.0,1.0,True,50,0.8
630,36.178607005774445,0.9488463577640438,0.00024053698871284723,0.018494093790650368,0.25,1.0,1.0,True,50,0.8
631,28.668045518095013,0.925403759037255,0.0013350674416869879,0.021723289042711258,0.25,1.0,1.0,True,50,0.8
632,31.000800534666134,0.9374358037138748,0.0007821788312867284,0.02341943234205246,0.25,1.0,1.0,True,50,0.8
633,24.667151109349255,0.905345105962305,0.0033961404114961624,0.01962072029709816,0.25,1.0,1.0,True,50,0.8
634,30.44969121907977,0.9786306283637589,0.000898453698027879,0.017775332555174828,0.25,1.0,1.0,True,50,0.8
635,37.034142114282936,0.9859750141515574,0.0001978404470719397,0.013497505336999893,0.25,1.0,1.0,True,50,0.8
636,32.99186718769702,0.9692659206588448,0.0005018310039304197,0.013609832152724266,0.25,1.0,1.0,True,50,0.8
637,22.05013371510028,0.8100679400014754,0.005889368709176779,0.03262466564774513,0.25,1.0,1.0,True,50,0.8
638,32.77863257489669,0.9436425437960463,0.0005273303249850869,0.021883713081479073,0.25,1.0,1.0,True,50,0.8
639,26.235473477583437,0.8958939606346905,0.002351946197450161,0.028250802308321,0.25,1.0,1.0,True,50,0.8
640,27.43979369166391,0.8957089721095451,0.0017731464467942715,0.051057618111371994,0.25,1.0,1.0,True,50,0.8
641,21.141368281918783,0.7620332149209034,0.007463430520147085,0.031321391463279724,0.25,1.0,1.0,True,50,0.8
642,23.357932023366462,0.8157316014604411,0.004531495738774538,0.02443496324121952,0.25,1.0,1.0,True,50,0.8
643,28.142756888203397,0.917973265513178,0.0015125684440135956,0.02938082069158554,0.25,1.0,1.0,True,50,0.8
644,29.599361621860112,0.9461309572968197,0.0009914431720972061,0.02536599151790142,0.25,1.0,1.0,True,50,0.8
645,35.536161459953036,0.9652073846897351,0.0002793548337649554,0.01915447600185871,0.25,1.0,1.0,True,50,0.8
646,24.305792300122178,0.923422344527289,0.0036943142767995596,0.027504190802574158,0.25,1.0,1.0,True,50,0.8
647,25.44597915369456,0.9079776924445656,0.002542442176491022,0.03681351616978645,0.25,1.0,1.0,True,50,0.8
648,26.954730966377767,0.8166910861152675,0.0016996676567941904,0.034332457929849625,0.25,1.0,1.0,True,50,0.8
649,32.47877002300486,0.9666164420522034,0.0005648595397360623,0.013536704704165459,0.25,1.0,1.0,True,50,0.8
650,26.886124617384056,0.9033547073200929,0.0011405817931517959,0.016703860834240913,0.25,1.0,1.0,True,50,0.8
651,23.42958131516906,0.8816813371651134,0.004530006553977728,0.03159575164318085,0.25,1.0,1.0,True,50,0.8
652,31.566046489263822,0.94847530109656,0.0006637462065555155,0.020099280402064323,0.25,1.0,1.0,True,50,0.8
653,28.499176490683638,0.8556516336290279,0.0013815807178616524,0.027780581265687943,0.25,1.0,1.0,True,50,0.8
654,26.290680458109446,0.8855399431348889,0.002340159611776471,0.019793864339590073,0.25,1.0,1.0,True,50,0.8
655,34.12108000058231,0.9749079923634681,0.00038614909863099456,0.019862884655594826,0.25,1.0,1.0,True,50,0.8
656,26.522795988753728,0.8191008498626439,0.0018404496368020773,0.041171103715896606,0.25,1.0,1.0,True,50,0.8
657,24.54196655587672,0.8643454046349519,0.00282515911385417,0.017750591039657593,0.25,1.0,1.0,True,50,0.8
658,27.19090527572682,0.9110221024160537,0.0012982903281226754,0.02003355883061886,0.25,1.0,1.0,True,50,0.8
659,28.087902239377218,0.918446931933938,0.0014345060335472226,0.02316858060657978,0.25,1.0,1.0,True,50,0.8
660,24.67367971249348,0.8082713742159097,0.0033047269098460674,0.0360347256064415,0.25,1.0,1.0,True,50,0.8
661,28.623645093053163,0.9179952626988307,0.0013118218630552292,0.029379460960626602,0.25,1.0,1.0,True,50,0.8
662,22.842924272701907,0.8874267068046642,0.005146555136889219,0.021787092089653015,0.25,1.0,1.0,True,50,0.8
663,38.40537165164281,0.9699684019028464,0.00014382388326339424,0.016219835728406906,0.25,1.0,1.0,True,50,0.8
664,27.33582367123724,0.9247953710919947,0.0018405686132609844,0.038974057883024216,0.25,1.0,1.0,True,50,0.8
665,27.05057741960514,0.9401265730345151,0.0019706240855157375,0.015693217515945435,0.25,1.0,1.0,True,50,0.8
666,23.40878791954031,0.7618569306017912,0.00449010357260704,0.0407983772456646,0.25,1.0,1.0,True,50,0.8
667,28.02617359402056,0.9555509932131591,0.0015740677481517196,0.016229214146733284,0.25,1.0,1.0,True,50,0.8
668,21.037840448008886,0.80981346515453,0.007767927832901478,0.031047333031892776,0.25,1.0,1.0,True,50,0.8
669,20.843775292277567,0.8409416607322598,0.008221885189414024,0.028140027076005936,0.25,1.0,1.0,True,50,0.8
670,31.887164667819007,0.9443799607740221,0.0006017225096002221,0.01710069738328457,0.25,1.0,1.0,True,50,0.8
671,23.766748847476048,0.9162830563475473,0.00418760534375906,0.017790546640753746,0.25,1.0,1.0,True,50,0.8
672,38.393871976043734,0.9763007678545174,0.00014465970161836594,0.01591682806611061,0.25,1.0,1.0,True,50,0.8
673,35.53690250119567,0.9664299413100484,0.00027917203260585666,0.017019782215356827,0.25,1.0,1.0,True,50,0.8
674,31.334041131583863,0.9167189878345274,0.0007225506706163287,0.019932391121983528,0.25,1.0,1.0,True,50,0.8
675,33.33447228253521,0.9414191031588244,0.0004381657636258751,0.02117929235100746,0.25,1.0,1.0,True,50,0.8
676,28.362224612929182,0.9154743570334617,0.0012880003778263927,0.025362590327858925,0.25,1.0,1.0,True,50,0.8
677,21.363156303909676,0.8425294954957616,0.007292530033737421,0.03252673149108887,0.25,1.0,1.0,True,50,0.8
678,28.463377494373567,0.9332590332202867,0.0014138516271486878,0.029032651335000992,0.25,1.0,1.0,True,50,0.8
679,32.325609673516006,0.9756607257206497,0.0005828469875268638,0.017998555675148964,0.25,1.0,1.0,True,50,0.8
680,28.613906350979196,0.9257938868228742,0.0013750770594924688,0.027174295857548714,0.25,1.0,1.0,True,50,0.8
681,20.144738279043782,0.8015321523848089,0.009598903357982635,0.0347236804664135,0.25,1.0,1.0,True,50,0.8
682,23.516242290686694,0.8733648500087843,0.004243528004735708,0.03429526463150978,0.25,1.0,1.0,True,50,0.8
683,35.92808757008676,0.9688856325528447,0.00025511710555292666,0.013658869080245495,0.25,1.0,1.0,True,50,0.8
684,25.051451829082964,0.8341439004441563,0.0027516635600477457,0.022987134754657745,0.25,1.0,1.0,True,50,0.8
685,34.12314411966524,0.9622784962779597,0.00038674057577736676,0.023276085034012794,0.25,1.0,1.0,True,50,0.8
686,23.82826843012703,0.9251424794609012,0.004124139901250601,0.02669907920062542,0.25,1.0,1.0,True,50,0.8
687,35.05594783133204,0.9674192611647096,0.00031214318005368114,0.010506286285817623,0.25,1.0,1.0,True,50,0.8
688,33.46052665720565,0.9447548333997574,0.0004505131219048053,0.019304053857922554,0.25,1.0,1.0,True,50,0.8
689,33.91955934254922,0.9603359949985525,0.00040545096271671355,0.01871657185256481,0.25,1.0,1.0,True,50,0.8
690,36.9702725049323,0.9735246301312441,0.0002006459835683927,0.015524675138294697,0.25,1.0,1.0,True,50,0.8
691,33.51478733951743,0.9553042382801527,0.0004418041498865932,0.024779491126537323,0.25,1.0,1.0,True,50,0.8
692,32.3035524599926,0.9283079315126865,0.0005858580698259175,0.021807456389069557,0.25,1.0,1.0,True,50,0.8
693,25.554391168590254,0.9082318397010105,0.002767603611573577,0.03152581676840782,0.25,1.0,1.0,True,50,0.8
694,31.163664336862823,0.9715465881291804,0.0007638978422619402,0.018405985087156296,0.25,1.0,1.0,True,50,0.8
695,20.6714500441192,0.8035594042785484,0.008410333655774593,0.035674214363098145,0.25,1.0,1.0,True,50,0.8
696,24.768271537585903,0.862170428411518,0.0032600227277725935,0.03377438709139824,0.25,1.0,1.0,True,50,0.8
697,21.16885895408314,0.7785665026508154,0.007326079998165369,0.03306308388710022,0.25,1.0,1.0,True,50,0.8
698,25.265424330195078,0.9338737076808679,0.0028965501114726067,0.02757251262664795,0.25,1.0,1.0,True,50,0.8
699,25.276957504834378,0.8653733661012403,0.0029443243984133005,0.0456182025372982,0.25,1.0,1.0,True,50,0.8
700,31.469024986041294,0.9560821358618107,0.0007066383259370923,0.012835586443543434,0.25,1.0,1.0,True,50,0.8
701,27.878037941706634,0.9090346212011557,0.0014599062269553542,0.029262010008096695,0.25,1.0,1.0,True,50,0.8
702,23.055039507841315,0.8043215396588547,0.004915603902190924,0.03557673096656799,0.25,1.0,1.0,True,50,0.8
703,26.59058056331405,0.8508877587074345,0.0021646886598318815,0.02844954840838909,0.25,1.0,1.0,True,50,0.8
704,28.067290225191933,0.9144044494945017,0.0015160053735598922,0.022055303677916527,0.25,1.0,1.0,True,50,0.8
705,33.53127489088655,0.9626170490840518,0.0004418043536134064,0.019217599183321,0.25,1.0,1.0,True,50,0.8
706,29.94849566331492,0.8601590238542318,0.0009107152582146227,0.038590870797634125,0.25,1.0,1.0,True,50,0.8
707,18.114979021958796,0.7444566072659613,0.015403980389237404,0.03697693720459938,0.25,1.0,1.0,True,50,0.8
708,28.537113785261656,0.9333224145674422,0.001161414198577404,0.024513835087418556,0.25,1.0,1.0,True,50,0.8
709,28.38435866812312,0.8819836831014407,0.0014496507355943322,0.03169344738125801,0.25,1.0,1.0,True,50,0.8
710,24.568565713393614,0.8869050996802398,0.0034457342699170113,0.03264259919524193,0.25,1.0,1.0,True,50,0.8
711,23.156137456217728,0.8244120214765548,0.004729465581476688,0.03547250106930733,0.25,1.0,1.0,True,50,0.8
712,34.72490215479769,0.9485323103096709,0.00033661533962003887,0.02471223473548889,0.25,1.0,1.0,True,50,0.8
713,28.826018901214265,0.8770365491427743,0.0011710372054949403,0.025609061121940613,0.25,1.0,1.0,True,50,0.8
714,34.72192309340626,0.9405197582262403,0.0003370691556483507,0.02409869246184826,0.25,1.0,1.0,True,50,0.8
715,32.32280674762861,0.9592183866029677,0.0005855915369465947,0.01740158535540104,0.25,1.0,1.0,True,50,0.8
716,31.248332859242463,0.9558531873858505,0.0007474502199329436,0.02580462209880352,0.25,1.0,1.0,True,50,0.8
717,30.30637597922915,0.9612965072640693,0.0009317861404269934,0.020895862951874733,0.25,1.0,1.0,True,50,0.8
718,33.25309758644198,0.9610454606274825,0.0004720992874354124,0.02205502614378929,0.25,1.0,1.0,True,50,0.8
719,34.06326182487325,0.9572530105879187,0.0003916708810720593,0.01976240798830986,0.25,1.0,1.0,True,50,0.8
720,19.768123053388475,0.8150905648763789,0.010500576347112656,0.03712007775902748,0.25,1.0,1.0,True,50,0.8
721,27.721679244360978,0.9142401925489014,0.0016798981232568622,0.03257037699222565,0.25,1.0,1.0,True,50,0.8
722,23.932613296075438,0.8683916774259242,0.003970779478549957,0.022794650867581367,0.25,1.0,1.0,True,50,0.8
723,29.35839378633876,0.8842044591084814,0.000911288894712925,0.021555321291089058,0.25,1.0,1.0,True,50,0.8
724,27.27875241341247,0.8509005404391665,0.0017653129762038589,0.034792959690093994,0.25,1.0,1.0,True,50,0.8
725,28.191889170057575,0.8360003852786427,0.0009016889380291104,0.037259768694639206,0.25,1.0,1.0,True,50,0.8
726,25.293485087295586,0.9096855477432809,0.0029484424740076065,0.022329317405819893,0.25,1.0,1.0,True,50,0.8
727,29.01880387217536,0.9369030872088837,0.001252589630894363,0.02181023359298706,0.25,1.0,1.0,True,50,0.8
728,25.668919936741155,0.9171701446944469,0.0027068210765719414,0.028910774737596512,0.25,1.0,1.0,True,50,0.8
729,28.800385693657354,0.9715794661727237,0.001300737028941512,0.024832092225551605,0.25,1.0,1.0,True,50,0.8
730,20.761426065440766,0.8136603802742555,0.008065369911491871,0.0320117324590683,0.25,1.0,1.0,True,50,0.8
731,36.33817895748237,0.9692198204259139,0.00023221182345878333,0.016009977087378502,0.25,1.0,1.0,True,50,0.8
732,37.59110451606214,0.9754097271783679,0.00017383626254741102,0.025083418935537338,0.25,1.0,1.0,True,50,0.8
733,27.03497050522899,0.9018981472470858,0.0019609841983765364,0.03159789368510246,0.25,1.0,1.0,True,50,0.8
734,30.316760977831606,0.939295181841181,0.000929118599742651,0.019906213507056236,0.25,1.0,1.0,True,50,0.8
735,25.33165363125718,0.8598239385975588,0.0028821814339607954,0.04615214467048645,0.25,1.0,1.0,True,50,0.8
736,26.652543399202617,0.9287594160015428,0.0021375222131609917,0.03296772018074989,0.25,1.0,1.0,True,50,0.8
737,27.620602368241936,0.9132854015714421,0.0016969051212072372,0.022085614502429962,0.25,1.0,1.0,True,50,0.8
738,23.37822463829081,0.8550626362709499,0.004580124747008085,0.04264037311077118,0.25,1.0,1.0,True,50,0.8
739,21.61657902308333,0.684673242424485,0.006871066056191921,0.04260329157114029,0.25,1.0,1.0,True,50,0.8
740,31.543529849313657,0.9263770047871259,0.0007006445666775107,0.016669033095240593,0.25,1.0,1.0,True,50,0.8
741,26.025265013325978,0.8789320910009253,0.002494918880984187,0.035227034240961075,0.25,1.0,1.0,True,50,0.8
742,35.79662897076051,0.96223665633161,0.00026285971398465335,0.026493877172470093,0.25,1.0,1.0,True,50,0.8
743,22.425910417548156,0.9033524164424438,0.005712670739740133,0.028085747733712196,0.25,1.0,1.0,True,50,0.8
744,26.16681735615742,0.9118521435972461,0.0022790783550590277,0.0306888148188591,0.25,1.0,1.0,True,50,0.8
745,26.371004552629927,0.8771622212573894,0.00220885849557817,0.023514801636338234,0.25,1.0,1.0,True,50,0.8
746,32.46883784458784,0.9561067697648785,0.0005653425469063222,0.028560664504766464,0.25,1.0,1.0,True,50,0.8
747,36.02024349224315,0.9609272284711969,0.0002497033856343478,0.02194868214428425,0.25,1.0,1.0,True,50,0.8
748,27.93393022754519,0.920738614707324,0.0014935934450477362,0.02248925343155861,0.25,1.0,1.0,True,50,0.8
749,17.327763308521675,0.5992526705494541,0.018179284408688545,0.03712805360555649,0.25,1.0,1.0,True,50,0.8
750,27.40548619789255,0.8811096866921232,0.0015999869210645556,0.027011357247829437,0.25,1.0,1.0,True,50,0.8
751,21.010660752806633,0.8466031909490175,0.007907417602837086,0.025044549256563187,0.25,1.0,1.0,True,50,0.8
752,32.64446090276623,0.9656373423565529,0.0005365806864574552,0.028038397431373596,0.25,1.0,1.0,True,50,0.8
753,26.949870123070703,0.9240305243040643,0.0020066036377102137,0.023060392588377,0.25,1.0,1.0,True,50,0.8
754,26.662490219035245,0.9223191885294929,0.0021477616392076015,0.028822561725974083,0.25,1.0,1.0,True,50,0.8
755,32.50489945417714,0.9183104642742804,0.0005613852408714592,0.025125322863459587,0.25,1.0,1.0,True,50,0.8
756,29.41781552332425,0.9445064803825689,0.0011423155665397644,0.01676756888628006,0.25,1.0,1.0,True,50,0.8
757,31.223113058414455,0.9242857559377441,0.0007289361674338579,0.021433129906654358,0.25,1.0,1.0,True,50,0.8
758,29.92110224139782,0.9488483597173656,0.0010160991223528981,0.016212545335292816,0.25,1.0,1.0,True,50,0.8
759,26.77229077741281,0.8411807516702151,0.0019781196024268866,0.045174550265073776,0.25,1.0,1.0,True,50,0.8
760,30.150738247416857,0.9283821351049608,0.0009646107791922987,0.03133859485387802,0.25,1.0,1.0,True,50,0.8
761,29.98345647696557,0.9042026801025197,0.000934288022108376,0.029474927112460136,0.25,1.0,1.0,True,50,0.8
762,23.34407635146573,0.8526072230314263,0.004583793692290783,0.032741330564022064,0.25,1.0,1.0,True,50,0.8
763,20.42887248953445,0.8330806615336277,0.009026125073432922,0.03016718663275242,0.25,1.0,1.0,True,50,0.8
764,34.77611207354428,0.9582313028528472,0.0003327762533444911,0.02616594173014164,0.25,1.0,1.0,True,50,0.8
765,31.44548513175519,0.9113692956120237,0.000698976858984679,0.029045244678854942,0.25,1.0,1.0,True,50,0.8
766,25.311766802266746,0.8603185918182135,0.002820906462147832,0.043440431356430054,0.25,1.0,1.0,True,50,0.8
767,28.336214964553562,0.9274270841534662,0.0014065487775951624,0.02536146156489849,0.25,1.0,1.0,True,50,0.8
768,32.578955043253195,0.9652016277514375,0.0005505628068931401,0.019524548202753067,0.25,1.0,1.0,True,50,0.8
769,28.975640309576743,0.8777516279489732,0.0010724683525040746,0.025775976479053497,0.25,1.0,1.0,True,50,0.8
770,20.932066882969064,0.7691500576802768,0.00793218333274126,0.03425239771604538,0.25,1.0,1.0,True,50,0.8
771,39.847231363347476,0.9843606826752209,0.00010348903015255928,0.013495487160980701,0.25,1.0,1.0,True,50,0.8
772,35.50648198618346,0.9479168326400751,0.00028137341723777354,0.026876622810959816,0.25,1.0,1.0,True,50,0.8
773,32.241651532317356,0.9386650980579964,0.0005892860936000943,0.030538445338606834,0.25,1.0,1.0,True,50,0.8
774,27.244050122305797,0.9192456746218252,0.0018817719537764788,0.023617137223482132,0.25,1.0,1.0,True,50,0.8
775,29.661083407440113,0.9018092955334326,0.0008286061929538846,0.023184334859251976,0.25,1.0,1.0,True,50,0.8
776,31.920040368126408,0.9555522209673474,0.0006416536634787917,0.026973679661750793,0.25,1.0,1.0,True,50,0.8
777,28.818350046140267,0.8847267384044019,0.0013098299968987703,0.0448516346514225,0.25,1.0,1.0,True,50,0.8
778,26.915822361555186,0.943018555179838,0.0020324441138654947,0.01641329750418663,0.25,1.0,1.0,True,50,0.8
779,37.02022406731449,0.9711695545198256,0.00019827780488412827,0.015396484173834324,0.25,1.0,1.0,True,50,0.8
780,27.094316942455233,0.8856814431509059,0.0019123697420582175,0.021083762869238853,0.25,1.0,1.0,True,50,0.8
781,31.66679302456427,0.9626766961563852,0.0006812411593273282,0.021517438814044,0.25,1.0,1.0,True,50,0.8
782,22.806056110017614,0.8572741601503265,0.005192723125219345,0.029203185811638832,0.25,1.0,1.0,True,50,0.8
783,29.77116291544503,0.9384360207538855,0.0010211607441306114,0.023403123021125793,0.25,1.0,1.0,True,50,0.8
784,31.639519666625688,0.9625708611049643,0.0006850496283732355,0.016283277422189713,0.25,1.0,1.0,True,50,0.8
785,30.43384801617195,0.9311490178923243,0.0008268593228422105,0.0285771694034338,0.25,1.0,1.0,True,50,0.8
786,31.11074691199184,0.9620995612582433,0.0007719463901594281,0.018041925504803658,0.25,1.0,1.0,True,50,0.8
787,26.76977318897447,0.8383750957846536,0.0020488870795816183,0.04238666221499443,0.25,1.0,1.0,True,50,0.8
788,34.29797599960334,0.9813655823684452,0.0003626621328294277,0.014560138806700706,0.25,1.0,1.0,True,50,0.8
789,35.63674988574038,0.952993549714086,0.0002728695690166205,0.017832694575190544,0.25,1.0,1.0,True,50,0.8
790,24.916741980547947,0.8906191622971013,0.0028859719168394804,0.03121519833803177,0.25,1.0,1.0,True,50,0.8
791,31.081843757267258,0.9320878064792346,0.0007791437674313784,0.018515147268772125,0.25,1.0,1.0,True,50,0.8
792,27.780359832746562,0.9378761449834511,0.0016618353547528386,0.027750473469495773,0.25,1.0,1.0,True,50,0.8
793,26.638721588902623,0.9554252310418615,0.0021547565702348948,0.031143438071012497,0.25,1.0,1.0,True,50,0.8
794,21.56392383851671,0.8557147118229308,0.006939667277038097,0.030256783589720726,0.25,1.0,1.0,True,50,0.8
795,28.609820223094285,0.9383361895556175,0.0013770291116088629,0.02185472473502159,0.25,1.0,1.0,True,50,0.8
796,27.32951232118543,0.8488666888641653,0.0016370145604014397,0.033357638865709305,0.25,1.0,1.0,True,50,0.8
797,35.32525349974823,0.933382188334246,0.00029239599825814366,0.03029610961675644,0.25,1.0,1.0,True,50,0.8
798,32.472168785056354,0.9376723969660861,0.0005643410258926451,0.017310595139861107,0.25,1.0,1.0,True,50,0.8
799,29.253134267137554,0.8627213985246863,0.0008649093215353787,0.024427471682429314,0.25,1.0,1.0,True,50,0.8
800,26.594262525022444,0.8802190717113646,0.002036327961832285,0.032639279961586,0.25,1.0,1.0,True,50,0.8
801,35.703152249677416,0.9794263650573813,0.0002685998915694654,0.01685640960931778,0.25,1.0,1.0,True,50,0.8
802,24.896312284032113,0.8895261140518137,0.003188211005181074,0.026732521131634712,0.25,1.0,1.0,True,50,0.8
803,32.46961653760571,0.9654172241641641,0.000565702619496733,0.02006540633738041,0.25,1.0,1.0,True,50,0.8
804,33.961577742352425,0.9860815248991314,0.0003971806145273149,0.015602286905050278,0.25,1.0,1.0,True,50,0.8
805,37.755630560347015,0.958606044036193,0.00016748624329920858,0.03307054564356804,0.25,1.0,1.0,True,50,0.8
806,35.73500152906973,0.973550629505063,0.00026673139655031264,0.01018634531646967,0.25,1.0,1.0,True,50,0.8
807,28.633884507413697,0.9360063969166286,0.0013624756829813123,0.02837526984512806,0.25,1.0,1.0,True,50,0.8
808,34.45860913673067,0.9568664182219712,0.0003578776668291539,0.018144886940717697,0.25,1.0,1.0,True,50,0.8
809,24.87456333807641,0.8606168996077511,0.0031857555732131004,0.038495954126119614,0.25,1.0,1.0,True,50,0.8
810,20.44034167699611,0.8331792440703446,0.00901110004633665,0.03408026322722435,0.25,1.0,1.0,True,50,0.8
811,34.68770702590053,0.9465302171529693,0.0003395990061108023,0.019789621233940125,0.25,1.0,1.0,True,50,0.8
812,33.34699763414863,0.9726305198620224,0.00046232782187871635,0.017962926998734474,0.25,1.0,1.0,True,50,0.8
813,28.414451135095852,0.8730519111795485,0.0014135119272395968,0.03551751375198364,0.25,1.0,1.0,True,50,0.8
814,24.771929213117954,0.8868906669169342,0.003152295481413603,0.03338375315070152,0.25,1.0,1.0,True,50,0.8
815,36.190728257552394,0.97401394851129,0.00024027604376897216,0.017705492675304413,0.25,1.0,1.0,True,50,0.8
816,20.16695646868809,0.8618341553254655,0.009516846388578415,0.02586299367249012,0.25,1.0,1.0,True,50,0.8
817,29.55552690620488,0.9334517712978756,0.0011073359055444598,0.02233782783150673,0.25,1.0,1.0,True,50,0.8
818,27.924890196613017,0.9376266140133235,0.0016121028456836939,0.021189792081713676,0.25,1.0,1.0,True,50,0.8
819,35.45205482279664,0.982490008199055,0.00028478007880039513,0.017385581508278847,0.25,1.0,1.0,True,50,0.8
820,31.73086560502858,0.9435692024796862,0.0006704045226797462,0.025822531431913376,0.25,1.0,1.0,True,50,0.8
821,26.146999468726044,0.8649737937105589,0.0021212410647422075,0.025848018005490303,0.25,1.0,1.0,True,50,0.8
822,31.19602232439153,0.9674123181616435,0.0007492772419936955,0.023069286718964577,0.25,1.0,1.0,True,50,0.8
823,24.13496523244028,0.9234722348389488,0.003855037270113826,0.015312139876186848,0.25,1.0,1.0,True,50,0.8
824,33.471226152208715,0.971842508674652,0.0004494399472605437,0.016181981191039085,0.25,1.0,1.0,True,50,0.8
825,22.62535390237168,0.8615365628797574,0.005426480900496244,0.02880292385816574,0.25,1.0,1.0,True,50,0.8
826,30.233570710467337,0.9297738409802025,0.0009440009016543627,0.03558816388249397,0.25,1.0,1.0,True,50,0.8
827,28.995563271951195,0.9126335186047635,0.0012415582314133644,0.024803100153803825,0.25,1.0,1.0,True,50,0.8
828,29.00556930677038,0.9624403189556333,0.001233542338013649,0.02434050291776657,0.25,1.0,1.0,True,50,0.8
829,26.655510885993916,0.8916815385737594,0.0017647003987804055,0.026938024908304214,0.25,1.0,1.0,True,50,0.8
830,30.240313492891588,0.919110760254203,0.0009446913027204573,0.024216322228312492,0.25,1.0,1.0,True,50,0.8
831,20.90406943192841,0.7879182786896529,0.00810873694717884,0.045546550303697586,0.25,1.0,1.0,True,50,0.8
832,24.23669233001189,0.9256583109502049,0.0037590297870337963,0.021858343854546547,0.25,1.0,1.0,True,50,0.8
833,26.719964838364263,0.8472195350016218,0.0018801578553393483,0.03412134200334549,0.25,1.0,1.0,True,50,0.8
834,27.88450163324559,0.8672462984954629,0.0016040925402194262,0.0362660251557827,0.25,1.0,1.0,True,50,0.8
835,35.7271877698398,0.9779709915258566,0.00026454628095962107,0.018408307805657387,0.25,1.0,1.0,True,50,0.8
836,26.822308923528098,0.85337174061582,0.0020307202357798815,0.025539472699165344,0.25,1.0,1.0,True,50,0.8
837,21.41779664584179,0.8316022938238005,0.0071204896084964275,0.024902310222387314,0.25,1.0,1.0,True,50,0.8
838,28.40495973760738,0.9117330411301062,0.0014409186551347375,0.031209755688905716,0.25,1.0,1.0,True,50,0.8
839,27.51046928677362,0.890144363068579,0.0016014876309782267,0.030705459415912628,0.25,1.0,1.0,True,50,0.8
840,37.60323556258216,0.9701459435255904,0.00017327918612863868,0.017317771911621094,0.25,1.0,1.0,True,50,0.8
841,24.98781135038863,0.9199440072322316,0.003137030638754368,0.03319229930639267,0.25,1.0,1.0,True,50,0.8
842,28.102256429609128,0.9163971114000238,0.0015228585107252002,0.026026077568531036,0.25,1.0,1.0,True,50,0.8
843,32.041884410191145,0.9579334145775151,0.0006245638360269368,0.019429273903369904,0.25,1.0,1.0,True,50,0.8
844,27.870390842149767,0.8811754924701709,0.0016281846910715103,0.024673817679286003,0.25,1.0,1.0,True,50,0.8
845,31.482093792541697,0.9285787151870775,0.0007100648945197463,0.025308651849627495,0.25,1.0,1.0,True,50,0.8
846,37.88304995135002,0.95600379868127,0.00016268459148705006,0.031839583069086075,0.25,1.0,1.0,True,50,0.8
847,26.600121510398886,0.9132412144466389,0.002106440020725131,0.0303508248180151,0.25,1.0,1.0,True,50,0.8
848,34.03541032395148,0.9518892010760381,0.00039433134952560067,0.024544043466448784,0.25,1.0,1.0,True,50,0.8
849,23.709747680255692,0.8762901891318464,0.004170045722275972,0.017039893195033073,0.25,1.0,1.0,True,50,0.8
850,24.94254772375069,0.8868420967907655,0.0031089866533875465,0.026835868135094643,0.25,1.0,1.0,True,50,0.8
851,30.273128075824243,0.9407005713420263,0.0009375132503919303,0.025316866114735603,0.25,1.0,1.0,True,50,0.8
852,23.342688482893266,0.8108895924482655,0.0020823893137276173,0.039378829300403595,0.25,1.0,1.0,True,50,0.8
853,25.421703271706335,0.8604151617277411,0.0028177229687571526,0.033594850450754166,0.25,1.0,1.0,True,50,0.8
854,33.57662899407464,0.9660327977378794,0.0004380765603855252,0.014500952325761318,0.25,1.0,1.0,True,50,0.8
855,21.975550928496638,0.9189280056393676,0.006320616230368614,0.0334545262157917,0.25,1.0,1.0,True,50,0.8
856,33.707540363050555,0.9535391521327758,0.00042487657628953457,0.01829611510038376,0.25,1.0,1.0,True,50,0.8
857,22.89091236966414,0.8538612166479215,0.005101956892758608,0.027014655992388725,0.25,1.0,1.0,True,50,0.8
858,37.09381559266167,0.9705410862362668,0.00019500336202327162,0.018184995278716087,0.25,1.0,1.0,True,50,0.8
859,20.467982566647002,0.8538165778191751,0.008951934054493904,0.027525998651981354,0.25,1.0,1.0,True,50,0.8
860,19.406759424368097,0.8321230078381162,0.011440589092671871,0.019730219617486,0.25,1.0,1.0,True,50,0.8
861,26.603757673356064,0.9387448531978209,0.002049071015790105,0.030225861817598343,0.25,1.0,1.0,True,50,0.8
862,33.59860868147079,0.9482745617874143,0.0004224789736326784,0.018242869526147842,0.25,1.0,1.0,True,50,0.8
863,27.380121285946167,0.9172371038388542,0.0017957377713173628,0.036158110946416855,0.25,1.0,1.0,True,50,0.8
864,27.892438704566377,0.901046206503799,0.0015878493431955576,0.028551826253533363,0.25,1.0,1.0,True,50,0.8
865,28.327752193553145,0.914829840132019,0.0014684584457427263,0.02281917631626129,0.25,1.0,1.0,True,50,0.8
866,29.98541607679702,0.9259533538407155,0.0010029153199866414,0.022515950724482536,0.25,1.0,1.0,True,50,0.8
867,34.97191121368103,0.9693925746853999,0.00031788594787940383,0.02082766592502594,0.25,1.0,1.0,True,50,0.8
868,20.59930689862003,0.77934360364883,0.008506286889314651,0.03598565235733986,0.25,1.0,1.0,True,50,0.8
869,35.89511747873992,0.9603540586659414,0.0002569521311670542,0.022862078621983528,0.25,1.0,1.0,True,50,0.8
870,35.9995466808389,0.9603353315124324,0.0002511211787350476,0.018310463055968285,0.25,1.0,1.0,True,50,0.8
871,23.748215360071562,0.8143346909543171,0.004198278300464153,0.038574256002902985,0.25,1.0,1.0,True,50,0.8
872,17.36151623076917,0.7506064477222141,0.018316324800252914,0.02848900482058525,0.25,1.0,1.0,True,50,0.8
873,29.06429707973396,0.9486645776297901,0.0012370179174467921,0.024104686453938484,0.25,1.0,1.0,True,50,0.8
874,26.99703475519869,0.8382306803818946,0.0018509876681491733,0.02259138785302639,0.25,1.0,1.0,True,50,0.8
875,22.275045101703178,0.8444953138225926,0.005904473830014467,0.04075789824128151,0.25,1.0,1.0,True,50,0.8
876,25.417306934716738,0.8637423690556834,0.0028550263959914446,0.029707107692956924,0.25,1.0,1.0,True,50,0.8
877,29.704456756500942,0.9380310374332286,0.001069946913048625,0.02207420952618122,0.25,1.0,1.0,True,50,0.8
878,23.278848694977874,0.864671483123336,0.004323240835219622,0.02926960028707981,0.25,1.0,1.0,True,50,0.8
879,32.17496386903783,0.9705356255142927,0.0006057785358279943,0.01082898024469614,0.25,1.0,1.0,True,50,0.8
880,29.00586558543437,0.9138814380996254,0.0012073616962879896,0.015521552413702011,0.25,1.0,1.0,True,50,0.8
881,25.818367970455675,0.8539291601390189,0.0021953925024718046,0.025770213454961777,0.25,1.0,1.0,True,50,0.8
882,26.69852900624543,0.9417677057543683,0.0019510925048962235,0.021247152239084244,0.25,1.0,1.0,True,50,0.8
883,20.760684509524264,0.7822078834249078,0.008360767737030983,0.04396200180053711,0.25,1.0,1.0,True,50,0.8
884,22.49170481715187,0.8698616261998627,0.00562382722273469,0.03222179412841797,0.25,1.0,1.0,True,50,0.8
885,23.09458789493214,0.8052253250385694,0.004724531900137663,0.04135093837976456,0.25,1.0,1.0,True,50,0.8
886,25.18253675901882,0.8765454511616501,0.0030201482586562634,0.021800285205245018,0.25,1.0,1.0,True,50,0.8
887,30.970154132251682,0.9551882552380901,0.0007992492173798382,0.018315477296710014,0.25,1.0,1.0,True,50,0.8
888,34.809919587644785,0.9551562501119509,0.0003300310636404902,0.02608983963727951,0.25,1.0,1.0,True,50,0.8
889,24.723039205260523,0.7955110991217237,0.003320060670375824,0.03820359706878662,0.25,1.0,1.0,True,50,0.8
890,37.30957489848874,0.974738166781894,0.0001852457644417882,0.017745645716786385,0.25,1.0,1.0,True,50,0.8
891,39.08791138996293,0.9783222321478575,0.00012318220979068428,0.013888061046600342,0.25,1.0,1.0,True,50,0.8
892,26.540953218372564,0.9347580511764968,0.0021945603657513857,0.034157391637563705,0.25,1.0,1.0,True,50,0.8
893,21.335424346213593,0.8617852710312861,0.0073320819064974785,0.020502710714936256,0.25,1.0,1.0,True,50,0.8
894,34.11657304758061,0.9423691765150541,0.00038722329190932214,0.021506907418370247,0.25,1.0,1.0,True,50,0.8
895,33.61623896689891,0.9231345307185739,0.00043447926873341203,0.028397535905241966,0.25,1.0,1.0,True,50,0.8
896,26.895483851687764,0.8426945900738669,0.001916766632348299,0.04019930958747864,0.25,1.0,1.0,True,50,0.8
897,30.95399670977532,0.9290468734722696,0.0005947864265181124,0.023404795676469803,0.25,1.0,1.0,True,50,0.8
898,33.72887799974022,0.9570470232943263,0.00042302097426727414,0.016886502504348755,0.25,1.0,1.0,True,50,0.8
899,33.25154093006356,0.937503145129196,0.00047278107376769185,0.020291676744818687,0.25,1.0,1.0,True,50,0.8
900,37.39764700586579,0.9740324635346976,0.0001816491858335212,0.01809685491025448,0.25,1.0,1.0,True,50,0.8
901,34.101167207161666,0.9561684427108189,0.000388136861147359,0.016242463141679764,0.25,1.0,1.0,True,50,0.8
902,23.098526038500047,0.8374625121304299,0.004598592408001423,0.03060372732579708,0.25,1.0,1.0,True,50,0.8
903,32.19445118782885,0.9446355016100517,0.0005459620733745396,0.021494505926966667,0.25,1.0,1.0,True,50,0.8
904,30.921525429312226,0.9324569656322369,0.0008052473422139883,0.028521796688437462,0.25,1.0,1.0,True,50,0.8
905,23.44046863446113,0.8979697811558566,0.004508688114583492,0.03926954045891762,0.25,1.0,1.0,True,50,0.8
906,30.348978179844043,0.9730405902837944,0.0009213747689500451,0.01965189352631569,0.25,1.0,1.0,True,50,0.8
907,36.8662048896906,0.9690344427838168,0.000205162912607193,0.019017251208424568,0.25,1.0,1.0,True,50,0.8
908,33.5287544033049,0.9637015959395959,0.0004435409791767597,0.018166963011026382,0.25,1.0,1.0,True,50,0.8
909,25.87530094173936,0.9202215863416746,0.0025791272055357695,0.020768912509083748,0.25,1.0,1.0,True,50,0.8
910,35.29971475328276,0.9716570588026745,0.00029455756884999573,0.02258451282978058,0.25,1.0,1.0,True,50,0.8
911,28.88195963442911,0.9164302826342937,0.0010766196064651012,0.027128543704748154,0.25,1.0,1.0,True,50,0.8
912,26.919679690932927,0.9132985323167745,0.0015805945731699467,0.022039096802473068,0.25,1.0,1.0,True,50,0.8
913,26.89748372135743,0.8343585294442671,0.0014822155935689807,0.03660069406032562,0.25,1.0,1.0,True,50,0.8
914,37.41394560817921,0.9565091910238606,0.0001812430564314127,0.025947511196136475,0.25,1.0,1.0,True,50,0.8
915,20.83703089849314,0.8203829861757483,0.008242339827120304,0.024033010005950928,0.25,1.0,1.0,True,50,0.8
916,22.10750598685213,0.8620448180035111,0.006144190207123756,0.028073884546756744,0.25,1.0,1.0,True,50,0.8
917,35.49422618896115,0.9630819103450844,0.0002819533983711153,0.018212128430604935,0.25,1.0,1.0,True,50,0.8
918,21.525904406414487,0.8942545368310911,0.006883061025291681,0.028410889208316803,0.25,1.0,1.0,True,50,0.8
919,27.68489670481078,0.9353462772365079,0.0016979861538857222,0.021973054856061935,0.25,1.0,1.0,True,50,0.8
920,26.180297300552816,0.8036746149378088,0.0023214041721075773,0.046978991478681564,0.25,1.0,1.0,True,50,0.8
921,30.994087816808126,0.9247435110268424,0.000589069037232548,0.01786983571946621,0.25,1.0,1.0,True,50,0.8
922,35.18179411632722,0.9589250936442977,0.00030310239526443183,0.014881083741784096,0.25,1.0,1.0,True,50,0.8
923,32.6716936143442,0.9620350063369986,0.0005356447072699666,0.024056248366832733,0.25,1.0,1.0,True,50,0.8
924,35.78878114081513,0.9560142569436131,0.0002632498799357563,0.035159189254045486,0.25,1.0,1.0,True,50,0.8
925,33.61633148223104,0.9406885251448989,0.00043475654092617333,0.019823433831334114,0.25,1.0,1.0,True,50,0.8
926,29.636430373913115,0.958694771862559,0.0010845381766557693,0.02312384732067585,0.25,1.0,1.0,True,50,0.8
927,32.53101478213647,0.9273738225324174,0.0005578627460636199,0.028600042685866356,0.25,1.0,1.0,True,50,0.8
928,31.612564852235884,0.957253795036406,0.0006834019441157579,0.02012632228434086,0.25,1.0,1.0,True,50,0.8
929,27.166594696683234,0.9302054359909182,0.0019198692170903087,0.02723284810781479,0.25,1.0,1.0,True,50,0.8
930,31.663224083252203,0.9485600227326677,0.0006785619189031422,0.027536876499652863,0.25,1.0,1.0,True,50,0.8
931,24.257857041122843,0.8586366041711223,0.0037057201843708754,0.04938707500696182,0.25,1.0,1.0,True,50,0.8
932,32.95860656199459,0.9717695465536309,0.0005043143173679709,0.01746024750173092,0.25,1.0,1.0,True,50,0.8
933,26.074388424129662,0.8843932799150575,0.0022949983831495047,0.01269824244081974,0.25,1.0,1.0,True,50,0.8
934,25.774531993698687,0.8578563009446892,0.0024537071585655212,0.028929641470313072,0.25,1.0,1.0,True,50,0.8
935,27.48332530640727,0.934985690382314,0.001772840041667223,0.014208381064236164,0.25,1.0,1.0,True,50,0.8
936,27.340507632571963,0.8924796883265754,0.001813301700167358,0.030957527458667755,0.25,1.0,1.0,True,50,0.8
937,32.81789257653464,0.9556382027357602,0.000513820443302393,0.023989655077457428,0.25,1.0,1.0,True,50,0.8
938,24.23932043143042,0.8964216902523356,0.003765887813642621,0.018217988312244415,0.25,1.0,1.0,True,50,0.8
939,29.20170020326223,0.9291496304535645,0.001184231718070805,0.029341012239456177,0.25,1.0,1.0,True,50,0.8
940,20.460661913465206,0.7854428961001442,0.00890055950731039,0.030253291130065918,0.25,1.0,1.0,True,50,0.8
941,23.712750598821223,0.8485032774173891,0.003379087196663022,0.03213052824139595,0.25,1.0,1.0,True,50,0.8
942,28.894364475921982,0.8965677405608051,0.0012526093050837517,0.03166301175951958,0.25,1.0,1.0,True,50,0.8
943,27.788721092258207,0.8842292427862883,0.001572542474605143,0.03834458068013191,0.25,1.0,1.0,True,50,0.8
944,26.547309388363605,0.9171983433831618,0.0020976972300559282,0.03435935452580452,0.25,1.0,1.0,True,50,0.8
945,23.607849548231595,0.9161128784816758,0.004316936247050762,0.029614195227622986,0.25,1.0,1.0,True,50,0.8
946,30.700129701999103,0.9334066494899514,0.0008407962741330266,0.03296036645770073,0.25,1.0,1.0,True,50,0.8
947,20.993363764421616,0.8118861106099894,0.007437478750944138,0.02904565818607807,0.25,1.0,1.0,True,50,0.8
948,27.635155745401274,0.9045183325784186,0.0017155272653326392,0.026191717013716698,0.25,1.0,1.0,True,50,0.8
949,33.48506606965277,0.9598378372081662,0.00044727325439453125,0.018514614552259445,0.25,1.0,1.0,True,50,0.8
950,33.22626796743919,0.9547909900961277,0.000470547383883968,0.018582792952656746,0.25,1.0,1.0,True,50,0.8
951,35.832226212985645,0.960923278617785,0.0002607938658911735,0.01605529896914959,0.25,1.0,1.0,True,50,0.8
952,23.183036728674352,0.7632638338048124,0.00408070208504796,0.03939838334918022,0.25,1.0,1.0,True,50,0.8
953,27.946852841021553,0.8943808764849777,0.001558723975904286,0.03227955475449562,0.25,1.0,1.0,True,50,0.8
954,16.731757292373285,0.6321601435529702,0.020988531410694122,0.03798481449484825,0.25,1.0,1.0,True,50,0.8
955,27.979260280407686,0.9318168269983571,0.0015724000986665487,0.019791191443800926,0.25,1.0,1.0,True,50,0.8
956,34.22075715463417,0.9642878671179614,0.0003778159443754703,0.013823538087308407,0.25,1.0,1.0,True,50,0.8
957,32.01075305692524,0.9500389886698979,0.0006293694605119526,0.016408856958150864,0.25,1.0,1.0,True,50,0.8
958,29.758318482532452,0.9447690277092228,0.0010114506585523486,0.02131825126707554,0.25,1.0,1.0,True,50,0.8
959,29.076836767150994,0.9401995709590745,0.0012291275197640061,0.023927612230181694,0.25,1.0,1.0,True,50,0.8
960,26.269473308919057,0.8819548595961956,0.001808718079701066,0.029120299965143204,0.25,1.0,1.0,True,50,0.8
961,22.79872811072604,0.8146549981682498,0.005144909955561161,0.033202629536390305,0.25,1.0,1.0,True,50,0.8
962,36.289559219068835,0.966358040393137,0.00023470209271181375,0.016579879447817802,0.25,1.0,1.0,True,50,0.8
963,24.51809283420374,0.8929099416635018,0.003446261864155531,0.030141932889819145,0.25,1.0,1.0,True,50,0.8
964,20.357931667350343,0.7611105898955932,0.004007401410490274,0.02854466810822487,0.25,1.0,1.0,True,50,0.8
965,28.15044448970362,0.9299575591688616,0.001508559100329876,0.03041863441467285,0.25,1.0,1.0,True,50,0.8
966,35.63041188808502,0.9657969219981086,0.0002731900312937796,0.0158081017434597,0.25,1.0,1.0,True,50,0.8
967,20.556820799373202,0.8920418914867085,0.008658656850457191,0.02516774646937847,0.25,1.0,1.0,True,50,0.8
968,36.498487070824524,0.9585419603238042,0.00022382706811185926,0.015374047681689262,0.25,1.0,1.0,True,50,0.8
969,32.732134342447495,0.9568162441207528,0.0005314109148457646,0.021565262228250504,0.25,1.0,1.0,True,50,0.8
970,27.2021417782714,0.9489487549991676,0.0019036702578887343,0.018354082480072975,0.25,1.0,1.0,True,50,0.8
971,31.23266047844082,0.9181822415891078,0.0007520138169638813,0.030270354822278023,0.25,1.0,1.0,True,50,0.8
972,27.001846188834314,0.9499123635306816,0.0019922368228435516,0.019513452425599098,0.25,1.0,1.0,True,50,0.8
973,29.91011372113539,0.9637440777238616,0.0009967435616999865,0.016627341508865356,0.25,1.0,1.0,True,50,0.8
974,34.061475339726954,0.9576525316411251,0.0003922118048649281,0.01480835024267435,0.25,1.0,1.0,True,50,0.8
975,27.082828259370967,0.9287109731266927,0.0019557189662009478,0.024791322648525238,0.25,1.0,1.0,True,50,0.8
976,28.545399284305496,0.9317288511347168,0.0013960478827357292,0.023547178134322166,0.25,1.0,1.0,True,50,0.8
977,31.131774494068452,0.9384888443861338,0.0007703168084844947,0.024810753762722015,0.25,1.0,1.0,True,50,0.8
978,27.448093814178783,0.9263965387677753,0.0017965626902878284,0.02578466758131981,0.25,1.0,1.0,True,50,0.8
979,31.03097826933521,0.9426651810006583,0.0007878950564190745,0.023604797199368477,0.25,1.0,1.0,True,50,0.8
980,22.55758636668407,0.8222934131130194,0.005216754507273436,0.039135515689849854,0.25,1.0,1.0,True,50,0.8
981,22.26938168265642,0.7938608240866116,0.005735927261412144,0.050712987780570984,0.25,1.0,1.0,True,50,0.8
982,26.886954406596594,0.8724420243803069,0.0020075468346476555,0.03777216747403145,0.25,1.0,1.0,True,50,0.8
983,37.00412464653387,0.9695007820355142,0.00019928380788769573,0.020061971619725227,0.25,1.0,1.0,True,50,0.8
984,22.156616868393336,0.8883136101605292,0.006052201613783836,0.026576971635222435,0.25,1.0,1.0,True,50,0.8
985,28.765528083284472,0.9436932978661436,0.001321190851740539,0.023466840386390686,0.25,1.0,1.0,True,50,0.8
986,20.747269805585205,0.8423820992168266,0.00839515682309866,0.01870417781174183,0.25,1.0,1.0,True,50,0.8
987,33.3758129721454,0.9560546911522454,0.0004590778553392738,0.015655644237995148,0.25,1.0,1.0,True,50,0.8
988,20.947684641122034,0.7636659216085342,0.0076750232838094234,0.032720282673835754,0.25,1.0,1.0,True,50,0.8
989,30.319970659320653,0.9609004606649479,0.0009285712731070817,0.026364196091890335,0.25,1.0,1.0,True,50,0.8
990,16.54785212160966,0.7351498574069417,0.02198045887053013,0.03721945360302925,0.25,1.0,1.0,True,50,0.8
991,23.97988566678221,0.8541799976987335,0.003571943612769246,0.040629129856824875,0.25,1.0,1.0,True,50,0.8
992,29.45223095600033,0.9459825649134761,0.0011293594725430012,0.02127416431903839,0.25,1.0,1.0,True,50,0.8
993,36.68480745081223,0.9780879332092893,0.0002144291065633297,0.011164918541908264,0.25,1.0,1.0,True,50,0.8
994,26.441179156227914,0.9257705399864599,0.0022566525731235743,0.03490280359983444,0.25,1.0,1.0,True,50,0.8
995,29.721581012469137,0.8950106400219864,0.001044324948452413,0.02710718847811222,0.25,1.0,1.0,True,50,0.8
996,22.766424770263505,0.8371362622738509,0.005211870186030865,0.02735343761742115,0.25,1.0,1.0,True,50,0.8
997,22.963716033116782,0.9111546198400151,0.005042102187871933,0.01566089317202568,0.25,1.0,1.0,True,50,0.8
998,17.785125909440925,0.8142736252763485,0.016618497669696808,0.02414502203464508,0.25,1.0,1.0,True,50,0.8
999,29.416182798603057,0.9483354526376823,0.001140825217589736,0.02257930114865303,0.25,1.0,1.0,True,50,0.8
