sample_idx,psnr,ssim,mse,post_std_mean,sigma_used,alpha,scaling,clip,lambda_,zeta
0,24.403497342817772,0.878020322937504,499.4377136230469,7.751106262207031,0.2507727406771334,380.4129638671875,375.16558837890625,True,50,0.8
1,22.540624542579536,0.8217189262685499,5029.83251953125,34.267005920410156,0.16903702224586947,971.399169921875,950.7636108398438,True,50,0.8
2,29.315935561338616,0.9240729796668463,585.1103515625,11.147382736206055,0.2766607673537165,513.4102783203125,732.261962890625,True,50,0.8
3,30.01202326058841,0.9036073562841943,330.4495544433594,18.366729736328125,0.18013300063665696,612.6936645507812,599.059814453125,True,50,0.8
4,28.577511575466616,0.9492024069938374,33.646610260009766,2.6035680770874023,0.2553036317541809,142.59068298339844,156.8626251220703,True,50,0.8
5,26.56249825472917,0.8996665394901079,50.20212936401367,3.311779737472534,0.22136358833208375,142.5239715576172,156.83853149414062,True,50,0.8
6,22.969767556338446,0.8528569662788262,14.391124725341797,1.4002012014389038,0.31049000225446255,41.21870422363281,59.02552795410156,True,50,0.8
7,27.269487159658773,0.938087312429682,1393.1895751953125,4.716801643371582,0.3176175940272876,556.4368896484375,866.3099975585938,True,50,0.8
8,22.882817612502876,0.8391425772738269,1847.162353515625,22.377504348754883,0.1895538924921126,730.8443603515625,601.513916015625,True,50,0.8
9,17.760890689169674,0.6670776444209571,8285.7021484375,28.883024215698242,0.19358755212082368,640.5252685546875,708.364501953125,True,50,0.8
10,19.91585777730879,0.8578443723922726,4.685352325439453,1.3792216777801514,0.1597365387715992,29.030498504638672,21.56390953063965,True,50,0.8
11,29.85183621709613,0.935731217526553,972.0125122070312,15.656171798706055,0.22850046251261558,869.644775390625,969.93994140625,True,50,0.8
12,26.69270226939462,0.9167340576602578,1474.5081787109375,26.620681762695312,0.18838487061983247,1013.555908203125,832.6101684570312,True,50,0.8
13,27.70055321591221,0.8817837764062103,76.89863586425781,6.482999324798584,0.17019387810212971,220.08665466308594,213.12677001953125,True,50,0.8
14,34.416219099215546,0.9512392582969645,12.051046371459961,4.7306623458862305,0.1822409406955683,186.01698303222656,182.6431427001953,True,50,0.8
15,25.468209836939497,0.9025323373429915,96.19459533691406,4.416252613067627,0.16019201357019414,203.58554077148438,184.22109985351562,True,50,0.8
16,36.532125962055844,0.9776379613069311,20.595922470092773,4.431173801422119,0.23745707608502112,282.2814025878906,304.93798828125,True,50,0.8
17,35.832731183146514,0.9565897256028295,71.93997192382812,10.479097366333008,0.2584207289113145,514.7221069335938,525.231689453125,True,50,0.8
18,27.917170409704344,0.931827469752915,291.6226806640625,10.373600959777832,0.200033474821828,437.5045166015625,432.5130615234375,True,50,0.8
19,28.43705550572485,0.9314550587521064,118.07445526123047,6.0537214279174805,0.22903838553873104,262.4737243652344,291.9378967285156,True,50,0.8
20,26.497101455406874,0.8113443377510413,718.5098266601562,27.960124969482422,0.14852837421691,770.5387573242188,612.2410278320312,True,50,0.8
21,32.00238138310273,0.9716088025531778,12.409144401550293,1.3409757614135742,0.27111748796270696,122.98668670654297,140.3543701171875,True,50,0.8
22,27.18969205320851,0.9086110229431906,160.6902313232422,12.436722755432129,0.1468412903417449,295.88250732421875,292.8525085449219,True,50,0.8
23,33.77341786221548,0.9349958830127653,56.38059997558594,7.809670448303223,0.2042993046949753,363.53094482421875,366.9954833984375,True,50,0.8
24,29.36734107650087,0.9249804614821086,240.20135498046875,9.084284782409668,0.2967545653523439,407.6339111328125,456.6139221191406,True,50,0.8
25,31.943470917092384,0.9451170110127383,392.3799133300781,13.163094520568848,0.18222487430056739,674.3638305664062,785.3908081054688,True,50,0.8
26,27.934836938035833,0.8248555667160338,53.86040115356445,2.099621534347534,0.17644589394670138,116.08030700683594,200.47410583496094,True,50,0.8
27,27.506342922830463,0.9338308585379023,469.8834533691406,12.8994140625,0.155597928858589,553.3515625,514.72021484375,True,50,0.8
28,26.618745785983325,0.839817059074823,667.9537963867188,21.289813995361328,0.18695064625682561,628.582275390625,592.8221435546875,True,50,0.8
29,32.19599844156235,0.9773791248768845,1.3536452054977417,0.640238344669342,0.18962470323214436,47.98773956298828,47.403961181640625,True,50,0.8
30,20.566546458168734,0.841386665655959,3238.926025390625,1.9370367527008057,0.36514371818809954,359.08294677734375,607.9373168945312,True,50,0.8
31,16.05892028837374,0.6565565005849994,720.6879272460938,7.767509937286377,0.106416348454527,260.0496520996094,171.35360717773438,True,50,0.8
32,32.804646260161014,0.9421039069699982,2.280251979827881,1.7118982076644897,0.18914374168953457,71.974853515625,65.98654174804688,True,50,0.8
33,23.040254124399482,0.8951529501682634,4467.33740234375,3.137199878692627,0.2538361556653152,674.3029174804688,948.9366455078125,True,50,0.8
34,32.65279784230377,0.9281768805786613,505.50970458984375,29.93831443786621,0.15387179350512392,1046.640869140625,965.6663818359375,True,50,0.8
35,21.800856271078292,0.7751000884197599,4313.15576171875,50.73734664916992,0.15376567607470165,1004.412109375,808.5889282226562,True,50,0.8
36,26.792970341296204,0.9039022635304013,191.08897399902344,8.869739532470703,0.10456343317901566,661.6065063476562,305.30914306640625,True,50,0.8
37,24.34759965394334,0.9285683390660158,35.554473876953125,0.9385495185852051,0.24464029658686362,74.26615905761719,98.5744400024414,True,50,0.8
38,28.276263551311157,0.8478802414679049,689.3689575195312,8.1317138671875,0.2705184480103378,464.6277160644531,684.5487670898438,True,50,0.8
39,22.181200889558653,0.8827074897211894,1167.8935546875,13.58473014831543,0.15888694997168215,485.4410095214844,440.71234130859375,True,50,0.8
40,26.046934502999434,0.9166655906575075,37.48419189453125,1.1674686670303345,0.20718693685827083,111.8380126953125,122.91619873046875,True,50,0.8
41,31.964634463700854,0.9245758675369439,155.39964294433594,16.989028930664062,0.24642964938052475,559.5408325195312,495.6817321777344,True,50,0.8
42,28.410429941026525,0.9259474878617484,1.7897697687149048,1.4030070304870605,0.18493513034020564,36.630577087402344,35.35413360595703,True,50,0.8
43,33.93802323560449,0.9264453931012882,333.29266357421875,22.542009353637695,0.15239004080599453,922.033935546875,909.4110717773438,True,50,0.8
44,25.124886906173906,0.896866923125059,200.26181030273438,5.224653244018555,0.2723530149373939,165.73793029785156,259.5212097167969,True,50,0.8
45,27.041001019405112,0.9315191697832909,844.8213500976562,16.702369689941406,0.12039254119979201,661.1792602539062,662.8597412109375,True,50,0.8
46,23.082258466456075,0.8474338361818629,465.3645324707031,7.252101421356201,0.28175166226301485,246.525390625,312.39935302734375,True,50,0.8
47,25.893508014800712,0.9102426417937485,687.6544799804688,14.547086715698242,0.1629013895442222,490.9692687988281,520.5479736328125,True,50,0.8
48,25.45671587040107,0.928361206645121,848.2103271484375,24.957773208618164,0.16161555966526464,546.66552734375,547.16357421875,True,50,0.8
49,32.79892349228797,0.9540685539828735,18.032718658447266,4.959424018859863,0.18437134528575155,192.19801330566406,185.6696014404297,True,50,0.8
50,25.951311654312352,0.8419527048023415,2133.553955078125,39.81338119506836,0.2595774491147866,870.9512939453125,969.6150512695312,True,50,0.8
51,27.298284281090098,0.9402763046116652,1113.766845703125,12.018200874328613,0.22237744582815963,660.840576171875,775.357666015625,True,50,0.8
52,28.5678111603848,0.8915840064509896,958.7222290039062,25.879549026489258,0.21234136466348905,940.1302490234375,939.5594482421875,True,50,0.8
53,25.221249921588992,0.9158254716280075,2404.148193359375,11.503561019897461,0.22816933665505115,774.18212890625,894.9324951171875,True,50,0.8
54,23.959659901666196,0.9212974722447187,1437.0487060546875,4.035183429718018,0.2683898287441045,499.8420104980469,598.3020629882812,True,50,0.8
55,27.49029307904481,0.9091889374227223,1501.8074951171875,39.67707061767578,0.14906285108043826,1132.19482421875,921.9523315429688,True,50,0.8
56,28.835611811744286,0.9369289794335117,10.381762504577637,2.2084436416625977,0.22496637676815104,88.16526794433594,89.40400695800781,True,50,0.8
57,27.510784081736574,0.8697430465861308,51.49946594238281,6.341623783111572,0.29030362607950316,163.74349975585938,196.78688049316406,True,50,0.8
58,23.364260704433878,0.8690550895590409,9.826393127441406,1.818648099899292,0.1779975140346991,54.07554626464844,46.18206024169922,True,50,0.8
59,21.747128091386255,0.8640045587087442,710.4636840820312,13.56924057006836,0.14043486139766717,389.10137939453125,326.0050048828125,True,50,0.8
60,29.67267807904002,0.9094655152460247,154.6558074951172,11.964583396911621,0.15245733462592967,429.6617736816406,389.2886047363281,True,50,0.8
61,24.581990563299495,0.8546944995135185,236.6342315673828,6.699582576751709,0.24629750266376582,186.3551788330078,272.07769775390625,True,50,0.8
62,31.558145744406445,0.964243602872633,479.2441711425781,9.10329818725586,0.22489547056110332,765.38134765625,828.9087524414062,True,50,0.8
63,23.405209260747935,0.8151546324859398,578.5513916015625,13.681474685668945,0.22933154856286933,381.1568603515625,357.3965759277344,True,50,0.8
64,20.65356069439741,0.7866578981244224,681.9614868164062,12.714730262756348,0.19410589801116607,333.7342834472656,281.653564453125,True,50,0.8
65,23.796958598536328,0.9095152035149889,1205.9754638671875,5.240455627441406,0.286695441931409,423.0423889160156,543.1533813476562,True,50,0.8
66,25.760248938276213,0.9291169420038461,53.32390594482422,2.5989067554473877,0.14967631799583234,131.92845153808594,141.78329467773438,True,50,0.8
67,27.230591726842718,0.9306230240023788,1101.6258544921875,23.541946411132812,0.2418180021858764,787.3589477539062,802.394775390625,True,50,0.8
68,27.325323251222606,0.8890519517316373,9.024365425109863,2.2886197566986084,0.20881020537187636,65.98583984375,75.47608947753906,True,50,0.8
69,27.392401134636412,0.9036798800365783,1763.7593994140625,35.45416259765625,0.1484869649188735,1162.5919189453125,986.9000244140625,True,50,0.8
70,26.492712104645022,0.946427969583017,1336.58837890625,11.38858413696289,0.2520843285261868,721.0105590820312,772.4725341796875,True,50,0.8
71,20.61742456779852,0.7375752393184103,332.046630859375,3.087289333343506,0.4238213285775787,135.5009307861328,199.5169677734375,True,50,0.8
72,34.52403870007254,0.9884361469093614,0.014976168051362038,0.07391519844532013,0.14303804966682906,6.28679895401001,6.516594886779785,True,50,0.8
73,18.76783261713112,0.786754154870277,8686.7197265625,28.305261611938477,0.1229942289276502,1098.3017578125,815.64599609375,True,50,0.8
74,23.939124771814562,0.7423329437659967,1968.249267578125,33.2227668762207,0.1479512330293974,709.9041137695312,707.1505126953125,True,50,0.8
75,18.1894960900396,0.7144881450005209,8052.76953125,76.38719940185547,0.08018602055749206,1431.555908203125,729.2781372070312,True,50,0.8
76,23.584058230130978,0.9181868723709947,2600.80224609375,7.50687837600708,0.20568258946226076,663.653564453125,771.4990844726562,True,50,0.8
77,34.689664431146056,0.9638918068940425,1.9069417715072632,1.9336498975753784,0.14425781958875455,81.85517120361328,74.9706039428711,True,50,0.8
78,28.181227163355665,0.9219015518509013,195.5545654296875,16.414512634277344,0.16066046071573817,436.8057556152344,359.1072692871094,True,50,0.8
79,25.209324132439022,0.8027741146250769,38.19794845581055,4.713052272796631,0.2249730562336001,117.38394165039062,116.75318908691406,True,50,0.8
80,24.04488472158388,0.8575842006932617,2798.462158203125,22.798749923706055,0.20322305227190557,747.6808471679688,863.2402954101562,True,50,0.8
81,29.126894121130903,0.9352282192346605,472.0364074707031,7.384050369262695,0.26082127219993895,508.65863037109375,623.6748046875,True,50,0.8
82,34.671466003856196,0.98019816387364,37.423587799072266,4.694248199462891,0.32352220670187976,308.5117492675781,331.567138671875,True,50,0.8
83,31.149299082640685,0.9078364027443009,3.1607136726379395,2.4369592666625977,0.19614175265656714,77.16722869873047,64.49478912353516,True,50,0.8
84,27.682117915689677,0.9413132934732088,165.33091735839844,3.1269657611846924,0.3237323772001038,233.365234375,311.67132568359375,True,50,0.8
85,22.69314712830466,0.8841585736333463,567.3902587890625,7.901506423950195,0.24362639698174782,169.07630920410156,325.8581237792969,True,50,0.8
86,25.716236358564238,0.8856456960838334,1364.1781005859375,42.46623992919922,0.13698536303526188,1336.1214599609375,729.8765869140625,True,50,0.8
87,28.15378728713311,0.8722564480213403,596.9012451171875,28.64260482788086,0.1558236543933167,725.9228515625,637.919921875,True,50,0.8
88,25.85013716040597,0.9226226144892204,2045.14501953125,3.3074145317077637,0.2194347070210365,665.289306640625,887.3255004882812,True,50,0.8
89,27.594483691107726,0.9482975976063002,384.9970397949219,6.116305351257324,0.2674306849001198,350.0270690917969,472.7427062988281,True,50,0.8
90,29.458700734737107,0.9193594755126226,16.17761993408203,3.939398765563965,0.11512125971032676,135.33273315429688,120.47465515136719,True,50,0.8
91,28.13755051335829,0.9442686418569248,780.670166015625,7.014065742492676,0.33041632073106175,547.6837158203125,713.5315551757812,True,50,0.8
92,33.03232879143935,0.9344597110799653,287.935302734375,21.64242172241211,0.21930305461520613,833.0979614257812,761.0242919921875,True,50,0.8
93,27.371428727285778,0.8860021695317806,577.6303100585938,16.430904388427734,0.21697358234471026,656.1723022460938,561.7159423828125,True,50,0.8
94,30.73204048614645,0.8631271444111139,488.20709228515625,28.053451538085938,0.1726888260366729,723.6994018554688,771.1962280273438,True,50,0.8
95,35.71947171851864,0.9740596005022218,65.3348617553711,5.505349159240723,0.1752439390422339,456.72711181640625,494.3017883300781,True,50,0.8
96,29.038445595353807,0.948820879169662,341.29705810546875,15.477775573730469,0.1277861518895825,549.4151611328125,523.2100830078125,True,50,0.8
97,35.02704031111459,0.9778222288355862,57.52900695800781,4.88973331451416,0.3075979715748486,390.9042053222656,428.11346435546875,True,50,0.8
98,22.663276879475,0.8029467966689114,3.722736120223999,0.9624132513999939,0.23098598979991622,23.625871658325195,26.393707275390625,True,50,0.8
99,32.83731326268498,0.9384295113300145,6.153900146484375,2.379622459411621,0.20130522852272115,107.29200744628906,108.78353881835938,True,50,0.8
100,29.172369494200815,0.9113844761084784,1.269221305847168,1.2597016096115112,0.17466411548833477,41.285865783691406,32.39775466918945,True,50,0.8
101,29.534159240776678,0.9241323970686894,204.20626831054688,4.219783782958984,0.5361742001284051,224.9988250732422,636.7739868164062,True,50,0.8
102,26.197485752061546,0.8853746497267386,201.6945037841797,6.223073959350586,0.27614183893115657,212.29412841796875,315.0416259765625,True,50,0.8
103,23.66692711238811,0.9142908812937844,1113.6962890625,9.885359764099121,0.21764645965858312,487.613525390625,509.0621337890625,True,50,0.8
104,23.306121962762994,0.8269143419788019,3658.067626953125,37.98013687133789,0.17347309266168737,1144.5325927734375,907.658935546875,True,50,0.8
105,22.113685939540808,0.8967263577260823,382.8961486816406,1.9361027479171753,0.34105742387871035,161.6578369140625,250.04293823242188,True,50,0.8
106,26.803429089377623,0.9584723123732735,351.9886779785156,3.3165462017059326,0.24247913325565407,359.07989501953125,410.9725341796875,True,50,0.8
107,29.501932470905103,0.9630922005887617,640.6060791015625,7.8325700759887695,0.29713569305285964,627.1883544921875,755.7955932617188,True,50,0.8
108,22.20051563713143,0.7736907771022528,317.19915771484375,12.85276985168457,0.1480230715637798,301.44879150390625,229.56936645507812,True,50,0.8
109,23.568075567195024,0.9068699797886444,26.659603118896484,0.26932013034820557,0.22505714572528418,52.022945404052734,77.9029312133789,True,50,0.8
110,19.559705992556374,0.7736890889520774,932.3121948242188,14.216706275939941,0.1203483756804886,387.6257019042969,290.4617004394531,True,50,0.8
111,27.68674463488368,0.9250850095745211,35.236183166503906,3.5842549800872803,0.3566993529012703,119.36589050292969,162.06005859375,True,50,0.8
112,23.15050004664029,0.7633043889593529,4139.21923828125,56.255977630615234,0.16857354488973625,1353.26708984375,929.7679443359375,True,50,0.8
113,28.979851157633213,0.9210911799064607,826.2059936523438,21.93268585205078,0.18992099181527733,903.5820922851562,808.312255859375,True,50,0.8
114,17.700276888539616,0.638531033684783,6704.52099609375,27.462406158447266,0.14111919772501624,635.5857543945312,633.7703247070312,True,50,0.8
115,17.1112122489459,0.6484966216175118,14737.9072265625,71.58035278320312,0.13627015768949488,1153.71484375,871.589111328125,True,50,0.8
116,20.361408564366158,0.8072254600086138,5923.21240234375,29.958301544189453,0.18022699416861182,896.7101440429688,803.868408203125,True,50,0.8
117,34.9196048585746,0.9659874849828773,11.309415817260742,2.6384012699127197,0.17753769402298764,183.4229278564453,187.38348388671875,True,50,0.8
118,30.84108064911746,0.9670867001247603,650.5067138671875,10.387516975402832,0.1964629793425774,837.9317016601562,892.6664428710938,True,50,0.8
119,25.628366014569085,0.9144312680417324,791.5271606445312,12.960614204406738,0.20987156973051546,477.0788269042969,539.8029174804688,True,50,0.8
120,22.717467254927616,0.8551659948028907,3473.1630859375,36.85422134399414,0.20637094065791559,996.4683227539062,807.6326904296875,True,50,0.8
121,28.04246974100724,0.9189025925393567,1223.9473876953125,17.777379989624023,0.22023589882715242,741.5252075195312,896.1951904296875,True,50,0.8
122,30.26584913676938,0.9242358445656035,87.52516174316406,6.73736047744751,0.16381351466877367,328.9173278808594,318.68548583984375,True,50,0.8
123,22.971604462421457,0.8789219886844506,62.012718200683594,2.0540542602539062,0.16773911293993435,105.76222229003906,110.9418716430664,True,50,0.8
124,27.781390294949993,0.9416905151924235,87.11141204833984,6.8476338386535645,0.22621883611312427,230.52476501464844,228.7072296142578,True,50,0.8
125,29.0236162731976,0.9361017462023764,227.8287811279297,17.34400749206543,0.21461994043516822,422.88726806640625,427.6806945800781,True,50,0.8
126,28.461157808987267,0.8810887401450187,897.1102294921875,13.287042617797852,0.39879768792395676,495.2818908691406,818.19677734375,True,50,0.8
127,31.876252956328557,0.96342773035061,475.6042785644531,32.05439758300781,0.19156205273027355,964.0587768554688,860.869873046875,True,50,0.8
128,31.501900221379316,0.9574127877121493,0.044337134808301926,0.1811619997024536,0.19477659598739164,7.4614176750183105,7.945178508758545,True,50,0.8
129,28.28461884309902,0.8670660413963138,353.5965576171875,18.756999969482422,0.18293264666574968,597.2667236328125,511.2365417480469,True,50,0.8
130,28.11631357437286,0.9379272048579773,264.24395751953125,17.281158447265625,0.17956667175395674,451.3088684082031,417.99359130859375,True,50,0.8
131,25.378319700238023,0.8947826272897399,129.30337524414062,8.473834991455078,0.2515913594289486,219.25360107421875,222.8856964111328,True,50,0.8
132,19.585791155746545,0.831212070924791,160.02255249023438,2.687347173690796,0.12946429506857066,131.07925415039062,120.74549865722656,True,50,0.8
133,29.31328518335549,0.8802586237989343,133.1305389404297,15.358973503112793,0.16270335459087235,371.7421569824219,338.2775573730469,True,50,0.8
134,23.933189331615218,0.8320763124845864,3506.984619140625,41.66359329223633,0.15533628533314647,1517.2916259765625,942.966796875,True,50,0.8
135,20.931758566042525,0.8136872453889589,750.8292846679688,7.360345363616943,0.263935874705113,239.51893615722656,323.8797302246094,True,50,0.8
136,27.310532424790797,0.8975581977174255,490.827880859375,22.363567352294922,0.14788387677943132,651.4712524414062,519.2718505859375,True,50,0.8
137,27.024006711098018,0.890327656457068,980.5191040039062,22.412702560424805,0.1707491182980578,817.884521484375,703.31591796875,True,50,0.8
138,32.17482364933523,0.9325679125316187,80.38990020751953,9.213860511779785,0.20522607901875953,375.7351379394531,364.2659606933594,True,50,0.8
139,32.4982148795605,0.9154100549725434,531.1777954101562,25.230321884155273,0.271075994002989,1000.5391235351562,971.810302734375,True,50,0.8
140,23.5031928559208,0.8281303780716608,3742.519287109375,40.84453201293945,0.16720986141193525,1185.910400390625,962.48486328125,True,50,0.8
141,30.646740842788628,0.9592129265960648,54.72091293334961,4.0030083656311035,0.24459485587741453,224.83811950683594,252.530517578125,True,50,0.8
142,23.138863517665477,0.8991482573154337,1199.8057861328125,6.232041835784912,0.18821547706734504,449.3302917480469,497.7512512207031,True,50,0.8
143,21.453666450910944,0.8422255591074652,649.3831176757812,8.778700828552246,0.12599288265686612,277.85650634765625,301.5774230957031,True,50,0.8
144,33.90542565278439,0.9801149742583618,33.13846969604492,3.6735572814941406,0.2885775015988789,255.16746520996094,285.5556640625,True,50,0.8
145,22.32064700235481,0.8668829168243981,8.370503425598145,0.9106988906860352,0.23579073413185767,33.79443359375,37.850059509277344,True,50,0.8
146,23.589910508049204,0.8781931142969551,1624.17529296875,11.690553665161133,0.21543421861396295,536.0152587890625,609.9547729492188,True,50,0.8
147,19.218775291055778,0.8354219810195335,3023.120849609375,16.61534881591797,0.12501739164845385,508.2125244140625,503.17633056640625,True,50,0.8
148,27.233461735672748,0.8595375083234922,4.4341840744018555,0.9252156615257263,0.39162898241956173,29.665258407592773,52.42727279663086,True,50,0.8
149,27.849751083490357,0.8865585365285569,115.53133392333984,2.589310884475708,0.2766330233265365,146.81422424316406,279.3678283691406,True,50,0.8
150,28.55366152038906,0.9333992947865627,1149.396728515625,24.385269165039062,0.1492413970246375,1033.421875,908.3576049804688,True,50,0.8
151,28.449824144123713,0.851075639038221,74.10820770263672,2.760708808898926,0.386016195629953,163.5354461669922,240.32232666015625,True,50,0.8
152,21.285966937453146,0.802973126252523,157.897705078125,13.040311813354492,0.12856626195729626,266.13848876953125,145.74998474121094,True,50,0.8
153,27.68716114480739,0.8793629073673404,408.5881652832031,15.581562995910645,0.1804850655340789,560.542236328125,489.96331787109375,True,50,0.8
154,36.10758897656026,0.9911545682525487,237.76490783691406,12.758245468139648,0.17726767621738054,919.2357788085938,985.664794921875,True,50,0.8
155,18.884296689623387,0.8169883970055639,760.5508422851562,11.582640647888184,0.10656706910855408,355.56658935546875,242.81321716308594,True,50,0.8
156,29.11128465709313,0.9506926542711208,553.458740234375,5.795617580413818,0.26240043737552976,562.3809814453125,672.4634399414062,True,50,0.8
157,23.734451870611192,0.8730421879850674,2447.84765625,12.427270889282227,0.22709665669287038,576.5841064453125,761.8579711914062,True,50,0.8
158,22.530068527391283,0.8976636867317509,296.22509765625,4.640627384185791,0.28446809903028675,154.35446166992188,238.39990234375,True,50,0.8
159,24.56571415596099,0.9105929986641514,1842.984619140625,6.532237529754639,0.3743175890301051,478.3443908691406,728.4881591796875,True,50,0.8
160,31.757126585430413,0.9505695894099119,90.54138946533203,7.700120449066162,0.18141672383927082,401.8027038574219,368.41534423828125,True,50,0.8
161,23.00130402872998,0.8232750647780736,2000.21630859375,34.12156295776367,0.128007920088597,827.2406005859375,632.6735229492188,True,50,0.8
162,31.38834562093944,0.9313988902359063,291.2847900390625,35.183170318603516,0.14154403598141732,883.3905639648438,633.8961791992188,True,50,0.8
163,22.674694040091673,0.9168946690465865,1543.6497802734375,12.862638473510742,0.2661702467323094,445.40924072265625,536.2388916015625,True,50,0.8
164,26.114986403298563,0.9189914717109272,20.26502799987793,0.8179299831390381,0.20191304726197182,68.81988525390625,91.19947814941406,True,50,0.8
165,25.098821588585384,0.909480318814326,2042.052978515625,6.226710796356201,0.3274121286463547,482.0770568847656,835.4671630859375,True,50,0.8
166,26.558644452332466,0.9240388535155354,228.17555236816406,2.1751787662506104,0.2107091251973919,280.18109130859375,321.45928955078125,True,50,0.8
167,36.736258639499034,0.9890474041210732,7.412708282470703,1.7926294803619385,0.24964179609504644,187.5059814453125,187.3319854736328,True,50,0.8
168,27.91010575776236,0.9123424307334596,2.8162403106689453,0.6218549609184265,0.20238240742897254,37.9990234375,41.73436737060547,True,50,0.8
169,22.67967376496736,0.8467301929415703,1884.612548828125,28.420852661132812,0.13017313922386983,736.6289672851562,591.3020629882812,True,50,0.8
170,25.61821201249795,0.9141285700706229,1257.9769287109375,4.040920734405518,0.29306843562530493,511.26275634765625,677.8867797851562,True,50,0.8
171,20.136120874900566,0.7681264797421662,2.9079208374023438,0.8688377141952515,0.08390635069757611,41.54668045043945,17.57124137878418,True,50,0.8
172,29.036860642698716,0.920220070786705,327.1429138183594,18.231679916381836,0.19595737539257999,634.0726928710938,512.5809936523438,True,50,0.8
173,31.6544934815169,0.9806793362086772,35.118614196777344,2.9912309646606445,0.26093441258235395,206.16903686523438,227.26927185058594,True,50,0.8
174,29.270381048871098,0.9598312796054118,490.2957458496094,15.64008617401123,0.27137290684031984,642.6317749023438,645.527587890625,True,50,0.8
175,27.24384163293471,0.8306394414704948,43.62693405151367,2.035151720046997,0.5545275500813512,74.14046478271484,175.1920623779297,True,50,0.8
176,24.543800353694643,0.9162007893310231,1677.276611328125,9.616657257080078,0.1681902061177154,672.3358154296875,691.246826171875,True,50,0.8
177,32.046558657548886,0.9711748168287632,93.59126281738281,5.650217056274414,0.23590523739870978,342.2486572265625,387.3486022949219,True,50,0.8
178,30.950956895317127,0.9331741856835913,662.9793090820312,22.024356842041016,0.09252193068877236,971.0978393554688,936.7932739257812,True,50,0.8
179,26.01879887214566,0.9498083966527561,47.678016662597656,1.9271913766860962,0.20650261374710185,112.99689483642578,138.3834228515625,True,50,0.8
180,27.31440517296395,0.9351315951288146,212.8423309326172,3.478574275970459,0.3288669804239874,219.4977264404297,341.72528076171875,True,50,0.8
181,28.90596660188756,0.941282299011792,16.74224090576172,3.8489608764648438,0.183112275360766,117.91571044921875,114.36004638671875,True,50,0.8
182,30.892216991490553,0.9248953907374751,695.9022216796875,28.008991241455078,0.17350458081651876,979.213134765625,924.7689208984375,True,50,0.8
183,24.098159280651082,0.9460876830238407,2992.6884765625,20.777484893798828,0.2640190293888151,1003.8953857421875,877.4620361328125,True,50,0.8
184,24.916692538048096,0.9329562189040169,213.9960479736328,3.2472054958343506,0.39386107864910996,175.74676513671875,258.6836853027344,True,50,0.8
185,18.810066044245303,0.7123964009341573,5720.09619140625,55.76451873779297,0.07074275000917958,1688.84912109375,660.3240356445312,True,50,0.8
186,30.016205527221285,0.9490851503407624,665.3191528320312,13.894164085388184,0.21378556427330228,722.3348999023438,817.4049682617188,True,50,0.8
187,25.469958955124138,0.8644160610903343,872.1634521484375,29.37637710571289,0.11583668287626912,723.3652954101562,555.6456298828125,True,50,0.8
188,34.46895568078956,0.9702036475034198,100.22904205322266,5.340905666351318,0.2036169288663631,488.685302734375,530.1209106445312,True,50,0.8
189,22.16031439818641,0.8205873136169369,353.73541259765625,14.424056053161621,0.16430350329854168,324.1983337402344,242.61044311523438,True,50,0.8
190,33.26610971120216,0.9523920056143904,4.157553672790527,4.544673442840576,0.17465507337710534,119.6582260131836,94.0096664428711,True,50,0.8
191,32.404440228270175,0.9403462151163503,462.6129150390625,22.72490692138672,0.19563681212230077,951.40380859375,897.3185424804688,True,50,0.8
192,31.41254353368051,0.9327045361423948,583.8624267578125,34.907161712646484,0.18624715162902025,1022.8432006835938,900.5176391601562,True,50,0.8
193,20.440728336946037,0.7399575654803957,3543.691650390625,43.0574836730957,0.10173639811179258,987.6394653320312,633.4683837890625,True,50,0.8
194,19.807528026455987,0.8112195239850355,1204.1927490234375,11.677937507629395,0.1668876978334213,409.4784851074219,339.6907653808594,True,50,0.8
195,26.967121959950894,0.901314203380881,245.22891235351562,10.356203079223633,0.24501357777145297,343.2217712402344,349.8603515625,True,50,0.8
196,22.47453076166157,0.7852134097137338,2922.975341796875,28.00343132019043,0.2472435919619935,708.9913330078125,726.229736328125,True,50,0.8
197,24.10614931416994,0.8233192750592238,3116.24072265625,49.129878997802734,0.16348399054720655,996.2642822265625,897.213134765625,True,50,0.8
198,18.771960563787346,0.7985635927874836,10414.263671875,17.619937896728516,0.32315864069094297,819.24951171875,887.1993408203125,True,50,0.8
199,26.13238074095568,0.8686988918570623,1409.1903076171875,20.40900421142578,0.230415145411639,820.6367797851562,780.0956420898438,True,50,0.8
200,31.923483208025104,0.937633412249071,260.42034912109375,14.061389923095703,0.1825366629992525,625.3718872070312,642.3895874023438,True,50,0.8
201,23.429995370597254,0.8519559830753469,32.10348892211914,1.431047797203064,0.2303321389627926,45.797298431396484,85.05582427978516,True,50,0.8
202,28.332607383981625,0.9482541801744324,38.59283447265625,2.257866382598877,0.16689505728731296,142.03538513183594,162.4670867919922,True,50,0.8
203,27.03147171538926,0.875762901667763,1567.0560302734375,36.74861145019531,0.1958252793115863,1099.220947265625,898.6556396484375,True,50,0.8
204,31.34471445295525,0.96176024668603,269.7989807128906,5.449332237243652,0.2794666924643565,517.977783203125,606.8226318359375,True,50,0.8
205,22.4458926482965,0.8551359661521777,0.5894114375114441,0.3284805119037628,0.24484315288807706,9.667219161987305,10.187854766845703,True,50,0.8
206,36.612980007095366,0.965917275870609,2.2822935581207275,2.776553153991699,0.2723775772648007,103.1856918334961,102.37007141113281,True,50,0.8
207,34.08831262946534,0.9498842289158065,171.848388671875,11.856149673461914,0.08957015274002732,652.9649658203125,663.8382568359375,True,50,0.8
208,21.370337239071713,0.7620213591686851,0.26726359128952026,0.3912141025066376,0.15822972295662605,7.875462532043457,6.056522369384766,True,50,0.8
209,33.115480365393324,0.9550256552049742,12.737752914428711,2.8293731212615967,0.20111089476594654,153.08892822265625,161.64724731445312,True,50,0.8
210,17.733427719137804,0.6647524120201048,5033.4189453125,35.996131896972656,0.13546417186427578,732.5826416015625,549.18505859375,True,50,0.8
211,25.961039741800867,0.9072402982143118,1196.0072021484375,22.43337059020996,0.26649242178534466,739.7584838867188,692.2033081054688,True,50,0.8
212,23.41063302471978,0.8512933163454812,1938.584228515625,32.12565994262695,0.10130832826450761,852.121337890625,652.309326171875,True,50,0.8
213,28.40332942945566,0.9102665271741694,65.13631439208984,5.257675647735596,0.17789746132932216,278.7629699707031,225.0450439453125,True,50,0.8
214,27.503590742002203,0.9491833932351771,900.6091918945312,17.003507614135742,0.20568884976455948,707.4219360351562,712.467041015625,True,50,0.8
215,28.83763224328706,0.9170168407445907,68.72051239013672,5.23520565032959,0.2511491777627872,185.82237243652344,238.0118408203125,True,50,0.8
216,27.688570894720907,0.9145398914182782,156.33319091796875,7.783287048339844,0.23450290063690782,296.68145751953125,326.0743103027344,True,50,0.8
217,27.637466509901742,0.9312005609627602,956.0184326171875,7.949551105499268,0.2671956631666706,612.3228149414062,746.7449340820312,True,50,0.8
218,20.862051770097235,0.7768990607241166,3456.25146484375,41.21156311035156,0.16299730578730032,809.8186645507812,649.9832763671875,True,50,0.8
219,25.41504655148998,0.8429229095899207,2071.737548828125,37.91179275512695,0.10699640020129197,997.0989379882812,849.3742065429688,True,50,0.8
220,28.604678592779273,0.8982719855173515,591.71923828125,19.96422576904297,0.14252958198069474,737.7991943359375,657.9552612304688,True,50,0.8
221,26.35083134359054,0.9295698200555286,748.3216552734375,20.202478408813477,0.1551850367384744,633.7935180664062,568.7402954101562,True,50,0.8
222,28.97305276202774,0.9193080308450609,10.954161643981934,1.1690553426742554,0.40778154943568273,45.837158203125,94.58109283447266,True,50,0.8
223,31.93854146360092,0.9422811773923775,86.7559814453125,7.51728630065918,0.2166828073220234,357.0953674316406,368.34808349609375,True,50,0.8
224,22.70675940805645,0.8453551640712932,360.5320739746094,14.541526794433594,0.15339045902565168,314.92779541015625,265.9371643066406,True,50,0.8
225,34.59758573357191,0.973229348828672,20.77303695678711,3.5951123237609863,0.12626912452806424,233.57693481445312,244.7456512451172,True,50,0.8
226,31.211078270648123,0.9366090947567987,716.09130859375,34.13569641113281,0.18777900223643773,1159.98681640625,973.0375366210938,True,50,0.8
227,28.915809377844376,0.9473885478619083,198.6315460205078,8.307991981506348,0.18331775893382973,370.50323486328125,393.7046203613281,True,50,0.8
228,23.959391349692538,0.8842799591767468,3190.518798828125,15.316205024719238,0.28728290364214437,727.0889282226562,892.1544799804688,True,50,0.8
229,22.986921858813318,0.727245849584853,1294.9554443359375,17.60710906982422,0.31426194311197353,398.6584777832031,631.5075073242188,True,50,0.8
230,25.78313705594937,0.8739658028428093,1510.727294921875,24.60352897644043,0.16584888870645462,791.0477905273438,795.0164794921875,True,50,0.8
231,31.27366585984351,0.9629107545772942,188.3518829345703,5.78007173538208,0.29532271505251534,443.6686706542969,503.13446044921875,True,50,0.8
232,34.98897292448539,0.9630083679783824,105.4444351196289,7.953371047973633,0.22518786220912368,593.6854858398438,577.3269653320312,True,50,0.8
233,26.14690656946946,0.9147969293259123,589.5613403320312,12.926398277282715,0.16275000719811206,527.8381958007812,493.0251770019531,True,50,0.8
234,29.53337133501082,0.9354886449859031,41.08864212036133,2.550485610961914,0.23804449457982324,160.94119262695312,196.04774475097656,True,50,0.8
235,21.61977306549207,0.8596901831527551,3584.814697265625,13.506330490112305,0.22627094199914033,625.0770263671875,722.7296752929688,True,50,0.8
236,32.405526999290394,0.9642113991643007,45.480865478515625,3.720749616622925,0.19576058089350662,237.14561462402344,281.4915771484375,True,50,0.8
237,27.01557632741963,0.9295656896916903,1.2581981420516968,0.5240532755851746,0.30026943207285156,21.212303161621094,25.291650772094727,True,50,0.8
238,30.588824152705048,0.9079832536768434,359.7130432128906,42.61471939086914,0.09779208953195545,1600.674560546875,645.8268432617188,True,50,0.8
239,27.268298307686244,0.9397389727910852,59.340885162353516,1.6993956565856934,0.2073310215176135,147.0161590576172,177.93356323242188,True,50,0.8
240,28.857178208071286,0.8943860794045607,1147.160888671875,26.508092880249023,0.20014139501401126,999.4535522460938,940.5181274414062,True,50,0.8
241,30.54357539963035,0.9630908197478244,801.7936401367188,14.286816596984863,0.22773396872881502,902.0408325195312,953.9746704101562,True,50,0.8
242,20.509805932793487,0.8421444271248909,7430.6767578125,46.46648406982422,0.13017322695695407,1925.1304931640625,914.9495239257812,True,50,0.8
243,25.116482201281592,0.899735545253807,400.6014404296875,11.172539710998535,0.17527582773741515,390.1691589355469,370.7885437011719,True,50,0.8
244,30.542732355449957,0.9435853197924616,0.23824593424797058,0.34650635719299316,0.2525995057434437,15.844000816345215,16.441160202026367,True,50,0.8
245,31.363808470743898,0.9188707222195172,549.4769287109375,7.110398769378662,0.4800887562102179,394.26983642578125,928.3902587890625,True,50,0.8
246,26.00480743347363,0.8466231144513691,454.1404724121094,12.65944766998291,0.2053328044206822,423.70086669921875,428.7559509277344,True,50,0.8
247,26.67848543074808,0.9449005523702309,2004.943359375,14.852890968322754,0.2226071749422293,833.1353149414062,966.6881713867188,True,50,0.8
248,23.3512513465071,0.7624807291724494,3663.41015625,54.55876541137695,0.09764556983847962,1756.0111083984375,963.6563720703125,True,50,0.8
249,28.045595141572072,0.9387554821507358,1138.492431640625,7.524949550628662,0.1910092366691646,660.7786254882812,853.1564331054688,True,50,0.8
250,33.30949936010334,0.9592824624418843,40.60531234741211,3.8162453174591064,0.2129028920690123,269.2373352050781,295.1544494628906,True,50,0.8
251,24.436216911391394,0.9085570155814486,463.4114685058594,4.824743747711182,0.28685093539115003,271.5564880371094,385.7126159667969,True,50,0.8
252,21.818111822605243,0.7981710055942352,4714.3603515625,27.253917694091797,0.26224173296784115,570.5642700195312,851.2855224609375,True,50,0.8
253,36.385832257141175,0.970619013588741,22.738767623901367,3.9102072715759277,0.18786504165924797,284.6954650878906,317.6050720214844,True,50,0.8
254,21.019255926462467,0.905022354506752,227.98182678222656,6.07206392288208,0.12238383135724104,211.60800170898438,170.32325744628906,True,50,0.8
255,25.632130483537633,0.8428971758374216,655.6870727539062,7.608551502227783,0.3828326839045866,278.4398193359375,557.2444458007812,True,50,0.8
256,25.43870771593143,0.8887061325314679,2046.6361083984375,19.67347526550293,0.23140111023395749,1244.9207763671875,936.2186279296875,True,50,0.8
257,33.74325156446331,0.964087707646983,204.647216796875,10.132135391235352,0.27592108967766854,664.4381713867188,696.333740234375,True,50,0.8
258,26.697367689187068,0.8979313546105435,660.1930541992188,18.370840072631836,0.2544854845576731,516.657470703125,570.4910888671875,True,50,0.8
259,26.655324632137052,0.8802241688503877,20.208284378051758,4.804760456085205,0.1945011232907926,147.1894989013672,98.07931518554688,True,50,0.8
260,27.474523158401677,0.907945684838744,676.414794921875,19.17694664001465,0.20939062052790378,758.5300903320312,615.3922119140625,True,50,0.8
261,32.12348212018268,0.9613511341982459,598.78466796875,15.21938705444336,0.35046319194803965,749.5384521484375,990.0637817382812,True,50,0.8
262,29.248398866508577,0.8961694739288982,21.014928817749023,4.845768451690674,0.1330362441685759,162.7261199951172,140.9439239501953,True,50,0.8
263,29.01064719510464,0.9261844037802288,337.6584167480469,11.17774772644043,0.22682344538307755,510.1617431640625,518.8113403320312,True,50,0.8
264,27.129962688745998,0.9375708482475227,1489.2034912109375,20.93385887145996,0.17250913745924706,958.6319580078125,877.4957275390625,True,50,0.8
265,30.07416094659127,0.9211239646447456,533.1181640625,10.548593521118164,0.31332709435599254,531.2755126953125,741.02783203125,True,50,0.8
266,19.136115249845513,0.7659296090348208,5926.63916015625,45.13844680786133,0.09686093169339124,1062.7935791015625,697.3187255859375,True,50,0.8
267,23.09007882329223,0.8726358341383632,2311.696533203125,14.075482368469238,0.2346034566309296,585.4208984375,702.7816162109375,True,50,0.8
268,26.486449595499337,0.9237578421508196,291.0906982421875,1.9539406299591064,0.3172483968211353,283.6076354980469,360.13165283203125,True,50,0.8
269,20.232687690860107,0.7466300521274489,744.5387573242188,14.054608345031738,0.14010064125400784,563.6614990234375,294.2982482910156,True,50,0.8
270,28.489889904515767,0.8976829606161228,924.8869018554688,28.25489044189453,0.13440715278558635,896.1744995117188,809.5518188476562,True,50,0.8
271,26.936096675870157,0.911034000631887,1319.1795654296875,27.710521697998047,0.14918437949873428,746.0679321289062,810.3032836914062,True,50,0.8
272,22.689029192664325,0.7176299054567865,3955.860595703125,41.95201110839844,0.1523300276662877,1042.9212646484375,867.2052612304688,True,50,0.8
273,30.43833813677155,0.9430402676556625,752.1686401367188,32.696311950683594,0.19023055540652165,1011.3331909179688,913.3273315429688,True,50,0.8
274,25.112409745043266,0.8396257298012909,796.8963012695312,34.14280700683594,0.18818095447226146,673.48193359375,511.8310546875,True,50,0.8
275,16.402585104426088,0.7453629937894477,5747.791015625,10.276331901550293,0.2852143909930953,461.14794921875,502.0147705078125,True,50,0.8
276,31.07275406132722,0.9480300554150275,493.1937561035156,14.364008903503418,0.18095103169152083,661.4148559570312,798.4968872070312,True,50,0.8
277,24.05718089344778,0.8618182685301875,1645.099853515625,16.13296890258789,0.14880687335670348,691.2572021484375,650.31396484375,True,50,0.8
278,27.357885536945965,0.889213783391612,875.4910888671875,11.873085975646973,0.2503417275415079,563.8643798828125,702.264892578125,True,50,0.8
279,22.759509340555116,0.8348583186274035,3345.79052734375,34.393306732177734,0.21992120701011836,829.6949462890625,795.9968872070312,True,50,0.8
280,25.616777736648192,0.904144269225747,1993.7862548828125,21.10918426513672,0.2528026470312991,737.6427612304688,890.1153564453125,True,50,0.8
281,20.510111950456388,0.8632748381602814,1017.81689453125,12.361152648925781,0.09150146328379528,591.1920776367188,338.65716552734375,True,50,0.8
282,20.488352728598986,0.802714187892152,1264.4468994140625,17.622709274291992,0.15106807411060472,447.2157897949219,376.2073669433594,True,50,0.8
283,33.15744762661676,0.9412794000900689,4.3483734130859375,2.682607412338257,0.24713624754975802,100.12980651855469,94.88795471191406,True,50,0.8
284,28.94082825839706,0.8887239692844452,421.1695861816406,11.27330207824707,0.15100196041361424,530.4268188476562,578.7018432617188,True,50,0.8
285,23.800430602184534,0.8562836662834908,5.562146186828613,0.45178812742233276,0.2898785188198427,20.64950180053711,36.90633010864258,True,50,0.8
286,32.16423645733906,0.9109652495690236,131.60313415527344,23.49007797241211,0.18956657784881029,597.58447265625,466.1324157714844,True,50,0.8
287,29.714727588049,0.9536398547337274,313.1864013671875,9.895926475524902,0.23948939684042725,544.5303955078125,543.1019897460938,True,50,0.8
288,26.194461002206832,0.8880574203474049,197.05006408691406,10.225332260131836,0.15087052493840852,403.94317626953125,287.25469970703125,True,50,0.8
289,23.602946362344102,0.8008512055231748,1495.0992431640625,48.23050308227539,0.10008170840995972,866.5241088867188,591.242431640625,True,50,0.8
290,32.678209873905686,0.9527166961885458,0.5341273546218872,0.5426626801490784,0.15229485443694793,32.24093246459961,31.469749450683594,True,50,0.8
291,21.986202873665633,0.8177286963059576,9.204727172851562,0.6294355392456055,0.19213886364734703,30.469032287597656,38.31084060668945,True,50,0.8
292,27.994300344292395,0.9354142017654836,1045.397705078125,12.34736156463623,0.2363552045911779,647.173583984375,822.7779541015625,True,50,0.8
293,23.70790866295183,0.8850561712544555,548.5983276367188,9.231108665466309,0.3044917415235739,298.5602111816406,360.8304443359375,True,50,0.8
294,30.5219908919061,0.9135863859863842,11.238920211791992,3.4080793857574463,0.1820313167291706,149.70571899414062,127.9334487915039,True,50,0.8
295,21.733205966485485,0.8394938578139641,1808.8692626953125,13.494523048400879,0.22780782103091735,407.86712646484375,522.7210083007812,True,50,0.8
296,29.333661713363135,0.9283248695349792,682.9140014648438,27.389925003051758,0.18388252738677321,822.2609252929688,770.2235717773438,True,50,0.8
297,25.06444685987731,0.8369586408224535,141.8843994140625,12.018372535705566,0.15312178375869887,233.28575134277344,216.60520935058594,True,50,0.8
298,27.00429031402283,0.9273884754677921,773.650146484375,17.83474349975586,0.16494818333074707,724.9067993164062,623.267578125,True,50,0.8
299,27.54252390617792,0.9579560615053118,13.084145545959473,0.5674814581871033,0.2551999371693842,74.26535034179688,86.26211547851562,True,50,0.8
300,32.929036734882196,0.9684470294829616,1.4022471904754639,0.5343911647796631,0.29709552756718594,41.818580627441406,52.63003921508789,True,50,0.8
301,26.97483018711703,0.9193513965074614,547.30859375,19.347896575927734,0.17741880647797234,568.1928100585938,531.8233032226562,True,50,0.8
302,25.53803373128821,0.8600478940061894,817.875732421875,30.566862106323242,0.21460472041570294,671.6198120117188,541.094482421875,True,50,0.8
303,27.211295393341395,0.9140300478467139,768.2929077148438,36.34687042236328,0.15696614765042735,964.3840942382812,637.79248046875,True,50,0.8
304,19.439863323197716,0.7316429369761661,5962.1884765625,25.532527923583984,0.2142242989373113,712.41943359375,726.365234375,True,50,0.8
305,27.53953705324115,0.9321321221481782,1662.8961181640625,37.164859771728516,0.20090995477439008,888.179443359375,975.876220703125,True,50,0.8
306,22.09857228114935,0.8542528081427244,1623.4371337890625,15.950203895568848,0.2155152888925791,629.24658203125,516.7840576171875,True,50,0.8
307,22.809422312508566,0.7642299630923571,522.702392578125,18.555461883544922,0.18062407293726343,481.8661193847656,323.6335144042969,True,50,0.8
308,27.84416026513025,0.9122495095027366,990.1387939453125,17.03466033935547,0.19862945923813796,610.8065795898438,795.3909912109375,True,50,0.8
309,33.213225537910674,0.9762254182030173,35.153072357177734,3.2715938091278076,0.21766632189554502,240.23098754882812,271.5614318847656,True,50,0.8
310,24.2465177899723,0.8427000175631711,702.6820678710938,19.33840560913086,0.1978077937817722,458.4820861816406,439.5324401855469,True,50,0.8
311,31.797427860060882,0.9522673048932486,4.110594749450684,1.0047978162765503,0.23545390535672722,59.47634506225586,79.37792205810547,True,50,0.8
312,22.090689450884582,0.8822136515849316,4.258611679077148,0.6156247854232788,0.2340679063787114,22.892269134521484,26.32539176940918,True,50,0.8
313,29.043266123422992,0.9073178200887361,1153.8873291015625,37.935062408447266,0.1606166339727205,1104.8724365234375,962.685791015625,True,50,0.8
314,28.831581628631056,0.9232003218864386,901.4058837890625,22.274587631225586,0.22266122250718523,768.500244140625,836.1441650390625,True,50,0.8
315,28.387814990837445,0.9548862409750067,701.0718994140625,3.072038173675537,0.3276197211340428,538.768310546875,696.2782592773438,True,50,0.8
316,28.542017066154163,0.9476287569177901,228.14120483398438,9.837872505187988,0.18944268523627747,384.0989685058594,409.54400634765625,True,50,0.8
317,18.3312549642844,0.7577136261063081,419.3597412109375,9.579788208007812,0.15539981974569805,268.1758117675781,174.12103271484375,True,50,0.8
318,28.400958773181124,0.9363116500024579,35.47675704956055,5.5665082931518555,0.22405856268316743,153.51055908203125,157.28060913085938,True,50,0.8
319,27.48141822659566,0.9258828861725404,112.48863220214844,4.454604625701904,0.27073993171654254,235.38194274902344,250.99266052246094,True,50,0.8
320,25.478774941391393,0.913631896992955,847.5103759765625,1.221985936164856,0.23656415623426313,349.2453308105469,549.6774291992188,True,50,0.8
321,36.139150190997825,0.9562187148152367,124.20223999023438,13.842913627624512,0.22926297048835761,708.8928833007812,714.88134765625,True,50,0.8
322,18.416242602541118,0.7032535455016163,6227.388671875,19.562332153320312,0.21356835107507008,512.6760864257812,660.5371704101562,True,50,0.8
323,27.880295067466704,0.9551019214129246,126.94961547851562,12.881355285644531,0.19042474284036157,365.8916320800781,280.6539611816406,True,50,0.8
324,27.19866141563977,0.9615604707623291,1728.8890380859375,17.062469482421875,0.18176665261062722,876.2706298828125,954.910400390625,True,50,0.8
325,30.382993140919062,0.9535622759169531,396.9413757324219,12.041092872619629,0.27497396643404126,566.66064453125,738.1589965820312,True,50,0.8
326,27.049842198709136,0.9328133543209395,606.8582153320312,10.393692970275879,0.19804112482419298,497.9955749511719,554.7996826171875,True,50,0.8
327,25.434841904052234,0.9132551562244801,1066.1138916015625,3.777327537536621,0.33648545599801655,413.08465576171875,612.1090087890625,True,50,0.8
328,26.42254288415691,0.9300426119117698,383.379638671875,12.432342529296875,0.17889518950135447,474.52642822265625,420.1804504394531,True,50,0.8
329,32.9218567678738,0.9673865791660098,31.48988914489746,5.455294609069824,0.14232187944685243,264.9874267578125,248.48326110839844,True,50,0.8
330,29.912770387565708,0.9339210331528034,127.35826110839844,4.281794548034668,0.23664994283506394,310.0875549316406,356.61669921875,True,50,0.8
331,37.94112310234344,0.9736267401076569,92.21233367919922,15.823004722595215,0.15772259121441046,829.8181762695312,758.0882568359375,True,50,0.8
332,22.947700349320495,0.9024375582880834,1.1957131624221802,0.04611189663410187,0.3231926605454843,10.553099632263184,15.379095077514648,True,50,0.8
333,32.51257517236266,0.9829306166515261,7.661031246185303,1.0771095752716064,0.15260597870517312,110.91535186767578,116.9565658569336,True,50,0.8
334,31.91312470486148,0.9667834848227024,1.4183815717697144,1.0317325592041016,0.1898759588374525,44.17583465576172,46.95663833618164,True,50,0.8
335,29.299663120169733,0.9115603208941695,1.9920685291290283,1.2050012350082397,0.3347980218924137,34.19850158691406,41.688072204589844,True,50,0.8
336,24.208941858145543,0.8943062102089572,2665.89404296875,22.417922973632812,0.19929373235321698,816.2130126953125,855.6051025390625,True,50,0.8
337,23.505788248136007,0.8981924011988106,2201.718505859375,4.559262275695801,0.2903379335720756,477.7301025390625,703.9542236328125,True,50,0.8
338,28.065037924510744,0.9603458064751482,345.67236328125,3.697432518005371,0.23928530554414185,393.0435791015625,474.69964599609375,True,50,0.8
339,34.32690518282274,0.973832716698248,3.594738483428955,1.134566068649292,0.16917230747450723,88.7049331665039,98.736328125,True,50,0.8
340,29.638006201443137,0.9060123053228462,253.6517791748047,17.32681655883789,0.1598265971388775,530.8316650390625,492.124267578125,True,50,0.8
341,17.39348345059732,0.6617618554254457,4049.482177734375,14.264141082763672,0.28859056924565163,413.6810607910156,473.998291015625,True,50,0.8
342,25.59857309279934,0.8249035289824529,58.84408950805664,5.846348762512207,0.18157252900198884,162.39894104003906,174.02867126464844,True,50,0.8
343,23.852374618892178,0.8593644139782987,583.0167846679688,7.087277889251709,0.17969024587897006,309.62786865234375,434.41778564453125,True,50,0.8
344,30.97170687773675,0.9345991837074143,127.1545639038086,8.420544624328613,0.263311816440383,390.98492431640625,399.1062316894531,True,50,0.8
345,30.363245043579425,0.9204361017685772,333.362548828125,13.652633666992188,0.20247136598576956,644.6800537109375,616.2342529296875,True,50,0.8
346,27.936093294218267,0.8640889221138822,631.4932861328125,14.074973106384277,0.3016939218537385,490.48370361328125,635.4585571289062,True,50,0.8
347,28.590365652609634,0.9560676697791546,2.8851802349090576,1.4418121576309204,0.16028200340795298,49.907405853271484,46.258705139160156,True,50,0.8
348,35.19133773049808,0.9631817409205486,42.55012512207031,9.49019718170166,0.15192469755882101,375.3811950683594,375.2380065917969,True,50,0.8
349,30.668426231026903,0.9061656767661973,336.0721435546875,19.121118545532227,0.25159789242819974,682.2035522460938,626.2340698242188,True,50,0.8
350,29.313449745982343,0.9430115197326746,296.81298828125,10.638148307800293,0.17719278632946645,498.4703369140625,503.63311767578125,True,50,0.8
351,25.084734544907484,0.8899200676668385,2273.6162109375,33.13471984863281,0.15237610657007858,1057.5677490234375,856.6333618164062,True,50,0.8
352,29.370967530771583,0.9370690184281091,502.01385498046875,16.520198822021484,0.12416366996705457,751.86474609375,659.034912109375,True,50,0.8
353,21.20402313159133,0.8424153936637095,202.56968688964844,8.05306339263916,0.18918892456884662,258.3144226074219,163.77149963378906,True,50,0.8
354,25.15113705724554,0.9212517056025957,15.604560852050781,0.7018409967422485,0.27448365645887374,59.59103012084961,71.49817657470703,True,50,0.8
355,20.09028362841271,0.8189791497493656,4039.173095703125,17.24756622314453,0.23823284294439703,653.1224365234375,642.77685546875,True,50,0.8
356,21.27153878146135,0.8559327849443575,5.62241792678833,0.5802504420280457,0.1533815083153612,25.859909057617188,27.484798431396484,True,50,0.8
357,23.194365191689666,0.8464677544554332,1624.0511474609375,7.942768573760986,0.26640100204713124,376.8164978027344,586.1898193359375,True,50,0.8
358,27.626369942128953,0.9199337386694363,1458.3421630859375,15.406888008117676,0.25233425715962776,781.537841796875,940.2900390625,True,50,0.8
359,34.376995577576885,0.9502194990376078,121.02825927734375,14.90444564819336,0.1500076786842464,579.4564208984375,575.898681640625,True,50,0.8
360,32.7165568100033,0.9518431147677734,80.81537628173828,10.634334564208984,0.18575460804047042,362.0023193359375,388.7817687988281,True,50,0.8
361,28.29429962988344,0.8485394610597592,558.8425903320312,21.091976165771484,0.2081754965395089,702.8717651367188,643.6449584960938,True,50,0.8
362,26.20844275423941,0.9244773439886154,503.86260986328125,8.5780668258667,0.22039041695479886,421.54248046875,458.7946472167969,True,50,0.8
363,38.05587981775061,0.977215029691395,46.61559295654297,9.246804237365723,0.20111800760890453,540.2830200195312,546.0711669921875,True,50,0.8
364,29.15502884155044,0.9640994605880281,1076.273681640625,31.014629364013672,0.24649369513416364,919.351318359375,941.5233154296875,True,50,0.8
365,28.393312417152767,0.9241422449456772,203.84188842773438,6.758918762207031,0.3114181516902236,297.5810546875,386.7165222167969,True,50,0.8
366,20.911751859486575,0.761155961072255,7428.83447265625,53.07245635986328,0.1073677107756774,1304.394775390625,961.2293701171875,True,50,0.8
367,31.63135138107027,0.963496705895853,561.3655395507812,7.848588943481445,0.25709176844693954,725.8424682617188,905.4453125,True,50,0.8
368,21.72096057419597,0.8331861983480517,259.60107421875,10.752355575561523,0.19873649917646316,256.24725341796875,196.5953369140625,True,50,0.8
369,24.90331548769714,0.9128828866693688,15.919967651367188,1.0781843662261963,0.20152892634821717,56.26762390136719,70.29193878173828,True,50,0.8
370,24.167016059176333,0.871587103622955,39.55796432495117,4.109321594238281,0.27450955054633613,122.80585479736328,101.6772232055664,True,50,0.8
371,23.89325818165,0.8187632455168075,1.2840830087661743,0.15797361731529236,0.315126641404136,11.685807228088379,19.203603744506836,True,50,0.8
372,27.41979236599274,0.9145856908570842,15.195505142211914,2.5936028957366943,0.19570290693914216,102.39297485351562,95.34851837158203,True,50,0.8
373,29.697540105490713,0.9237574949626061,499.63433837890625,21.568279266357422,0.17437274822482782,779.5668334960938,683.3237915039062,True,50,0.8
374,29.696613309975426,0.9450144571923988,5.288663387298584,1.0939840078353882,0.29441471332588953,59.65470504760742,72.11746215820312,True,50,0.8
375,31.209704469206443,0.9672127533992377,76.59841918945312,7.831111907958984,0.19696981213351294,310.1619873046875,319.6566467285156,True,50,0.8
376,25.453569211693722,0.9234523798711022,2006.8218994140625,18.999099731445312,0.14104690481673698,876.9838256835938,845.0304565429688,True,50,0.8
377,27.616499694126905,0.8833105297445851,0.9948505163192749,0.908961296081543,0.2884700762386629,26.563247680664062,24.2486629486084,True,50,0.8
378,26.33797643701225,0.8636853598073602,1470.3360595703125,27.880069732666016,0.24600874243133594,795.5123291015625,814.6539916992188,True,50,0.8
379,26.582302530828184,0.9147361385740793,175.1708526611328,7.100852966308594,0.16942793517157295,298.6116027832031,282.5729064941406,True,50,0.8
380,18.338539316179308,0.7555957854762904,204.37982177734375,3.2983789443969727,0.24974241733514246,90.40522766113281,119.04666137695312,True,50,0.8
381,21.202965153334162,0.7547430502709513,3620.79296875,12.18482780456543,0.2735587610296006,510.9735107421875,697.0404052734375,True,50,0.8
382,18.810518428986644,0.8136651540470083,5171.06591796875,23.232816696166992,0.14088076703511773,771.2930908203125,629.3139038085938,True,50,0.8
383,24.707594005530478,0.8769023351499117,2411.115966796875,29.499433517456055,0.20444429122480454,1068.0225830078125,877.5945434570312,True,50,0.8
384,32.76652634888951,0.9426731595190933,285.63275146484375,15.118428230285645,0.18944832409013554,817.3724365234375,735.3359985351562,True,50,0.8
385,28.48821974948663,0.9181650232243034,912.1033325195312,34.867393493652344,0.21816885601904792,925.8621826171875,803.6774291992188,True,50,0.8
386,22.14495894935461,0.8699754670408787,482.74859619140625,11.008130073547363,0.2568557231503728,294.6138000488281,282.7525329589844,True,50,0.8
387,21.60118379893298,0.8652716778947753,218.6327667236328,3.1490092277526855,0.21207336046806824,128.62457275390625,178.26210021972656,True,50,0.8
388,29.363764302964167,0.9548623301050365,646.2474365234375,33.026023864746094,0.1765101673530978,780.9401245117188,750.8641357421875,True,50,0.8
389,31.65147876047463,0.9509132041512259,441.30438232421875,16.378089904785156,0.2043326815486905,778.1744384765625,807.0278930664062,True,50,0.8
390,35.94064364990744,0.9792990010958338,249.61260986328125,24.448991775512695,0.24087011922039067,1001.3121948242188,990.5146484375,True,50,0.8
391,27.955910125269856,0.892034074858646,272.58782958984375,19.915313720703125,0.1774768457198507,488.3458557128906,413.2050476074219,True,50,0.8
392,18.315509801125835,0.7850062305807707,2042.474609375,5.776124954223633,0.3554724398855622,222.87013244628906,372.64605712890625,True,50,0.8
393,29.617569704965014,0.9608342219816888,631.506591796875,14.419303894042969,0.2623483149558484,620.7529296875,776.6365356445312,True,50,0.8
394,28.47253289456338,0.9068767524217013,165.281494140625,8.985772132873535,0.16981550395342834,298.6932678222656,341.4627380371094,True,50,0.8
395,21.959190255436308,0.6878541128992534,5411.0078125,44.98661422729492,0.12601966272294657,1050.79541015625,930.8265380859375,True,50,0.8
396,31.857112385636732,0.9154395977471512,477.69512939453125,37.45831298828125,0.11664163806541021,965.6717529296875,858.5543212890625,True,50,0.8
397,20.395520059836834,0.7681060229316142,1665.78125,13.854565620422363,0.21351391878246762,370.5063781738281,429.5650329589844,True,50,0.8
398,28.12513486135856,0.9429013006988878,863.4903564453125,14.2064847946167,0.24223401412284878,704.5718383789062,751.1201782226562,True,50,0.8
399,35.01183096399362,0.9547803010964542,179.45445251464844,12.973465919494629,0.15238522283120373,742.6113891601562,754.788330078125,True,50,0.8
400,35.720173749510536,0.9903176461641511,2.8955435752868652,1.3569738864898682,0.2197721512968312,98.83646392822266,104.02074432373047,True,50,0.8
401,27.930966965179074,0.8756691616834414,1071.9412841796875,14.618868827819824,0.3426207762553655,651.47119140625,902.6503295898438,True,50,0.8
402,30.076430634095004,0.9600469367569014,239.29367065429688,10.610901832580566,0.13260691455304094,508.8463134765625,505.74713134765625,True,50,0.8
403,16.77733218390807,0.665068023281616,14297.83203125,55.264583587646484,0.1421729597829954,1330.8870849609375,826.6309814453125,True,50,0.8
404,27.96981836727508,0.9073562214210614,164.12075805664062,10.719988822937012,0.20348246819186427,359.669921875,320.72955322265625,True,50,0.8
405,23.080432721131547,0.8194500534411739,3942.54638671875,48.24824905395508,0.09117111969201937,1278.23583984375,895.627685546875,True,50,0.8
406,30.743755983211337,0.9570780718243528,127.70063018798828,6.798117160797119,0.1875940462323998,353.1524963378906,389.8124694824219,True,50,0.8
407,19.66746329451516,0.7990871306394166,1.5082614421844482,0.6825489401817322,0.12661603434904767,16.101911544799805,11.826813697814941,True,50,0.8
408,27.787471655867748,0.9299515356896955,1244.579833984375,15.37353515625,0.3355129893214775,697.72607421875,905.4766235351562,True,50,0.8
409,34.55815819402095,0.9420686451981557,2.945420503616333,1.9976322650909424,0.10586006471152042,114.17767333984375,92.19538879394531,True,50,0.8
410,38.92874757403182,0.9816151832617719,13.093839645385742,6.066120624542236,0.2764608622850724,317.1986083984375,319.99432373046875,True,50,0.8
411,26.677506503627267,0.9292335728235289,1912.7080078125,29.085554122924805,0.2511680366914897,1059.616455078125,950.1118774414062,True,50,0.8
412,32.29521724566822,0.9773331392860142,532.2120971679688,9.969991683959961,0.19691637594878844,903.3641357421875,950.6565551757812,True,50,0.8
413,24.361866336857354,0.8632435785746827,1205.7108154296875,28.218196868896484,0.12512093333972243,737.4940795898438,573.8644409179688,True,50,0.8
414,30.80129420557833,0.9498680602101719,331.69354248046875,10.909078598022461,0.2008198606363257,618.3763427734375,632.2053833007812,True,50,0.8
415,38.139719479494204,0.9799185741550536,30.923574447631836,5.942159175872803,0.14401614335774934,440.0441589355469,448.9970703125,True,50,0.8
416,22.573581590260265,0.7828308010189237,474.377197265625,18.13151741027832,0.17405239896287272,414.1759948730469,293.9175720214844,True,50,0.8
417,23.36870771968244,0.8231454089540321,488.23614501953125,17.254215240478516,0.21719526984069598,396.7280578613281,329.33587646484375,True,50,0.8
418,22.96178249017311,0.8956805078368739,2276.1943359375,7.449822902679443,0.24402196615251975,511.6208801269531,672.845947265625,True,50,0.8
419,26.58210021127426,0.9454073365489396,1243.096435546875,8.663694381713867,0.23571068598979997,674.9503173828125,752.6221313476562,True,50,0.8
420,31.545873960344302,0.9505892956419872,438.6567687988281,9.972153663635254,0.183199839175893,769.8081665039062,791.7874755859375,True,50,0.8
421,24.04004425599844,0.8962082669928947,2418.79248046875,15.002178192138672,0.2234164653659733,632.6096801757812,789.8285522460938,True,50,0.8
422,36.35809564325922,0.9721132504635551,1.9616352319717407,1.190295934677124,0.2456762230071589,90.2058334350586,92.11489868164062,True,50,0.8
423,31.256359234584224,0.9549844922388301,182.7636260986328,11.739232063293457,0.20941944718730707,485.28680419921875,494.9258728027344,True,50,0.8
424,27.444795598671952,0.9314618542313698,6.139911651611328,1.2986087799072266,0.2128300252103824,53.71665954589844,58.50120162963867,True,50,0.8
425,27.469549304109435,0.9418329141065248,529.95947265625,22.956409454345703,0.16639265787713362,719.9151611328125,549.9793701171875,True,50,0.8
426,21.62682144708652,0.8459394934917835,1293.7711181640625,17.25771713256836,0.13179339594841524,533.9647216796875,442.0889587402344,True,50,0.8
427,22.809797799441185,0.884707613595376,4117.95654296875,4.443831920623779,0.3623274143954398,636.4091186523438,887.8164672851562,True,50,0.8
428,28.046848327843747,0.92910691013923,192.70159912109375,9.947864532470703,0.2558991324833847,328.661865234375,351.5640869140625,True,50,0.8
429,26.855797001667078,0.834420080351479,27.92486000061035,6.049074172973633,0.11519778655524868,179.6466522216797,117.949951171875,True,50,0.8
430,27.71021321840232,0.9330014665644727,34.77812576293945,1.91943359375,0.24130452493764637,103.29061126708984,143.84869384765625,True,50,0.8
431,28.226633411890482,0.9247482515587034,824.6354370117188,18.038450241088867,0.2606920507941735,640.529296875,761.7491455078125,True,50,0.8
432,29.036787094347787,0.9339065367338643,476.6846923828125,10.043866157531738,0.2713388254445119,580.1926879882812,618.599853515625,True,50,0.8
433,20.249392236110182,0.800589164481049,96.24244689941406,1.1376230716705322,0.33964668006259274,66.58576202392578,102.02155303955078,True,50,0.8
434,33.872977748135334,0.9659643159377685,2.9622983932495117,1.1150803565979004,0.2514632722007436,77.32905578613281,85.02269744873047,True,50,0.8
435,22.4167682337689,0.7807773710039884,2799.91162109375,49.86042785644531,0.12729846969196495,1041.0501708984375,701.2681884765625,True,50,0.8
436,22.66210359350511,0.8946199822013715,29.181354522705078,4.2066473960876465,0.13816925037717978,108.5760269165039,73.69024658203125,True,50,0.8
437,25.07812511639791,0.9086532508303249,2054.811767578125,14.51529312133789,0.32864577515225074,607.0313110351562,822.0382080078125,True,50,0.8
438,30.438754962626188,0.968703881275174,450.8656311035156,13.694951057434082,0.22944788665680046,732.4141235351562,706.5360107421875,True,50,0.8
439,27.868051074932595,0.9319179895481958,11.015707015991211,1.478745937347412,0.21892349321500953,81.20565795898438,82.2674331665039,True,50,0.8
440,34.516912256261165,0.9594282072702551,2.5953028202056885,1.5110012292861938,0.22678075315568164,83.04029083251953,85.75287628173828,True,50,0.8
441,30.875284055693065,0.9191793926440802,795.6053466796875,27.989192962646484,0.20877226146132055,1050.977783203125,986.6529541015625,True,50,0.8
442,31.582008067643027,0.9396011790777754,97.44901275634766,9.458487510681152,0.16254487888652602,427.4895935058594,374.8965148925781,True,50,0.8
443,23.30301801623559,0.7964848021418481,633.4830322265625,23.962339401245117,0.16873335707151388,663.87890625,371.2715148925781,True,50,0.8
444,29.321231680342464,0.9077861612495438,772.2817993164062,25.845352172851562,0.2124256223286353,875.8897094726562,812.9867553710938,True,50,0.8
445,33.98593413451917,0.9350111974082249,357.5782775878906,36.27102279663086,0.19247422722036975,1058.1719970703125,947.3013305664062,True,50,0.8
446,30.157334589930333,0.9581657359520718,936.3482666015625,11.976564407348633,0.17832594500210044,981.1476440429688,986.0150756835938,True,50,0.8
447,28.279461187629423,0.9243965175346893,781.4338989257812,11.24366283416748,0.2961320079815322,627.3331909179688,753.6248168945312,True,50,0.8
448,21.892170162579838,0.7600136956027483,821.8444213867188,22.52621078491211,0.143914066184902,614.1463623046875,376.8833312988281,True,50,0.8
449,32.08048809154913,0.9611486482392647,4.035276412963867,2.229537010192871,0.2177961167102712,78.24860382080078,84.4172134399414,True,50,0.8
450,36.0380921648,0.9676310382898747,150.40614318847656,11.756277084350586,0.1971888964045704,782.6878662109375,777.3697509765625,True,50,0.8
451,24.682582475094677,0.8813316706256601,1055.8204345703125,20.24372100830078,0.1522835434672787,751.6141967773438,558.8458251953125,True,50,0.8
452,19.47846816302144,0.8495335929111123,2028.2684326171875,7.386061191558838,0.17819191695165437,396.1477355957031,424.79779052734375,True,50,0.8
453,25.394707666545095,0.9144333350826324,2358.501220703125,14.978519439697266,0.29063411808176154,795.8580322265625,906.4480590820312,True,50,0.8
454,29.441530202715352,0.9599936995386186,13.962772369384766,2.56005859375,0.21630679900853308,121.00323486328125,112.08628845214844,True,50,0.8
455,26.57580102095439,0.9262920295890763,532.5438842773438,14.55705738067627,0.21289660044427075,519.5542602539062,493.1324768066406,True,50,0.8
456,26.11435733325708,0.9117648634825083,0.36874449253082275,0.3170892298221588,0.22891617191162753,11.376992225646973,12.342290878295898,True,50,0.8
457,30.28825456191033,0.9189093663961261,176.44866943359375,8.197997093200684,0.27213480203679946,403.6807861328125,469.1919860839844,True,50,0.8
458,36.0535520568615,0.9655956854607421,0.8116263747215271,1.3954784870147705,0.23287534851802186,59.25609588623047,57.246971130371094,True,50,0.8
459,23.039222415446602,0.9030655606258642,71.04949188232422,1.2177609205245972,0.29529673462789285,90.84720611572266,119.6990966796875,True,50,0.8
460,26.485148959354703,0.908578192580672,31.24838638305664,1.2770633697509766,0.24377689119885843,93.89673614501953,118.40872192382812,True,50,0.8
461,24.968892270929793,0.8470713018013936,1342.462646484375,31.832094192504883,0.14343730085603104,831.730712890625,649.5610961914062,True,50,0.8
462,23.9033660836822,0.822236934056125,2225.045166015625,26.014892578125,0.1525757931325429,764.9070434570312,746.298828125,True,50,0.8
463,16.027173194406743,0.6626150955533646,8437.9658203125,28.89385414123535,0.2087011310096548,485.83245849609375,583.785400390625,True,50,0.8
464,29.22083673292647,0.8672544254437935,927.6173095703125,29.85896873474121,0.16670353242738492,955.8362426757812,962.2103881835938,True,50,0.8
465,30.22562224843245,0.9657186016947862,131.04026794433594,5.516154766082764,0.15010159110143115,348.55718994140625,375.4956970214844,True,50,0.8
466,26.53829732969163,0.9206963723189434,179.2161102294922,7.542086601257324,0.1870408812834724,271.9159240722656,286.4263610839844,True,50,0.8
467,23.522468163188886,0.9077877188574761,3347.99951171875,9.08254623413086,0.2869406885108464,699.0485229492188,868.7305297851562,True,50,0.8
468,24.136485439798445,0.8830684236813312,192.6035614013672,8.771732330322266,0.2526139812792867,262.76068115234375,224.3722381591797,True,50,0.8
469,31.96525057537987,0.9336607849650216,548.0146484375,15.151162147521973,0.41244750944670655,536.39208984375,963.2593383789062,True,50,0.8
470,25.08930827570469,0.9176885936989224,0.5274513959884644,0.23091593384742737,0.21682234277781248,10.398299217224121,13.14232063293457,True,50,0.8
471,24.28851195659821,0.9143406090598604,3492.124755859375,5.178952693939209,0.30889925832156145,770.7671508789062,969.908935546875,True,50,0.8
472,26.771772050063106,0.9427860806339542,3.806441307067871,0.8646241426467896,0.2428866248564049,34.551944732666016,44.11675262451172,True,50,0.8
473,24.403673844692754,0.850154112036685,2855.435791015625,42.05317306518555,0.14586445930188865,1122.3746337890625,891.251953125,True,50,0.8
474,33.08688302612361,0.9790128443170997,136.76451110839844,5.787695407867432,0.18719668384877713,521.3519287109375,528.1734008789062,True,50,0.8
475,27.2695501829631,0.8938172241880474,1736.67236328125,36.10613250732422,0.18159939458795338,1215.3154296875,992.9718017578125,True,50,0.8
476,21.481590155887925,0.8407690849353673,39.18942642211914,1.0327799320220947,0.23838826891133882,54.878936767578125,74.72277069091797,True,50,0.8
477,24.57761160430927,0.823733132153315,963.5157470703125,22.17385482788086,0.12371772084865981,709.6350708007812,554.3004150390625,True,50,0.8
478,33.22978626445343,0.9775853297904795,446.28839111328125,12.314485549926758,0.30177405725411516,864.5794677734375,969.333251953125,True,50,0.8
479,21.138884121309978,0.86095442302872,2105.499755859375,16.539987564086914,0.18357476908888185,620.762939453125,523.5747680664062,True,50,0.8
480,34.37940859010605,0.9497816780787749,144.43414306640625,11.213866233825684,0.2579366514280242,557.0154418945312,629.7692260742188,True,50,0.8
481,30.075170505200944,0.959556197803333,471.41302490234375,7.693295955657959,0.23458750517506227,615.9464111328125,696.0529174804688,True,50,0.8
482,31.017541859671923,0.9282695257611442,163.60748291015625,9.045969009399414,0.17143276641986213,501.9068603515625,455.0865173339844,True,50,0.8
483,25.531035360262035,0.9098190146303335,1090.0030517578125,14.111546516418457,0.27166609358392463,522.0432739257812,627.9305419921875,True,50,0.8
484,19.42825085755347,0.8455921003701738,3889.845458984375,20.0521240234375,0.2099270112507264,633.6342163085938,584.72998046875,True,50,0.8
485,19.79665296598629,0.6866525054058971,8380.875,16.10991859436035,0.41636206956804517,583.3394775390625,901.2568359375,True,50,0.8
486,27.92022270723402,0.9496888994048008,3.3918848037719727,1.0135362148284912,0.17278514087313168,37.575435638427734,46.40093231201172,True,50,0.8
487,23.21960878197534,0.8918729038030616,373.09521484375,1.0609912872314453,0.24945185549821083,158.76927185058594,281.6822204589844,True,50,0.8
488,25.675784921230292,0.9241012860715708,2438.876220703125,33.02886199951172,0.16783220358772652,943.034423828125,950.4610595703125,True,50,0.8
489,26.140921980205025,0.8994701748825176,1891.6075439453125,42.13724899291992,0.18983440260158352,1008.62548828125,890.37353515625,True,50,0.8
490,30.797332362481523,0.9145466351063593,156.57188415527344,9.949041366577148,0.18917008012450878,420.48052978515625,456.20111083984375,True,50,0.8
491,20.925778379206236,0.8644387199380117,3101.59521484375,16.798614501953125,0.2352218761878043,647.44921875,620.512451171875,True,50,0.8
492,25.176939687938695,0.8956003518058112,234.55015563964844,10.337496757507324,0.14022839668799575,323.2979431152344,278.1037902832031,True,50,0.8
493,31.69770755175176,0.9340287464506486,24.129371643066406,3.740757703781128,0.19105917288134128,197.7096710205078,188.93304443359375,True,50,0.8
494,37.52802791477219,0.968745710341677,38.02622985839844,8.793996810913086,0.1446257864028363,473.99285888671875,464.2347106933594,True,50,0.8
495,26.70909687054762,0.9463985224165046,266.7261962890625,2.3842411041259766,0.20923055699329907,235.8152313232422,353.9988708496094,True,50,0.8
496,23.814237670947826,0.864311060052035,1227.4188232421875,11.426084518432617,0.27709687515847375,339.4078369140625,584.0724487304688,True,50,0.8
497,31.73947938071513,0.9661685072262344,4.008841037750244,1.7433030605316162,0.18310389002300698,81.68267822265625,78.65690612792969,True,50,0.8
498,19.126298194876444,0.7576473420394548,11588.6298828125,55.28367233276367,0.15056141195336512,1497.7864990234375,974.42041015625,True,50,0.8
499,21.62644559673425,0.8531852237678336,6615.29248046875,13.369295120239258,0.31225812754659293,743.4381103515625,986.2245483398438,True,50,0.8
500,26.081244471939332,0.8371024164579034,1166.5999755859375,18.06802749633789,0.2299576570427475,515.9661865234375,698.4635620117188,True,50,0.8
501,28.498496537294034,0.9666262852918007,406.4714660644531,2.9812817573547363,0.22195178424815268,487.666015625,536.5602416992188,True,50,0.8
502,30.974841055370376,0.9622978258751125,71.22954559326172,4.8602294921875,0.28599500888143076,229.96170043945312,310.21807861328125,True,50,0.8
503,24.944547805080795,0.9317855935189995,2118.84619140625,10.000815391540527,0.3052393843606897,756.52587890625,813.981201171875,True,50,0.8
504,23.796557674675324,0.9035643143531308,1933.8375244140625,3.955310583114624,0.17874236242143182,485.4542541503906,685.0464477539062,True,50,0.8
505,34.67401412934027,0.9610411645488965,9.09033203125,2.6709933280944824,0.20189421332215732,170.71888732910156,163.45431518554688,True,50,0.8
506,24.023715115976128,0.8999327720364919,3261.712646484375,9.020753860473633,0.27918184064412155,620.515625,911.0162353515625,True,50,0.8
507,27.38061648566376,0.932839459498385,1189.464599609375,17.84165382385254,0.16437704400556966,810.3596801757812,822.7147216796875,True,50,0.8
508,26.35747067529944,0.9128780057278949,2049.6142578125,12.057937622070312,0.3061345656725812,692.6771850585938,949.85009765625,True,50,0.8
509,30.575512045656676,0.8997994052290424,457.3321838378906,26.47486686706543,0.198788835724147,763.062744140625,725.9937744140625,True,50,0.8
510,22.214463774340466,0.8351894913017537,2037.0948486328125,23.66811180114746,0.17540016272254316,655.95263671875,613.8017578125,True,50,0.8
511,23.299074228593177,0.8363434005297059,816.76513671875,24.411725997924805,0.15868178745330472,585.1373901367188,418.8247985839844,True,50,0.8
512,27.835032347840418,0.9194841203832436,1219.65673828125,23.94240379333496,0.22616672916280456,869.1943359375,932.7957763671875,True,50,0.8
513,21.685914299538656,0.8420891166127396,5063.51611328125,27.362455368041992,0.1986003067501703,681.2056884765625,866.1978149414062,True,50,0.8
514,25.389972783842833,0.8485739013993242,6.151987075805664,2.425771474838257,0.14813524589696045,66.82768249511719,46.1734504699707,True,50,0.8
515,26.11156252300559,0.9289544658164491,1.77137291431427,0.40152227878570557,0.23215065331015103,19.64643669128418,27.340606689453125,True,50,0.8
516,24.159495409400012,0.8936898599492177,523.27001953125,13.303727149963379,0.20022484193442955,406.16912841796875,377.0869140625,True,50,0.8
517,29.24644272054961,0.9391433368095795,726.4004516601562,20.608739852905273,0.18024451176737596,887.46337890625,810.7427978515625,True,50,0.8
518,25.59324963438432,0.8328248474292995,2592.061767578125,34.64717483520508,0.22363647367526496,1134.0457763671875,987.2888793945312,True,50,0.8
519,29.268104168700475,0.9274523667625937,22.636272430419922,4.970172882080078,0.1431055778358102,163.2128448486328,151.2664794921875,True,50,0.8
520,23.653106717491372,0.827767658258073,1510.4112548828125,6.621603965759277,0.24749114440192035,397.14971923828125,594.5365600585938,True,50,0.8
521,29.206489662355814,0.9667371809943911,174.63021850585938,6.3071417808532715,0.2975890134132989,337.6698303222656,381.5099792480469,True,50,0.8
522,27.452973271048535,0.9218584812862339,1688.805908203125,26.055450439453125,0.15994040020290598,1194.7979736328125,969.9444580078125,True,50,0.8
523,25.855213142087244,0.836200464970165,1109.06103515625,8.289856910705566,0.251995665159661,490.9322204589844,842.2767944335938,True,50,0.8
524,25.642842941528738,0.860545366714152,1916.7296142578125,65.2535400390625,0.12404425232551948,1290.7298583984375,838.4903564453125,True,50,0.8
525,27.19340393906055,0.9294169066960167,398.6844482421875,9.957229614257812,0.2716590973067592,392.23309326171875,469.2244567871094,True,50,0.8
526,30.334809651164697,0.9398975247176993,158.80398559570312,15.018464088439941,0.11594811708923976,493.44708251953125,415.4046936035156,True,50,0.8
527,24.65343188422816,0.8910094635374652,254.62380981445312,2.389838933944702,0.22887188102931788,206.50254821777344,274.1336669921875,True,50,0.8
528,27.30180823354067,0.8687513074674835,6.0029802322387695,3.2000463008880615,0.10523308144465743,80.58424377441406,57.319122314453125,True,50,0.8
529,30.812509151700954,0.9672007665760869,619.8748168945312,15.785408973693848,0.18504520022493204,782.1373291015625,864.857666015625,True,50,0.8
530,21.33486281067966,0.8363885793255431,4775.27490234375,25.70876693725586,0.23606097486550695,695.0765991210938,813.088134765625,True,50,0.8
531,34.57668302337962,0.9745024009324202,348.0901794433594,15.76206111907959,0.12721111257860718,932.1085815429688,999.7179565429688,True,50,0.8
532,19.78031006528503,0.7359264885542494,10399.7314453125,40.865516662597656,0.11943902966398902,1180.4866943359375,996.6401977539062,True,50,0.8
533,29.823138339294847,0.9718928145873288,318.730712890625,9.753888130187988,0.19752068687158045,526.6959228515625,555.8762817382812,True,50,0.8
534,22.111866044016736,0.832076496654947,3624.975830078125,16.691160202026367,0.19129874029682722,644.528076171875,769.2184448242188,True,50,0.8
535,27.938864051425128,0.9037605204555839,1194.8231201171875,2.6804757118225098,0.5894877434248486,307.2492370605469,944.8209838867188,True,50,0.8
536,26.999241692204286,0.9181866634971586,1438.0140380859375,14.274346351623535,0.16834172337707512,780.50390625,849.7977294921875,True,50,0.8
537,28.661722220822917,0.9380143105952978,83.7264175415039,3.020211696624756,0.2611682064642736,216.9691925048828,248.1007537841797,True,50,0.8
538,32.64545931709285,0.9716623451164755,109.94442749023438,8.651056289672852,0.26924186379555975,394.828125,451.0935974121094,True,50,0.8
539,27.739937440110715,0.9228408662189025,28.325397491455078,5.439316749572754,0.18501364548136603,144.67662048339844,130.03025817871094,True,50,0.8
540,21.540410825317196,0.8236714378913268,6188.3037109375,19.077701568603516,0.35674901374875295,686.0219116210938,954.0969848632812,True,50,0.8
541,26.747256640895003,0.8644793211502648,773.8484497070312,22.59967803955078,0.14605856772476958,686.1172485351562,606.5684814453125,True,50,0.8
542,19.585686937431216,0.7261509911241408,574.8155517578125,9.31840991973877,0.18282455834388053,197.91064453125,229.41416931152344,True,50,0.8
543,27.378767012775448,0.8939007105069356,815.8731689453125,20.882089614868164,0.180582778784229,677.5274658203125,672.0289916992188,True,50,0.8
544,31.534635008910254,0.9249653500515364,268.4317321777344,14.643187522888184,0.17431778072256007,645.5166625976562,618.5101318359375,True,50,0.8
545,19.55400044401641,0.7320665323126353,1412.9415283203125,15.487103462219238,0.23620295933501734,310.2025146484375,358.8045654296875,True,50,0.8
546,27.713583860679904,0.9354347316134948,21.899293899536133,3.03753662109375,0.25493346670632916,111.79840850830078,114.44403839111328,True,50,0.8
547,27.815457629769238,0.9410672842671997,714.2130126953125,11.246681213378906,0.21516652422024007,497.2129821777344,671.901611328125,True,50,0.8
548,30.30611302409912,0.9444284631502579,246.59786987304688,6.636754512786865,0.2708542523199788,371.3674621582031,520.7874145507812,True,50,0.8
549,24.631256205228176,0.8210258785740896,2022.62255859375,9.263594627380371,0.2581982811890732,484.5318298339844,772.5460815429688,True,50,0.8
550,30.689783788446086,0.9319911555601409,225.38453674316406,12.890907287597656,0.13228467919028708,501.04864501953125,520.643310546875,True,50,0.8
551,31.058843749923142,0.9257540304893873,460.3116760253906,10.961158752441406,0.23161620239698294,713.25830078125,852.329345703125,True,50,0.8
552,26.593075184649226,0.9360596108009079,668.4131469726562,3.9786126613616943,0.2580379835028289,452.47015380859375,552.3549194335938,True,50,0.8
553,31.5664668417184,0.9329122575490099,177.3316650390625,7.931352615356445,0.18830188580615917,449.5299987792969,561.3770141601562,True,50,0.8
554,30.227506100457866,0.9399019749575632,670.6954345703125,12.64699649810791,0.3309380845043403,636.322021484375,876.7769775390625,True,50,0.8
555,29.334054305833035,0.9209028458101646,190.07635498046875,12.426018714904785,0.21390078759867734,462.7861328125,404.0793762207031,True,50,0.8
556,27.59909005075923,0.9612674211969808,31.473100662231445,1.78793466091156,0.22622367590837628,117.32537078857422,134.88121032714844,True,50,0.8
557,28.32916195308307,0.9099720158644012,1.270977258682251,0.5092693567276001,0.3124949792698516,23.767160415649414,29.75389289855957,True,50,0.8
558,34.872233937273265,0.9553686577646048,185.64447021484375,13.733208656311035,0.23522584572215174,798.3690185546875,755.3821411132812,True,50,0.8
559,33.81497582890847,0.9532370356260439,159.932373046875,15.509767532348633,0.20884016166008962,657.2734375,620.6892700195312,True,50,0.8
560,31.128747759896957,0.9638092697312588,382.19287109375,6.985922813415527,0.25019673489039507,593.0249633789062,704.3756713867188,True,50,0.8
561,24.43898144284052,0.8453889703070524,161.95584106445312,7.077451229095459,0.21859331538756363,177.00399780273438,213.75119018554688,True,50,0.8
562,25.216179037632088,0.8487174611622176,54.43871307373047,3.4916317462921143,0.18529712703519172,125.17166900634766,137.235107421875,True,50,0.8
563,21.91556207872514,0.7937054816866744,1.550184965133667,0.944770097732544,0.15434348424151467,23.20907211303711,15.530120849609375,True,50,0.8
564,27.030483856732754,0.950556539879464,244.21188354492188,4.145585060119629,0.18528321680847432,304.17657470703125,351.2369689941406,True,50,0.8
565,25.51080115066549,0.9216529128821211,945.2191772460938,8.388315200805664,0.2222063562378617,416.37554931640625,590.3277587890625,True,50,0.8
566,28.810994564315088,0.8988694332927365,142.2568817138672,5.481879711151123,0.2347995799643063,274.2279968261719,392.851806640625,True,50,0.8
567,29.857773232359193,0.9557202715884175,198.2119140625,2.9902336597442627,0.23808890289541193,379.69427490234375,438.0374450683594,True,50,0.8
568,27.34087166177245,0.8585441295899474,1461.9302978515625,35.55242919921875,0.1806505100175304,930.6165161132812,904.2545166015625,True,50,0.8
569,25.599705264876974,0.901414235213808,335.2627258300781,11.474209785461426,0.25943237314853124,370.8570556640625,348.9072265625,True,50,0.8
570,27.513924515545302,0.8790548057702655,458.6575622558594,19.754465103149414,0.18685163408691563,502.5057067871094,514.4755249023438,True,50,0.8
571,24.08870428377865,0.8795918409468249,2389.0927734375,38.808921813964844,0.1413110372178003,1061.379150390625,783.869384765625,True,50,0.8
572,32.794814548916605,0.9370310243346005,71.5559310913086,8.600208282470703,0.32281247107581695,338.6175231933594,397.146240234375,True,50,0.8
573,27.17034963471782,0.8750165705910286,741.0745239257812,29.796297073364258,0.1769947395979051,738.4573364257812,622.464599609375,True,50,0.8
574,30.270715630563572,0.9567463496321249,686.6171264648438,25.07771873474121,0.17894491399406603,904.64892578125,862.5013427734375,True,50,0.8
575,25.84328459727638,0.8466772118937013,2347.41796875,59.440895080566406,0.1806815214316196,1256.0416259765625,949.5711059570312,True,50,0.8
576,31.993337377063238,0.9584378022527547,13.811677932739258,2.073021650314331,0.2147237474048565,123.17704010009766,147.92640686035156,True,50,0.8
577,29.132879584793365,0.9312659881170935,1003.6243896484375,14.487093925476074,0.2806397093135564,715.9776611328125,926.6610107421875,True,50,0.8
578,28.798590983332577,0.9339425650247629,318.1947326660156,16.132110595703125,0.1507078503434666,490.43450927734375,492.6241760253906,True,50,0.8
579,24.19501228485369,0.9414966847243939,253.4854278564453,6.451598644256592,0.26600615992964294,206.98684692382812,258.98614501953125,True,50,0.8
580,28.93310509992618,0.96557368345797,269.7810363769531,3.742746591567993,0.2680772194967215,401.0846862792969,459.6766052246094,True,50,0.8
581,30.730013554714883,0.9145445461405135,811.6753540039062,36.65069580078125,0.18951956078017138,1140.85009765625,980.0525512695312,True,50,0.8
582,29.247617844878697,0.9289045892924962,286.0289611816406,14.320524215698242,0.17745622619882023,527.36376953125,493.12548828125,True,50,0.8
583,34.88692333944873,0.9565105473601535,35.197479248046875,7.056097984313965,0.1486665794621706,328.4903259277344,329.4228515625,True,50,0.8
584,19.84653704519672,0.8487798491162724,4127.51611328125,20.260757446289062,0.1354216419234763,827.1779174804688,633.7674560546875,True,50,0.8
585,28.014305890711597,0.9270937427478555,86.96223449707031,5.667647838592529,0.22218751397580577,223.13668823242188,240.9054718017578,True,50,0.8
586,25.306015641278655,0.8212899513113994,17.327604293823242,2.359116792678833,0.17475575134900226,78.6847152709961,76.78746795654297,True,50,0.8
587,31.726320497420684,0.9444428394761002,11.30042552947998,3.3750596046447754,0.19955377429711618,142.17007446289062,129.75083923339844,True,50,0.8
588,28.064733829942256,0.960167446841704,25.881240844726562,0.9740124940872192,0.17826236316520208,112.17738342285156,128.91778564453125,True,50,0.8
589,28.790761353315865,0.9423843676875988,29.3953857421875,3.308400869369507,0.12930766189483814,142.2574005126953,152.75079345703125,True,50,0.8
590,27.387836283853243,0.8949437102344237,34.4399299621582,1.6468164920806885,0.4513721513223162,98.51509094238281,139.68833923339844,True,50,0.8
591,30.394319562263973,0.9335137523856818,361.3211669921875,11.485953330993652,0.29401591892761336,457.3459167480469,641.23388671875,True,50,0.8
592,22.643978935399534,0.8235458371338076,172.17250061035156,3.024920701980591,0.2850427868225616,122.84879302978516,182.69821166992188,True,50,0.8
593,31.01007306996483,0.9589337654896196,94.92366027832031,11.161858558654785,0.24100732023973598,416.9014892578125,346.3216247558594,True,50,0.8
594,29.753698498382846,0.8982541329881909,843.6129150390625,32.07809829711914,0.17761192573460943,1091.498291015625,896.8916015625,True,50,0.8
595,27.918218364741946,0.8895281589538593,354.6706237792969,16.31015396118164,0.23965716771101872,553.0371704101562,474.4876708984375,True,50,0.8
596,24.585068070777684,0.88138488608473,1536.274169921875,23.620595932006836,0.1708220058770712,700.96630859375,667.8901977539062,True,50,0.8
597,26.808906962599316,0.9292871582065204,62.39801025390625,1.2729226350784302,0.2653992087943988,137.9259796142578,173.14755249023438,True,50,0.8
598,30.001130313056393,0.9755914486844719,37.24759292602539,2.342132329940796,0.2718221416571291,174.2115936279297,193.0967254638672,True,50,0.8
599,28.62837901581869,0.9524223017434218,2.3987386226654053,0.6301377415657043,0.2792401534223007,38.241878509521484,41.8277473449707,True,50,0.8
600,29.566263372804976,0.9542391481967902,31.758031845092773,3.4678239822387695,0.20381634867737647,151.88604736328125,169.76612854003906,True,50,0.8
601,28.258215112307767,0.9388736018716859,116.49678802490234,5.666278839111328,0.2099890434386874,293.71246337890625,279.3117370605469,True,50,0.8
602,30.09900080195909,0.923286757859186,26.49431610107422,2.57680606842041,0.2001596698636684,163.68785095214844,177.83348083496094,True,50,0.8
603,31.07383751837356,0.9347641718092349,6.262828826904297,3.2365145683288574,0.2507830042675782,100.49699401855469,89.61383056640625,True,50,0.8
604,24.194080426935606,0.8905601937223372,54.526004791259766,3.5113232135772705,0.2972477173250747,118.76461029052734,121.5152359008789,True,50,0.8
605,24.092366018025018,0.8118137323119273,824.4560546875,18.484773635864258,0.18982145775248008,570.3351440429688,461.3179931640625,True,50,0.8
606,38.1166404903812,0.9805211139106652,6.606317520141602,3.391101121902466,0.2279912818637475,200.9095001220703,207.12738037109375,True,50,0.8
607,24.1983854418817,0.9076020854488746,503.8758544921875,5.710452556610107,0.15745890251356395,295.3276062011719,364.90557861328125,True,50,0.8
608,29.498296644222766,0.9116376464714868,284.3962097167969,15.241670608520508,0.18461453463749292,634.2573852539062,503.9138488769531,True,50,0.8
609,23.914027648521735,0.8458705920220513,1934.5491943359375,32.329402923583984,0.17388389058210205,872.17578125,690.7044067382812,True,50,0.8
610,19.56976323787034,0.8000442494959157,17.900196075439453,0.2675446569919586,0.393286541957174,26.808622360229492,40.2728271484375,True,50,0.8
611,30.04744915195952,0.9443952180637417,622.6229858398438,18.72305679321289,0.1694963502109574,888.0961303710938,799.6109619140625,True,50,0.8
612,30.369916222321365,0.9675686098904309,360.2425537109375,13.408102989196777,0.20660067093407575,579.2086791992188,628.2724609375,True,50,0.8
613,23.291640188419716,0.7925049480994739,31.791704177856445,4.413448333740234,0.11322770007001251,140.42115783691406,82.67727661132812,True,50,0.8
614,18.51312581548667,0.7339687092358033,10686.2734375,47.447975158691406,0.10259219864358457,1395.819091796875,873.7050170898438,True,50,0.8
615,30.786487869903393,0.9430250628390979,692.5391235351562,28.313295364379883,0.16875542299726076,1054.01904296875,920.9515380859375,True,50,0.8
616,23.653947716688425,0.904735803516424,15.579222679138184,0.992194414138794,0.19637984223167945,43.919898986816406,62.01688003540039,True,50,0.8
617,23.296343395766907,0.8575795115602971,357.89129638671875,3.671114206314087,0.32404816568762995,182.93495178222656,277.60076904296875,True,50,0.8
618,19.49418827581917,0.8137204796061818,7099.69580078125,27.912296295166016,0.1551866756618834,563.4505004882812,806.3950805664062,True,50,0.8
619,31.496313895394636,0.9413264266439205,387.4183349609375,12.861145973205566,0.25455594386932806,723.8837280273438,748.5114135742188,True,50,0.8
620,22.96427290175965,0.852989586735273,173.26712036132812,4.18672513961792,0.20754859967428207,159.97189331054688,185.3365020751953,True,50,0.8
621,24.54487980798671,0.8581270408835918,144.45913696289062,1.2092450857162476,0.3929265305335017,113.49915313720703,210.1399688720703,True,50,0.8
622,31.83705161841463,0.9724177869942167,90.19978332519531,5.940066814422607,0.26870273500321384,336.1961975097656,371.10162353515625,True,50,0.8
623,26.015366909016148,0.9213936237197358,580.1980590820312,11.205061912536621,0.19699962337058066,448.1665954589844,485.0384521484375,True,50,0.8
624,31.95455816253988,0.9841073364388463,242.7576141357422,19.088253021240234,0.20587761345531755,700.147216796875,618.6365356445312,True,50,0.8
625,25.738415409485537,0.8953958522928235,359.7076721191406,12.26337718963623,0.14816302719062213,476.5829772949219,369.54473876953125,True,50,0.8
626,33.33106904914285,0.9713385785142704,99.5174789428711,6.251766681671143,0.16999272275821806,436.1725769042969,463.0721740722656,True,50,0.8
627,29.557513394539214,0.9578667126050059,617.8416137695312,6.251975059509277,0.25413522006028055,644.60986328125,747.7234497070312,True,50,0.8
628,25.217032628729037,0.8865814979680237,3.4117887020111084,1.2869207859039307,0.16618682211936536,44.11344528198242,37.64651870727539,True,50,0.8
629,30.08566103104784,0.9296735746053627,61.80427169799805,4.1225361824035645,0.23214168628591103,218.7540283203125,253.18450927734375,True,50,0.8
630,36.92618929356221,0.9529693094769376,103.1281967163086,16.33407974243164,0.1885335862754399,753.7596435546875,713.63623046875,True,50,0.8
631,27.61954751928704,0.909153049787693,1362.3900146484375,20.00594711303711,0.21868226781116284,804.1130981445312,895.3116455078125,True,50,0.8
632,29.885865313727386,0.9473099123582751,265.22882080078125,9.165536880493164,0.20687374909108094,437.1973571777344,512.165771484375,True,50,0.8
633,25.693848134445417,0.9125668231524735,760.4800415039062,2.248338460922241,0.22945227338459545,367.196044921875,532.5813598632812,True,50,0.8
634,26.332216675749464,0.9474489240762004,27.077713012695312,0.9023588299751282,0.22543920272633602,92.7637939453125,108.0648422241211,True,50,0.8
635,34.98095390776946,0.980445203289651,63.69744873046875,5.249261379241943,0.2947644820900988,430.83526611328125,447.9649658203125,True,50,0.8
636,35.00426741083904,0.972734964084576,89.7242431640625,5.88803243637085,0.18190384610810914,513.26171875,533.0846557617188,True,50,0.8
637,20.777439392016525,0.7683235304584206,467.05218505859375,8.758745193481445,0.14749847403810204,377.27947998046875,243.22802734375,True,50,0.8
638,31.63532954296569,0.9409139807056347,50.01001739501953,5.173098087310791,0.1702292977335715,273.2907409667969,269.9739990234375,True,50,0.8
639,27.009763177616243,0.9140036061014,281.0399169921875,9.506093978881836,0.20780262335796448,313.09112548828125,377.9068908691406,True,50,0.8
640,26.66804135454555,0.8682179129055352,0.9385783076286316,1.3123562335968018,0.12370831146361341,25.430187225341797,21.05112648010254,True,50,0.8
641,21.58640281785324,0.7568560128958735,701.7567749023438,9.329566955566406,0.363952168822984,233.7602996826172,322.757080078125,True,50,0.8
642,24.393690148840264,0.8714404432402786,160.8074493408203,6.620932102203369,0.19862817350551895,244.5296630859375,212.23655700683594,True,50,0.8
643,27.42647085524967,0.91514896938214,192.10601806640625,6.723957538604736,0.2992451104310804,275.244140625,328.16986083984375,True,50,0.8
644,25.673174609231943,0.9006102028215387,35.635772705078125,1.2524536848068237,0.4260011903097592,65.15986633300781,120.64237213134766,True,50,0.8
645,35.31356898307831,0.9614120921806285,233.24734497070312,17.127166748046875,0.16438023950457478,925.7849731445312,890.6367797851562,True,50,0.8
646,24.929847702202274,0.9312200299565083,1129.0145263671875,15.944662094116211,0.12288328222466173,595.2406005859375,593.9988403320312,True,50,0.8
647,25.91226134234224,0.9135294906598957,1054.1529541015625,23.235815048217773,0.2000174975225783,638.5181274414062,679.4232177734375,True,50,0.8
648,26.863935126117717,0.8132196207289556,1081.4791259765625,29.16168975830078,0.21798814297541072,742.1904907226562,789.382080078125,True,50,0.8
649,33.84762349648765,0.9667991579378599,102.60257720947266,7.383605480194092,0.23519825294685442,501.4652404785156,498.9437561035156,True,50,0.8
650,26.252362947655513,0.9101250566344159,10.181733131408691,1.2263696193695068,0.43601769635363286,41.07615661621094,87.83336639404297,True,50,0.8
651,19.049279812621883,0.7892794063167264,3589.20458984375,26.68565559387207,0.18588242687525056,665.7695922851562,537.5694580078125,True,50,0.8
652,31.367833872941397,0.9473981330607575,239.59388732910156,10.267393112182617,0.28899192825340225,527.9268188476562,587.2542724609375,True,50,0.8
653,29.02707156463951,0.8611869944679983,680.3118896484375,12.34371280670166,0.20343477557303663,652.1423950195312,745.6940307617188,True,50,0.8
654,27.67015036101345,0.8994310866906703,318.2174987792969,4.774233341217041,0.22885949033616942,381.35009765625,432.2278747558594,True,50,0.8
655,29.717012312278364,0.9390938517294432,17.565013885498047,3.7626261711120605,0.19577855444322997,142.02920532226562,128.45272827148438,True,50,0.8
656,27.153744066650223,0.83387654575748,128.8159637451172,11.336297035217285,0.20868414582994352,291.46380615234375,284.49212646484375,True,50,0.8
657,25.10288341266573,0.8700694779652677,328.4609069824219,5.5865983963012695,0.2664162429028829,275.2373962402344,363.7192077636719,True,50,0.8
658,28.661328198786148,0.9301349374785697,386.5086975097656,6.24091911315918,0.4954458183318901,317.67437744140625,646.2713012695312,True,50,0.8
659,29.16675438857812,0.9385358641342842,365.0942077636719,13.46555233001709,0.177460419218222,547.586181640625,571.20751953125,True,50,0.8
660,23.53616311592277,0.7602917892613662,546.5027465820312,9.738507270812988,0.2045849819557372,273.73077392578125,356.7406311035156,True,50,0.8
661,27.90621691800531,0.9252665350127146,1506.0423583984375,23.840524673461914,0.2025117037978482,880.7461547851562,986.5287475585938,True,50,0.8
662,23.620895469153858,0.9073340691060454,1580.90966796875,10.438000679016113,0.22406614484630955,501.2064208984375,606.1690673828125,True,50,0.8
663,36.97421297635676,0.9724878668785095,11.325638771057129,4.385000705718994,0.1810319768287259,236.10903930664062,237.98956298828125,True,50,0.8
664,24.027129525232297,0.8738554613022825,41.57181930541992,5.154085159301758,0.17180098938852326,127.3600845336914,102.6806869506836,True,50,0.8
665,26.951928085280628,0.9250617951646801,47.62686538696289,3.997748374938965,0.19151659309615976,177.90736389160156,153.70628356933594,True,50,0.8
666,23.014655272885033,0.7442083444454255,299.2604675292969,17.095882415771484,0.12434767196107496,367.25482177734375,246.71177673339844,True,50,0.8
667,28.455865563897248,0.9584842475113854,37.197227478027344,3.0034494400024414,0.12683892873747218,160.78565979003906,161.52069091796875,True,50,0.8
668,21.306479386178736,0.8248244952870895,256.3834228515625,6.096757888793945,0.12627561556438757,199.50360107421875,187.38046264648438,True,50,0.8
669,18.268981856300112,0.7704010279802974,1215.0826416015625,12.479874610900879,0.17160340799057497,359.22906494140625,285.81005859375,True,50,0.8
670,30.55569206379009,0.9319292055394873,24.81081199645996,2.79518461227417,0.2950864239304177,150.8003692626953,174.20022583007812,True,50,0.8
671,23.338649448280847,0.9180410960218239,3717.349365234375,5.156548976898193,0.2856597952993141,620.3798828125,896.86865234375,True,50,0.8
672,27.542899238566395,0.9443173785343135,11.589362144470215,0.4253542125225067,0.24965132083075953,60.80413055419922,81.15351104736328,True,50,0.8
673,31.964907722533393,0.9427467959484142,175.13311767578125,14.654257774353027,0.19340212049476815,612.5521240234375,524.9868774414062,True,50,0.8
674,32.02464926835595,0.9121857269199025,104.1028060913086,4.012219429016113,0.27375755570601895,235.0729522705078,410.9864196777344,True,50,0.8
675,34.9192643331541,0.9595190496313682,293.58416748046875,17.434322357177734,0.20487171299065413,876.1453857421875,982.396240234375,True,50,0.8
676,28.545041922601172,0.9374245478549609,15.748125076293945,1.8940727710723877,0.15281521449562097,79.41472625732422,112.92686462402344,True,50,0.8
677,19.804698705444817,0.7839911498494713,1657.6334228515625,19.170448303222656,0.15679089240662697,470.0010681152344,398.4577331542969,True,50,0.8
678,26.08324548365249,0.9250564723207363,2298.865234375,20.66057014465332,0.2771961393470435,800.6458129882812,969.5009765625,True,50,0.8
679,34.78935336009543,0.9819250423441976,247.66029357910156,13.375859260559082,0.27258951131504505,793.4215087890625,865.6416015625,True,50,0.8
680,29.311185444044746,0.9388939027662002,782.1936645507812,12.853065490722656,0.20364371426567443,708.3397216796875,817.2550048828125,True,50,0.8
681,20.178591463039588,0.8118766020955586,637.1537475585938,10.100431442260742,0.16242077185021683,297.47918701171875,258.6449279785156,True,50,0.8
682,23.23653336839118,0.8788543452480635,133.45138549804688,5.09205436706543,0.15304191990831542,153.59213256835938,171.71670532226562,True,50,0.8
683,32.98024481427956,0.9660186411887869,225.0831756591797,5.982752323150635,0.1708846583213231,589.5458374023438,668.9745483398438,True,50,0.8
684,24.72870349373967,0.8284713148895816,2560.466064453125,27.01636505126953,0.18224408940852918,1205.3443603515625,929.4465942382812,True,50,0.8
685,31.900349551907365,0.9415937692265269,200.32305908203125,15.832822799682617,0.2196807077183263,594.9743041992188,557.2061157226562,True,50,0.8
686,25.672571007213854,0.9458244219806787,882.5870971679688,10.852248191833496,0.13222697190916072,524.2587280273438,572.0410766601562,True,50,0.8
687,26.59026063414054,0.9207517715638083,172.74468994140625,9.887378692626953,0.18850211692188942,384.9292297363281,280.6991271972656,True,50,0.8
688,33.7123626823069,0.9455190602578492,251.87974548339844,17.52241325378418,0.18553769279095672,799.366943359375,769.7234497070312,True,50,0.8
689,35.69460153083478,0.9711684306739408,9.507966041564941,3.2266390323638916,0.12047870867584959,183.78172302246094,187.85670471191406,True,50,0.8
690,29.899073650724294,0.957286648452282,107.54571533203125,2.703336000442505,0.22536810487204126,272.6420593261719,324.3555603027344,True,50,0.8
691,32.64701645184325,0.9529728280578358,97.91484832763672,13.96532917022705,0.12459817001458547,562.6685791015625,426.0110168457031,True,50,0.8
692,32.06628701968511,0.9387958788988637,159.74310302734375,7.131222724914551,0.22985146239335896,468.0005798339844,508.102783203125,True,50,0.8
693,24.776056636399293,0.9016786434580029,195.77076721191406,8.368081092834473,0.2023720722565776,249.89108276367188,243.16732788085938,True,50,0.8
694,26.8645639276706,0.9364986779596907,27.528152465820312,0.821502149105072,0.2450038016040496,82.23224639892578,115.72198486328125,True,50,0.8
695,21.047884593621422,0.8306373438664205,2879.157958984375,18.11004638671875,0.1719115592529693,465.2518005371094,611.0093994140625,True,50,0.8
696,24.760216417335386,0.8654941380441081,273.4317321777344,9.003475189208984,0.29418551461302334,271.66302490234375,289.3419189453125,True,50,0.8
697,21.30777285832592,0.7768117256075845,2400.56884765625,15.702970504760742,0.29538759215305876,407.229736328125,581.656982421875,True,50,0.8
698,25.031200284988714,0.9311462445089528,73.64337158203125,3.3228516578674316,0.20793169644576087,128.39703369140625,155.20835876464844,True,50,0.8
699,24.72630227003087,0.8679249297208883,775.4083251953125,21.742231369018555,0.23377248640684012,478.2501525878906,481.6589660644531,True,50,0.8
700,34.14482880734922,0.9769308155227617,108.43357849121094,4.839958667755127,0.22117319727556164,484.6227111816406,533.0568237304688,True,50,0.8
701,28.864046565819642,0.9172451797132962,3.239861249923706,1.1653003692626953,0.2529581021347004,44.081573486328125,52.77171325683594,True,50,0.8
702,25.163235605310142,0.8526888159022297,344.1174621582031,14.541839599609375,0.10334128426139197,519.5059204101562,337.2676696777344,True,50,0.8
703,25.814827387685565,0.8412932373554604,47.363033294677734,3.611490488052368,0.18595819858757898,138.7725372314453,135.28025817871094,True,50,0.8
704,23.136492624581862,0.8912980545810025,19.514570236206055,2.3457512855529785,0.11632897893942087,107.90043640136719,64.31159210205078,True,50,0.8
705,33.90872393222408,0.9638345178266674,396.9441223144531,10.52449893951416,0.2583353452351228,887.1057739257812,989.9702758789062,True,50,0.8
706,28.655095590156666,0.8357319523944636,128.0006866455078,14.1511869430542,0.2308801605203037,336.5672607421875,323.031494140625,True,50,0.8
707,17.950281206703384,0.7284028913820464,10498.8564453125,37.04460906982422,0.16074834303379942,889.6967163085938,810.0645751953125,True,50,0.8
708,28.72501478330365,0.937083102532031,72.54228973388672,4.99392032623291,0.22680068852882168,213.52102661132812,255.38601684570312,True,50,0.8
709,28.359652168004725,0.8596322794047918,677.7587280273438,29.935789108276367,0.17728795677597944,737.32421875,681.8212280273438,True,50,0.8
710,23.401757433726303,0.8575076946270987,2606.8984375,25.874832153320312,0.16852499068893828,729.9129638671875,760.4676513671875,True,50,0.8
711,19.987769515775003,0.7335738215100028,3485.01123046875,29.213132858276367,0.12237686463406662,871.1777954101562,596.0430908203125,True,50,0.8
712,33.29956228626784,0.9369997102671117,104.17041778564453,14.868695259094238,0.2221959016505052,506.52178955078125,472.1046142578125,True,50,0.8
713,28.083075012519725,0.8780590983592329,236.35440063476562,2.8679487705230713,0.5124076452483759,161.8261260986328,412.4290771484375,True,50,0.8
714,29.831059311726328,0.9016777715012354,126.98370361328125,11.705649375915527,0.22267023700303137,392.6737976074219,349.5194091796875,True,50,0.8
715,24.773772030253443,0.8787870101892111,2877.99560546875,54.68912887573242,0.13941766547733767,1316.160888671875,929.599609375,True,50,0.8
716,32.34613656513233,0.9556559991971874,400.6666259765625,23.537548065185547,0.18695648589026845,903.1017456054688,830.788818359375,True,50,0.8
717,27.741962934033786,0.9349111247004247,1566.2744140625,28.241817474365234,0.1975166095929718,1074.186279296875,965.0618896484375,True,50,0.8
718,26.027103669862605,0.9266645482782624,39.05292510986328,7.735616207122803,0.09921509510718932,272.2356872558594,125.17292785644531,True,50,0.8
719,34.38424040779737,0.9620066560704887,194.45559692382812,14.182140350341797,0.14585412002698844,716.814697265625,731.1365966796875,True,50,0.8
720,19.554446730249847,0.8102074141775847,9713.1181640625,26.157522201538086,0.24632447520797943,804.2911376953125,938.402099609375,True,50,0.8
721,26.10164167967978,0.9170310103917885,80.84940338134766,3.3842804431915283,0.2591371648131338,135.4003143310547,182.0518341064453,True,50,0.8
722,23.838678984139246,0.862436895718379,18.448991775512695,1.742134690284729,0.20708169935540247,72.04988098144531,67.42977142333984,True,50,0.8
723,30.118498123211694,0.8824364322788391,420.4620361328125,10.277469635009766,0.3295179302299836,381.2461242675781,741.3795166015625,True,50,0.8
724,28.45059128787606,0.8688161754452068,445.4718933105469,16.819894790649414,0.25558498912585936,486.5377502441406,574.8986206054688,True,50,0.8
725,28.65015891881321,0.8396683910167685,575.2286376953125,28.162273406982422,0.18617609741567495,748.323486328125,841.9869384765625,True,50,0.8
726,24.073360260571018,0.8947768436912524,77.22840881347656,4.062136173248291,0.19280029065301707,149.18966674804688,140.63259887695312,True,50,0.8
727,27.761014154504178,0.9302962758531266,1058.8577880859375,18.573854446411133,0.15260355590194707,848.4360961914062,795.4720458984375,True,50,0.8
728,25.326596661773007,0.9102491077892982,120.01156616210938,5.928757667541504,0.22566716985769292,202.6455078125,202.42568969726562,True,50,0.8
729,24.272631944620272,0.9324849767103922,99.82882690429688,6.763306617736816,0.13997402719386165,225.4849090576172,164.49229431152344,True,50,0.8
730,20.466758874232216,0.7957009621962452,235.28443908691406,6.186051368713379,0.16602071465122265,186.93601989746094,165.10153198242188,True,50,0.8
731,35.76126746883129,0.961834353736003,176.04959106445312,16.050996780395508,0.135197570958779,880.7608032226562,814.7601318359375,True,50,0.8
732,27.94064120213193,0.9548783802626303,710.4354858398438,9.396541595458984,0.16385763708454723,544.6354370117188,665.5320434570312,True,50,0.8
733,25.504383604783143,0.8861475750291912,764.6036987304688,25.158401489257812,0.12335013140892175,804.2484741210938,523.5423583984375,True,50,0.8
734,27.668215658580717,0.9420739446523512,220.93011474609375,4.2343645095825195,0.186760077767823,328.9413757324219,359.4716491699219,True,50,0.8
735,26.1105114519941,0.8777979033950128,1854.1929931640625,31.30421257019043,0.2548925354898393,684.58056640625,877.3233642578125,True,50,0.8
736,24.055226398297446,0.8919879453222126,600.5425415039062,17.54721450805664,0.15833615079682556,464.2234191894531,393.05267333984375,True,50,0.8
737,26.122676893760534,0.8950004308266801,1598.3184814453125,32.911415100097656,0.14781187124952475,1108.33935546875,816.7828369140625,True,50,0.8
738,23.319151913352975,0.8817612452065366,897.613037109375,13.952630996704102,0.20671111162951533,384.60626220703125,439.6957702636719,True,50,0.8
739,19.49088168652648,0.6112167513847613,1598.02294921875,19.188539505004883,0.1988254464557053,441.84814453125,377.5674743652344,True,50,0.8
740,24.243948462789287,0.8421877225134349,807.2816162109375,18.563173294067383,0.22093661327617117,546.3771362304688,463.21710205078125,True,50,0.8
741,26.948027361624057,0.8638002399376318,184.0831756591797,12.378865242004395,0.2167701508151898,339.66204833984375,302.0765075683594,True,50,0.8
742,24.593802259966097,0.8540626512330998,1939.319580078125,34.776615142822266,0.23309636408124082,939.4151611328125,747.8617553710938,True,50,0.8
743,20.514458511806563,0.8424972251833246,2246.447021484375,20.549001693725586,0.1644535105227537,580.9525146484375,503.2176818847656,True,50,0.8
744,28.541616091353873,0.9342916257318082,71.60089111328125,5.899958610534668,0.1281210651525185,244.77781677246094,232.98048400878906,True,50,0.8
745,25.2686041536956,0.8660869300670302,2304.513427734375,7.458043575286865,0.4579094469284862,423.3498840332031,899.6749877929688,True,50,0.8
746,26.71498816807944,0.9395911671736416,314.4168395996094,4.813124179840088,0.2206575185952707,303.48095703125,384.50732421875,True,50,0.8
747,35.44635316970996,0.9605748465724897,84.33855438232422,11.632959365844727,0.2916385929928334,544.8854370117188,544.0093383789062,True,50,0.8
748,28.969094489376424,0.9420017811966631,967.1959838867188,13.486661911010742,0.21368771947457854,693.4862670898438,906.5656127929688,True,50,0.8
749,20.216423001591902,0.698344070430313,3646.984375,9.889688491821289,0.2382422975351556,482.6217041015625,624.61376953125,True,50,0.8
750,27.045481612851596,0.885520876605848,24.11395263671875,3.9643771648406982,0.09550499193612343,173.9346923828125,117.78114318847656,True,50,0.8
751,20.756098317132718,0.8355916471314743,7407.080078125,62.069400787353516,0.08180082958727142,1607.862548828125,939.8922729492188,True,50,0.8
752,28.842214799138123,0.9473285732254524,508.0308532714844,27.62748146057129,0.11902070662971567,856.2200317382812,628.080322265625,True,50,0.8
753,26.33436546325462,0.8831268308249144,260.363525390625,4.352632522583008,0.2250500813668573,242.08346557617188,335.5707092285156,True,50,0.8
754,25.794212974500503,0.9111944894749436,51.510231018066406,1.9548767805099487,0.229262389823512,109.08311462402344,140.13279724121094,True,50,0.8
755,32.91152927578647,0.9153815840666016,322.4718933105469,23.272302627563477,0.25041911582593307,807.0724487304688,794.2311401367188,True,50,0.8
756,26.552276146928875,0.9080885894658088,850.6626586914062,15.068503379821777,0.11877410244658618,741.2423095703125,620.4526977539062,True,50,0.8
757,28.11359289178504,0.9026198657188695,425.21270751953125,17.400814056396484,0.07793751151594752,904.3218994140625,533.9276123046875,True,50,0.8
758,26.60061747401579,0.9105117569789982,1744.448974609375,33.337181091308594,0.1411849502252095,1156.1229248046875,893.9987182617188,True,50,0.8
759,23.83166162067812,0.7806302410645566,2422.4716796875,28.092012405395508,0.22158207711141462,765.6348266601562,788.80859375,True,50,0.8
760,27.731745520437762,0.9344393493697986,39.167266845703125,3.1253700256347656,0.2549398119833242,134.82379150390625,152.52320861816406,True,50,0.8
761,31.008618091573517,0.9370680213958732,72.01374816894531,6.1995768547058105,0.22537359463084483,225.09487915039062,312.41033935546875,True,50,0.8
762,24.334190142397812,0.87792587288503,226.699951171875,7.178553104400635,0.22160196267501808,239.09031677246094,249.2406463623047,True,50,0.8
763,20.574746500431434,0.8380573600291786,4833.8818359375,23.93798828125,0.2543234630108568,748.4652709960938,744.2023315429688,True,50,0.8
764,33.602820347893044,0.9362223437104001,0.5189099907875061,0.936109721660614,0.23821847985121464,36.42573928833008,34.4989013671875,True,50,0.8
765,32.15965718484337,0.9285156046135506,192.87791442871094,17.552223205566406,0.1947576634328034,584.28125,570.31982421875,True,50,0.8
766,25.53431102772978,0.878010565289599,1558.9688720703125,17.35923957824707,0.24534217426010133,593.1986083984375,762.6962280273438,True,50,0.8
767,26.094565754144078,0.9152571102786883,1812.2113037109375,8.832274436950684,0.2503974040185358,608.0800170898438,876.8888549804688,True,50,0.8
768,33.190970699122815,0.967576310476836,56.173828125,7.385530948638916,0.2180505514092939,351.9064636230469,342.7396545410156,True,50,0.8
769,27.60528140473187,0.8436218622545817,992.1284790039062,5.2443084716796875,0.38588714124817025,423.8880615234375,821.43603515625,True,50,0.8
770,21.1323784913603,0.7708647037024975,94.20538330078125,2.7736456394195557,0.2691131195305506,89.65789794921875,111.52110290527344,True,50,0.8
771,36.211182817159866,0.9840370775253288,171.34117126464844,8.088823318481445,0.186309112242295,763.74169921875,846.6058349609375,True,50,0.8
772,27.309817155947364,0.884074005064765,30.606725692749023,8.574186325073242,0.13738165211222866,211.7476806640625,128.36117553710938,True,50,0.8
773,32.63242916070591,0.9379604274658842,85.26573181152344,13.8740234375,0.1909605312201763,432.8735656738281,397.8900146484375,True,50,0.8
774,28.928301466515055,0.9077437336223105,812.0842895507812,28.67123794555664,0.19175775269590598,912.8255004882812,797.498046875,True,50,0.8
775,30.69504746347006,0.9128433564818158,14.844559669494629,1.760766863822937,0.31866732806553383,92.41265106201172,150.76751708984375,True,50,0.8
776,28.384200278418092,0.9558090153308845,76.63442993164062,3.1466033458709717,0.20682450981677886,195.4698486328125,230.0221405029297,True,50,0.8
777,29.39191046571942,0.876563932535203,599.1990356445312,47.492244720458984,0.18371503336143627,1112.56298828125,722.5303344726562,True,50,0.8
778,27.197912475717164,0.9431794015200514,988.2262573242188,13.747410774230957,0.30879579923820727,739.03076171875,720.3165283203125,True,50,0.8
779,36.62575611029793,0.9689726992534287,89.35585021972656,9.235090255737305,0.28196041963721447,640.887939453125,641.5064697265625,True,50,0.8
780,29.117337890336195,0.923111576237115,578.5051879882812,10.082425117492676,0.21670550472201672,493.8924865722656,694.2545166015625,True,50,0.8
781,30.592221934095072,0.9595409492328686,257.4235534667969,10.98275375366211,0.2358243959309159,533.00634765625,543.1817016601562,True,50,0.8
782,23.72009376200733,0.8864962960534775,268.3345947265625,4.954392433166504,0.3396476031930451,163.66671752929688,252.54725646972656,True,50,0.8
783,30.09724989840846,0.94112071795514,113.63617706298828,8.243764877319336,0.24555436687762552,333.98431396484375,346.3503112792969,True,50,0.8
784,32.45949804634137,0.9684493465904604,18.873422622680664,2.487086057662964,0.20910058856611605,170.49554443359375,182.41612243652344,True,50,0.8
785,29.519521120974495,0.9297990473554353,842.4700317382812,26.035133361816406,0.1212593429907564,914.8994750976562,908.5421142578125,True,50,0.8
786,33.7386182670061,0.9672442741684377,143.66159057617188,13.851759910583496,0.23575196935819973,648.6556396484375,583.8084106445312,True,50,0.8
787,25.668419800139613,0.819415289711979,425.5175476074219,24.463401794433594,0.13396987232693258,628.283203125,401.4505615234375,True,50,0.8
788,33.3464097374364,0.9772802799232727,96.59721374511719,6.6843671798706055,0.19252251627106465,457.3820495605469,462.5437927246094,True,50,0.8
789,37.39066456905174,0.9629674043940809,163.5203399658203,15.945611953735352,0.23194050750116912,904.3308715820312,947.3360595703125,True,50,0.8
790,24.223476773251036,0.8850113674875741,80.49639892578125,5.04004430770874,0.22877825344513006,157.6168975830078,154.19805908203125,True,50,0.8
791,31.695266694948316,0.938074393853376,232.82199096679688,13.416780471801758,0.1935359616367859,606.1893310546875,586.6436157226562,True,50,0.8
792,27.83611174686273,0.9506390695647559,420.69818115234375,12.088268280029297,0.2529633302136401,463.7758483886719,506.3827819824219,True,50,0.8
793,22.95383807525123,0.9079682712080471,1884.3702392578125,25.249067306518555,0.20702796959245023,779.8516845703125,611.8427734375,True,50,0.8
794,22.580997785874303,0.8807837321010675,2.0014164447784424,0.15906140208244324,0.1489976571608269,13.4618558883667,19.092073440551758,True,50,0.8
795,25.2337268725747,0.8949985505938068,2279.482177734375,34.393836975097656,0.14008298596084065,1026.7041015625,872.2517700195312,True,50,0.8
796,26.551341858774975,0.8492816391357623,1701.6680908203125,32.28018569946289,0.22291294475112713,1029.84814453125,932.1861572265625,True,50,0.8
797,36.13038594849289,0.9407634375918699,77.70124053955078,15.638782501220703,0.16507456215432006,555.4971923828125,565.5680541992188,True,50,0.8
798,29.69719883538246,0.942966670828215,519.3343505859375,7.949132442474365,0.1910220435431364,598.0650024414062,696.9541625976562,True,50,0.8
799,29.15679545542695,0.8652852759461069,752.6786499023438,20.370254516601562,0.16907547937501574,913.7066040039062,922.576904296875,True,50,0.8
800,23.779793046050077,0.8292529838903585,1948.8846435546875,38.96710205078125,0.12685328038082466,1027.478271484375,707.5313720703125,True,50,0.8
801,30.589060142354967,0.9713277794474542,20.515844345092773,1.5357532501220703,0.3141121117586119,130.05630493164062,153.38650512695312,True,50,0.8
802,26.707705666745476,0.8898365438249735,698.7564086914062,8.795878410339355,0.2976300970720252,463.145751953125,576.7120971679688,True,50,0.8
803,31.292604224127057,0.9635227187714464,273.4146728515625,11.216103553771973,0.19376560259586662,590.2750854492188,607.1083374023438,True,50,0.8
804,31.296493042368056,0.9760014961009424,132.3348846435547,11.900701522827148,0.17026247171180298,562.4373779296875,424.70654296875,True,50,0.8
805,35.343585513279855,0.9562810337472749,158.40692138671875,28.817855834960938,0.1631923420072757,769.4135131835938,736.707763671875,True,50,0.8
806,35.73624886888918,0.9739484037238993,232.83349609375,9.695307731628418,0.2094585160445709,938.966064453125,934.4326782226562,True,50,0.8
807,27.007728600826173,0.9248430479944552,1697.58447265625,29.10474967956543,0.22976201430836518,977.0238647460938,925.6429443359375,True,50,0.8
808,32.0640636047387,0.9608940365421513,126.55818176269531,7.547072887420654,0.2942701728094514,425.5644836425781,451.3885192871094,True,50,0.8
809,21.05707152550975,0.7831376072091903,99.93594360351562,8.823162078857422,0.16012747757643062,173.51217651367188,114.12480926513672,True,50,0.8
810,20.736355397702045,0.8438553271097167,8164.36376953125,29.587656021118164,0.20301932189889904,931.5096435546875,984.8563842773438,True,50,0.8
811,34.04605836186323,0.9501182022663093,277.1510314941406,15.00692081451416,0.22281205496972756,800.5604858398438,839.0592041015625,True,50,0.8
812,28.013517775270522,0.9344781803003713,24.879892349243164,2.9901621341705322,0.14933641172422377,142.47824096679688,125.53801727294922,True,50,0.8
813,25.410566629764375,0.8233161800297341,2394.046875,42.662357330322266,0.1557527051393851,1012.635009765625,920.9210205078125,True,50,0.8
814,26.2471806406605,0.8982591467772075,1698.895751953125,17.69563102722168,0.2740457798467566,678.0311279296875,870.0264892578125,True,50,0.8
815,31.89122648064295,0.9686110866235875,174.3931884765625,6.319094181060791,0.21565355883356718,474.81964111328125,519.3192138671875,True,50,0.8
816,20.430013298770135,0.8664396005633149,3135.93603515625,14.341865539550781,0.17984419039226043,539.385498046875,591.6841430664062,True,50,0.8
817,26.94829040902924,0.8970444794202183,322.3013000488281,15.252669334411621,0.138974133228945,474.8488464355469,399.60369873046875,True,50,0.8
818,28.361781304615754,0.9399951771132348,4.523986339569092,0.8044765591621399,0.20827737701420831,52.21466064453125,55.706878662109375,True,50,0.8
819,24.346615849421113,0.9086147949495521,414.3575744628906,1.4183813333511353,0.2449865052423666,246.9774627685547,335.8620300292969,True,50,0.8
820,29.04171297632988,0.9338936699733092,803.0416870117188,19.795106887817383,0.223274434799802,817.4113159179688,803.0505981445312,True,50,0.8
821,26.34444707189506,0.8692230153509889,0.06418881565332413,0.13208605349063873,0.23084300415610964,4.756543159484863,5.6273908615112305,True,50,0.8
822,33.08012680897074,0.971745505221611,54.21953201293945,8.931611061096191,0.19115727686545583,348.672607421875,334.1656799316406,True,50,0.8
823,18.533554704114884,0.8098750920191577,2226.464599609375,19.566858291625977,0.18446496058002668,566.8516235351562,398.7705383300781,True,50,0.8
824,31.304425535628667,0.9653593627399581,214.1348419189453,10.244261741638184,0.1509013040778705,570.934814453125,537.8582153320312,True,50,0.8
825,23.480530855716463,0.855716189717846,3771.513427734375,19.643217086791992,0.2528833254182597,763.414306640625,919.935791015625,True,50,0.8
826,29.827326527027253,0.9176308489543981,124.81157684326172,13.93556022644043,0.19978340407305778,371.642333984375,346.9996337890625,True,50,0.8
827,28.83204939125094,0.9153605922350181,155.77352905273438,12.106463432312012,0.07356656418124835,747.7721557617188,347.60626220703125,True,50,0.8
828,29.508049312850574,0.9653235250243953,598.054443359375,23.94606590270996,0.1957411530360052,889.0199584960938,737.7637329101562,True,50,0.8
829,26.447729509577012,0.8904276870813901,379.4864196777344,12.361795425415039,0.17191954129408737,503.65130615234375,452.7657165527344,True,50,0.8
830,26.32090739186026,0.8793275850672194,118.3210678100586,8.091179847717285,0.13074034643050747,247.4771728515625,225.38021850585938,True,50,0.8
831,19.603934756869474,0.7294467858573944,2244.596923828125,30.0262451171875,0.13484198968511799,673.281982421875,452.9870910644531,True,50,0.8
832,23.312573408773495,0.9080043884467092,93.39561462402344,3.8629608154296875,0.16010648179179054,150.4781036376953,141.71615600585938,True,50,0.8
833,26.354156319818244,0.8219332572025169,64.23245239257812,7.275615215301514,0.2058065694341074,245.89810180664062,177.21060180664062,True,50,0.8
834,29.464087314647426,0.8926206950994038,277.4882507324219,19.13031578063965,0.2039206035977654,534.6845092773438,498.8694152832031,True,50,0.8
835,31.313707925570334,0.9645800699698052,128.62551879882812,6.67647123336792,0.29819062803824203,341.6380615234375,419.50653076171875,True,50,0.8
836,25.954561117170535,0.843475806201021,2075.876953125,20.692392349243164,0.1843570340511377,844.47607421875,914.9310302734375,True,50,0.8
837,22.95934511813726,0.8514649522346872,658.0267333984375,6.764161109924316,0.21748584864507858,320.7651062011719,363.031494140625,True,50,0.8
838,23.694561906606108,0.8608222178303515,1438.9415283203125,31.86288070678711,0.09305795679667338,1097.8531494140625,581.0077514648438,True,50,0.8
839,26.573368166596786,0.8655806542604261,795.3092651367188,15.328096389770508,0.25512691765235024,527.61376953125,632.6320190429688,True,50,0.8
840,37.55838879240451,0.9743690557770193,0.034715257585048676,0.24429769814014435,0.16122657242485824,13.839885711669922,14.081361770629883,True,50,0.8
841,23.752332784327564,0.9024059563963861,1837.544189453125,15.165008544921875,0.2476523694816361,542.3052368164062,663.8738403320312,True,50,0.8
842,22.576034239571857,0.8570982103739825,173.89939880371094,7.284744739532471,0.14504878888184958,234.00994873046875,178.85792541503906,True,50,0.8
843,28.8023504505837,0.9360406524179766,1216.398193359375,25.93975067138672,0.17561509042841286,1054.5572509765625,961.1092529296875,True,50,0.8
844,28.684620519740818,0.8932402008150631,30.17482566833496,3.8500888347625732,0.18760374771650754,151.8282928466797,149.51406860351562,True,50,0.8
845,29.493897790917675,0.9347325206740967,193.4871826171875,7.25342321395874,0.2694538475968874,344.3886413574219,415.2095031738281,True,50,0.8
846,31.18910310851824,0.9261180607234853,5.654622554779053,3.0252254009246826,0.15893401685274405,92.68046569824219,86.26432037353516,True,50,0.8
847,24.763409136200934,0.8853298259194521,3195.24267578125,14.705345153808594,0.4388980109206628,579.3628540039062,996.8773803710938,True,50,0.8
848,31.24846195438957,0.9614241331877231,189.3047637939453,9.808614730834961,0.1548198279298006,413.92620849609375,502.69281005859375,True,50,0.8
849,22.282744362370547,0.8605451553332416,2056.018310546875,15.836530685424805,0.2179211276391352,694.3173828125,595.7896118164062,True,50,0.8
850,23.853478403089433,0.8718999221354088,18.478370666503906,2.2126476764678955,0.15849955040255348,76.871337890625,68.0093994140625,True,50,0.8
851,31.199314442348207,0.9447853941358895,426.3095703125,20.050371170043945,0.24920437580666868,760.5573120117188,750.2105102539062,True,50,0.8
852,22.63933398732117,0.8140274636798598,108.69477081298828,9.677690505981445,0.07924840247166293,342.2731628417969,210.69569396972656,True,50,0.8
853,26.32404100678943,0.8836149512046779,1846.5809326171875,29.415203094482422,0.1669500369110714,873.748046875,898.15625,True,50,0.8
854,29.315175302054946,0.9593992966493463,49.56254577636719,1.3636071681976318,0.26755003403473626,179.66819763183594,205.9344940185547,True,50,0.8
855,23.33440514920019,0.926297369210282,169.51107788085938,7.828122138977051,0.16255429874655883,239.27415466308594,191.49703979492188,True,50,0.8
856,31.733596105717425,0.9305814242680529,0.9419407248497009,0.962480902671814,0.15607323393998515,44.00193405151367,37.513118743896484,True,50,0.8
857,23.06831286320376,0.8620954761799486,1093.8927001953125,12.130921363830566,0.27953918429642277,425.1805419921875,472.5948791503906,True,50,0.8
858,36.64802098139729,0.9652532758604508,69.0467300415039,10.716361045837402,0.22772314546278416,589.43408203125,565.2763061523438,True,50,0.8
859,22.75694872875814,0.9039487632040042,23.470827102661133,0.9000508785247803,0.2501596233865438,52.3010139465332,66.64292907714844,True,50,0.8
860,20.22416181876645,0.8530803389046068,5703.66552734375,10.802665710449219,0.21870470926186011,710.5800170898438,775.7520751953125,True,50,0.8
861,25.58086522848983,0.934003658158276,534.1254272460938,11.06715202331543,0.2614079545583753,383.8092956542969,453.8355407714844,True,50,0.8
862,30.985257688007906,0.9516025674601457,212.44029235839844,8.00114631652832,0.29990226345573007,328.47991943359375,524.8659057617188,True,50,0.8
863,27.960474026180826,0.9188892084516977,305.9981384277344,18.45317840576172,0.17904221807552276,472.7570495605469,441.3219909667969,True,50,0.8
864,27.93132559478687,0.9063950001316912,253.5092315673828,6.810752868652344,0.1967229004258698,338.232421875,401.3623046875,True,50,0.8
865,27.25026045851434,0.8983892160760945,590.3533325195312,20.936925888061523,0.20430317186420266,649.4537963867188,560.0806884765625,True,50,0.8
866,26.766647059389904,0.9225373019697866,51.27002716064453,2.774807929992676,0.1810755177719796,143.68881225585938,156.0850067138672,True,50,0.8
867,34.124798148879464,0.9771302357023838,12.902663230895996,2.4557864665985107,0.23169958329881024,168.69207763671875,182.74620056152344,True,50,0.8
868,20.88878744183445,0.790627329202384,5911.9375,25.701383590698242,0.1740754905195129,819.0361938476562,861.923828125,True,50,0.8
869,28.075913822532183,0.9042460015226229,1392.2279052734375,33.773765563964844,0.16344641167277296,1123.022705078125,946.1693725585938,True,50,0.8
870,34.20666666274475,0.9632571849845142,53.059837341308594,6.005148410797119,0.2073396887101749,357.56829833984375,373.9360046386719,True,50,0.8
871,23.954157387234076,0.832201284565248,295.0755920410156,15.503933906555176,0.09822040723961106,544.5538940429688,271.47393798828125,True,50,0.8
872,16.89442472278117,0.7294843004902554,8468.3466796875,28.063074111938477,0.16683593563331867,767.6166381835938,644.3555297851562,True,50,0.8
873,30.96594737857408,0.9593878056627186,133.76683044433594,10.527749061584473,0.22232687498252518,410.397705078125,409.325439453125,True,50,0.8
874,27.159867019608292,0.8438241439103947,1.2389192581176758,0.5906855463981628,0.18684490733571696,29.746244430541992,26.36096954345703,True,50,0.8
875,21.076882315509966,0.8220974999645803,191.7684326171875,5.164474010467529,0.19604108818711213,145.603271484375,156.99644470214844,True,50,0.8
876,21.392033413561403,0.7804159294161273,3700.619140625,32.81480407714844,0.22600383227438423,892.8141479492188,716.2562866210938,True,50,0.8
877,31.09507014744662,0.9472037235234544,337.6143798828125,11.55079174041748,0.2700472006063366,600.6713256835938,659.2650146484375,True,50,0.8
878,26.422504058746327,0.9133047635922292,1.6515610218048096,0.5457264184951782,0.2518375625418393,22.238149642944336,28.068897247314453,True,50,0.8
879,31.659440173451014,0.9708700294003767,33.84561538696289,1.8512256145477295,0.23604706859791896,208.30569458007812,222.75018310546875,True,50,0.8
880,29.287434798982453,0.9550452513929737,60.823463439941406,7.622312068939209,0.06319467197688357,426.8684997558594,231.84371948242188,True,50,0.8
881,26.487843300489953,0.867764766122598,850.3320922851562,11.154914855957031,0.2528001406385823,456.6399230957031,672.2208251953125,True,50,0.8
882,26.685504518454536,0.9331246218033773,0.8377914428710938,0.3745470345020294,0.29483129964561483,15.490052223205566,20.690826416015625,True,50,0.8
883,20.87786803426158,0.7793931057488054,89.7311782836914,6.519889831542969,0.1097937794847065,133.40252685546875,105.00447082519531,True,50,0.8
884,22.3473925456554,0.8499425495902636,3721.939208984375,37.494224548339844,0.18823263359349302,922.566650390625,800.1161499023438,True,50,0.8
885,21.4237455033193,0.7630015254017372,223.31802368164062,5.503311634063721,0.24465386805137432,125.28145599365234,179.36611938476562,True,50,0.8
886,25.76256321370257,0.8878922954124688,1127.135498046875,12.77238941192627,0.1376899501238077,630.8956909179688,653.0933837890625,True,50,0.8
887,31.44350780935668,0.9469098246611186,40.920536041259766,6.393773555755615,0.12325566610419099,270.01312255859375,238.94459533691406,True,50,0.8
888,30.140069718895347,0.9086596997083771,9.738787651062012,3.7322685718536377,0.20067522332488283,113.56128692626953,100.34194946289062,True,50,0.8
889,25.70877216033969,0.8411726300994254,157.4344024658203,3.810713768005371,0.3062038664869126,137.58489990234375,243.92901611328125,True,50,0.8
890,32.04731007394241,0.974570117498699,324.865966796875,7.840330600738525,0.1616188151047091,622.6764526367188,722.544677734375,True,50,0.8
891,38.30650322680342,0.9792918275630388,108.01268005371094,12.780952453613281,0.1740792941885242,852.0223999023438,855.8407592773438,True,50,0.8
892,23.662194005481144,0.8837657179568112,2936.21142578125,35.335174560546875,0.17833496186323267,950.0221557617188,830.3896484375,True,50,0.8
893,20.583752793233707,0.8468785410505691,1379.4124755859375,10.029391288757324,0.22200220718699523,424.0574645996094,397.7863464355469,True,50,0.8
894,34.120521878423965,0.9486096199790267,172.84690856933594,15.289372444152832,0.22200919848693987,654.8291625976562,668.4170532226562,True,50,0.8
895,33.45932798935753,0.9290150768239862,19.07495880126953,5.174789905548096,0.2250593109246892,203.91043090820312,205.77931213378906,True,50,0.8
896,25.916418766139522,0.8546228388553125,207.36749267578125,14.062705039978027,0.1411946574429899,399.55694580078125,293.8545837402344,True,50,0.8
897,29.461061948564634,0.8968356944297674,674.0567016601562,11.412666320800781,0.25732074669484456,614.1223754882812,896.439453125,True,50,0.8
898,32.49949971303519,0.944704614222142,0.10986723750829697,0.265083372592926,0.11371263293034574,15.353682518005371,13.988921165466309,True,50,0.8
899,29.66291360331936,0.9161342277361697,8.068293571472168,2.4853789806365967,0.16853023827818586,98.92449188232422,86.42301940917969,True,50,0.8
900,33.03107350306779,0.9540712455185697,21.619503021240234,5.544422149658203,0.1758163104227955,237.49937438964844,208.67837524414062,True,50,0.8
901,34.03285022456486,0.9625397527473137,0.2983054220676422,0.445987343788147,0.2619695638143901,27.14226531982422,27.505672454833984,True,50,0.8
902,23.854329175409696,0.8522881842426181,128.350830078125,5.869274139404297,0.2996372783215079,186.28955078125,182.25399780273438,True,50,0.8
903,32.390313787475854,0.9451250757933647,177.66265869140625,10.314233779907227,0.23623338920388473,570.7992553710938,583.45849609375,True,50,0.8
904,29.078340789862693,0.9490377636255372,219.21945190429688,6.804079532623291,0.2524337420823296,312.4684143066406,422.00311279296875,True,50,0.8
905,24.543087394604136,0.9191091334948487,2787.894287109375,25.549938201904297,0.25849593269293314,761.928955078125,892.779052734375,True,50,0.8
906,28.017239377330977,0.9598239979430864,1053.70654296875,15.412858009338379,0.17454872143991818,809.6671752929688,817.6260986328125,True,50,0.8
907,36.01746843776017,0.9674587915848529,29.25712013244629,7.408344268798828,0.1829352321606664,350.3352966308594,342.47552490234375,True,50,0.8
908,30.569511385181535,0.9641375394982081,59.3406867980957,3.505099296569824,0.17652443208553353,233.48388671875,260.16400146484375,True,50,0.8
909,26.20592173425639,0.9393403044333768,345.69439697265625,4.688380718231201,0.172741390894542,343.9273681640625,380.3127136230469,True,50,0.8
910,24.364490578758886,0.8744715698720777,1274.774658203125,26.973331451416016,0.1682799325489732,792.0966796875,590.7046508789062,True,50,0.8
911,28.808499428815438,0.9067465700785811,79.11384582519531,5.938992023468018,0.30149964909153293,210.56968688964844,268.7955627441406,True,50,0.8
912,28.27968401740965,0.930954623540673,450.73309326171875,11.234572410583496,0.27745541695161835,504.78564453125,624.5247802734375,True,50,0.8
913,26.78776369902771,0.8370244076127517,255.53817749023438,15.457630157470703,0.1873558510128067,411.9981384277344,410.0022277832031,True,50,0.8
914,33.48505897501464,0.9304686070211285,136.7120819091797,19.532930374145508,0.17902135766665783,605.3485717773438,552.4951171875,True,50,0.8
915,21.491896597588614,0.8666274800527335,1351.7962646484375,2.0434658527374268,0.2979707349129533,312.626708984375,436.6903991699219,True,50,0.8
916,21.732894463568336,0.8741436974689465,583.5446166992188,2.4057555198669434,0.31505975247693463,182.6790771484375,295.1712951660156,True,50,0.8
917,31.920857480647523,0.9606628503239069,577.5551147460938,11.368109703063965,0.21172154220203737,846.9224243164062,948.5048828125,True,50,0.8
918,22.552697426975328,0.9102581517503696,3170.3671875,15.736903190612793,0.2729265353115996,538.07373046875,763.8421630859375,True,50,0.8
919,27.42678772994107,0.9328355157077005,35.811073303222656,4.028178691864014,0.12433267728534689,152.19683837890625,140.9730682373047,True,50,0.8
920,24.98441398615131,0.790191624924428,2306.631591796875,48.66398620605469,0.1313100465618027,1081.339599609375,868.5994873046875,True,50,0.8
921,30.934222814228974,0.9243459364974062,142.1975860595703,9.216582298278809,0.34235704616500656,367.1740417480469,487.9437561035156,True,50,0.8
922,31.093985809440987,0.952435935091062,621.8475341796875,8.290255546569824,0.13276863456008525,788.2490844726562,894.6576538085938,True,50,0.8
923,34.96447904794558,0.9636482859666625,202.2266845703125,22.20163345336914,0.15358397624717104,835.714599609375,800.055419921875,True,50,0.8
924,29.507517551382676,0.9170551698412689,202.71316528320312,24.890472412109375,0.15347810213320268,582.6944580078125,425.7882995605469,True,50,0.8
925,25.23192995999157,0.8740699808464085,1.6476114988327026,0.8835505247116089,0.12042941336820454,30.625917434692383,23.44683837890625,True,50,0.8
926,29.41817224018223,0.9456774215718541,82.77398681640625,7.989319801330566,0.2013480711657477,299.42547607421875,269.40869140625,True,50,0.8
927,23.03553980829588,0.8049078416124936,1459.5594482421875,32.111690521240234,0.15607780082195113,711.0944213867188,542.0925903320312,True,50,0.8
928,30.496156560207986,0.9569916261131304,355.0445251464844,8.488107681274414,0.18848059788896884,584.9111328125,633.8447265625,True,50,0.8
929,26.520151243028597,0.9025634002128867,149.02980041503906,11.214759826660156,0.22725499859838819,310.1592712402344,258.6297912597656,True,50,0.8
930,25.682830517152674,0.9009016480238462,52.8723258972168,5.234894275665283,0.1575120207030231,163.8097686767578,140.2167205810547,True,50,0.8
931,25.450614556900607,0.8750255386762213,1963.672119140625,39.74037170410156,0.1555010728868137,842.3228149414062,835.0953369140625,True,50,0.8
932,32.54188786172052,0.9689574293692291,537.937744140625,18.365432739257812,0.18143196373043605,1008.4401245117188,984.4177856445312,True,50,0.8
933,26.47995048227397,0.8422285664744456,578.7210693359375,4.80902099609375,0.4410498543830559,205.26760864257812,526.1644897460938,True,50,0.8
934,24.316897312891896,0.8392975636466211,102.1416015625,5.639264106750488,0.17284572191939807,206.28402709960938,172.5076141357422,True,50,0.8
935,25.647270409600704,0.9162862737239238,201.7027130126953,4.775162696838379,0.16487012344974084,290.74945068359375,273.0350341796875,True,50,0.8
936,26.98579867787501,0.8870131735030612,0.738418698310852,0.5264785885810852,0.23529138736241484,18.132511138916016,19.372285842895508,True,50,0.8
937,32.935319602106496,0.9517826368365249,418.14453125,31.764204025268555,0.14775397275635668,1109.884765625,914.384521484375,True,50,0.8
938,22.02984812993114,0.8539925456967088,88.15116119384766,3.0112357139587402,0.1916971466669271,127.32970428466797,118.63333129882812,True,50,0.8
939,28.356618322250586,0.9312148425186012,478.8572998046875,14.594242095947266,0.2010965157626952,542.8237915039062,576.93994140625,True,50,0.8
940,20.249018555454068,0.7715267358025559,705.5950317382812,4.897672176361084,0.24566952644512638,224.26821899414062,274.7811584472656,True,50,0.8
941,24.480119818386985,0.8646544703735102,871.0830078125,11.51021671295166,0.2744756019400749,406.35260009765625,554.6238403320312,True,50,0.8
942,28.92062615376028,0.9163145489973411,528.9039916992188,21.436555862426758,0.1450693767565358,625.0633544921875,651.7689819335938,True,50,0.8
943,24.52952500670911,0.823366169459249,2293.96142578125,46.216453552246094,0.13713870349721,1310.9466552734375,829.9120483398438,True,50,0.8
944,26.284535176142295,0.9140141883536297,95.6889877319336,6.5513916015625,0.25350111132294206,193.28819274902344,207.21484375,True,50,0.8
945,21.28576284099086,0.853127509374467,1.0583961009979248,0.13137362897396088,0.41615874557972155,5.930018901824951,11.984832763671875,True,50,0.8
946,25.060671246548306,0.8544466882497849,58.45369338989258,7.491787433624268,0.07128330911319382,328.7151794433594,137.74874877929688,True,50,0.8
947,22.556772432221823,0.848503641365144,4204.20947265625,18.840322494506836,0.26829836733147905,728.36865234375,900.11865234375,True,50,0.8
948,24.08562705764115,0.8980170185951626,2967.490966796875,10.29798412322998,0.2956728365888152,680.0740966796875,874.0161743164062,True,50,0.8
949,32.991887838131426,0.959427422921724,179.071044921875,10.61522102355957,0.17407834922880178,588.9011840820312,597.815673828125,True,50,0.8
950,25.214622022926672,0.9214062951312961,1074.968994140625,4.1868062019348145,0.2637860242059082,485.0379333496094,600.9163208007812,True,50,0.8
951,33.22852354834146,0.9604107360783253,210.27914428710938,7.347766876220703,0.2187771292197693,605.9679565429688,665.3716430664062,True,50,0.8
952,21.537444946119656,0.7171944851179395,185.04855346679688,6.2130231857299805,0.1866538419527978,180.90843200683594,176.19590759277344,True,50,0.8
953,26.36853465418691,0.8918464363305623,1874.848388671875,34.20769119262695,0.16593004710749942,1009.5888061523438,914.49755859375,True,50,0.8
954,14.867512619358159,0.6441690485169524,5669.744140625,25.307764053344727,0.13192805751444084,822.2883911132812,419.35174560546875,True,50,0.8
955,27.75327013678205,0.9288752825990304,243.93328857421875,7.086996555328369,0.27604019366034516,303.21490478515625,383.7554016113281,True,50,0.8
956,34.56614877659049,0.9688486529762161,94.13324737548828,6.454632759094238,0.14999486334264653,507.075927734375,519.3988037109375,True,50,0.8
957,31.878441488749022,0.9496947472801641,1.489883542060852,0.828921914100647,0.18386248267337443,49.72401428222656,47.919002532958984,True,50,0.8
958,29.045014757783797,0.944283270130032,33.29022979736328,4.269282341003418,0.17337106876392877,183.9255828857422,167.11708068847656,True,50,0.8
959,27.90081643635461,0.9453850846480044,878.3335571289062,10.976034164428711,0.17497946706093398,653.3661499023438,738.2955932617188,True,50,0.8
960,28.720541406072556,0.9002621574034209,7.209076404571533,1.900673508644104,0.21399664072475225,62.740325927734375,83.71586608886719,True,50,0.8
961,22.67360683663451,0.8209007994295062,1928.9229736328125,20.018674850463867,0.13409374888281206,805.83447265625,603.5489501953125,True,50,0.8
962,31.60616225611082,0.94814386372565,41.7920036315918,4.503331184387207,0.20547871592608716,270.2503967285156,246.103759765625,True,50,0.8
963,22.17494340430093,0.8451639300119637,898.6358642578125,15.147372245788574,0.13683989839989263,511.180908203125,389.90631103515625,True,50,0.8
964,24.489141266054805,0.8435079749780289,129.64450073242188,3.8291139602661133,0.2963223920325107,149.0232696533203,289.405029296875,True,50,0.8
965,25.151910934220474,0.9125504827994749,382.0224609375,6.440246105194092,0.3124095608795054,251.49661254882812,356.3170471191406,True,50,0.8
966,29.376553287722565,0.9642587065296891,596.6273803710938,6.441645622253418,0.251130965323023,634.9793701171875,719.3268432617188,True,50,0.8
967,19.730749036152964,0.8723167027316755,928.9208374023438,8.04574203491211,0.18872990765342268,322.7646789550781,297.8245849609375,True,50,0.8
968,31.223747574246868,0.9543918724122801,242.27291870117188,6.466104507446289,0.278080169868973,494.981689453125,566.8382568359375,True,50,0.8
969,31.111691401951333,0.946794430614748,175.281494140625,14.765080451965332,0.16006337682277552,542.5447998046875,476.5743408203125,True,50,0.8
970,20.79735918051813,0.8146492194127718,3667.88720703125,30.661163330078125,0.18467797898348784,902.3259887695312,664.0075073242188,True,50,0.8
971,30.883971697668077,0.9232778002972204,715.277587890625,32.88021469116211,0.14096077816232144,956.41748046875,936.8928833007812,True,50,0.8
972,22.873319832514643,0.9052050667766854,2768.288330078125,3.915177822113037,0.21278405150662108,540.396240234375,732.8395385742188,True,50,0.8
973,29.339573759267612,0.9559424952137735,52.898101806640625,3.3460633754730225,0.2821648556818093,180.55120849609375,215.72543334960938,True,50,0.8
974,33.17826889902626,0.9565926798233922,0.49688512086868286,0.4373735785484314,0.3335257319132353,30.609668731689453,32.15195083618164,True,50,0.8
975,26.902793165220352,0.9284563784298205,141.00267028808594,6.600918769836426,0.20098039215686275,262.2216796875,263.00177001953125,True,50,0.8
976,29.833285063522723,0.9388178017363337,368.0021057128906,10.447447776794434,0.25233732293557004,568.5708618164062,595.4828491210938,True,50,0.8
977,30.203649168083682,0.9331542861689232,2.6164941787719727,1.2387620210647583,0.23862410371494827,52.45030212402344,52.374385833740234,True,50,0.8
978,25.812524799126123,0.8317003884747762,646.3751220703125,23.388397216796875,0.15619244608932709,765.7376708984375,496.869873046875,True,50,0.8
979,29.691514547453313,0.9260844833749059,382.57916259765625,17.531736373901367,0.223804782914587,647.2649536132812,597.2460327148438,True,50,0.8
980,22.0820898349896,0.8305726692879006,652.8379516601562,13.34524154663086,0.17224456413984535,346.32110595703125,334.9096374511719,True,50,0.8
981,19.91430452729095,0.7180267773389682,5866.501953125,47.35968780517578,0.16568800257878796,958.2763061523438,771.1412963867188,True,50,0.8
982,24.792147888204255,0.8746394210324937,37.57472610473633,4.335971832275391,0.1269102676672533,121.108154296875,107.49165344238281,True,50,0.8
983,28.134089807083594,0.943676524756186,8.888293266296387,0.5678532123565674,0.18418024451003137,62.555660247802734,76.0626449584961,True,50,0.8
984,22.578804439043427,0.9016136290515651,2914.115234375,22.391780853271484,0.1582990833235664,781.6655883789062,728.4605712890625,True,50,0.8
985,27.703046540921655,0.9440992509386857,415.1162414550781,7.823958396911621,0.22116523136557845,435.05889892578125,495.9958190917969,True,50,0.8
986,22.599380621605725,0.9003899021668146,2599.5341796875,1.2537823915481567,0.33152222776871026,400.8617858886719,688.7139892578125,True,50,0.8
987,23.267053462001787,0.8851323594873574,892.3273315429688,1.605377435684204,0.29023546782919923,291.9175109863281,435.39251708984375,True,50,0.8
988,21.54008587121632,0.7935463180658098,409.053955078125,6.64316987991333,0.23338771318893994,176.56057739257812,247.15562438964844,True,50,0.8
989,27.13199829154865,0.9407620771881289,1298.615478515625,10.77517318725586,0.1935210291705072,670.7891845703125,819.283203125,True,50,0.8
990,17.579451180834194,0.7694553898693561,11082.5634765625,31.343782424926758,0.1896650223889485,783.05322265625,799.616455078125,True,50,0.8
991,23.023253483162897,0.8319121818642071,2150.500732421875,27.419883728027344,0.3145736469723422,664.24560546875,695.0017700195312,True,50,0.8
992,27.959627340890574,0.9416917834211799,118.58057403564453,6.2554144859313965,0.24177718487449035,248.97872924804688,272.87298583984375,True,50,0.8
993,33.10620322321633,0.9761950649990017,170.5259552001953,5.523101329803467,0.17431700601017425,529.6499633789062,590.6404418945312,True,50,0.8
994,26.281673489900925,0.9244336857622868,306.1280822753906,15.561673164367676,0.16862798941970986,401.6903076171875,361.6129150390625,True,50,0.8
995,29.584856516462978,0.8898025663207709,9.219392776489258,2.149829387664795,0.24115561549880957,88.7092056274414,92.49049377441406,True,50,0.8
996,22.96214500996879,0.8424561232882799,4193.10205078125,24.119489669799805,0.2531101309062385,904.3076782226562,917.396240234375,True,50,0.8
997,23.70176327188949,0.922917763706536,80.64176940917969,1.7900769710540771,0.30868063055224987,130.83575439453125,137.6818084716797,True,50,0.8
998,18.490861137879758,0.8321545841724379,12756.39453125,18.250762939453125,0.2690001197343366,873.2100219726562,950.287109375,True,50,0.8
999,30.035123730340988,0.9460595019692238,197.28048706054688,10.630918502807617,0.22690379173443062,464.04937744140625,446.55975341796875,True,50,0.8
