sample_idx,psnr,ssim,mse,post_std_mean,sigma_used,alpha,scaling,clip,lambda_,zeta
0,25.15013829688676,0.892287098181384,420.54962158203125,7.260574817657471,0.04845482624585157,380.7405090332031,375.16558837890625,True,50,0.8
1,22.646173443226832,0.8341125369375794,4909.0634765625,25.996591567993164,0.042113662323534175,931.7965087890625,950.7636108398438,True,50,0.8
2,29.779495751386335,0.9335660004711511,525.8739624023438,11.05855941772461,0.05983660709436955,514.7506103515625,732.261962890625,True,50,0.8
3,30.071807574510686,0.9152852545278022,325.9317932128906,16.622499465942383,0.03863034625941565,610.43896484375,599.059814453125,True,50,0.8
4,29.773471498888803,0.9634822917673487,25.547317504882812,4.098609447479248,0.03634551826552693,188.302978515625,156.8626251220703,True,50,0.8
5,-132.79780162074042,0.44757111791917337,4.332635189978071e+17,2487888128.0,0.023304782452355267,212.1734619140625,156.83853149414062,True,50,0.8
6,23.647637095997204,0.8807858456870717,12.311410903930664,1.356183409690857,0.05934492823576891,41.32557678222656,59.02552795410156,True,50,0.8
7,37.072950521973425,0.9750690930306727,145.76856994628906,10.103830337524414,0.0445131018192114,870.899658203125,866.3099975585938,True,50,0.8
8,22.243685635198776,0.8362705827322072,2140.022216796875,22.954267501831055,0.040314480520657045,734.3673095703125,601.513916015625,True,50,0.8
9,18.20752216589824,0.6857624515517201,7475.9453125,26.075456619262695,0.0328162440589951,639.7719116210938,708.364501953125,True,50,0.8
10,21.380546341705248,0.8730848489723998,3.344054698944092,1.43976891040802,0.033572015112573544,29.01528549194336,21.56390953063965,True,50,0.8
11,30.37562112354847,0.944598825854106,861.5756225585938,14.150772094726562,0.040838067008539175,868.2483520507812,969.93994140625,True,50,0.8
12,28.878046753152514,0.9393460542286513,891.4822998046875,14.455188751220703,0.05686167296330586,813.1863403320312,832.6101684570312,True,50,0.8
13,26.818746477835433,0.8845119524931668,94.21049499511719,6.3410964012146,0.03045512882858716,217.288818359375,213.12677001953125,True,50,0.8
14,34.910205981753705,0.9544511042973575,10.755387306213379,4.473209857940674,0.03962231329993495,186.11752319335938,182.6431427001953,True,50,0.8
15,26.385609409745907,0.9186233291392848,77.87728118896484,4.783805847167969,0.031376224827181755,203.8285675048828,184.22109985351562,True,50,0.8
16,36.6477068924771,0.9823870462345266,20.055023193359375,4.571815013885498,0.04537144082275024,281.05169677734375,304.93798828125,True,50,0.8
17,36.47916104421073,0.9597995228550259,61.99081039428711,9.667434692382812,0.05921581775597847,514.60302734375,525.231689453125,True,50,0.8
18,30.16202665745647,0.951986926258902,173.91445922851562,9.63237190246582,0.04173522394964861,439.974365234375,432.5130615234375,True,50,0.8
19,29.330355004807252,0.9435646516665954,96.12271118164062,4.987301826477051,0.0507300824461079,263.7850036621094,291.9378967285156,True,50,0.8
20,26.079738738829544,0.8050346938319818,790.9862670898438,27.831533432006836,0.03803646213922644,683.6611938476562,612.2410278320312,True,50,0.8
21,32.275191482678,0.9769747498819087,11.653619766235352,1.3715285062789917,0.053952848009052666,123.45020294189453,140.3543701171875,True,50,0.8
22,27.754280167322797,0.9169416339035743,141.10118103027344,12.908671379089355,0.04370868996211281,293.6880187988281,292.8525085449219,True,50,0.8
23,34.0227039776977,0.938595509888956,53.235469818115234,7.605273723602295,0.0486886942864221,362.41473388671875,366.9954833984375,True,50,0.8
24,28.90786493382113,0.9350622154318634,267.00726318359375,8.488512992858887,0.0519058046343665,401.71759033203125,456.6139221191406,True,50,0.8
25,33.03518582333553,0.9531692845595018,305.1654052734375,10.967012405395508,0.035130999109891876,673.4308471679688,785.3908081054688,True,50,0.8
26,28.009660471602075,0.8356041923289191,52.94040298461914,2.0934982299804688,0.05256014332759635,115.65808868408203,200.47410583496094,True,50,0.8
27,-98.78020295612936,0.46792875257607036,1998226823577600.0,82328088.0,0.023373083801737353,552.4368286132812,514.72021484375,True,50,0.8
28,-137.6205301880178,0.39167034191469086,1.772858156135324e+19,11315082240.0,0.027337681205673547,809.919921875,592.8221435546875,True,50,0.8
29,32.538857289707515,0.9771814338316981,1.250889778137207,0.5299859046936035,0.038803991692102524,47.77521896362305,47.403961181640625,True,50,0.8
30,20.575184188906697,0.8442501703640533,3232.490478515625,1.5604249238967896,0.07797331719351973,360.1393127441406,607.9373168945312,True,50,0.8
31,-38.11841659148805,0.36162370343712047,188573616.0,53309.703125,0.02432245555555686,259.6395568847656,171.35360717773438,True,50,0.8
32,31.936324123065955,0.9463465501380348,2.7849347591400146,1.6038193702697754,0.039886976059035545,71.82304382324219,65.98654174804688,True,50,0.8
33,29.36843746105587,0.9553135079480669,1040.47216796875,21.195154190063477,0.03623820355765659,1081.74755859375,948.9366455078125,True,50,0.8
34,32.99132505693746,0.961400107664159,467.6024169921875,18.064014434814453,0.04009209550381997,884.121826171875,965.6663818359375,True,50,0.8
35,22.49898417881361,0.764642699750888,3672.67431640625,45.610416412353516,0.03695765104908244,1005.0577392578125,808.5889282226562,True,50,0.8
36,-161.8486503330433,0.47976581084900505,1.3976476713081131e+21,79815368704.0,0.02059270081172662,665.0034790039062,305.30914306640625,True,50,0.8
37,24.460200815245393,0.9323060092008293,34.64448547363281,0.862557590007782,0.05889187727159295,74.10772705078125,98.5744400024414,True,50,0.8
38,29.023798350085283,0.8675734391081569,580.361083984375,7.576492786407471,0.059503036508778896,466.35528564453125,684.5487670898438,True,50,0.8
39,21.283408493728576,0.8659066264860004,1436.0928955078125,13.884806632995605,0.03586085801063022,486.3189697265625,440.71234130859375,True,50,0.8
40,26.265321301352877,0.9273503394518721,35.645896911621094,1.2190781831741333,0.04132232178507976,111.56830596923828,122.91619873046875,True,50,0.8
41,33.20774102646384,0.9570495273737223,116.71839141845703,10.12697696685791,0.06535944691296668,464.21905517578125,495.6817321777344,True,50,0.8
42,27.20824314076975,0.9250457656134393,2.3605644702911377,1.2458786964416504,0.04053500183899819,36.51865768432617,35.35413360595703,True,50,0.8
43,33.206219063790584,0.9280131069560784,394.4628601074219,24.210063934326172,0.04130950987703785,919.9638061523438,909.4110717773438,True,50,0.8
44,25.12403276403292,0.9087562488951365,200.3012237548828,5.300174713134766,0.059831346517002615,166.04843139648438,259.5212097167969,True,50,0.8
45,26.28838653379524,0.9388746317046895,1004.6766967773438,11.963375091552734,0.03883328568402857,535.4263916015625,662.8597412109375,True,50,0.8
46,22.330665703617374,0.834385544224465,553.2896728515625,6.713707447052002,0.06168126822683693,246.8367919921875,312.39935302734375,True,50,0.8
47,24.73001337953018,0.9017031061764849,898.9172973632812,6.034539699554443,0.06688631488790707,382.3568115234375,520.5479736328125,True,50,0.8
48,26.611326669389342,0.9390991061572197,650.1932983398438,23.28999137878418,0.029487622134011224,546.46484375,547.16357421875,True,50,0.8
49,33.08524338293814,0.9551385353916201,16.8822078704834,4.445104598999023,0.046135438419803214,192.23448181152344,185.6696014404297,True,50,0.8
50,25.97125687695125,0.8476577902942768,2123.778076171875,35.957740783691406,0.06298965091874562,871.7655639648438,969.6150512695312,True,50,0.8
51,27.84930658290305,0.9496843233796834,981.0521240234375,15.784416198730469,0.03223006109405084,737.1287231445312,775.357666015625,True,50,0.8
52,30.09168756302861,0.9175795979934319,675.0020751953125,20.82320213317871,0.06399603612966735,833.8023071289062,939.5594482421875,True,50,0.8
53,25.455775832017547,0.9283166776523686,2277.763427734375,9.967239379882812,0.052011316411285875,774.1221313476562,894.9324951171875,True,50,0.8
54,24.104990505932584,0.9226361259744071,1389.755615234375,4.113483905792236,0.06262824399064354,499.50335693359375,598.3020629882812,True,50,0.8
55,27.912271373055404,0.9170956353515664,1362.7508544921875,36.94717025756836,0.033780889235636824,1130.2156982421875,921.9523315429688,True,50,0.8
56,27.60510215937468,0.9323215581285906,13.78231143951416,2.3966307640075684,0.04629172566388503,88.30255126953125,89.40400695800781,True,50,0.8
57,29.038615800146257,0.903510515461796,36.22593307495117,5.61823844909668,0.05520927111921254,164.4226531982422,196.78688049316406,True,50,0.8
58,23.028798679117195,0.8736139437216416,10.615498542785645,1.7601184844970703,0.03636182721999728,53.93374252319336,46.18206024169922,True,50,0.8
59,21.470721492935848,0.8630408199936641,757.1510620117188,12.699585914611816,0.03504046576028379,389.4566345214844,326.0050048828125,True,50,0.8
60,29.59968817849173,0.9151642656317067,157.27700805664062,12.053997993469238,0.04219385774570028,428.6156005859375,389.2886047363281,True,50,0.8
61,25.073583839751265,0.8721235501368495,211.30911254882812,7.265918254852295,0.06566174708276408,186.91943359375,272.07769775390625,True,50,0.8
62,30.48109245436281,0.9632242207326018,614.1326293945312,8.856627464294434,0.06141109698097626,766.1358032226562,828.9087524414062,True,50,0.8
63,22.88762484485308,0.8371320870443207,651.779052734375,12.683011054992676,0.045313806320821916,382.3616027832031,357.3965759277344,True,50,0.8
64,22.782271385753514,0.8986476013827127,417.723388671875,4.27980899810791,0.06139941189424212,223.25717163085938,281.653564453125,True,50,0.8
65,23.05456191178874,0.8994139343362217,1430.7974853515625,4.129054546356201,0.06269421310558523,408.13720703125,543.1533813476562,True,50,0.8
66,25.976735015109686,0.9367844555969086,50.73099136352539,3.067354917526245,0.031101098207859088,137.6886749267578,141.78329467773438,True,50,0.8
67,28.165820302094588,0.9404594034986845,888.2009887695312,21.815343856811523,0.04528911857235939,787.8834838867188,802.394775390625,True,50,0.8
68,27.73612431512614,0.9075311813714949,8.209875106811523,2.1935291290283203,0.044240090206590046,65.87187957763672,75.47608947753906,True,50,0.8
69,-65.44488203357551,0.40013176257071337,3389749723136.0,852515.9375,0.03070451684156169,1163.03955078125,986.9000244140625,True,50,0.8
70,27.65737296620852,0.9556004420476433,1022.18994140625,9.30284309387207,0.05102758767462113,720.2788696289062,772.4725341796875,True,50,0.8
71,20.926902108873687,0.7517716959174708,309.20843505859375,3.0927236080169678,0.09326654534585521,135.1296844482422,199.5169677734375,True,50,0.8
72,33.97964559933282,0.9864003060556664,0.01697618141770363,0.06257667392492294,0.03738439174464158,6.26146936416626,6.516594886779785,True,50,0.8
73,18.693966634726944,0.7850900517592314,8835.73046875,28.22308349609375,0.02778911925102817,1096.966064453125,815.64599609375,True,50,0.8
74,25.022362919794485,0.7756054754745239,1533.756103515625,31.699792861938477,0.032556796059535584,708.872314453125,707.1505126953125,True,50,0.8
75,-inf,,inf,1.1123378707186582e+19,0.02214835025968672,1214.607666015625,729.2781372070312,True,50,0.8
76,23.207186244278603,0.9131027249294027,2836.57666015625,7.866352558135986,0.05000229575181864,664.3209228515625,771.4990844726562,True,50,0.8
77,36.18762689727786,0.9649062936181747,1.350644826889038,1.6137136220932007,0.03020116746603652,81.94861602783203,74.9706039428711,True,50,0.8
78,26.43018097257938,0.9028044561711327,292.66619873046875,15.685104370117188,0.043474883642252424,436.0497131347656,359.1072692871094,True,50,0.8
79,25.743448845342137,0.8245719254385825,33.77750778198242,4.989700794219971,0.03457970121157286,125.59879302978516,116.75318908691406,True,50,0.8
80,25.197680688125722,0.8879476038650662,2146.050048828125,19.72463607788086,0.04929947176437549,744.8167114257812,863.2402954101562,True,50,0.8
81,29.81879860418043,0.9503585283093777,402.5177307128906,6.537264823913574,0.04980974830704239,509.1497802734375,623.6748046875,True,50,0.8
82,35.54176402536644,0.983707309768788,30.62778663635254,4.427835941314697,0.0666871658281954,307.5702209472656,331.567138671875,True,50,0.8
83,28.689812457185347,0.9019682399959326,5.568443775177002,2.5229077339172363,0.04002357343008067,76.44062042236328,64.49478912353516,True,50,0.8
84,28.12357575218492,0.9487000239169142,149.35105895996094,3.0643391609191895,0.07458632816679465,234.74111938476562,311.67132568359375,True,50,0.8
85,22.868753650516123,0.8948604925674981,544.905517578125,7.5551838874816895,0.0614319421449535,168.77781677246094,325.8581237792969,True,50,0.8
86,28.6814775018485,0.8996271136428505,689.2026977539062,38.77397155761719,0.032684523449393765,1337.6883544921875,729.8765869140625,True,50,0.8
87,28.603368936163335,0.8936994770749388,538.2008056640625,29.298076629638672,0.031209818736333824,730.0197143554688,637.919921875,True,50,0.8
88,25.86355769619232,0.9299811139948843,2038.8345947265625,2.7327663898468018,0.04266348125935441,667.318603515625,887.3255004882812,True,50,0.8
89,27.875313130789262,0.9556634537298982,360.8896789550781,6.133014678955078,0.05390374223880287,350.8832702636719,472.7427062988281,True,50,0.8
90,27.848426384757694,0.9145308263499916,23.439163208007812,3.868985176086426,0.029219186163997324,134.71051025390625,120.47465515136719,True,50,0.8
91,28.327814267699615,0.9509486260721066,747.20751953125,6.4014058113098145,0.05847779376010423,544.55615234375,713.5315551757812,True,50,0.8
92,33.293088314942224,0.9401165663050363,271.15582275390625,19.132883071899414,0.045184332537515366,838.735107421875,761.0242919921875,True,50,0.8
93,30.282984248111596,0.9108400000288114,295.4570617675781,19.544845581054688,0.03947836168886234,655.1192626953125,561.7159423828125,True,50,0.8
94,30.824915238594702,0.8781585031918513,477.87750244140625,27.74146270751953,0.03411899831792765,726.07666015625,771.1962280273438,True,50,0.8
95,36.58648788096134,0.975585231332587,53.511043548583984,4.90053653717041,0.03202516670610073,457.88421630859375,494.3017883300781,True,50,0.8
96,-94.89830985461555,0.40709525557989873,844905496707072.0,26030310.0,0.026319539661694123,548.552734375,523.2100830078125,True,50,0.8
97,40.59768794085632,0.9837602087064916,15.952256202697754,5.936139106750488,0.06217470504283494,429.9076843261719,428.11346435546875,True,50,0.8
98,23.98311916683658,0.847435082098223,2.7471225261688232,0.9260239601135254,0.045513684760068285,23.740251541137695,26.393707275390625,True,50,0.8
99,32.72770576543334,0.9391268714954856,6.3111891746521,2.4787063598632812,0.04937318403441788,107.26676177978516,108.78353881835938,True,50,0.8
100,28.828529325407445,0.9078691004149777,1.373793363571167,1.3174538612365723,0.03820782008038693,41.07635498046875,32.39775466918945,True,50,0.8
101,34.0046706458509,0.9530093651880021,72.94876098632812,5.547143459320068,0.0685632072028277,373.6495056152344,636.7739868164062,True,50,0.8
102,26.218220236155485,0.8922804610167464,200.7338409423828,6.033290386199951,0.05525522617852997,214.73690795898438,315.0416259765625,True,50,0.8
103,24.43429806136468,0.9314002616886508,933.3181762695312,8.466446876525879,0.05062125683654126,486.79852294921875,509.0621337890625,True,50,0.8
104,23.657916285310243,0.8219372498263654,3373.4345703125,36.136756896972656,0.04130250393190874,1146.4537353515625,907.658935546875,True,50,0.8
105,22.592446988821063,0.9121137920781967,342.92950439453125,1.5621755123138428,0.06420169446134402,160.61761474609375,250.04293823242188,True,50,0.8
106,26.870361042855397,0.958035384538373,346.6055603027344,3.0712730884552,0.043479603182018337,359.6219787597656,410.9725341796875,True,50,0.8
107,28.898962407833565,0.9636995191113991,736.0173950195312,7.12489128112793,0.06165357869199862,628.9404907226562,755.7955932617188,True,50,0.8
108,-17.467153919100106,0.21381002039285185,2938319.0,6845.98828125,0.02907739525879295,301.2425231933594,229.56936645507812,True,50,0.8
109,23.554341967434212,0.9060307420690239,26.744041442871094,0.24678625166416168,0.062053278766866296,52.08560562133789,77.9029312133789,True,50,0.8
110,-42.36132388369525,0.3018408356137524,1450989824.0,88329.890625,0.02689152533627091,387.678466796875,290.4617004394531,True,50,0.8
111,27.580967858254674,0.9366105531598946,36.10493087768555,3.5090088844299316,0.0760417410852568,118.96592712402344,162.06005859375,True,50,0.8
112,24.710469027414813,0.7970769154820957,2890.157470703125,47.919918060302734,0.044647273251035555,1176.7618408203125,929.7679443359375,True,50,0.8
113,32.516715140747394,0.9426510495559473,365.9333190917969,19.253856658935547,0.0465121571528591,877.33984375,808.312255859375,True,50,0.8
114,17.391554559289,0.6335422371265332,7198.4658203125,23.123952865600586,0.038276902891961284,606.2822265625,633.7703247070312,True,50,0.8
115,16.390909947462994,0.6253900346426092,17396.66796875,63.27168655395508,0.02955713044020755,1154.434814453125,871.589111328125,True,50,0.8
116,20.71015832373579,0.8170318433205656,5466.16015625,32.17381286621094,0.029494866620036662,897.6604614257812,803.868408203125,True,50,0.8
117,35.49833032244751,0.9669218572439054,9.898460388183594,2.5466456413269043,0.03632759751213799,184.07241821289062,187.38348388671875,True,50,0.8
118,32.19750815229212,0.9748179295914338,476.0022888183594,11.058206558227539,0.031361319391001174,837.0311279296875,892.6664428710938,True,50,0.8
119,26.75483449641986,0.9318172687739595,610.6874389648438,12.470760345458984,0.05324700787787264,477.240966796875,539.8029174804688,True,50,0.8
120,22.28354576604321,0.8463308170040872,3838.109375,34.82183074951172,0.047680564155512056,995.96630859375,807.6326904296875,True,50,0.8
121,27.399489675515998,0.9246079094507452,1419.256103515625,18.57795524597168,0.054847205286757586,739.9180908203125,896.1951904296875,True,50,0.8
122,29.622849808478854,0.9234092357915407,101.49222564697266,6.918782711029053,0.036704618119029364,331.2109375,318.68548583984375,True,50,0.8
123,23.62130712816147,0.8901304538824025,53.396217346191406,1.4796602725982666,0.04798786112517402,96.38754272460938,110.9418716430664,True,50,0.8
124,26.48675718429416,0.9364015173755194,117.36492156982422,6.336643695831299,0.05032741075953413,230.57595825195312,228.7072296142578,True,50,0.8
125,28.62885711186628,0.9422775910411826,249.50799560546875,17.063005447387695,0.050788128323817495,424.0066833496094,427.6806945800781,True,50,0.8
126,28.897944485509363,0.8864859771880901,811.273193359375,6.4617791175842285,0.10003114939276675,415.5957946777344,818.19677734375,True,50,0.8
127,31.511306951804293,0.9600942943512363,517.2974853515625,30.533491134643555,0.03897793881188236,963.5911254882812,860.869873046875,True,50,0.8
128,32.44823025744458,0.9653970769561359,0.0356561616063118,0.17022332549095154,0.04199616415603968,7.505207538604736,7.945178508758545,True,50,0.8
129,27.647243671977506,0.8565210299508721,409.4920959472656,17.476072311401367,0.0422905052030953,599.0614624023438,511.2365417480469,True,50,0.8
130,27.419368178350737,0.9434243713892896,310.2413024902344,17.58765411376953,0.027755827829007516,454.0958251953125,417.99359130859375,True,50,0.8
131,27.75866555143921,0.9248438292366555,74.74382019042969,8.070114135742188,0.0370185271136603,218.1951446533203,222.8856964111328,True,50,0.8
132,-14.130335377407889,0.44175179568686646,376525.0625,1322.4754638671875,0.028601948340165273,131.3751678466797,120.74549865722656,True,50,0.8
133,29.755890854388532,0.8837681217974492,120.23118591308594,14.192594528198242,0.029457830868303485,371.1028747558594,338.2775573730469,True,50,0.8
134,24.180748678193943,0.8390971242619094,3312.668212890625,37.08308792114258,0.029985350678054273,1515.6480712890625,942.966796875,True,50,0.8
135,20.751038084412045,0.8348801479384378,782.7322998046875,5.795817852020264,0.06987274875134768,238.98446655273438,323.8797302246094,True,50,0.8
136,28.61412235061084,0.9164872436377656,363.5550842285156,20.99561882019043,0.02673813235540017,653.0167846679688,519.2718505859375,True,50,0.8
137,27.123550330724914,0.8934574650179583,958.3004150390625,22.08555793762207,0.04734496921438393,816.0029907226562,703.31591796875,True,50,0.8
138,30.180010626062295,0.9304847042965323,127.25732421875,9.29590892791748,0.050023248978978876,376.35076904296875,364.2659606933594,True,50,0.8
139,33.34225362313483,0.9275929758746189,437.35699462890625,26.124509811401367,0.052901580248119716,999.5834350585938,971.810302734375,True,50,0.8
140,23.28050110046714,0.8355040319124749,3939.428466796875,41.86721420288086,0.04033247385532973,1184.8603515625,962.48486328125,True,50,0.8
141,33.43443673740796,0.9741868015966917,28.799421310424805,4.049596309661865,0.0463333030779611,225.8572235107422,252.530517578125,True,50,0.8
142,22.147119430159453,0.8658773328662365,1507.5972900390625,11.126086235046387,0.03819516334505505,511.6150817871094,497.7512512207031,True,50,0.8
143,20.855519966472112,0.8324704215557543,745.2734985351562,7.909864902496338,0.031269084959630766,277.0333557128906,301.5774230957031,True,50,0.8
144,34.23164489647941,0.9838251500429875,30.740476608276367,3.6140308380126953,0.05874176805793796,255.4085693359375,285.5556640625,True,50,0.8
145,22.001793720219393,0.8603298491476367,9.00817584991455,0.7938498258590698,0.05452902226630798,33.89630126953125,37.850059509277344,True,50,0.8
146,24.069395458100885,0.8885937557316417,1454.40185546875,11.835254669189453,0.04134912023631226,539.6436767578125,609.9547729492188,True,50,0.8
147,19.254757832205723,0.8392712910260988,2998.17724609375,14.978662490844727,0.028485910095489918,509.8603515625,503.17633056640625,True,50,0.8
148,27.339450713873752,0.8936805121634988,4.327278137207031,1.3493318557739258,0.049775014799463106,51.45517349243164,52.42727279663086,True,50,0.8
149,28.17704318804067,0.9200573689162528,107.14466857910156,4.416574001312256,0.04479995123084312,203.90249633789062,279.3678283691406,True,50,0.8
150,29.242738414487253,0.940798097112292,980.7588500976562,25.613304138183594,0.03004792298350082,1031.2493896484375,908.3576049804688,True,50,0.8
151,28.508710236207563,0.8596810400622201,73.11016082763672,2.924915075302124,0.07080883354188393,163.37942504882812,240.32232666015625,True,50,0.8
152,21.046134280994607,0.7968925354767772,166.8626251220703,12.340126037597656,0.028950633885385556,265.8795166015625,145.74998474121094,True,50,0.8
153,25.764640128572527,0.85571245317875,636.1182250976562,20.731477737426758,0.03406982308762551,614.5558471679688,489.96331787109375,True,50,0.8
154,36.4972638861592,0.9920569380247433,217.36032104492188,12.809868812561035,0.03999745421987916,920.6411743164062,985.664794921875,True,50,0.8
155,-215.79136108432397,0.4062128182198409,2.2319992169471087e+26,22553504514048.0,0.02095763804789424,355.46612548828125,242.81321716308594,True,50,0.8
156,29.235427160562413,0.9576580245413032,537.8622436523438,6.00494384765625,0.06607490982639987,561.9484252929688,672.4634399414062,True,50,0.8
157,23.73175698880212,0.8784271025812971,2449.366943359375,12.40383243560791,0.0527688814817856,578.2982788085938,761.8579711914062,True,50,0.8
158,23.175365398869584,0.9182304015374234,255.32432556152344,4.315070629119873,0.03704200219089277,155.42300415039062,238.39990234375,True,50,0.8
159,24.801910614976848,0.9172277967685831,1745.4285888671875,5.731825828552246,0.07103483853832138,477.9827880859375,728.4881591796875,True,50,0.8
160,33.032857422793754,0.9572669673707217,67.49537658691406,7.992776870727539,0.03757916820669977,401.8556823730469,368.41534423828125,True,50,0.8
161,-266.74164193520176,0.18947628590627835,1.8852615938215416e+32,1.85827665641472e+16,0.02457681295741385,826.9069213867188,632.6735229492188,True,50,0.8
162,30.25479804530675,0.9218716689599803,378.15740966796875,33.67405319213867,0.02664634999348108,885.2498168945312,633.8961791992188,True,50,0.8
163,23.2246434305463,0.9252626822001836,1360.0467529296875,12.931124687194824,0.046785579128794164,445.1361083984375,536.2388916015625,True,50,0.8
164,26.058000473352845,0.9305247873821372,20.532686233520508,0.8658490180969238,0.054561598197066324,68.66792297363281,91.19947814941406,True,50,0.8
165,25.28790266049819,0.9248111800868997,1955.054443359375,5.420114994049072,0.07245375118508415,481.0039978027344,835.4671630859375,True,50,0.8
166,26.8331669363209,0.9345448683443699,214.19871520996094,2.278088092803955,0.046786328022653555,281.0571594238281,321.45928955078125,True,50,0.8
167,36.97477795623516,0.9896769946050841,7.016571521759033,1.7309269905090332,0.047977794794759075,187.28659057617188,187.3319854736328,True,50,0.8
168,27.642918522413158,0.9197687335173965,2.9949421882629395,0.690172553062439,0.04655586018423275,37.949283599853516,41.73436737060547,True,50,0.8
169,-13.806444219978655,0.3812005044014315,8391388.0,18380.263671875,0.023606800221918606,733.5706176757812,591.3020629882812,True,50,0.8
170,33.88209132438887,0.9799789533987872,187.62242126464844,10.397210121154785,0.05710695003877509,606.2575073242188,677.8867797851562,True,50,0.8
171,-143.16135698423307,0.42825667334045825,6.213414940993126e+16,1017839744.0,0.017419748874968128,41.515445709228516,17.57124137878418,True,50,0.8
172,29.748115695636667,0.9296320814358684,277.7231140136719,18.78603172302246,0.04705555466006646,634.2523193359375,512.5809936523438,True,50,0.8
173,31.069422815710773,0.9818722811615012,40.183189392089844,2.9028823375701904,0.052165605870233035,205.74789428710938,227.26927185058594,True,50,0.8
174,27.01400227943738,0.9498982350961896,824.3203125,11.922138214111328,0.05922075397870299,596.176513671875,645.527587890625,True,50,0.8
175,27.73976265073166,0.8390503858404246,38.9190788269043,1.9672908782958984,0.10888810395274066,74.06460571289062,175.1920623779297,True,50,0.8
176,24.241391218495316,0.9126427806484203,1798.2314453125,9.256736755371094,0.04677712592543746,671.9679565429688,691.246826171875,True,50,0.8
177,26.17598750834189,0.9216584658444358,361.6533203125,9.530011177062988,0.03646678220681687,435.81390380859375,387.3486022949219,True,50,0.8
178,30.755082033706863,0.9299324500125566,693.5654296875,20.936260223388672,0.02859595398288497,969.8778686523438,936.7932739257812,True,50,0.8
179,26.254568700453248,0.9503576161937694,45.15867233276367,1.8517941236495972,0.0486671600735671,113.1688003540039,138.3834228515625,True,50,0.8
180,29.520822982969392,0.962993749691283,128.06080627441406,2.9653425216674805,0.047130449498453186,237.94491577148438,341.72528076171875,True,50,0.8
181,30.34530139161298,0.9514365431125072,12.019325256347656,4.563940525054932,0.03669603532751534,135.07029724121094,114.36004638671875,True,50,0.8
182,31.44893068929243,0.9299168499961296,612.1767578125,30.673282623291016,0.03474380535803393,978.515625,924.7689208984375,True,50,0.8
183,24.33792877614951,0.9527681303653631,2831.943359375,18.133502960205078,0.04766430409915803,1001.0556030273438,877.4620361328125,True,50,0.8
184,25.074782992657752,0.9411874549584492,206.3463134765625,2.7383804321289062,0.0700533269907212,176.39016723632812,258.6836853027344,True,50,0.8
185,,,,,0.015272085632783582,1692.2503662109375,660.3240356445312,True,50,0.8
186,30.089069074791848,0.9562086170179802,654.2498779296875,13.317293167114258,0.044535800630479475,723.5394287109375,817.4049682617188,True,50,0.8
187,-inf,,inf,inf,0.020191474595404664,721.8516235351562,555.6456298828125,True,50,0.8
188,36.28987068825398,0.97619188184032,65.90252685546875,5.8115153312683105,0.04733584354975127,505.8673095703125,530.1209106445312,True,50,0.8
189,-9.468834594155469,0.3448384144074534,514746.53125,1958.439208984375,0.027419909139043595,323.34320068359375,242.61044311523438,True,50,0.8
190,34.080956886215425,0.9472468175970487,3.446300506591797,4.242170333862305,0.045143228170063866,119.5159683227539,94.0096664428711,True,50,0.8
191,30.260551054485433,0.9200851971762192,757.890869140625,26.457656860351562,0.03762139821868022,1015.28369140625,897.3185424804688,True,50,0.8
192,33.685887285908684,0.9368988629565089,345.9203796386719,33.55393981933594,0.0366703757114444,1021.9576416015625,900.5176391601562,True,50,0.8
193,-79.89076727421701,0.26364219640823616,38247715569664.0,21442354.0,0.023709851656101285,841.7232055664062,633.4683837890625,True,50,0.8
194,19.794539454563182,0.8174947003363723,1207.799560546875,12.414905548095703,0.0408956328956292,408.7657470703125,339.6907653808594,True,50,0.8
195,27.317075138896378,0.912299086346019,226.24362182617188,9.55572509765625,0.05876556290596955,343.724365234375,349.8603515625,True,50,0.8
196,22.716525609455857,0.796664948665784,2764.557861328125,26.044708251953125,0.05124782118675531,704.7727661132812,726.229736328125,True,50,0.8
197,22.72215398544737,0.8157832454186145,4285.7861328125,45.19662857055664,0.030648378170329286,995.472412109375,897.213134765625,True,50,0.8
198,18.855401518068323,0.8033846195829815,10216.083984375,16.34185791015625,0.06189764836366994,817.5848999023438,887.1993408203125,True,50,0.8
199,26.731962104887543,0.8791128121448827,1227.4716796875,20.953142166137695,0.047153678008335684,823.01025390625,780.0956420898438,True,50,0.8
200,33.41435266343912,0.9510677297771654,184.7515106201172,12.651744842529297,0.044909175555747735,623.8955078125,642.3895874023438,True,50,0.8
201,22.977003417262626,0.8204816043003529,35.6329231262207,2.5716006755828857,0.030403607466435306,81.53514099121094,85.05582427978516,True,50,0.8
202,28.947942833714716,0.9571359040536624,33.49447250366211,2.054053783416748,0.0365740277291827,142.21522521972656,162.4670867919922,True,50,0.8
203,27.89874434030009,0.887216324334574,1283.3858642578125,37.77089309692383,0.043990092659098236,1101.4627685546875,898.6556396484375,True,50,0.8
204,35.82296456807675,0.9615403531643998,96.20891571044922,9.174453735351562,0.05073578894909698,617.9964599609375,606.8226318359375,True,50,0.8
205,21.987503189898632,0.850672326000961,0.6550244092941284,0.3176758885383606,0.053820248167315024,9.690330505371094,10.187854766845703,True,50,0.8
206,37.59819209209121,0.9684501392738,1.8190735578536987,2.5850212574005127,0.053801824579482196,103.71092224121094,102.37007141113281,True,50,0.8
207,-221.73910633630874,0.3169821164478322,6.57487293505244e+27,74992175808512.0,0.021469686927795436,654.6333618164062,663.8382568359375,True,50,0.8
208,22.67314306703017,0.7867171305507591,0.19799727201461792,0.40709251165390015,0.03384797337460786,7.865467548370361,6.056522369384766,True,50,0.8
209,35.232479073043166,0.9629736212615627,7.823353290557861,2.30243182182312,0.038377322747552026,153.04461669921875,161.64724731445312,True,50,0.8
210,17.034798913147164,0.653907395781559,5911.88525390625,31.989694595336914,0.03419993861120619,733.947509765625,549.18505859375,True,50,0.8
211,25.2566059156071,0.8998311316148523,1406.621337890625,22.848527908325195,0.05107195595154081,738.3336791992188,692.2033081054688,True,50,0.8
212,-92.20503962371497,0.37312696118891403,706401995325440.0,62999840.0,0.024508498790773138,850.3191528320312,652.309326171875,True,50,0.8
213,27.165744502264708,0.9143998810402247,86.61272430419922,5.194113731384277,0.03688131547079415,276.7034912109375,225.0450439453125,True,50,0.8
214,28.15373496152016,0.953025215911853,775.3931274414062,15.47291374206543,0.04134331536334988,705.703369140625,712.467041015625,True,50,0.8
215,30.501811585066456,0.9296523806003717,46.84556579589844,5.458714485168457,0.05583950282511764,202.4635467529297,238.0118408203125,True,50,0.8
216,26.712669380085966,0.9050477755188598,195.72274780273438,9.522920608520508,0.03397406418614523,366.6465759277344,326.0743103027344,True,50,0.8
217,27.421907738408343,0.9390458775793805,1004.6671142578125,7.006921768188477,0.051025438374453204,614.1533203125,746.7449340820312,True,50,0.8
218,21.25870116365228,0.7853230249655209,3154.57177734375,24.09189796447754,0.03654896634908253,609.6837768554688,649.9832763671875,True,50,0.8
219,-inf,,inf,inf,0.020764156175585403,932.2901000976562,849.3742065429688,True,50,0.8
220,30.54541195870016,0.9167541948015445,378.4794921875,19.150251388549805,0.0399265967408704,736.7225341796875,657.9552612304688,True,50,0.8
221,27.496202146719057,0.934089458387026,574.8456420898438,21.789688110351562,0.03643292266970638,635.2533569335938,568.7402954101562,True,50,0.8
222,29.539075649981626,0.9220365432597566,9.615610122680664,0.5248964428901672,0.12899950767217364,26.898178100585938,94.58109283447266,True,50,0.8
223,32.34719038494607,0.9452763198422205,78.96497344970703,8.076961517333984,0.04247534557027334,363.4761047363281,368.34808349609375,True,50,0.8
224,22.655938682011296,0.8579097593008591,364.7757263183594,14.101930618286133,0.0404782661790123,314.6289367675781,265.9371643066406,True,50,0.8
225,34.907539496374994,0.9782341473242816,19.342144012451172,3.0901803970336914,0.030494989140543157,233.51611328125,244.7456512451172,True,50,0.8
226,34.78794521025863,0.9717990755727294,314.254638671875,17.58115005493164,0.04192731238160518,957.7757568359375,973.0375366210938,True,50,0.8
227,30.131597162397185,0.9537404098839214,150.13067626953125,8.319892883300781,0.03386094294986728,370.9008483886719,393.7046203613281,True,50,0.8
228,23.35437136895484,0.8752194026425496,3667.442626953125,12.374771118164062,0.05882960009147598,702.45556640625,892.1544799804688,True,50,0.8
229,23.590915303451624,0.75416692019888,1126.822265625,18.83995819091797,0.07239221663076255,400.70623779296875,631.5075073242188,True,50,0.8
230,24.448273226802293,0.8606118424595123,2054.340576171875,23.467439651489258,0.04494987742103198,791.4769897460938,795.0164794921875,True,50,0.8
231,30.39869817200204,0.9647209659695503,230.3916778564453,5.381530284881592,0.05926919236245224,443.9303894042969,503.13446044921875,True,50,0.8
232,35.44561393296456,0.9677330545227594,94.92040252685547,10.461508750915527,0.04198004840157529,602.68994140625,577.3269653320312,True,50,0.8
233,24.830350651724963,0.8982853082203767,798.3339233398438,11.584875106811523,0.0387791341059258,527.828369140625,493.0251770019531,True,50,0.8
234,31.602982486598275,0.9577452742078479,25.512948989868164,2.2109954357147217,0.050479067977567994,160.90562438964844,196.04774475097656,True,50,0.8
235,22.386595055009984,0.8805766035067407,3004.585205078125,15.780279159545898,0.05142269847872454,625.66357421875,722.7296752929688,True,50,0.8
236,32.71727124480857,0.9684497666832587,42.330589294433594,3.613223075866699,0.039066523260193296,237.7809295654297,281.4915771484375,True,50,0.8
237,24.40907019068153,0.8969928171807396,2.2929768562316895,0.6788312196731567,0.04196700095748984,26.675275802612305,25.291650772094727,True,50,0.8
238,-inf,,inf,2.4415111992091607e+18,0.019376634482346635,1597.9658203125,645.8268432617188,True,50,0.8
239,27.171862783910342,0.9391431644851086,60.67329406738281,1.781084418296814,0.05405085101116408,147.26869201660156,177.93356323242188,True,50,0.8
240,27.915406370142062,0.9063419775443365,1424.9561767578125,25.982620239257812,0.04477099423716367,998.70458984375,940.5181274414062,True,50,0.8
241,27.840466144009955,0.9561994964001226,1494.078857421875,12.198071479797363,0.0479728788932907,842.2924194335938,953.9746704101562,True,50,0.8
242,22.28235839973768,0.8593599958020481,4940.525390625,43.763916015625,0.028292812450597293,1927.3203125,914.9495239257812,True,50,0.8
243,25.5469478583427,0.9213439117832604,362.7989196777344,7.683671951293945,0.055555197638077994,317.37261962890625,370.7885437011719,True,50,0.8
244,28.550239782739254,0.947014026151599,0.3769421875476837,0.36227327585220337,0.04545475919216391,15.87014102935791,16.441160202026367,True,50,0.8
245,31.7706310945456,0.9137327845205464,500.3423156738281,20.149181365966797,0.06384777447019632,645.8587646484375,928.3902587890625,True,50,0.8
246,27.22751332651193,0.8698258695114665,342.704345703125,13.492902755737305,0.055787460953745635,453.8508605957031,428.7559509277344,True,50,0.8
247,27.01893606377832,0.9494897592716665,1853.7750244140625,14.244234085083008,0.05145682601785328,833.5153198242188,966.6881713867188,True,50,0.8
248,22.892922564228577,0.7677973914407078,4071.16259765625,54.940887451171875,0.024374768494502826,1757.849853515625,963.6563720703125,True,50,0.8
249,28.074971570835135,0.9434927020787085,1130.8173828125,6.37635612487793,0.04860223248902207,665.0499877929688,853.1564331054688,True,50,0.8
250,31.38986901591049,0.9606363305858537,63.17509078979492,2.8299143314361572,0.04500084978575333,256.1878356933594,295.1544494628906,True,50,0.8
251,25.629495347979404,0.9347699975292847,352.07806396484375,4.656136989593506,0.06234190625449809,272.8666076660156,385.7126159667969,True,50,0.8
252,21.691602988735127,0.8157005874120262,4853.70849609375,24.37709617614746,0.05851126066908032,569.8941040039062,851.2855224609375,True,50,0.8
253,34.63100542931563,0.9672588741231875,34.060386657714844,3.9172470569610596,0.039469263438344296,284.98504638671875,317.6050720214844,True,50,0.8
254,20.181915935882223,0.8884489226577394,276.46124267578125,5.863311290740967,0.026751415252197507,211.10519409179688,170.32325744628906,True,50,0.8
255,25.908705169380877,0.8532938136794495,615.2322998046875,8.26606273651123,0.07020226572465522,276.6850280761719,557.2444458007812,True,50,0.8
256,27.857170496564176,0.959333834268145,1172.719970703125,6.924571990966797,0.09600793198579712,511.92059326171875,936.2186279296875,True,50,0.8
257,35.00702620967919,0.9713680792765229,152.977783203125,8.676239013671875,0.046112705284106825,667.2576293945312,696.333740234375,True,50,0.8
258,26.461538849184603,0.9067459053314754,697.0338134765625,17.76545524597168,0.0394782667753647,519.6598510742188,570.4910888671875,True,50,0.8
259,27.423412359208484,0.8810126692156612,16.932483673095703,4.835703372955322,0.038057047799358715,147.2713165283203,98.07931518554688,True,50,0.8
260,33.61107604677442,0.97504793799514,164.6485137939453,8.550013542175293,0.0611994970603184,580.8622436523438,615.3922119140625,True,50,0.8
261,32.79262439988049,0.9744243973210623,513.282470703125,14.442387580871582,0.057114014561854595,760.94775390625,990.0637817382812,True,50,0.8
262,28.588357174171954,0.8918400052048254,24.464258193969727,5.173057556152344,0.03344684221803062,163.0865478515625,140.9439239501953,True,50,0.8
263,28.681052771545307,0.9205332804198297,364.2814025878906,10.222750663757324,0.039984791280026494,509.6423034667969,518.8113403320312,True,50,0.8
264,27.40015808349531,0.9421093330955973,1399.376220703125,23.663982391357422,0.03938172773373907,953.621337890625,877.4957275390625,True,50,0.8
265,29.89730329407184,0.9260726951147258,555.2764282226562,9.867125511169434,0.07244503067324874,534.2945556640625,741.02783203125,True,50,0.8
266,20.043834609132276,0.7859500164595111,4808.79833984375,40.59113693237305,0.027289777786147506,1003.1060180664062,697.3187255859375,True,50,0.8
267,23.153352298890688,0.8857554990263283,2278.260986328125,13.416112899780273,0.040505009545725654,587.7024536132812,702.7816162109375,True,50,0.8
268,26.595302285999956,0.9306896947501122,283.8853759765625,2.0485000610351562,0.08324212292190093,284.1318359375,360.13165283203125,True,50,0.8
269,19.718721482881392,0.7434887366861459,838.0769653320312,11.867105484008789,0.025088058238527125,565.07470703125,294.2982482910156,True,50,0.8
270,29.653605408641155,0.9156931868578443,707.4848022460938,30.427167892456055,0.029865959461173226,897.104248046875,809.5518188476562,True,50,0.8
271,26.30721774689934,0.9102492902093443,1524.72607421875,28.7642822265625,0.04553807133271234,746.3238525390625,810.3032836914062,True,50,0.8
272,22.96593158192855,0.7223876623007279,3711.510986328125,41.95503234863281,0.027281206960934435,1036.9217529296875,867.2052612304688,True,50,0.8
273,29.616397087775326,0.94456737486586,908.8857421875,33.43998718261719,0.044574546426891605,1006.8471069335938,913.3273315429688,True,50,0.8
274,24.045307609905336,0.8257734915292658,1018.8541870117188,32.27146530151367,0.03335393682358909,672.309814453125,511.8310546875,True,50,0.8
275,16.730727213146892,0.757686820115841,5329.50341796875,11.33519172668457,0.052376080509746605,461.0181579589844,502.0147705078125,True,50,0.8
276,31.79875852537103,0.953092408338629,417.26995849609375,13.84313678741455,0.03379061561587142,662.7864379882812,798.4968872070312,True,50,0.8
277,23.874419411507933,0.8705353611891357,1715.8067626953125,15.753623008728027,0.03554208617361071,690.7867431640625,650.31396484375,True,50,0.8
278,29.560815266571655,0.9238861140295752,527.1797485351562,11.295389175415039,0.06413652221367094,564.0244140625,702.264892578125,True,50,0.8
279,23.069565935927002,0.8334102554220834,3115.251220703125,43.52643966674805,0.037378416922392965,916.4077758789062,795.9968872070312,True,50,0.8
280,26.36755117643876,0.923947658624079,1677.263427734375,20.143699645996094,0.0450765467397597,737.7913818359375,890.1153564453125,True,50,0.8
281,20.89578751202297,0.87241636576693,931.3267822265625,6.398802757263184,0.03224053414014422,351.60052490234375,338.65716552734375,True,50,0.8
282,19.57731686488088,0.7913272772657121,1559.5675048828125,17.767608642578125,0.031443208989604884,446.1329650878906,376.2073669433594,True,50,0.8
283,32.30546609807252,0.9382478285031114,5.290843963623047,3.0159194469451904,0.04947748349809932,104.78459930419922,94.88795471191406,True,50,0.8
284,25.102408792803665,0.8656136169905052,1019.292724609375,21.15351676940918,0.02740489094122917,705.6870727539062,578.7018432617188,True,50,0.8
285,24.180788506165865,0.8908687408924186,5.09573221206665,0.43053263425827026,0.05635631319845013,20.611452102661133,36.90633010864258,True,50,0.8
286,28.488713289159783,0.889785886375989,306.77398681640625,27.314119338989258,0.03254515949844783,697.0110473632812,466.1324157714844,True,50,0.8
287,31.19194808871353,0.9637368741080979,222.88497924804688,9.36230182647705,0.05526427614692778,543.0794677734375,543.1019897460938,True,50,0.8
288,28.587252807444052,0.93914072918326,113.5788345336914,9.139760971069336,0.03179271442104809,312.2510681152344,287.25469970703125,True,50,0.8
289,-39.86097354758067,0.2506523100364923,3319418368.0,364132.40625,0.024106481864111177,866.9932861328125,591.242431640625,True,50,0.8
290,33.170871787155924,0.9567171206430631,0.47684651613235474,0.5647244453430176,0.027768405847057413,32.304107666015625,31.469749450683594,True,50,0.8
291,21.76805022034598,0.828678939214949,9.678903579711914,0.6511122584342957,0.046809338761109626,30.419036865234375,38.31084060668945,True,50,0.8
292,31.174886367827725,0.9578765732831138,502.60052490234375,16.76171875,0.031112349539535167,741.7365112304688,822.7779541015625,True,50,0.8
293,24.051907699722456,0.8958388057350439,506.8210144042969,8.860856056213379,0.05428162075718182,299.6009826660156,360.8304443359375,True,50,0.8
294,30.17070730964408,0.908591265548924,12.185770034790039,3.3486409187316895,0.04738758826048471,148.939208984375,127.9334487915039,True,50,0.8
295,23.0484865848711,0.8607451247773518,1336.2236328125,22.391408920288086,0.025179409838226013,652.0946044921875,522.7210083007812,True,50,0.8
296,28.952096539760916,0.925530607716956,745.6286010742188,31.411582946777344,0.04496098589674888,826.44189453125,770.2235717773438,True,50,0.8
297,25.90756593107136,0.858809899650245,116.84840393066406,11.443236351013184,0.04444983830844062,233.1262664794922,216.60520935058594,True,50,0.8
298,26.265144168224705,0.9187138373161002,917.1898193359375,17.979333877563477,0.0439075430227399,719.73486328125,623.267578125,True,50,0.8
299,27.494983458505494,0.9572209038601571,13.22815990447998,0.563847005367279,0.04987625551349509,74.42073822021484,86.26211547851562,True,50,0.8
300,32.93891820592431,0.975169554014447,1.3990602493286133,0.49283793568611145,0.06315933659036477,41.64698791503906,52.63003921508789,True,50,0.8
301,25.823794860325037,0.90892423786246,713.4044189453125,18.53483009338379,0.05155020491427741,566.1815185546875,531.8233032226562,True,50,0.8
302,25.240782756462767,0.8581622969685939,875.8150024414062,28.63020896911621,0.045926768350840586,672.2415161132812,541.094482421875,True,50,0.8
303,27.84668670769144,0.9230007496273186,663.7243041992188,33.79078674316406,0.0319330969809745,967.028076171875,637.79248046875,True,50,0.8
304,20.513053283045025,0.7844233346981178,4656.79052734375,16.86615562438965,0.06527083410121264,620.9793090820312,726.365234375,True,50,0.8
305,27.775469919190915,0.9382637391641536,1574.9683837890625,38.65393829345703,0.043218658269893545,886.3869018554688,975.876220703125,True,50,0.8
306,22.047604314662888,0.8549149865325409,1642.6016845703125,16.32155418395996,0.046077897686660936,630.873291015625,516.7840576171875,True,50,0.8
307,24.296912011488423,0.790227585384795,371.1124572753906,19.512460708618164,0.029218095029174655,483.0830383300781,323.6335144042969,True,50,0.8
308,28.3085657305342,0.9177361528309383,889.7244262695312,20.045774459838867,0.03661774051707658,828.2034912109375,795.3909912109375,True,50,0.8
309,40.95811224553443,0.9851449247453481,5.908465385437012,4.27349853515625,0.03888335513360006,275.5180969238281,271.5614318847656,True,50,0.8
310,24.816494086119594,0.8628241641709784,616.256103515625,19.656484603881836,0.0475815348703002,456.4749755859375,439.5324401855469,True,50,0.8
311,32.263716034637866,0.9631672256133136,3.6921205520629883,0.981193482875824,0.03718246649147606,59.160011291503906,79.37792205810547,True,50,0.8
312,21.291376604783192,0.863732088233226,5.119167804718018,0.6185290813446045,0.047719383177129676,22.90860939025879,26.32539176940918,True,50,0.8
313,31.34089291903002,0.9183253794658633,679.83056640625,31.07942771911621,0.02954069011090527,1055.5333251953125,962.685791015625,True,50,0.8
314,30.632210068601626,0.9444339822043576,595.4667358398438,20.64024543762207,0.05673229535946516,771.2968139648438,836.1441650390625,True,50,0.8
315,28.221333514767384,0.9578616744439792,728.4683227539062,2.974500894546509,0.06713312394413494,536.9077758789062,696.2782592773438,True,50,0.8
316,28.49761815107037,0.9527899546104688,230.4855194091797,10.0566987991333,0.03971989220454667,384.5065612792969,409.54400634765625,True,50,0.8
317,19.86278815301542,0.8067755298642153,294.73614501953125,7.5362958908081055,0.03670938463147911,207.40963745117188,174.12103271484375,True,50,0.8
318,27.072420929326398,0.9336217604615986,48.172332763671875,5.7634100914001465,0.05108275556174476,153.6209716796875,157.28060913085938,True,50,0.8
319,27.380305104544114,0.9130839751293293,115.13835144042969,7.725389003753662,0.04386241920107363,281.1535339355469,250.99266052246094,True,50,0.8
320,25.281359966526274,0.9117093130915404,886.9243774414062,1.1593544483184814,0.04833082386290332,348.8980407714844,549.6774291992188,True,50,0.8
321,36.05536959425808,0.957676016686194,126.62151336669922,15.661426544189453,0.0534680914764607,712.0919189453125,714.88134765625,True,50,0.8
322,18.26069818032206,0.69663216227991,6454.466796875,18.672168731689453,0.04804774347390573,513.4183349609375,660.5371704101562,True,50,0.8
323,26.417613972524588,0.9444925341137874,177.78680419921875,12.080825805664062,0.04088164763491823,364.94793701171875,280.6539611816406,True,50,0.8
324,27.803172897752177,0.9630131480140829,1504.2359619140625,16.715728759765625,0.04147857913839198,876.8706665039062,954.910400390625,True,50,0.8
325,30.188561132555588,0.9572467690389469,415.1160888671875,11.883691787719727,0.05805186743866112,566.1552124023438,738.1589965820312,True,50,0.8
326,32.907605289196695,0.9379943074241388,157.51101684570312,17.374738693237305,0.03285880415389194,601.9039916992188,554.7996826171875,True,50,0.8
327,25.341168382641296,0.9083394926460412,1089.3587646484375,3.410092830657959,0.07819747070381494,415.53582763671875,612.1090087890625,True,50,0.8
328,26.002929616741,0.9328250861331442,422.2701721191406,12.466338157653809,0.03677103261394707,474.37908935546875,420.1804504394531,True,50,0.8
329,33.98776446247779,0.9728869068118194,24.636579513549805,5.34160041809082,0.028570485787004697,265.0841064453125,248.48326110839844,True,50,0.8
330,30.738306168355976,0.9550188927112534,105.31094360351562,4.0805134773254395,0.03646510464585543,310.4356994628906,356.61669921875,True,50,0.8
331,32.47545392400544,0.980617169348448,324.60552978515625,7.841262340545654,0.04011531733574414,660.8153076171875,758.0882568359375,True,50,0.8
332,22.948180665066808,0.9042014340390485,1.1955808401107788,0.037900760769844055,0.07921863652768198,10.567303657531738,15.379095077514648,True,50,0.8
333,33.41813101738483,0.9859946044882754,6.21915864944458,1.0031572580337524,0.035380924802277586,111.0516357421875,116.9565658569336,True,50,0.8
334,32.36121470762981,0.9721129137726637,1.279334545135498,1.203757405281067,0.0376526092956305,44.24379348754883,46.95663833618164,True,50,0.8
335,28.751713993985973,0.9227688161904228,2.2599518299102783,1.279017448425293,0.06839982455365089,34.27102279663086,41.688072204589844,True,50,0.8
336,26.397085538597644,0.9256130958243174,1610.7513427734375,20.5664005279541,0.04552249471810656,815.5614624023438,855.6051025390625,True,50,0.8
337,23.528600482327285,0.8985340379416881,2190.183837890625,4.253560543060303,0.06110264575864116,477.6021423339844,703.9542236328125,True,50,0.8
338,28.82599394735665,0.9655834998785526,290.1142578125,3.591604471206665,0.040756901740484075,393.61285400390625,474.69964599609375,True,50,0.8
339,35.05267287532661,0.9796509283245901,3.0415189266204834,1.0013319253921509,0.03636556259406374,88.69244384765625,98.736328125,True,50,0.8
340,29.642132461057965,0.9123649005273547,253.41085815429688,15.981470108032227,0.044932627021594854,530.5756225585938,492.124267578125,True,50,0.8
341,17.274033601558013,0.6600754480162232,4162.40673828125,14.527739524841309,0.06364197316634769,414.16827392578125,473.998291015625,True,50,0.8
342,25.40369357791141,0.8210957253196106,61.544715881347656,5.236616134643555,0.04324030743212579,163.74136352539062,174.02867126464844,True,50,0.8
343,23.92511476024464,0.8634829496522939,573.3331298828125,6.883082866668701,0.051549872894667684,307.8400573730469,434.41778564453125,True,50,0.8
344,34.91724483415751,0.9529736070164216,51.25994873046875,7.622824192047119,0.04542836630832656,392.7552185058594,399.1062316894531,True,50,0.8
345,31.39712041533159,0.9341476037252552,262.74188232421875,14.129868507385254,0.039174206050573014,643.8831176757812,616.2342529296875,True,50,0.8
346,29.249732929804416,0.8974761561874081,466.66448974609375,13.263468742370605,0.06268843918566794,489.7850341796875,635.4585571289062,True,50,0.8
347,27.825896552768498,0.9601179016878977,3.4404866695404053,1.4019712209701538,0.02233602298824156,49.79066848754883,46.258705139160156,True,50,0.8
348,-65.98855685504431,0.3962293984289787,558329167872.0,1239511.25,0.027032051626646906,375.2469482421875,375.2380065917969,True,50,0.8
349,31.256247179770114,0.9108057878853828,293.528564453125,20.434600830078125,0.0597067343396716,679.3448486328125,626.2340698242188,True,50,0.8
350,30.656684263430854,0.9552740644898084,217.8509521484375,9.867506980895996,0.0462228042421338,496.8899230957031,503.63311767578125,True,50,0.8
351,22.611461703397786,0.8640562588862222,4018.3193359375,29.206804275512695,0.03265850389502255,1062.021240234375,856.6333618164062,True,50,0.8
352,30.648567551515807,0.943075006129941,374.0724182128906,15.515152931213379,0.03193278016607543,750.435546875,659.034912109375,True,50,0.8
353,19.752765351967707,0.8287150135668191,282.9438171386719,7.565027713775635,0.03671552108820004,258.6495056152344,163.77149963378906,True,50,0.8
354,25.50735068216339,0.9296443960268984,14.375739097595215,0.691534161567688,0.053977636404726276,59.568111419677734,71.49817657470703,True,50,0.8
355,19.336619712086048,0.8066601254710876,4804.61767578125,15.317402839660645,0.047974093676864615,650.8970947265625,642.77685546875,True,50,0.8
356,19.014813713015158,0.7941840914227271,9.45356559753418,0.08837845176458359,0.057170970351860854,16.660015106201172,27.484798431396484,True,50,0.8
357,22.985315628361942,0.8432774489236375,1704.1376953125,5.650515079498291,0.07225528249322123,348.56231689453125,586.1898193359375,True,50,0.8
358,29.375757433972506,0.9438339896400154,974.8117065429688,20.64563751220703,0.05479284690270801,971.626708984375,940.2900390625,True,50,0.8
359,34.0826031698979,0.9524482668245786,129.5167694091797,16.15273094177246,0.03375346960558392,582.0108642578125,575.898681640625,True,50,0.8
360,32.60620406524521,0.957526126282503,82.89517211914062,11.226670265197754,0.040286050684201276,375.43865966796875,388.7817687988281,True,50,0.8
361,28.71925176566091,0.8628182780320522,506.7505187988281,18.606611251831055,0.05150076491075751,701.5872192382812,643.6449584960938,True,50,0.8
362,26.520793690771868,0.9318654366122064,468.8965759277344,8.275897026062012,0.04817043073546494,422.033203125,458.7946472167969,True,50,0.8
363,39.108934758897604,0.9809094568247396,36.57848358154297,7.333118438720703,0.039402938791054526,540.2576904296875,546.0711669921875,True,50,0.8
364,29.2229585211153,0.9652114815940798,1059.5701904296875,27.50969123840332,0.05789683417031475,920.9439697265625,941.5233154296875,True,50,0.8
365,30.476384640141262,0.9478010134262074,126.17875671386719,8.720272064208984,0.05407778959303921,347.1697692871094,386.7165222167969,True,50,0.8
366,-180.24853372586273,0.35871125936077597,9.703965924898259e+23,6242863939584.0,0.02121742773953419,1305.77734375,961.2293701171875,True,50,0.8
367,31.922742994415497,0.966119735464223,524.936279296875,7.226871013641357,0.053752938855760705,726.8140258789062,905.4453125,True,50,0.8
368,20.85959843637665,0.8182077963391494,316.5502624511719,10.245952606201172,0.04227746865898141,256.60125732421875,196.5953369140625,True,50,0.8
369,27.89729249891947,0.9298866151210201,7.989957809448242,2.056678056716919,0.04098420681818629,69.80805969238281,70.29193878173828,True,50,0.8
370,24.56197192797706,0.8805601857871709,36.11922073364258,3.958115339279175,0.04606712685584839,122.67278289794922,101.6772232055664,True,50,0.8
371,24.454533525307838,0.8362884596228658,1.1284064054489136,0.15867763757705688,0.0716100732783651,11.678215980529785,19.203603744506836,True,50,0.8
372,28.511021737444338,0.9276390049571841,11.819313049316406,2.6306159496307373,0.04479078094027665,101.857177734375,95.34851837158203,True,50,0.8
373,28.04337067946312,0.9111692466291573,731.2555541992188,18.767091751098633,0.03840866190170987,779.6431274414062,683.3237915039062,True,50,0.8
374,30.442861178339275,0.9617378865940529,4.453701972961426,0.8338227272033691,0.06320612276586494,59.55173873901367,72.11746215820312,True,50,0.8
375,31.64391816650946,0.9687970815028446,69.31040954589844,7.433929920196533,0.047677488929909355,308.82598876953125,319.6566467285156,True,50,0.8
376,25.99829451136728,0.9280171632613906,1770.257080078125,18.957813262939453,0.033284839458170234,876.8618774414062,845.0304565429688,True,50,0.8
377,28.023859631509275,0.8924932338343501,0.9057781100273132,0.9000199437141418,0.05712821056875776,26.58564567565918,24.2486629486084,True,50,0.8
378,29.087033741352542,0.8934198407719625,780.748046875,24.057268142700195,0.04570526154287377,797.2160034179688,814.6539916992188,True,50,0.8
379,25.356081034026833,0.9152603467120967,232.31861877441406,4.2785563468933105,0.04875822469990003,259.6918029785156,282.5729064941406,True,50,0.8
380,17.96525573644182,0.7382432225928061,222.72364807128906,3.339010000228882,0.04807674292913489,92.23505401611328,119.04666137695312,True,50,0.8
381,20.894206775423243,0.770493094123356,3887.582275390625,12.796504020690918,0.04339927718812816,510.08441162109375,697.0404052734375,True,50,0.8
382,18.985671884937062,0.8227006795086755,4966.66357421875,20.619298934936523,0.03244455361472996,771.3469848632812,629.3139038085938,True,50,0.8
383,23.163367498277964,0.8526348747738828,3440.652099609375,28.764070510864258,0.041865046039273296,1063.995849609375,877.5945434570312,True,50,0.8
384,32.873691331060215,0.9668053905599749,278.67083740234375,8.768501281738281,0.046294555627040566,665.1238403320312,735.3359985351562,True,50,0.8
385,28.914909616078255,0.9235499073800287,826.751708984375,34.75454330444336,0.0410026058755104,926.41552734375,803.6774291992188,True,50,0.8
386,22.779854355864906,0.8824647620632202,417.09161376953125,11.18244457244873,0.05653971538281919,294.05975341796875,282.7525329589844,True,50,0.8
387,22.10429705085746,0.8846261769708441,194.717041015625,3.2997348308563232,0.04660410639705844,128.29669189453125,178.26210021972656,True,50,0.8
388,28.3554362441612,0.947027897102791,815.138916015625,36.59820556640625,0.04236811155782726,781.284912109375,750.8641357421875,True,50,0.8
389,32.812644361964495,0.9639862760424737,337.7704772949219,15.614945411682129,0.03930863787161111,780.614013671875,807.0278930664062,True,50,0.8
390,34.77508012942507,0.978223878686519,326.4546813964844,24.75425148010254,0.042544044591694544,998.2448120117188,990.5146484375,True,50,0.8
391,29.490210646168226,0.8973370869792959,191.4592742919922,20.353425979614258,0.029974239474148658,489.5196228027344,413.2050476074219,True,50,0.8
392,18.900017224301205,0.8033553953107356,1785.2783203125,6.001810550689697,0.06777730132306249,222.8542938232422,372.64605712890625,True,50,0.8
393,29.59205539826227,0.9675969479930413,635.2275390625,12.825955390930176,0.05696460381706496,621.3583374023438,776.6365356445312,True,50,0.8
394,29.930566432220136,0.9179138191067397,118.14649963378906,8.342123985290527,0.05036569421974878,299.1189270019531,341.4627380371094,True,50,0.8
395,22.800944487378732,0.7174212653896319,4457.6162109375,35.30825424194336,0.043669447259683865,870.1618041992188,930.8265380859375,True,50,0.8
396,29.6853885480743,0.9198847597597554,787.6317749023438,36.2697639465332,0.03374969660483854,971.66943359375,858.5543212890625,True,50,0.8
397,19.930707118804804,0.7629124920457093,1853.9554443359375,16.83771514892578,0.0399649371956301,446.7234191894531,429.5650329589844,True,50,0.8
398,28.333862875541694,0.9466121348603345,822.9712524414062,14.58221435546875,0.05607428056290436,699.3887329101562,751.1201782226562,True,50,0.8
399,28.131732500593948,0.9360634084979323,874.911376953125,5.6125593185424805,0.04406932067407934,633.2023315429688,754.788330078125,True,50,0.8
400,35.62490045466281,0.9888922830330452,2.959766387939453,1.579455852508545,0.04603693141801849,99.66162109375,104.02074432373047,True,50,0.8
401,28.122771597190933,0.8777772182102773,1025.629638671875,15.803802490234375,0.0739759639586095,650.2533569335938,902.6503295898438,True,50,0.8
402,30.902357741230873,0.9673172950175648,197.85110473632812,9.380631446838379,0.03384205371613447,480.7625732421875,505.74713134765625,True,50,0.8
403,17.938172375019303,0.7026243505671044,10944.25390625,60.55929946899414,0.03316484938254143,1332.543701171875,826.6309814453125,True,50,0.8
404,30.35867049747128,0.9255787026640739,94.68436431884766,10.743072509765625,0.04568032358968608,360.0321350097656,320.72955322265625,True,50,0.8
405,-215.92033584449925,0.330155933942236,3.1322302852565105e+27,115777487241216.0,0.019889116220872097,1278.89697265625,895.627685546875,True,50,0.8
406,30.903158162820365,0.9588091958264202,123.09851837158203,6.432596206665039,0.035792385478085095,354.5910339355469,389.8124694824219,True,50,0.8
407,18.525873267388143,0.7782377118579477,1.9617139101028442,0.6400062441825867,0.028344269932117663,16.12114906311035,11.826813697814941,True,50,0.8
408,28.176274855107593,0.9480999226309935,1138.00048828125,13.191128730773926,0.0661195563213647,697.4300537109375,905.4766235351562,True,50,0.8
409,32.38858017451961,0.9451175942955494,4.854060173034668,1.342368245124817,0.03481848796240414,77.01016235351562,92.19538879394531,True,50,0.8
410,38.06315296222944,0.9810809640384927,15.981829643249512,5.0083417892456055,0.05383494346293445,315.4366455078125,319.99432373046875,True,50,0.8
411,27.069857676110182,0.9405151846961832,1747.4852294921875,26.741430282592773,0.05520693251969267,1057.509765625,950.1118774414062,True,50,0.8
412,30.087569302215368,0.9566659157321057,884.8089599609375,19.27826499938965,0.03591224047724512,1072.2960205078125,950.6565551757812,True,50,0.8
413,-133.44704159243872,0.26840978380976277,7.280042959121154e+18,2248970240.0,0.029062694450722407,737.5315551757812,573.8644409179688,True,50,0.8
414,30.932794726022568,0.957770890311191,321.8006896972656,9.311516761779785,0.03693789192617325,620.35546875,632.2053833007812,True,50,0.8
415,-16.4210462085317,0.5356461874377003,8838250.0,10022.732421875,0.027133539959096887,435.0625,448.9970703125,True,50,0.8
416,21.49905681048647,0.7709080513239472,607.5419921875,17.49958610534668,0.03582428270720103,414.1772155761719,293.9175720214844,True,50,0.8
417,25.308502153329748,0.8517382650840855,312.3564453125,18.837018966674805,0.049859022830621075,397.44488525390625,329.33587646484375,True,50,0.8
418,23.295369873536067,0.903313338372625,2107.903076171875,7.122760772705078,0.06731774452116804,511.6961669921875,672.845947265625,True,50,0.8
419,26.393483174175977,0.9458904436359834,1298.2744140625,8.683714866638184,0.05404370715166299,672.9707641601562,752.6221313476562,True,50,0.8
420,32.88732339331476,0.9565847284545962,322.0919494628906,9.747532844543457,0.03975841146527761,771.3507080078125,791.7874755859375,True,50,0.8
421,24.69350667763358,0.9175263065883219,2080.905517578125,14.064823150634766,0.051513612411565046,626.7348022460938,789.8285522460938,True,50,0.8
422,37.931085438521094,0.9770352561930262,1.3655866384506226,1.1773617267608643,0.04248445064641276,92.17292785644531,92.11489868164062,True,50,0.8
423,27.56297729300919,0.9464142209820458,427.787353515625,7.507999897003174,0.06901217784520668,429.8590087890625,494.9258728027344,True,50,0.8
424,27.48041461092694,0.9528005888341504,6.0897603034973145,1.1095733642578125,0.046100485301694874,53.97938919067383,58.50120162963867,True,50,0.8
425,26.892996118428023,0.9361788103331968,605.19873046875,23.549673080444336,0.030246162532918796,720.8095092773438,549.9793701171875,True,50,0.8
426,21.395540588972494,0.8384547337022683,1364.5377197265625,18.303863525390625,0.029263994448122818,533.0030517578125,442.0889587402344,True,50,0.8
427,22.83219262439337,0.8886609435950332,4096.77685546875,3.935091257095337,0.0756116314211273,636.531494140625,887.8164672851562,True,50,0.8
428,29.345366849209604,0.9458161243251971,142.90040588378906,9.576845169067383,0.05400835179162553,327.88214111328125,351.5640869140625,True,50,0.8
429,-193.31584528051,0.23720214816615534,2.905060990866176e+23,869342838784.0,0.022800715961949443,179.50489807128906,117.949951171875,True,50,0.8
430,28.575985153779932,0.9475099003582547,28.49239730834961,1.8296732902526855,0.049698880462158306,110.27731323242188,143.84869384765625,True,50,0.8
431,29.084484764463983,0.9420051831133103,676.8257446289062,15.581583976745605,0.04578424052683354,640.7402954101562,761.7491455078125,True,50,0.8
432,29.310176317864638,0.9325579239018992,447.602294921875,9.564759254455566,0.057131449836047454,580.8766479492188,618.599853515625,True,50,0.8
433,19.304769889283214,0.7621905001980119,119.62690734863281,3.280521869659424,0.0498117940014075,108.08555603027344,102.02155303955078,True,50,0.8
434,34.97656667288322,0.9734608737523096,2.2975761890411377,1.0416404008865356,0.04703112033387176,78.25555419921875,85.02269744873047,True,50,0.8
435,22.605789805703186,0.7775723707746384,2680.662841796875,47.78400421142578,0.0255982712830372,1038.25830078125,701.2681884765625,True,50,0.8
436,-208.81893084177787,0.3840776610368275,4.104014904157084e+24,298602725376.0,0.027609314159989618,108.40127563476562,73.69024658203125,True,50,0.8
437,28.117475378536675,0.9499243758964834,1020.556396484375,22.165447235107422,0.04945615289927464,867.324462890625,822.0382080078125,True,50,0.8
438,29.969977818675492,0.9664471685440424,502.25567626953125,13.04434871673584,0.045195380526132194,732.785400390625,706.5360107421875,True,50,0.8
439,26.88457687592271,0.93539208987722,13.815281867980957,1.3605871200561523,0.039103532859196974,81.25596618652344,82.2674331665039,True,50,0.8
440,35.749664641695674,0.9663610802377095,1.9539469480514526,1.803117275238037,0.044573709333563465,83.01445770263672,85.75287628173828,True,50,0.8
441,31.196084028028864,0.9223754652175126,738.9544677734375,28.680078506469727,0.040912874871362914,1054.1661376953125,986.6529541015625,True,50,0.8
442,31.452220677294736,0.9401110654314297,100.40519714355469,8.889081954956055,0.03521932723775344,426.7248229980469,374.8965148925781,True,50,0.8
443,23.928099187102116,0.8088217140124868,548.5634765625,22.16501235961914,0.03216132235654774,666.3417358398438,371.2715148925781,True,50,0.8
444,30.6532468371195,0.9181278702198413,568.2955322265625,23.6375789642334,0.04275721334805376,877.1889038085938,812.9867553710938,True,50,0.8
445,33.84069501088746,0.9351481069129256,369.7388000488281,35.246421813964844,0.04639875634133852,1055.56982421875,947.3013305664062,True,50,0.8
446,25.83184316675405,0.9453432951679971,2535.050048828125,3.9628541469573975,0.04667134989299658,835.29931640625,986.0150756835938,True,50,0.8
447,29.51387427183388,0.9431498191217047,588.0996704101562,12.482170104980469,0.06415070834714127,626.20849609375,753.6248168945312,True,50,0.8
448,22.84906363593727,0.7875167393591496,659.3261108398438,16.78132438659668,0.028884418743015637,437.7333679199219,376.8833312988281,True,50,0.8
449,31.00657187908181,0.9585946165832573,5.167314529418945,2.1985108852386475,0.05433344068812266,78.5173110961914,84.4172134399414,True,50,0.8
450,37.89303113780398,0.9728092166092497,98.12320709228516,10.915359497070312,0.04345182502009544,782.702880859375,777.3697509765625,True,50,0.8
451,26.62505124375643,0.9107863456779712,675.061279296875,20.238901138305664,0.02965919132074711,750.901123046875,558.8458251953125,True,50,0.8
452,19.510081313091913,0.8550805854297534,2013.5577392578125,6.965649604797363,0.035774911069757186,397.9576721191406,424.79779052734375,True,50,0.8
453,25.817222988466856,0.9228757816879607,2139.856201171875,14.741765022277832,0.0653795886395396,795.3998413085938,906.4480590820312,True,50,0.8
454,30.43024624539124,0.9647436621757484,11.119877815246582,2.4172346591949463,0.04056828462618837,120.9034652709961,112.08628845214844,True,50,0.8
455,29.559585465128745,0.9452561695432392,267.9026184082031,10.42152214050293,0.046179049340810054,472.5551452636719,493.1324768066406,True,50,0.8
456,25.742854043347933,0.9017678727006581,0.4016759693622589,0.32740840315818787,0.046576509574860724,11.361538887023926,12.342290878295898,True,50,0.8
457,30.638315186614747,0.9350785788944447,162.7842254638672,7.288650989532471,0.048728948274135674,402.91497802734375,469.1919860839844,True,50,0.8
458,37.39235783949151,0.9719386415861708,0.5963147878646851,1.5303168296813965,0.047740201887683124,59.363258361816406,57.246971130371094,True,50,0.8
459,27.836467930367682,0.9465204162140626,23.541624069213867,2.531961679458618,0.049739327315190804,112.80621337890625,119.6990966796875,True,50,0.8
460,26.922221944451703,0.9221074727082277,28.256624221801758,1.223781943321228,0.06300518645155387,93.88148498535156,118.40872192382812,True,50,0.8
461,30.01474620245058,0.894993773097378,420.0653076171875,23.246919631958008,0.032619816066939235,715.2738037109375,649.5610961914062,True,50,0.8
462,-216.10751925880663,0.37602982080327224,2.230628845223361e+27,30647984848896.0,0.021137421080956065,767.6953735351562,746.298828125,True,50,0.8
463,15.871712091076365,0.6513978789630823,8745.4853515625,28.218671798706055,0.052854741884567166,485.3098449707031,583.785400390625,True,50,0.8
464,31.093787520503014,0.8992034317300847,602.6619262695312,30.20560646057129,0.03337718252643977,954.709716796875,962.2103881835938,True,50,0.8
465,31.240747804510406,0.971674421546506,103.72708892822266,4.839940071105957,0.03083789653926985,349.81109619140625,375.4956970214844,True,50,0.8
466,28.01883093983775,0.9337263749787436,127.44526672363281,7.930966854095459,0.049120463814252446,299.3262634277344,286.4263610839844,True,50,0.8
467,23.822352445340783,0.9057900075931309,3124.617919921875,13.381690979003906,0.048748474475824824,776.1304321289062,868.7305297851562,True,50,0.8
468,22.510709080702345,0.8541307883119447,280.0541076660156,9.100000381469727,0.049942874619217335,262.89349365234375,224.3722381591797,True,50,0.8
469,32.74975861674474,0.9506386726694825,457.4476013183594,18.620059967041016,0.07339323842884693,592.3710327148438,963.2593383789062,True,50,0.8
470,25.34096665325179,0.930327185093741,0.49775615334510803,0.1983838826417923,0.05000853590712933,10.430926322937012,13.14232063293457,True,50,0.8
471,24.454498774101697,0.9164220603304013,3361.174560546875,4.230881690979004,0.06462580692963299,768.1588745117188,969.908935546875,True,50,0.8
472,26.922005632019005,0.9515846397985307,3.677018404006958,0.7014310359954834,0.0594511337596822,34.51653289794922,44.11675262451172,True,50,0.8
473,23.534943579116554,0.8353593113860529,3487.7509765625,39.68248748779297,0.03297186284847242,1121.0032958984375,891.251953125,True,50,0.8
474,35.18475608530486,0.9834555003972738,84.36962127685547,5.872396945953369,0.0382471225822156,518.0341186523438,528.1734008789062,True,50,0.8
475,25.810075646342487,0.8769323994875073,2430.33056640625,35.16752624511719,0.03547567160815436,1447.2999267578125,992.9718017578125,True,50,0.8
476,21.50880847718515,0.8397136607406609,38.94458770751953,0.9164228439331055,0.04200182220509534,54.57417678833008,74.72277069091797,True,50,0.8
477,-49.987860732803355,0.355413028774852,27568050176.0,205901.984375,0.027961782384488064,751.2611694335938,554.3004150390625,True,50,0.8
478,38.07846078602163,0.9879883499921783,146.13294982910156,18.02581024169922,0.0542144854193356,962.963623046875,969.333251953125,True,50,0.8
479,23.089721604844566,0.9000258804678578,1343.6043701171875,6.665412425994873,0.04982675685725,480.5497741699219,523.5747680664062,True,50,0.8
480,34.85440202656348,0.9620181944747951,129.4704132080078,10.950042724609375,0.04247371153221678,560.8671875,629.7692260742188,True,50,0.8
481,29.793588069219695,0.9569674335397065,502.9905700683594,8.056354522705078,0.05005072809372808,620.3533935546875,696.0529174804688,True,50,0.8
482,31.78117326536554,0.9336669907142996,137.22714233398438,9.852020263671875,0.03463664116983619,499.9281005859375,455.0865173339844,True,50,0.8
483,25.47817661107999,0.9199698135798356,1103.350830078125,12.379408836364746,0.06439039830058912,523.1592407226562,627.9305419921875,True,50,0.8
484,20.099072884902288,0.8644975662941156,3333.11376953125,21.228612899780273,0.04456117658821924,634.2418212890625,584.72998046875,True,50,0.8
485,20.220582927909984,0.7149877778157256,7601.44873046875,17.046092987060547,0.08184058009645079,585.0467529296875,901.2568359375,True,50,0.8
486,28.043522250953067,0.953210055766583,3.296940803527832,0.9828102588653564,0.042457605040141434,37.34877395629883,46.40093231201172,True,50,0.8
487,23.097795000111013,0.8889039534983159,383.70819091796875,0.9653108716011047,0.04827629658721123,159.74253845214844,281.6822204589844,True,50,0.8
488,26.939319534195224,0.9310475487557074,1823.2083740234375,31.462934494018555,0.0429221357267896,942.8920288085938,950.4610595703125,True,50,0.8
489,27.515482128173204,0.9166454355875405,1378.399169921875,41.577579498291016,0.03381074379980109,1007.8623657226562,890.37353515625,True,50,0.8
490,32.66163943466041,0.9380164242573505,101.92555236816406,10.137568473815918,0.04949271646472696,419.716796875,456.20111083984375,True,50,0.8
491,20.83836616798246,0.8713262457816071,3164.655029296875,14.099899291992188,0.05517830690464197,581.2483520507812,620.512451171875,True,50,0.8
492,25.655316673671706,0.8957566850971511,210.08644104003906,9.581461906433105,0.029013649911497973,323.2547912597656,278.1037902832031,True,50,0.8
493,32.73017926378509,0.9537923361171879,19.023868560791016,3.015371084213257,0.043934974035860476,181.80099487304688,188.93304443359375,True,50,0.8
494,34.825556066440946,0.9606952115401272,70.84848022460938,7.69246768951416,0.032487328537451,486.9484558105469,464.2347106933594,True,50,0.8
495,26.762030347542517,0.947466678186959,263.4949645996094,2.3561980724334717,0.04894341966744246,234.15550231933594,353.9988708496094,True,50,0.8
496,24.37000662298881,0.8839684336783097,1079.98046875,12.641315460205078,0.046292153633485815,388.1307678222656,584.0724487304688,True,50,0.8
497,33.574103189790314,0.971311036124441,2.6275832653045654,1.673326849937439,0.037246817731948066,81.4576644897461,78.65690612792969,True,50,0.8
498,19.225248814487472,0.7611756719542154,11327.5771484375,56.851322174072266,0.029076749272124155,1496.203369140625,974.42041015625,True,50,0.8
499,21.925970675184907,0.8647065420424319,6174.42529296875,11.02783203125,0.059594782360380544,745.727294921875,986.2245483398438,True,50,0.8
500,25.630436812722365,0.817033496379871,1294.2039794921875,12.869903564453125,0.04821499327800966,444.1671447753906,698.4635620117188,True,50,0.8
501,28.685065303935122,0.9667964325247043,389.3796081542969,2.7761428356170654,0.0493389180820174,487.7631530761719,536.5602416992188,True,50,0.8
502,31.629559149194336,0.9680684462758655,61.2616081237793,3.95221209526062,0.05184385485995109,230.0924530029297,310.21807861328125,True,50,0.8
503,25.883763021566494,0.9424067403154277,1706.781494140625,9.713774681091309,0.05996496966770143,755.78857421875,813.981201171875,True,50,0.8
504,23.830626274909953,0.9131220458382961,1918.7266845703125,3.422123670578003,0.05109218344290587,487.16888427734375,685.0464477539062,True,50,0.8
505,34.1791163391327,0.9594390470692187,10.187544822692871,2.6644880771636963,0.04976334241050649,170.43727111816406,163.45431518554688,True,50,0.8
506,24.26376810597099,0.9086820265418544,3086.31591796875,7.093289375305176,0.07046395484736044,606.314697265625,911.0162353515625,True,50,0.8
507,28.48700088197436,0.9576972238373461,921.9620971679688,9.522915840148926,0.046801811372531955,596.0739135742188,822.7147216796875,True,50,0.8
508,26.936762883615412,0.9208629042663687,1793.6712646484375,11.106468200683594,0.06075000101701709,690.1597900390625,949.85009765625,True,50,0.8
509,31.075016648025247,0.9191878030597549,407.64422607421875,24.22965431213379,0.046029889994179944,763.9810180664062,725.9937744140625,True,50,0.8
510,23.14658888232953,0.8657669363715431,1643.60986328125,19.504396438598633,0.04025325652418072,592.12939453125,613.8017578125,True,50,0.8
511,23.741926665845696,0.85140695630393,737.5848388671875,23.676708221435547,0.03381736540595741,585.7208251953125,418.8247985839844,True,50,0.8
512,29.824758628541538,0.9438361024908852,771.3739624023438,19.963211059570312,0.04893661636951704,867.0193481445312,932.7957763671875,True,50,0.8
513,20.547518637218122,0.8148236057509752,6580.99853515625,25.44438934326172,0.053674978820745935,681.7705688476562,866.1978149414062,True,50,0.8
514,28.179083694987757,0.8782839027432373,3.2367138862609863,2.5971813201904297,0.03128876356360447,66.7584457397461,46.1734504699707,True,50,0.8
515,26.68403114668116,0.9440747434552086,1.5526127815246582,0.29079610109329224,0.04237738071043883,19.708728790283203,27.340606689453125,True,50,0.8
516,25.402127369001455,0.9188537876105121,393.0634460449219,13.466972351074219,0.03900976431799101,408.4281005859375,377.0869140625,True,50,0.8
517,28.485626913322463,0.933306014713119,865.4813232421875,21.17860984802246,0.04202689166600708,883.7156982421875,810.7427978515625,True,50,0.8
518,25.245856040228333,0.8442598175910043,2807.919677734375,30.921016693115234,0.04329507188926482,1137.444091796875,987.2888793945312,True,50,0.8
519,-19.4489288913135,0.47481760472375106,1684644.25,1886.274169921875,0.02390039318608594,164.83238220214844,151.2664794921875,True,50,0.8
520,24.116173519142208,0.842978630071603,1357.65234375,4.567147254943848,0.0692007905213151,374.0686340332031,594.5365600585938,True,50,0.8
521,29.13762949399258,0.9684189037488095,177.421142578125,6.984457969665527,0.05918475434784946,337.8650817871094,381.5099792480469,True,50,0.8
522,30.470357353137004,0.9436293275848077,843.0266723632812,19.464252471923828,0.03798691803583856,1096.4219970703125,969.9444580078125,True,50,0.8
523,26.243735186104335,0.8486124864004272,1014.1525268554688,9.825830459594727,0.0733879279442153,490.87469482421875,842.2767944335938,True,50,0.8
524,-235.45003220321638,0.16190110579516528,2.4651786294366e+29,317652962639872.0,0.026496708753827935,1292.4354248046875,838.4903564453125,True,50,0.8
525,29.72808789357259,0.9588767228680745,222.41339111328125,7.9904608726501465,0.050621597200776226,393.2015686035156,469.2244567871094,True,50,0.8
526,31.94600655340708,0.945021145257203,109.58263397216797,15.272432327270508,0.029530278090470378,493.5380554199219,415.4046936035156,True,50,0.8
527,30.933008832561477,0.9533410575413852,59.971004486083984,6.682942867279053,0.037504988946287586,266.4352722167969,274.1336669921875,True,50,0.8
528,-302.43586633064376,0.34852375588365386,5.651117670145266e+33,1.2824999979122688e+17,0.019239836917803614,80.20136260986328,57.319122314453125,True,50,0.8
529,30.697785979937798,0.9559044277274326,636.4675903320312,24.773080825805664,0.040732311218752704,872.155517578125,864.857666015625,True,50,0.8
530,21.69959648201617,0.8452820695447381,4390.611328125,24.785615921020508,0.04531179337474287,697.2127685546875,813.088134765625,True,50,0.8
531,32.5496358466358,0.9748465344540475,555.13232421875,12.191255569458008,0.026725389363789834,867.6725463867188,999.7179565429688,True,50,0.8
532,-192.65246974890744,0.2928937983322323,1.8209589273133428e+25,11869203988480.0,0.022931196399334594,1450.591796875,996.6401977539062,True,50,0.8
533,31.283693459809243,0.9806432775361127,227.70281982421875,8.93869686126709,0.03654457123728026,529.1082153320312,555.8762817382812,True,50,0.8
534,-72.8515122677683,0.36410699838167454,11366923501568.0,11401184.0,0.025207647217830052,901.6033325195312,769.2184448242188,True,50,0.8
535,28.27827904748854,0.912841670708183,1104.9996337890625,2.365138292312622,0.19518424727571812,307.51904296875,944.8209838867188,True,50,0.8
536,27.675069982423373,0.9241274629937729,1230.7796630859375,13.615657806396484,0.043292634613782605,779.56494140625,849.7977294921875,True,50,0.8
537,29.419252020985063,0.9526416851578605,70.32496643066406,2.5948543548583984,0.039604851823193364,216.87863159179688,248.1007537841797,True,50,0.8
538,35.65376759361105,0.980159415426146,54.9974365234375,9.941150665283203,0.0529166337579404,427.34918212890625,451.0935974121094,True,50,0.8
539,29.666159935976424,0.9287638902602673,18.178321838378906,5.502249717712402,0.04109271203542835,144.9923858642578,130.03025817871094,True,50,0.8
540,21.38810671936541,0.8364285600587279,6409.17333984375,16.777965545654297,0.08749566277665924,686.0296630859375,954.0969848632812,True,50,0.8
541,27.32153181724736,0.8765646094000745,677.9979858398438,21.409988403320312,0.028135370554537586,724.2571411132812,606.5684814453125,True,50,0.8
542,18.809858351384634,0.6946244758779936,687.2445678710938,8.720890045166016,0.04082927326553603,197.87550354003906,229.41416931152344,True,50,0.8
543,28.37187519595536,0.9026283472315076,649.100341796875,20.2487735748291,0.04246164981394688,676.1978149414062,672.0289916992188,True,50,0.8
544,31.20002654251063,0.9207569394449023,289.9309997558594,14.767057418823242,0.03463543109852654,646.4942016601562,618.5101318359375,True,50,0.8
545,19.734589407330358,0.756871115134666,1355.39306640625,15.242969512939453,0.0471878392560864,311.804443359375,358.8045654296875,True,50,0.8
546,26.883497995199185,0.9394487982117969,26.511768341064453,3.2474944591522217,0.050683588721508924,112.01449584960938,114.44403839111328,True,50,0.8
547,27.758078665191725,0.9425964507940384,723.7117919921875,10.883081436157227,0.05937115739769195,499.8187561035156,671.901611328125,True,50,0.8
548,31.291778049075237,0.9587966406369972,196.52728271484375,5.337177276611328,0.0510272439357269,370.914794921875,520.7874145507812,True,50,0.8
549,24.85664843288327,0.8314803558695745,1920.328857421875,8.525076866149902,0.058136893203028554,485.1812438964844,772.5460815429688,True,50,0.8
550,31.910100546979585,0.9408274254039837,170.17372131347656,12.394591331481934,0.031234859169971256,501.50189208984375,520.643310546875,True,50,0.8
551,1.744410846068962,0.564394479955334,393092.96875,4399.42919921875,0.02690777108297845,1136.4093017578125,852.329345703125,True,50,0.8
552,35.39933233223681,0.9591764103240642,87.98715209960938,11.990166664123535,0.04645841284465738,590.9140014648438,552.3549194335938,True,50,0.8
553,32.50943136453174,0.9438928547550773,142.72166442871094,8.164514541625977,0.06156638457648681,445.74957275390625,561.3770141601562,True,50,0.8
554,31.86845524062719,0.9614879336473373,459.6533508300781,10.373515129089355,0.07007480886064352,634.20703125,876.7769775390625,True,50,0.8
555,30.254393866808407,0.9302436012017345,153.77796936035156,11.770221710205078,0.04105885151540254,461.96978759765625,404.0793762207031,True,50,0.8
556,27.922610692826254,0.9644554775627282,29.213756561279297,1.5888704061508179,0.04404977187564762,117.65939331054688,134.88121032714844,True,50,0.8
557,26.488493298044048,0.8608896610553881,1.941800832748413,0.3354094922542572,0.06968219653703307,20.951513290405273,29.75389289855957,True,50,0.8
558,35.12121777415033,0.9594109214158004,175.3007049560547,11.614701271057129,0.04856233269330171,795.9926147460938,755.3821411132812,True,50,0.8
559,34.3513168414345,0.9566385462972402,141.3520965576172,14.429495811462402,0.04313233672668446,657.6893310546875,620.6892700195312,True,50,0.8
560,36.17793774844364,0.9839691711653128,119.49881744384766,10.159318923950195,0.04381103776440943,655.0282592773438,704.3756713867188,True,50,0.8
561,23.359028892978948,0.8483126859718374,207.67864990234375,8.590689659118652,0.04515638728763571,207.2327117919922,213.75119018554688,True,50,0.8
562,24.98842958737024,0.8676068240126582,57.369728088378906,3.4249417781829834,0.04096957223582633,125.25186920166016,137.235107421875,True,50,0.8
563,35.27037963216466,0.9418537155547255,0.07159814238548279,0.413707435131073,0.04695031553517441,16.59722137451172,15.530120849609375,True,50,0.8
564,26.87111295537758,0.9503809659750468,253.34005737304688,4.186805725097656,0.03396456117755345,305.1650390625,351.2369689941406,True,50,0.8
565,25.603934460287512,0.9286548081224149,925.1650390625,8.500089645385742,0.037415979715677575,426.6435241699219,590.3277587890625,True,50,0.8
566,28.227793381314786,0.8986304335940584,162.70217895507812,4.839005470275879,0.04718638743106653,274.8126220703125,392.851806640625,True,50,0.8
567,31.62742728952466,0.9511463560233175,131.87557983398438,9.50072193145752,0.03581121151378475,506.2588195800781,438.0374450683594,True,50,0.8
568,27.99916305747474,0.8673327880247397,1256.31201171875,34.26578140258789,0.03678767462969573,928.076416015625,904.2545166015625,True,50,0.8
569,25.897952409134323,0.9049665631824418,313.0116882324219,9.752934455871582,0.05424281576936307,370.3865051269531,348.9072265625,True,50,0.8
570,28.71620346421318,0.9026723241640622,347.7448425292969,17.945398330688477,0.03399679074425314,505.8011474609375,514.4755249023438,True,50,0.8
571,-55.62917688079679,0.3629663724262384,223883018240.0,1049262.375,0.0287244148563805,1065.77734375,783.869384765625,True,50,0.8
572,33.10045729957258,0.9499206926646739,66.69316864013672,8.028923034667969,0.06064098794908802,339.12213134765625,397.146240234375,True,50,0.8
573,28.061734370259998,0.8933190927697563,603.5641479492188,26.04064178466797,0.031010991652687545,741.6294555664062,622.464599609375,True,50,0.8
574,30.087961831747418,0.9575132635355734,716.126953125,22.920364379882812,0.04732399091985545,874.832275390625,862.5013427734375,True,50,0.8
575,22.765781593524025,0.8076343861119235,4768.04931640625,49.92212677001953,0.04216848343329678,1259.1475830078125,949.5711059570312,True,50,0.8
576,32.413005515869756,0.9686830662290871,12.539484024047852,2.026899576187134,0.04044911427919347,123.4189453125,147.92640686035156,True,50,0.8
577,29.149053115862124,0.940484093446419,999.893798828125,12.577654838562012,0.058657160914615376,714.2528076171875,926.6610107421875,True,50,0.8
578,31.72302831273711,0.9496748357534531,162.2741241455078,14.259860038757324,0.03517363644899327,491.7650451660156,492.6241760253906,True,50,0.8
579,23.20686083291243,0.9327732118405138,318.2497863769531,6.067142009735107,0.05362885954993743,206.76785278320312,258.98614501953125,True,50,0.8
580,28.742252485063027,0.9654465202238292,281.90106201171875,3.2197341918945312,0.05503896929610939,401.3169250488281,459.6766052246094,True,50,0.8
581,30.483418437915113,0.9181100986148274,859.0962524414062,34.546600341796875,0.037975007132878456,1139.77587890625,980.0525512695312,True,50,0.8
582,31.46593318481489,0.9421098580731943,171.62417602539062,14.166264533996582,0.03777008646859444,527.9588012695312,493.12548828125,True,50,0.8
583,35.89086775783822,0.9622024593200108,27.93297004699707,6.639348030090332,0.036135179579576314,325.8504333496094,329.4228515625,True,50,0.8
584,19.44639202201101,0.8370009828053434,4525.8828125,20.7525691986084,0.03497970536688386,825.8541259765625,633.7674560546875,True,50,0.8
585,27.753184246740208,0.9330138995612984,92.35126495361328,6.01831579208374,0.04658940220445907,222.34707641601562,240.9054718017578,True,50,0.8
586,26.19681763343232,0.8344898437571753,14.11426830291748,2.3524625301361084,0.0475002554497893,78.735595703125,76.78746795654297,True,50,0.8
587,32.58899439263352,0.9501451900453759,9.264615058898926,3.353616952896118,0.040061951918675016,142.4226531982422,129.75083923339844,True,50,0.8
588,28.965952937647877,0.9641113687610355,21.031156539916992,0.9339526295661926,0.049235765931263414,111.79804229736328,128.91778564453125,True,50,0.8
589,29.418746804015967,0.9403443011398532,25.43785858154297,3.325223922729492,0.04440494880628117,142.8227996826172,152.75079345703125,True,50,0.8
590,27.66908129309985,0.924967739055408,32.28031539916992,1.2844809293746948,0.08978913594902392,98.25524139404297,139.68833923339844,True,50,0.8
591,30.268409358523215,0.9423130441945281,371.9498596191406,11.154068946838379,0.05886804600965882,454.9189147949219,641.23388671875,True,50,0.8
592,23.25611361446385,0.8508493405563088,149.53758239746094,2.848606824874878,0.062833068806135,122.15390014648438,182.69821166992188,True,50,0.8
593,32.42265959517318,0.961656929161957,68.56710815429688,11.416101455688477,0.04468071745836306,416.4940490722656,346.3216247558594,True,50,0.8
594,31.308909770560174,0.9212038395167074,589.687744140625,26.826732635498047,0.035002393529870425,1049.3912353515625,896.8916015625,True,50,0.8
595,28.824228672027825,0.9136841099159513,287.888427734375,13.202065467834473,0.05171426462398656,551.6155395507812,474.4876708984375,True,50,0.8
596,24.895866012133627,0.8932985939153122,1430.1741943359375,23.00887680053711,0.03698822301317555,700.5524291992188,667.8901977539062,True,50,0.8
597,35.76238346413237,0.9657626160496405,7.940047264099121,3.7287485599517822,0.03782481359848989,183.2451934814453,173.14755249023438,True,50,0.8
598,30.099953785511204,0.977019328574032,36.40959548950195,2.0122768878936768,0.05236346136169205,174.13453674316406,193.0967254638672,True,50,0.8
599,29.45858373689132,0.9612920893081325,1.9813556671142578,0.5789031386375427,0.049552334193127635,38.30103302001953,41.8277473449707,True,50,0.8
600,29.401215146039974,0.9625698342934728,32.98818588256836,3.399871587753296,0.047118452331487926,151.11842346191406,169.76612854003906,True,50,0.8
601,28.306409677862426,0.9446967973367103,115.21115112304688,5.4849138259887695,0.048045280826562564,293.32464599609375,279.3117370605469,True,50,0.8
602,30.413476014209145,0.9289507847196414,24.643659591674805,2.3532869815826416,0.033225298891548044,165.1393280029297,177.83348083496094,True,50,0.8
603,34.09440176348802,0.9632771444825073,3.1240222454071045,2.1473066806793213,0.053074687548882574,91.20689392089844,89.61383056640625,True,50,0.8
604,25.33231628319691,0.9105237155010918,41.95465087890625,3.393627405166626,0.0561955806834859,119.32820129394531,121.5152359008789,True,50,0.8
605,25.200815566116844,0.8399097538995052,638.7377319335938,19.721630096435547,0.04474923565509425,572.8247680664062,461.3179931640625,True,50,0.8
606,34.6504784587967,0.9843601758819616,14.674917221069336,2.7909154891967773,0.04752643181321709,187.2003173828125,207.12738037109375,True,50,0.8
607,24.505676794329858,0.9133857973943531,469.4554138183594,5.144242763519287,0.039582542019108,295.5899353027344,364.90557861328125,True,50,0.8
608,29.888544554304694,0.9150879607815584,259.9554748535156,14.75629711151123,0.03955797275883535,631.2208251953125,503.9138488769531,True,50,0.8
609,24.017734098467045,0.847793238966027,1888.90087890625,32.5884895324707,0.027648571175858075,864.2941284179688,690.7044067382812,True,50,0.8
610,19.639550592887453,0.8098247362660962,17.61485481262207,0.23683226108551025,0.07257362050760041,26.70496368408203,40.2728271484375,True,50,0.8
611,30.681104518333274,0.9533636609421057,538.0957641601562,15.974160194396973,0.039054714542674604,828.1228637695312,799.6109619140625,True,50,0.8
612,27.853523373299307,0.9578647140963282,643.0345458984375,7.6661176681518555,0.05253207353396319,473.9884338378906,628.2724609375,True,50,0.8
613,22.520394699211902,0.7853370019981024,37.96980667114258,3.8365771770477295,0.024817946287086504,140.49057006835938,82.67727661132812,True,50,0.8
614,-162.6917318789417,0.36203046813572975,1.4103018855410988e+22,289598668800.0,0.023372506850523615,1390.5596923828125,873.7050170898438,True,50,0.8
615,27.91527561783939,0.9209930057561946,1341.42236328125,32.34028625488281,0.03471650832008454,1149.56201171875,920.9515380859375,True,50,0.8
616,23.104697340869865,0.9030865954489412,17.679534912109375,1.0269403457641602,0.04690883256122602,43.89585876464844,62.01688003540039,True,50,0.8
617,24.11805682191835,0.8942652405811206,296.1964111328125,3.237710475921631,0.06402370050066075,183.083251953125,277.60076904296875,True,50,0.8
618,19.808360296061306,0.812734320343129,6604.23583984375,27.85602569580078,0.04064023409794936,562.5477905273438,806.3950805664062,True,50,0.8
619,32.107823460885285,0.951404381108973,336.5342102050781,12.091643333435059,0.05897284606637637,728.1124877929688,748.5114135742188,True,50,0.8
620,22.685973688069367,0.8458884743352731,184.73370361328125,3.78888201713562,0.04537328898268972,158.9849853515625,185.3365020751953,True,50,0.8
621,25.839344410760113,0.882525997676375,107.22562408447266,1.9046601057052612,0.07834433067779419,129.22805786132812,210.1399688720703,True,50,0.8
622,31.946111435307852,0.9759711260889091,87.962890625,5.424261093139648,0.05811370997236459,336.3564758300781,371.10162353515625,True,50,0.8
623,24.99870189983206,0.9144703522387034,733.2343139648438,10.672285079956055,0.050656908427204266,459.6392822265625,485.0384521484375,True,50,0.8
624,32.85818690760713,0.9882406335558561,197.15599060058594,17.43540382385254,0.044930539939868806,701.915771484375,618.6365356445312,True,50,0.8
625,29.007207614516332,0.9226167596188461,169.46127319335938,13.330547332763672,0.03174465648896575,475.8399353027344,369.54473876953125,True,50,0.8
626,34.127920840210756,0.9745134819525806,82.83505249023438,6.103930473327637,0.04045628218762911,433.58489990234375,463.0721740722656,True,50,0.8
627,27.361879513938256,0.9481284755240776,1024.33154296875,2.970341444015503,0.05418261470749111,577.3458251953125,747.7234497070312,True,50,0.8
628,25.96320271414197,0.8931986590071511,2.873194932937622,1.2403671741485596,0.0446260854084985,44.281280517578125,37.64651870727539,True,50,0.8
629,30.886798492713638,0.946584988370061,51.39309310913086,3.846707344055176,0.045125875530053,217.52395629882812,253.18450927734375,True,50,0.8
630,37.88138410222182,0.9593728604208451,82.76713562011719,18.170700073242188,0.039408916173489496,760.9739990234375,713.63623046875,True,50,0.8
631,27.881715321402893,0.9204858024693522,1282.5806884765625,18.723493576049805,0.03843005999280889,808.5278930664062,895.3116455078125,True,50,0.8
632,33.53040433726695,0.9686242717369176,114.5953140258789,6.836104393005371,0.048869274727560905,435.3731689453125,512.165771484375,True,50,0.8
633,23.859013254408517,0.8951020518515328,1160.3028564453125,9.543017387390137,0.042782314763123934,542.0618896484375,532.5813598632812,True,50,0.8
634,33.670174019387204,0.9878842150802091,4.99822998046875,2.2637603282928467,0.040973175596176144,114.51940155029297,108.0648422241211,True,50,0.8
635,34.896837166832604,0.9847274658234619,64.94320678710938,6.296772480010986,0.053350009574875526,472.0325927734375,447.9649658203125,True,50,0.8
636,36.32361081988377,0.9791664042432242,66.21791076660156,6.451504707336426,0.03412420148954008,514.26318359375,533.0846557617188,True,50,0.8
637,-279.8507370617988,0.38636839735405176,5.397380659370555e+32,3.056306286976041e+17,0.020354624389459893,378.4268493652344,243.22802734375,True,50,0.8
638,33.8104164559098,0.9556172978444365,30.307373046875,5.7892327308654785,0.04079813755762555,273.0469665527344,269.9739990234375,True,50,0.8
639,27.214176219316354,0.9277549484981102,268.1184387207031,8.553991317749023,0.03771931258458822,313.876953125,377.9068908691406,True,50,0.8
640,24.912681819725393,0.8675270512371176,1.4060685634613037,1.3433111906051636,0.03166476932533456,25.497528076171875,21.05112648010254,True,50,0.8
641,21.86476496020907,0.7748513459023741,658.188720703125,9.845786094665527,0.06752450879132382,234.52906799316406,322.757080078125,True,50,0.8
642,24.581225581091736,0.8910598551265326,154.0113067626953,5.8445892333984375,0.042735657627282354,243.91192626953125,212.23655700683594,True,50,0.8
643,29.76775477707058,0.9393500681462917,112.05018615722656,8.696049690246582,0.05496654454978402,318.36187744140625,328.16986083984375,True,50,0.8
644,25.372566913710536,0.8920859322196951,38.189762115478516,1.1851210594177246,0.08960946427815789,65.44762420654297,120.64237213134766,True,50,0.8
645,34.10770462663267,0.9644094383338288,307.8953857421875,17.914018630981445,0.04134110721196289,924.4411010742188,890.6367797851562,True,50,0.8
646,24.82876058445941,0.9303065173028054,1155.6019287109375,12.600587844848633,0.03061297769023642,536.0809326171875,593.9988403320312,True,50,0.8
647,25.883538179701123,0.9164761467937714,1061.14794921875,24.196670532226562,0.03984938780865706,638.9141235351562,679.4232177734375,True,50,0.8
648,28.416257502822408,0.8506124107298918,756.4598388671875,26.189802169799805,0.047122999467440155,740.0182495117188,789.382080078125,True,50,0.8
649,30.81080531626789,0.9638139101512292,206.4619903564453,8.538063049316406,0.05236902026763776,538.1145629882812,498.9437561035156,True,50,0.8
650,26.794054152007828,0.9230079803004538,8.98778247833252,1.1464343070983887,0.08542530001286214,41.37338638305664,87.83336639404297,True,50,0.8
651,18.81413240298702,0.7828683049328649,3788.89794921875,29.68085289001465,0.031106444016008143,667.1256713867188,537.5694580078125,True,50,0.8
652,32.45339760390561,0.9590909214165557,186.6033172607422,9.28158950805664,0.052294430543490686,524.3004150390625,587.2542724609375,True,50,0.8
653,30.332457560742128,0.8972583273447924,503.69708251953125,11.96851634979248,0.042836516718330074,654.6729125976562,745.6940307617188,True,50,0.8
654,28.30962337571481,0.9161492839707417,274.648193359375,4.979773044586182,0.04734266617852127,381.18939208984375,432.2278747558594,True,50,0.8
655,29.58782304677743,0.9714382182887464,18.095367431640625,1.405879020690918,0.054476711453500866,111.81200408935547,128.45272827148438,True,50,0.8
656,26.96887836056404,0.8379545382933928,134.41763305664062,11.165013313293457,0.05237879431181469,291.3539733886719,284.49212646484375,True,50,0.8
657,24.947136818959752,0.8716176601729411,340.45391845703125,5.6061882972717285,0.0654812075676624,273.45098876953125,363.7192077636719,True,50,0.8
658,29.63333418182072,0.9530541509374499,309.0001220703125,4.735532283782959,0.11481630772774387,316.6560363769531,646.2713012695312,True,50,0.8
659,28.41867249581116,0.9310137703884727,433.72369384765625,12.049779891967773,0.03928066587545974,548.1184692382812,571.20751953125,True,50,0.8
660,24.006110124600248,0.7818729887193624,490.4533386230469,9.746292114257812,0.04485593141678598,274.8642578125,356.7406311035156,True,50,0.8
661,27.250815337960795,0.9266264657324162,1751.3675537109375,33.104122161865234,0.03412620526631483,1111.1767578125,986.5287475585938,True,50,0.8
662,23.853423826972318,0.916333275530569,1498.4913330078125,9.150611877441406,0.046322999711733086,498.9450378417969,606.1690673828125,True,50,0.8
663,40.46468006250489,0.9714346336521846,5.070093631744385,5.807934284210205,0.0323835019112626,261.6630554199219,237.98956298828125,True,50,0.8
664,27.043465974834252,0.9176041676751285,20.757034301757812,4.052101135253906,0.04994134068390814,108.27565002441406,102.6806869506836,True,50,0.8
665,26.327993806228438,0.9233429745662385,54.98515701293945,3.5711140632629395,0.038116316935241076,177.89413452148438,153.70628356933594,True,50,0.8
666,-168.91673272497908,0.19690583606981996,4.6686160213169783e+21,23322900480.0,0.022770077861779165,367.8800964355469,246.71177673339844,True,50,0.8
667,-137.8138235516307,0.4214665143606512,1.5757215211989238e+18,2197333504.0,0.02362803659199408,160.78150939941406,161.52069091796875,True,50,0.8
668,-31.39014952041562,0.4042563926506293,47703780.0,63996.6015625,0.023171881386940214,199.03863525390625,187.38046264648438,True,50,0.8
669,19.240255567587436,0.7987445262136165,971.579833984375,13.239919662475586,0.035913794965382204,359.31402587890625,285.81005859375,True,50,0.8
670,31.112587794216818,0.9406137599333951,21.824853897094727,2.351836681365967,0.06682829659645567,136.93234252929688,174.20022583007812,True,50,0.8
671,23.420878511679447,0.9192670234032091,3647.627685546875,4.757889747619629,0.0619067706196789,620.14697265625,896.86865234375,True,50,0.8
672,27.70876242525253,0.9507448612505683,11.155094146728516,0.4284277856349945,0.05160958568792233,60.661033630371094,81.15351104736328,True,50,0.8
673,33.14251035912292,0.9552575916482445,133.53895568847656,10.91506576538086,0.046865954524495386,578.18408203125,524.9868774414062,True,50,0.8
674,32.99079251259376,0.9400753633256606,83.33897399902344,2.121483087539673,0.08610336927246294,191.30274963378906,410.9864196777344,True,50,0.8
675,36.379420859489294,0.9659025589978731,209.7572479248047,17.341064453125,0.042970945795400756,878.5175170898438,982.396240234375,True,50,0.8
676,29.86602607487552,0.9501854084716616,11.617974281311035,2.032379150390625,0.04757336299079714,87.99678802490234,112.92686462402344,True,50,0.8
677,21.346591875026256,0.8180920780335781,1162.2490234375,20.838014602661133,0.03164455911408336,469.89642333984375,398.4577331542969,True,50,0.8
678,27.891173371424287,0.9196438028047513,1516.0751953125,35.493690490722656,0.03367737528916748,1213.03076171875,969.5009765625,True,50,0.8
679,33.88269987215724,0.982373022642544,305.1558532714844,13.386285781860352,0.05842450662247364,795.9209594726562,865.6416015625,True,50,0.8
680,28.666067701875555,0.9383321577919526,907.4569091796875,13.172517776489258,0.04600794989592022,708.3740844726562,817.2550048828125,True,50,0.8
681,20.04491372458499,0.8075734825752539,657.0706176757812,12.428927421569824,0.034122219337393,339.33935546875,258.6449279785156,True,50,0.8
682,25.316528186910663,0.9165069925542575,82.66536712646484,5.142743110656738,0.037115477043583575,154.1826934814453,171.71670532226562,True,50,0.8
683,31.144278871591908,0.9662812823204803,343.51019287109375,3.6532909870147705,0.04140924950824022,559.389892578125,668.9745483398438,True,50,0.8
684,25.96199952169585,0.8428338789318615,1927.4779052734375,24.77021026611328,0.038824330506895696,1197.0626220703125,929.4465942382812,True,50,0.8
685,30.242485968942304,0.9330948297783994,293.4386291503906,16.872623443603516,0.04001971528059771,625.4273071289062,557.2061157226562,True,50,0.8
686,25.08926212571648,0.9435366816310283,1009.4583740234375,10.888408660888672,0.03514817497562948,524.8735961914062,572.0410766601562,True,50,0.8
687,28.89968925781952,0.9435984084942023,101.49901580810547,6.072001934051514,0.04889840332102139,330.6499938964844,280.6991271972656,True,50,0.8
688,34.80185545581588,0.9559844663699222,195.99453735351562,17.99980926513672,0.04282377505001552,798.0311279296875,769.7234497070312,True,50,0.8
689,34.49791417746232,0.9710699525134113,12.524381637573242,3.6661784648895264,0.03420332579986423,187.97679138183594,187.85670471191406,True,50,0.8
690,36.03909846432411,0.9793512602370343,26.157161712646484,3.5422120094299316,0.043501897888084416,300.1246337890625,324.3555603027344,True,50,0.8
691,-13.029180569037619,0.49666157785266246,3617997.25,5689.60595703125,0.027834106981183125,563.0439453125,426.0110168457031,True,50,0.8
692,31.91207955354692,0.9465665284878698,165.51712036132812,7.491589546203613,0.054221567613307174,466.8974609375,508.102783203125,True,50,0.8
693,24.663538678193156,0.8994762317524498,200.90908813476562,7.162628650665283,0.03977254404158907,249.8285369873047,243.16732788085938,True,50,0.8
694,21.542234912720374,0.8479919912595344,93.75834655761719,0.2856324315071106,0.07723875702053229,62.0540885925293,115.72198486328125,True,50,0.8
695,20.761909399559674,0.8199117511170524,3075.126708984375,18.212631225585938,0.037734791458254556,466.8949890136719,611.0093994140625,True,50,0.8
696,26.110010744652893,0.8907571820113558,200.386962890625,8.967713356018066,0.06858314187574457,271.74365234375,289.3419189453125,True,50,0.8
697,21.468266963794388,0.7879411319152964,2313.474609375,13.862760543823242,0.06406350634480332,382.57098388671875,581.656982421875,True,50,0.8
698,25.66242149456209,0.9433581576799402,63.681251525878906,2.8842294216156006,0.04590646480110228,128.70541381835938,155.20835876464844,True,50,0.8
699,23.97173252959124,0.8483891557527322,922.5447387695312,13.354724884033203,0.0745216735148265,363.44244384765625,481.6589660644531,True,50,0.8
700,36.11839303618643,0.9816045017895684,68.83468627929688,4.783481121063232,0.049739354405003225,486.1512451171875,533.0568237304688,True,50,0.8
701,29.606017895583832,0.9261183760004451,2.7310478687286377,1.033190369606018,0.055574108393419586,44.222415924072266,52.77171325683594,True,50,0.8
702,23.667766856682697,0.8393920461353591,485.5719299316406,13.285722732543945,0.029043800962257494,520.41064453125,337.2676696777344,True,50,0.8
703,27.075076382554563,0.8765401047590415,35.43354415893555,3.9189279079437256,0.03942114169144898,139.61288452148438,135.28025817871094,True,50,0.8
704,25.15398953623977,0.9137545831379422,12.263355255126953,2.268828868865967,0.025714972095766245,108.08719635009766,64.31159210205078,True,50,0.8
705,34.22314486113399,0.9707968298218936,369.22174072265625,9.851449966430664,0.04658867356737952,888.9102783203125,989.9702758789062,True,50,0.8
706,30.266002969845367,0.8675149431407944,88.33271789550781,12.527875900268555,0.04559780270491429,336.5072937011719,323.031494140625,True,50,0.8
707,17.881891004760416,0.730861953531043,10665.4951171875,33.785560607910156,0.03403582217747731,887.5543212890625,810.0645751953125,True,50,0.8
708,29.108478487665025,0.945333469724446,66.4117431640625,5.020432949066162,0.048889330088272356,213.48423767089844,255.38601684570312,True,50,0.8
709,27.307978877518213,0.8535281532589188,863.46044921875,25.437664031982422,0.039198528089117154,736.98193359375,681.8212280273438,True,50,0.8
710,24.285389970147435,0.8897677030937191,2126.96728515625,23.518396377563477,0.04321697998934502,664.3707885742188,760.4676513671875,True,50,0.8
711,20.322789888683698,0.7423085785594257,3226.280517578125,28.27065086364746,0.02536398704620111,867.6229858398438,596.0430908203125,True,50,0.8
712,33.783788095098465,0.9381473017520088,93.1798095703125,15.347432136535645,0.060468453336107085,506.98443603515625,472.1046142578125,True,50,0.8
713,28.08376795053329,0.8792097459746533,236.31666564941406,2.630796194076538,0.12530460643752273,163.58644104003906,412.4290771484375,True,50,0.8
714,29.448432923239643,0.9130430018108326,138.67898559570312,8.977614402770996,0.044874095561027005,382.52459716796875,349.5194091796875,True,50,0.8
715,24.566896483254187,0.8720886878019547,3018.406005859375,53.38771438598633,0.03090721394880975,1312.56298828125,929.599609375,True,50,0.8
716,31.636685234917362,0.9533931175929228,471.76776123046875,25.517160415649414,0.0399594259208556,904.6119384765625,830.788818359375,True,50,0.8
717,27.11231771166346,0.9287031976577237,1810.64111328125,25.64093589782715,0.039739945484950405,1074.1461181640625,965.0618896484375,True,50,0.8
718,-237.33501511651113,0.41433642133425264,8.469649879919211e+27,54386067767296.0,0.02153797722335326,272.57763671875,125.17292785644531,True,50,0.8
719,35.576834974265495,0.9661335352542969,147.76141357421875,12.993020057678223,0.0366765135366132,719.0491333007812,731.1365966796875,True,50,0.8
720,19.80867524542878,0.8238959436328175,9160.8515625,24.76540184020996,0.043632408979018,806.2796630859375,938.402099609375,True,50,0.8
721,26.25050746878137,0.9323729730765763,78.12503814697266,3.1290695667266846,0.05808928268410531,135.42178344726562,182.0518341064453,True,50,0.8
722,23.23210359161406,0.8570191579004313,21.214372634887695,1.7250244617462158,0.033926393218417714,71.82827758789062,67.42977142333984,True,50,0.8
723,29.590207511051684,0.8886626557253832,474.8493957519531,14.929448127746582,0.0459657930431415,641.4480590820312,741.3795166015625,True,50,0.8
724,28.762514422805058,0.8858591197602791,414.5987854003906,17.050146102905273,0.05084672824410992,483.4678039550781,574.8986206054688,True,50,0.8
725,29.04241095079179,0.8542110972498022,525.551513671875,26.845081329345703,0.04163001778897204,750.92333984375,841.9869384765625,True,50,0.8
726,25.208330972714244,0.9072086793342673,59.46754837036133,3.9891204833984375,0.042329823202532375,149.53309631347656,140.63259887695312,True,50,0.8
727,29.43978074577666,0.9389850671323338,719.38427734375,18.011547088623047,0.038723481645477315,846.6017456054688,795.4720458984375,True,50,0.8
728,23.47126447616791,0.8903237629078244,183.97393798828125,7.655166149139404,0.04062200322362894,226.99588012695312,202.42568969726562,True,50,0.8
729,25.408116086024375,0.9393042777559236,76.86127471923828,6.324343204498291,0.02990153883739056,225.88021850585938,164.49229431152344,True,50,0.8
730,23.395937022503883,0.8694655473090053,119.86030578613281,6.2051472663879395,0.04288847079491677,177.22088623046875,165.10153198242188,True,50,0.8
731,36.271682828014626,0.9752768410679233,156.5285186767578,10.461292266845703,0.041283426017362006,783.5292358398438,814.7601318359375,True,50,0.8
732,27.98763165094474,0.9572162543595514,702.7900390625,8.7440767288208,0.04440622966356875,545.1997680664062,665.5320434570312,True,50,0.8
733,24.900204551656742,0.8930226040072559,878.7277221679688,24.62008285522461,0.02617633000094424,804.7628784179688,523.5423583984375,True,50,0.8
734,27.946732360274193,0.9454927560022741,207.20643615722656,3.7998576164245605,0.03215526797192811,329.1762390136719,359.4716491699219,True,50,0.8
735,25.64426815612244,0.9022842953433317,2064.33056640625,28.7283935546875,0.054449142173027834,687.1290893554688,877.3233642578125,True,50,0.8
736,24.539628202093695,0.8958034753814816,537.1599731445312,17.095399856567383,0.03388069227921771,465.30322265625,393.05267333984375,True,50,0.8
737,-21.004459872838,0.5066512386978056,82485376.0,18222.724609375,0.03149981515644551,1109.798828125,816.7828369140625,True,50,0.8
738,24.13229539222875,0.8902873767326491,744.3458862304688,13.480622291564941,0.04072860283832476,384.85595703125,439.6957702636719,True,50,0.8
739,19.523006468382334,0.6154725399656048,1586.245849609375,21.115070343017578,0.031321687618027914,440.88116455078125,377.5674743652344,True,50,0.8
740,24.124102716541916,0.8457422145403022,829.8692626953125,16.691680908203125,0.04704490653547648,546.6156616210938,463.21710205078125,True,50,0.8
741,23.483059423832138,0.8410004244846272,408.8000183105469,16.81908416748047,0.036178584223596356,398.3138427734375,302.0765075683594,True,50,0.8
742,26.172816224940885,0.8774395368443523,1348.1802978515625,34.65531921386719,0.04778455200362383,917.9945678710938,747.8617553710938,True,50,0.8
743,20.08200585489583,0.8399322645999003,2481.6552734375,21.141822814941406,0.03742711240630762,581.6807250976562,503.2176818847656,True,50,0.8
744,27.616924936416616,0.9266692355844135,88.59059143066406,7.295541286468506,0.04003938410662346,242.88021850585938,232.98048400878906,True,50,0.8
745,25.422985631809713,0.8678284327949372,2224.0322265625,18.20915985107422,0.06778436517259862,617.6552734375,899.6749877929688,True,50,0.8
746,34.51152390262543,0.9537881172278471,52.22185134887695,11.76410961151123,0.04040359917839628,400.2776794433594,384.50732421875,True,50,0.8
747,35.620013774462194,0.9692818058810367,81.03266143798828,10.918339729309082,0.055788898854177545,544.0161743164062,544.0093383789062,True,50,0.8
748,29.298231069358238,0.9500124882464561,896.6043090820312,13.643584251403809,0.05438832472548333,695.78076171875,906.5656127929688,True,50,0.8
749,20.25813235536755,0.7057863826287638,3612.126708984375,10.134454727172852,0.04664243478924144,482.510009765625,624.61376953125,True,50,0.8
750,-71.49107291992381,0.4575588881381026,172156665856.0,185162.59375,0.02597494389141653,149.91302490234375,117.78114318847656,True,50,0.8
751,-196.62676458443406,0.35171596413615025,4.054463375518436e+25,1546037493760.0,0.024493295332111045,1609.1776123046875,939.8922729492188,True,50,0.8
752,-72.22069826596716,0.40064790089504926,6489053855744.0,8341019.5,0.02502920063652902,853.8203735351562,628.080322265625,True,50,0.8
753,27.17272212898294,0.9042199403689708,214.6566925048828,4.136175155639648,0.04209745289566784,241.80445861816406,335.5707092285156,True,50,0.8
754,25.970926988541084,0.9228694271315485,49.45634841918945,1.9980822801589966,0.05074639743885477,109.34468078613281,140.13279724121094,True,50,0.8
755,26.97288019801772,0.9336171422011466,1265.775634765625,9.406519889831543,0.05458031751006499,650.4507446289062,794.2311401367188,True,50,0.8
756,26.25334304888186,0.9153949317010072,911.2775268554688,19.37310218811035,0.02513805427581781,738.2156982421875,620.4526977539062,True,50,0.8
757,28.13911646290633,0.8978221905232725,422.7210388183594,18.004379272460938,0.025930978288788754,906.5337524414062,533.9276123046875,True,50,0.8
758,31.740550126913657,0.9700299484042069,534.1522216796875,7.777260780334473,0.044295252787153,794.902587890625,893.9987182617188,True,50,0.8
759,24.838322897134542,0.8100894008864893,1921.28857421875,31.181716918945312,0.0426415814846827,766.03857421875,788.80859375,True,50,0.8
760,27.462505787998666,0.9399702920740849,41.672279357910156,3.3488516807556152,0.04496905812163016,135.05723571777344,152.52320861816406,True,50,0.8
761,30.345367929514104,0.9067471234809191,83.8958511352539,8.398001670837402,0.032704291423596384,305.4798889160156,312.41033935546875,True,50,0.8
762,25.238359741200863,0.9052303906172606,184.09181213378906,7.157073020935059,0.04900294040498419,239.0863037109375,249.2406463623047,True,50,0.8
763,20.342224704957527,0.8338702578592767,5099.7421875,24.226198196411133,0.053963086952870117,752.1536254882812,744.2023315429688,True,50,0.8
764,34.92231242703032,0.9495868801886083,0.38295066356658936,1.0237644910812378,0.0524550520795479,36.425254821777344,34.4989013671875,True,50,0.8
765,32.74704435849892,0.9263020252464849,168.4782257080078,16.139307022094727,0.0473246379358683,583.43994140625,570.31982421875,True,50,0.8
766,25.171030629887433,0.8795087294594129,1694.983642578125,17.21441078186035,0.04649689773569526,594.2255859375,762.6962280273438,True,50,0.8
767,26.371427650951706,0.9302562776879937,1700.2886962890625,7.886343002319336,0.06024756792749905,604.6930541992188,876.8888549804688,True,50,0.8
768,31.553247430668595,0.9592118272625133,81.90422821044922,7.658543586730957,0.047602923561876155,351.3951416015625,342.7396545410156,True,50,0.8
769,27.33202153679761,0.8538530457414537,1056.5594482421875,8.725898742675781,0.06293494634072153,470.34442138671875,821.43603515625,True,50,0.8
770,21.096880536416542,0.7678723684355296,94.97854614257812,2.6908881664276123,0.05703884857742901,89.35546112060547,111.52110290527344,True,50,0.8
771,36.005293272939795,0.9871227746931269,179.6597137451172,7.116598606109619,0.03491478403028725,765.6506958007812,846.6058349609375,True,50,0.8
772,26.55668777854259,0.8774517332237325,36.402381896972656,8.148831367492676,0.02938189955604568,212.2255401611328,128.36117553710938,True,50,0.8
773,33.89285725470116,0.9500828250642901,63.786930084228516,12.944245338439941,0.04309221954360006,433.3269348144531,397.8900146484375,True,50,0.8
774,24.393253685918538,0.8731086991094937,2307.3095703125,27.45493507385254,0.037984048564027616,914.2549438476562,797.498046875,True,50,0.8
775,28.698560802630986,0.89095870952416,23.50801658630371,3.3470842838287354,0.05786078661049503,124.48258972167969,150.76751708984375,True,50,0.8
776,29.387989215955294,0.9667243942602992,60.81980514526367,2.771449089050293,0.05396831866685239,195.32017517089844,230.0221405029297,True,50,0.8
777,24.64707024485534,0.892696046630849,1786.7142333984375,14.101468086242676,0.07694394498292319,562.1967163085938,722.5303344726562,True,50,0.8
778,27.80452716915449,0.9490985916110507,859.3991088867188,13.850807189941406,0.08194191022510368,738.6217651367188,720.3165283203125,True,50,0.8
779,36.74256637215827,0.9746382559569874,86.9845199584961,7.6834716796875,0.061003968455288916,605.1445922851562,641.5064697265625,True,50,0.8
780,30.287498441300805,0.9444573220745944,441.86663818359375,8.920526504516602,0.04604390298512519,495.44769287109375,694.2545166015625,True,50,0.8
781,32.73737621322786,0.9740094045336648,157.08432006835938,10.257068634033203,0.054651521860358106,532.6989135742188,543.1817016601562,True,50,0.8
782,23.97327379636879,0.9062560890732831,253.13877868652344,4.282063961029053,0.07998720971090316,164.10581970214844,252.54725646972656,True,50,0.8
783,29.759109228373596,0.9442492267395628,122.83740234375,8.388672828674316,0.04240596700724557,332.1837158203125,346.3503112792969,True,50,0.8
784,33.867634654028095,0.9715403153092992,13.646993637084961,2.764580249786377,0.04162856413032117,177.519287109375,182.41612243652344,True,50,0.8
785,-36.05660270375203,0.4484944483589559,3042053376.0,107235.9765625,0.028568467826921864,912.7202758789062,908.5421142578125,True,50,0.8
786,29.907721465604347,0.9626102399838352,347.08062744140625,7.8803629875183105,0.06013612542094523,554.9339599609375,583.8084106445312,True,50,0.8
787,25.17086657038851,0.8207876883487778,477.1696472167969,20.834129333496094,0.025162672314013756,629.3140869140625,401.4505615234375,True,50,0.8
788,34.92918906453801,0.981919905241921,67.0944595336914,6.281829357147217,0.03659973595555252,457.6866149902344,462.5437927246094,True,50,0.8
789,36.727383321324574,0.9669727677761955,190.50218200683594,15.142218589782715,0.041818152967674715,907.7702026367188,947.3360595703125,True,50,0.8
790,25.589496942519034,0.9078252772763141,58.77253341674805,4.970639228820801,0.04742934817882742,157.98513793945312,154.19805908203125,True,50,0.8
791,32.40600004260045,0.9468057377281204,197.6745147705078,12.12655258178711,0.04324866538284629,606.2849731445312,586.6436157226562,True,50,0.8
792,29.595546557069405,0.9623806550560597,280.5608825683594,11.869206428527832,0.051068721618119255,465.6028137207031,506.3827819824219,True,50,0.8
793,22.82667159657505,0.9072235839884013,1940.36279296875,25.428157806396484,0.04669860467522689,776.2433471679688,611.8427734375,True,50,0.8
794,22.419504830780422,0.8737094264753332,2.077240467071533,0.15844736993312836,0.035727035557873404,13.407703399658203,19.092073440551758,True,50,0.8
795,25.963967150683857,0.8958940040704605,1926.6912841796875,31.701637268066406,0.03110421894296625,1028.2703857421875,872.2517700195312,True,50,0.8
796,27.2451153433966,0.8656542567811114,1450.4324951171875,29.03617286682129,0.03696874595468295,1027.860107421875,932.1861572265625,True,50,0.8
797,36.53826185407832,0.9431718049995732,70.73596954345703,16.876983642578125,0.0349797241953949,565.2827758789062,565.5680541992188,True,50,0.8
798,28.54629072138479,0.9481678729025326,676.9207153320312,7.6337056159973145,0.040942173850126794,593.0232543945312,696.9541625976562,True,50,0.8
799,29.385745682858087,0.8647986080043856,714.02685546875,19.943042755126953,0.03999965236247409,908.5812377929688,922.576904296875,True,50,0.8
800,25.161190706443403,0.8456353358155495,1417.90234375,40.304988861083984,0.032321447212734174,1027.8614501953125,707.5313720703125,True,50,0.8
801,28.32423563560757,0.9583381085096252,34.559844970703125,0.9881476163864136,0.05830206354738389,121.0130615234375,153.38650512695312,True,50,0.8
802,25.606544825525233,0.9147251197397641,900.413330078125,14.545455932617188,0.049115593089477466,562.0639038085938,576.7120971679688,True,50,0.8
803,27.224537458300123,0.9454295156894577,697.6353149414062,6.031854629516602,0.03973475810867903,512.1371459960938,607.1083374023438,True,50,0.8
804,32.61956667762912,0.9825270443816426,97.5813980102539,13.63647174835205,0.028641682562874575,563.9419555664062,424.70654296875,True,50,0.8
805,33.654763617558174,0.9596518288425124,233.69873046875,23.524778366088867,0.03912630057233928,771.2211303710938,736.707763671875,True,50,0.8
806,25.499473988323793,0.9364144790675434,2458.79833984375,2.825716018676758,0.05272392222898426,755.1873779296875,934.4326782226562,True,50,0.8
807,30.167749634968665,0.946958886280702,820.0291137695312,25.798032760620117,0.05099190358985277,981.5977783203125,925.6429443359375,True,50,0.8
808,35.34994476138509,0.9616013671683822,59.388465881347656,8.096739768981934,0.06113155952278259,457.4323425292969,451.3885192871094,True,50,0.8
809,21.091368516325318,0.7846311556994223,99.14984893798828,8.367807388305664,0.04002922628459836,173.52291870117188,114.12480926513672,True,50,0.8
810,19.58546300218793,0.7962076157750514,10641.7138671875,40.228721618652344,0.04245456632444974,1150.8118896484375,984.8563842773438,True,50,0.8
811,35.084606852955154,0.9598536929817268,218.20347595214844,14.395026206970215,0.03997229022251843,802.7035522460938,839.0592041015625,True,50,0.8
812,27.977552508938732,0.9373001127712375,25.08678436279297,3.5232789516448975,0.030529678693429204,143.09060668945312,125.53801727294922,True,50,0.8
813,26.912560312414634,0.8539691730792264,1694.0775146484375,41.11542510986328,0.035709754803501956,1009.230224609375,920.9210205078125,True,50,0.8
814,26.58171238515827,0.912892575049917,1572.945068359375,16.481653213500977,0.06422988541909065,675.1314697265625,870.0264892578125,True,50,0.8
815,31.953476976889963,0.9402269734371496,171.9113006591797,13.426225662231445,0.0364976833587104,594.387939453125,519.3192138671875,True,50,0.8
816,20.767464172484154,0.8830241746196422,2901.496826171875,14.353199005126953,0.0438844404583431,539.7647705078125,591.6841430664062,True,50,0.8
817,28.68938815055145,0.9052745791861424,215.85011291503906,14.048457145690918,0.029285515412476183,474.66119384765625,399.60369873046875,True,50,0.8
818,30.118859772646495,0.9558213093886065,3.0186545848846436,0.7349458932876587,0.03525431648112238,52.1364860534668,55.706878662109375,True,50,0.8
819,24.297525217822972,0.9121826108049128,419.0678405761719,1.4078404903411865,0.06329038357627807,246.6718292236328,335.8620300292969,True,50,0.8
820,32.163918432677356,0.9610160728387911,391.30694580078125,13.355217933654785,0.060082858267361,724.52587890625,803.0505981445312,True,50,0.8
821,26.265468550799017,0.8766033875970295,0.06536681205034256,0.11149199306964874,0.06159244919537258,4.750667572021484,5.6273908615112305,True,50,0.8
822,34.653326696198334,0.9786457129830054,37.742942810058594,8.350375175476074,0.04063618318816068,347.8895568847656,334.1656799316406,True,50,0.8
823,17.499093935950643,0.7955514074480896,2825.282470703125,19.27544593811035,0.03417078266994102,600.0203857421875,398.7705383300781,True,50,0.8
824,32.824480148951125,0.9717501859777483,150.89744567871094,9.485228538513184,0.03566531917154114,571.0374755859375,537.8582153320312,True,50,0.8
825,23.841229278959617,0.856801921513903,3470.92919921875,5.250353813171387,0.0867979694377511,547.3547973632812,919.935791015625,True,50,0.8
826,29.070694883214472,0.9118461492245534,148.56552124023438,12.648591995239258,0.04189843306849015,371.0638122558594,346.9996337890625,True,50,0.8
827,-inf,,inf,inf,0.01724231841160805,748.4368286132812,347.60626220703125,True,50,0.8
828,30.086754645208252,0.9697729397038434,523.4439086914062,19.64499282836914,0.041857888408100515,892.7411499023438,737.7637329101562,True,50,0.8
829,26.159226612759724,0.9032602123800815,405.5519714355469,12.208901405334473,0.03657715400593982,500.89422607421875,452.7657165527344,True,50,0.8
830,-111.46141535381106,0.38031130926883333,7100588646989824.0,70186784.0,0.02484645321875179,246.84689331054688,225.38021850585938,True,50,0.8
831,19.12798730276186,0.7252188947110512,2504.569580078125,30.436803817749023,0.02995514513436538,674.7939453125,452.9870910644531,True,50,0.8
832,26.184065670483633,0.9529554778287116,48.21445083618164,2.2969677448272705,0.0428282297397435,133.94859313964844,141.71615600585938,True,50,0.8
833,27.020643322959742,0.8458734618584454,55.09419250488281,7.132157325744629,0.036762132924263224,244.3474578857422,177.21060180664062,True,50,0.8
834,26.363228859329336,0.8519711945985874,566.6703491210938,17.354446411132812,0.0421879296936283,535.326171875,498.8694152832031,True,50,0.8
835,32.1808398797499,0.9780124761279523,105.34500122070312,5.222695827484131,0.046769825342906024,339.9326171875,419.50653076171875,True,50,0.8
836,27.01733647323751,0.8650351827973798,1625.2646484375,18.97256851196289,0.04402078264241751,843.5980224609375,914.9310302734375,True,50,0.8
837,23.524756252490132,0.8834416235872224,577.7000732421875,6.738833904266357,0.04912009288441681,321.72369384765625,363.031494140625,True,50,0.8
838,27.57034638421119,0.9129079390159578,589.4740600585938,11.494193077087402,0.04126351844064578,522.9559936523438,581.0077514648438,True,50,0.8
839,27.78243373088827,0.8951003329882865,602.0457153320312,14.612698554992676,0.05572135686141128,529.3777465820312,632.6320190429688,True,50,0.8
840,35.04335519511431,0.9624205791113669,0.06194749474525452,0.25161096453666687,0.036903588723875565,14.714873313903809,14.081361770629883,True,50,0.8
841,24.094300555723414,0.9116172433322427,1698.4039306640625,13.169249534606934,0.05181271114368286,545.0040283203125,663.8738403320312,True,50,0.8
842,24.276139423066468,0.8820227255628582,117.56758117675781,7.352865695953369,0.028684095439772336,234.45799255371094,178.85792541503906,True,50,0.8
843,29.944684763483917,0.9386919537257361,935.0660400390625,25.364635467529297,0.03294711067232445,1055.365966796875,961.1092529296875,True,50,0.8
844,28.463243877844455,0.8927880123342216,31.752832412719727,3.96698260307312,0.03306067929365881,152.22384643554688,149.51406860351562,True,50,0.8
845,30.850003205605923,0.9519938223748261,141.5929412841797,6.353348255157471,0.06022506895834618,345.0016174316406,415.2095031738281,True,50,0.8
846,33.398951829051896,0.9490079652398855,3.3995285034179688,2.528994083404541,0.03132063703285066,88.25975799560547,86.26432037353516,True,50,0.8
847,25.706189707027647,0.9154053032013777,2571.732666015625,19.598522186279297,0.06290974963862957,695.0621948242188,996.8773803710938,True,50,0.8
848,29.438514585955513,0.9614108645417742,287.1813659667969,8.594714164733887,0.03532139995654518,414.06597900390625,502.69281005859375,True,50,0.8
849,20.847831058739356,0.837283282531698,2861.00341796875,14.688190460205078,0.040395031789592056,692.975830078125,595.7896118164062,True,50,0.8
850,26.083790842025603,0.9065987171819198,11.056876182556152,1.8775224685668945,0.03995864423112956,76.55010986328125,68.0093994140625,True,50,0.8
851,29.669840252242473,0.9612635620268998,606.2789916992188,14.086508750915527,0.07150294726756082,622.0899658203125,750.2105102539062,True,50,0.8
852,-inf,,inf,inf,0.018636710008256376,342.6788024902344,210.69569396972656,True,50,0.8
853,27.875878933866474,0.897056664291181,1291.7681884765625,28.00408363342285,0.042493650546035974,876.0259399414062,898.15625,True,50,0.8
854,29.568740095142086,0.965182434786707,46.75166702270508,1.3118743896484375,0.05822287316260552,180.30799865722656,205.9344940185547,True,50,0.8
855,22.19158933123735,0.9089011826847514,220.53607177734375,7.81809663772583,0.041755554841389445,239.29788208007812,191.49703979492188,True,50,0.8
856,32.560679715055045,0.9387697083231589,0.7786014080047607,1.167040228843689,0.03375878562807321,43.985286712646484,37.513118743896484,True,50,0.8
857,24.71770206305589,0.9086753495851622,748.2312622070312,10.032669067382812,0.06522769664687068,371.3981628417969,472.5948791503906,True,50,0.8
858,37.30840192110277,0.9677604983942304,59.306861877441406,10.876432418823242,0.04262181396403182,589.1234130859375,565.2763061523438,True,50,0.8
859,23.003841063712084,0.9137358525479587,22.173749923706055,0.8694876432418823,0.05324216408564413,52.4975700378418,66.64292907714844,True,50,0.8
860,20.40986270840072,0.8578010195698272,5464.92236328125,10.223702430725098,0.05115687814050016,707.0034790039062,775.7520751953125,True,50,0.8
861,26.068055656315163,0.943538073163914,477.4458923339844,10.95399284362793,0.05917912543199638,385.94110107421875,453.8355407714844,True,50,0.8
862,33.18432345950725,0.9708768399384246,128.0354766845703,6.856760501861572,0.05905831189655881,329.8975830078125,524.8659057617188,True,50,0.8
863,28.32966512885411,0.9475043420944175,281.0604248046875,11.831908226013184,0.04056491465391532,392.8366394042969,441.3219909667969,True,50,0.8
864,28.75662616884972,0.9163031344550928,209.6349639892578,6.6107177734375,0.05507887582811735,337.2442321777344,401.3623046875,True,50,0.8
865,26.617295910690384,0.8949147198710617,682.9807739257812,21.72355842590332,0.04919036195512731,649.7576293945312,560.0806884765625,True,50,0.8
866,27.107399646096614,0.9338070381244393,47.401084899902344,2.8369734287261963,0.03749472020692172,143.76119995117188,156.0850067138672,True,50,0.8
867,34.699714982421284,0.982985228746053,11.302842140197754,2.545274019241333,0.047139514685047616,168.8441619873047,182.74620056152344,True,50,0.8
868,21.139851482541545,0.8163475693817183,5579.86083984375,23.66434669494629,0.03693926452071588,816.5928955078125,861.923828125,True,50,0.8
869,32.31845441169931,0.95079364234695,524.1508178710938,20.875110626220703,0.04284364194568065,987.298095703125,946.1693725585938,True,50,0.8
870,34.522825024465085,0.9652408635007339,49.33442687988281,6.556378364562988,0.04819857452137962,358.0832824707031,373.9360046386719,True,50,0.8
871,-225.42005649151176,0.3858818516833605,2.55478728072465e+27,55778421506048.0,0.0189085835942496,543.7420043945312,271.47393798828125,True,50,0.8
872,17.15378785861699,0.7388473509451527,7977.41748046875,30.65545082092285,0.0393576581950836,768.1283569335938,644.3555297851562,True,50,0.8
873,24.962433903622212,0.9271544923965499,532.96630859375,4.323981285095215,0.05963798447404696,333.2570495605469,409.325439453125,True,50,0.8
874,26.79103905351807,0.8432240522613842,1.348732590675354,0.5862835049629211,0.03805339751703118,30.057979583740234,26.36096954345703,True,50,0.8
875,21.497166264817366,0.8335754722952688,174.07992553710938,5.028766632080078,0.04557629332343307,145.78173828125,156.99644470214844,True,50,0.8
876,21.366171442951973,0.7808965201072983,3722.7216796875,30.16737937927246,0.03953674949249367,892.1544799804688,716.2562866210938,True,50,0.8
877,32.173256649542225,0.9589371211342398,263.3918151855469,10.440652847290039,0.05774351459453709,602.3727416992188,659.2650146484375,True,50,0.8
878,25.91864497280764,0.9094148568731399,1.8547292947769165,0.5095955729484558,0.05507164158608909,22.195865631103516,28.068897247314453,True,50,0.8
879,31.89757160596597,0.9762419787215375,32.03976058959961,1.6630380153656006,0.05637291402965948,208.66014099121094,222.75018310546875,True,50,0.8
880,-193.89327245000288,0.5546582200947929,1.2651494779386628e+24,4384900513792.0,0.018361324655539524,426.196533203125,231.84371948242188,True,50,0.8
881,26.421763817152918,0.8708548539244139,863.3692016601562,10.186614990234375,0.07384056706806087,453.9308166503906,672.2208251953125,True,50,0.8
882,26.99659025043757,0.9384898783810153,0.7798792719841003,0.353751540184021,0.054164217155490024,15.513278007507324,20.690826416015625,True,50,0.8
883,-234.99866703965026,0.23351393933603573,3.472137370256312e+27,30433479753728.0,0.023943351347498483,133.2611846923828,105.00447082519531,True,50,0.8
884,23.22654241144533,0.8973768559141302,3039.864990234375,18.884096145629883,0.04697933224694749,732.2741088867188,800.1161499023438,True,50,0.8
885,22.03122491447526,0.7874684708785954,194.1671905517578,5.494809627532959,0.05679795625197786,125.67916107177734,179.36611938476562,True,50,0.8
886,26.22698963488763,0.914286164317855,1012.8228149414062,17.45267677307129,0.031972268594643145,729.0624389648438,653.0933837890625,True,50,0.8
887,30.33628388185157,0.943036132475786,52.803619384765625,7.126704216003418,0.030433951648003374,285.0230407714844,238.94459533691406,True,50,0.8
888,33.75268750524008,0.9350442710660314,4.238801956176758,3.189242362976074,0.0429415210072162,107.73998260498047,100.34194946289062,True,50,0.8
889,25.398100661418734,0.8456462995433686,169.10902404785156,3.865170478820801,0.06781715226085991,137.3443603515625,243.92901611328125,True,50,0.8
890,38.83334759405002,0.9739709424068315,68.09268188476562,16.394248962402344,0.02953356587899069,784.639892578125,722.544677734375,True,50,0.8
891,39.716288147851174,0.9806306590667327,78.0721664428711,11.297578811645508,0.03483143161882434,850.5872192382812,855.8407592773438,True,50,0.8
892,25.415297587065808,0.9085851321568745,1960.9970703125,35.50883865356445,0.03763235086977326,1023.49658203125,830.3896484375,True,50,0.8
893,20.08590199420008,0.8375443010781392,1546.9605712890625,9.651177406311035,0.046341845043100585,425.3108215332031,397.7863464355469,True,50,0.8
894,34.75153558920328,0.9535151369815886,149.47213745117188,13.334766387939453,0.0467736362932323,655.7117919921875,668.4170532226562,True,50,0.8
895,34.55367061936759,0.9357528605789592,14.82618236541748,4.78269624710083,0.04552199060376228,203.83836364746094,205.77931213378906,True,50,0.8
896,26.247285421887362,0.8603777408645987,192.15602111816406,14.092142105102539,0.03228417302877961,400.1663513183594,293.8545837402344,True,50,0.8
897,30.792515588151467,0.9260828917148519,496.07928466796875,17.443017959594727,0.040128105917440024,805.5267944335938,896.439453125,True,50,0.8
898,33.56878679655836,0.9498809037693575,0.08588938415050507,0.296345055103302,0.025604910686595723,15.298623085021973,13.988921165466309,True,50,0.8
899,31.60490433615312,0.926741451155721,5.159203052520752,2.9870080947875977,0.03408356565359877,98.6786880493164,86.42301940917969,True,50,0.8
900,35.971053669483474,0.9819974868536242,10.986205101013184,2.671821355819702,0.04475253322174079,189.97276306152344,208.67837524414062,True,50,0.8
901,34.13410356258288,0.9570521269958577,0.2914310395717621,0.3744749128818512,0.05713868535057407,27.111217498779297,27.505672454833984,True,50,0.8
902,23.25024494047799,0.8552517708769631,147.505126953125,5.170466423034668,0.05209699171411372,185.11341857910156,182.25399780273438,True,50,0.8
903,32.51912304544951,0.9510595907521567,172.4706573486328,11.284276008605957,0.04034641232058797,571.01806640625,583.45849609375,True,50,0.8
904,30.40946447362859,0.9677173164975902,161.3491668701172,5.60080099105835,0.04688205031544411,312.601806640625,422.00311279296875,True,50,0.8
905,23.615457156849263,0.9073290438665036,3451.75,31.31666374206543,0.04790637061670344,834.689453125,892.779052734375,True,50,0.8
906,29.476955340668884,0.9702480634361106,752.9186401367188,14.158197402954102,0.03709005033640314,808.0278930664062,817.6260986328125,True,50,0.8
907,35.719486319127995,0.9639772496525472,31.335006713867188,6.597293376922607,0.039783625368499796,349.1821594238281,342.47552490234375,True,50,0.8
908,32.51132764244825,0.9724844518983573,37.94642639160156,3.4537906646728516,0.04410908546279959,232.89637756347656,260.16400146484375,True,50,0.8
909,25.686477538766056,0.9375880987789977,389.615966796875,4.907922267913818,0.038869284869285446,342.7615661621094,380.3127136230469,True,50,0.8
910,33.26636313586886,0.958325987652913,164.1519775390625,17.574811935424805,0.04750515300098119,628.769775390625,590.7046508789062,True,50,0.8
911,29.172671581902065,0.9172491649025426,72.75038146972656,5.5584025382995605,0.07010821695212459,210.7938690185547,268.7955627441406,True,50,0.8
912,29.362746466580244,0.9461203006137512,351.24749755859375,10.368062973022461,0.0625923339290721,505.912353515625,624.5247802734375,True,50,0.8
913,27.49448527196585,0.8494503798881249,217.16189575195312,14.586894989013672,0.04148724897386285,410.4080505371094,410.0022277832031,True,50,0.8
914,28.40783986612724,0.9533035164954615,440.07720947265625,6.726003170013428,0.05269122597226049,449.51617431640625,552.4951171875,True,50,0.8
915,22.41234650838537,0.8856447109562355,1093.6195068359375,2.406395435333252,0.0583139671717692,328.83416748046875,436.6903991699219,True,50,0.8
916,21.91543331762079,0.876289922782563,559.5258178710938,2.4194374084472656,0.06872795710637473,189.10903930664062,295.1712951660156,True,50,0.8
917,29.88566392579461,0.9576795429175853,922.81103515625,8.082651138305664,0.042489727691626004,811.7426147460938,948.5048828125,True,50,0.8
918,22.91151365688269,0.9197597671646175,2918.958740234375,13.899215698242188,0.06776888685370897,540.4207763671875,763.8421630859375,True,50,0.8
919,28.16532418930166,0.9584820687586308,30.21090316772461,4.588912487030029,0.03218093646154563,152.0435791015625,140.9730682373047,True,50,0.8
920,-61.73420072345364,0.2880895215598521,1083526873088.0,2176806.5,0.02786521928190505,1078.618896484375,868.5994873046875,True,50,0.8
921,31.65611900172574,0.9361720114092893,120.42109680175781,7.725796222686768,0.05800989425581689,364.0146484375,487.9437561035156,True,50,0.8
922,35.9388389401797,0.9701325237612606,203.79739379882812,11.89592170715332,0.023241217722455826,902.5352783203125,894.6576538085938,True,50,0.8
923,28.69168567091611,0.9611088678133131,857.2703247070312,10.3215913772583,0.03935260104097717,709.6416015625,800.055419921875,True,50,0.8
924,31.188898038273418,0.9146359215295413,137.6397705078125,23.493450164794922,0.04069432168411218,536.757568359375,425.7882995605469,True,50,0.8
925,-84.96163524046341,0.446451892414725,172270665728.0,1822702.125,0.02695628193570581,30.68913459777832,23.44683837890625,True,50,0.8
926,29.443794848518312,0.944714265995658,82.28707122802734,8.14120101928711,0.04039560338151332,298.5377197265625,269.40869140625,True,50,0.8
927,23.378528574514,0.8230739563974966,1348.723388671875,30.548154830932617,0.03283381085736031,709.0692749023438,542.0925903320312,True,50,0.8
928,33.67502337564904,0.9685289375829992,170.76393127441406,12.554825782775879,0.03247950438190831,650.7999267578125,633.8447265625,True,50,0.8
929,26.82236516282536,0.9093778427897868,139.01181030273438,10.117177963256836,0.05008762884976735,310.49945068359375,258.6297912597656,True,50,0.8
930,25.69784852149407,0.9009911064010486,52.6898078918457,5.22958517074585,0.030741581883877822,164.983154296875,140.2167205810547,True,50,0.8
931,24.865318763725078,0.8759427401759197,2246.976806640625,41.093482971191406,0.04169776766489829,846.443115234375,835.0953369140625,True,50,0.8
932,32.397166575673936,0.979190686615751,556.1657104492188,13.310224533081055,0.04814536472036302,943.35302734375,984.4177856445312,True,50,0.8
933,26.066375706102697,0.8586843724056676,636.54150390625,4.545129299163818,0.09687768892817666,204.3769073486328,526.1644897460938,True,50,0.8
934,24.49024840507152,0.8432455925641005,98.14485931396484,5.4906229972839355,0.0445028145496491,206.04287719726562,172.5076141357422,True,50,0.8
935,25.553833799561446,0.9169291300977599,206.08929443359375,4.40371036529541,0.031344238262124305,289.8316650390625,273.0350341796875,True,50,0.8
936,27.969153106008626,0.9066319734961471,0.588799238204956,0.5616990327835083,0.045076169592153666,19.016088485717773,19.372285842895508,True,50,0.8
937,34.32718226285898,0.9559156529843745,303.4870300292969,29.503684997558594,0.03666931114831605,1111.46533203125,914.384521484375,True,50,0.8
938,22.2070171291872,0.8699132187221218,84.62743377685547,2.9367728233337402,0.041801811697109524,127.4599838256836,118.63333129882812,True,50,0.8
939,30.73715802953633,0.9493088282267991,276.79107666015625,14.182350158691406,0.03362747931622037,541.8240966796875,576.93994140625,True,50,0.8
940,21.764255607710112,0.8201524017556074,497.77362060546875,4.433468341827393,0.0653521780055158,204.9054718017578,274.7811584472656,True,50,0.8
941,26.22606598491077,0.9130590952354302,582.7266845703125,10.69245433807373,0.0734309424264243,405.7451477050781,554.6238403320312,True,50,0.8
942,30.348841647248115,0.9218359843914765,380.67578125,20.75206756591797,0.04089882860403425,622.33251953125,651.7689819335938,True,50,0.8
943,27.802143540500253,0.8953177799673518,1079.752685546875,31.686485290527344,0.043343142124966955,887.488525390625,829.9120483398438,True,50,0.8
944,24.916121559199095,0.9033164828234824,131.13037109375,5.753503799438477,0.05484643405996274,192.7318878173828,207.21484375,True,50,0.8
945,21.661833469671787,0.8713251592714428,0.9706020355224609,0.10652392357587814,0.08561771476544117,5.888315677642822,11.984832763671875,True,50,0.8
946,-162.9437217966775,0.4241923097178909,3.69191129256114e+20,72459075584.0,0.01762856093986257,328.78082275390625,137.74874877929688,True,50,0.8
947,23.90250839737633,0.8806713175389462,3083.974609375,22.087406158447266,0.06203475425747277,729.5916137695312,900.11865234375,True,50,0.8
948,24.20326482615104,0.9016387207112568,2888.189208984375,9.190899848937988,0.04687889900038382,679.972900390625,874.0161743164062,True,50,0.8
949,35.04606973528797,0.9681220546872255,111.58535766601562,8.926355361938477,0.03954063803248296,589.687255859375,597.815673828125,True,50,0.8
950,25.443063482608608,0.931862942951321,1019.8863525390625,3.4444775581359863,0.06569490268411027,487.32659912109375,600.9163208007812,True,50,0.8
951,36.84046716060616,0.9675752884017301,91.5380859375,9.468210220336914,0.04525778327859163,668.1436157226562,665.3716430664062,True,50,0.8
952,22.480621715229496,0.7571728730274682,148.92514038085938,6.006692886352539,0.03986606811654558,156.9288787841797,176.19590759277344,True,50,0.8
953,28.362635491713984,0.9007696608433229,1184.557373046875,33.03438949584961,0.058988388506692135,1009.63134765625,914.49755859375,True,50,0.8
954,-89.01100729467957,0.37206140382773434,138489047810048.0,28933374.0,0.021605013678939758,822.833740234375,419.35174560546875,True,50,0.8
955,28.181957891526444,0.9420136226912031,221.00511169433594,6.808068752288818,0.059483344381836264,303.8360595703125,383.7554016113281,True,50,0.8
956,36.041273399900675,0.9747383311406255,67.02404022216797,6.715795993804932,0.0360322124208632,507.1477355957031,519.3988037109375,True,50,0.8
957,31.70551719394654,0.9582031237036451,1.5504034757614136,0.80278080701828,0.04601345033700534,49.85968017578125,47.919002532958984,True,50,0.8
958,27.3130188433301,0.9346318552645367,49.60396194458008,1.6818994283676147,0.04512499804912176,130.0323944091797,167.11708068847656,True,50,0.8
959,26.72946859258577,0.9430212856600036,1150.2554931640625,6.55039644241333,0.0443678205236595,591.2627563476562,738.2955932617188,True,50,0.8
960,28.932957163336724,0.9164963399585802,6.864960193634033,1.7295995950698853,0.036122816063189934,62.75065994262695,83.71586608886719,True,50,0.8
961,23.084861966500316,0.8233019348918854,1754.6455078125,20.48112678527832,0.02775014560661275,807.8616943359375,603.5489501953125,True,50,0.8
962,33.48661747662496,0.954858488265821,27.104890823364258,5.155228137969971,0.03510965397276354,269.0803527832031,246.103759765625,True,50,0.8
963,24.202816600932337,0.9042483605764002,563.37353515625,10.441144943237305,0.04591126339496956,365.0384521484375,389.90631103515625,True,50,0.8
964,-92.24598914504945,0.40512975969395093,61131787862016.0,9584619.0,0.027699124999133868,321.5137023925781,289.405029296875,True,50,0.8
965,25.20935194303295,0.9220660243753317,377.00299072265625,5.619863510131836,0.06119056287481673,250.88046264648438,356.3170471191406,True,50,0.8
966,29.62367319690741,0.9688811248208716,563.6262817382812,5.5015645027160645,0.053276542146985933,635.4185180664062,719.3268432617188,True,50,0.8
967,19.26257207838979,0.8586510165309307,1034.656982421875,7.366860389709473,0.04030096185100774,324.8468017578125,297.8245849609375,True,50,0.8
968,37.12964547998999,0.9623457596274967,62.189212799072266,9.75985336303711,0.045442870365952126,583.272216796875,566.8382568359375,True,50,0.8
969,32.664836412101245,0.9572938574310795,122.58055114746094,15.57048225402832,0.03399332442992352,545.15283203125,476.5743408203125,True,50,0.8
970,28.499642305828043,0.9443394787171308,622.5691528320312,15.19406795501709,0.04635595660968234,697.8916015625,664.0075073242188,True,50,0.8
971,28.40825560270766,0.8998261605292344,1264.8709716796875,39.24662780761719,0.03131347771919759,1085.7374267578125,936.8928833007812,True,50,0.8
972,22.658461627456905,0.9049110584695303,2908.68798828125,3.5771806240081787,0.04684204493994108,544.50927734375,732.8395385742188,True,50,0.8
973,29.540181755419063,0.9631205798271886,50.510223388671875,3.1892545223236084,0.04346183332483141,178.87631225585938,215.72543334960938,True,50,0.8
974,35.103024667721726,0.962730622436117,0.3189924359321594,0.49337780475616455,0.061566466365781704,31.81566619873047,32.15195083618164,True,50,0.8
975,28.255483984046567,0.9334955719540855,103.2662124633789,7.575517177581787,0.03368170300663426,277.6970520019531,263.00177001953125,True,50,0.8
976,30.715408198233032,0.9521475028250486,300.3571472167969,10.321673393249512,0.0433586404069143,568.5294799804688,595.4828491210938,True,50,0.8
977,31.372524807558353,0.9385985135955215,1.9990893602371216,1.2635176181793213,0.056929796980032664,51.65888595581055,52.374385833740234,True,50,0.8
978,24.72729210535053,0.8239774672935406,829.8659057617188,22.9650821685791,0.03155193234321614,769.9834594726562,496.869873046875,True,50,0.8
979,27.450740152986995,0.9183148055061529,640.9125366210938,15.905823707580566,0.05379625301975447,648.500732421875,597.2460327148438,True,50,0.8
980,22.117879762001206,0.8226186364815079,647.47998046875,12.683146476745605,0.047329803669040764,346.8584899902344,334.9096374511719,True,50,0.8
981,19.837560227690766,0.7163544912342347,5971.0908203125,45.72885513305664,0.03965769162501656,954.57861328125,771.1412963867188,True,50,0.8
982,28.127045510857663,0.9049476068947461,17.434364318847656,3.9219305515289307,0.03179125679693457,120.98605346679688,107.49165344238281,True,50,0.8
983,28.65955722959423,0.9573861007550799,7.875380992889404,0.4963761568069458,0.03986916470377292,62.7833137512207,76.0626449584961,True,50,0.8
984,23.066759325057195,0.9026046487169231,2604.421630859375,20.684648513793945,0.03165482895633124,784.3834228515625,728.4605712890625,True,50,0.8
985,28.845586202238948,0.9574711233438968,319.0918884277344,8.25341796875,0.03777182553448096,436.7923278808594,495.9958190917969,True,50,0.8
986,22.856506250180733,0.9024253086185985,2450.095458984375,1.2332717180252075,0.056879845836615386,401.997314453125,688.7139892578125,True,50,0.8
987,34.13187450385571,0.9578630307802721,73.1209945678711,7.163637161254883,0.03851825619057842,444.6424560546875,435.39251708984375,True,50,0.8
988,22.047317521565027,0.7977308455453809,363.963134765625,7.030957221984863,0.03816683637252982,176.4395751953125,247.15562438964844,True,50,0.8
989,27.342995000577584,0.9461027329520422,1237.0318603515625,9.39257526397705,0.040775789851386135,671.6444091796875,819.283203125,True,50,0.8
990,19.09051166892767,0.8399596360567462,7825.8984375,16.41335678100586,0.03408063710593048,581.226318359375,799.616455078125,True,50,0.8
991,23.98377570372037,0.8651521026619501,1723.8017578125,25.12354278564453,0.07635802966589722,617.6410522460938,695.0017700195312,True,50,0.8
992,28.518546793363182,0.9492604300241352,104.26092529296875,5.530439853668213,0.05326709343702952,247.5399169921875,272.87298583984375,True,50,0.8
993,32.89547236615498,0.977932557571291,179.0043487548828,4.979964256286621,0.028170750354759275,531.5812377929688,590.6404418945312,True,50,0.8
994,26.193416950531876,0.9194917669798506,312.4128112792969,16.76546287536621,0.03332965287554596,400.9943542480469,361.6129150390625,True,50,0.8
995,31.543662388489814,0.9166299147095043,5.8724822998046875,1.950677514076233,0.045353168240124524,89.00309753417969,92.49049377441406,True,50,0.8
996,22.786016913074793,0.8514756521272427,4366.6484375,24.460704803466797,0.0557585643111589,896.651123046875,917.396240234375,True,50,0.8
997,22.14655037991696,0.8945684717680732,115.36692810058594,2.8506243228912354,0.04896464291258732,149.1040496826172,137.6818084716797,True,50,0.8
998,18.577053976050266,0.8372340198138669,12505.71875,15.450111389160156,0.05682296253061432,870.7645874023438,950.287109375,True,50,0.8
999,31.487955556117157,0.9535943536920198,141.18902587890625,10.962173461914062,0.04625232867512749,463.69207763671875,446.55975341796875,True,50,0.8
