sample_idx,psnr,ssim,mse,post_std_mean,sigma_used,alpha,scaling,clip,lambda_,lambda_rd,anis_param,zeta
0,33.105794259263,0.969997135908857,67.336669921875,3.707576274871826,0.34774836348367144,380.2491455078125,375.16558837890625,True,10,0.0001,0.0046415888336127,0.9
1,28.76892301943517,0.9350411663860538,1198.7364501953125,7.1467719078063965,0.24015441484520367,971.1483154296875,950.7636108398438,True,10,0.0001,0.1,0.9
2,31.94289403101964,0.9663376123235937,319.5522155761719,4.022315979003906,0.38625821267522575,512.7401123046875,732.261962890625,True,10,0.0001,0.0004641588833612,0.9
3,30.45640655846592,0.9290834719379476,298.309326171875,3.195849657058716,0.2512509143027375,613.821044921875,599.059814453125,True,10,0.0001,0.1,0.9
4,31.089977231163783,0.9482937814788922,18.866647720336914,0.8586700558662415,0.3586154113259606,142.99176025390625,156.8626251220703,True,10,0.0001,0.0046415888336127,0.9
5,35.47802591610423,0.9712749601440779,6.444205284118652,0.5808091759681702,0.2984014461885117,143.14381408691406,156.83853149414062,True,10,0.0001,0.01,0.9
6,25.692934247188084,0.9338127818043652,7.687375068664551,0.25189000368118286,0.3835941794576113,41.16526794433594,59.02552795410156,True,10,0.0001,0.0021544346900318,0.9
7,24.748176700967445,0.9221734765021301,2489.667236328125,2.7383580207824707,0.44663002098548027,556.909423828125,866.3099975585938,True,10,0.0001,0.01,0.9
8,31.465281200400952,0.9530680304233626,256.01104736328125,4.061084747314453,0.2666972030993963,729.0828857421875,601.513916015625,True,10,0.0001,0.01,0.9
9,19.326666360086293,0.7922396827576539,5777.65576171875,4.779983043670654,0.24738832404476077,640.9019165039062,708.364501953125,True,10,0.0001,0.0464158883361277,0.9
10,23.976036467038288,0.9124891449023572,1.839604377746582,0.2367839813232422,0.23742317856810866,27.207515716552734,21.56390953063965,True,10,0.0001,0.0464158883361277,0.9
11,25.441853933252098,0.8965328247454575,2683.305419921875,4.470230579376221,0.3221071496670442,870.3429565429688,969.93994140625,True,10,0.0001,0.1,0.9
12,30.24534836487049,0.9690600138607409,650.70263671875,8.129388809204102,0.250994678057592,1015.291015625,832.6101684570312,True,10,0.0001,0.0215443469003188,0.9
13,29.278844643587835,0.9533538103134394,53.46745681762695,1.383589744567871,0.24128420228394948,220.0080108642578,213.12677001953125,True,10,0.0001,0.1,0.9
14,40.409905079185506,0.9849911624002506,3.031489849090576,1.162213921546936,0.25116574225063454,185.96670532226562,182.6431427001953,True,10,0.0001,0.0021544346900318,0.9
15,39.40995625469324,0.964638512247118,3.8812899589538574,0.6849675178527832,0.22489303648005182,203.4640350341797,184.22109985351562,True,10,0.0001,0.0464158883361277,0.9
16,37.6774498067827,0.9853117335414738,15.821544647216797,1.1925314664840698,0.32986032601707194,282.896240234375,304.93798828125,True,10,0.0001,0.0464158883361277,0.9
17,39.770639666593674,0.9804218109116589,29.052227020263672,2.486971139907837,0.3569342163906095,514.7816772460938,525.231689453125,True,10,0.0001,0.0464158883361277,0.9
18,35.6462424872958,0.9696841448837635,49.19422149658203,1.5169358253479004,0.27936818203312275,436.2696533203125,432.5130615234375,True,10,0.0001,0.0215443469003188,0.9
19,34.02716682167473,0.9650862085007292,32.594539642333984,1.311682105064392,0.3269002669812239,261.8180847167969,291.9378967285156,True,10,0.0001,0.0046415888336127,0.9
20,33.107617100476226,0.9432517908728836,156.81265258789062,2.719250202178955,0.2075496816512473,770.002685546875,612.2410278320312,True,10,0.0001,0.0464158883361277,0.9
21,28.556911863883798,0.9552836093986243,27.433979034423828,0.6204760670661926,0.38349811230576514,122.75493621826172,140.3543701171875,True,10,0.0001,0.0464158883361277,0.9
22,31.49611284457116,0.9647395458260802,59.6138801574707,2.0867037773132324,0.19146956650054858,296.9797058105469,292.8525085449219,True,10,0.0001,0.01,0.9
23,31.93437609674074,0.9460371741400292,86.10609436035156,2.1735455989837646,0.23809945186447845,414.27947998046875,366.9954833984375,True,10,0.0001,0.1,0.9
24,29.949198552184114,0.9359613905196589,210.08242797851562,4.33905029296875,0.3941948111889623,395.3961181640625,456.6139221191406,True,10,0.0001,0.001,0.9
25,36.47944300755836,0.9655518603921551,138.07325744628906,1.9987516403198242,0.25794604021428635,674.8302612304688,785.3908081054688,True,10,0.0001,0.0464158883361277,0.9
26,27.506851314894817,0.829951456912225,59.438541412353516,0.9104897379875183,0.2524261857286712,116.2914047241211,200.47410583496094,True,10,0.0001,0.0464158883361277,0.9
27,34.73316315944859,0.9778839786324585,88.98322296142578,2.5135929584503174,0.2131265162795788,553.8090209960938,514.72021484375,True,10,0.0001,0.0464158883361277,0.9
28,28.798125048498502,0.9238197414232231,404.39752197265625,4.392629623413086,0.2626535828985435,628.521484375,592.8221435546875,True,10,0.0001,0.0215443469003188,0.9
29,38.85532200129396,0.990874679941757,0.2921275794506073,0.24164867401123047,0.2680036706564969,48.09400177001953,47.403961181640625,True,10,0.0001,0.01,0.9
30,19.732081104571712,0.807548152404115,3925.071044921875,1.0979228019714355,0.5131478749520283,358.5547790527344,607.9373168945312,True,10,0.0001,0.0215443469003188,0.9
31,16.799652096166025,0.6815557352663697,607.6787719726562,0.5967090725898743,0.1509517737107947,260.2546691894531,171.35360717773438,True,10,0.0001,0.4641588833612777,0.9
32,34.90160711740294,0.9663930180318215,1.4069761037826538,0.2961389124393463,0.24821772673355896,72.05076599121094,65.98654174804688,True,10,0.0001,0.1,0.9
33,23.630401079287164,0.9153781099969635,3899.725830078125,1.949582815170288,0.34289707413307763,675.7520751953125,948.9366455078125,True,10,0.0001,0.0021544346900318,0.9
34,35.707424290225454,0.9694394212450651,250.18820190429688,4.320229530334473,0.19443766090067066,1046.962890625,965.6663818359375,True,10,0.0001,0.2154434690031882,0.9
35,26.19709225082939,0.9124738856519585,1567.3702392578125,8.473227500915527,0.21059543013742996,1004.0892333984375,808.5889282226562,True,10,0.0001,0.1,0.9
36,24.111608974122902,0.8541156736783894,354.30047607421875,1.2824026346206665,0.147689162485716,659.9081420898438,305.30914306640625,True,10,0.0001,0.2154434690031882,0.9
37,20.393521296105206,0.8467331283109001,88.36944580078125,0.3534572422504425,0.3463803839194171,74.34537506103516,98.5744400024414,True,10,0.0001,0.0215443469003188,0.9
38,25.661526925724463,0.883742771651096,1258.709228515625,2.7122132778167725,0.38556552042221515,463.7638244628906,684.5487670898438,True,10,0.0001,0.0046415888336127,0.9
39,29.473793645452318,0.9699840730650137,217.84320068359375,4.336362361907959,0.22466350107380523,485.0020446777344,440.71234130859375,True,10,0.0001,0.001,0.9
40,24.367695933174947,0.9158067267976309,55.178775787353516,1.3119797706604004,0.2964160820816505,111.97286987304688,122.91619873046875,True,10,0.0001,0.0464158883361277,0.9
41,27.621797988993144,0.9383647264936752,422.409423828125,6.9103922843933105,0.34107589977133435,559.1681518554688,495.6817321777344,True,10,0.0001,0.01,0.9
42,35.204512926513964,0.9465424001247644,0.37444570660591125,0.2060225009918213,0.2588721153888146,36.68653106689453,35.35413360595703,True,10,0.0001,0.1,0.9
43,33.99762093587101,0.9529508420941877,328.7501525878906,9.138407707214355,0.2035913201923806,923.0689086914062,909.4110717773438,True,10,0.0001,0.2154434690031882,0.9
44,27.63936078002437,0.9392963791164205,112.24080657958984,1.2513190507888794,0.38082451883247725,165.58267211914062,259.5212097167969,True,10,0.0001,0.01,0.9
45,31.775203320631334,0.9687975173887208,284.0172119140625,2.081794023513794,0.14230193434778554,660.9796142578125,662.8597412109375,True,10,0.0001,0.0464158883361277,0.9
46,30.760840888893142,0.9626408814615017,79.42094421386719,1.2340266704559326,0.3899072920658218,246.3696746826172,312.39935302734375,True,10,0.0001,0.0004641588833612,0.9
47,25.016220285318735,0.9166890350574103,841.587158203125,2.5146420001983643,0.2666128158554572,410.021240234375,520.5479736328125,True,10,0.0001,0.01,0.9
48,33.67732151907411,0.98325732896264,127.7741470336914,4.059437274932861,0.22937855790865408,546.765869140625,547.16357421875,True,10,0.0001,0.01,0.9
49,25.150110337441305,0.9272908526381441,104.94034576416016,1.7427785396575928,0.25610671794751677,192.17979431152344,185.6696014404297,True,10,0.0001,0.0215443469003188,0.9
50,31.75100380575715,0.937509959900004,561.2216796875,8.184285163879395,0.2158773918927974,1451.9273681640625,969.6150512695312,True,10,0.0001,0.0215443469003188,0.9
51,26.53589256182416,0.9331132130249489,1327.496826171875,3.259425163269043,0.31030246934952693,659.2989501953125,775.357666015625,True,10,0.0001,0.0464158883361277,0.9
52,36.56529865073927,0.9614007734262046,152.03515625,3.201946258544922,0.28783110342929386,942.00732421875,939.5594482421875,True,10,0.0001,0.0021544346900318,0.9
53,25.284240983318597,0.908295325869531,2369.529541015625,3.235757827758789,0.3146220116832172,774.2120971679688,894.9324951171875,True,10,0.0001,0.0464158883361277,0.9
54,23.986443347448564,0.9155462900319851,1428.213623046875,1.9932548999786377,0.3700225434334621,500.0113525390625,598.3020629882812,True,10,0.0001,0.01,0.9
55,34.82854315928207,0.9500281156547237,277.197509765625,6.113633632659912,0.2064542534265427,1133.1842041015625,921.9523315429688,True,10,0.0001,0.0464158883361277,0.9
56,31.63793180244699,0.9548332089917702,5.445517063140869,0.4506585896015167,0.3188830432146878,88.09661865234375,89.40400695800781,True,10,0.0001,0.01,0.9
57,33.920349288798455,0.9668148623931273,11.771889686584473,1.3681819438934326,0.4099536457730249,163.4039306640625,196.78688049316406,True,10,0.0001,0.001,0.9
58,29.66171452622784,0.9287395276767427,2.304882764816284,0.5006005167961121,0.25098061414809436,54.146446228027344,46.18206024169922,True,10,0.0001,0.1,0.9
59,28.372832148488847,0.9698234893173995,154.51528930664062,3.3795993328094482,0.1929457867136379,388.923828125,326.0050048828125,True,10,0.0001,0.0464158883361277,0.9
60,33.76881681903127,0.9593574819073343,60.22161102294922,1.7197778224945068,0.21595590203896087,430.18487548828125,389.2886047363281,True,10,0.0001,0.0464158883361277,0.9
61,24.390463708883416,0.8971144079190599,247.30349731445312,1.556736946105957,0.33073279279385664,186.07305908203125,272.07769775390625,True,10,0.0001,0.0021544346900318,0.9
62,26.771720331328147,0.9521279461274329,1442.777587890625,4.677006721496582,0.280914261063281,765.0040893554688,828.9087524414062,True,10,0.0001,0.0215443469003188,0.9
63,21.233565173822853,0.8486928493371984,953.90771484375,2.6358423233032227,0.322456958735398,380.55450439453125,357.3965759277344,True,10,0.0001,0.0464158883361277,0.9
64,21.46948254847143,0.8595593752823285,565.1551513671875,1.7589467763900757,0.268997721966682,334.13446044921875,281.653564453125,True,10,0.0001,0.0464158883361277,0.9
65,20.38564693929198,0.8372527548959658,2645.267822265625,1.9121081829071045,0.40021181038297426,422.8307189941406,543.1533813476562,True,10,0.0001,0.01,0.9
66,28.00732772320781,0.9549399010368053,31.784404754638672,0.4934866428375244,0.21448940730295477,132.08096313476562,141.78329467773438,True,10,0.0001,0.1,0.9
67,31.728755398718075,0.9486393453351485,391.0368957519531,5.973811626434326,0.3359276809055233,787.0966796875,802.394775390625,True,10,0.0001,0.0046415888336127,0.9
68,31.41594818310604,0.9542534671900689,3.518472671508789,0.4144348204135895,0.29126466002015167,66.04283142089844,75.47608947753906,True,10,0.0001,0.0021544346900318,0.9
69,28.278421141278685,0.9646169212334419,1438.259765625,10.908994674682617,0.20794401172680158,1162.3680419921875,986.9000244140625,True,10,0.0001,0.0004641588833612,0.9
70,30.785289069966826,0.9768573313151843,497.4391784667969,5.7423014640808105,0.35384001837037077,721.37646484375,772.4725341796875,True,10,0.0001,0.0464158883361277,0.9
71,23.728455879814856,0.7758052421818166,162.21685791015625,1.8538187742233276,0.579119254685626,135.6865692138672,199.5169677734375,True,10,0.0001,0.001,0.9
72,30.31381461540453,0.9781600579204205,0.039484184235334396,0.016950108110904694,0.2043450454517516,6.299463272094727,6.516594886779785,True,10,0.0001,0.1,0.9
73,20.665711789233402,0.8575385447124395,5611.35693359375,3.305586814880371,0.1746651637570216,1098.9696044921875,815.64599609375,True,10,0.0001,0.1,0.9
74,26.158102558440856,0.8632310808707611,1180.8162841796875,8.101239204406738,0.2008076793544751,710.419921875,707.1505126953125,True,10,0.0001,0.01,0.9
75,22.413981137637585,0.8481286871504617,3044.364990234375,3.0951592922210693,0.11196370033691648,1431.8375244140625,729.2781372070312,True,10,0.0001,1.0,0.9
76,25.087251456504248,0.9401287067675784,1839.873779296875,2.788048267364502,0.29556119881488796,663.3198852539062,771.4990844726562,True,10,0.0001,0.0215443469003188,0.9
77,30.607502564951933,0.9618289770925623,4.881503582000732,0.32369956374168396,0.20067377948811113,81.80844116210938,74.9706039428711,True,10,0.0001,0.1,0.9
78,28.013405766741318,0.9263638316954499,203.25914001464844,2.4754650592803955,0.23411323920699104,437.1838073730469,359.1072692871094,True,10,0.0001,0.1,0.9
79,31.488134747941675,0.939533831280636,8.998270034790039,1.0043258666992188,0.3259737939129409,117.2458724975586,116.75318908691406,True,10,0.0001,0.01,0.9
80,27.29909776352073,0.9296826677847657,1322.81201171875,7.546758651733398,0.30244912072922187,749.1129150390625,863.2402954101562,True,10,0.0001,0.0002154434690031,0.9
81,26.748991074679974,0.933635742884606,816.14208984375,4.211893081665039,0.35306504368240904,508.4131164550781,623.6748046875,True,10,0.0001,0.01,0.9
82,33.3793201096112,0.9847693287366684,50.39181900024414,2.2076289653778076,0.46136374096791444,308.98248291015625,331.567138671875,True,10,0.0001,0.0215443469003188,0.9
83,39.298668643714684,0.9603625947707578,0.4840031564235687,0.3268749415874481,0.27240544801744365,77.53053283691406,64.49478912353516,True,10,0.0001,0.0464158883361277,0.9
84,23.831878149550647,0.9182224029750093,401.2158508300781,1.1922959089279175,0.45359937631564157,232.6772918701172,311.67132568359375,True,10,0.0001,0.0046415888336127,0.9
85,24.551162745246945,0.9294855190466002,369.8965759277344,1.2524611949920654,0.3403473871238683,169.2255401611328,325.8581237792969,True,10,0.0001,0.0215443469003188,0.9
86,34.04287655818619,0.9431059694703826,200.54278564453125,8.492945671081543,0.19225005848293217,1335.3380126953125,729.8765869140625,True,10,0.0001,0.0215443469003188,0.9
87,32.15090289069678,0.9434373990024206,237.78854370117188,6.165789604187012,0.21818620421642337,723.8743286132812,637.919921875,True,10,0.0001,0.01,0.9
88,24.104093781558888,0.9024759570119366,3057.232177734375,1.7582166194915771,0.3121708369799168,664.2745971679688,887.3255004882812,True,10,0.0001,0.0215443469003188,0.9
89,24.612075828521963,0.9019531419268119,765.064697265625,3.432749032974243,0.3717166997172839,349.5990295410156,472.7427062988281,True,10,0.0001,0.01,0.9
90,36.04034075489879,0.9679794059326282,3.554272174835205,0.47734400629997253,0.1512015083994643,135.6438446044922,120.47465515136719,True,10,0.0001,0.0215443469003188,0.9
91,24.167493393344817,0.9189964668561923,1947.4813232421875,2.9803097248077393,0.4634249952021759,549.2474975585938,713.5315551757812,True,10,0.0001,0.0215443469003188,0.9
92,35.35388096405483,0.9627085036153149,168.70956420898438,4.1945648193359375,0.308173254481855,830.279296875,761.0242919921875,True,10,0.0001,0.0464158883361277,0.9
93,29.401132635409496,0.9377030444603464,361.9757995605469,3.6340537071228027,0.301207725966422,656.6987915039062,561.7159423828125,True,10,0.0001,0.1,0.9
94,30.953201672248483,0.9521249598978228,463.9679260253906,5.4271650314331055,0.2745517129462554,722.5107421875,771.1962280273438,True,10,0.0001,0.01,0.9
95,36.98431962069566,0.9819837171503634,48.82701873779297,1.4249616861343384,0.2436481728166651,456.1485900878906,494.3017883300781,True,10,0.0001,0.0464158883361277,0.9
96,28.11283069362471,0.9243207502383566,422.3709411621094,1.9633339643478394,0.14654055592650428,665.3733520507812,523.2100830078125,True,10,0.0001,0.2154434690031882,0.9
97,33.96557427042859,0.9844866763450536,73.4570541381836,1.7227572202682495,0.4318003096841011,390.1365661621094,428.11346435546875,True,10,0.0001,0.0215443469003188,0.9
98,26.11836271712412,0.9219873429357623,1.6801716089248657,0.2568148672580719,0.323287793954055,23.568683624267578,26.393707275390625,True,10,0.0001,0.0215443469003188,0.9
99,28.388011572576353,0.9256349014612328,17.14275360107422,0.7952653169631958,0.277220228726923,107.30462646484375,108.78353881835938,True,10,0.0001,0.1,0.9
100,36.093826962628974,0.9807994902687546,0.2578645348548889,0.21665708720684052,0.24236901494824614,41.390621185302734,32.39775466918945,True,10,0.0001,0.2154434690031882,0.9
101,28.005352158226174,0.9060758629850313,290.3686828613281,1.722487449645996,0.7532474758428951,223.50709533691406,636.7739868164062,True,10,0.0001,0.0004641588833612,0.9
102,27.416303564732303,0.9232747308771492,152.33941650390625,1.339769959449768,0.3917752884399483,211.07272338867188,315.0416259765625,True,10,0.0001,0.0215443469003188,0.9
103,27.926604650409406,0.9639330027150173,417.6370544433594,3.3258814811706543,0.30176247678997425,488.0210266113281,509.0621337890625,True,10,0.0001,0.0215443469003188,0.9
104,22.623146394187717,0.8594328434541976,4281.03955078125,6.802947044372559,0.24098732704948322,1143.572021484375,907.658935546875,True,10,0.0001,0.0215443469003188,0.9
105,22.827108126775045,0.9075971065902212,324.891845703125,1.3444240093231201,0.47044186128345183,162.17794799804688,250.04293823242188,True,10,0.0001,0.01,0.9
106,27.911456805798053,0.9667398126101961,272.7256164550781,2.2756547927856445,0.3407406599408868,358.8088073730469,410.9725341796875,True,10,0.0001,0.0215443469003188,0.9
107,24.719442480963714,0.9346099454290604,1926.8153076171875,2.563573122024536,0.41903176134402975,626.3121948242188,755.7955932617188,True,10,0.0001,0.0004641588833612,0.9
108,28.64848722205028,0.9017657894346015,71.86788177490234,1.942772626876831,0.16295318775754733,381.6365966796875,229.56936645507812,True,10,0.0001,0.2154434690031882,0.9
109,22.855620857794268,0.8869103325763477,31.412260055541992,0.14662785828113556,0.3179987832086313,51.991607666015625,77.9029312133789,True,10,0.0001,0.01,0.9
110,25.897039600117,0.9488828260224732,216.6845703125,2.548442840576172,0.16814024223412397,387.5992736816406,290.4617004394531,True,10,0.0001,0.1,0.9
111,30.80129060760029,0.9675268423508072,17.200231552124023,0.5211461186408997,0.49632408351900725,119.56587219238281,162.06005859375,True,10,0.0001,0.0021544346900318,0.9
112,25.43146010379884,0.8172788490350017,2448.06201171875,13.510518074035645,0.21330365851037913,1351.975341796875,929.7679443359375,True,10,0.0001,0.0215443469003188,0.9
113,35.59019181849538,0.9696548117019075,180.32431030273438,5.023828983306885,0.2683862696888149,904.5658569335938,808.312255859375,True,10,0.0001,0.1,0.9
114,24.389267463643254,0.8607245053692555,1437.03955078125,6.97278356552124,0.20169307445583146,635.656982421875,633.7703247070312,True,10,0.0001,0.0021544346900318,0.9
115,21.14751764054105,0.8313993651649826,5818.4228515625,13.668864250183105,0.20502485742647633,1153.3548583984375,871.589111328125,True,10,0.0001,0.1,0.9
116,35.21599115151137,0.9613348119176147,193.6863555908203,6.746135234832764,0.2602229562378911,896.2349243164062,803.868408203125,True,10,0.0001,0.0046415888336127,0.9
117,33.011438055443676,0.9648895337408787,17.54918098449707,0.8089228272438049,0.21493637923810768,211.7053680419922,187.38348388671875,True,10,0.0001,0.0464158883361277,0.9
118,29.307106912148633,0.9670417402612412,926.0814819335938,5.970459938049316,0.27541895601995564,838.3818359375,892.6664428710938,True,10,0.0001,0.0215443469003188,0.9
119,34.439046760784905,0.9719780450235087,104.08729553222656,2.1351494789123535,0.2906718628270971,476.9976501464844,539.8029174804688,True,10,0.0001,0.0021544346900318,0.9
120,35.826539032774164,0.9774156044265188,169.75320434570312,10.256388664245605,0.2884405062311362,996.71923828125,807.6326904296875,True,10,0.0001,0.0215443469003188,0.9
121,29.720540883439384,0.9502528084613099,831.6787719726562,4.891151428222656,0.30527030053655907,742.3287353515625,896.1951904296875,True,10,0.0001,0.0046415888336127,0.9
122,33.63605780092626,0.957470426152838,40.28208923339844,1.1505874395370483,0.2263653956538802,327.7705383300781,318.68548583984375,True,10,0.0001,0.1,0.9
123,22.01040984225368,0.8864067317348481,77.37492370605469,0.5118393898010254,0.2357399429485179,105.75764465332031,110.9418716430664,True,10,0.0001,0.2154434690031882,0.9
124,31.540334690736472,0.9776813445537821,36.65899658203125,1.0869640111923218,0.31450902012684234,230.49920654296875,228.7072296142578,True,10,0.0001,0.1,0.9
125,27.513952192280044,0.9629610398067286,322.5335998535156,4.400435924530029,0.294155795262735,422.3275451660156,427.6806945800781,True,10,0.0001,0.0046415888336127,0.9
126,28.903380503175672,0.9269223870417359,810.2583618164062,3.2771189212799072,0.3721185440316776,740.5855102539062,818.19677734375,True,10,0.0001,0.1,0.9
127,27.229981403731387,0.9728075300330841,1386.3499755859375,5.899296760559082,0.2725861098910948,964.2925415039062,860.869873046875,True,10,0.0001,0.0046415888336127,0.9
128,36.69805188150536,0.9759159418759085,0.013401470147073269,0.030243579298257828,0.26908139061548686,7.439523220062256,7.945178508758545,True,10,0.0001,0.01,0.9
129,31.22539107362431,0.944937537421383,179.65147399902344,4.04597282409668,0.24526175388896537,596.3693237304688,511.2365417480469,True,10,0.0001,0.01,0.9
130,30.487810918552377,0.939057031729027,153.05775451660156,2.6675961017608643,0.25145482853191486,461.58819580078125,417.99359130859375,True,10,0.0001,0.001,0.9
131,31.68626722020531,0.9811157431641845,30.256250381469727,1.4371557235717773,0.37484152495121564,219.78282165527344,222.8856964111328,True,10,0.0001,0.0021544346900318,0.9
132,22.657216084892976,0.9007358532601976,78.8930435180664,0.5133336782455444,0.1798760842923058,130.9312744140625,120.74549865722656,True,10,0.0001,0.2154434690031882,0.9
133,27.193806884309048,0.9274374161326971,216.88302612304688,2.199136257171631,0.22568446243151397,372.0617980957031,338.2775573730469,True,10,0.0001,0.1,0.9
134,32.15488986764619,0.9620789097251046,528.157958984375,14.104658126831055,0.21831756173518269,1518.1134033203125,942.966796875,True,10,0.0001,0.01,0.9
135,26.47144498876869,0.9359930501087839,209.68751525878906,1.0875425338745117,0.36783511515512807,239.78619384765625,323.8797302246094,True,10,0.0001,0.0021544346900318,0.9
136,28.38649674496532,0.9320678459778351,383.1181945800781,3.1960642337799072,0.2020974446780259,650.698486328125,519.2718505859375,True,10,0.0001,0.1,0.9
137,33.07321285222288,0.9654995500426298,243.52047729492188,4.714121341705322,0.2378517472861698,818.8252563476562,703.31591796875,True,10,0.0001,0.1,0.9
138,38.45033297880488,0.9696016545696771,18.95180320739746,1.6700217723846436,0.29981184412630413,376.2068176269531,364.2659606933594,True,10,0.0001,0.1,0.9
139,36.5835614736083,0.955190845187542,207.35060119628906,5.858454704284668,0.36657322938712905,1001.0170288085938,971.810302734375,True,10,0.0001,0.0464158883361277,0.9
140,38.26268493308695,0.9620867051007331,125.08776092529297,6.056844234466553,0.25839295795500883,1186.4354248046875,962.48486328125,True,10,0.0001,0.01,0.9
141,35.484529860666235,0.9742195642215917,17.96281623840332,0.9096809029579163,0.3367091343885974,224.3285675048828,252.530517578125,True,10,0.0001,0.0215443469003188,0.9
142,24.659854417454895,0.9278197838786424,845.3018798828125,2.5593109130859375,0.26663495522563246,449.274169921875,497.7512512207031,True,10,0.0001,0.0464158883361277,0.9
143,20.857687662389736,0.8767933386639414,744.9015502929688,1.4667658805847168,0.182564239848068,278.2680969238281,301.5774230957031,True,10,0.0001,0.1,0.9
144,29.545749855268603,0.9733945130686765,90.42740631103516,2.027912139892578,0.40337507768584835,255.04693603515625,285.5556640625,True,10,0.0001,0.0464158883361277,0.9
145,20.78998934651114,0.8495915926114913,11.907410621643066,0.2896752953529358,0.3274465737758737,33.743499755859375,37.850059509277344,True,10,0.0001,0.01,0.9
146,22.83017707589807,0.9011374510146132,1934.6673583984375,5.559714317321777,0.30086597323758457,534.2009887695312,609.9547729492188,True,10,0.0001,0.0215443469003188,0.9
147,21.58713520346084,0.914226144631523,1752.3446044921875,5.422282695770264,0.175849616906804,507.3886413574219,503.17633056640625,True,10,0.0001,0.1,0.9
148,25.55226694345226,0.8569366022197873,6.530300617218018,0.2821297347545624,0.6846167999831901,23.873239517211914,52.42727279663086,True,10,0.0001,0.0046415888336127,0.9
149,27.3648027083484,0.8958691961282885,129.17979431152344,1.0815401077270508,0.42040210450290794,146.5798797607422,279.3678283691406,True,10,0.0001,0.01,0.9
150,37.756980501236754,0.989791410826185,138.0823211669922,5.084671974182129,0.20848054619107012,1034.508056640625,908.3576049804688,True,10,0.0001,0.1,0.9
151,25.430777114688464,0.8607836796251144,148.51524353027344,1.5701667070388794,0.5272231767505803,163.6134796142578,240.32232666015625,True,10,0.0001,0.0046415888336127,0.9
152,29.2874378962277,0.9558158040246604,25.01662254333496,2.6655118465423584,0.23709216216588988,194.709228515625,145.74998474121094,True,10,0.0001,0.2154434690031882,0.9
153,35.033987832726766,0.9689005213040932,75.26673889160156,3.3800275325775146,0.25282922637133065,560.3610229492188,489.96331787109375,True,10,0.0001,0.1,0.9
154,36.01630940925868,0.9921948824719871,242.8151092529297,3.2325198650360107,0.24832629488547134,918.5330810546875,985.664794921875,True,10,0.0001,0.1,0.9
155,18.142197948101067,0.8145938155776182,902.2733764648438,1.3911023139953613,0.15041421833899546,355.6168212890625,242.81321716308594,True,10,0.0001,0.1,0.9
156,26.98806278750017,0.9333473621676335,902.4175415039062,1.8431628942489624,0.34746306899609597,562.5972900390625,672.4634399414062,True,10,0.0001,0.1,0.9
157,21.122856756315052,0.8480551548757382,4466.25830078125,4.99961519241333,0.32128294598626567,575.72705078125,761.8579711914062,True,10,0.0001,0.01,0.9
158,26.453129935806814,0.9542357973116224,120.03716278076172,1.3454828262329102,0.4048534877476016,153.82020568847656,238.39990234375,True,10,0.0001,0.0004641588833612,0.9
159,23.423233715176032,0.8933891037968492,2397.561767578125,2.301917791366577,0.5213998279243532,478.5251770019531,728.4881591796875,True,10,0.0001,0.0021544346900318,0.9
160,36.508209582294214,0.9735309416572376,30.32067108154297,1.3192346096038818,0.25299886399215155,401.77618408203125,368.41534423828125,True,10,0.0001,0.1,0.9
161,24.25241672435427,0.8581671435751167,1499.5665283203125,4.015805721282959,0.18259908849363182,827.4072875976562,632.6735229492188,True,10,0.0001,0.1,0.9
162,32.56333576556874,0.9528579731290185,222.23828125,4.0509467124938965,0.21832177505255285,808.9769287109375,633.8961791992188,True,10,0.0001,0.2154434690031882,0.9
163,29.206265638011043,0.9793029217312825,343.0770263671875,4.4211859703063965,0.376057380307176,445.5457458496094,536.2388916015625,True,10,0.0001,0.01,0.9
164,24.228647609075487,0.9072961180681849,31.288236618041992,0.382095605134964,0.28341510232530015,68.89585876464844,91.19947814941406,True,10,0.0001,0.01,0.9
165,24.71782622122355,0.9130492853766312,2229.28955078125,2.2168705463409424,0.4523434260246529,482.61358642578125,835.4671630859375,True,10,0.0001,0.0021544346900318,0.9
166,24.132022756536827,0.9050580872024792,398.9617919921875,0.9418113231658936,0.27762792553243715,279.74310302734375,321.45928955078125,True,10,0.0001,0.0464158883361277,0.9
167,32.79187962401825,0.9884344602024838,18.382932662963867,0.9189931750297546,0.35014676005523937,187.61566162109375,187.3319854736328,True,10,0.0001,0.01,0.9
168,26.262126268378886,0.9087900627515941,4.115927219390869,0.27496761083602905,0.2788769715487019,38.02389144897461,41.73436737060547,True,10,0.0001,0.01,0.9
169,29.672508082356618,0.9729213354603548,376.6505432128906,3.699587106704712,0.18368065756335195,738.1581420898438,591.3020629882812,True,10,0.0001,0.2154434690031882,0.9
170,23.44658008815552,0.8809436200430734,2074.129638671875,1.7775146961212158,0.4110785578773849,512.3673095703125,677.8867797851562,True,10,0.0001,0.0464158883361277,0.9
171,24.779830697010333,0.8479670573354103,0.9981862902641296,0.14454159140586853,0.11501336171496941,41.56230163574219,17.57124137878418,True,10,0.0001,0.1,0.9
172,39.11680411390269,0.9736961934434863,32.11760330200195,3.488682508468628,0.28219315507957554,633.9829711914062,512.5809936523438,True,10,0.0001,0.0215443469003188,0.9
173,28.748696331586757,0.9665998063820065,68.56730651855469,1.459585428237915,0.3658763351096102,206.37960815429688,227.26927185058594,True,10,0.0001,0.0021544346900318,0.9
174,27.670442293308618,0.9636291214663792,708.6830444335938,5.260106086730957,0.35210481348815054,641.8756103515625,645.527587890625,True,10,0.0001,0.01,0.9
175,24.464150030004852,0.8323094186241456,82.7415771484375,0.6583379507064819,0.851943878098694,66.17011260986328,175.1920623779297,True,10,0.0001,0.01,0.9
176,23.158939132209483,0.9207409697884136,2307.229736328125,3.077582597732544,0.22952162079255364,672.51953125,691.246826171875,True,10,0.0001,0.1,0.9
177,24.123577591818226,0.919242255558847,580.140869140625,2.1565332412719727,0.33509086742875677,339.08148193359375,387.3486022949219,True,10,0.0001,0.001,0.9
178,30.557026600818187,0.9514635044800731,725.9271240234375,3.5855350494384766,0.15204906139646718,971.707763671875,936.7932739257812,True,10,0.0001,0.0464158883361277,0.9
179,22.3269427652134,0.8678550269539176,111.55877685546875,0.7709811925888062,0.29327756689550155,112.91094207763672,138.3834228515625,True,10,0.0001,0.0215443469003188,0.9
180,24.942996953452514,0.9089128525545138,367.4505310058594,1.9186503887176514,0.4764675464055627,219.06561279296875,341.72528076171875,True,10,0.0001,0.0046415888336127,0.9
181,32.946508367325514,0.9649193351482829,6.603274822235107,0.6080700755119324,0.25043807740260143,118.22601318359375,114.36004638671875,True,10,0.0001,0.01,0.9
182,36.33138010697086,0.9805095938214085,198.89869689941406,10.993705749511719,0.218358377998891,1105.3331298828125,924.7689208984375,True,10,0.0001,0.2154434690031882,0.9
183,34.262332509400025,0.9891149195601204,288.1669616699219,7.808771133422852,0.3717385796671658,1005.3151245117188,877.4620361328125,True,10,0.0001,0.01,0.9
184,21.333825959044056,0.8401071002184698,488.3063659667969,1.0695817470550537,0.5634270206374673,173.46507263183594,258.6836853027344,True,10,0.0001,0.0046415888336127,0.9
185,23.14984989957116,0.7887777720322988,2105.837646484375,13.792694091796875,0.10004011975874604,1687.1484375,660.3240356445312,True,10,0.0001,0.001,0.9
186,27.462761463523325,0.9375600655888995,1197.772705078125,3.103203296661377,0.2944274628082435,721.7324829101562,817.4049682617188,True,10,0.0001,0.1,0.9
187,20.60536815693679,0.8453458948678388,2673.357177734375,3.818718433380127,0.16627845147221215,724.1221313476562,555.6456298828125,True,10,0.0001,0.1,0.9
188,35.75103910023294,0.9846728444714541,74.60796356201172,1.6906355619430542,0.2848093729558672,489.77606201171875,530.1209106445312,True,10,0.0001,0.1,0.9
189,35.42301970547963,0.9683393443578044,16.688142776489258,2.226372003555298,0.2323745208154443,324.62591552734375,242.61044311523438,True,10,0.0001,0.01,0.9
190,33.347078310125696,0.9684992987274262,4.080759525299072,0.7182208299636841,0.2462974650049923,119.72936248779297,94.0096664428711,True,10,0.0001,0.1,0.9
191,34.85784104425777,0.9782373404324485,262.9527282714844,4.247361660003662,0.2728276771200316,951.1043090820312,897.3185424804688,True,10,0.0001,0.0464158883361277,0.9
192,35.31925474757025,0.9764016004600269,237.48675537109375,5.59406852722168,0.2644253976778646,1023.2859497070312,900.5176391601562,True,10,0.0001,0.1,0.9
193,25.35911590464449,0.8846194253976674,1141.871337890625,3.7485880851745605,0.1435389493969648,989.298828125,633.4683837890625,True,10,0.0001,0.2154434690031882,0.9
194,19.750612560693426,0.8459249186179729,1220.0780029296875,2.496154546737671,0.2303851916430662,409.8349304199219,339.6907653808594,True,10,0.0001,0.1,0.9
195,33.5427368869403,0.9520419824587795,53.95232391357422,2.8561952114105225,0.3003382047909246,342.9704895019531,349.8603515625,True,10,0.0001,0.0215443469003188,0.9
196,24.11238769860152,0.9039265308832116,2004.6541748046875,4.645050048828125,0.34285395726529766,711.1005859375,726.229736328125,True,10,0.0001,0.0215443469003188,0.9
197,30.85224980498574,0.9396947549177397,659.2056274414062,13.602267265319824,0.23879990422112915,996.66015625,897.213134765625,True,10,0.0001,0.0215443469003188,0.9
198,20.79629002847813,0.8548033434865945,6534.24755859375,7.439702987670898,0.4338220545791856,820.0818481445312,887.1993408203125,True,10,0.0001,0.0215443469003188,0.9
199,30.391109556541778,0.9516601968475908,528.5630493164062,8.343902587890625,0.3178753271017317,819.4500122070312,780.0956420898438,True,10,0.0001,0.01,0.9
200,28.93902663409559,0.9616656654674879,517.7505493164062,4.111544609069824,0.26151684766190214,626.1101684570312,642.3895874023438,True,10,0.0001,0.01,0.9
201,24.322733335328202,0.8912486123619181,26.138368606567383,0.34833818674087524,0.3223677172524747,45.78594207763672,85.05582427978516,True,10,0.0001,0.1,0.9
202,25.22179068993319,0.9178469725898913,78.99295806884766,0.6210100054740906,0.23448176185896796,141.94546508789062,162.4670867919922,True,10,0.0001,0.0215443469003188,0.9
203,34.02006136432543,0.9558338717287416,313.4913635253906,10.72655963897705,0.2688284651389257,1098.0999755859375,898.6556396484375,True,10,0.0001,0.01,0.9
204,25.75090670948488,0.931033295336092,978.1853637695312,1.599725365638733,0.42457192031556584,474.1374206542969,606.8226318359375,True,10,0.0001,0.0215443469003188,0.9
205,27.131652620799276,0.9480498673161732,0.2003745436668396,0.12070854753255844,0.34541155248170835,9.655665397644043,10.187854766845703,True,10,0.0001,0.0215443469003188,0.9
206,41.75005357647579,0.9895747664266327,0.6993009448051453,0.5834665894508362,0.38175420738348026,102.92306518554688,102.37007141113281,True,10,0.0001,0.0464158883361277,0.9
207,32.78023887535683,0.9757213990662489,232.24844360351562,3.5243515968322754,0.12714479887238628,652.1307373046875,663.8382568359375,True,10,0.0001,0.2154434690031882,0.9
208,26.26482360340499,0.9008537057568046,0.08659467101097107,0.08116474747657776,0.2255494697826034,7.880460262298584,6.056522369384766,True,10,0.0001,0.2154434690031882,0.9
209,35.44078823938278,0.9729154741524174,7.456963062286377,0.8651331663131714,0.2826136742337872,153.111083984375,161.64724731445312,True,10,0.0001,0.1,0.9
210,19.876335983951577,0.8119385962663925,3073.068359375,3.8669052124023438,0.18510177624012703,731.9002075195312,549.18505859375,True,10,0.0001,0.0464158883361277,0.9
211,44.12464169463071,0.9851376899317199,18.254653930664062,3.181556463241577,0.3782292826318506,740.4708251953125,692.2033081054688,True,10,0.0001,0.0046415888336127,0.9
212,30.524423057808058,0.9682173885489642,376.7954406738281,2.839885711669922,0.1415547086066189,853.0223388671875,652.309326171875,True,10,0.0001,0.2154434690031882,0.9
213,26.151394377871895,0.9205057091686117,109.39983367919922,0.9839785099029541,0.23568927938148276,279.7927551269531,225.0450439453125,True,10,0.0001,0.0464158883361277,0.9
214,30.66697643778523,0.9767358252476859,434.7081604003906,4.124211311340332,0.2891751289157291,708.28125,712.467041015625,True,10,0.0001,0.1,0.9
215,27.86481865512244,0.9261260435256196,85.97412872314453,1.3900084495544434,0.3602265195921428,185.70462036132812,238.0118408203125,True,10,0.0001,0.0046415888336127,0.9
216,32.49447589866759,0.9540950809389168,51.69644546508789,1.7503011226654053,0.33178880895201557,296.72088623046875,326.0743103027344,True,10,0.0001,0.0215443469003188,0.9
217,23.202516185622464,0.8930817769145472,2654.369140625,2.589629650115967,0.3754987247560445,611.4074096679688,746.7449340820312,True,10,0.0001,0.0046415888336127,0.9
218,26.181959335704228,0.8443846513389373,1015.3472290039062,6.90585470199585,0.23144089364649437,809.2283325195312,649.9832763671875,True,10,0.0001,0.0464158883361277,0.9
219,28.763877876533634,0.9632601757352197,958.18994140625,4.333986282348633,0.1506889239232971,997.6318969726562,849.3742065429688,True,10,0.0001,0.4641588833612777,0.9
220,26.556489402623544,0.934596505004555,948.275634765625,6.159563064575195,0.20411235222582672,738.3374633789062,657.9552612304688,True,10,0.0001,0.01,0.9
221,32.853207332503914,0.9648721515824797,167.4367218017578,3.2221086025238037,0.2177177429789144,633.0635986328125,568.7402954101562,True,10,0.0001,0.1,0.9
222,30.88158173403789,0.946436304872004,7.058724880218506,0.3126492500305176,0.5748275177799304,46.05975341796875,94.58109283447266,True,10,0.0001,0.0021544346900318,0.9
223,34.27322117513639,0.9689818423537401,50.67939758300781,2.5313656330108643,0.283274742305379,356.8481750488281,368.34808349609375,True,10,0.0001,0.1,0.9
224,30.995883947779234,0.9666096998534336,53.46030807495117,2.2544729709625244,0.2143311231427459,315.0771789550781,265.9371643066406,True,10,0.0001,0.0215443469003188,0.9
225,31.361130213942097,0.9780495753444508,43.766876220703125,1.7351998090744019,0.17124323410577,233.6073455810547,244.7456512451172,True,10,0.0001,0.0021544346900318,0.9
226,30.306817219847634,0.979818398999848,881.849609375,7.7822136878967285,0.2653142339757594,1160.0009765625,973.0375366210938,True,10,0.0001,0.0464158883361277,0.9
227,34.02334640269182,0.9728346690304878,61.27657699584961,2.742706060409546,0.2602536365594776,370.30438232421875,393.7046203613281,True,10,0.0001,0.1,0.9
228,23.3433598839719,0.8680001560241076,3676.75341796875,5.5686516761779785,0.4042521331379766,726.7520751953125,892.1544799804688,True,10,0.0001,0.0215443469003188,0.9
229,26.707383541539016,0.9062704036257497,549.804931640625,2.6433422565460205,0.3152525984018697,556.2606811523438,631.5075073242188,True,10,0.0001,0.1,0.9
230,26.814497928679693,0.920047604908515,1191.379150390625,6.476684093475342,0.22496841671277426,790.8331909179688,795.0164794921875,True,10,0.0001,0.01,0.9
231,26.460971599614183,0.9407423117781448,570.4786376953125,2.1976733207702637,0.411268434296852,443.5378112792969,503.13446044921875,True,10,0.0001,0.0464158883361277,0.9
232,38.13439293185652,0.9742930962466726,51.107154846191406,2.360412836074829,0.3143824913620173,594.6841430664062,577.3269653320312,True,10,0.0001,0.0464158883361277,0.9
233,33.00680774216255,0.9844285894350617,121.48953247070312,3.635119676589966,0.21477754975294805,527.8430786132812,493.0251770019531,True,10,0.0001,0.0464158883361277,0.9
234,25.972780413832538,0.9403648380386201,93.27835083007812,0.846258282661438,0.33230311831694936,160.95896911621094,196.04774475097656,True,10,0.0001,0.0004641588833612,0.9
235,23.75184161947668,0.870804262688716,2194.117431640625,4.899022102355957,0.3176639500045865,624.7838745117188,722.7296752929688,True,10,0.0001,0.0002154434690031,0.9
236,36.38067956392536,0.9830764789361087,18.210147857666016,0.8927440643310547,0.2645889666143093,246.07847595214844,281.4915771484375,True,10,0.0001,0.0464158883361277,0.9
237,25.972772574386724,0.9353948872213486,1.5996664762496948,0.1681266874074936,0.42650277449712237,21.162689208984375,25.291650772094727,True,10,0.0001,0.001,0.9
238,21.077822480218043,0.7718594834896423,3214.0771484375,3.6596028804779053,0.13590979202850878,1602.028564453125,645.8268432617188,True,10,0.0001,0.4641588833612777,0.9
239,24.83800059664059,0.9203936198055437,103.84457397460938,0.5704556107521057,0.29153613392757716,146.889892578125,177.93356323242188,True,10,0.0001,0.0464158883361277,0.9
240,34.130952952953194,0.9610693251562253,340.6017150878906,3.5484139919281006,0.2832205962232997,999.8277587890625,940.5181274414062,True,10,0.0001,0.01,0.9
241,28.796047657216903,0.9701516764205799,1198.9893798828125,3.4150891304016113,0.31127319143533244,921.0402221679688,953.9746704101562,True,10,0.0001,0.1,0.9
242,28.896300597704816,0.9101108164144538,1077.40478515625,4.550830364227295,0.14916078214913367,1924.03564453125,914.9495239257812,True,10,0.0001,0.2154434690031882,0.9
243,40.34500600233768,0.9822918648136658,12.018773078918457,1.4722877740859985,0.24503191426836196,389.42718505859375,370.7885437011719,True,10,0.0001,0.01,0.9
244,37.90183787624438,0.9681000069352741,0.043763794004917145,0.07779932767152786,0.3508910548012453,15.83092975616455,16.441160202026367,True,10,0.0001,0.0215443469003188,0.9
245,28.402779787720757,0.9175385229005522,1086.556640625,5.17262601852417,0.6541319184660127,400.95733642578125,928.3902587890625,True,10,0.0001,0.0215443469003188,0.9
246,26.977443003529572,0.935145323970838,363.0167236328125,2.3906311988830566,0.3069118074461757,422.9539794921875,428.7559509277344,True,10,0.0001,0.0046415888336127,0.9
247,22.048466462755478,0.850943434836441,5822.42578125,4.582920074462891,0.3084728861970111,832.9454956054688,966.6881713867188,True,10,0.0001,0.01,0.9
248,23.50169930597101,0.8301458577212173,3538.676025390625,5.684145450592041,0.1899005935471339,1271.9600830078125,963.6563720703125,True,10,0.0001,0.1,0.9
249,24.60852821048512,0.9262482441800297,2512.099609375,2.6259207725524902,0.2690379092012515,658.6429443359375,853.1564331054688,True,10,0.0001,0.001,0.9
250,29.79136664603203,0.9584151097064909,91.28430938720703,0.943399965763092,0.2900462260539115,269.0238952636719,295.1544494628906,True,10,0.0001,0.1,0.9
251,25.70001027403656,0.9220253662563047,346.40765380859375,1.9652855396270752,0.40258143637772603,270.9014587402344,385.7126159667969,True,10,0.0001,0.001,0.9
252,22.539681498225562,0.8593643610548902,3992.691650390625,5.958096504211426,0.3620097149604725,570.8993530273438,851.2855224609375,True,10,0.0001,0.01,0.9
253,40.42443004377955,0.9813875580596727,8.972368240356445,0.7202668190002441,0.24682027554877078,284.5506896972656,317.6050720214844,True,10,0.0001,0.0215443469003188,0.9
254,26.882030875418007,0.9772994331285065,59.104801177978516,1.2473458051681519,0.17502905595113485,211.8594207763672,170.32325744628906,True,10,0.0001,0.0215443469003188,0.9
255,26.43201033492495,0.86962460339761,545.391845703125,2.8943803310394287,0.6229555613604664,240.13722229003906,557.2444458007812,True,10,0.0001,0.0215443469003188,0.9
256,40.07654998333194,0.9822464419223207,70.3487548828125,3.0115630626678467,0.3320419445794866,1241.1629638671875,936.2186279296875,True,10,0.0001,0.0046415888336127,0.9
257,34.539970057109514,0.9764243916707388,170.3468017578125,2.9134416580200195,0.37991423416615916,664.281494140625,696.333740234375,True,10,0.0001,0.0464158883361277,0.9
258,29.002477330430096,0.9465091552266273,388.2934265136719,3.6501481533050537,0.35846970257051863,515.15625,570.4910888671875,True,10,0.0001,0.0046415888336127,0.9
259,32.861074875659725,0.9465912341080771,4.841216087341309,1.1352611780166626,0.2723503714562643,147.1486053466797,98.07931518554688,True,10,0.0001,0.0215443469003188,0.9
260,31.693423603489258,0.9677886368381965,256.0489807128906,3.7647109031677246,0.28968593946087046,759.9258422851562,615.3922119140625,True,10,0.0001,0.1,0.9
261,34.8659350056861,0.9614365561889298,318.4383544921875,3.1485579013824463,0.49553996393848604,748.639404296875,990.0637817382812,True,10,0.0001,0.01,0.9
262,40.181662750889345,0.9738096097720665,1.6951241493225098,0.4530330002307892,0.19021415929319843,162.5458984375,140.9439239501953,True,10,0.0001,0.0046415888336127,0.9
263,28.091743661793704,0.9491350914364136,417.22271728515625,5.861207962036133,0.33600177549367916,510.4214172363281,518.8113403320312,True,10,0.0001,0.0215443469003188,0.9
264,29.20071537031763,0.9672749026517996,924.4400024414062,3.8944129943847656,0.23249211037949938,961.13720703125,877.4957275390625,True,10,0.0001,0.1,0.9
265,33.64645051354352,0.963506944123867,234.20411682128906,2.3340165615081787,0.4330233105260514,529.765869140625,741.02783203125,True,10,0.0001,0.01,0.9
266,27.898450853453795,0.9674675260258164,788.08837890625,5.523448944091797,0.14625490296194263,1063.8909912109375,697.3187255859375,True,10,0.0001,0.1,0.9
267,27.497720268823013,0.9551141538471752,837.850830078125,4.089244842529297,0.3337150032200459,584.2800903320312,702.7816162109375,True,10,0.0001,0.01,0.9
268,33.02496181034855,0.9703110367736334,64.59175872802734,2.89383602142334,0.3745229112495143,331.8489074707031,360.13165283203125,True,10,0.0001,0.0464158883361277,0.9
269,24.326554886559634,0.852281492047683,290.0684814453125,1.848802089691162,0.19923855260729875,562.9549560546875,294.2982482910156,True,10,0.0001,0.1,0.9
270,35.670667712018236,0.9693307960627002,177.0153350830078,6.497215747833252,0.18436850652381626,895.7095947265625,809.5518188476562,True,10,0.0001,0.0464158883361277,0.9
271,32.633705897915036,0.952080574617082,355.2572937011719,3.1994128227233887,0.20842868457829986,745.93994140625,810.3032836914062,True,10,0.0001,0.0046415888336127,0.9
272,27.749329131271608,0.933896773609153,1233.7039794921875,9.856034278869629,0.2123049251387546,1045.9210205078125,867.2052612304688,True,10,0.0001,0.0215443469003188,0.9
273,36.877251773947386,0.9746014173954756,170.7748260498047,4.788002967834473,0.2660709717776823,1013.576171875,913.3273315429688,True,10,0.0001,0.0215443469003188,0.9
274,28.977814184979206,0.9633303948046622,327.2362365722656,7.085381984710693,0.2635934412472228,674.0679321289062,511.8310546875,True,10,0.0001,0.001,0.9
275,17.648848067026602,0.8011301079920182,4313.9453125,3.650172710418701,0.3971909719439945,461.2127990722656,502.0147705078125,True,10,0.0001,0.0464158883361277,0.9
276,36.84890855421487,0.9711460924262356,130.43739318847656,2.0068001747131348,0.17919686696973555,877.5652465820312,798.4968872070312,True,10,0.0001,0.0215443469003188,0.9
277,32.79242397748015,0.9663190531887507,220.12428283691406,4.888503551483154,0.21319400452503665,691.4923706054688,650.31396484375,True,10,0.0001,0.0215443469003188,0.9
278,33.60705019447626,0.9608375873912599,207.65159606933594,2.14426851272583,0.34938918229684734,563.784423828125,702.264892578125,True,10,0.0001,0.0004641588833612,0.9
279,22.335967866915986,0.8752001759260258,3688.5263671875,10.226953506469727,0.3080128720718227,829.0341186523438,795.9968872070312,True,10,0.0001,0.0464158883361277,0.9
280,32.03100729570912,0.9619750657625366,455.2559509277344,3.396294116973877,0.36687363454287014,737.5685424804688,890.1153564453125,True,10,0.0001,0.0021544346900318,0.9
281,22.28530908015681,0.910787363558281,676.31640625,1.2557157278060913,0.13023746728945723,591.30908203125,338.65716552734375,True,10,0.0001,0.2154434690031882,0.9
282,28.817164961236315,0.8715416477460671,185.78872680664062,2.476534128189087,0.2099631804757149,447.7571716308594,376.2073669433594,True,10,0.0001,0.1,0.9
283,37.697105784830825,0.9772452261102827,1.5288363695144653,0.5545384287834167,0.34846751121017705,99.95301818847656,94.88795471191406,True,10,0.0001,0.0464158883361277,0.9
284,28.640370962806795,0.9640303025304717,451.3388671875,3.7140047550201416,0.2032661107649511,529.74560546875,578.7018432617188,True,10,0.0001,0.01,0.9
285,25.03088960785087,0.9083261787891388,4.189830780029297,0.19326937198638916,0.39617640219042366,20.66852569580078,36.90633010864258,True,10,0.0001,0.001,0.9
286,32.937385144170555,0.9497133766073191,110.1416015625,3.2252399921417236,0.2630382459426163,598.9739990234375,466.1324157714844,True,10,0.0001,0.1,0.9
287,37.25381945692384,0.9749256888533279,55.19423294067383,2.492710828781128,0.3326313853525947,545.2559204101562,543.1019897460938,True,10,0.0001,0.0215443469003188,0.9
288,28.911146325687902,0.916868482678898,105.4163589477539,1.3896136283874512,0.2120736335231961,404.22686767578125,287.25469970703125,True,10,0.0001,0.2154434690031882,0.9
289,27.990309532938088,0.919985165821448,544.4194946289062,3.7489242553710938,0.14241669318742023,866.2894897460938,591.242431640625,True,10,0.0001,0.1,0.9
290,38.47211791835584,0.9784899636626366,0.1406870037317276,0.09805730730295181,0.2174149880256818,32.209346771240234,31.469749450683594,True,10,0.0001,0.1,0.9
291,21.50054701127862,0.8378444066758742,10.293818473815918,0.22031661868095398,0.28377971730189844,30.494033813476562,38.31084060668945,True,10,0.0001,0.01,0.9
292,23.15180260273076,0.8972476785594042,3188.095458984375,4.138537406921387,0.33168161265684076,649.1132202148438,822.7779541015625,True,10,0.0001,0.0021544346900318,0.9
293,28.578693314907827,0.9356030358926185,178.72117614746094,2.0457613468170166,0.41495651109012255,298.039794921875,360.8304443359375,True,10,0.0001,0.001,0.9
294,33.60860002789551,0.9529866446021048,5.5215840339660645,0.608332097530365,0.2496253646721631,150.0889892578125,127.9334487915039,True,10,0.0001,0.0215443469003188,0.9
295,25.504906435223937,0.9306822975461205,758.991943359375,4.478039741516113,0.30735313523403374,407.95208740234375,522.7210083007812,True,10,0.0001,0.01,0.9
296,30.18852425627722,0.9577279459950355,560.8927001953125,6.997156620025635,0.25162219318941553,820.17041015625,770.2235717773438,True,10,0.0001,0.0215443469003188,0.9
297,30.82011955763884,0.9553336332964454,37.70226287841797,1.5943114757537842,0.18950746251383155,233.36549377441406,216.60520935058594,True,10,0.0001,0.01,0.9
298,37.23540219555784,0.9670221410745561,73.35562896728516,3.398979663848877,0.2415260341219685,727.4927978515625,623.267578125,True,10,0.0001,0.0464158883361277,0.9
299,23.755577481808796,0.909005800815697,31.29248046875,0.2646614909172058,0.3528470242211864,74.18766021728516,86.26211547851562,True,10,0.0001,0.0215443469003188,0.9
300,44.069256429954905,0.9841950920990008,0.10784564167261124,0.1825607270002365,0.3321886963956393,52.291259765625,52.63003921508789,True,10,0.0001,0.01,0.9
301,25.228183519526137,0.9462058406949843,818.2705688476562,3.6421122550964355,0.2532144073820574,569.1984252929688,531.8233032226562,True,10,0.0001,0.001,0.9
302,31.35492656163439,0.9518095870935757,214.28807067871094,6.935481071472168,0.2957050889348457,671.3089599609375,541.094482421875,True,10,0.0001,0.1,0.9
303,19.347125586367465,0.7820436410593653,4698.33349609375,5.651915073394775,0.2113822015430065,963.0618896484375,637.79248046875,True,10,0.0001,0.1,0.9
304,19.905232633925333,0.8210661797843137,5356.34814453125,5.312105655670166,0.2968622268972804,712.6554565429688,726.365234375,True,10,0.0001,0.1,0.9
305,19.03123839189199,0.8140756314538921,11794.919921875,8.178266525268555,0.2820000862245503,889.0757446289062,975.876220703125,True,10,0.0001,0.01,0.9
306,36.92393977815315,0.9739385415618265,53.443973541259766,5.569149494171143,0.32500855693640796,575.7975463867188,516.7840576171875,True,10,0.0001,0.01,0.9
307,29.310745092990814,0.932646553277185,116.98286437988281,4.1444807052612305,0.24725298644191546,481.2577209472656,323.6335144042969,True,10,0.0001,0.01,0.9
308,28.927623309874964,0.9447910679272166,771.5245971679688,3.6575775146484375,0.2734319915422101,610.10693359375,795.3909912109375,True,10,0.0001,0.01,0.9
309,32.34129725436243,0.9786462664788722,42.96908950805664,1.022337794303894,0.3049539899224472,239.8603973388672,271.5614318847656,True,10,0.0001,0.0464158883361277,0.9
310,35.18001788852277,0.9615983895888269,56.67726135253906,3.131030797958374,0.2884186983297828,459.4856262207031,439.5324401855469,True,10,0.0001,0.0021544346900318,0.9
311,37.10033417932519,0.972061113015171,1.2123109102249146,0.21701523661613464,0.2857426522612189,68.87232208251953,79.37792205810547,True,10,0.0001,0.0464158883361277,0.9
312,24.481557117739555,0.9148807738606325,2.4557340145111084,0.14119046926498413,0.3300320707219513,22.88409996032715,26.32539176940918,True,10,0.0001,0.0215443469003188,0.9
313,33.57754453667377,0.9633769950876541,406.1959228515625,5.917334079742432,0.2234485496232792,1104.988037109375,962.685791015625,True,10,0.0001,0.1,0.9
314,33.73725232002819,0.9643098937099563,291.30859375,4.080685138702393,0.32882277554825284,767.1019287109375,836.1441650390625,True,10,0.0001,0.01,0.9
315,25.1722288328475,0.9175292000335991,1470.012939453125,1.3901387453079224,0.4566717361681829,539.6985473632812,696.2782592773438,True,10,0.0001,0.0464158883361277,0.9
316,37.94482499382328,0.9795034725691881,26.177188873291016,1.6691220998764038,0.24287451699712895,416.50244140625,409.54400634765625,True,10,0.0001,0.01,0.9
317,32.41750037483385,0.9763659285794717,16.366741180419922,1.4920328855514526,0.20921242258475584,268.3165283203125,174.12103271484375,True,10,0.0001,0.0021544346900318,0.9
318,38.04925447454663,0.9580871395159309,3.846930503845215,0.9204375147819519,0.3145231608306776,153.45535278320312,157.28060913085938,True,10,0.0001,0.0215443469003188,0.9
319,26.945014861816993,0.9305305734961087,127.27671813964844,1.3085776567459106,0.37526505695169315,235.52493286132812,250.99266052246094,True,10,0.0001,0.0464158883361277,0.9
320,24.357320181633856,0.903696616490682,1097.2119140625,0.9307078123092651,0.3307257313690418,349.4189453125,549.6774291992188,True,10,0.0001,0.0046415888336127,0.9
321,34.027821898727,0.9619884826435147,201.9585723876953,4.77076530456543,0.2894057753165602,785.4154663085938,714.88134765625,True,10,0.0001,0.1,0.9
322,20.794715822357613,0.8274008792466306,3601.294189453125,5.006873607635498,0.29454107686255465,512.3050537109375,660.5371704101562,True,10,0.0001,0.0464158883361277,0.9
323,33.70905600916109,0.985381169154302,33.17074966430664,2.5655338764190674,0.2642170762182424,366.363525390625,280.6539611816406,True,10,0.0001,0.01,0.9
324,31.344824789899025,0.9864985944070807,665.504150390625,6.960478782653809,0.25451189232370197,875.9707641601562,954.910400390625,True,10,0.0001,0.0215443469003188,0.9
325,35.3423132977324,0.9800417174588046,126.70516967773438,2.0395853519439697,0.3839397875264257,566.913330078125,738.1589965820312,True,10,0.0001,0.0021544346900318,0.9
326,27.08035180774241,0.9292072861986879,602.6099243164062,2.134290933609009,0.27783761973586824,497.67364501953125,554.7996826171875,True,10,0.0001,0.1,0.9
327,24.730473928233213,0.8839465558521211,1253.8350830078125,1.6952111721038818,0.4721700063849499,411.8591003417969,612.1090087890625,True,10,0.0001,0.01,0.9
328,25.941994845773255,0.9286326883289621,428.2367248535156,1.5642188787460327,0.35592775644030916,325.2749938964844,420.1804504394531,True,10,0.0001,0.0046415888336127,0.9
329,39.408250631501176,0.9879320037192727,7.071829795837402,0.7663241028785706,0.19843869002723485,264.9390869140625,248.48326110839844,True,10,0.0001,0.1,0.9
330,24.426034841854758,0.9109240461364811,450.50604248046875,1.6917879581451416,0.33371944743824494,309.9134826660156,356.61669921875,True,10,0.0001,0.0046415888336127,0.9
331,39.05996842528605,0.9844443801448318,71.26962280273438,2.3124163150787354,0.22117960298924877,830.4092407226562,758.0882568359375,True,10,0.0001,0.1,0.9
332,31.17142980029572,0.9632337641266969,0.17999234795570374,0.100442074239254,0.3546742710006709,13.665387153625488,15.379095077514648,True,10,0.0001,0.0215443469003188,0.9
333,29.284648274850888,0.972727767115899,16.109420776367188,0.7153906226158142,0.21209724849636571,110.84720611572266,116.9565658569336,True,10,0.0001,0.0464158883361277,0.9
334,35.64386228600163,0.9787965798740909,0.6007853150367737,0.2696465253829956,0.268409397657456,44.14185333251953,46.95663833618164,True,10,0.0001,0.0215443469003188,0.9
335,23.465578089742394,0.8602766571042278,7.633307456970215,0.3524594306945801,0.46961718734733415,34.162235260009766,41.688072204589844,True,10,0.0001,0.0002154434690031,0.9
336,35.34881342926343,0.9553856298142911,205.048095703125,3.474398374557495,0.2924833889836951,816.5386962890625,855.6051025390625,True,10,0.0001,0.01,0.9
337,22.49349895447727,0.8730762048410127,2779.653564453125,1.391714096069336,0.4183287207261385,464.8377990722656,703.9542236328125,True,10,0.0001,0.0464158883361277,0.9
338,24.745366405314858,0.9273420906646352,742.3895263671875,1.6191853284835815,0.3351139831640071,392.7590026855469,474.69964599609375,True,10,0.0001,0.0046415888336127,0.9
339,36.130279646383045,0.9806298962010934,2.373175621032715,0.34718072414398193,0.253426968413211,88.71117401123047,98.736328125,True,10,0.0001,0.0215443469003188,0.9
340,35.31089568824038,0.9683455564735228,68.69876098632812,2.6455845832824707,0.22508754210999074,530.9595947265625,492.124267578125,True,10,0.0001,0.0215443469003188,0.9
341,23.24074036464738,0.8231541444023215,1053.59521484375,5.713399410247803,0.40137908666215366,413.4374084472656,473.998291015625,True,10,0.0001,0.0215443469003188,0.9
342,30.85954731155259,0.9466912415882013,17.522878646850586,0.7804499268531799,0.24393828920270502,161.72772216796875,174.02867126464844,True,10,0.0001,0.01,0.9
343,29.121927482072884,0.943820347196362,173.2709503173828,1.877848744392395,0.25316579259505756,310.5217590332031,434.41778564453125,True,10,0.0001,0.0021544346900318,0.9
344,24.620768046010184,0.920399534782266,548.8148193359375,2.2703089714050293,0.443367071643718,326.00146484375,399.1062316894531,True,10,0.0001,0.0215443469003188,0.9
345,35.688020289303374,0.9715829952028883,97.82262420654297,4.939826965332031,0.24329530008246708,777.4911499023438,616.2342529296875,True,10,0.0001,0.0215443469003188,0.9
346,24.340451615181863,0.838494874667703,1445.216552734375,5.423863887786865,0.4279877778735965,490.8330383300781,635.4585571289062,True,10,0.0001,0.001,0.9
347,27.612353596975122,0.9617678746119741,3.6138834953308105,0.3375549912452698,0.22399348598909716,49.96577453613281,46.258705139160156,True,10,0.0001,0.01,0.9
348,33.019610592076546,0.9680436953279441,70.15740966796875,2.134106159210205,0.19361146731138193,375.4483642578125,375.2380065917969,True,10,0.0001,0.1,0.9
349,34.344560644704316,0.9500045036691385,144.15145874023438,3.7696168422698975,0.35001841084855223,682.2626953125,626.2340698242188,True,10,0.0001,0.1,0.9
350,35.546416952668395,0.9706560591056989,70.66204833984375,2.4072766304016113,0.23333507851656804,512.3616943359375,503.63311767578125,True,10,0.0001,0.0464158883361277,0.9
351,25.03012485851037,0.9392167877355904,2302.385986328125,4.850083827972412,0.2158938449361177,1055.3409423828125,856.6333618164062,True,10,0.0001,0.1,0.9
352,27.33063862983925,0.9511620699590451,803.06103515625,2.476184844970703,0.1638248504086694,752.579345703125,659.034912109375,True,10,0.0001,0.2154434690031882,0.9
353,21.453648939927007,0.8472276068366684,191.2545928955078,2.8428924083709717,0.2682509520087349,258.1468505859375,163.77149963378906,True,10,0.0001,0.0215443469003188,0.9
354,27.238651464748045,0.9504024292754684,9.649395942687988,0.37488746643066406,0.2845922664088369,80.85790252685547,71.49817657470703,True,10,0.0001,0.1,0.9
355,23.78568124171303,0.9197943283557811,1724.8553466796875,5.188444137573242,0.3350087172424705,654.2349853515625,642.77685546875,True,10,0.0001,0.0464158883361277,0.9
356,24.431210521495487,0.9281724434196026,2.7161638736724854,0.1059715673327446,0.20481668519009494,25.855648040771484,27.484798431396484,True,10,0.0001,0.1,0.9
357,24.02631409984902,0.900435742140739,1340.926025390625,4.315205097198486,0.36510274374673946,377.4251708984375,586.1898193359375,True,10,0.0001,0.01,0.9
358,30.072205289476678,0.960784156848095,830.378173828125,2.594296932220459,0.3487543105558438,779.2129516601562,940.2900390625,True,10,0.0001,0.01,0.9
359,40.498267634216376,0.9790683996289876,29.563751220703125,2.7472689151763916,0.209243993569438,578.1792602539062,575.898681640625,True,10,0.0001,0.0464158883361277,0.9
360,34.905579160136135,0.9641857998997312,48.8193244934082,1.4588836431503296,0.2574906837822139,362.3550109863281,388.7817687988281,True,10,0.0001,0.1,0.9
361,34.2982695876634,0.9439358830651877,140.24664306640625,2.50632381439209,0.29005813103062594,703.5140380859375,643.6449584960938,True,10,0.0001,0.0464158883361277,0.9
362,25.631586926699732,0.9376087165961448,575.4369506835938,2.5822229385375977,0.31236938216073334,421.2970886230469,458.7946472167969,True,10,0.0001,0.0464158883361277,0.9
363,42.457908175833666,0.9893636116671488,16.917198181152344,2.103126287460327,0.2836940590695945,538.8262329101562,546.0711669921875,True,10,0.0001,0.0464158883361277,0.9
364,34.876331700651114,0.9773871364577513,288.26531982421875,4.927063941955566,0.33589632418923954,918.5549926757812,941.5233154296875,True,10,0.0001,0.0464158883361277,0.9
365,25.668945315916286,0.9124713865476656,381.7070007324219,2.41977596282959,0.42036511435105395,297.1706848144531,386.7165222167969,True,10,0.0001,0.0021544346900318,0.9
366,24.071972196064273,0.8821376198960393,3588.382080078125,6.3018059730529785,0.14764052023143578,1303.7034912109375,961.2293701171875,True,10,0.0001,0.1,0.9
367,30.487536966535565,0.9629725005296976,730.5116577148438,3.536161422729492,0.35166713170816755,725.356689453125,905.4453125,True,10,0.0001,0.0215443469003188,0.9
368,29.095164626080077,0.9682600925704397,47.52105712890625,2.5357723236083984,0.27658385681648356,256.07025146484375,196.5953369140625,True,10,0.0001,0.0464158883361277,0.9
369,24.67590499893468,0.9299437968248753,16.775800704956055,0.34003937244415283,0.27945809123063736,56.18383026123047,70.29193878173828,True,10,0.0001,0.0464158883361277,0.9
370,30.114431017385787,0.9586842634145197,10.057555198669434,1.0684525966644287,0.3867059580759723,122.87240600585938,101.6772232055664,True,10,0.0001,0.0464158883361277,0.9
371,25.727310108113606,0.8678644986542733,0.8417592644691467,0.06291133910417557,0.42896957169757427,11.689602851867676,19.203603744506836,True,10,0.0001,0.0004641588833612,0.9
372,26.349182140686246,0.8917319542811021,19.443578720092773,0.38119661808013916,0.1801003154320182,162.62940979003906,95.34851837158203,True,10,0.0001,0.1,0.9
373,34.12088790582334,0.9686033897048056,180.43362426757812,3.4784889221191406,0.2386474471838223,779.5286254882812,683.3237915039062,True,10,0.0001,0.0464158883361277,0.9
374,32.56900713864543,0.970097716717036,2.729647397994995,0.22036682069301605,0.4137200813717685,59.70619201660156,72.11746215820312,True,10,0.0001,0.0021544346900318,0.9
375,28.828496962148563,0.9763755763278288,132.53805541992188,1.4448862075805664,0.27338201013089775,310.8299865722656,319.6566467285156,True,10,0.0001,0.0046415888336127,0.9
376,38.19205209077603,0.97951976607397,106.82196044921875,2.330543279647827,0.19417813197853817,877.0448608398438,845.0304565429688,True,10,0.0001,0.0046415888336127,0.9
377,29.157038348853295,0.9509749161685029,0.6977565884590149,0.2246416062116623,0.32297940474601805,33.24496841430664,24.2486629486084,True,10,0.0001,0.01,0.9
378,25.630083849622316,0.890552918652555,1730.6365966796875,6.487951755523682,0.3390812181247872,794.6604614257812,814.6539916992188,True,10,0.0001,0.01,0.9
379,24.14802186203262,0.9218212145623839,306.8244323730469,2.6030032634735107,0.2388294073030376,298.1814880371094,282.5729064941406,True,10,0.0001,0.0464158883361277,0.9
380,22.829626209577082,0.9046361160477079,72.66567993164062,1.146215796470642,0.3557373292075829,90.48079681396484,119.04666137695312,True,10,0.0001,0.0021544346900318,0.9
381,24.573838834976627,0.8118481250806807,1666.15869140625,7.287071228027344,0.3910121382162442,511.41802978515625,697.0404052734375,True,10,0.0001,0.01,0.9
382,30.184922136950256,0.9765462823542771,376.824951171875,4.795228004455566,0.1918222717263783,771.2661743164062,629.3139038085938,True,10,0.0001,0.01,0.9
383,34.6084730600156,0.9602781049407426,246.67787170410156,4.705706596374512,0.27421867370863096,1070.0361328125,877.5945434570312,True,10,0.0001,0.0021544346900318,0.9
384,35.23241252135927,0.9666770415686232,161.8897705078125,3.0096306800842285,0.263018960690349,817.9668579101562,735.3359985351562,True,10,0.0001,0.1,0.9
385,37.8078291145383,0.9618728839714461,106.6800308227539,9.835532188415527,0.32627482443876255,925.5855712890625,803.6774291992188,True,10,0.0001,0.0215443469003188,0.9
386,24.89761228928242,0.951871781884832,256.127197265625,2.8088176250457764,0.3410254275490884,294.890869140625,282.7525329589844,True,10,0.0001,0.0046415888336127,0.9
387,23.352279522408512,0.9218808261521921,146.08502197265625,0.8824495673179626,0.2974984905721182,128.78851318359375,178.26210021972656,True,10,0.0001,0.0215443469003188,0.9
388,27.045338043322978,0.9676067218399761,1102.15185546875,6.003628730773926,0.24774257123421037,780.7677001953125,750.8641357421875,True,10,0.0001,0.01,0.9
389,33.65263512624334,0.9773083183418486,278.3701171875,2.2019288539886475,0.31650912460350644,698.8176879882812,807.0278930664062,True,10,0.0001,0.01,0.9
390,39.686163964386864,0.9907832345449519,105.36940002441406,4.9549384117126465,0.3376242633725581,1002.8458251953125,990.5146484375,True,10,0.0001,0.1,0.9
391,33.350585634114324,0.9655101212093335,78.71163177490234,3.6884562969207764,0.2592593722273079,487.7590026855469,413.2050476074219,True,10,0.0001,0.0464158883361277,0.9
392,17.748893708908795,0.7695591190414911,2327.117431640625,3.0528368949890137,0.49930654326984464,222.87803649902344,372.64605712890625,True,10,0.0001,0.01,0.9
393,25.026491949833613,0.9290775212894652,1817.547119140625,4.020115852355957,0.3491160062946506,620.4502563476562,776.6365356445312,True,10,0.0001,0.0021544346900318,0.9
394,29.046977815425006,0.9139657178663018,144.80372619628906,1.2055975198745728,0.1739910476438877,408.3506774902344,341.4627380371094,True,10,0.0001,0.2154434690031882,0.9
395,25.457029536695718,0.8628073269833515,2418.2109375,8.745859146118164,0.1706701193225406,1049.892822265625,930.8265380859375,True,10,0.0001,0.0464158883361277,0.9
396,39.177749486445464,0.955551043914014,88.5293197631836,4.098981857299805,0.16584413450987556,962.6729125976562,858.5543212890625,True,10,0.0001,0.0464158883361277,0.9
397,28.05554658915673,0.9382919393733559,285.5060729980469,3.348188638687134,0.29962495576560766,370.5658264160156,429.5650329589844,True,10,0.0001,0.0046415888336127,0.9
398,32.695739443145534,0.9657413123100534,301.4372863769531,2.276421308517456,0.3430372264647339,707.1634521484375,751.1201782226562,True,10,0.0001,0.0021544346900318,0.9
399,37.821167861908634,0.9767105973972502,93.97677612304688,3.0386645793914795,0.23735887961506796,742.825927734375,754.788330078125,True,10,0.0001,0.0464158883361277,0.9
400,40.8606940916087,0.9921376663341857,0.8864985108375549,0.3344504237174988,0.3077323162140229,98.42389678955078,104.02074432373047,True,10,0.0001,0.0215443469003188,0.9
401,28.953794342395337,0.8967832524936249,847.009521484375,4.6143107414245605,0.4532291395419669,652.0802001953125,902.6503295898438,True,10,0.0001,0.0464158883361277,0.9
402,37.904347530103465,0.9868945212125532,39.458404541015625,1.4897701740264893,0.1840784449070462,508.169921875,505.74713134765625,True,10,0.0001,0.01,0.9
403,18.73887930019288,0.7989085047610979,9101.5517578125,7.077594757080078,0.19348442736229104,1330.058837890625,826.6309814453125,True,10,0.0001,0.1,0.9
404,35.58485405039486,0.9577259745821741,28.422344207763672,2.263324022293091,0.3178661777477073,359.48883056640625,320.72955322265625,True,10,0.0001,0.0464158883361277,0.9
405,31.997169772544254,0.9473542128723226,505.94476318359375,7.182794570922852,0.12924998749913819,1198.6478271484375,895.627685546875,True,10,0.0001,0.1,0.9
406,29.232943157024764,0.9639715041169441,180.8315887451172,1.9964509010314941,0.23770384841986844,352.4332275390625,389.8124694824219,True,10,0.0001,0.0464158883361277,0.9
407,22.2466935269197,0.9109357918760551,0.83282470703125,0.12340899556875229,0.1610974154782105,16.09229278564453,11.826813697814941,True,10,0.0001,0.2154434690031882,0.9
408,23.867163503632895,0.8885426831692871,3069.400634765625,5.972227573394775,0.4656789344102647,697.8740844726562,905.4766235351562,True,10,0.0001,0.0021544346900318,0.9
409,38.44063860056767,0.9544041098179094,1.204756498336792,0.32600122690200806,0.14839042664224428,113.6028823852539,92.19538879394531,True,10,0.0001,0.1,0.9
410,43.42186091922025,0.9919947281987306,4.653242588043213,1.3145676851272583,0.387822282061855,317.2814025878906,319.99432373046875,True,10,0.0001,0.0464158883361277,0.9
411,34.73339322292276,0.9679874575497934,299.2677917480469,6.048738956451416,0.3440982669250928,1060.6697998046875,950.1118774414062,True,10,0.0001,0.01,0.9
412,36.595358663192826,0.9803725261744823,197.72909545898438,7.593072891235352,0.22153738003792184,1118.9881591796875,950.6565551757812,True,10,0.0001,0.0464158883361277,0.9
413,30.148098949987112,0.9637368350482947,318.14117431640625,2.573559284210205,0.17934340280180183,737.475341796875,573.8644409179688,True,10,0.0001,0.2154434690031882,0.9
414,37.856313514309775,0.9802191029422915,65.34841918945312,3.3692500591278076,0.2784230594475834,617.38671875,632.2053833007812,True,10,0.0001,0.0464158883361277,0.9
415,41.7042985438584,0.9921910363731,13.609174728393555,1.2522639036178589,0.20280430624597767,440.048828125,448.9970703125,True,10,0.0001,0.1,0.9
416,32.88054540166992,0.9527006077246646,44.200523376464844,4.2315239906311035,0.24207851457338017,414.1753234863281,293.9175720214844,True,10,0.0001,0.01,0.9
417,28.411145018608917,0.9506001034472811,152.8925018310547,3.7652015686035156,0.30309636279406316,396.3695983886719,329.33587646484375,True,10,0.0001,0.01,0.9
418,21.83301633724499,0.8419509254803476,2951.79345703125,2.347762107849121,0.3426090077162006,511.5832824707031,672.845947265625,True,10,0.0001,0.01,0.9
419,25.190135028228884,0.9250972627194058,1712.779052734375,3.0534937381744385,0.33101750916037354,675.9401245117188,752.6221313476562,True,10,0.0001,0.0464158883361277,0.9
420,27.438036528465695,0.9467532423289322,1129.55810546875,6.440937042236328,0.20804336747671787,769.0370483398438,791.7874755859375,True,10,0.0001,0.0464158883361277,0.9
421,25.41663766810014,0.8934201564643651,1761.7296142578125,2.5956907272338867,0.3099874567911858,635.5472412109375,789.8285522460938,True,10,0.0001,0.0215443469003188,0.9
422,38.84108194666142,0.9838474309235289,1.107438564300537,0.3913663327693939,0.35136071100887967,90.27081298828125,92.11489868164062,True,10,0.0001,0.0215443469003188,0.9
423,33.20078959899467,0.9695428281376606,116.8010482788086,2.909024238586426,0.29345706867020593,486.2164001464844,494.9258728027344,True,10,0.0001,0.0215443469003188,0.9
424,32.92221195534458,0.9574641681769315,1.7394840717315674,0.24209082126617432,0.2859634608316343,53.58529281616211,58.50120162963867,True,10,0.0001,0.1,0.9
425,30.792735900941132,0.9832386598067879,246.560791015625,4.0405778884887695,0.2340636867178542,719.468017578125,549.9793701171875,True,10,0.0001,0.01,0.9
426,35.17805451645231,0.9823265390468702,57.112892150878906,4.575324058532715,0.1742194270973648,534.4456176757812,442.0889587402344,True,10,0.0001,0.0215443469003188,0.9
427,21.423916607592723,0.8539137326611516,5665.91259765625,2.3142411708831787,0.5417992128468972,636.3480224609375,887.8164672851562,True,10,0.0001,0.01,0.9
428,33.53697582196763,0.9725360067482457,54.434295654296875,2.6955173015594482,0.35913181215219253,329.0517272949219,351.5640869140625,True,10,0.0001,0.0021544346900318,0.9
429,31.316502278344952,0.928835202904247,9.9981689453125,1.1346259117126465,0.16185903830933118,179.71749877929688,117.949951171875,True,10,0.0001,0.1,0.9
430,33.66279522276824,0.9731366392321139,8.831774711608887,0.34865257143974304,0.3393793728895549,103.27334594726562,143.84869384765625,True,10,0.0001,0.0021544346900318,0.9
431,28.148430937747012,0.9528206775062963,839.6189575195312,3.142322063446045,0.36578307174204094,640.423828125,761.7491455078125,True,10,0.0001,0.0021544346900318,0.9
432,21.04680613288325,0.8658837103626092,3000.746826171875,6.572205543518066,0.3528822655900092,617.597900390625,618.599853515625,True,10,0.0001,0.0215443469003188,0.9
433,19.34754180018644,0.7636579702191493,118.45453643798828,0.597573459148407,0.473296605535746,66.51522064208984,102.02155303955078,True,10,0.0001,0.0002154434690031,0.9
434,32.72933480818744,0.9771744636713043,3.854722499847412,0.5166349411010742,0.3530114450436021,77.20624542236328,85.02269744873047,True,10,0.0001,0.0215443469003188,0.9
435,27.383054663972977,0.9054295266521912,892.3099365234375,7.138957500457764,0.18487048578530513,1042.4461669921875,701.2681884765625,True,10,0.0001,0.1,0.9
436,17.651749538347794,0.743095053033732,92.49982452392578,0.6676995754241943,0.1949676568303729,108.66339874267578,73.69024658203125,True,10,0.0001,0.1,0.9
437,25.03094523278264,0.9126859689715258,2077.255615234375,3.588829755783081,0.45300763779386155,608.3622436523438,822.0382080078125,True,10,0.0001,0.0021544346900318,0.9
438,23.847816321221345,0.9192596367445954,2056.558349609375,3.592440605163574,0.4019841619830611,582.68896484375,706.5360107421875,True,10,0.0001,0.0215443469003188,0.9
439,31.959122510475208,0.9662934252367547,4.294426441192627,0.5442497730255127,0.30634574980179485,81.18051147460938,82.2674331665039,True,10,0.0001,0.0464158883361277,0.9
440,36.26559984432391,0.9790661291779625,1.7350791692733765,0.3697008192539215,0.31141069451908193,83.05320739746094,85.75287628173828,True,10,0.0001,0.0464158883361277,0.9
441,34.21065700762775,0.9527567179779396,369.1139221191406,5.100257396697998,0.29594348895777955,1049.383544921875,986.6529541015625,True,10,0.0001,0.0464158883361277,0.9
442,32.42070939647058,0.967813931313277,80.33546447753906,2.5762805938720703,0.24242705756453334,427.8719482421875,374.8965148925781,True,10,0.0001,0.1,0.9
443,29.440937055156,0.9019209232568881,154.14984130859375,4.149631977081299,0.23618382015798736,662.6475830078125,371.2715148925781,True,10,0.0001,0.0215443469003188,0.9
444,35.43932786639672,0.9613291963981032,188.78443908691406,7.323087692260742,0.2960021643056377,875.2401123046875,812.9867553710938,True,10,0.0001,0.0464158883361277,0.9
445,37.297422266029486,0.969026449571822,166.81008911132812,5.007102966308594,0.2846312198597495,990.4588012695312,947.3013305664062,True,10,0.0001,0.1,0.9
446,29.09892157536963,0.9613692916322296,1194.754638671875,3.8731510639190674,0.24744265325773507,981.8597412109375,986.0150756835938,True,10,0.0001,0.0464158883361277,0.9
447,33.64280836512862,0.9720805402541431,227.27804565429688,1.9613102674484253,0.4093507802377676,627.8955688476562,753.6248168945312,True,10,0.0001,0.0021544346900318,0.9
448,33.20231282269981,0.9550692503973919,60.78205108642578,3.5580859184265137,0.19736801430459852,614.0466918945312,376.8833312988281,True,10,0.0001,0.0215443469003188,0.9
449,25.94013478008744,0.9186318039901793,16.592376708984375,0.5764938592910767,0.2985493072240116,78.11425018310547,84.4172134399414,True,10,0.0001,0.0021544346900318,0.9
450,38.314065450562,0.9747557479376886,89.05704498291016,2.890240430831909,0.2727815324053189,782.6803588867188,777.3697509765625,True,10,0.0001,0.0464158883361277,0.9
451,33.41524751603644,0.9282922338928846,141.35902404785156,2.8571791648864746,0.21482312345295823,751.970703125,558.8458251953125,True,10,0.0001,0.1,0.9
452,24.934283118887855,0.9480835097773198,577.4892578125,2.6811752319335938,0.2511069148824459,395.24267578125,424.79779052734375,True,10,0.0001,0.0215443469003188,0.9
453,30.42191760770732,0.962775361381079,741.1654052734375,9.063395500183105,0.24748569038400484,1206.1697998046875,906.4480590820312,True,10,0.0001,0.01,0.9
454,39.439053037585275,0.9842357753138793,1.397073745727539,0.7367512583732605,0.307794449687789,121.0531234741211,112.08628845214844,True,10,0.0001,0.01,0.9
455,30.952714441071365,0.9725726951140491,194.3855743408203,3.008820056915283,0.29815522915945675,519.918701171875,493.1324768066406,True,10,0.0001,0.0464158883361277,0.9
456,23.20299624589298,0.900726796513429,0.7208778262138367,0.11693316698074341,0.3124274622095651,11.384718894958496,12.342290878295898,True,10,0.0001,0.01,0.9
457,29.645655767437926,0.953933727599765,204.5871124267578,2.6280367374420166,0.38047783443954697,404.063720703125,469.1919860839844,True,10,0.0001,0.0046415888336127,0.9
458,38.4310493889525,0.9857120422417658,0.46946850419044495,0.2932337820529938,0.30472103474416357,59.202518463134766,57.246971130371094,True,10,0.0001,0.0464158883361277,0.9
459,21.285283425413585,0.8680011001333856,106.40325164794922,0.3462105393409729,0.41145473174618774,90.74669647216797,119.6990966796875,True,10,0.0001,0.0464158883361277,0.9
460,24.118201669587116,0.8872966161391806,53.89175796508789,0.5159253478050232,0.30084794063030335,93.90435791015625,118.40872192382812,True,10,0.0001,0.0215443469003188,0.9
461,28.486841558282446,0.9460769792244038,597.1828002929688,2.8893086910247803,0.1955386597045595,833.6375122070312,649.5610961914062,True,10,0.0001,0.2154434690031882,0.9
462,30.592862762759218,0.9662952069097013,476.8580322265625,8.144819259643555,0.18841782974722798,887.1481323242188,746.298828125,True,10,0.0001,0.0215443469003188,0.9
463,23.499685830042985,0.9339436826721925,1510.0333251953125,8.607717514038086,0.29077306448224743,486.09381103515625,583.785400390625,True,10,0.0001,0.001,0.9
464,29.89532855607548,0.9141716243697481,794.181396484375,3.7874724864959717,0.2194439680778787,1041.38330078125,962.2103881835938,True,10,0.0001,0.1,0.9
465,31.4076365372784,0.9741560935943365,99.81671905517578,1.9025704860687256,0.21415571292994112,347.9302978515625,375.4956970214844,True,10,0.0001,0.0046415888336127,0.9
466,25.442356474791747,0.9332996959294293,230.6593780517578,1.3040016889572144,0.2585722398651769,271.58709716796875,286.4263610839844,True,10,0.0001,0.0021544346900318,0.9
467,23.799475764090726,0.9186020247009242,3141.12060546875,3.2281768321990967,0.3999653536860081,697.4426879882812,868.7305297851562,True,10,0.0001,0.0464158883361277,0.9
468,22.909007853091317,0.8792820245337983,255.512451171875,0.8026558756828308,0.6339640866285938,149.97926330566406,224.3722381591797,True,10,0.0001,0.0021544346900318,0.9
469,34.93838032525055,0.9666612397406492,276.3625793457031,2.858020544052124,0.5964139421337559,536.3109741210938,963.2593383789062,True,10,0.0001,0.0021544346900318,0.9
470,27.046775135745694,0.9325386884615549,0.33607468008995056,0.045680202543735504,0.3051997056116133,10.381983757019043,13.14232063293457,True,10,0.0001,0.0021544346900318,0.9
471,22.038746704159202,0.875842676712325,5862.2763671875,2.478393793106079,0.4329532611899049,772.0712890625,969.908935546875,True,10,0.0001,0.01,0.9
472,36.90906688068663,0.9818172482975496,0.3687989115715027,0.18136073648929596,0.2491668620620936,43.7965087890625,44.11675262451172,True,10,0.0001,0.01,0.9
473,32.56798474747488,0.9611749556396153,435.75396728515625,11.077383041381836,0.2065030927344246,1123.0604248046875,891.251953125,True,10,0.0001,0.0464158883361277,0.9
474,32.45787484782212,0.9770610545318809,158.07901000976562,1.8305015563964844,0.2632251566983817,523.0108642578125,528.1734008789062,True,10,0.0001,0.0464158883361277,0.9
475,36.1401119324881,0.9723513267619076,225.24839782714844,5.075294494628906,0.2530012803229026,1216.8675537109375,992.9718017578125,True,10,0.0001,0.01,0.9
476,23.78619211107013,0.8968265397334567,23.052005767822266,0.3621891736984253,0.3360684894734983,54.98196792602539,74.72277069091797,True,10,0.0001,0.01,0.9
477,30.24493180039215,0.9202884596429373,261.2923889160156,2.5929698944091797,0.17482115532904408,709.21142578125,554.3004150390625,True,10,0.0001,0.1,0.9
478,30.853888872411282,0.9759086241601544,771.26806640625,6.049570560455322,0.39822284076318376,863.9633178710938,969.333251953125,True,10,0.0001,0.0464158883361277,0.9
479,21.85025913133478,0.8798986026908869,1787.3831787109375,3.7659244537353516,0.25813708280133013,621.2947387695312,523.5747680664062,True,10,0.0001,0.0464158883361277,0.9
480,35.26969615077632,0.9621219885515355,117.66332244873047,2.9156270027160645,0.3602371631030993,555.0894165039062,629.7692260742188,True,10,0.0001,0.0464158883361277,0.9
481,34.847815334073104,0.9772690298079952,157.0858612060547,3.3356783390045166,0.3239882095138364,613.7429809570312,696.0529174804688,True,10,0.0001,0.01,0.9
482,35.869928719458656,0.9715085416048058,53.52595901489258,1.8580235242843628,0.23667496333494023,502.896240234375,455.0865173339844,True,10,0.0001,0.1,0.9
483,22.552841054888756,0.8668433127403874,2163.94970703125,3.927778720855713,0.3847188353484866,521.4852905273438,627.9305419921875,True,10,0.0001,0.0021544346900318,0.9
484,24.546752416858087,0.9416429513052127,1196.9671630859375,6.620239734649658,0.29344508280019677,633.3303833007812,584.72998046875,True,10,0.0001,0.0215443469003188,0.9
485,22.480154406711126,0.7867111524246716,4517.92724609375,8.245687484741211,0.642292562555263,524.5435180664062,901.2568359375,True,10,0.0001,0.01,0.9
486,23.43348746791479,0.9076082581987939,9.530476570129395,0.2198895514011383,0.23264557053503868,37.68876647949219,46.40093231201172,True,10,0.0001,0.0002154434690031,0.9
487,22.035942766368883,0.8423017952639237,489.9889221191406,0.48337483406066895,0.36091355897416916,158.2826385498047,281.6822204589844,True,10,0.0001,0.001,0.9
488,30.229956867967523,0.9755104217982021,854.6190185546875,6.972111225128174,0.23234700984555628,943.105712890625,950.4610595703125,True,10,0.0001,0.0464158883361277,0.9
489,31.495033246406905,0.9756115047247663,551.3405151367188,9.294819831848145,0.26884123261092785,1009.0072631835938,890.37353515625,True,10,0.0001,0.01,0.9
490,27.436716681130978,0.9488086344403195,339.44964599609375,2.979156255722046,0.2549276982804503,420.8624267578125,456.20111083984375,True,10,0.0001,0.01,0.9
491,21.459317972733896,0.8956830429147178,2743.033935546875,5.134220123291016,0.32698473321656235,647.5447387695312,620.512451171875,True,10,0.0001,0.0464158883361277,0.9
492,35.790820263900734,0.9828319185720017,20.363277435302734,1.4797087907791138,0.1944536748339922,323.3194885253906,278.1037902832031,True,10,0.0001,0.2154434690031882,0.9
493,31.574697956601785,0.9594560328667255,24.822582244873047,1.2682154178619385,0.2613390930810218,197.62586975097656,188.93304443359375,True,10,0.0001,0.1,0.9
494,39.59625607601586,0.9845906266917631,23.618946075439453,1.4754618406295776,0.20103985053710566,473.162353515625,464.2347106933594,True,10,0.0001,0.1,0.9
495,28.140985023660857,0.9423482675793493,191.81248474121094,1.1561692953109741,0.23856826420143148,288.7450866699219,353.9988708496094,True,10,0.0001,0.01,0.9
496,29.33404986172261,0.9560681944261271,344.359130859375,1.310390591621399,0.38069116313699985,336.92108154296875,584.0724487304688,True,10,0.0001,0.001,0.9
497,38.17556430587603,0.984936220204252,0.910773515701294,0.3429270088672638,0.2538835719385158,81.79518127441406,78.65690612792969,True,10,0.0001,0.0021544346900318,0.9
498,30.10763727044635,0.9575084424947684,924.4813842773438,7.218437671661377,0.21051011326491778,1498.578125,974.42041015625,True,10,0.0001,0.1,0.9
499,19.66124879328444,0.8089233762564804,10400.84765625,4.9999308586120605,0.4292683215619875,742.29345703125,986.2245483398438,True,10,0.0001,0.0046415888336127,0.9
500,24.53592589713237,0.8798263265988098,1665.1517333984375,3.594048261642456,0.32821726424384745,515.6591796875,698.4635620117188,True,10,0.0001,0.1,0.9
501,28.60196165784931,0.9706304565810198,396.9022521972656,2.769752264022827,0.30848246835542065,487.61749267578125,536.5602416992188,True,10,0.0001,0.0215443469003188,0.9
502,27.41493090265632,0.9430685729226645,161.6781005859375,1.4282793998718262,0.4000594365573656,229.8963165283203,310.21807861328125,True,10,0.0001,0.001,0.9
503,24.60774576542905,0.9339723405394592,2289.70556640625,4.68910551071167,0.4276959144853233,756.8944702148438,813.981201171875,True,10,0.0001,0.0046415888336127,0.9
504,22.185811700559064,0.8711195765691497,2802.170654296875,1.5268632173538208,0.247229407164925,484.5969543457031,685.0464477539062,True,10,0.0001,0.0215443469003188,0.9
505,30.282843413850898,0.9697437726337966,24.986005783081055,0.9809070229530334,0.27726213761654206,170.85971069335938,163.45431518554688,True,10,0.0001,0.0215443469003188,0.9
506,24.070853420877533,0.9029641527840166,3226.501220703125,4.070064544677734,0.395692239377576,620.0477905273438,911.0162353515625,True,10,0.0001,0.01,0.9
507,38.74503228907521,0.9762791964014986,86.87802124023438,2.052910089492798,0.23213860712463585,810.3792724609375,822.7147216796875,True,10,0.0001,0.0021544346900318,0.9
508,24.380699188300984,0.8780320744670281,3231.09130859375,4.382737636566162,0.4322479122328156,693.9357299804688,949.85009765625,True,10,0.0001,0.0021544346900318,0.9
509,34.215217821966775,0.9365973367256769,197.81588745117188,3.9828460216522217,0.20266380882906604,1038.83837890625,725.9937744140625,True,10,0.0001,0.0464158883361277,0.9
510,29.633301425715377,0.9572659880691761,369.0859069824219,4.771549701690674,0.2378176310116171,657.1063232421875,613.8017578125,True,10,0.0001,0.0046415888336127,0.9
511,22.59475768503694,0.9039420920735445,960.569580078125,4.551812648773193,0.22200050698640414,584.8456420898438,418.8247985839844,True,10,0.0001,0.0215443469003188,0.9
512,23.456178767610698,0.8331632154295822,3342.896728515625,3.6123690605163574,0.5463841954177809,476.92791748046875,932.7957763671875,True,10,0.0001,0.001,0.9
513,24.083436839017985,0.9157797113719076,2915.412109375,4.902425765991211,0.28847153630862277,680.92333984375,866.1978149414062,True,10,0.0001,0.0215443469003188,0.9
514,31.771858960614093,0.9200196601623445,1.4152292013168335,0.25609976053237915,0.20666188866534244,66.8623046875,46.1734504699707,True,10,0.0001,0.1,0.9
515,26.370485052490345,0.9354408238548305,1.668851613998413,0.07846961170434952,0.3286529270878498,19.61528968811035,27.340606689453125,True,10,0.0001,0.0021544346900318,0.9
516,27.64880142680283,0.9612571938488137,234.3123779296875,3.146826982498169,0.2763072467773394,405.0397033691406,377.0869140625,True,10,0.0001,0.0046415888336127,0.9
517,38.62072067769094,0.9650406304081773,83.8973617553711,3.3858578205108643,0.2559331094213048,889.3372192382812,810.7427978515625,True,10,0.0001,0.0021544346900318,0.9
518,24.754464439175873,0.8948978148726362,3144.299072265625,5.447512149810791,0.31286414496826387,1132.346435546875,987.2888793945312,True,10,0.0001,0.0464158883361277,0.9
519,32.576091538095135,0.975173206090681,10.56832504272461,0.9781472086906433,0.21404621634732332,162.40306091308594,151.2664794921875,True,10,0.0001,0.01,0.9
520,23.162233071190364,0.8406401408924669,1691.15185546875,2.1419122219085693,0.32997517391947645,397.8728942871094,594.5365600585938,True,10,0.0001,0.0464158883361277,0.9
521,25.558933663549574,0.9260840318997086,404.4594421386719,2.4168169498443604,0.4055209723469534,337.57220458984375,381.5099792480469,True,10,0.0001,0.0464158883361277,0.9
522,24.970787804153844,0.9357031167007145,2990.875,2.337754249572754,0.2777385944632621,877.9270629882812,969.9444580078125,True,10,0.0001,0.0464158883361277,0.9
523,24.8057112395542,0.8232617413857771,1412.230712890625,5.624937057495117,0.33521461015719883,523.6133422851562,842.2767944335938,True,10,0.0001,0.0004641588833612,0.9
524,28.358820706653354,0.9457570013000992,1025.564697265625,5.555364608764648,0.17227600425640083,1289.877197265625,838.4903564453125,True,10,0.0001,0.2154434690031882,0.9
525,22.6892137475406,0.8343067641617006,1124.72998046875,1.106181263923645,0.607101814962263,246.17352294921875,469.2244567871094,True,10,0.0001,0.0021544346900318,0.9
526,32.339435530202394,0.9605676049003291,100.09188079833984,2.401350498199463,0.16359497689974087,493.401611328125,415.4046936035156,True,10,0.0001,0.1,0.9
527,22.693325487725247,0.8665406365347382,399.861572265625,0.874671220779419,0.31916770908948777,206.12478637695312,274.1336669921875,True,10,0.0001,0.0215443469003188,0.9
528,26.322313343446126,0.9384995136598376,7.521706581115723,0.371905654668808,0.20322448639183782,57.357696533203125,57.319122314453125,True,10,0.0001,0.0464158883361277,0.9
529,28.712848115701473,0.9579329342342013,1005.2408447265625,3.5154688358306885,0.25868370209323177,781.56005859375,864.857666015625,True,10,0.0001,0.1,0.9
530,20.31998853117638,0.8525967659641723,6032.33984375,8.235809326171875,0.32306594371678066,694.008544921875,813.088134765625,True,10,0.0001,0.0046415888336127,0.9
531,25.035502541792333,0.9183589477664853,3131.914306640625,1.9365136623382568,0.22594993260978918,738.68701171875,999.7179565429688,True,10,0.0001,0.1,0.9
532,19.260550048997132,0.8010787369391266,11721.904296875,4.01576042175293,0.16815434223451342,1179.0703125,996.6401977539062,True,10,0.0001,0.2154434690031882,0.9
533,24.101562297938763,0.900935397151823,1190.0946044921875,1.564626693725586,0.39753489783236773,365.6324768066406,555.8762817382812,True,10,0.0001,0.0021544346900318,0.9
534,22.754578186264233,0.8782247330780647,3126.323486328125,5.080997467041016,0.26904072072399204,645.4487915039062,769.2184448242188,True,10,0.0001,0.0464158883361277,0.9
535,30.588363236007456,0.9288254217143768,649.1629638671875,5.663415908813477,0.5921636109235511,441.75311279296875,944.8209838867188,True,10,0.0001,0.001,0.9
536,28.177162605459113,0.9489222944351787,1096.4051513671875,4.459444522857666,0.23947502514561794,780.9735107421875,849.7977294921875,True,10,0.0001,0.0464158883361277,0.9
537,24.650579248189317,0.91218921156183,210.85154724121094,1.2872753143310547,0.37272798927371525,217.0144500732422,248.1007537841797,True,10,0.0001,0.0464158883361277,0.9
538,37.315560371179046,0.9781287427534137,37.51138687133789,1.8921548128128052,0.3761431099906099,393.8638000488281,451.0935974121094,True,10,0.0001,0.0215443469003188,0.9
539,38.98207634821328,0.9655940253191442,2.1279537677764893,1.0812798738479614,0.23576930224111461,144.51873779296875,130.03025817871094,True,10,0.0001,0.0215443469003188,0.9
540,25.72312021189437,0.8981525188579125,2362.113037109375,6.084613800048828,0.494361736267606,686.0180053710938,954.0969848632812,True,10,0.0001,0.001,0.9
541,32.98073617381215,0.947390792085967,184.20779418945312,2.369659185409546,0.2472938796262703,577.5358276367188,606.5684814453125,True,10,0.0001,0.1,0.9
542,21.084635394670194,0.8405319007081259,407.0367431640625,1.1352027654647827,0.25380365005471256,197.92819213867188,229.41416931152344,True,10,0.0001,0.0464158883361277,0.9
543,29.802979673810132,0.9231561811715826,466.8758544921875,4.505566596984863,0.2711581637515645,678.1923217773438,672.0289916992188,True,10,0.0001,0.0215443469003188,0.9
544,37.14854958069344,0.962767934128719,73.69573974609375,3.066704273223877,0.23815387122194492,645.02783203125,618.5101318359375,True,10,0.0001,0.1,0.9
545,22.286542433689547,0.8786492488222222,753.1300048828125,3.464109420776367,0.3324536641130269,309.40155029296875,358.8045654296875,True,10,0.0001,0.0215443469003188,0.9
546,32.07659121866021,0.9506865512691169,8.019169807434082,1.3991130590438843,0.36068784546992105,111.69036865234375,114.44403839111328,True,10,0.0001,0.01,0.9
547,22.47739948040937,0.8862493296492157,2441.369873046875,2.87774920463562,0.3070540205554702,495.9100646972656,671.901611328125,True,10,0.0001,0.0021544346900318,0.9
548,33.51595208478272,0.9637392545109317,117.7620620727539,1.1633663177490234,0.3868179173718569,371.59375,520.7874145507812,True,10,0.0001,0.0021544346900318,0.9
549,24.76513509226985,0.8161208820628998,1961.2227783203125,2.8533823490142822,0.3783647000572779,484.20703125,772.5460815429688,True,10,0.0001,0.0464158883361277,0.9
550,33.32111418974666,0.9631438196566575,122.96771240234375,2.0537216663360596,0.18565234879641546,500.8220520019531,520.643310546875,True,10,0.0001,0.0464158883361277,0.9
551,28.682682134246576,0.9434100219516623,795.5511474609375,4.136321544647217,0.31648612098795365,711.4290161132812,852.329345703125,True,10,0.0001,0.0004641588833612,0.9
552,22.918036584655365,0.8875912848487112,1557.93310546875,1.5829380750656128,0.36290019518876404,452.0832824707031,552.3549194335938,True,10,0.0001,0.0215443469003188,0.9
553,34.346653260266265,0.9530908782707894,93.49053955078125,1.4034326076507568,0.28871748780095374,451.4202880859375,561.3770141601562,True,10,0.0001,0.01,0.9
554,28.091225180836933,0.9516791890157142,1096.8656005859375,5.909099578857422,0.4656300444314552,637.3795776367188,876.7769775390625,True,10,0.0001,0.0046415888336127,0.9
555,28.232325573381615,0.9482759671099292,244.96328735351562,4.0262932777404785,0.2975319264108838,463.1943054199219,404.0793762207031,True,10,0.0001,0.0464158883361277,0.9
556,23.786369006278374,0.914987330297556,75.72017669677734,0.6369357109069824,0.3065528015430921,117.15835571289062,134.88121032714844,True,10,0.0001,0.0046415888336127,0.9
557,25.840788495078204,0.9115189664984666,2.254110097885132,0.296981543302536,0.43910017061415796,23.738147735595703,29.75389289855957,True,10,0.0001,0.001,0.9
558,36.91837017399556,0.9726411446898222,115.89599609375,3.1764426231384277,0.32735221407418125,799.5571899414062,755.3821411132812,True,10,0.0001,0.0464158883361277,0.9
559,36.06354332122865,0.9719444663332096,95.29708862304688,2.689502716064453,0.2939750655853468,657.0655517578125,620.6892700195312,True,10,0.0001,0.1,0.9
560,26.46108624340139,0.9442930722415017,1119.5635986328125,2.780531167984009,0.353239405198346,593.685302734375,704.3756713867188,True,10,0.0001,0.0464158883361277,0.9
561,30.438365755652562,0.9528536903984284,40.687232971191406,1.373956322669983,0.30691558996007906,176.82887268066406,213.75119018554688,True,10,0.0001,0.0215443469003188,0.9
562,30.403666447064882,0.9503487736770981,16.48766326904297,0.8892401456832886,0.24300108052766234,125.13157653808594,137.235107421875,True,10,0.0001,0.0215443469003188,0.9
563,31.081074178571406,0.9305579021587003,0.18785913288593292,0.10021641105413437,0.21553948531166722,23.207107543945312,15.530120849609375,True,10,0.0001,0.1,0.9
564,24.386921639140112,0.9007968163853982,448.87249755859375,1.4635144472122192,0.2639636352381284,303.68231201171875,351.2369689941406,True,10,0.0001,0.01,0.9
565,33.02780662924746,0.9756425694476956,167.4294891357422,3.630584716796875,0.21358570036927926,617.2119750976562,590.3277587890625,True,10,0.0001,0.01,0.9
566,29.317755778773517,0.9206261600717812,126.58934020996094,1.3152954578399658,0.3228130468552606,273.9356689453125,392.851806640625,True,10,0.0001,0.0464158883361277,0.9
567,26.1486172388257,0.932656553061631,465.63470458984375,1.0714086294174194,0.33037278259762337,380.11712646484375,438.0374450683594,True,10,0.0001,0.0464158883361277,0.9
568,24.421246395494673,0.8516609049040242,2863.447265625,14.099590301513672,0.23152206070317777,931.8866577148438,904.2545166015625,True,10,0.0001,0.0001,0.9
569,33.13744598363128,0.9624523839099243,59.10322952270508,8.684419631958008,0.3509270142738216,371.0923156738281,348.9072265625,True,10,0.0001,0.0464158883361277,0.9
570,26.009076486310114,0.9340414797312458,648.5946655273438,3.9746298789978027,0.26295433360991766,500.85797119140625,514.4755249023438,True,10,0.0001,0.01,0.9
571,27.647562383930584,0.8927453809539846,1052.80322265625,4.887383460998535,0.19779242974542924,1059.179931640625,783.869384765625,True,10,0.0001,0.1,0.9
572,30.474369944150226,0.9352426807693099,122.09281921386719,3.001627206802368,0.44330957816477434,338.365234375,397.146240234375,True,10,0.0001,0.0002154434690031,0.9
573,35.92076102916899,0.971870679327578,98.81452178955078,4.664803504943848,0.2422367444637779,736.8712768554688,622.464599609375,True,10,0.0001,0.1,0.9
574,36.53682349846092,0.9837276310159203,162.2198028564453,3.677072763442993,0.252794668376533,905.6278686523438,862.5013427734375,True,10,0.0001,0.0046415888336127,0.9
575,32.70621424724,0.9656397081965387,483.38970947265625,6.620434761047363,0.2527768933669055,1254.48876953125,949.5711059570312,True,10,0.0001,0.1,0.9
576,26.54662254458848,0.9233035995664365,48.4080924987793,0.49734941124916077,0.3630713525708424,100.57959747314453,147.92640686035156,True,10,0.0001,0.001,0.9
577,26.428783077259077,0.9076048921571681,1870.599853515625,5.169704914093018,0.3966840728024849,716.8401489257812,926.6610107421875,True,10,0.0001,0.0046415888336127,0.9
578,28.827149750159165,0.9379996733929312,316.1091613769531,3.0403056144714355,0.21169837804904418,489.7692565917969,492.6241760253906,True,10,0.0001,0.0464158883361277,0.9
579,28.14173801964563,0.9638741693629569,102.15988159179688,2.006613254547119,0.37406539188076626,207.09634399414062,258.98614501953125,True,10,0.0001,0.01,0.9
580,22.953973245148077,0.9074044564867539,1068.869384765625,1.900804042816162,0.3778488701178794,400.9685363769531,459.6766052246094,True,10,0.0001,0.01,0.9
581,36.97680502836616,0.9732713925703145,192.62078857421875,6.778590679168701,0.3046289472540613,1018.2662963867188,980.0525512695312,True,10,0.0001,0.01,0.9
582,24.586191112736046,0.9172585936788454,836.6669921875,5.227392673492432,0.25247059969284763,527.0662841796875,493.12548828125,True,10,0.0001,0.01,0.9
583,38.993491438441914,0.9822840592501948,13.672713279724121,1.2759578227996826,0.20872214983970747,328.2743835449219,329.4228515625,True,10,0.0001,0.1,0.9
584,26.87143906538095,0.9648830051331082,818.839111328125,6.212959289550781,0.1956423311974272,827.8399658203125,633.7674560546875,True,10,0.0001,0.01,0.9
585,33.93351679103593,0.9689876531376681,22.254079818725586,1.0468839406967163,0.31483956877026925,223.53150939941406,240.9054718017578,True,10,0.0001,0.01,0.9
586,25.75641468520066,0.8528679491239424,15.620635032653809,1.157102108001709,0.23535908721895088,78.65928649902344,76.78746795654297,True,10,0.0001,0.0215443469003188,0.9
587,34.910538368255324,0.9666892397452926,5.428414821624756,0.5847137570381165,0.2806796940116874,142.04380798339844,129.75083923339844,True,10,0.0001,0.1,0.9
588,28.193894262712355,0.9602035009854841,25.12285614013672,0.5134775042533875,0.2231035588846789,122.96821594238281,128.91778564453125,True,10,0.0001,0.0464158883361277,0.9
589,27.21756608147104,0.9490896415832079,42.227821350097656,0.7797808051109314,0.18573179422798955,141.9746856689453,152.75079345703125,True,10,0.0001,0.001,0.9
590,24.018929492613058,0.8835480162024236,74.80884552001953,0.8089131116867065,0.628400927205863,98.64501190185547,139.68833923339844,True,10,0.0001,0.001,0.9
591,33.97362152584216,0.9679603147694323,158.47589111328125,1.6810232400894165,0.4026676895109128,458.55938720703125,641.23388671875,True,10,0.0001,0.0002154434690031,0.9
592,22.948462730301497,0.8634213451365772,160.51492309570312,0.7087745070457458,0.38706929379320576,123.19625091552734,182.69821166992188,True,10,0.0001,0.0021544346900318,0.9
593,29.721307588064306,0.9658860033695174,127.71768188476562,4.276549816131592,0.3383462833016562,417.1020812988281,346.3216247558594,True,10,0.0001,0.0215443469003188,0.9
594,32.49472529611167,0.9367933554999661,448.78729248046875,5.968169689178467,0.16617491502067167,1645.5130615234375,896.8916015625,True,10,0.0001,0.0046415888336127,0.9
595,23.247956439194745,0.8594660481099067,1039.564453125,2.195833683013916,0.3364551941906003,553.7479858398438,474.4876708984375,True,10,0.0001,0.1,0.9
596,36.389392305305975,0.9747597393574976,101.39961242675781,3.3031108379364014,0.2265435250733329,701.1732177734375,667.8901977539062,True,10,0.0001,0.0046415888336127,0.9
597,24.534596378434724,0.907364277124897,105.34204864501953,0.5030089616775513,0.37283619762341513,138.05035400390625,173.14755249023438,True,10,0.0001,0.0464158883361277,0.9
598,26.733698868502792,0.9516775547935251,79.03898620605469,1.3010042905807495,0.3762471370632475,174.25010681152344,193.0967254638672,True,10,0.0001,0.01,0.9
599,27.173848918423555,0.9378155980670538,3.353018283843994,0.29923534393310547,0.3781871654852598,39.443172454833984,41.8277473449707,True,10,0.0001,0.0464158883361277,0.9
600,32.67475812557394,0.9674051107052556,15.524017333984375,1.0298765897750854,0.2852156178692012,152.26988220214844,169.76612854003906,True,10,0.0001,0.0215443469003188,0.9
601,35.11897465164897,0.9753890519171676,24.00147819519043,1.7455391883850098,0.2910804222942717,293.9064025878906,279.3117370605469,True,10,0.0001,0.0464158883361277,0.9
602,29.378710041256312,0.9284923347943416,31.273881912231445,0.3763596713542938,0.28240404742185893,162.9621124267578,177.83348083496094,True,10,0.0001,0.1,0.9
603,29.22675915936239,0.9639812960251936,9.582490921020508,0.7509056925773621,0.34673594164092303,100.64894104003906,89.61383056640625,True,10,0.0001,0.0464158883361277,0.9
604,35.55289901128144,0.9660685858290385,3.9876937866210938,0.6599214673042297,0.4186324492211028,118.48280334472656,121.5152359008789,True,10,0.0001,0.0021544346900318,0.9
605,34.17963870503483,0.9549265445293657,80.80537414550781,3.4894368648529053,0.2701216487603195,569.0902709960938,461.3179931640625,True,10,0.0001,0.01,0.9
606,39.28233021183087,0.9929141813141397,5.051152229309082,0.8304175734519958,0.32048885033919744,200.8309326171875,207.12738037109375,True,10,0.0001,0.0464158883361277,0.9
607,23.444358244570193,0.9052388470972706,599.4130859375,1.600082278251648,0.2318593211742626,295.19647216796875,364.90557861328125,True,10,0.0001,0.0215443469003188,0.9
608,32.694094199193124,0.944780012325723,136.25234985351562,2.7247281074523926,0.21713860611999164,753.4541015625,503.9138488769531,True,10,0.0001,0.01,0.9
609,37.205732855112664,0.9777967530476666,90.65866088867188,6.147707462310791,0.24836510693893046,872.0198364257812,690.7044067382812,True,10,0.0001,0.0464158883361277,0.9
610,17.124149520422257,0.7061088248282008,31.43541145324707,0.1470937728881836,0.5417145626109702,26.860450744628906,40.2728271484375,True,10,0.0001,0.01,0.9
611,36.51281950929861,0.9736796895770589,140.50381469726562,3.792759656906128,0.23944357935911054,887.7642211914062,799.6109619140625,True,10,0.0001,0.0046415888336127,0.9
612,34.16321626889768,0.9797355186951542,150.4059600830078,2.7878949642181396,0.2822078018503234,578.7232666015625,628.2724609375,True,10,0.0001,0.01,0.9
613,35.06001337077683,0.9582076082996047,2.115809202194214,0.6476389765739441,0.15833112961689463,140.38645935058594,82.67727661132812,True,10,0.0001,0.0046415888336127,0.9
614,18.804945401603803,0.758191550199831,9991.8134765625,3.7050936222076416,0.14192525399806968,1398.4486083984375,873.7050170898438,True,10,0.0001,0.4641588833612777,0.9
615,38.719849741657164,0.978521683090919,111.45719146728516,7.370655059814453,0.23611462647056197,1052.8380126953125,920.9515380859375,True,10,0.0001,0.0215443469003188,0.9
616,27.465219300775257,0.9524983350106806,6.477666854858398,0.2067737579345703,0.2750845548500068,43.93191909790039,62.01688003540039,True,10,0.0001,0.01,0.9
617,20.950619377117732,0.8034946945253912,614.2194213867188,1.8668298721313477,0.44421746523646677,182.86080932617188,277.60076904296875,True,10,0.0001,0.0046415888336127,0.9
618,25.534508317201873,0.9582318371263697,1766.8829345703125,4.8101725578308105,0.21440753718380667,563.90185546875,806.3950805664062,True,10,0.0001,0.01,0.9
619,36.70985877799987,0.9752735591602153,116.63414001464844,2.2077717781066895,0.3430166623398478,721.7694091796875,748.5114135742188,True,10,0.0001,0.01,0.9
620,19.036794948714146,0.7962520646096976,428.0198974609375,1.5848439931869507,0.2838990589618475,160.46536254882812,185.3365020751953,True,10,0.0001,0.0215443469003188,0.9
621,23.714645404759498,0.8713328080245566,174.8914031982422,0.569521963596344,0.5538631157803073,113.12692260742188,210.1399688720703,True,10,0.0001,0.0021544346900318,0.9
622,29.09618326745139,0.9683952599733114,169.54786682128906,2.8705332279205322,0.3770497939367438,336.1160583496094,371.10162353515625,True,10,0.0001,0.0464158883361277,0.9
623,32.389745814237166,0.9621405813869923,133.70216369628906,2.2019946575164795,0.26461775642762847,447.734130859375,485.0384521484375,True,10,0.0001,0.0215443469003188,0.9
624,32.17537233731616,0.9917525443314767,230.72328186035156,6.246336460113525,0.2856975924620692,699.2630004882812,618.6365356445312,True,10,0.0001,0.01,0.9
625,35.07904880196821,0.9463450341601736,41.86840057373047,3.41691255569458,0.20451988992403342,476.9544372558594,369.54473876953125,True,10,0.0001,0.01,0.9
626,25.03284052957003,0.9215241294311911,672.5463256835938,0.9964402318000793,0.2889748301814684,374.1903991699219,463.0721740722656,True,10,0.0001,0.1,0.9
627,28.030320473772925,0.9589843877175029,878.2060546875,3.8233530521392822,0.35356918779979357,645.3568115234375,747.7234497070312,True,10,0.0001,0.0215443469003188,0.9
628,36.35868742325771,0.9832813631823927,0.26231107115745544,0.18918710947036743,0.2308926487747958,44.02952575683594,37.64651870727539,True,10,0.0001,0.0046415888336127,0.9
629,33.14556364397833,0.9665934763179844,30.551198959350586,0.7354382276535034,0.3248327569699797,220.83056640625,253.18450927734375,True,10,0.0001,0.0215443469003188,0.9
630,39.846945699411826,0.9763990545297432,52.63829040527344,3.4872477054595947,0.2661756884200859,750.1524047851562,713.63623046875,True,10,0.0001,0.0046415888336127,0.9
631,35.67118133477908,0.9737587707238301,213.37232971191406,3.640937566757202,0.2929307388770525,801.90576171875,895.3116455078125,True,10,0.0001,0.0021544346900318,0.9
632,36.68947974710308,0.9682789013958445,55.3680534362793,1.5155316591262817,0.2685843415666096,438.10943603515625,512.165771484375,True,10,0.0001,0.01,0.9
633,25.89743175304271,0.9218164450336167,725.6537475585938,1.3216774463653564,0.36465846187766565,367.62384033203125,532.5813598632812,True,10,0.0001,0.01,0.9
634,22.115800672257414,0.8977953004153394,71.49136352539062,0.3622451722621918,0.3180019733410691,93.20712280273438,108.0648422241211,True,10,0.0001,0.001,0.9
635,39.72755404719708,0.9927941038512593,21.353153228759766,1.9875245094299316,0.41358017255295004,430.66632080078125,447.9649658203125,True,10,0.0001,0.0215443469003188,0.9
636,38.69040201866346,0.9821240648980972,38.396915435791016,2.2446646690368652,0.2569735395184677,508.9964904785156,533.0846557617188,True,10,0.0001,0.0215443469003188,0.9
637,34.34707074305002,0.9678219428249434,20.530628204345703,1.73194420337677,0.2083584705867199,376.7058410644531,243.22802734375,True,10,0.0001,0.0215443469003188,0.9
638,33.86501173919894,0.9533385039913642,29.92876434326172,2.407886505126953,0.23635852327622695,273.41259765625,269.9739990234375,True,10,0.0001,0.1,0.9
639,34.380957153270735,0.9756109474920759,51.48119354248047,1.2683309316635132,0.2912125764749237,312.6982421875,377.9068908691406,True,10,0.0001,0.0046415888336127,0.9
640,28.43290791708916,0.9251076858817485,0.6251494288444519,0.16314855217933655,0.17790036927278519,25.396516799926758,21.05112648010254,True,10,0.0001,0.1,0.9
641,24.05552732972126,0.8822091184333024,397.4423828125,1.8260606527328491,0.507965531190479,233.3759002685547,322.757080078125,True,10,0.0001,0.0215443469003188,0.9
642,28.600099368756368,0.9529806989388323,61.0471305847168,2.06522536277771,0.2813612873399778,244.83853149414062,212.23655700683594,True,10,0.0001,0.0215443469003188,0.9
643,27.364355385344066,0.9298865524638671,194.87338256835938,1.5469279289245605,0.42007472898383125,275.294921875,328.16986083984375,True,10,0.0001,0.01,0.9
644,24.956830095548618,0.8888347252781221,42.02625274658203,0.5312327742576599,0.599764227578356,65.01599884033203,120.64237213134766,True,10,0.0001,0.0002154434690031,0.9
645,38.20966281084912,0.9751585899430286,119.731201171875,3.7682862281799316,0.22597163713302104,926.45703125,890.6367797851562,True,10,0.0001,0.0464158883361277,0.9
646,25.613620441644137,0.9383990253899458,964.5443725585938,3.3328466415405273,0.1755544764365799,596.6784057617188,593.9988403320312,True,10,0.0001,0.0464158883361277,0.9
647,28.583574962735867,0.9635621931238563,569.8653564453125,3.6187355518341064,0.2766762004605748,638.320068359375,679.4232177734375,True,10,0.0001,0.0004641588833612,0.9
648,30.020263944299842,0.9001426141340501,522.8598022460938,3.614769697189331,0.2951170342535974,743.2766723632812,789.382080078125,True,10,0.0001,0.1,0.9
649,38.091322139285914,0.9816619272510088,38.61787796020508,2.5074431896209717,0.32795049040688123,500.9411315917969,498.9437561035156,True,10,0.0001,0.0464158883361277,0.9
650,27.571913730379414,0.9430202814636001,7.51392126083374,0.3165534436702728,0.6108911912665118,40.92753982543945,87.83336639404297,True,10,0.0001,0.001,0.9
651,29.751213466046856,0.9579597139659927,305.3548583984375,6.398612022399902,0.25913582153681364,665.0914306640625,537.5694580078125,True,10,0.0001,0.0215443469003188,0.9
652,34.35994883080156,0.9695003395063958,120.29961395263672,1.8515472412109375,0.40837028060338315,529.7400512695312,587.2542724609375,True,10,0.0001,0.0004641588833612,0.9
653,22.077363780203676,0.8693235938752079,3370.3798828125,3.48529314994812,0.2867647555272567,650.8770751953125,745.6940307617188,True,10,0.0001,0.0021544346900318,0.9
654,25.913278364883414,0.9438019894833327,476.8822937011719,2.0929062366485596,0.31904160852401364,381.4304504394531,432.2278747558594,True,10,0.0001,0.01,0.9
655,39.59195689175533,0.9905243207026807,1.807815432548523,0.6850064992904663,0.26762237973094893,142.2008056640625,128.45272827148438,True,10,0.0001,0.1,0.9
656,35.71946941859254,0.9483980144094387,17.922441482543945,1.4244968891143799,0.30112268145457827,291.5187683105469,284.49212646484375,True,10,0.0001,0.0021544346900318,0.9
657,32.4700369934181,0.9602709189518687,60.22382354736328,0.8301944732666016,0.37341018946430293,276.130615234375,363.7192077636719,True,10,0.0001,0.0004641588833612,0.9
658,30.835952358234255,0.9604865868870934,234.25930786132812,1.33981454372406,0.6910035824039714,318.1835632324219,646.2713012695312,True,10,0.0001,0.0021544346900318,0.9
659,36.777332198736666,0.9692969762396271,63.2917594909668,1.8232067823410034,0.24682214541469152,547.320068359375,571.20751953125,True,10,0.0001,0.01,0.9
660,25.533864864566613,0.8520947766223991,345.00244140625,2.733121395111084,0.29127034861539536,273.1640319824219,356.7406311035156,True,10,0.0001,0.0464158883361277,0.9
661,32.27950850746221,0.9575261375544856,550.18408203125,4.686610221862793,0.30456538144162104,879.011962890625,986.5287475585938,True,10,0.0001,0.0046415888336127,0.9
662,27.170942109391845,0.9558302496701202,698.0755004882812,6.688206195831299,0.27421018180471435,586.6944580078125,606.1690673828125,True,10,0.0001,0.0046415888336127,0.9
663,35.621002242589945,0.9837854505046603,15.466204643249512,0.8260453343391418,0.2550158199577166,236.3044891357422,237.98956298828125,True,10,0.0001,0.0464158883361277,0.9
664,27.395968400581,0.9581498872369558,19.138816833496094,1.1480038166046143,0.2366059677099283,127.17929077148438,102.6806869506836,True,10,0.0001,0.0046415888336127,0.9
665,23.74554293098898,0.9118111656884537,99.65303802490234,0.6935391426086426,0.2632293990361731,177.91397094726562,153.70628356933594,True,10,0.0001,0.0464158883361277,0.9
666,24.722692227024396,0.8603490614203709,201.95083618164062,2.4489355087280273,0.1770171035983899,366.9421691894531,246.71177673339844,True,10,0.0001,0.1,0.9
667,30.372271399223884,0.9794506039874104,23.92599105834961,0.9246114492416382,0.18156847038080653,158.71994018554688,161.52069091796875,True,10,0.0001,0.1,0.9
668,22.882807167717594,0.8992100594626183,178.34344482421875,1.0463573932647705,0.1768569255249638,199.73606872558594,187.38046264648438,True,10,0.0001,0.0464158883361277,0.9
669,22.182377838117926,0.9076409694701203,493.4761962890625,2.907731533050537,0.23096834489892584,359.1865539550781,285.81005859375,True,10,0.0001,0.0215443469003188,0.9
670,36.697758815335725,0.9742631860715563,6.031623840332031,0.44728273153305054,0.4102142904061968,150.99258422851562,174.20022583007812,True,10,0.0001,0.0046415888336127,0.9
671,23.80764783987926,0.9097732178351704,3336.825927734375,2.638112783432007,0.4056086076496725,620.4963989257812,896.86865234375,True,10,0.0001,0.01,0.9
672,31.732108780966094,0.9761207465570655,4.417113780975342,0.4399004578590393,0.30084309273200593,69.82707214355469,81.15351104736328,True,10,0.0001,0.0464158883361277,0.9
673,32.763625908175044,0.9643255526236459,145.71237182617188,2.892979860305786,0.26940663324934166,612.5921630859375,524.9868774414062,True,10,0.0001,0.0464158883361277,0.9
674,32.834323948649484,0.9231926625819398,86.39627838134766,0.9961345791816711,0.37640750344953594,235.17178344726562,410.9864196777344,True,10,0.0001,0.1,0.9
675,25.869009860241828,0.918956862060234,2359.16357421875,8.001696586608887,0.28369168333934064,874.9592895507812,982.396240234375,True,10,0.0001,0.01,0.9
676,29.68538395963785,0.959074222328001,12.111408233642578,0.280522882938385,0.2027199876744008,79.52754211425781,112.92686462402344,True,10,0.0001,0.01,0.9
677,19.980254697665607,0.8256203981359216,1591.9627685546875,3.6455583572387695,0.22353611971295184,470.0534362792969,398.4577331542969,True,10,0.0001,0.1,0.9
678,21.814568326755733,0.8787266331742783,6143.01025390625,7.583418846130371,0.4158877140555089,748.5097045898438,969.5009765625,True,10,0.0001,0.0046415888336127,0.9
679,39.902712003814656,0.9893213242784497,76.2992935180664,3.25250244140625,0.3786726992076858,792.1717529296875,865.6416015625,True,10,0.0001,0.0215443469003188,0.9
680,28.0498302558227,0.9225394996373277,1045.8028564453125,3.028892755508423,0.2751700795456641,708.3226318359375,817.2550048828125,True,10,0.0001,0.1,0.9
681,20.159436045781327,0.8591893186220386,639.97021484375,1.749369740486145,0.22768135906663664,297.82977294921875,258.6449279785156,True,10,0.0001,0.0464158883361277,0.9
682,30.59015523581604,0.9630344706146341,24.544879913330078,0.773965060710907,0.21950732506627707,153.29684448242188,171.71670532226562,True,10,0.0001,0.01,0.9
683,29.799437393285015,0.9645889637486238,468.1917724609375,2.3400955200195312,0.2407207044206601,589.6703491210938,668.9745483398438,True,10,0.0001,0.0464158883361277,0.9
684,32.561845037422856,0.9429006685644111,421.70123291015625,3.6887240409851074,0.25539767858667584,1209.485107421875,929.4465942382812,True,10,0.0001,0.0464158883361277,0.9
685,28.44082465788615,0.9503658822169614,444.3072509765625,2.7550368309020996,0.3588299342015584,508.20855712890625,557.2061157226562,True,10,0.0001,0.0464158883361277,0.9
686,31.166144146296226,0.9771341905997387,249.1151885986328,2.6180880069732666,0.17838896551997288,523.9513549804688,572.0410766601562,True,10,0.0001,0.0464158883361277,0.9
687,29.074292015603923,0.9697710616885078,97.49931335449219,3.109995126724243,0.26175345570104186,385.9513854980469,280.6991271972656,True,10,0.0001,0.0464158883361277,0.9
688,35.45778258239104,0.9741358625845766,168.51992797851562,3.42183518409729,0.25974080640719205,800.0347900390625,769.7234497070312,True,10,0.0001,0.1,0.9
689,25.649959916330786,0.9238298364114343,96.06201934814453,0.4994295835494995,0.1870751274446482,150.41822814941406,187.85670471191406,True,10,0.0001,0.0464158883361277,0.9
690,26.573817673635606,0.9393679406590014,231.2696990966797,0.8524585366249084,0.3252174661004778,272.8345947265625,324.3555603027344,True,10,0.0001,0.0464158883361277,0.9
691,34.08709840591182,0.9718857304845678,70.2813949584961,2.3286447525024414,0.15883156621964267,562.4808959960938,426.0110168457031,True,10,0.0001,0.0464158883361277,0.9
692,26.896301255110387,0.9352178944445863,525.3161010742188,4.723061561584473,0.2833640146838008,468.55218505859375,508.102783203125,True,10,0.0001,0.0215443469003188,0.9
693,27.37015815926753,0.9519580861532405,107.7302474975586,1.6625182628631592,0.2570015185991303,249.92234802246094,243.16732788085938,True,10,0.0001,0.01,0.9
694,24.724793195225672,0.9076925552035879,45.056148529052734,0.2691449522972107,0.3266366643108235,82.58171081542969,115.72198486328125,True,10,0.0001,0.0464158883361277,0.9
695,27.527227219303846,0.9587385367036974,647.6363525390625,2.7231576442718506,0.2426614734089214,464.43023681640625,611.0093994140625,True,10,0.0001,0.0001,0.9
696,20.142750298887123,0.7996582327558817,791.7635498046875,2.3781161308288574,0.5039028159660589,217.01499938964844,289.3419189453125,True,10,0.0001,0.01,0.9
697,24.76011292256628,0.9043486959005872,1084.126953125,3.1427340507507324,0.4108002418500891,409.7947082519531,581.656982421875,True,10,0.0001,0.0046415888336127,0.9
698,24.913478426579424,0.9264762665234483,75.6668930053711,0.7955701351165771,0.3054841654328074,128.24285888671875,155.20835876464844,True,10,0.0001,0.001,0.9
699,21.434933112419362,0.8595122823135508,1654.5023193359375,4.25577974319458,0.3288815584468658,477.92724609375,481.6589660644531,True,10,0.0001,0.0464158883361277,0.9
700,33.253394194884436,0.9836361893098051,133.13961791992188,2.623072862625122,0.3086255615868537,483.8583984375,533.0568237304688,True,10,0.0001,0.01,0.9
701,24.858520643249072,0.9096314930520429,8.14852523803711,0.32252904772758484,0.3539285107555867,44.01115417480469,52.77171325683594,True,10,0.0001,0.0021544346900318,0.9
702,23.168114210946914,0.8685184099990922,544.777099609375,2.339918613433838,0.14806842747300972,519.053466796875,337.2676696777344,True,10,0.0001,0.0215443469003188,0.9
703,30.12690141314469,0.9557224016778856,17.548181533813477,1.07481050491333,0.26305095036318277,138.35235595703125,135.28025817871094,True,10,0.0001,0.01,0.9
704,29.368089620324444,0.9123718752142501,4.647284984588623,0.28569477796554565,0.16723767797071368,107.80704498291016,64.31159210205078,True,10,0.0001,0.1,0.9
705,35.262980452681624,0.9749845944814023,290.60540771484375,3.5292208194732666,0.3626072940645098,886.2035522460938,989.9702758789062,True,10,0.0001,0.0215443469003188,0.9
706,32.95541740747506,0.9014247126023835,47.55324172973633,1.9584816694259644,0.32670771975825097,336.5972900390625,323.031494140625,True,10,0.0001,0.1,0.9
707,17.932824881309983,0.7617732154108909,10541.1416015625,8.98466682434082,0.22344516960375257,890.7678833007812,810.0645751953125,True,10,0.0001,0.0464158883361277,0.9
708,34.16039262212234,0.974225341796998,20.751689910888672,0.8649031519889832,0.2960934318509365,213.53944396972656,255.38601684570312,True,10,0.0001,0.0021544346900318,0.9
709,30.47877986344574,0.9447063404770705,416.06610107421875,9.348763465881348,0.24543108636475136,737.495361328125,681.8212280273438,True,10,0.0001,0.2154434690031882,0.9
710,32.79595193682831,0.9786806485170674,299.71234130859375,3.7824525833129883,0.23820053865651666,729.806884765625,760.4676513671875,True,10,0.0001,0.0046415888336127,0.9
711,25.933764752378337,0.920874381300458,886.3487548828125,6.9881367683410645,0.1706790834719921,872.9552001953125,596.0430908203125,True,10,0.0001,0.0215443469003188,0.9
712,37.03416698145594,0.972093417156407,44.08429718017578,5.769345283508301,0.30277821897062257,506.2904357910156,472.1046142578125,True,10,0.0001,0.1,0.9
713,28.0013185407055,0.8960958007608645,240.845947265625,1.2787973880767822,0.752769881106059,155.21250915527344,412.4290771484375,True,10,0.0001,0.0215443469003188,0.9
714,33.61907970563613,0.959073737578926,53.08183670043945,2.3607985973358154,0.31232157235642843,392.95556640625,349.5194091796875,True,10,0.0001,0.0464158883361277,0.9
715,35.8068335714758,0.9754761041625488,226.87359619140625,5.300889015197754,0.16476664641052793,1317.9598388671875,929.599609375,True,10,0.0001,0.2154434690031882,0.9
716,26.798599236706902,0.9442061822365496,1437.2650146484375,8.285660743713379,0.2669494354286076,902.3466186523438,830.788818359375,True,10,0.0001,0.01,0.9
717,28.191383637631475,0.9663758571610486,1412.2960205078125,5.003783226013184,0.20168488815729843,1438.37353515625,965.0618896484375,True,10,0.0001,0.2154434690031882,0.9
718,27.495113007828074,0.9146475912675857,27.851755142211914,0.5222912430763245,0.14179426506853887,272.0646667480469,125.17292785644531,True,10,0.0001,0.4641588833612777,0.9
719,38.19304505622028,0.9812182495591564,80.8984146118164,2.595302104949951,0.20313550151471257,715.6974487304688,731.1365966796875,True,10,0.0001,0.1,0.9
720,26.80690317784046,0.9664232340113666,1828.5762939453125,10.085721015930176,0.36549111419491936,803.296875,938.402099609375,True,10,0.0001,0.0046415888336127,0.9
721,21.11106013541482,0.825131982255987,255.1143798828125,1.0691436529159546,0.3262618688767844,135.3895721435547,182.0518341064453,True,10,0.0001,0.01,0.9
722,32.30238280922636,0.9602452080977467,2.6278600692749023,0.5942320823669434,0.28708171292206686,72.16069793701172,67.42977142333984,True,10,0.0001,0.01,0.9
723,28.98086295301527,0.918865722532563,546.3743896484375,3.108227252960205,0.4681811710728225,381.7806091308594,741.3795166015625,True,10,0.0001,0.01,0.9
724,29.472380306405654,0.9417835232484326,352.0800476074219,4.02348518371582,0.20764619773328655,836.10693359375,574.8986206054688,True,10,0.0001,0.0021544346900318,0.9
725,28.141593454245314,0.9016676911466344,646.6913452148438,4.0269246101379395,0.2412808874543037,747.0234985351562,841.9869384765625,True,10,0.0001,0.1,0.9
726,26.199404358256917,0.934408157467275,47.33394241333008,0.9980888366699219,0.2639797977460463,149.01792907714844,140.63259887695312,True,10,0.0001,0.0464158883361277,0.9
727,27.960912560835087,0.9572244170741769,1011.2249145507812,4.440234184265137,0.2067463156815313,849.3532104492188,795.4720458984375,True,10,0.0001,0.2154434690031882,0.9
728,24.471800180200795,0.9157224826464743,146.11766052246094,1.6206424236297607,0.29085197523303913,202.67538452148438,202.42568969726562,True,10,0.0001,0.0215443469003188,0.9
729,31.867559883873824,0.985156799063963,17.3685359954834,1.571845293045044,0.19412264057909998,225.28729248046875,164.49229431152344,True,10,0.0001,0.0215443469003188,0.9
730,31.957695146120283,0.9546250290361351,16.691659927368164,1.176480770111084,0.23301504412639643,186.9916229248047,165.10153198242188,True,10,0.0001,0.01,0.9
731,37.514222629544115,0.9792236931029981,117.58162689208984,2.685692548751831,0.1902680771221676,879.1474609375,814.7601318359375,True,10,0.0001,0.1,0.9
732,26.41241593873323,0.9372412342159125,1010.0599975585938,2.097750663757324,0.2353287788502453,544.3533325195312,665.5320434570312,True,10,0.0001,0.1,0.9
733,25.12738787127868,0.9336611477670647,833.9422607421875,3.2870702743530273,0.17312233058441873,803.9912719726562,523.5423583984375,True,10,0.0001,0.1,0.9
734,23.92247042940618,0.8877989055230344,523.394775390625,1.5807840824127197,0.25487261972313063,328.82391357421875,359.4716491699219,True,10,0.0001,0.1,0.9
735,24.3886617822278,0.9041663285750641,2756.385009765625,6.879899978637695,0.35765673710491314,683.3063354492188,877.3233642578125,True,10,0.0001,0.0215443469003188,0.9
736,24.7728147911338,0.9439520271681441,509.0787658691406,2.76874041557312,0.2898042141154181,355.8843078613281,393.05267333984375,True,10,0.0001,0.01,0.9
737,32.23105009540351,0.9724424268485223,391.5849609375,8.851262092590332,0.20514479359041574,1107.6094970703125,816.7828369140625,True,10,0.0001,0.01,0.9
738,19.064694269411874,0.7891522504582816,2390.754150390625,8.778548240661621,0.29254772739413243,384.4814147949219,439.6957702636719,True,10,0.0001,0.0215443469003188,0.9
739,23.700146303082047,0.8819260825628897,606.2566528320312,6.504754066467285,0.2385677638849036,442.3315734863281,377.5674743652344,True,10,0.0001,0.0215443469003188,0.9
740,33.628231163998606,0.9543486707781368,93.0243911743164,5.705418586730957,0.28864877542056666,546.2578735351562,463.21710205078125,True,10,0.0001,0.0464158883361277,0.9
741,24.546758737182625,0.9178413612185617,319.99334716796875,2.7267134189605713,0.3366408761909342,309.67059326171875,302.0765075683594,True,10,0.0001,0.0464158883361277,0.9
742,37.13299965462225,0.9843184447110129,108.07609558105469,10.287513732910156,0.32527875049802113,939.2335815429688,747.8617553710938,True,10,0.0001,0.0464158883361277,0.9
743,21.50101185468995,0.893153932094055,1789.9498291015625,6.963572978973389,0.23616573885644807,580.5885009765625,503.2176818847656,True,10,0.0001,0.1,0.9
744,25.161255065413602,0.9292307837988308,155.9389190673828,0.8691178560256958,0.2737070373948586,163.90927124023438,232.98048400878906,True,10,0.0001,0.0046415888336127,0.9
745,25.417626076696557,0.8729906129585056,2226.778564453125,1.8970485925674438,0.7540430683026382,351.1820983886719,899.6749877929688,True,10,0.0001,0.0004641588833612,0.9
746,24.48246314547585,0.9096142711546522,525.724609375,1.2400927543640137,0.3274529637841208,303.34149169921875,384.50732421875,True,10,0.0001,0.0464158883361277,0.9
747,36.66560699271622,0.9805704801813367,63.6943244934082,2.8385965824127197,0.4112074589768251,545.3200073242188,544.0093383789062,True,10,0.0001,0.0215443469003188,0.9
748,33.35463570016596,0.9622097644528184,352.3387145996094,1.897149920463562,0.30792125381723806,692.3388671875,906.5656127929688,True,10,0.0001,0.01,0.9
749,26.35173435911515,0.87666502729312,887.9791870117188,3.378497362136841,0.31885875753080223,482.677490234375,624.61376953125,True,10,0.0001,0.01,0.9
750,28.137644171611228,0.9143928657770032,18.752195358276367,0.5525235533714294,0.12577465768463658,174.4998016357422,117.78114318847656,True,10,0.0001,0.0464158883361277,0.9
751,20.22342458326445,0.8683610323388721,8373.6435546875,4.160702228546143,0.11798356210683017,1607.2052001953125,939.8922729492188,True,10,0.0001,0.2154434690031882,0.9
752,27.442063194885314,0.9365340264339165,701.30224609375,3.8857080936431885,0.16955927935205437,857.4199829101562,628.080322265625,True,10,0.0001,0.1,0.9
753,27.625813835311995,0.9305272292887833,193.3905487060547,1.4678038358688354,0.30089358771394537,242.2229461669922,335.5707092285156,True,10,0.0001,0.0021544346900318,0.9
754,24.729012114578843,0.8856868349223314,65.82843780517578,0.579412579536438,0.3139705394751944,108.95233917236328,140.13279724121094,True,10,0.0001,0.0464158883361277,0.9
755,33.32327220024731,0.9642860126692198,293.3037109375,6.1818060874938965,0.36027208821892753,806.0668334960938,794.2311401367188,True,10,0.0001,0.0464158883361277,0.9
756,32.74853689506071,0.9856831040175706,204.2355194091797,2.3282504081726074,0.15076738334115766,742.7556762695312,620.4526977539062,True,10,0.0001,0.2154434690031882,0.9
757,31.07028882790099,0.957066987405682,215.2467803955078,2.1273245811462402,0.10598581113183948,903.2160034179688,533.9276123046875,True,10,0.0001,0.0464158883361277,0.9
758,22.27406554823533,0.8974817430456237,4724.0390625,4.658705711364746,0.1901877645113313,1156.2724609375,893.9987182617188,True,10,0.0001,0.2154434690031882,0.9
759,27.39618839918359,0.93258100341894,1066.119873046875,8.271449089050293,0.31042667595471185,765.432861328125,788.80859375,True,10,0.0001,0.0046415888336127,0.9
760,23.640388446611635,0.9005485337815786,100.47522735595703,0.843705952167511,0.35633708352882515,134.70706176757812,152.52320861816406,True,10,0.0001,0.0215443469003188,0.9
761,26.147381790207476,0.9071475147928392,220.56625366210938,1.4809564352035522,0.3097648227455388,225.59368896484375,312.41033935546875,True,10,0.0001,0.001,0.9
762,30.8252126239794,0.9638420791741003,50.85681915283203,1.5871055126190186,0.30860300434854365,239.09231567382812,249.2406463623047,True,10,0.0001,0.0046415888336127,0.9
763,20.973333682850996,0.8468419448179418,4409.9873046875,1.7086992263793945,0.5420276709097687,486.5601501464844,744.2023315429688,True,10,0.0001,0.0215443469003188,0.9
764,34.93811493774011,0.971579381648232,0.3815597593784332,0.18048283457756042,0.3320876863430613,36.42598342895508,34.4989013671875,True,10,0.0001,0.1,0.9
765,37.81951390271998,0.9669644686444379,52.39583969116211,1.7731224298477173,0.27363037743341273,584.701904296875,570.31982421875,True,10,0.0001,0.0046415888336127,0.9
766,19.507794859166612,0.759275859450562,6244.3759765625,6.0531005859375,0.330797072010214,592.6851196289062,762.6962280273438,True,10,0.0001,0.0046415888336127,0.9
767,24.687075744286496,0.8991906112925294,2505.865966796875,3.4042165279388428,0.32545493837213224,609.7734985351562,876.8888549804688,True,10,0.0001,0.0046415888336127,0.9
768,26.529878577097907,0.9603104725464702,260.4013366699219,3.0327978134155273,0.3032045428764774,352.1621398925781,342.7396545410156,True,10,0.0001,0.0215443469003188,0.9
769,31.33670781349625,0.9244765878046629,420.17022705078125,6.110531330108643,0.3616731425657319,625.7080688476562,821.43603515625,True,10,0.0001,0.0215443469003188,0.9
770,22.14900743336686,0.8275064940186375,74.54402160644531,0.9742470383644104,0.3775785775444526,89.80912017822266,111.52110290527344,True,10,0.0001,0.0464158883361277,0.9
771,36.90171337133996,0.9908517617559285,146.15330505371094,2.5707080364227295,0.26001171833898046,762.7871704101562,846.6058349609375,True,10,0.0001,0.1,0.9
772,32.77854774838521,0.9607850288120708,8.688480377197266,0.6008777022361755,0.18580633090205584,211.5087432861328,128.36117553710938,True,10,0.0001,0.2154434690031882,0.9
773,32.38184822343949,0.9511162172714623,90.33011627197266,3.5611696243286133,0.2702644471612133,432.6468505859375,397.8900146484375,True,10,0.0001,0.01,0.9
774,37.459208878466576,0.9635780041862444,113.89649963378906,6.424948215484619,0.27180170961995975,912.1107788085938,797.498046875,True,10,0.0001,0.0464158883361277,0.9
775,30.182963378562096,0.9242594425073442,16.70227813720703,0.5540103912353516,0.452406277303432,92.18566131591797,150.76751708984375,True,10,0.0001,0.0215443469003188,0.9
776,30.68417105472786,0.9538848943954528,45.12600326538086,1.3561694622039795,0.20574651752500975,303.3880920410156,230.0221405029297,True,10,0.0001,0.2154434690031882,0.9
777,25.792237875218355,0.8554256768759151,1372.582275390625,5.326693058013916,0.25607731565413594,1111.129638671875,722.5303344726562,True,10,0.0001,0.1,0.9
778,27.12025810618257,0.954442019671417,1006.0552368164062,5.490482807159424,0.4746743482072153,739.2354125976562,720.3165283203125,True,10,0.0001,0.0215443469003188,0.9
779,35.736166792452096,0.9731182223579955,109.66850280761719,2.7843542098999023,0.34589934002107287,693.973388671875,641.5064697265625,True,10,0.0001,0.0464158883361277,0.9
780,35.73422149290196,0.9776954541234655,126.07207489013672,1.5948424339294434,0.3012182279568977,493.1148681640625,694.2545166015625,True,10,0.0001,0.0215443469003188,0.9
781,39.27016413555825,0.9830819361134825,34.90229797363281,3.2689826488494873,0.3295435162228083,533.1600341796875,543.1817016601562,True,10,0.0001,0.0464158883361277,0.9
782,28.485123380236132,0.962912715333288,89.57229614257812,0.9054303169250488,0.496706443521941,163.44715881347656,252.54725646972656,True,10,0.0001,0.0021544346900318,0.9
783,35.24335515425016,0.9704990005745361,34.74609375,1.5448201894760132,0.34616280129402655,334.8846435546875,346.3503112792969,True,10,0.0001,0.0046415888336127,0.9
784,33.229478280179414,0.9784786494216191,15.807116508483887,1.2891767024993896,0.3094247912870417,170.3822784423828,182.41612243652344,True,10,0.0001,0.1,0.9
785,23.671349516926085,0.8738922746763137,3238.706787109375,2.869187593460083,0.23299330909421326,660.9696044921875,908.5421142578125,True,10,0.0001,0.001,0.9
786,34.491005861065496,0.9763282839481798,120.80973052978516,4.171775817871094,0.3332535512144709,648.2294921875,583.8084106445312,True,10,0.0001,0.01,0.9
787,29.201735106726957,0.9494271692901588,188.6192169189453,3.747553825378418,0.18624199686777734,627.767822265625,401.4505615234375,True,10,0.0001,0.0215443469003188,0.9
788,30.722988116289347,0.9794125942469135,176.72857666015625,2.411841630935669,0.2692852250484665,457.22979736328125,462.5437927246094,True,10,0.0001,0.01,0.9
789,35.8225051622508,0.9745054129199716,234.6322784423828,3.616058349609375,0.3492278580067503,823.4910888671875,947.3360595703125,True,10,0.0001,0.0215443469003188,0.9
790,38.05924213091906,0.9713453605571153,3.328127145767212,0.7629086375236511,0.3647350626066572,157.43275451660156,154.19805908203125,True,10,0.0001,0.0046415888336127,0.9
791,35.81644508099367,0.9681916763262114,90.13763427734375,2.604666233062744,0.27278252429608957,606.1414794921875,586.6436157226562,True,10,0.0001,0.1,0.9
792,22.022103373257554,0.894661823754589,1604.6173095703125,4.072769641876221,0.3535546240788023,462.8623962402344,506.3827819824219,True,10,0.0001,0.0046415888336127,0.9
793,32.99899784072737,0.9813426729787614,186.4877471923828,5.940466403961182,0.2871835169371785,781.6558227539062,611.8427734375,True,10,0.0001,0.0046415888336127,0.9
794,20.228255739263115,0.8639168127212131,3.4404215812683105,0.07857508212327957,0.16168655626207032,17.395999908447266,19.092073440551758,True,10,0.0001,0.2154434690031882,0.9
795,29.156352234905896,0.9515099829164698,923.790771484375,6.753873825073242,0.19564649297476483,1025.9210205078125,872.2517700195312,True,10,0.0001,0.1,0.9
796,31.816147799173812,0.9462333391829018,506.2840881347656,6.185515880584717,0.30846281755874544,1030.842041015625,932.1861572265625,True,10,0.0001,0.0464158883361277,0.9
797,35.229675010748316,0.9738702444653762,95.60905456542969,2.404221296310425,0.21744289335354267,554.74072265625,565.5680541992188,True,10,0.0001,0.2154434690031882,0.9
798,29.263245611569147,0.9563452183615928,573.9081420898438,2.3734710216522217,0.2681730963590545,600.5858764648438,696.9541625976562,True,10,0.0001,0.1,0.9
799,31.696042750069935,0.9248672397086403,419.4544982910156,3.2173917293548584,0.23998458249331958,916.2692260742188,922.576904296875,True,10,0.0001,0.2154434690031882,0.9
800,33.730297659417694,0.9537407382707601,197.1222381591797,4.961851596832275,0.15051954813562632,1027.286865234375,707.5313720703125,True,10,0.0001,0.001,0.9
801,26.50729825316118,0.9471791226366848,52.51284408569336,0.5567410588264465,0.4387769915099017,130.12774658203125,153.38650512695312,True,10,0.0001,0.0215443469003188,0.9
802,29.87507155512887,0.9371285080925107,336.96844482421875,3.455029010772705,0.4213592417995242,462.8847961425781,576.7120971679688,True,10,0.0001,0.01,0.9
803,34.81353186866417,0.9791355443689722,121.54273986816406,2.7080700397491455,0.2762630544978444,589.6162109375,607.1083374023438,True,10,0.0001,0.0215443469003188,0.9
804,41.934105426877395,0.9927725907880333,11.426497459411621,3.2711892127990723,0.242881885735497,561.68505859375,424.70654296875,True,10,0.0001,0.0215443469003188,0.9
805,37.4725078768926,0.9782399997899407,97.02461242675781,3.952197790145874,0.23809451401485957,752.619140625,736.707763671875,True,10,0.0001,0.2154434690031882,0.9
806,36.861234357008264,0.9818672491208688,179.6995086669922,4.440520286560059,0.297082190985236,937.421630859375,934.4326782226562,True,10,0.0001,0.01,0.9
807,37.93185468307677,0.9795871869544619,137.22044372558594,6.247180461883545,0.3204511057858785,974.7369384765625,925.6429443359375,True,10,0.0001,0.0046415888336127,0.9
808,34.98058843515932,0.9840219643801236,64.6603012084961,1.941207766532898,0.4127841876994386,425.82830810546875,451.3885192871094,True,10,0.0001,0.0215443469003188,0.9
809,35.107337476552274,0.9495383432582867,3.9327392578125,1.4637765884399414,0.21637110188408312,173.50680541992188,114.12480926513672,True,10,0.0001,0.0215443469003188,0.9
810,25.969728157368177,0.9615403300591421,2446.72412109375,8.589251518249512,0.2842410267210261,930.5973510742188,984.8563842773438,True,10,0.0001,0.01,0.9
811,36.195711584758484,0.9764700750632921,168.947265625,3.2033560276031494,0.2772032373585818,799.4889526367188,839.0592041015625,True,10,0.0001,0.1,0.9
812,31.05854270613714,0.9683763250877737,12.340875625610352,0.4949849545955658,0.20894654167026208,142.17205810546875,125.53801727294922,True,10,0.0001,0.1,0.9
813,33.270118032519214,0.9347608724322605,391.90203857421875,9.538263320922852,0.22122150774804403,1014.33740234375,920.9210205078125,True,10,0.0001,0.0215443469003188,0.9
814,25.463074501170624,0.9185764372240179,2035.0604248046875,6.233829975128174,0.3859277872651866,688.0035400390625,870.0264892578125,True,10,0.0001,0.0046415888336127,0.9
815,24.069390192717197,0.9304739288424437,1056.11962890625,2.2067203521728516,0.30298501659020977,474.8191833496094,519.3192138671875,True,10,0.0001,0.0021544346900318,0.9
816,-1.3496585758200563,0.8709684379740196,472426.6875,445.4456481933594,0.25146881121461684,539.1958618164062,591.6841430664062,True,10,0.0001,0.0001,0.9
817,33.1944403213487,0.9772822299916432,76.49746704101562,1.7863696813583374,0.20744227070201876,455.63092041015625,399.60369873046875,True,10,0.0001,0.2154434690031882,0.9
818,34.19372071385902,0.9690922028908912,1.1812105178833008,0.2744036316871643,0.29571278142871443,52.25374984741211,55.706878662109375,True,10,0.0001,0.0464158883361277,0.9
819,23.347328599607792,0.8880462038058737,521.5596923828125,0.7108473777770996,0.2929159490738754,247.1302947998047,335.8620300292969,True,10,0.0001,0.0464158883361277,0.9
820,31.91155630654744,0.9519283350853113,414.71881103515625,5.201371192932129,0.2870479546116606,884.3926391601562,803.0505981445312,True,10,0.0001,0.0464158883361277,0.9
821,33.694318533852176,0.9575437890717489,0.011816048994660378,0.027517132461071014,0.3249591864030485,4.759480953216553,5.6273908615112305,True,10,0.0001,0.0021544346900318,0.9
822,33.91259119078082,0.9808810889198069,44.761985778808594,1.9771000146865845,0.2661218167229025,349.06414794921875,334.1656799316406,True,10,0.0001,0.0215443469003188,0.9
823,21.626783858267878,0.9122749615175423,1092.1766357421875,4.077564716339111,0.2602630789565613,566.2687377929688,398.7705383300781,True,10,0.0001,0.1,0.9
824,36.3421774477399,0.9826672300388816,67.1292953491211,1.760451078414917,0.19872920835508068,601.8892211914062,537.8582153320312,True,10,0.0001,0.1,0.9
825,29.619643299958653,0.9553306876029146,917.4963989257812,7.145703315734863,0.3534399198309949,764.4982299804688,919.935791015625,True,10,0.0001,0.01,0.9
826,36.09010714748647,0.9784417635116291,29.510515213012695,2.815138578414917,0.2710386229970591,371.93157958984375,346.9996337890625,True,10,0.0001,0.0215443469003188,0.9
827,25.012613347235984,0.9020254972902145,375.3507080078125,1.1929067373275757,0.08748050188566833,747.43994140625,347.60626220703125,True,10,0.0001,0.4641588833612777,0.9
828,32.850729782619496,0.9894542220607015,276.9954833984375,8.084773063659668,0.27620339096393326,887.1593017578125,737.7637329101562,True,10,0.0001,0.0046415888336127,0.9
829,30.403628910351323,0.9635216586668548,152.61817932128906,0.9446079730987549,0.3923351625820969,277.59600830078125,452.7657165527344,True,10,0.0001,0.0021544346900318,0.9
830,29.724890637849832,0.9558633566056489,54.03358459472656,1.871972680091858,0.1825308181045534,247.79232788085938,225.38021850585938,True,10,0.0001,0.0464158883361277,0.9
831,28.033003186712612,0.8671649470329439,322.2786560058594,4.8779616355896,0.173625672892315,672.5259399414062,452.9870910644531,True,10,0.0001,0.0464158883361277,0.9
832,26.21139228218761,0.9592166458351693,47.912025451660156,1.0498714447021484,0.2247149521932177,150.76768493652344,141.71615600585938,True,10,0.0001,0.0464158883361277,0.9
833,36.36043321127444,0.9539869234265742,6.413968086242676,1.0450084209442139,0.28600518743361836,246.67343139648438,177.21060180664062,True,10,0.0001,0.01,0.9
834,25.656341998200645,0.9218474340500643,666.8362426757812,3.8058626651763916,0.28274592510599356,534.3635864257812,498.8694152832031,True,10,0.0001,0.01,0.9
835,36.25726248665128,0.9878738207283158,41.20705795288086,1.1434605121612549,0.4165317322742454,342.49078369140625,419.50653076171875,True,10,0.0001,0.01,0.9
836,38.17389698446415,0.9554413256492039,124.52828216552734,3.128270387649536,0.25616327440813785,844.9150390625,914.9310302734375,True,10,0.0001,0.01,0.9
837,25.648921914991295,0.932395423264161,354.2304382324219,3.172694206237793,0.3002564285799359,320.2857971191406,363.031494140625,True,10,0.0001,0.01,0.9
838,25.267725846037568,0.9195148333278136,1001.6748046875,2.8389244079589844,0.12729588549165824,1097.8236083984375,581.0077514648438,True,10,0.0001,0.4641588833612777,0.9
839,28.45812591475776,0.9353126360659014,515.3001708984375,5.940712928771973,0.3893744221447738,526.7317504882812,632.6320190429688,True,10,0.0001,0.01,0.9
840,35.661864599626355,0.9878076294627351,0.05372454971075058,0.05715218186378479,0.25174004846017123,12.6299409866333,14.081361770629883,True,10,0.0001,0.1,0.9
841,22.334154347754897,0.8841580807436085,2547.15625,4.030912399291992,0.35102621352836993,540.9557495117188,663.8738403320312,True,10,0.0001,0.0046415888336127,0.9
842,35.300532951511144,0.9639288570666522,9.286417961120605,1.3157925605773926,0.20573952306562163,233.7859344482422,178.85792541503906,True,10,0.0001,0.0215443469003188,0.9
843,33.85484086691922,0.9719014646191346,380.0377197265625,4.388052463531494,0.24303460631262072,1054.1529541015625,961.1092529296875,True,10,0.0001,0.0464158883361277,0.9
844,35.700220371125845,0.9535862656831127,5.999082088470459,0.5496388077735901,0.2633824125948614,151.6305389404297,149.51406860351562,True,10,0.0001,0.1,0.9
845,32.76908049025211,0.9617478712485916,91.01939392089844,1.5926830768585205,0.3653723075667734,344.0821838378906,415.2095031738281,True,10,0.0001,0.0464158883361277,0.9
846,38.96451018995249,0.9847714366589291,0.9437628388404846,0.37940335273742676,0.22403309195188875,92.45109558105469,86.26432037353516,True,10,0.0001,0.2154434690031882,0.9
847,25.183879517580408,0.8923703676057928,2900.39306640625,5.360191345214844,0.638165209596096,559.3222045898438,996.8773803710938,True,10,0.0001,0.001,0.9
848,32.84806609035079,0.961904176802089,130.9788360595703,1.474048137664795,0.21428979892995068,413.8563232421875,502.69281005859375,True,10,0.0001,0.1,0.9
849,36.03413281228344,0.9733728397756785,86.67386627197266,5.577767372131348,0.3047367605233657,694.9880981445312,595.7896118164062,True,10,0.0001,0.0046415888336127,0.9
850,36.189050890378624,0.9763972788080343,1.0792111158370972,0.3809379041194916,0.21780007949105915,77.0319595336914,68.0093994140625,True,10,0.0001,0.01,0.9
851,41.52184451775024,0.97409769259893,39.57966232299805,3.226236581802368,0.317523194683011,761.3052368164062,750.2105102539062,True,10,0.0001,0.0215443469003188,0.9
852,32.14680537702026,0.9457858400962386,12.174790382385254,0.4814023971557617,0.11192020830476616,342.0703430175781,210.69569396972656,True,10,0.0001,1.0,0.9
853,28.216682858797615,0.9469100546257108,1194.274658203125,6.2461256980896,0.2243083745569297,872.609130859375,898.15625,True,10,0.0001,0.0464158883361277,0.9
854,24.89363443238377,0.9251784556329066,137.1853485107422,0.5459524393081665,0.37338845323670616,179.34829711914062,205.9344940185547,True,10,0.0001,0.01,0.9
855,27.003165891422576,0.972978824955268,72.83197021484375,2.2096657752990723,0.22104116243761038,239.2622528076172,191.49703979492188,True,10,0.0001,0.0021544346900318,0.9
856,26.15068184437124,0.9410382499851063,3.4065513610839844,0.2376973032951355,0.2895124702516382,32.660736083984375,37.513118743896484,True,10,0.0001,0.0464158883361277,0.9
857,34.76685967237091,0.9626996124738018,73.9809799194336,1.7292077541351318,0.39773420781862345,424.9942321777344,472.5948791503906,True,10,0.0001,0.0021544346900318,0.9
858,36.28306583151746,0.972335040746151,75.09976959228516,2.8316309452056885,0.3253892950323261,589.5894165039062,565.2763061523438,True,10,0.0001,0.0464158883361277,0.9
859,25.089980417194568,0.9218624272721102,13.715929985046387,0.30846458673477173,0.3518706239232447,52.202728271484375,66.64292907714844,True,10,0.0001,0.01,0.9
860,21.934393598691095,0.8905225332628867,3847.07666015625,3.799330234527588,0.30649023004267767,712.3683471679688,775.7520751953125,True,10,0.0001,0.0464158883361277,0.9
861,31.861035549334463,0.9783091229704758,125.78422546386719,1.9466866254806519,0.3608081227045638,382.74334716796875,453.8355407714844,True,10,0.0001,0.0046415888336127,0.9
862,35.61391824138649,0.9726101417321292,73.17636108398438,1.8008686304092407,0.41965545060917164,327.7711486816406,524.8659057617188,True,10,0.0001,0.0046415888336127,0.9
863,32.95430415628135,0.9679631659889861,96.90267181396484,5.005922317504883,0.25582391528737697,472.2538146972656,441.3219909667969,True,10,0.0001,0.01,0.9
864,24.741257837697816,0.9049663331645678,528.4459228515625,2.290113687515259,0.27868844594162384,338.72650146484375,401.3623046875,True,10,0.0001,0.0215443469003188,0.9
865,34.52349702054053,0.9740632042227269,110.60845184326172,5.15904426574707,0.2779386608325762,649.3018798828125,560.0806884765625,True,10,0.0001,0.0464158883361277,0.9
866,26.532631710441077,0.9399248674450398,54.10844421386719,1.5917426347732544,0.25336183819329033,143.65261840820312,156.0850067138672,True,10,0.0001,0.0464158883361277,0.9
867,36.6526673814479,0.9902778663225588,7.209288120269775,0.839949369430542,0.32398425598588,168.61605834960938,182.74620056152344,True,10,0.0001,0.1,0.9
868,26.872993539965986,0.9140541141154004,1490.4217529296875,9.799033164978027,0.24947619271911228,820.2577514648438,861.923828125,True,10,0.0001,0.0004641588833612,0.9
869,38.33813642134471,0.9933258121135434,131.06541442871094,7.465228080749512,0.22630048657246307,1121.7255859375,946.1693725585938,True,10,0.0001,0.1,0.9
870,23.81055521296568,0.8964720564145668,581.2688598632812,1.0083166360855103,0.37383795116919954,300.5572814941406,373.9360046386719,True,10,0.0001,0.0215443469003188,0.9
871,22.101466793688193,0.8377239065999812,452.0665588378906,1.3867199420928955,0.13420284684435663,544.9598999023438,271.47393798828125,True,10,0.0001,0.2154434690031882,0.9
872,19.664008729866108,0.8587584650255771,4475.486328125,7.321281909942627,0.23365201851446646,767.3607788085938,644.3555297851562,True,10,0.0001,0.0464158883361277,0.9
873,42.139657535620536,0.989055443459005,10.208864212036133,1.8378359079360962,0.3119777479535242,410.7768249511719,409.325439453125,True,10,0.0001,0.0215443469003188,0.9
874,35.994156290160454,0.9631991094387722,0.1620369702577591,0.11460266262292862,0.2618844068591743,29.590375900268555,26.36096954345703,True,10,0.0001,0.0001,0.9
875,21.737688515827664,0.856490397388709,164.70108032226562,1.528185486793518,0.27725806194533625,145.5140380859375,156.99644470214844,True,10,0.0001,0.0464158883361277,0.9
876,27.13076315066971,0.942577377576823,987.1914672851562,9.930932998657227,0.3201864244333548,893.1442260742188,716.2562866210938,True,10,0.0001,0.0046415888336127,0.9
877,31.208104134002053,0.959417847434003,328.9406433105469,4.583371162414551,0.2984447961372249,745.7498779296875,659.2650146484375,True,10,0.0001,0.0464158883361277,0.9
878,32.27014475913422,0.9764737160674559,0.42966559529304504,0.1286001056432724,0.3066115803604747,25.408090591430664,28.068897247314453,True,10,0.0001,0.0021544346900318,0.9
879,27.828429415116833,0.9557767194937011,81.77178955078125,0.5854907035827637,0.33133821953478126,208.1284637451172,222.75018310546875,True,10,0.0001,0.0464158883361277,0.9
880,25.729698569240774,0.9211728078720686,137.9890899658203,1.153700351715088,0.08555770794795349,427.2044372558594,231.84371948242188,True,10,0.0001,0.1,0.9
881,31.855767256852893,0.9575961902199391,247.05645751953125,3.217224597930908,0.3492160252800538,457.9944763183594,672.2208251953125,True,10,0.0001,0.001,0.9
882,31.526710457355158,0.9658977849134105,0.2747991383075714,0.08435982465744019,0.3856520010481618,15.478438377380371,20.690826416015625,True,10,0.0001,0.0001,0.9
883,19.14804588440414,0.7955047668432874,133.63665771484375,0.6830320358276367,0.14430420178846065,133.4731903076172,105.00447082519531,True,10,0.0001,0.2154434690031882,0.9
884,23.130888109740184,0.9124038239195654,3107.561767578125,7.741907596588135,0.2680789060541146,922.8302612304688,800.1161499023438,True,10,0.0001,0.0004641588833612,0.9
885,22.281495310796778,0.8599148894546733,183.29425048828125,1.6256481409072876,0.33070954872417396,125.0826187133789,179.36611938476562,True,10,0.0001,0.01,0.9
886,26.529296938224597,0.9129549646765448,944.7191772460938,3.6914918422698975,0.19198418032637948,631.499267578125,653.0933837890625,True,10,0.0001,0.0464158883361277,0.9
887,37.800737503340805,0.9757013574811573,9.46712875366211,0.9110987782478333,0.18346721516022724,270.5089111328125,238.94459533691406,True,10,0.0001,0.2154434690031882,0.9
888,41.17239395595901,0.9894132653349325,0.7678430080413818,0.9259617328643799,0.27864500841870316,113.63386535644531,100.34194946289062,True,10,0.0001,0.1,0.9
889,26.173280392373655,0.8709041295079701,141.46493530273438,1.0415844917297363,0.4561903416260102,126.9471664428711,243.92901611328125,True,10,0.0001,0.0215443469003188,0.9
890,32.85956165017617,0.9822210220483557,269.4505310058594,2.238147497177124,0.22280999464271528,623.876708984375,722.544677734375,True,10,0.0001,0.1,0.9
891,39.89873179704824,0.9859514265668159,74.8603515625,2.510669708251953,0.24342131350486412,852.739990234375,855.8407592773438,True,10,0.0001,0.0464158883361277,0.9
892,37.47304517568481,0.9921282343451083,122.09619903564453,5.11769437789917,0.2502620051641319,952.0248413085938,830.3896484375,True,10,0.0001,0.01,0.9
893,25.665783898335548,0.9451904814494284,428.04656982421875,3.4927449226379395,0.3121160264182041,423.43072509765625,397.7863464355469,True,10,0.0001,0.0464158883361277,0.9
894,38.12515917917644,0.9767821134674537,68.73815155029297,2.9898595809936523,0.3193814945497314,654.3878173828125,668.4170532226562,True,10,0.0001,0.0464158883361277,0.9
895,31.468719559048136,0.9360843449792564,30.166465759277344,2.0213005542755127,0.3168180289521755,203.9464569091797,205.77931213378906,True,10,0.0001,0.1,0.9
896,27.19484145007863,0.8958487251697909,154.4893035888672,2.0173568725585938,0.19945188680103396,399.2522888183594,293.8545837402344,True,10,0.0001,0.0464158883361277,0.9
897,31.529203762461677,0.9308596037751615,418.6800231933594,2.564584255218506,0.36209013084798614,611.2518920898438,896.439453125,True,10,0.0001,0.0464158883361277,0.9
898,38.37213271577605,0.9821576400745518,0.02841874584555626,0.03699259087443352,0.14950043925706313,15.381211280822754,13.988921165466309,True,10,0.0001,0.2154434690031882,0.9
899,30.954716990282208,0.9643906798863435,5.992408275604248,0.6693416237831116,0.21420605994144606,98.93179321289062,86.42301940917969,True,10,0.0001,0.0215443469003188,0.9
900,38.65756333361511,0.9892781251509,5.9182963371276855,1.2572901248931885,0.24518995296211976,237.5502166748047,208.67837524414062,True,10,0.0001,0.01,0.9
901,29.18386880627384,0.9648707797683552,0.9110857248306274,0.17333385348320007,0.3645594529536885,27.157787322998047,27.505672454833984,True,10,0.0001,0.01,0.9
902,35.504807995301164,0.9747328444992426,8.777095794677734,0.7960870862007141,0.4175377696133806,186.8776397705078,182.25399780273438,True,10,0.0001,0.001,0.9
903,38.08364864985183,0.9639822701982177,47.8919677734375,1.607698917388916,0.3199826067593964,570.68994140625,583.45849609375,True,10,0.0001,0.0021544346900318,0.9
904,28.34705172843121,0.9368448356402916,259.4227294921875,1.478743553161621,0.35641162490435224,312.4017639160156,422.00311279296875,True,10,0.0001,0.0215443469003188,0.9
905,32.6203551050652,0.981267878683851,434.05975341796875,4.375520706176758,0.3768585401714713,762.159423828125,892.779052734375,True,10,0.0001,0.0046415888336127,0.9
906,26.31550437489537,0.9605529949365047,1559.1689453125,4.025497913360596,0.24611699361737296,810.4867553710938,817.6260986328125,True,10,0.0001,0.0215443469003188,0.9
907,40.39408489668914,0.9840640112896084,10.679967880249023,1.226527452468872,0.25665841586526317,350.9118957519531,342.47552490234375,True,10,0.0001,0.1,0.9
908,27.28821974849405,0.9479496508559945,126.32279205322266,0.7918565273284912,0.2628224935300587,233.77761840820312,260.16400146484375,True,10,0.0001,0.1,0.9
909,24.987830330748608,0.9344217928724269,457.61627197265625,1.6772699356079102,0.2408582429504063,344.5102844238281,380.3127136230469,True,10,0.0001,0.0464158883361277,0.9
910,35.44031529558402,0.9816376464008916,99.50638580322266,4.067692756652832,0.23515755718769604,792.6325073242188,590.7046508789062,True,10,0.0001,0.1,0.9
911,32.439271059830176,0.9504271757292059,34.290618896484375,1.065636157989502,0.4397401727179179,210.4575653076172,268.7955627441406,True,10,0.0001,0.001,0.9
912,36.29924857932161,0.9732941278055602,71.11528778076172,1.6326483488082886,0.39094051005080754,504.22222900390625,624.5247802734375,True,10,0.0001,0.0046415888336127,0.9
913,29.405248361758062,0.8932206451194571,139.86444091796875,2.5848968029022217,0.39873082455207265,278.3460388183594,410.0022277832031,True,10,0.0001,0.01,0.9
914,38.47451433588103,0.9845880966468246,43.33725357055664,2.8110766410827637,0.24904078791348783,603.5831298828125,552.4951171875,True,10,0.0001,0.2154434690031882,0.9
915,21.743004847267798,0.8689088543203293,1275.852294921875,1.9879533052444458,0.3591016904323925,358.84185791015625,436.6903991699219,True,10,0.0001,0.0215443469003188,0.9
916,19.76059557186997,0.8213899188198152,918.9754638671875,1.2791013717651367,0.44162224146220286,182.4606170654297,295.1712951660156,True,10,0.0001,0.01,0.9
917,26.730382299767523,0.9442809392516458,1908.2747802734375,7.853016376495361,0.30005465569576745,847.3677978515625,948.5048828125,True,10,0.0001,0.0021544346900318,0.9
918,26.033965404490562,0.9364281499564218,1422.2724609375,3.8668458461761475,0.381208723987316,536.9002685546875,763.8421630859375,True,10,0.0001,0.0021544346900318,0.9
919,30.335268666544405,0.9587777464874512,18.330286026000977,1.1557607650756836,0.21116062019008436,124.40909576416016,140.9730682373047,True,10,0.0001,0.1,0.9
920,33.65437183259496,0.9397257759828809,313.3158874511719,9.603276252746582,0.18539325937707488,1082.6998291015625,868.5994873046875,True,10,0.0001,0.0215443469003188,0.9
921,30.091168470399452,0.9259640989069211,172.662353515625,3.4017140865325928,0.4689106020802902,373.6561584472656,487.9437561035156,True,10,0.0001,0.01,0.9
922,32.75835327123342,0.9700243623448599,423.8841857910156,2.82318115234375,0.18410653905291335,789.46875,894.6576538085938,True,10,0.0001,0.1,0.9
923,33.57088974340301,0.9781374054335219,278.73876953125,4.215415954589844,0.2172991187011271,836.888427734375,800.055419921875,True,10,0.0001,0.0464158883361277,0.9
924,30.98975219683902,0.9507234727019989,144.0981903076172,2.3860511779785156,0.21458732835141034,583.0078735351562,425.7882995605469,True,10,0.0001,0.2154434690031882,0.9
925,35.062548068938085,0.9739082153921157,0.1713140606880188,0.1231231689453125,0.16294302835882737,30.594303131103516,23.44683837890625,True,10,0.0001,0.2154434690031882,0.9
926,34.191707579617955,0.9823249904025573,27.576576232910156,1.9025570154190063,0.2785477155324498,299.8693542480469,269.40869140625,True,10,0.0001,0.0464158883361277,0.9
927,31.793275145968313,0.951255527066434,194.2890167236328,4.388115406036377,0.21691784890238927,712.10693359375,542.0925903320312,True,10,0.0001,0.1,0.9
928,30.759769989518585,0.9719957487871034,334.1346435546875,2.774420976638794,0.26424546738081567,587.228271484375,633.8447265625,True,10,0.0001,0.01,0.9
929,25.264510624589384,0.9382802644750282,198.99270629882812,2.3244502544403076,0.30884304802502527,309.9891662597656,258.6297912597656,True,10,0.0001,0.1,0.9
930,28.33043558043436,0.965446915942695,28.738750457763672,0.9874479174613953,0.222604210370903,163.9127960205078,140.2167205810547,True,10,0.0001,0.0215443469003188,0.9
931,26.688167462009517,0.9435913236023641,1476.7728271484375,6.329338550567627,0.2184598626426369,840.2626342773438,835.0953369140625,True,10,0.0001,0.0215443469003188,0.9
932,27.8385761982264,0.9640058628038356,1588.7781982421875,5.653379917144775,0.2533489146504887,1010.0764770507812,984.4177856445312,True,10,0.0001,0.0215443469003188,0.9
933,27.99949535106352,0.8571684620558289,407.8634338378906,1.329991102218628,0.7786790084006808,161.30502319335938,526.1644897460938,True,10,0.0001,0.0021544346900318,0.9
934,30.368188151941602,0.9415956767481608,25.35558319091797,0.8578892350196838,0.240529967140371,206.4046173095703,172.5076141357422,True,10,0.0001,0.0215443469003188,0.9
935,33.19198257698409,0.9741835733962133,35.50099182128906,1.8282934427261353,0.2312153045445152,291.2083740234375,273.0350341796875,True,10,0.0001,0.01,0.9
936,26.758361803818538,0.931889598235734,0.7781195640563965,0.15347495675086975,0.33180811231007323,18.159183502197266,19.372285842895508,True,10,0.0001,0.0215443469003188,0.9
937,33.427588616588274,0.9718103924433636,373.335693359375,6.388599395751953,0.20688387170125894,1109.0943603515625,914.384521484375,True,10,0.0001,0.0215443469003188,0.9
938,28.531877287162125,0.9482419780302712,19.72536849975586,1.054738163948059,0.27128376954587546,127.26456451416016,118.63333129882812,True,10,0.0001,0.0215443469003188,0.9
939,33.07528934708546,0.9684915197676796,161.56190490722656,2.5382039546966553,0.2692210823546751,543.3236083984375,576.93994140625,True,10,0.0001,0.0215443469003188,0.9
940,24.476964645557228,0.8965941379788359,266.53912353515625,1.8151986598968506,0.33891120697062826,223.9219207763672,274.7811584472656,True,10,0.0001,0.0464158883361277,0.9
941,25.87213317600414,0.9132828164231311,632.2054443359375,2.973011016845703,0.37959869337712976,394.5774841308594,554.6238403320312,True,10,0.0001,0.0021544346900318,0.9
942,28.85738107916575,0.9540475700089037,536.66259765625,4.4434814453125,0.20177717771718712,626.4287109375,651.7689819335938,True,10,0.0001,0.01,0.9
943,33.306894985979945,0.9450212248261745,303.9828796386719,5.617803573608398,0.19131221110271798,1309.289306640625,829.9120483398438,True,10,0.0001,0.0046415888336127,0.9
944,30.602542474865256,0.9661901912914341,35.40472412109375,1.1145433187484741,0.35619776148699417,193.56634521484375,207.21484375,True,10,0.0001,0.0046415888336127,0.9
945,21.662523701026704,0.8408630045989667,0.970447838306427,0.047768134623765945,0.5872401156485665,5.950869560241699,11.984832763671875,True,10,0.0001,0.0046415888336127,0.9
946,24.340767343809674,0.8631798335489451,68.9925765991211,0.7726713418960571,0.09809247462202177,328.6823425292969,137.74874877929688,True,10,0.0001,0.4641588833612777,0.9
947,23.363988022719905,0.8974191515472628,3491.10400390625,4.6069231033325195,0.40004829927671015,727.7572021484375,900.11865234375,True,10,0.0001,0.0021544346900318,0.9
948,23.020462289030053,0.8947253227349221,3792.328125,5.325249195098877,0.4298815273438545,680.1246337890625,874.0161743164062,True,10,0.0001,0.0464158883361277,0.9
949,32.505492604775945,0.9654275023362093,200.2926025390625,2.193960428237915,0.2463582167692012,588.5081176757812,597.815673828125,True,10,0.0001,0.1,0.9
950,21.710996239683208,0.8723526361191278,2408.56591796875,1.5927424430847168,0.367996300002283,483.89361572265625,600.9163208007812,True,10,0.0001,0.01,0.9
951,29.624982449995493,0.9619253130151022,482.1145935058594,2.8628878593444824,0.30936909569819293,605.901123046875,665.3716430664062,True,10,0.0001,0.0464158883361277,0.9
952,35.41653748192962,0.9626442678695616,7.574892044067383,1.3759050369262695,0.2652448299628184,180.81166076660156,176.19590759277344,True,10,0.0001,0.01,0.9
953,35.79393225961412,0.9591249338782731,214.00621032714844,4.633399963378906,0.22948956704535617,1098.4913330078125,914.49755859375,True,10,0.0001,0.0215443469003188,0.9
954,19.92054604776032,0.7996079097183113,1771.16943359375,5.262611389160156,0.1867862383357888,822.0157470703125,419.35174560546875,True,10,0.0001,0.0215443469003188,0.9
955,33.16841000439905,0.9653006140584793,70.1063003540039,1.302321434020996,0.3863830742214301,302.90435791015625,383.7554016113281,True,10,0.0001,0.0021544346900318,0.9
956,32.75084392366296,0.9789119549979859,142.9794158935547,1.987363338470459,0.2201549607079042,472.069091796875,519.3988037109375,True,10,0.0001,0.1,0.9
957,33.37059063127613,0.9765848720405862,1.0566651821136475,0.1691049039363861,0.2535331491649042,49.65618133544922,47.919002532958984,True,10,0.0001,0.1,0.9
958,30.328089300162105,0.9654972708415935,24.774751663208008,1.0292335748672485,0.25188609652278166,183.80398559570312,167.11708068847656,True,10,0.0001,0.01,0.9
959,30.889181397676065,0.9633487422553625,441.3905334472656,3.1226563453674316,0.2454898013590577,652.2625122070312,738.2955932617188,True,10,0.0001,0.0215443469003188,0.9
960,31.40063801404711,0.9515855400539527,3.8892862796783447,0.38477805256843567,0.3030735796619713,62.73515701293945,83.71586608886719,True,10,0.0001,0.0464158883361277,0.9
961,22.973218708314462,0.8829124662995106,1800.3365478515625,2.1466128826141357,0.23330953077330974,641.6976928710938,603.5489501953125,True,10,0.0001,0.2154434690031882,0.9
962,36.08996532376817,0.9785381798220124,14.883766174316406,1.0274122953414917,0.3093730264743119,253.93936157226562,246.103759765625,True,10,0.0001,0.0464158883361277,0.9
963,34.504464027892666,0.9725892627448366,52.55713653564453,2.4678308963775635,0.20443738205668843,510.02435302734375,389.90631103515625,True,10,0.0001,0.0464158883361277,0.9
964,29.708688534112056,0.9239409006299486,38.97618865966797,1.6304978132247925,0.4835141356076717,136.8336639404297,289.405029296875,True,10,0.0001,0.0464158883361277,0.9
965,24.432934213868037,0.894871191836709,450.802734375,1.4472200870513916,0.4360378982966709,251.8046875,356.3170471191406,True,10,0.0001,0.0046415888336127,0.9
966,39.23807017582622,0.9820899288597736,61.59585952758789,4.2751078605651855,0.2968146496794088,751.8895874023438,719.3268432617188,True,10,0.0001,0.0215443469003188,0.9
967,26.313075772960822,0.974099663942591,204.05442810058594,3.2563912868499756,0.26592569510843994,321.7236328125,297.8245849609375,True,10,0.0001,0.01,0.9
968,27.9902436554246,0.9554401485112921,510.09991455078125,3.7089953422546387,0.39550930178307353,495.4169616699219,566.8382568359375,True,10,0.0001,0.0464158883361277,0.9
969,33.607589790854455,0.977225952380951,98.66116333007812,3.675605535507202,0.22425624365040317,541.2407836914062,476.5743408203125,True,10,0.0001,0.0464158883361277,0.9
970,26.82587941394305,0.9471503370609692,915.3009643554688,9.014143943786621,0.25617701114417546,902.1986694335938,664.0075073242188,True,10,0.0001,0.0464158883361277,0.9
971,31.03296980117645,0.9594230329150755,691.1539916992188,7.137059688568115,0.22919913602616637,955.2008666992188,936.8928833007812,True,10,0.0001,0.0464158883361277,0.9
972,25.23658860190412,0.9473655872715885,1606.5137939453125,4.071044921875,0.22793844182620487,709.2919921875,732.8395385742188,True,10,0.0001,0.01,0.9
973,33.43477320140276,0.9822336643380646,20.602510452270508,0.5010181069374084,0.39182145898456083,181.38865661621094,215.72543334960938,True,10,0.0001,0.0021544346900318,0.9
974,36.17725543882946,0.9779293106098047,0.24909061193466187,0.13925541937351227,0.46821549553669334,30.631290435791016,32.15195083618164,True,10,0.0001,0.0215443469003188,0.9
975,32.15142414595269,0.9635889875568965,42.10796356201172,1.902337908744812,0.2724887743633961,262.4430847167969,263.00177001953125,True,10,0.0001,0.0464158883361277,0.9
976,33.783622007898344,0.972580373894627,148.18922424316406,3.3781681060791016,0.23178940969291062,870.8732299804688,595.4828491210938,True,10,0.0001,0.1,0.9
977,33.8780868716705,0.9614574671314474,1.1227318048477173,0.4524019956588745,0.3313112041094851,52.45596694946289,52.374385833740234,True,10,0.0001,0.1,0.9
978,31.174925966006345,0.9329401195940482,188.03753662109375,3.376788377761841,0.21728987500264765,763.6148071289062,496.869873046875,True,10,0.0001,0.1,0.9
979,28.682714385256467,0.9482605953088609,482.61553955078125,3.4527735710144043,0.30782192116090107,646.6471557617188,597.2460327148438,True,10,0.0001,0.1,0.9
980,41.46037959584139,0.9743878948891495,7.533145427703857,1.6790709495544434,0.2397839365344656,346.05242919921875,334.9096374511719,True,10,0.0001,0.01,0.9
981,27.929222335389518,0.965953529373165,926.5897216796875,5.794248104095459,0.22893174375291309,960.125244140625,771.1412963867188,True,10,0.0001,0.001,0.9
982,33.59737485089073,0.9550458106786105,4.947356224060059,0.517595648765564,0.1673735147391148,121.16920471191406,107.49165344238281,True,10,0.0001,0.0215443469003188,0.9
983,34.80520569967158,0.9758362412083629,1.9129638671875,0.44156789779663086,0.18713000048386955,85.45964050292969,76.0626449584961,True,10,0.0001,0.1,0.9
984,28.175549691042214,0.9599670378070313,803.2157592773438,6.29023551940918,0.22733317668584815,780.306640625,728.4605712890625,True,10,0.0001,0.01,0.9
985,22.183604293376234,0.861553428291297,1479.4964599609375,1.2663614749908447,0.3976262552981839,339.2572326660156,495.9958190917969,True,10,0.0001,0.0046415888336127,0.9
986,22.58250369755054,0.8979488406772461,2609.656005859375,0.9490076899528503,0.474229070826085,400.29400634765625,688.7139892578125,True,10,0.0001,0.0046415888336127,0.9
987,22.7283721956252,0.8747960997070691,1010.1650390625,0.852951169013977,0.4033359700574102,291.8589782714844,435.39251708984375,True,10,0.0001,0.0215443469003188,0.9
988,25.878859754564417,0.9283104145090154,150.62713623046875,1.3120061159133911,0.33379625469976776,176.62109375,247.15562438964844,True,10,0.0001,0.01,0.9
989,25.189213231889717,0.9165425694617755,2031.2298583984375,2.5595033168792725,0.28886540859430376,670.3616333007812,819.283203125,True,10,0.0001,0.0464158883361277,0.9
990,22.948461710190248,0.9283164148458007,3219.13525390625,8.331151008605957,0.27055566887760274,783.0632934570312,799.616455078125,True,10,0.0001,0.0215443469003188,0.9
991,38.09249459317652,0.9717716918825734,66.92916870117188,4.215068340301514,0.43775860319253257,663.979248046875,695.0017700195312,True,10,0.0001,0.0021544346900318,0.9
992,40.20849071512341,0.9645734990267438,7.065245151519775,0.9945352673530579,0.3043550210016185,249.69810485839844,272.87298583984375,True,10,0.0001,0.0215443469003188,0.9
993,34.653198241177876,0.9876759022135976,119.423828125,1.7911618947982788,0.21950170596414392,528.684326171875,590.6404418945312,True,10,0.0001,0.2154434690031882,0.9
994,34.44151145626221,0.9582494205196452,46.76483154296875,2.6872758865356445,0.23583359983069668,402.0382385253906,361.6129150390625,True,10,0.0001,0.0464158883361277,0.9
995,27.3638692913279,0.9228757858625808,15.374500274658203,0.6934855580329895,0.3408087685155217,88.56224822998047,92.49049377441406,True,10,0.0001,0.0046415888336127,0.9
996,30.77273876625941,0.9494688244396196,694.1864013671875,8.629193305969238,0.34595982847654444,908.1358642578125,917.396240234375,True,10,0.0001,0.0046415888336127,0.9
997,29.676232799534525,0.97808597104622,20.3757266998291,0.7622438073158264,0.4507126947710655,130.90390014648438,137.6818084716797,True,10,0.0001,0.01,0.9
998,22.645766803960385,0.9235515714242432,4900.4658203125,7.611481189727783,0.3746068269012309,874.4326782226562,950.287109375,True,10,0.0001,0.01,0.9
999,37.89666891124443,0.9690246000516894,32.27970886230469,2.108074188232422,0.31616540527947207,464.22802734375,446.55975341796875,True,10,0.0001,0.0464158883361277,0.9
